# Fix print output for fix defprint
0 0.137639906761611 0.136628870608106 -0.268451309895477 140.747132766923 1918808.44981753 -522002.602611664
-5e-05 -0.127740163962845 -0.127206122154607 -0.435134622458708 140.740095410285 1914576.87991232 -522030.998532931
-0.0001 0.100171491028158 0.100446457110867 -0.305888085847898 140.733058053646 1918048.98793327 -522032.194736836
-0.00015 -0.0757540075846273 -0.0801308533564021 -0.422325021153402 140.726020697008 1915210.72974349 -522044.503809968
-0.0002 0.0599162905689014 0.0614816793065494 -0.343525720969016 140.71898334037 1917353.0083155 -522035.362367645
-0.00025 -0.0518365401455954 -0.0501587019583979 -0.416768248323862 140.711945983731 1915637.31167399 -522016.033424919
-0.0003 0.045163391127001 0.0373344281786519 -0.364115360802886 140.704908627093 1917029.72486622 -522025.525182795
-0.00035 -0.0327241291219429 -0.0339491386584517 -0.422440090009182 140.697871270455 1915784.40082714 -522029.585210297
-0.0004 0.028120557227046 0.0294176601991473 -0.391010244701711 140.690833913816 1916656.02253446 -522044.999211542
-0.00045 -0.0281219728516595 -0.0241418107446091 -0.430236395279294 140.683796557178 1915775.78005366 -522040.611640015
-0.0005 0.0187264750630885 0.0157677619661962 -0.410464236691749 140.67675920054 1916488.1983752 -522016.637090293
-0.00055 -0.0101778807796761 -0.012746691132612 -0.43167644445741 140.669721843901 1916003.01011312 -522031.432713335
-0.0006 0.00913100571290099 0.00846867962467603 -0.428472460495175 140.662684487263 1916306.23551004 -522020.893808958
-0.00065 -0.00684775012346478 -0.00928448690107467 -0.443365228287737 140.655647130625 1915946.94365108 -522043.409368769
-0.0007 0.00491170545610142 0.000648465820042924 -0.442372106272023 140.648609773986 1916070.39065688 -522042.797580225
-0.00075 -0.00260349261500206 -0.000592600392749122 -0.451927306497609 140.641572417348 1915964.69911258 -522045.10992377
-0.0008 0.000684523449544107 0.00313811197181361 -0.458463573913411 140.63453506071 1915968.91910438 -522047.30762716
-0.00085 0.00746091277530185 0.00107153588779005 -0.46715799008278 140.627497704071 1915978.76971396 -522042.337275448
-0.0009 -0.00246198428492772 -0.00373533331733837 -0.477362383536844 140.620460347433 1915840.22408394 -522044.294795207
-0.00095 0.007410241372265 0.00498804258192385 -0.477009772758241 140.613422990795 1915976.67000678 -522029.909812029
-0.001 -0.0124664627305178 -0.00373759367444882 -0.492461575325019 140.606385634156 1915703.82134874 -522033.69531564
-0.00105 0.0120990265995923 0.0028780703378729 -0.492344266909063 140.599348277518 1915875.20984462 -522039.028625602
-0.0011 -0.0114389922232205 -0.00882831785793032 -0.508913017317764 140.59231092088 1915509.12091667 -522052.48229499
-0.00115 0.0120011094660204 0.0122529532671239 -0.500484821561234 140.585273564241 1915898.77827461 -522043.100220496
-0.0012 -0.0148269826562942 -0.00807914659877371 -0.517378502881446 140.578236207603 1915541.13958046 -522038.556158281
-0.00125 0.0213217133631053 0.00294824510976631 -0.510725329073656 140.571198850965 1915860.25705057 -522037.050178086
-0.0013 -0.0196459730058321 -0.0121563721991126 -0.544838358539056 140.564161494326 1915343.21651343 -522026.393315619
-0.00135 0.0164471531986294 0.0134079378744904 -0.527704929765286 140.557124137688 1915738.87265109 -522052.761467098
-0.0014 -0.0137064996327538 -0.0201274394644677 -0.550052916913688 140.550086781049 1915203.62243894 -522049.194487628
-0.00145 0.0159452421745164 0.0177714569373507 -0.536676660110422 140.543049424411 1915735.35158576 -522038.224987563
-0.0015 -0.0252883559087084 -0.00681286510314033 -0.56686288120135 140.536012067773 1915191.53348058 -522029.049330022
-0.00155 0.0272582098548539 0.0108573030626538 -0.55918565807849 140.528974711134 1915694.42026338 -522016.12277949
-0.0016 -0.0266781547501866 -0.0178931156537533 -0.587673622144715 140.521937354496 1915034.72318141 -522018.26186141
-0.00165 0.0145159581400592 0.028898612352143 -0.562336795782893 140.514899997858 1915661.49873048 -522040.919443468
-0.0017 -0.0147801293016804 -0.026034568456301 -0.59328407131049 140.507862641219 1914947.26649014 -522048.039434949
-0.00175 0.0278394479206213 0.0197248382813433 -0.573103347255033 140.500825284581 1915598.14785049 -522045.222150304
-0.0018 -0.0341518268668767 -0.00895224892803213 -0.61184185750494 140.493787927943 1914889.39044767 -522040.676190478
-0.00185 0.0267995746900572 0.0179648032442705 -0.595516088867678 140.486750571304 1915546.64389358 -522031.131175706
-0.0019 -0.0121875456201515 -0.0281288234816057 -0.624928726445989 140.479713214666 1914817.41622876 -522038.067319119
-0.00195 0.00919816970545653 0.0300315745318373 -0.60469885737337 140.472675858028 1915414.15380507 -522038.996113838
-0.002 -0.019131597380043 -0.0243497984103978 -0.63846822167059 140.465638501389 1914697.38639535 -522039.145310494
-0.00205 0.0299340469913546 0.0105103144472685 -0.621182500738869 140.458601144751 1915348.40562557 -522032.806431709
-0.0021 -0.026419236109004 -0.00870155808663557 -0.647878189480965 140.451563788113 1914745.44177402 -522033.828022516
-0.00215 0.0152331543324812 0.0200833942978948 -0.637627341207039 140.444526431474 1915285.77074068 -522016.829377924
-0.0022 0.000866585468631804 -0.0369791062046377 -0.663031268392385 140.437489074836 1914666.06335331 -522020.575676868
-0.00225 4.8841222248193e-05 0.0255305903384048 -0.649551023500295 140.430451718198 1915093.52623124 -522027.794415857
-0.0023 -0.0134608359763942 -0.00961103969253835 -0.674978504295647 140.423414361559 1914646.20937332 -522029.890558368
-0.00235 0.0181309847385161 -0.00198852263712366 -0.67093278255743 140.416377004921 1914899.30364727 -522034.943510432
-0.0024 -0.000558222280972145 -0.00581942310472574 -0.68733715706209 140.409339648283 1914735.51220383 -522023.091308419
-0.00245 -0.0171803606209564 0.0198861080410085 -0.690361423900981 140.402302291644 1914766.54967533 -522021.967145606
-0.0025 0.0235289570392224 -0.0147607130132158 -0.690523626014831 140.395264935006 1914756.32145402 -522033.199293251
-0.00255 -0.0122516977887117 -0.00380708700127363 -0.704585693112564 140.388227578368 1914554.71727437 -522017.60309935
-0.0026 -0.00343650001546977 0.0187582155501446 -0.705749823421785 140.381190221729 1914731.90257432 -522020.604516663
-0.00265 -0.00859521454665105 -0.0148548638730788 -0.725076296385803 140.374152865091 1914389.39306987 -522026.06105907
-0.0027 0.0183132187343507 0.000320230129231791 -0.716104101436466 140.367115508452 1914719.04361337 -522021.714857414
-0.00275 -0.0327876152220682 0.0099166086597861 -0.73824219904052 140.360078151814 1914358.78562686 -522021.087891584
-0.0028 0.0270287937304289 0.00597173564232372 -0.728346981608966 140.353040795176 1914773.39462362 -522018.53765861
-0.00285 -0.0122231881728943 -0.0210933489832467 -0.753005939810484 140.346003438537 1914197.08949588 -522029.748781552
-0.0029 0.00767178958664545 0.023256414050081 -0.742714420169039 140.338966081899 1914606.00217667 -522035.780767957
-0.00295 -0.0198958810160812 -0.0107897670328918 -0.768397501722122 140.331928725261 1914098.58556569 -522034.99729435
-0.003 0.0238103245472904 0.00337355606427809 -0.755566015270836 140.324891368622 1914555.69144361 -522026.472608639
-0.00305 -0.0208171587025089 -0.00826775518042137 -0.781238640491206 140.317854011984 1914053.00527549 -522028.662311639
-0.0031 0.0130257699562383 0.016381186861822 -0.770389465403047 140.310816655346 1914526.02030117 -522016.90064475
-0.00315 -0.00517195681874431 -0.0235707135054023 -0.796300572889322 140.303779298707 1914007.64329253 -522024.149229687
-0.0032 0.00738784988240804 0.0220599362048376 -0.782967266525574 140.296741942069 1914346.92356859 -522045.536601678
-0.00325 -0.01154604740592 -0.00767567222401363 -0.804984446307902 140.289704585431 1913937.95540392 -522040.485862104
-0.0033 0.0237538035329523 0.00555612204081224 -0.793723454128631 140.282667228792 1914321.79584101 -522032.554869736
-0.00335 -0.0160463087060195 -0.0125792679344731 -0.820159387415393 140.275629872154 1913883.42786637 -522020.080968214
-0.0034 0.00517501133760111 0.0238584959137611 -0.81120671791799 140.268592515516 1914260.3410027 -522028.672852403
-0.00345 -0.00030571439332549 -0.0231399410184565 -0.830823386749917 140.261555158877 1913786.73929777 -522039.967907038
-0.0035 0.0121332624350711 0.0157464608037878 -0.822008300398634 140.254517802239 1914131.56848213 -522041.509777142
-0.00355 -0.0230829419326212 -0.00427327654444919 -0.848974756705359 140.247480445601 1913666.39084502 -522032.751816587
-0.0036 0.0243018929228512 0.0118005948470941 -0.835638621367434 140.240443088962 1914146.7302027 -522033.908930159
-0.00365 -0.00472333569568519 -0.0217698813574859 -0.85941433139337 140.233405732324 1913654.824316 -522024.106154843
-0.0037 0.00519440096735645 0.025619325687316 -0.846874148519127 140.226368375686 1914060.73369029 -522029.292010276
-0.00375 -0.00890625481947683 -0.0243025609644351 -0.872658356465482 140.219331019047 1913482.85913354 -522040.900402722
-0.0038 0.0215151800067484 0.0115789057421132 -0.860784763037322 140.212293662409 1913950.81265321 -522037.225883372
-0.00385 -0.0254791872320785 -0.00573111540727536 -0.886379505052791 140.205256305771 1913444.22195818 -522035.246006154
-0.0039 0.0162274303068182 0.0151946343666541 -0.87509389637606 140.198218949132 1913881.87697554 -522037.18888137
-0.00395 0.000398152280251975 -0.0271737265565203 -0.905477032794885 140.191181592494 1913408.85271084 -522013.888553872
-0.004 0.00327389600576322 0.0242266187839727 -0.89624870422706 140.184144235855 1913802.86942276 -522003.967591643
-0.00405 -0.016182897705974 -0.00898165405288587 -0.916913094031965 140.177106879217 1913326.35367094 -522019.228974894
-0.0041 0.0258556304491298 -0.00559558069081413 -0.907716680935026 140.170069522579 1913630.93162256 -522018.9042388
-0.00415 -0.0204208672727219 0.000189326144258303 -0.923615747392203 140.16303216594 1913289.70387958 -522029.952801473
-0.0042 -8.73577552181666e-06 0.0186981344298167 -0.919649897419008 140.155994809302 1913610.62966885 -522017.392805574
-0.00425 0.00487083422603759 -0.0211933083824734 -0.9381854110225 140.148957452664 1913291.14759724 -522017.308253232
-0.0043 0.00890289101274045 0.00224665004416456 -0.943038060648747 140.141920096025 1913443.30181909 -522009.573615556
-0.00435 -0.0318595149891539 0.0248158835848521 -0.952839407374695 140.134882739387 1913256.86670004 -522025.46680445
-0.0044 0.0248136685533238 -0.0203990441637798 -0.954530736525987 140.127845382749 1913293.03020761 -522026.524778573
-0.00445 0.00241832242066774 -0.00053764742750756 -0.958188301441906 140.12080802611 1913241.71833346 -522025.913311508
-0.0045 -0.0200864340303464 0.0134641322289471 -0.969710284838001 140.113770669472 1913174.31951637 -522015.429818616
-0.00455 0.0126000904999911 0.00307015432157137 -0.969454630485518 140.106733312834 1913304.80257667 -522029.465394565
-0.0046 0.0124407725335625 -0.0297031873076387 -0.99036784688184 140.099695956195 1913026.86330838 -522016.443650584
-0.00465 -0.00946801317265833 0.0369490156072728 -0.981962790124796 140.092658599557 1913293.67189444 -522025.878875309
-0.0047 -0.0088140361401149 -0.0194818461018508 -1.00258401314802 140.085621242919 1912826.85678716 -522024.522951225
-0.00475 0.0234213005314225 0.00224254036046134 -0.993889987115954 140.07858388628 1913223.75053764 -522015.121034496
-0.0048 -0.022555501466435 -0.00240617435409896 -1.01411663439901 140.071546529642 1912780.78117003 -522034.275029816
-0.00485 0.0094464243306914 0.0167387874293745 -1.0066697885678 140.064509173004 1913179.51534163 -522018.258503655
-0.0049 -0.000536851052143966 -0.0294497780360899 -1.03121333469617 140.057471816365 1912716.97656639 -522018.453549064
-0.00495 0.000440810186336067 0.0244949309987463 -1.02274864053011 140.050434459727 1913075.9789345 -522019.577146377
-0.005 -0.0152628931176347 -0.00912206336062749 -1.04292145421322 140.043397103089 1912648.65157448 -522027.707292658
-0.00505 0.0170626846398349 0.00156641529177319 -1.03645988303233 140.03635974645 1913005.54375767 -522011.842306791
-0.0051 -0.0190061817056441 -0.00765463785019351 -1.05404517031763 140.029322389812 1912612.16267604 -522016.907250672
-0.00515 0.00772369829194784 0.012938300059691 -1.04816338633616 140.022285033174 1912883.30423779 -522027.142106639
-0.0052 -0.00671313089374017 -0.0171752582309149 -1.06978487453118 140.015247676535 1912493.15647477 -522033.263467364
-0.00525 0.0124860477508835 0.00962514015346213 -1.06281555140429 140.008210319897 1912808.4411446 -522033.464901479
-0.0053 -0.016316986489483 0.000973888498477837 -1.08123139365636 140.001172963258 1912551.28255183 -522010.613253607
-0.00535 0.0151314808950668 -0.00137967731989324 -1.0817718964271 139.99413560662 1912735.51147757 -522003.722911608
-0.0054 -0.00971186595159003 -0.000698680130289025 -1.09674920360817 139.987098249982 1912444.79362537 -522021.971594175
-0.00545 0.00627620078325672 0.00568543207363455 -1.09343990847502 139.980060893343 1912594.71181734 -522022.072151134
-0.0055 -0.00782681737254561 -0.00596333390443157 -1.10513791187427 139.973023536705 1912404.61866428 -522018.542211766
-0.00555 0.0108545066572418 0.000595101652664995 -1.10416673004126 139.965986180067 1912588.18877366 -522015.376404731
-0.0056 -0.0137652647643059 0.00213008515787496 -1.12288456812495 139.958948823428 1912340.30156061 -522012.202106096
-0.00565 0.00861850492629253 0.00368580179311453 -1.12314297598659 139.95191146679 1912484.23486742 -522010.390908041
-0.0057 -0.00637229387598006 -0.00348353892978616 -1.13756912995739 139.944874110152 1912238.02018584 -522014.312123409
-0.00575 0.00547494239131979 0.00633702443637851 -1.1323714275586 139.937836753513 1912365.98050252 -522024.642628635
-0.0058 -0.0110332389325592 -0.00465641992048785 -1.14602447261125 139.930799396875 1912164.9080966 -522012.824927481
-0.00585 0.00843737399014133 -0.000311757970930988 -1.14511703960985 139.923762040237 1912334.14348474 -522011.622503084
-0.0059 -0.0091434833902413 -0.00163847912793145 -1.16302748725678 139.916724683598 1912187.63474256 -522000.446602877
-0.00595 0.00402735517278967 0.00343217967333524 -1.16193943535562 139.90968732696 1912259.53521296 -522008.487862454
-0.006 -0.00293929320639193 -0.00583896161827665 -1.17518053546237 139.902649970322 1912063.45050176 -522012.764257863
-0.00605 0.00449718443262265 -0.000666057672337232 -1.17859237679371 139.895612613683 1912118.64519464 -522012.701038833
-0.0061 -0.00971309338871563 0.00142442507623773 -1.18509267625945 139.888575257045 1911999.17803248 -522016.326698625
-0.00615 0.00491210496275373 -0.00454507820228032 -1.19081193103999 139.881537900407 1912056.65897012 -522004.353481134
-0.0062 -0.00410355335902633 6.41689466514227e-05 -1.20238624827991 139.874500543768 1912008.36421503 -521995.577669838
-0.00625 -0.00083759706350876 0.00703859394673011 -1.21156195853969 139.86746318713 1912042.57287553 -521989.380075888
-0.0063 -0.000750076643749517 -0.00292160798711728 -1.22010817512391 139.860425830492 1911869.27289024 -522005.098387966
-0.00635 0.00564568694733034 -0.00312727828556012 -1.22196586131336 139.853388473853 1911902.61677295 -521997.03006513
-0.0064 -0.00616160090683081 0.00765402657331989 -1.22390005477211 139.846351117215 1911831.09286686 -522023.711642047
-0.00645 0.00450546672648805 -0.00191333418484858 -1.23300970919535 139.839313760577 1911812.80372635 -522018.521355921
-0.0065 0.00624318417970839 -0.00470019814292664 -1.24455950684339 139.832276403938 1911780.44018051 -521991.816085015
-0.00655 -0.00597859088014635 0.00432666352463693 -1.2516827554278 139.8252390473 1911744.63527284 -521989.52917931
-0.0066 -0.000576524877359272 0.00775419721933553 -1.25308413826381 139.818201690661 1911786.35302026 -521992.65468195
-0.00665 0.00175430909483139 -0.013878457960639 -1.26331757165709 139.811164334023 1911561.93332824 -522007.324143003
-0.0067 0.00353080679592747 0.0105929410064656 -1.26457184945445 139.804126977385 1911693.24564372 -522006.745912774
-0.00675 -0.0152970815263811 -0.00555434049804421 -1.28667936821513 139.797089620746 1911416.15632435 -521989.738208342
-0.0068 0.0241659389307003 -0.00136372774345576 -1.27495894651072 139.790052264108 1911713.56746155 -522003.869150622
-0.00685 -0.0182416444193352 -0.00673717085076628 -1.29490016245666 139.78301490747 1911349.01789508 -521995.433332539
-0.0069 0.00657511353837682 0.0257372357173433 -1.28547645803975 139.775977550831 1911759.4077979 -521987.354036777
-0.00695 -0.00711511757740277 -0.0268771935926449 -1.31607383509421 139.768940194193 1911119.93460314 -522004.36021562
-0.007 0.0285872889535494 0.0164659447303547 -1.29576682601626 139.761902837555 1911695.58162304 -522015.482495341
-0.00705 -0.0434980569047505 -0.00352078541023509 -1.33207862324371 139.754865480916 1910963.17297087 -522005.400024603
-0.0071 0.0405452295118669 0.0108094039860203 -1.3073136430331 139.747828124278 1911731.87653039 -522000.541108646
-0.00715 -0.0204017870330347 -0.0238841047333999 -1.3481755822807 139.74079076764 1910946.24773825 -521999.861973851
-0.0072 0.0124460636271705 0.0372829317940945 -1.32831297537213 139.733753411001 1911660.36998776 -521986.609144081
-0.00725 -0.0248686788296809 -0.0303357912376225 -1.36459688716423 139.726716054363 1910777.87532455 -522000.139961574
-0.0073 0.0377230309047813 0.0164801978281099 -1.33248960587734 139.719678697725 1911594.93699246 -522005.110502368
-0.00735 -0.0401316503701315 -0.0162659681226383 -1.37286283993864 139.712641341086 1910691.92000694 -522006.594215502
-0.0074 0.0314297893128048 0.025695274063587 -1.34436417883013 139.705603984448 1911568.95980268 -522003.310500908
-0.00745 -0.0192034160713268 -0.0402604293123803 -1.39204703999311 139.69856662781 1910684.09676983 -521973.875670456
-0.0075 0.0205886008360555 0.0358983362831574 -1.3598609969382 139.691529271171 1911511.17909738 -521988.123257081
-0.00755 -0.0338995678084578 -0.0231594608218158 -1.40545104228963 139.684491914533 1910559.19598089 -521991.532642944
-0.0076 0.0404313640126004 0.0175337876868418 -1.37724418950349 139.677454557895 1911385.80010363 -521998.624055007
-0.00765 -0.026548592859321 -0.0247676405950068 -1.41676320917558 139.670417201256 1910490.54646973 -522004.585191165
-0.0077 0.0128277128390578 0.0363566065803613 -1.39158877147923 139.663379844618 1911259.55937992 -521986.986313905
-0.00775 -0.0159033666719771 -0.034134669928627 -1.42810687102435 139.65634248798 1910525.5045125 -521970.246894985
-0.0078 0.0214655005210177 0.0278400673144045 -1.402933178806 139.649305131341 1911248.17678126 -521982.345003045
-0.00785 -0.0270964386018148 -0.0184496740196909 -1.44015277284545 139.642267774703 1910477.93337939 -521979.934285144
-0.0079 0.0213238855928332 0.0152161974702048 -1.42032563420901 139.635230418064 1911039.6840547 -521990.722084732
-0.00795 -0.0202117465922934 -0.018306680421902 -1.45089518011471 139.628193061426 1910420.14116459 -521990.272628321
-0.008 0.0094831408966757 0.0161574497751674 -1.4391009140608 139.621155704788 1910867.65782766 -521988.400569368
-0.00805 -0.0154315672365493 -0.00984641591452652 -1.46184202361867 139.614118348149 1910464.54334983 -521978.177667156
-0.0081 0.0155279137060666 0.00414881014265282 -1.45553736309129 139.607080991511 1910809.65510999 -521979.314517343
-0.00815 -0.0094729850671646 -0.00260598118409416 -1.47417265914493 139.600043634873 1910489.28918221 -521978.470077681
-0.0082 0.00322799864747763 0.0122207369023815 -1.47269039677587 139.593006278234 1910606.25372073 -521991.47983134
-0.00825 -0.000913133725328809 -0.0102194515661425 -1.48716056515412 139.585968921596 1910379.58366105 -521989.890169434
-0.0083 0.00104152548077878 0.00356001533616791 -1.48981339655327 139.578931564958 1910489.03257129 -521979.796921849
-0.00835 -0.0114002625185694 -0.000325271755680666 -1.49650692053716 139.571894208319 1910392.81639187 -521978.927421878
-0.0084 0.00539082507578694 0.00128863887709209 -1.50031122627397 139.564856851681 1910479.12879748 -521979.309926938
-0.00845 0.000486698752245472 0.000593171615299448 -1.5095894470525 139.557819495043 1910448.04592407 -521966.608874631
-0.0085 0.0013331959607479 0.00012608651803201 -1.51819479302979 139.550782138404 1910387.18639494 -521976.536518271
-0.00855 -0.00538973763400668 0.00479420339517091 -1.52525977801547 139.543744781766 1910279.17362902 -521986.682869235
-0.0086 0.00342738466616217 -0.00554812977869861 -1.53364732259755 139.536707425128 1910226.67289603 -521983.352060707
-0.00865 0.00321776084345516 0.0028731940919934 -1.53334317337027 139.529670068489 1910234.57720029 -521997.971572497
-0.0087 -0.000981134718916211 0.00218724563281322 -1.54308566423073 139.522632711851 1910143.87556045 -522002.867215038
-0.00875 0.00734023249115087 -0.000897241829043626 -1.54924321498059 139.515595355213 1910225.2946449 -521977.757355397
-0.0088 -0.00287921058922178 0.0025226064025216 -1.56020274450893 139.508557998574 1910094.43785557 -521982.521822928
-0.00885 0.00561909782906576 0.00908866629437572 -1.56312276636332 139.501520641936 1910174.73895396 -521973.289490348
-0.0089 -0.00614905263779101 -0.0149570538179706 -1.57667855063969 139.494483285298 1909852.18115226 -521979.275579659
-0.00895 0.00949357599125806 0.00929198087608759 -1.57025548548725 139.487445928659 1910138.30229284 -521979.898297767
-0.009 -0.0189888847192201 -0.00427490880296403 -1.59293989435877 139.480408572021 1909769.29450592 -521978.405176689
-0.00905 0.0208160992705268 0.00725642660513049 -1.58540065743508 139.473371215383 1910155.34260356 -521967.969380566
-0.0091 -0.0133203229455016 -0.0184034210343446 -1.61093438665952 139.466333858744 1909667.83630302 -521972.303509269
-0.00915 0.00806348115118492 0.0246424096248538 -1.59698743985577 139.459296502106 1910111.91888533 -521975.789388172
-0.0092 -0.0158058885929317 -0.0178725531240702 -1.61904755122343 139.452259145467 1909504.71841829 -522007.006708071
-0.00925 0.0251785948715869 0.0153039172115531 -1.60413675045722 139.445221788829 1910089.7645867 -521988.295029386
-0.0093 -0.0286016476759518 -0.0198203723104711 -1.64381381970883 139.438184432191 1909389.80691238 -521970.565812293
-0.00935 0.022013164378346 0.0268902014330498 -1.61842919820521 139.431147075552 1910093.73966251 -521979.335704951
-0.0094 -0.0221916911400886 -0.0257370750406449 -1.66034211501501 139.424109718914 1909300.90041899 -521970.550937872
-0.00945 0.0256634852618786 0.0359716191509815 -1.62802168033323 139.417072362276 1910105.25331956 -521983.967520557
-0.0095 -0.0362976933071089 -0.0290631284316334 -1.67717483197856 139.410035005637 1909076.42613656 -521978.54106263
-0.00955 0.043586273627606 0.0278833531203533 -1.63341768326819 139.402997648999 1910063.46793715 -521999.496238015
-0.0096 -0.0409800873169151 -0.0397253464911758 -1.68837979982644 139.395960292361 1908911.20384376 -521981.666837828
-0.00965 0.0291576381066511 0.0466343506189404 -1.64721290800258 139.388922935722 1910147.35658035 -521956.897394676
-0.0097 -0.0332146710044338 -0.0518862989366401 -1.70892064673786 139.381885579084 1908809.68208103 -521968.043526277
-0.00975 0.0449691459479484 0.0420714980371469 -1.66050004251998 139.374848222446 1910127.30828375 -521966.127568323
-0.0098 -0.0559019363373224 -0.0314605119205222 -1.72148943764525 139.367810865807 1908699.58502723 -521984.316040696
-0.00985 0.0546554503218546 0.0345846454172761 -1.67038414673361 139.360773509169 1910041.5072563 -521979.584967075
-0.0099 -0.0392524238268525 -0.0444096310194503 -1.73545957071607 139.353736152531 1908610.22504641 -521989.163323427
-0.00995 0.0293613481624467 0.0506658831204831 -1.69386075086991 139.346698795892 1909894.70479334 -521965.787803273
-0.01 -0.0345687573104327 -0.0383262005563621 -1.7487938217445 139.339661439254 1908678.02903319 -521964.518217568
-0.01005 0.0442958952553069 0.0205444022466199 -1.70623691503268 139.332624082616 1909775.82133473 -521955.594709058
-0.0101 -0.0377686907859944 -0.0188379100480558 -1.75273336770582 139.325586725977 1908722.71418978 -521962.130544146
-0.01015 0.024730564811969 0.0224120666459234 -1.72766403245954 139.318549369339 1909504.60330627 -521964.534492657
-0.0102 -0.0118375969725595 -0.0300625162158596 -1.76262632956278 139.311512012701 1908682.74922321 -521992.902606143
-0.01025 0.00750454511267898 0.0226257932572948 -1.7459329348629 139.304474656062 1909296.74922558 -521969.296576339
-0.0103 -0.0150031484055213 -0.0129826628387113 -1.76919322683626 139.297437299424 1908865.27775994 -521953.137838546
-0.01035 0.014964527754031 0.00402632388949101 -1.76253742094098 139.290399942786 1909200.06324713 -521943.256625725
-0.0104 -0.0147228624005662 -0.00904092239459638 -1.78798192697787 139.283362586147 1908817.6845798 -521941.532392947
-0.01045 0.0018078761194899 0.0116579254012446 -1.7856068733961 139.276325229509 1908990.38351463 -521967.663003926
-0.0105 -0.000458475328728138 -0.00666303646915769 -1.79413252231844 139.26928787287 1908799.29784249 -521974.216222991
-0.01055 0.00439161435869158 0.000128085668049381 -1.79382888868749 139.262250516232 1908871.04909656 -521975.466361441
-0.0106 -0.0042154272615644 0.00515521047741217 -1.80405823103399 139.255213159594 1908849.50359837 -521957.461003724
-0.01065 -0.00128909439548259 -0.00268035524815285 -1.81348024691579 139.248175802955 1908757.57229757 -521956.620056126
-0.0107 0.00610822279967177 -0.00011242657519528 -1.81753595385947 139.241138446317 1908831.44919521 -521949.005280795
-0.01075 -0.00755541738055322 0.000138060629511824 -1.83425898526461 139.234101089679 1908647.15533522 -521949.652399349
-0.0108 0.0105008823667196 0.0131295231321113 -1.82935000881456 139.22706373304 1908817.57224682 -521964.691238345
-0.01085 -0.0043381137473176 -0.0101846755827711 -1.84677880774946 139.220026376402 1908452.15719691 -521974.757320772
-0.0109 0.00651298984872089 0.0147355488544557 -1.84031922357772 139.212989019764 1908751.99241923 -521958.826733464
-0.01095 -0.00996966947063346 -0.0129505480680546 -1.86231433160681 139.205951663125 1908400.09162178 -521949.253241693
-0.011 0.0177507359546306 0.0154975287577165 -1.85205686321905 139.198914306487 1908814.1759161 -521943.317567711
-0.01105 -0.0222528065325668 -0.015996657810749 -1.88056425350063 139.191876949849 1908252.71004563 -521937.25686639
-0.0111 0.0230504590673297 0.0127458190476141 -1.85949576707917 139.18483959321 1908746.88925445 -521950.124536096
-0.01115 -0.0201972179203894 -0.0258929004851074 -1.89381051121704 139.177802236572 1908093.07919223 -521944.023177693
-0.0112 0.0136007100051713 0.0264451650869408 -1.87255796164226 139.170764879934 1908709.64392402 -521951.796045505
-0.01125 -0.0241405401516179 -0.0252034181497772 -1.91487919251293 139.163727523295 1908021.40364643 -521934.37203907
-0.0113 0.0329323882989889 0.0189273493763588 -1.89110312731357 139.156690166657 1908759.6677363 -521923.80454536
-0.01135 -0.0338653455640991 -0.014812548024045 -1.92697589912691 139.149652810019 1907892.21577462 -521941.748424048
-0.0114 0.021284256210764 0.0304058987135256 -1.89679381555352 139.14261545338 1908696.83304638 -521936.451650105
-0.01145 -0.0108486944227933 -0.041563315782014 -1.93622454400404 139.135578096742 1907781.86092191 -521954.652441229
-0.0115 0.0163195062244648 0.0360624073395574 -1.91141605011835 139.128540740104 1908612.9282598 -521934.318778036
-0.01155 -0.0300595899726597 -0.0269736883769891 -1.95467616965143 139.121503383465 1907754.08999751 -521928.266309926
-0.0116 0.0365637393556466 0.01711868903795 -1.92812663754656 139.114466026827 1908581.84501238 -521923.717160438
-0.01165 -0.0225014739927719 -0.0287008682297232 -1.96861698311098 139.107428670189 1907665.97605664 -521933.835496461
-0.0117 0.0128354381686947 0.0400578465238167 -1.94091054319673 139.10039131355 1908461.30820939 -521934.94386506
-0.01175 -0.0136227259266675 -0.0410581983247748 -1.97962901301763 139.093353956912 1907587.54717446 -521942.933036741
-0.0118 0.0239258451909434 0.0301254226345547 -1.95027361895416 139.086316600273 1908417.88401988 -521942.752176227
-0.01185 -0.0340183755834224 -0.0205241130401277 -1.98918782418988 139.079279243635 1907567.42212553 -521943.925933043
-0.0119 0.0307269159360301 0.0227210405001269 -1.96417593165211 139.072241886997 1908381.44590486 -521924.874330666
-0.01195 -0.0165343969393395 -0.0346553092459882 -2.00973785627765 139.065204530358 1907535.25183974 -521915.279033453
-0.012 0.00796943515419028 0.0405035968202328 -1.98023092508072 139.05816717372 1908226.41544662 -521932.995145491
-0.01205 -0.022699761260836 -0.0245097730909954 -2.01839471020398 139.051129817082 1907446.27675502 -521927.387003382
-0.0121 0.0328845661136362 0.0109125364230522 -1.99482753633444 139.044092460443 1908105.25811225 -521942.238359311
-0.01215 -0.0255784546379763 -0.00940925672103162 -2.03235109350091 139.037055103805 1907432.01696028 -521931.419961389
-0.0122 0.0124788513179221 0.0210577830303736 -2.01500677950705 139.030017747167 1907986.89358928 -521924.280580085
-0.01225 -0.00840147919417262 -0.0260404907574197 -2.04357007118043 139.022980390528 1907453.50361787 -521917.77923215
-0.0123 0.0147579717187477 0.0170826197109287 -2.02715261248456 139.01594303389 1907933.99993295 -521917.072146993
-0.01235 -0.0307666908437908 -0.000879202482398331 -2.05604291342505 139.008905677252 1907351.7595387 -521920.737365224
-0.0124 0.0303163168653317 -0.000794284122817514 -2.04139778497819 139.001868320613 1907756.73198481 -521938.025241309
-0.01245 -0.0148586884900273 -0.00849215830405142 -2.06977060866921 138.994830963975 1907340.5850293 -521921.078917906
-0.0125 0.00495565564852904 0.0174674824233929 -2.06215785196565 138.987793607337 1907692.6663482 -521912.544509761
-0.01255 -0.00799894502558931 -0.0101547793028996 -2.08297415596776 138.980756250698 1907370.90613988 -521893.644229884
-0.0126 0.0147704880955833 -0.00282376496176546 -2.07684230824875 138.97371889406 1907514.23310327 -521914.700942398
-0.01265 -0.016413947351392 0.00454687942136306 -2.09038140364531 138.966681537422 1907254.34691932 -521936.297261159
-0.0127 0.00327349596538431 0.00217117071209016 -2.09193438928135 138.959644180783 1907406.06455424 -521918.025043932
-0.01275 0.00164302125402489 -0.00807130904777168 -2.1006085418933 138.952606824145 1907306.57902721 -521912.974654935
-0.0128 -0.00520932461869491 0.00749766342249171 -2.10881479810503 138.945569467507 1907320.08886445 -521898.041908478
-0.01285 -0.00202665729456307 0.000496813037784709 -2.11661918443437 138.938532110868 1907255.92926034 -521902.585970262
-0.0129 0.00240021041893142 -0.00974010177858338 -2.12620674796163 138.93149475423 1907130.75353181 -521912.299849841
-0.01295 -0.00111337206375899 -0.000575517382124127 -2.1266273731644 138.924457397592 1907148.95076745 -521922.859064675
-0.013 -0.00892809590117775 0.00712168482617797 -2.13425715835066 138.917420040953 1907118.96225673 -521919.467061676
-0.01305 0.0112833946846148 -0.00711979769470239 -2.13918728028799 138.910382684315 1907188.13143692 -521901.144962318
-0.0131 -0.00524012138319523 -0.00590314423362524 -2.15743139197349 138.903345327676 1907002.18108494 -521897.304054657
-0.01315 0.00312966784668674 0.0110785319016015 -2.15337238843416 138.896307971038 1907126.47748155 -521909.531823162
-0.0132 -0.00725325034943067 -0.0102750841865676 -2.16560308645634 138.8892706144 1906879.05711165 -521904.760824818
-0.01325 0.0166751685617928 -0.0105895607716035 -2.16276521734174 138.882233257761 1907038.87407864 -521900.180753354
-0.0133 -0.0203271637974245 0.00889839978020653 -2.18087984166867 138.875195901123 1906836.08829237 -521910.15068216
-0.01335 0.0109768034913168 0.00159979495795309 -2.18040304359477 138.868158544485 1907022.40869261 -521895.778836169
-0.0134 -0.00487195549521862 -0.0135156610631514 -2.19555335557646 138.861121187846 1906766.47857947 -521890.227419784
-0.01345 0.00493150259355396 0.00703409874924655 -2.19385119601936 138.854083831208 1906979.73687852 -521883.547747846
-0.0135 -0.0145000595526225 -0.000922460921576549 -2.20902379699516 138.84704647457 1906664.20418048 -521902.169117686
-0.01355 0.0190745189788783 -0.0066040813202863 -2.20543801967321 138.840009117931 1906805.79186786 -521915.922703834
-0.0136 -0.010852928165714 -0.00615001559869258 -2.22154744180486 138.832971761293 1906575.97108662 -521914.945191964
-0.01365 0.000618744157886419 0.0168361901912407 -2.21884901063296 138.825934404655 1906831.78082353 -521904.814133735
-0.0137 0.00419899006589085 -0.0169956497311859 -2.23698426328718 138.818897048016 1906565.39288365 -521902.224606975
-0.01375 0.00905929994265839 0.00928035950104374 -2.23284338053299 138.811859691378 1906746.56071896 -521912.999389067
-0.0138 -0.0135662404416361 0.00116506978345945 -2.24883180159103 138.80482233474 1906491.34808654 -521903.300886923
-0.01385 0.0110748529811117 -0.000205871773936578 -2.24493131632723 138.797784978101 1906626.77859612 -521909.742836739
-0.0139 0.00276870703956634 -0.0105210778411751 -2.25848011548826 138.790747621463 1906410.23178425 -521914.63967748
-0.01395 -0.00422000615623968 0.0231726304125949 -2.2613986691072 138.783710264825 1906603.44801901 -521897.976357981
-0.014 -0.000478532888489112 -0.0141567685338489 -2.2790695137219 138.776672908186 1906339.51475574 -521883.270854179
-0.01405 0.0112159550214715 0.00119006657575787 -2.27732351536769 138.769635551548 1906543.47095786 -521882.858226576
-0.0141 -0.0113977493085272 0.00387607899599911 -2.28945991589914 138.76259819491 1906309.18367321 -521897.382602823
-0.01415 -0.00119393698306463 0.00987471930391894 -2.29186157422078 138.755560838271 1906416.24999764 -521879.904137666
-0.0142 0.00978920163398191 -0.0246501847833902 -2.30498030016799 138.748523481633 1906152.79201237 -521895.174679042
-0.01425 -0.00181263162005401 0.0114481282560321 -2.30360081070567 138.741486124995 1906334.05478046 -521890.228673588
-0.0143 -0.0128042803165052 0.00400099356804632 -2.31613862645057 138.734448768356 1906178.87858517 -521885.006497283
-0.01435 0.0247113212946416 -0.0146380840537937 -2.31853545178112 138.727411411718 1906334.56229935 -521867.787172858
-0.0144 -0.0117790471172328 -0.00202992920927901 -2.33623185613659 138.720374055079 1906082.17627987 -521872.831843747
-0.01445 -0.00270964790495436 0.0206328876789011 -2.33250060860026 138.713336698441 1906241.43264517 -521890.849610782
-0.0145 0.0102529457137869 -0.0229361281313424 -2.34771191737401 138.706299341803 1905959.29199945 -521895.693681116
-0.01455 0.0154521287435772 4.9315030638885e-05 -2.33940499281831 138.699261985164 1906172.49474332 -521895.443580506
-0.0146 -0.0347118764125675 0.021522774411461 -2.35643194217008 138.692224628526 1905930.23994643 -521890.789466797
-0.01465 0.0271561770794021 -0.010312252856963 -2.36000487793079 138.685187271888 1906165.99155715 -521859.230357039
-0.0147 0.00118236876924014 -0.0168236842004607 -2.38016587507761 138.678149915249 1905874.22232071 -521851.494751807
-0.01475 -0.0161445807606962 0.0300273815068092 -2.3753179524331 138.671112558611 1906041.46912888 -521864.484860213
-0.0148 -0.00646428433933188 -0.00447813821338581 -2.38529527165842 138.664075201973 1905801.65086281 -521875.381739346
-0.01485 0.0288396095958134 -0.0250915477699181 -2.38784858822059 138.657037845334 1905899.11614651 -521867.656255159
-0.0149 -0.0267730937253886 0.0208474529762788 -2.40076070745053 138.650000488696 1905771.10494675 -521873.283870301
-0.01495 -0.00835399506751528 0.00919194414515544 -2.40755194821637 138.642963132058 1905800.16184605 -521862.13929992
-0.015 0.0216956702709571 -0.0261184427676143 -2.41323314769665 138.635925775419 1905726.24262109 -521868.171508656
-0.01505 -0.0104741786808702 0.0152342351733982 -2.41600922486119 138.628888418781 1905776.6227838 -521866.56870735
-0.0151 -0.0128469364251861 0.0128860032130902 -2.42534583443177 138.621851062143 1905721.95612328 -521858.7753584
-0.01515 0.0172923160377454 -0.0156739617883327 -2.43362492017062 138.614813705504 1905663.2297574 -521856.116017857
-0.0152 0.00119490892204785 -0.00235204168661282 -2.4397355152279 138.607776348866 1905632.05628935 -521853.25353952
-0.01525 -0.0279960302704358 0.0229412417169968 -2.44695160614282 138.600738992228 1905548.15738435 -521866.406651931
-0.0153 0.0250772698738356 -0.0228528075291937 -2.45332894017071 138.593701635589 1905568.25402804 -521862.132156964
-0.01535 -0.0036335196356328 -0.0021100381394253 -2.46592427420267 138.586664278951 1905504.3148014 -521843.103256305
-0.0154 -0.00721274648588655 0.016116878440138 -2.46838027195421 138.579626922313 1905600.96343539 -521837.310650454
-0.01545 -0.00399206234380634 -0.0047219596723261 -2.4773594216203 138.572589565674 1905425.31181628 -521841.052526613
-0.0155 0.0175471489932765 -0.00694847931095055 -2.47611876508529 138.565552209036 1905527.7484062 -521854.70670836
-0.01555 -0.022855773710878 0.00859690791539071 -2.48924023682481 138.558514852398 1905294.11139883 -521858.097006962
-0.0156 0.00740247637638503 0.00576113937632668 -2.49176967311899 138.551477495759 1905444.00415626 -521852.40781119
-0.01565 0.0042315496371085 -0.0197872726818345 -2.51084006354136 138.544440139121 1905219.83084813 -521842.871680954
-0.0157 -0.00627466707378199 0.0225081541796227 -2.50440554021229 138.537402782482 1905442.24941568 -521842.235128308
-0.01575 -0.00490514048136933 -0.0106000999802384 -2.52044712469221 138.530365425844 1905186.02653331 -521830.044128567
-0.0158 0.00988044233046887 0.00119709162661387 -2.51415421907009 138.523328069206 1905337.57722758 -521843.680159776
-0.01585 -0.0080873107897817 -0.00580284553876292 -2.53060365168684 138.516290712567 1905079.26929257 -521857.275191062
-0.0159 -0.00504255989387583 0.0183560106502375 -2.52910452067327 138.509253355929 1905272.04251268 -521848.712369554
-0.01595 0.00610327121475959 -0.024506218099544 -2.5476916350366 138.502215999291 1905021.19208722 -521840.726859628
-0.016 0.00566127143609902 0.0162898431927705 -2.54237590522306 138.495178642652 1905315.15707348 -521824.770595043
-0.01605 -0.0198576260050891 -0.00107491737425281 -2.56521606903295 138.488141286014 1904927.86782315 -521832.177051948
-0.0161 0.0200827169673817 0.00531799871440851 -2.55376127040107 138.481103929376 1905217.56832306 -521849.286281687
-0.01615 -0.00367067670935403 -0.0172630884057201 -2.5763989678626 138.474066572737 1904832.642176 -521839.080685955
-0.0162 -0.00128919373208563 0.021856731681964 -2.56821224190754 138.467029216099 1905133.63418748 -521835.327352004
-0.01625 -0.0158758469243942 -0.0128466802550178 -2.58930609365155 138.459991859461 1904702.0500972 -521842.915232748
-0.0163 0.0329537981064794 -0.00983272404847672 -2.57766972418014 138.452954502822 1905069.33694274 -521852.814326964
-0.01635 -0.0345575942289538 0.00785270265116425 -2.60620278924887 138.445917146184 1904700.77204151 -521823.555473996
-0.0164 0.0133505600362214 0.0123501971292636 -2.59690617780941 138.438879789546 1905064.83866226 -521822.431009342
-0.01645 0.00452451324763883 -0.02367053752228 -2.62105303926821 138.431842432907 1904633.85261489 -521833.945837797
-0.0165 0.00535995293493587 0.018095950003057 -2.61256901933294 138.424805076269 1904891.31844459 -521843.805628196
-0.01655 -0.0223634280247718 0.00545272724523748 -2.63194304563142 138.417767719631 1904554.63057178 -521838.293221674
-0.0166 0.0257289343774076 -0.00896880053170097 -2.62681118763872 138.410730362992 1904816.03866276 -521822.295009008
-0.01665 -0.00762640961841403 -0.00551398008106388 -2.64139137371401 138.403693006354 1904559.16141291 -521834.653207668
-0.0167 -0.0104444682917198 0.0266054497176558 -2.64173530933619 138.396655649716 1904761.07839536 -521817.637513536
-0.01675 0.011885630366231 -0.0207827706035596 -2.65728943249038 138.389618293077 1904504.16420416 -521825.223730361
-0.0168 0.0105804987310984 0.00112905092538671 -2.65493068256409 138.382580936439 1904642.99144973 -521827.206544691
-0.01685 -0.0202999767422434 0.00770227309539801 -2.6711736589393 138.375543579801 1904315.4352092 -521848.126386012
-0.0169 0.00370816094923769 0.00634071230963586 -2.67428827871573 138.368506223162 1904525.19033293 -521818.830906679
-0.01695 0.0187299423016428 -0.025806271995673 -2.68170351333891 138.361468866524 1904393.87981128 -521823.549966589
-0.017 -0.0151391153726975 0.024917982473236 -2.68292948789655 138.354431509885 1904537.02607873 -521810.67150926
-0.01705 -0.00273016770833207 -0.00221295963007601 -2.69864064833255 138.347394153247 1904371.91515454 -521800.282744886
-0.0171 0.0191413433319481 -0.0130894238288007 -2.70306570889398 138.340356796609 1904414.63942432 -521790.765601903
-0.01715 -0.0083503420805184 0.00175236945099985 -2.7123409191589 138.33331943997 1904239.40600948 -521808.131168647
-0.0172 -0.011412169846451 0.0139089229474307 -2.7144278292488 138.326282083332 1904253.97066467 -521823.773538035
-0.01725 0.0164904341475661 -0.0145416692182944 -2.71932141357506 138.319244726694 1904265.13559194 -521814.378547033
-0.0173 0.00256369373877277 -0.00152182651876423 -2.72702318018118 138.312207370055 1904250.32266357 -521809.242617309
-0.01735 -0.0171729468428939 0.0145415669968221 -2.73659287915334 138.305170013417 1904194.92721472 -521790.542168343
-0.0174 0.0138244637393551 -0.012219564352891 -2.73947145371246 138.298132656779 1904166.38178224 -521804.52055594
-0.01745 0.000673175503334441 -0.000360011521445006 -2.74580313619631 138.29109530014 1904125.25694501 -521808.798657364
-0.0175 -0.00867098637236082 0.00688565178228421 -2.75336863108594 138.284057943502 1904055.42950793 -521807.662194081
-0.01755 0.00611231907295839 0.000665265129824464 -2.75752684775911 138.277020586864 1904045.6916635 -521824.752826462
-0.0176 0.00901333046758688 -0.018396076063974 -2.77452563161945 138.269983230225 1903948.9120275 -521797.225530236
-0.01765 -0.0159941640741319 0.0247420449586835 -2.77355770389702 138.262945873587 1904076.97851275 -521791.257877295
-0.0177 -0.00358007580151511 -0.0075134184842707 -2.78595072679534 138.255908516949 1903887.6829507 -521793.042704454
-0.01775 0.0317076803918525 -0.0128129164918546 -2.78109706745916 138.24887116031 1904090.6513398 -521793.038032672
-0.0178 -0.0283901630069949 0.00407897034091337 -2.80238001282265 138.241833803672 1903681.78465068 -521799.948473041
-0.01785 0.00403166031586019 0.0149776396473881 -2.79658563907971 138.234796447034 1903973.81983994 -521797.372533787
-0.0179 0.00562237207275543 -0.0295025606106254 -2.82043516525562 138.227759090395 1903625.24381138 -521786.645985592
-0.01795 0.0139311981543678 0.0159653238998574 -2.80828079635361 138.220721733757 1904054.45610284 -521771.583739848
-0.018 -0.0423179558824827 0.00857001341415062 -2.83576693087652 138.213684377119 1903531.49379669 -521776.987362226
-0.01805 0.0445246912839533 -0.0104774121097738 -2.81724230327851 138.20664702048 1904021.638179 -521781.71779795
-0.0181 -0.0235567183725613 -0.0140376971913381 -2.84826595255905 138.199609663842 1903379.35483205 -521793.645656208
-0.01815 0.00484733175571182 0.0376682868797655 -2.8273267573125 138.192572307204 1903982.0995591 -521791.535842362
-0.0182 -0.0151542730808052 -0.0331186090702415 -2.868753790237 138.185534950565 1903257.06507454 -521778.033273017
-0.01825 0.0402337031914814 0.017241650403192 -2.84399065671686 138.178497593927 1904031.53337385 -521784.715982878
-0.0183 -0.0442300600021331 -0.00269001215333352 -2.88692728385596 138.171460237288 1903198.38661467 -521773.569214489
-0.01835 0.0251535444267791 0.0205388203021359 -2.8566416389898 138.16442288065 1903908.83219662 -521775.697083638
-0.0184 -0.00697997378398443 -0.040861365384309 -2.89483200482302 138.157385524012 1903115.18607913 -521781.206713133
-0.01845 0.0034323018574122 0.0406047332874413 -2.86800254197712 138.150348167373 1903796.07731644 -521782.546276481
-0.0185 -0.0162233442900339 -0.0271602576223015 -2.90751340277346 138.143310810735 1903100.58853695 -521769.966462864
-0.01855 0.0222840700040177 0.0115297171135621 -2.89153493823397 138.136273454097 1903659.09575648 -521770.85751184
-0.0186 -0.01453924293805 -0.0177201134968388 -2.91703682293618 138.129236097458 1903139.29103278 -521762.681532707
-0.01865 0.00174963569424063 0.0333776043777234 -2.89911675270813 138.12219874082 1903599.48332482 -521773.922757516
-0.0187 0.00492674732185442 -0.0354447589186445 -2.93299832705381 138.115161384182 1903102.9853759 -521749.776822039
-0.01875 0.00659041565561539 0.0215765936081045 -2.9222330091985 138.108124027543 1903470.99986963 -521755.161315811
-0.0188 -0.0222190458625128 -0.00577609861708908 -2.94258491258996 138.101086670905 1902982.40459557 -521772.524028296
-0.01885 0.0198326960886509 0.00239062881470393 -2.92840176934448 138.094049314267 1903389.82258792 -521768.859953333
-0.0189 -0.014911414661663 -0.0123853594059684 -2.95187305878867 138.087011957628 1902980.94037266 -521761.252783381
-0.01895 0.00446079393162142 0.0199624627992267 -2.94545924267822 138.07997460099 1903381.35301486 -521740.465785098
-0.019 -0.0132293871273066 -0.00907074365316648 -2.97145019866565 138.072937244352 1902926.97622639 -521750.17470772
-0.01905 0.021434006850701 0.00366075599945905 -2.95746035626669 138.065899887713 1903299.92713676 -521752.268973402
-0.0191 -0.0250756701808914 -0.00147563203814529 -2.98236799107582 138.058862531075 1902842.17855118 -521753.434074587
-0.01915 0.0228380947450785 0.000629012268664317 -2.97486445256468 138.051825174437 1903153.86427109 -521753.237424265
-0.0192 -0.0165866174824412 -0.0064082885284161 -2.9985879659778 138.044787817798 1902780.95582912 -521746.246788614
-0.01925 0.0167554192976167 0.00975430609845883 -2.98731820576523 138.03775046116 1903135.96309387 -521748.787471814
-0.0193 -0.0174097970066659 -0.00264118331169056 -3.01024282823601 138.030713104522 1902768.78599441 -521742.849767875
-0.01935 0.0241624803060066 0.00127147695834901 -2.99990899325086 138.023675747883 1903092.07629099 -521742.283217807
-0.0194 -0.0196031051061979 -0.00186878877033221 -3.02573106474269 138.016638391245 1902701.22198085 -521737.754037278
-0.01945 0.00543543224016681 0.0162300900063263 -3.01477383908587 138.009601034607 1903020.42601182 -521735.79739795
-0.0195 0.000789582993051236 -0.0185152597919915 -3.03424372411036 138.002563677968 1902636.96874138 -521750.788744813
-0.01955 0.00977998571870507 0.013655940328996 -3.02677818126405 137.99552632133 1902907.02180279 -521743.54068206
-0.0196 -0.015841031926694 -0.00903208739383323 -3.05136596474002 137.988488964691 1902525.61333599 -521732.076238007
-0.01965 0.00933506114814552 0.00862266230832494 -3.04431028171369 137.981451608053 1902853.76207597 -521723.38931842
-0.0197 0.00371885530073466 -0.0236833078707375 -3.06572631105943 137.974414251415 1902555.68782581 -521713.037963472
-0.01975 -0.0129209496474218 0.0311841736212295 -3.05823063581671 137.967376894776 1902887.34583349 -521694.894572785
-0.0198 0.0124813671548621 -0.0223287949695728 -3.07538558404787 137.960339538138 1902619.76014572 -521703.836526162
-0.01985 0.00523131481535187 0.00522091868938037 -3.07519989024243 137.9533021815 1902674.95681596 -521718.338613343
-0.0199 -0.0121223142363172 0.00275213207767787 -3.08741025548693 137.946264824861 1902473.11179676 -521726.133049271
-0.01995 0.00158828751177416 0.00665481028290932 -3.08805620495754 137.939227468223 1902515.88262298 -521743.354455734
-0.02 0.022601976010771 -0.0258785150507429 -3.09798687439241 137.932190111585 1902428.7863044 -521724.635315634
-0.02005 -0.0219339521670841 0.0183798921683149 -3.10139832609218 137.925152754946 1902422.38970717 -521730.129268471
-0.0201 -0.00139764006465328 0.00754057933070304 -3.10797810391086 137.918115398308 1902514.8989156 -521708.712387687
-0.02015 0.0218942406327184 -0.0313616573136367 -3.12257195839029 137.91107804167 1902314.79813914 -521715.228154746
-0.0202 -0.0107692871695399 0.0254779776560689 -3.12093083101939 137.904040685031 1902453.29067673 -521720.691589142
-0.02025 -0.0163756706721124 -0.000696354632186437 -3.13946963041536 137.897003328393 1902141.32848832 -521721.773427275
-0.0203 0.0303501156448674 -0.00432062956049644 -3.12965481686551 137.889965971755 1902439.98204429 -521721.473840369
-0.02035 -0.00674192336038461 -0.0155212853720799 -3.15300441938 137.882928615116 1902075.87865388 -521709.641118843
-0.0204 -0.0140233429029125 0.0410443581133725 -3.1451454432247 137.875891258478 1902420.52131763 -521716.177459884
-0.02045 0.014254525865335 -0.0331700549998086 -3.17140835999959 137.86885390184 1902009.8529716 -521710.797458568
-0.0205 0.017288992045896 0.0114011042877059 -3.15975460604149 137.861816545201 1902359.05060597 -521708.091180662
-0.02055 -0.0337314271538643 0.00371134137289493 -3.18204951359181 137.854779188563 1901865.65860291 -521711.007355896
-0.0206 0.021403540517146 0.00709307258084585 -3.16988904259984 137.847741831925 1902288.25326367 -521708.616190899
-0.02065 -0.00446724847042636 -0.0240542782787904 -3.20038125665982 137.840704475286 1901808.46043494 -521695.847312967
-0.0207 0.00321354549846583 0.0286393928890227 -3.19208957483702 137.833667118648 1902232.87702333 -521695.354983397
-0.02075 -0.0153006854534627 -0.008283050050952 -3.21472755964731 137.82662976201 1901750.78566601 -521704.937151655
-0.0208 0.0297796600524923 -0.000452445770936778 -3.20007629552904 137.819592405371 1902175.62916093 -521686.323687349
-0.02085 -0.022920138345952 -0.00621626187331408 -3.22050899991497 137.812555048733 1901684.79813372 -521709.176423496
-0.0209 0.0141563902299735 0.0127034820768969 -3.2092258263332 137.805517692094 1902091.72529357 -521698.650434632
-0.02095 -0.0158292737859873 -0.0196825522584432 -3.24170487096052 137.798480335456 1901566.39398781 -521682.57781458
-0.021 0.0195695474471496 0.00811732137383777 -3.22547189215452 137.791442978818 1902032.89265882 -521685.348242789
-0.02105 -0.0253713165750653 -0.00690351257563763 -3.25569684821612 137.784405622179 1901545.68646551 -521683.830598111
-0.0211 0.0255211415037101 0.00714513350767639 -3.23875711140722 137.777368265541 1902015.46317092 -521688.946255326
-0.02115 -0.0154494647806428 -0.0146110582187448 -3.26740214282619 137.770330908903 1901494.22132768 -521682.844822352
-0.0212 0.010959577035155 0.0209725866634976 -3.25121261372543 137.763293552264 1901881.86106486 -521698.780482143
-0.02125 -0.0130218022114795 -0.0224846620864245 -3.28728155471048 137.756256195626 1901333.00714555 -521679.067885673
-0.0213 0.0147966762170494 0.0159585691877816 -3.2705760703091 137.749218838988 1901839.83233026 -521675.108268638
-0.02135 -0.0197610168264515 -0.0155787681297077 -3.2956889521563 137.742181482349 1901313.82848719 -521678.927264673
-0.0214 0.0142356197912994 0.0202363239693592 -3.27763325770438 137.735144125711 1901837.70544648 -521676.643909806
-0.02145 -0.00938166100288736 -0.0246732836373153 -3.31294876625707 137.728106769073 1901230.22693515 -521667.160903856
-0.0215 0.00742659826311534 0.0292499904052486 -3.29664863195796 137.721069412434 1901724.46345122 -521672.207710502
-0.02155 -0.0144578040109017 -0.0227577782427032 -3.32319913681075 137.714032055796 1901116.99992718 -521688.251069076
-0.0216 0.0154551989259921 0.0219106032198481 -3.30307354859292 137.706994699158 1901720.62817503 -521673.544899805
-0.02165 -0.0141121757961375 -0.0187377794946539 -3.33891127167845 137.699957342519 1901108.94824653 -521673.356524846
-0.0217 0.0212297587920542 0.0191427979706833 -3.32372627937986 137.692919985881 1901655.63871127 -521663.965315715
-0.02175 -0.0195923115829608 -0.0221897730688188 -3.35903360468741 137.685882629243 1900995.26463753 -521655.600105996
-0.0218 0.0186089275559496 0.0207444253713243 -3.33352375913536 137.678845272604 1901609.95309219 -521659.976055325
-0.02185 -0.0292744231549131 -0.014769690120618 -3.368573442957 137.671807915966 1900864.66651416 -521673.540366029
-0.0219 0.0328839792597403 0.0131390463067232 -3.34647582028528 137.664770559328 1901533.05373118 -521669.396126556
-0.02195 -0.0250020631684949 -0.0103436273568051 -3.38694511144542 137.657733202689 1900880.88703851 -521660.029854873
-0.022 0.0248963073323027 0.0225270237919567 -3.36301137185346 137.650695846051 1901543.88941358 -521647.216919031
-0.02205 -0.0328312209999438 -0.0200175954732903 -3.4021845110773 137.643658489413 1900769.77295481 -521638.5389267
-0.0221 0.0375697587840009 0.0134109099538611 -3.36978353901035 137.636621132774 1901477.7571067 -521661.26653983
-0.02215 -0.0393409443950602 -0.00574319399313738 -3.4119995065277 137.629583776136 1900693.42381053 -521654.128845677
-0.0222 0.0316500235852081 0.0102472527696895 -3.38786442769337 137.622546419497 1901350.25820465 -521658.068406544
-0.02225 -0.0151423237772103 -0.0218243331613395 -3.42274571031628 137.615509062859 1900765.6875052 -521637.328563144
-0.0223 0.00566623845144863 0.0233768390752894 -3.40673755051212 137.608471706221 1901254.08509283 -521629.373485662
-0.02235 -0.010000025201037 -0.0165576584140712 -3.433025942129 137.601434349582 1900725.26783507 -521648.179725358
-0.0224 0.0098172434920882 0.00380116876719568 -3.42770484606147 137.594396992944 1901025.49724288 -521622.525537056
-0.02245 -0.0111669832693249 -0.00693153627085732 -3.4430684762304 137.587359636306 1900726.56748117 -521633.291645516
-0.0225 -0.00533671209302373 0.0207759872094742 -3.43799972171015 137.580322279667 1900948.7193252 -521642.943803026
-0.02255 0.0213191518032335 -0.0245821944654966 -3.45366810076781 137.573284923029 1900782.70614797 -521636.978185676
-0.0226 -0.0161203530280738 0.018635097153892 -3.46014222472026 137.566247566391 1900782.97765462 -521634.480509132
-0.02265 0.00307525091036202 -0.00378370682111038 -3.46382774000795 137.559210209752 1900775.24718148 -521626.388758574
-0.0227 -0.000650041800478333 -0.00851518671594072 -3.47287864089661 137.552172853114 1900660.44671892 -521628.541025241
-0.02275 0.00531997765912303 0.00648516712540974 -3.47188852980732 137.545135496476 1900789.72219209 -521624.29155618
-0.0228 -0.0202540229135872 0.00683876397678307 -3.49302870616178 137.538098139837 1900519.11998145 -521622.895958558
-0.02285 0.0148944038423576 -0.00240731589176291 -3.49177617624385 137.531060783199 1900693.56047326 -521621.912641651
-0.0229 -0.00468138150052566 -0.00978261791854787 -3.50446936027169 137.524023426561 1900435.12963909 -521637.980006851
-0.02295 -0.00709505399460487 0.0259954965067256 -3.4995915422728 137.516986069922 1900704.38547082 -521624.363497669
-0.023 0.000706477805746856 -0.0212298758180006 -3.52009214251847 137.509948713284 1900399.02037613 -521614.034813476
-0.02305 0.00725643057433931 0.0139169114247081 -3.51538041346705 137.502911356646 1900690.80406298 -521595.545170553
-0.0231 -0.012978753572531 -0.00963241644591659 -3.53800791317734 137.495874000007 1900294.2475346 -521600.511283089
-0.02315 0.000712253203768584 0.0197934388605174 -3.52684234675113 137.488836643369 1900584.87319071 -521612.120772234
-0.0232 -0.00010252593926258 -0.0289106217716646 -3.54930919145984 137.481799286731 1900109.83267667 -521626.257679963
-0.02325 0.00180703288148642 0.0287151370804948 -3.53413267176132 137.474761930092 1900498.95132934 -521647.961159288
-0.0233 -0.0116318702699839 -0.0133544426333384 -3.56306939792054 137.467724573454 1900101.70311415 -521618.245178861
-0.02335 0.0230636867574345 0.00903463636074147 -3.55290966740213 137.460687216816 1900513.04425843 -521607.228597667
-0.0234 -0.0157444839406367 -0.012338963479547 -3.58210678654481 137.453649860177 1900041.8860819 -521596.587269056
-0.02345 0.0133041656273952 0.0161974659289059 -3.56532637645539 137.446612503539 1900520.99077293 -521589.000232463
-0.0235 -0.0180900091604865 -0.0166980214261308 -3.59076395453608 137.4395751469 1899940.62543495 -521599.839488222
-0.02355 0.0318931961632196 0.00326912384943106 -3.57355930715327 137.432537790262 1900401.23934481 -521610.335249617
-0.0236 -0.0385849025981752 -0.000381833573297914 -3.60912227791673 137.425500433624 1899797.47748611 -521598.654325617
-0.02365 0.0287832325936285 0.00285508955278051 -3.59523651681395 137.418463076985 1900340.18741602 -521589.552499
-0.0237 -0.0152310336102893 -0.0167972255008161 -3.62223283322999 137.411425720347 1899790.51317968 -521599.361631815
-0.02375 0.0132043452577928 0.0249620444631385 -3.60244852693158 137.404388363709 1900352.67549392 -521588.665860883
-0.0238 -0.0195351372751345 -0.0180655983896776 -3.63459499942174 137.39735100707 1899734.08307396 -521585.087999836
-0.02385 0.0245279175597844 0.0125768910273939 -3.61755591121013 137.390313650432 1900313.80074396 -521565.310054568
-0.0239 -0.0141550642335716 -0.023946662142858 -3.64901112379814 137.383276293794 1899651.67311053 -521578.915612277
-0.02395 0.00175647037484948 0.0356045556777047 -3.62971719859029 137.376238937155 1900211.30574484 -521568.550809302
-0.024 -0.00107658636081009 -0.041184567553102 -3.66206289568545 137.369201580517 1899564.02561061 -521578.879999264
-0.02405 0.00667369374184912 0.0284198138005129 -3.64360647076959 137.362164223879 1900163.56494028 -521565.508959824
-0.0241 -0.0179860697136858 -0.0143492956149427 -3.67915197744819 137.35512686724 1899589.08174 -521561.756692137
-0.02415 0.0173775762443075 0.0197016579231106 -3.66626081942668 137.348089510602 1900091.50102898 -521560.01864889
-0.0242 -0.00652115812727036 -0.0258470400392919 -3.69173071867154 137.341052153964 1899504.75838436 -521580.601244761
-0.02425 0.000347512277282966 0.0309791602871336 -3.67166380850102 137.334014797325 1900010.85907888 -521574.37468008
-0.0243 -0.0113944336166735 -0.0208169262700822 -3.69813786807742 137.326977440687 1899478.76266866 -521582.199313461
-0.02435 0.0345193410904439 -5.9691473341494e-05 -3.68500504222288 137.319940084049 1899937.44700413 -521575.534612826
-0.0244 -0.0349377828801932 0.00861300248600655 -3.7172273324397 137.31290272741 1899423.45750244 -521563.462232571
-0.02445 0.0171056319045325 0.00980480067893121 -3.70694900184975 137.305865370772 1899897.21387007 -521533.481554343
-0.0245 0.000395144213999682 -0.0262331475421962 -3.73132525895564 137.298828014134 1899394.62447476 -521548.104978928
-0.02455 0.0179628185135008 0.01963750663686 -3.71226765091073 137.291790657495 1899847.52849433 -521559.466925478
-0.0246 -0.0362637510602998 0.00138151855856206 -3.7460629542209 137.284753300857 1899233.69954885 -521554.534513937
-0.02465 0.0403198186791529 0.000403783239631528 -3.728064574776 137.277715944219 1899743.6297491 -521572.025265632
-0.0247 -0.016601915209368 -0.0165180202773034 -3.76057346377337 137.27067858758 1899207.68321478 -521547.772821699
-0.02475 -0.00280833015511566 0.0322592155244832 -3.74478861517932 137.263641230942 1899717.6071214 -521529.912562776
-0.0248 0.00114668114360508 -0.0274028762841326 -3.77040340917585 137.256603874303 1899258.58511322 -521530.13659756
-0.02485 0.019945673814986 0.0110732998721174 -3.75815461572717 137.249566517665 1899623.97209651 -521533.830215927
-0.0249 -0.0272289992086106 -0.00548667591520003 -3.78938798029305 137.242529161027 1899070.75716195 -521533.316740033
-0.02495 0.00594058592970064 0.016745250440487 -3.77328239641899 137.235491804388 1899500.19380479 -521539.483729781
-0.025 0.00997321386691294 -0.0307567445851154 -3.79480224126102 137.22845444775 1899087.87262185 -521549.85593186
-0.02505 -0.0113450284899388 0.0276912378152996 -3.78777230507575 137.221417091112 1899392.60521377 -521535.080605693
-0.0251 -0.00632695660204221 -0.0114507280279143 -3.80848578725641 137.214379734473 1899126.61981106 -521521.406350549
-0.02515 0.0159304391935964 -0.00640656953915384 -3.806425631924 137.207342377835 1899299.53968646 -521521.075367282
-0.0252 -0.0075484295981404 0.00171602003080607 -3.82164734095395 137.200305021197 1899074.60013729 -521526.945517918
-0.02525 -0.0126922921534348 0.0108404882630041 -3.82375522371797 137.193267664558 1899067.45446294 -521543.00259828
-0.0253 0.0121588120685541 -0.0104411356559198 -3.82990005465345 137.18623030792 1899069.78980499 -521534.062244481
-0.02535 0.00383179459088116 -0.000879019669102789 -3.83379178523765 137.179192951282 1899086.17663811 -521526.199448853
-0.0254 -0.0144314934014362 0.0146853751517945 -3.84196823210274 137.172155594643 1899096.79312926 -521510.065348004
-0.02545 0.00706116895212242 -0.00921346830055834 -3.85212753473377 137.165118238005 1899010.67447728 -521509.758592073
-0.0255 0.00109325620451191 0.00236371584668899 -3.85749914241294 137.158080881367 1898972.29745698 -521521.960554412
-0.02555 -0.00509299025369953 0.00625651265800231 -3.864926357375 137.151043524728 1898939.46259726 -521510.872288177
-0.0256 -0.00256913622123353 0.00137809057784847 -3.87267616304458 137.14400616809 1898878.69942157 -521511.209720784
-0.02565 0.0028399452944554 -0.00883380266482896 -3.87879498813678 137.136968811452 1898830.27221323 -521506.530537386
-0.0257 -0.00345002026702046 0.00892099174076664 -3.88015340552241 137.129931454813 1898846.97261767 -521534.511638471
-0.02575 -0.0066767098514284 0.00416880274913471 -3.89352862221568 137.122894098175 1898770.80304665 -521515.749909844
-0.0258 0.0154162856060533 -0.0124224207467478 -3.90017740769455 137.115856741537 1898824.89177668 -521496.638325818
-0.02585 -0.0101088349051807 0.00426962608732809 -3.90728826525282 137.108819384898 1898758.42511535 -521495.00229186
-0.0259 0.000353530913868607 0.00921860508876694 -3.90633635751418 137.10178202826 1898755.75908553 -521515.604429381
-0.02595 0.00426511684341224 -0.00772207807333572 -3.91902671474189 137.094744671622 1898610.41884965 -521513.122838122
-0.026 0.00644435609720855 -0.00129514244222029 -3.92604928134274 137.087707314983 1898642.6256236 -521505.17010208
-0.02605 -0.0116544205673496 0.00880456122721943 -3.93630772628968 137.080669958345 1898591.00622327 -521485.496296131
-0.0261 0.00891941036530737 -0.00403595623414872 -3.94122749584575 137.073632601706 1898625.4810421 -521486.712557088
-0.02615 0.00208768614874262 -0.00449327792615892 -3.95098997972761 137.066595245068 1898527.14900944 -521490.733336472
-0.0262 -0.00346623454030725 0.00706557234807726 -3.95389746424704 137.05955788843 1898515.62611497 -521494.54093793
-0.02625 0.000543449459875716 -0.00258483425669288 -3.95983049537394 137.052520531791 1898378.23136961 -521516.84491416
-0.0263 0.000925942866281555 -0.000568134992686608 -3.96577635513759 137.045483175153 1898471.05407137 -521479.333927881
-0.02635 8.03382840211305e-06 -0.00397846551731275 -3.97474849934524 137.038445818515 1898370.56254231 -521482.984945022
-0.0264 0.00350752922687741 0.00109362813666191 -3.98204660714934 137.031408461876 1898455.67371702 -521461.543818184
-0.02645 -0.00312465940693118 -0.00708065952301237 -3.99384817429694 137.024371105238 1898327.18596419 -521459.845884569
-0.0265 0.000211698605814217 0.00690423683772799 -3.99361121104743 137.0173337486 1898399.50704273 -521462.896360134
-0.02655 -0.001306152737389 -0.011639332470104 -4.00680891691636 137.010296391961 1898163.22456036 -521483.052532731
-0.0266 0.000621574952923653 0.00745239806407825 -4.0064469168746 137.003259035323 1898304.17976606 -521469.590188251
-0.02665 -0.00860974467850991 -0.00666967304961454 -4.01917489631983 136.996221678685 1898131.08284827 -521465.772241141
-0.0267 0.0104105934846419 0.00493000946159069 -4.01481667321105 136.989184322046 1898343.58642027 -521466.687840717
-0.02675 -0.0132590368393968 -0.00717014179340455 -4.0331225884863 136.982146965408 1898052.50716946 -521456.768062409
-0.0268 0.0110067806995976 0.00772544152444945 -4.02560723984835 136.97510960877 1898353.74322185 -521452.452030519
-0.02685 -0.0167088479614433 -0.00857191466525507 -4.0471496989079 136.968072252131 1897974.13142134 -521460.179582826
-0.0269 0.0159465699461069 0.0129386482170695 -4.0374402252421 136.961034895493 1898318.92493857 -521463.65558569
-0.02695 -0.0221451302867924 -0.0125583313854759 -4.06963964921 136.953997538855 1897776.0829401 -521456.097345407
-0.027 0.0241778663832264 0.0131715959554934 -4.0506529187746 136.946960182216 1898321.31785973 -521454.663673654
-0.02705 -0.0217738377769552 -0.0164751236803268 -4.08467404271653 136.939922825578 1897741.797584 -521445.349662133
-0.0271 0.0148401405353453 0.0285189072301259 -4.06213322447576 136.93288546894 1898360.72764534 -521437.86095023
-0.02715 -0.0189162003485438 -0.0263371973411355 -4.09840597099779 136.925848112301 1897600.23945404 -521450.918807407
-0.0272 0.0211328629543719 0.0259938011630489 -4.07244079669559 136.918810755663 1898254.66584508 -521449.86917007
-0.02725 -0.0222450063757945 -0.0271859280190839 -4.11720381835215 136.911773399025 1897440.5215382 -521443.497124652
-0.0273 0.0242076740540472 0.0251203256548439 -4.08994747146968 136.904736042386 1898230.98263915 -521430.150120685
-0.02735 -0.01732386317423 -0.0300653356558593 -4.12734476244629 136.897698685748 1897495.09417926 -521423.759234648
-0.0274 0.0212521753197629 0.0298758733573907 -4.10165882351973 136.890661329109 1898219.42812932 -521426.245570249
-0.02745 -0.024765404341691 -0.0231073664224758 -4.14471093468321 136.883623972471 1897425.34470364 -521417.744164725
-0.0275 0.020529604385929 0.0169723172431713 -4.11787893149029 136.876586615833 1897997.39868766 -521440.956838196
-0.02755 -0.0186453100273393 -0.0201409434656936 -4.15202740806506 136.869549259194 1897379.13453436 -521429.561432501
-0.0276 0.0156430385700155 0.0169173014660535 -4.13295459810396 136.862511902556 1897932.90754884 -521420.066495255
-0.02765 -0.0217857670629795 -0.00917360138506912 -4.16521573182434 136.855474545918 1897426.91605101 -521417.34036158
-0.0277 0.0277781876613165 0.00226051633518201 -4.15039998069357 136.848437189279 1897864.68778052 -521419.068035285
-0.02775 -0.0216951568192185 -0.00145939072881759 -4.17451753348303 136.841399832641 1897418.45371999 -521420.819033637
-0.0278 0.0190504598057038 0.00600847818737512 -4.16460385261085 136.834362476003 1897690.2336482 -521437.012495535
-0.02785 -0.0101113698197376 -0.00893403177864648 -4.18918768196828 136.827325119364 1897293.53164428 -521432.78389303
-0.0279 0.00791978467492446 0.00424317968956539 -4.18530197671887 136.820287762726 1897531.16790126 -521420.621033421
-0.02795 -0.00735795990195126 0.00163978668683654 -4.19763272650802 136.813250406088 1897391.7437535 -521406.625328806
-0.028 0.00352386257234115 0.00182159130605532 -4.20055644631299 136.806213049449 1897474.65008035 -521399.667008999
-0.02805 0.00338848416448057 -0.00654819778658481 -4.2082522955384 136.799175692811 1897415.99719795 -521400.860743237
-0.0281 -0.00990104097445301 0.00752336627398043 -4.21436078698238 136.792138336173 1897339.89743831 -521407.212843655
-0.02815 0.00552657796426092 -0.00325969831217208 -4.21932494435677 136.785100979534 1897319.97872552 -521410.262117107
-0.0282 -0.00438941510909649 -0.00309962627204353 -4.22892055244448 136.778063622896 1897211.02091798 -521411.370626504
-0.02825 0.00485938628085173 0.00136135264154626 -4.23155476363594 136.771026266258 1897338.55520273 -521394.576883965
-0.0283 -0.0111738399401641 0.00161559889092697 -4.24347988957621 136.763988909619 1897186.88102524 -521398.148344976
-0.02835 0.00999707939735653 -0.00457086813245121 -4.24678623834599 136.756951552981 1897295.36248619 -521380.669320541
-0.0284 -0.00881268936806723 0.00308061278457102 -4.25889336093625 136.749914196343 1897121.7881139 -521398.937442432
-0.02845 0.00688385258453138 0.00401881162696963 -4.26187120313287 136.742876839704 1897227.95597975 -521377.640551862
-0.0285 -0.00168214044284002 -0.0122155387686022 -4.27671111508995 136.735839483066 1896975.63065094 -521392.742130166
-0.02855 0.00181355655346999 0.0122035871237512 -4.27318320436008 136.728802126428 1897172.71084577 -521388.477946097
-0.0286 -0.00219587527373928 -0.00975052107702979 -4.29020544890119 136.721764769789 1896967.32972903 -521376.301807544
-0.02865 0.0006445859371853 0.0100844464347195 -4.28572728858581 136.714727413151 1897180.23243536 -521361.671920517
-0.0287 -0.000396994707022211 -0.0156407095984834 -4.30290337226526 136.707690056512 1896896.13337673 -521369.504004684
-0.02875 0.00134466199521751 0.0111477489628324 -4.2978585082468 136.700652699874 1897119.71734695 -521368.008985662
-0.0288 -0.00555398017236497 -0.0136027375437709 -4.3163855231904 136.693615343236 1896736.02000842 -521394.989807225
-0.02885 0.0105374287579159 0.0124252954602629 -4.31080045076497 136.686577986597 1897009.35030715 -521389.833273681
-0.0289 -0.0125936957748877 -0.0117722728658644 -4.3329801316116 136.679540629959 1896706.35964679 -521365.288752445
-0.02895 0.0109144929611792 0.0150099599863881 -4.32388005719251 136.672503273321 1897063.799667 -521357.583448407
-0.029 -0.0114126871852604 -0.0154548380819829 -4.3517597297308 136.665465916682 1896632.64646124 -521347.330621925
-0.02905 0.0206359240939752 0.0141882140725755 -4.3351468301675 136.658428560044 1897035.49517488 -521360.432959846
-0.0291 -0.024574219929636 -0.0106943672506874 -4.3676112411492 136.651391203406 1896458.48879534 -521354.286680085
-0.02915 0.0247792920622526 0.0118815337902094 -4.34378178573601 136.644353846767 1897030.52189946 -521353.24078479
-0.0292 -0.0229508942277504 -0.0154002814396243 -4.3791680100585 136.637316490129 1896448.70199009 -521336.999446951
-0.02925 0.0227681637241841 0.0182333591374781 -4.35763003601597 136.630279133491 1897080.15553314 -521325.47588521
-0.0293 -0.0253026991280468 -0.0262971745262362 -4.39644176841955 136.623241776852 1896273.16701109 -521340.770783602
-0.02935 0.0260774671627435 0.0217890988882862 -4.36558299610975 136.616204420214 1897011.60762286 -521341.982881612
-0.0294 -0.0330621874460854 -0.0282434955375995 -4.4133551990996 136.609167063576 1896110.87838092 -521346.577215307
-0.02945 0.0340278061592845 0.0347025405873458 -4.37767424172681 136.602129706937 1897075.81925015 -521337.14983758
-0.0295 -0.0291943146844329 -0.0424859373911201 -4.43434427232934 136.595092350299 1895979.6996302 -521323.86814764
-0.02955 0.0306045423232526 0.0457463219771631 -4.38719804107151 136.588054993661 1897203.16198971 -521297.043281237
-0.0296 -0.0368217151990327 -0.0482747745148717 -4.45116032650449 136.581017637022 1895813.48828485 -521327.766302912
-0.02965 0.0460241623827884 0.047216283012201 -4.39365792695551 136.573980280384 1897228.81961632 -521306.953719213
-0.0297 -0.0532415445730638 -0.0528827838666679 -4.47012497999847 136.566942923746 1895575.53154389 -521330.651013855
-0.02975 0.0441530016701546 0.0635064973815048 -4.39988257909435 136.559905567107 1897258.65461065 -521316.90371078
-0.0298 -0.0477737511766547 -0.064734603077084 -4.48911182061405 136.552868210469 1895440.37183838 -521335.106310311
-0.02985 0.0558721607941003 0.0511376486295505 -4.4194813271405 136.545830853831 1897194.59236194 -521300.97581183
-0.0299 -0.0635866414290299 -0.0411583266921667 -4.50486278784287 136.538793497192 1895476.08772416 -521311.692151434
-0.02995 0.060601893693402 0.0432649435282135 -4.43228491538774 136.531756140554 1897108.85019838 -521304.05187884
-0.03 -0.0514691430414473 -0.0435878030459311 -4.51035418946553 136.524718783915 1895455.36312456 -521315.709115324
-0.03005 0.0474556805818286 0.0467805860500004 -4.45031553036352 136.517681427277 1896917.24322642 -521304.241931439
-0.0301 -0.0503298303820645 -0.0368041665164764 -4.52492229048223 136.510644070639 1895453.14620622 -521297.768290615
-0.03015 0.0448489799103255 0.0312681003129392 -4.46778609853954 136.503606714 1896787.66873341 -521281.025226034
-0.0302 -0.0440525879127549 -0.0364081158039005 -4.53232626394531 136.496569357362 1895551.72693554 -521267.121483579
-0.03025 0.0321790035792004 0.0357000943009657 -4.48586841027779 136.489532000724 1896732.96612351 -521255.238224564
-0.0303 -0.0313515463174599 -0.0339793559917893 -4.54183481841716 136.482494644085 1895578.06362184 -521277.189467553
-0.03035 0.025815129715785 0.0327499947661941 -4.50115426058403 136.475457287447 1896517.77156339 -521293.549293935
-0.0304 -0.0250743418865933 -0.0318701874552983 -4.55240269389588 136.468419930809 1895543.56974661 -521289.640879447
-0.03045 0.0215944464645167 0.0367853464051362 -4.51890112986606 136.46138257417 1896400.10380029 -521292.938285479
-0.0305 -0.0159842965348644 -0.0337629028182781 -4.56583907691309 136.454345217532 1895505.3545531 -521294.978465125
-0.03055 0.0149718568689673 0.0331576133836849 -4.53671083529373 136.447307860894 1896336.52166443 -521264.377091079
-0.0306 -0.0159746524815378 -0.0248538088753759 -4.57694859589316 136.440270504255 1895559.61626243 -521276.110593759
-0.03065 0.0244929211021561 0.0264408891390052 -4.5485370888845 136.433233147617 1896227.15679017 -521282.655581214
-0.0307 -0.0272805304850873 -0.0213374752834368 -4.58883532275285 136.426195790979 1895423.57301086 -521282.309783017
-0.03075 0.0237283627235717 0.0236776991263006 -4.55930586529487 136.41915843434 1896130.99945935 -521288.090833582
-0.0308 -0.0217806270666726 -0.0227297877373856 -4.60109546431222 136.412121077702 1895439.75679742 -521259.937194248
-0.03085 0.0311441211161824 0.0159517360074957 -4.5721803571971 136.405083721064 1896149.66053669 -521258.115258771
-0.0309 -0.0325970148066436 -0.00967496102484941 -4.61622326493014 136.398046364425 1895388.65451211 -521257.162299135
-0.03095 0.0340266851301359 0.00855252257860455 -4.59319713428937 136.391009007787 1895930.68001822 -521276.472115786
-0.031 -0.0289700471084543 -0.013972253957182 -4.63094566657309 136.383971651149 1895257.04161676 -521268.585325728
-0.03105 0.0215963574023794 0.0204510121738259 -4.6031320916465 136.37693429451 1895938.97797326 -521259.786288771
-0.0311 -0.0193686976298202 -0.0188956747192595 -4.63843317499898 136.369896937872 1895342.31563588 -521247.132568439
-0.03115 0.0191554312756776 0.0135848391393321 -4.62182618276126 136.362859581234 1895857.62158692 -521238.71773192
-0.0312 -0.0123619409677347 -0.0198453841882595 -4.65301560651312 136.355822224595 1895250.11004343 -521254.068412093
-0.03125 0.000951142767667573 0.0317282188182073 -4.63672731645591 136.348784867957 1895732.85551149 -521250.236607854
-0.0313 0.0058520736498232 -0.0317262905629622 -4.66522030878384 136.341747511318 1895156.35627604 -521278.090534394
-0.03135 -0.000107538578801102 0.0233638268177104 -4.65214930258734 136.33471015468 1895548.8760593 -521259.112043304
-0.0314 -0.00677466266961603 -0.0179425182021059 -4.67649183004185 136.327672798042 1895176.29722426 -521255.51673454
-0.03145 0.00658125237244149 0.0130844116546766 -4.66745182835904 136.320635441403 1895564.93321024 -521225.546178302
-0.0315 -0.00610869037921596 -0.0153511578740177 -4.68994960804282 136.313598084765 1895200.71894868 -521227.383890192
-0.03155 0.0070639359687236 0.0110273703354821 -4.68531675932092 136.306560728127 1895480.33334508 -521217.170430911
-0.0316 -0.0140179859610907 -0.00250985762058001 -4.70400920107877 136.299523371488 1895154.765953 -521227.687857205
-0.03165 0.0238316199616217 -0.00625437199824565 -4.69740606070616 136.29248601485 1895357.15059514 -521234.864858668
-0.0317 -0.0203912025180122 0.00429018015041381 -4.7144389752464 136.285448658212 1895067.82810032 -521232.416198757
-0.03175 0.00847011220893905 0.00482359051540918 -4.70763901452784 136.278411301573 1895313.17782837 -521222.712384583
-0.0318 -0.00573551063226885 -0.0120887453823265 -4.72787392562887 136.271373944935 1895090.4113141 -521208.02456568
-0.03185 0.00842834207114442 -0.00186864836357115 -4.72629247234474 136.264336588297 1895221.86559018 -521209.667408237
-0.0319 -0.0102764721277645 0.00868359949520849 -4.74026880237805 136.257299231658 1895063.49644917 -521219.372742061
-0.03195 0.00596099885757296 -0.00205313536896319 -4.7435758806008 136.25026187502 1895106.37208259 -521212.789747416
-0.032 0.00998325594552802 -0.0112483755375539 -4.75187844170854 136.243224518382 1894981.81615465 -521218.649810868
-0.03205 -0.021046422086915 0.0129013146389456 -4.75909340007105 136.236187161743 1894951.3837919 -521200.540320717
-0.0321 0.0170989404860501 -0.00406027791872035 -4.75913595645399 136.229149805105 1895085.37056241 -521202.855947522
-0.03215 -0.011648337675262 -0.00702281921898875 -4.77797321026106 136.222112448467 1894895.07310846 -521176.568125397
-0.0322 0.0103546204623683 0.00550719505010275 -4.7738371539616 136.215075091828 1895058.52071579 -521197.266558094
-0.03225 -0.00989474349789754 0.000776574573172318 -4.78898055445563 136.20803773519 1894817.98193061 -521193.786826935
-0.0323 0.0137950907072548 0.00209422155537578 -4.78810692801687 136.201000378552 1894955.85026273 -521199.846608727
-0.03235 -0.00726150622335328 -0.00952282816569432 -4.80406251532418 136.193963021913 1894692.07985739 -521193.771551384
-0.0324 -0.00300186621853873 0.0186518217364189 -4.79885464281449 136.186925665275 1894971.23051045 -521177.649568578
-0.03245 0.00680219169143564 -0.0212771067214978 -4.81705136023259 136.179888308637 1894718.52225329 -521168.623138691
-0.0325 0.0032775009991837 0.0200723333006262 -4.8090827817862 136.172850951998 1894941.26883295 -521186.633201561
-0.03255 -0.00961145712715865 -0.0123962801491573 -4.83350264220227 136.16581359536 1894555.22938685 -521183.798468237
-0.0326 0.00558756482129765 0.0118563738514967 -4.82403726631316 136.158776238721 1894819.68497552 -521186.700648585
-0.03265 -0.00549654527590744 -0.0164856460527885 -4.84772505717039 136.151738882083 1894505.36625788 -521168.900823075
-0.0327 0.00918783672784962 0.0174279694223259 -4.83286667623877 136.144701525445 1894876.54476277 -521168.19568543
-0.03275 -0.0169425994825361 -0.00990393220245043 -4.85962309919697 136.137664168806 1894455.49884687 -521156.892075713
-0.0328 0.0249802402548092 -0.00157055548361276 -4.85110092173644 136.130626812168 1894785.59014902 -521167.781820188
-0.03285 -0.0320798932848696 0.0045315853667024 -4.87906977743157 136.12358945553 1894349.65490915 -521153.191596848
-0.0329 0.0230458004164587 0.0021108885600401 -4.86331049771514 136.116552098891 1894733.37100555 -521158.286899471
-0.03295 -0.0143810283169595 -0.0208984943573708 -4.89292142105395 136.109514742253 1894242.11434995 -521152.077484998
-0.033 0.0136177642128798 0.0219749490302851 -4.87245237042953 136.102477385615 1894759.01441103 -521159.885273656
-0.03305 -0.0232260885645022 -0.0173609193799969 -4.90871359746389 136.095440028976 1894234.87378779 -521119.741751912
-0.0331 0.0310936812157954 0.0100055787331608 -4.88590570576327 136.088402672338 1894771.67344597 -521141.859168483
-0.03315 -0.024505748855826 -0.0268938299048515 -4.92561103388221 136.0813653157 1893997.2650956 -521137.92027612
-0.0332 0.00188073455173267 0.0420037227510231 -4.8981850012888 136.074327959061 1894687.00356615 -521139.862066054
-0.03325 -0.0050856940078905 -0.0445543940234328 -4.94140168487403 136.067290602423 1893925.22836444 -521132.591364082
-0.0333 0.0220678738199893 0.0322776272656484 -4.9092248883929 136.060253245785 1894771.44126655 -521113.354064615
-0.03335 -0.0366367447281261 -0.019449365657388 -4.9552520639507 136.053215889146 1893881.09596176 -521114.331870858
-0.0334 0.0319807921502102 0.0262313599083379 -4.92167956646117 136.046178532508 1894694.76912152 -521124.653695011
-0.03345 -0.0187210145241318 -0.0433256314641568 -4.97500126885877 136.03914117587 1893675.11955073 -521134.862368266
-0.0335 0.018005885229202 0.0424682702027713 -4.93186627716478 136.032103819231 1894649.1889781 -521128.202151527
-0.03355 -0.0379404706237178 -0.0252051177701199 -4.98282365137105 136.025066462593 1893690.18998063 -521121.673727454
-0.0336 0.0543607880568081 0.00791639463852388 -4.94468558000359 136.018029105955 1894647.08435347 -521111.789040382
-0.03365 -0.0512276485467273 -0.00941245908992584 -5.00234721689058 136.010991749316 1893628.96989346 -521098.394090147
-0.0337 0.0287061333034106 0.0288737274928033 -4.96430433464819 136.003954392678 1894510.37754059 -521105.51008047
-0.03375 -0.0188582507129579 -0.038236952906959 -5.01194254636514 135.99691703604 1893586.34771802 -521102.85660378
-0.0338 0.0274433305229024 0.0277059550708893 -4.97271465119497 135.989879679401 1894473.36235266 -521102.157308492
-0.03385 -0.0373929695705816 -0.0163966324975948 -5.02410168554024 135.982842322763 1893563.09788553 -521101.869905037
-0.0339 0.0344819755657856 0.0168108771363338 -4.99255918171842 135.975804966124 1894335.31952341 -521108.725730213
-0.03395 -0.0134319142120066 -0.0288325861937563 -5.03643817008992 135.968767609486 1893579.51370777 -521099.048352233
-0.034 0.00356883370483164 0.0404144376647044 -5.01073322271945 135.961730252848 1894254.10190866 -521090.340983468
-0.03405 -0.00675829147273458 -0.0252620872539986 -5.04555738395836 135.954692896209 1893628.86412683 -521083.622784795
-0.0341 0.0190466148219652 0.0127094910547972 -5.02930375284646 135.947655539571 1894092.76558794 -521078.868236534
-0.03415 -0.0187195394881529 -0.00999743980568815 -5.06181172932059 135.940618182933 1893500.53078379 -521098.736347276
-0.0342 0.0113473535732422 0.019079140099233 -5.04349233390543 135.933580826294 1894002.63524868 -521084.847703315
-0.03425 -0.00805311021828103 -0.0201214042844087 -5.07013923384154 135.926543469656 1893550.61945038 -521075.220265826
-0.0343 0.0139692012956978 0.0155074962506278 -5.05431623604048 135.919506113018 1894021.69429405 -521053.813844358
-0.03435 -0.0240404929803802 -0.00906073308978044 -5.08650068932556 135.912468756379 1893484.73671104 -521055.172343028
-0.0344 0.0236060160652145 0.0041224547358701 -5.06826268583135 135.905431399741 1893864.9599724 -521079.46378778
-0.03445 -0.0187565304840597 -0.0082115914600181 -5.09705699628491 135.898394043103 1893431.20615212 -521062.832016157
-0.0345 0.0142166023551593 0.0101782122349286 -5.08451526113621 135.891356686464 1893801.2747745 -521064.003321417
-0.03455 -0.0128151423147368 -0.0147524391024201 -5.11165580591132 135.884319329826 1893358.3832601 -521057.571250494
-0.0346 0.0192216494095031 0.0128602270569222 -5.0970767218599 135.877281973188 1893845.26679355 -521042.290979778
-0.03465 -0.0144798133527698 -0.0112251578121483 -5.12419902283285 135.870244616549 1893342.95512718 -521050.69956038
-0.0347 0.012271988444085 0.0179764047818459 -5.10774504473541 135.863207259911 1893777.17940826 -521049.910518716
-0.03475 -0.0101840883796723 -0.0247734662677458 -5.14066222588644 135.856169903273 1893189.84765969 -521058.268542735
-0.0348 0.00757090783553316 0.0253315127133441 -5.12269748896338 135.849132546634 1893693.59930277 -521048.397332489
-0.03485 -0.0161941377156626 -0.0197187585394942 -5.15536062682118 135.842095189996 1893162.84396778 -521036.133934948
-0.0349 0.0232144545036092 0.0134557435362734 -5.13356976352125 135.835057833358 1893741.67318392 -521021.091464433
-0.03495 -0.0246727890372273 -0.0179689308379683 -5.17395500768964 135.828020476719 1893136.39264892 -520999.319619615
-0.035 0.0177859586851348 0.0208872948187992 -5.14751486148521 135.820983120081 1893672.17787616 -521022.879186701
-0.03505 -0.0226037368798374 -0.0244725327858977 -5.18519863126827 135.813945763443 1892953.98531802 -521026.86717333
-0.0351 0.029251819069441 0.0157507378772965 -5.15912792644064 135.806908406804 1893643.50560472 -521024.944726918
-0.03515 -0.0359207966718499 -0.0144102460996311 -5.19952522122088 135.799871050166 1892855.70541064 -521024.257881949
-0.0352 0.0317282395141128 0.0199512657959301 -5.16843280173428 135.792833693527 1893640.59033902 -521016.277364009
-0.03525 -0.0254079235106765 -0.0318622897416762 -5.21822377832333 135.785796336889 1892795.55337887 -521003.66701595
-0.0353 0.0231014045638953 0.0338990509112146 -5.18267098220946 135.778758980251 1893646.20244196 -521002.761958028
-0.03535 -0.0346511403179162 -0.0284713259401069 -5.23354002533005 135.771721623612 1892658.47529952 -521009.471290222
-0.0354 0.0333609413903793 0.0252765274350586 -5.18982583956964 135.764684266974 1893574.54963428 -521024.577550734
-0.03545 -0.027326703723374 -0.0343743629378704 -5.24410700995428 135.757646910336 1892592.87368217 -521017.816078717
-0.0355 0.0146527519633865 0.0408975130500678 -5.20718228546497 135.750609553697 1893527.26472142 -520996.598561591
-0.03555 -0.0253293397535083 -0.0376984489310479 -5.25909647391448 135.743572197059 1892565.79157234 -520998.136922141
-0.0356 0.0340202960988469 0.0259994603860962 -5.21633470637983 135.736534840421 1893523.08335509 -521003.540879516
-0.03565 -0.042225489858856 -0.0137203315317981 -5.26813292243694 135.729497483782 1892509.93958734 -521010.581500637
-0.0357 0.0332239434934398 0.0169267930424316 -5.23584503926687 135.722460127144 1893297.75532478 -521008.844059092
-0.03575 -0.0241545884811001 -0.0310197012354603 -5.28541216540245 135.715422770506 1892495.14918552 -520981.231236892
-0.0358 0.0165367802844063 0.0259325723087129 -5.2499035482592 135.708385413867 1893293.99142704 -520968.952857182
-0.03585 -0.0314576912508766 -0.0200631008888356 -5.29621336645473 135.701348057229 1892503.39595106 -520974.478771643
-0.0359 0.0373414048082004 0.0132279122256777 -5.26486800457481 135.694310700591 1893212.86650599 -520989.794446603
-0.03595 -0.0293074644195292 -0.0137279654017696 -5.30791242801107 135.687273343952 1892414.11218159 -520987.849002365
-0.036 0.0101678394686385 0.0283777555210767 -5.28590899676586 135.680235987314 1893016.86326953 -520984.870927399
-0.03605 -0.000968561379380068 -0.029277154841397 -5.3165563751108 135.673198630676 1892465.06706124 -520984.230221946
-0.0361 0.0138400996917839 0.0181340630226584 -5.29716553978236 135.666161274037 1893007.0667695 -520962.875510809
-0.03615 -0.023753815485662 -0.00499661082739252 -5.3280010409803 135.659123917399 1892466.4333144 -520970.762120811
-0.0362 0.0119173699875574 0.0166740712359311 -5.31856389224635 135.652086560761 1892896.10040678 -520956.735656007
-0.03625 0.00415345495255375 -0.0261891381838338 -5.34211103415641 135.645049204122 1892416.26634753 -520975.224327128
-0.0363 -0.00269527610132826 0.0289280952891194 -5.32906904152102 135.638011847484 1892764.84950106 -520976.578840949
-0.03635 -0.0131305077543226 -0.0125095138502104 -5.35437966792134 135.630974490846 1892326.03622803 -520975.847229567
-0.0364 0.0275917193833767 -0.00155648630905592 -5.34389362542649 135.623937134207 1892764.18292178 -520950.03346976
-0.03645 -0.022118532052782 -0.00409980713936349 -5.36886806112615 135.616899777569 1892328.79704112 -520945.848369008
-0.0365 0.00689465115928884 0.0135148451636346 -5.35720457171658 135.60986242093 1892709.8899436 -520929.170060643
-0.03655 -0.00440804594710609 -0.0196590686021544 -5.38111364330012 135.602825064292 1892286.80686665 -520946.120197561
-0.0366 0.0131529488726952 0.00806633432114584 -5.37168330265605 135.595787707654 1892537.84222515 -520964.187146039
-0.03665 -0.0217109477154044 0.00353367324761023 -5.39566294850683 135.588750351015 1892193.92482582 -520952.330730061
-0.0367 0.0220721996944636 -0.00168582556577458 -5.38682760875278 135.581712994377 1892542.92091178 -520929.588504044
-0.03675 -0.00929986628584816 -0.00933234392209817 -5.40755143696041 135.574675637739 1892191.42569353 -520935.757117443
-0.0368 -0.000869904909516881 0.019334169219465 -5.40029763004724 135.5676382811 1892497.47138957 -520923.553045327
-0.03685 0.00188589251405338 -0.0172651133884588 -5.42075099079698 135.560600924462 1892190.5068357 -520919.0689682
-0.0369 0.0133834054816827 0.00492666679599856 -5.41549594169641 135.553563567824 1892428.43283453 -520910.428038054
-0.03695 -0.0107674275470681 -0.00186859041342911 -5.43739136381681 135.546526211185 1892160.66586067 -520901.289018383
-0.037 0.00140021862457853 0.0102780631149509 -5.43109829188395 135.539488854547 1892290.26740461 -520917.264387706
-0.03705 0.0115596517776902 -0.0215561601705986 -5.44778847489436 135.532451497909 1892079.13770976 -520912.674822762
-0.0371 -0.00871533168802356 0.0142479309064467 -5.4496502794147 135.52541414127 1892212.41969844 -520895.119849345
-0.03715 -0.00576121247836522 -0.00205703487494845 -5.46226818155689 135.518376784632 1892080.1136858 -520887.437434357
-0.0372 0.0195190569984146 -0.00542363769462359 -5.46040721825916 135.511339427994 1892228.37629824 -520886.576019573
-0.03725 -0.0176761292027233 0.00191973208057536 -5.47278955848698 135.504302071355 1892029.07588413 -520878.140764956
-0.0373 0.00558026365275929 0.00443670821877531 -5.46822920698383 135.497264714717 1892154.47991433 -520900.0498882
-0.03735 -0.00386821590308295 -0.00562214139195208 -5.48632431751156 135.490227358079 1891937.18044276 -520893.116573392
-0.0374 0.00950645434944931 -0.00380931869792897 -5.49014752184723 135.48319000144 1891984.73715551 -520896.966863627
-0.03745 -0.0168488431007993 0.011818547196951 -5.49994409039272 135.476152644802 1891906.76065402 -520889.318167487
-0.0375 0.00870810560560668 -0.0105019944234525 -5.50117197067085 135.469115288164 1891994.95704686 -520868.158311748
-0.03755 0.00655364314788849 -0.000565480481452301 -5.50838801617301 135.462077931525 1891998.51962114 -520870.938696816
-0.0376 -0.0187314350655539 0.0177929428978107 -5.51984623689336 135.455040574887 1891860.62716731 -520879.472386625
-0.03765 0.0148586463567555 -0.00451370249723401 -5.52661424944144 135.448003218249 1891876.38345537 -520874.74760035
-0.0377 0.00683802216949351 -0.0115505957077541 -5.53575126110218 135.44096586161 1891752.7606067 -520870.662026559
-0.03775 -0.00725805193716637 0.0136683841532771 -5.53857673873424 135.433928504972 1891847.50801373 -520857.558381877
-0.0378 -0.0156870253724644 0.00396011040977825 -5.55061724865706 135.426891148333 1891697.53073394 -520853.481112604
-0.03785 0.0355520424515663 -0.0209929718206456 -5.54722319565239 135.419853791695 1891908.2170775 -520835.9161658
-0.0379 -0.0100373540477178 0.00441088520846613 -5.56237614378439 135.412816435057 1891721.10101188 -520842.591074707
-0.03795 -0.0116367015926619 0.0296950739399891 -5.56176363809318 135.405779078418 1891833.61329572 -520852.524483639
-0.038 0.0241560582277523 -0.0385478786629819 -5.57893393771138 135.39874172178 1891522.20519079 -520858.904743018
-0.03805 0.00159791246708016 0.0126777392594671 -5.57304385372793 135.391704365142 1891727.28899571 -520856.864818319
-0.0381 -0.0292082890087216 0.0100529775948204 -5.58955992263983 135.384667008503 1891496.62736189 -520838.364114353
-0.03815 0.0185750521466781 -0.00424936966148429 -5.58447761150636 135.377629651865 1891747.70790432 -520829.646326052
-0.0382 0.0045997167649078 -0.0212065751003965 -5.60609895349511 135.370592295227 1891505.65896744 -520813.721120966
-0.03825 -0.0138833339259591 0.0279078718444432 -5.60319474535432 135.363554938588 1891642.33951554 -520823.244527277
-0.0383 -0.00766365232484228 -0.00645429690451312 -5.62105967308269 135.35651758195 1891361.72113162 -520829.71335906
-0.03835 0.0297171012991362 -0.0142738743165256 -5.61230102489687 135.349480225312 1891564.94262462 -520844.505343759
-0.0384 -0.0231357026768959 0.010107640817453 -5.63124466441933 135.342442868673 1891351.41396555 -520825.036507072
-0.03845 0.000143113504019478 0.010564459230971 -5.62893966950689 135.335405512035 1891553.26868471 -520815.530803486
-0.0385 0.0107586967238895 -0.0220048504494479 -5.6443443898272 135.328368155397 1891355.03009366 -520811.473194124
-0.03855 -0.00396283675396568 0.0142270048730277 -5.64067776609193 135.321330798758 1891496.51052271 -520806.610895035
-0.0386 -0.0138744386690711 0.00232472606759034 -5.65487278217523 135.31429344212 1891257.96850626 -520813.453297078
-0.03865 0.0144464141521601 -0.00232226613333852 -5.65416151716969 135.307256085482 1891414.08513344 -520807.885437141
-0.0387 0.000390461573926681 -0.00483848996448492 -5.66752084796753 135.300218728843 1891223.98478838 -520820.310044253
-0.03875 -0.00475686171657598 0.0177967820010341 -5.66836045959829 135.293181372205 1891388.20631211 -520801.356998086
-0.0388 0.00307403601488171 -0.00681217306432574 -5.68075437808712 135.286144015567 1891264.86556181 -520795.775232839
-0.03885 0.00537269497537277 0.00169732388199928 -5.6832723220132 135.279106658928 1891334.16033085 -520776.390063725
-0.0389 -0.00918716317638695 0.00221885420953878 -5.69497654872023 135.27206930229 1891140.43615945 -520795.200028267
-0.03895 0.00687458929615867 0.00305545663124216 -5.69688762696059 135.265031945652 1891197.27233325 -520804.773101331
-0.039 -0.00270102725213107 -0.00471052220575609 -5.70937509353715 135.257994589013 1891067.84276133 -520791.494980981
-0.03905 0.0055495427346319 0.00251129314712516 -5.70724884485376 135.250957232375 1891201.45428612 -520790.590199742
-0.0391 -0.00422528682332886 0.000307626529074621 -5.72037649748739 135.243919875736 1891090.65218753 -520776.238602206
-0.03915 0.00278275232377916 0.00122860212906087 -5.72628844520695 135.236882519098 1891110.99182402 -520768.268008785
-0.0392 -0.00327377949465714 0.000464648361400647 -5.73560132443007 135.22984516246 1890980.85355308 -520772.850452162
-0.03925 0.000566307243160264 0.0026875635520966 -5.73914611403892 135.222807805821 1891026.87763631 -520767.093765092
-0.0393 0.0014557046623482 -0.0088324467710525 -5.74483024097924 135.215770449183 1890924.61171996 -520774.499642751
-0.03935 -0.00178344379721495 0.0121819103996789 -5.74741402426503 135.208733092545 1891026.86051695 -520776.611737404
-0.0394 -0.00292876402845413 -0.00705787132930701 -5.76888728692682 135.201695735906 1890873.41264315 -520742.137766594
-0.03945 0.00560423528018151 0.00532129710289848 -5.76618328064312 135.194658379268 1890998.69727496 -520746.727800166
-0.0395 -0.00348505163901368 -9.73231173833222e-05 -5.77774160103193 135.18762102263 1890861.05893523 -520751.79032263
-0.03955 -0.0027450687961837 0.00751642701935392 -5.77805070464257 135.180583665991 1890901.95292874 -520748.026927651
-0.0396 0.00307867072133875 -0.0106176674697848 -5.78830488554297 135.173546309353 1890778.83731608 -520739.104718385
-0.03965 0.00326929705172134 0.000609817318811773 -5.79181922979818 135.166508952715 1890847.5948589 -520729.153871088
-0.0397 -0.0117353468080333 0.00545758669516047 -5.80387523067988 135.159471596076 1890719.24992079 -520733.349531953
-0.03975 0.0112739240221633 -0.0040984880584376 -5.80519362485749 135.152434239438 1890868.56619671 -520716.965681037
-0.0398 0.00606742170436732 -0.0125559606112162 -5.81865124411587 135.1453968828 1890722.62439524 -520710.684542688
-0.03985 -0.0115527034642107 0.0126653820973448 -5.82386012847981 135.138359526161 1890720.89859655 -520715.980847325
-0.0399 -0.00190476840809715 -0.00370364524821399 -5.83200879174707 135.131322169523 1890601.97137238 -520720.387954188
-0.03995 0.0116975592036297 -0.00345364377958355 -5.83275416370368 135.124284812885 1890700.76071314 -520716.394062457
-0.04 0.00315730267603914 -0.0114226082293266 -5.84601527167158 135.117247456246 1890546.35290382 -520714.743663793
-0.04005 -0.00947916210626338 0.0245297219048628 -5.84519717072903 135.110210099608 1890685.94353068 -520723.305449081
-0.0401 0.00308412807551894 -0.0111937453523441 -5.85993431603704 135.10317274297 1890541.11113698 -520704.583716737
-0.04015 0.00841628957624452 -0.00492377904176564 -5.85929041910105 135.096135386331 1890621.01231274 -520686.861744981
-0.0402 -0.0238446403842049 0.00497193720739562 -5.87836812720629 135.089098029693 1890348.56251673 -520684.498908618
-0.04025 0.011224942516183 0.0026289935035818 -5.87005653606043 135.082060673055 1890566.13820586 -520704.596275703
-0.0403 -0.000403461644910169 -0.0200648797515858 -5.88991005048152 135.075023316416 1890319.689051 -520690.049035445
-0.04035 0.00510126003661307 0.0156133284513723 -5.87740231076666 135.067985959778 1890619.08446148 -520696.369683951
-0.0404 -0.0217954442001855 -0.00498856053275938 -5.90517676559936 135.060948603139 1890252.14338664 -520673.60539856
-0.04045 0.032169508471289 -0.000300769732790259 -5.89186000965639 135.053911246501 1890554.29541141 -520705.383114174
-0.0405 -0.017429148664773 -0.00893043263922768 -5.9193103132512 135.046873889863 1890113.81036456 -520688.093904578
-0.04055 -0.000616700256785726 0.0309155171998962 -5.90289753723887 135.039836533224 1890527.93536473 -520690.554056
-0.0406 0.000748311975778044 -0.0299028329976785 -5.93672926896189 135.032799176586 1890076.06127044 -520664.952684717
-0.04065 0.0171110856079949 0.0176368810762832 -5.91903673855028 135.025761819948 1890531.58980584 -520674.084741455
-0.0407 -0.0294517269343042 -0.0061162389027891 -5.95039610125331 135.018724463309 1889973.94340128 -520672.641353889
-0.04075 0.0201817237197015 0.0125466819308357 -5.92861113849848 135.011687106671 1890461.38174185 -520672.351056065
-0.0408 -0.00637417172705723 -0.0291429528243409 -5.96370133446592 135.004649750033 1889866.390708 -520669.367793012
-0.04085 0.00738898404824373 0.0300082666752945 -5.94382205366761 134.997612393394 1890423.75504959 -520667.241841565
-0.0409 -0.0209797348523982 -0.0139817863173116 -5.97778775380529 134.990575036756 1889854.41340834 -520658.479379613
-0.04095 0.0333277039135174 0.0017315681334698 -5.953020015841 134.983537680118 1890442.13288677 -520657.537842416
-0.041 -0.0254676437971053 -0.00826124443336024 -5.98936891522447 134.976500323479 1889849.56268254 -520642.220330519
-0.04105 0.0137093860718507 0.0184800031023012 -5.97275992981011 134.969462966841 1890249.44435805 -520654.639575616
-0.0411 -0.00487894780395802 -0.0259597017243247 -6.00209460832225 134.962425610203 1889715.25388772 -520664.451016186
-0.04115 0.0133860635798131 0.0114788196786319 -5.9871165836501 134.955388253564 1890237.56017899 -520628.82966065
-0.0412 -0.0215197199497486 -0.00911894658602304 -6.01470960992341 134.948350896926 1889766.01585641 -520635.336875532
-0.04125 0.0173025733183559 0.0140499752209417 -6.00196142766039 134.941313540288 1890201.58106228 -520621.547679989
-0.0413 -0.00220547349871133 -0.0265118619285696 -6.03155668991558 134.934276183649 1889686.83562431 -520624.227980867
-0.04135 -0.00195157445725723 0.0277867916333006 -6.01549412837157 134.927238827011 1890101.65118304 -520624.346777175
-0.0414 -0.00964097344721562 -0.0179226125488569 -6.04206945772453 134.920201470373 1889583.44177917 -520638.37422368
-0.04145 0.0184648810145995 0.000896295635945373 -6.03151694719497 134.913164113734 1889986.16127317 -520614.731714927
-0.0415 -0.016581307487206 -0.00351564413507711 -6.0508897523582 134.906126757096 1889624.61397689 -520622.324321747
-0.04155 0.0155356698131925 0.00298525547912764 -6.04549969380503 134.899089400458 1889961.85843151 -520594.812246858
-0.0416 -0.00931458750160362 -0.00912076654285618 -6.06569443714086 134.892052043819 1889616.15872586 -520605.587614675
-0.04165 0.011029229698173 0.00204961786700494 -6.06141333778928 134.885014687181 1889906.76340334 -520575.586847961
-0.0417 -0.0146676190589636 0.000541159545991541 -6.07605936905749 134.877977330542 1889614.71401371 -520603.446578747
-0.04175 0.0110577558271814 -0.00109983050397726 -6.0714065074229 134.870939973904 1889767.55854742 -520604.249008822
-0.0418 -0.00157943415368473 -0.0118503944096799 -6.08890700922515 134.863902617266 1889512.29261214 -520613.814028447
-0.04185 0.000317303214616868 0.0111501580291214 -6.08703146467277 134.856865260627 1889739.92886961 -520581.648740785
-0.0419 -0.00434356333770383 -0.0127221793337047 -6.10643139009752 134.849827903989 1889508.29834425 -520563.905025251
-0.04195 0.00306944968805577 0.011289019724903 -6.10521833819646 134.842790547351 1889689.41257054 -520562.378308361
-0.042 -0.0089203956113788 -0.00674154969030648 -6.12140994222706 134.835753190712 1889441.22589877 -520563.779359425
-0.04205 0.00589679827219319 0.00887827906758099 -6.11438261133737 134.828715834074 1889628.55080176 -520582.815155984
-0.0421 -0.00628183720348416 -0.00707830828480185 -6.1287187683099 134.821678477436 1889404.27543022 -520574.610370735
-0.04215 -0.00106361071080157 0.00731853826499424 -6.13071573596051 134.814641120797 1889512.90889258 -520563.637576689
-0.0422 -0.0023400120633542 -0.00899840985669078 -6.14496970649358 134.807603764159 1889358.09284941 -520558.838038805
-0.04225 0.00575933304565377 0.00104928802635486 -6.14582571220063 134.800566407521 1889536.0276486 -520535.701301219
-0.0423 -0.00999753259055124 0.00336218019712235 -6.15611347143453 134.793529050882 1889357.17111611 -520551.313782476
-0.04235 0.00919872148104493 0.00263936570831125 -6.1568557989643 134.786491694244 1889475.88285237 -520547.611138148
-0.0424 -0.00298056392577857 -0.0129342550834161 -6.17441233605321 134.779454337606 1889157.12807477 -520561.923247271
-0.04245 0.00401872253040513 0.00961590841054323 -6.16703235587192 134.772416980967 1889414.46339214 -520551.613250657
-0.0425 -0.0052718750477008 -0.0071436817925885 -6.18533925762162 134.765379624329 1889182.22168611 -520549.354878677
-0.04255 0.01381725326818 0.00674895284889089 -6.1790234021425 134.758342267691 1889440.43537059 -520536.804054682
-0.0426 -0.010162377076411 -0.0115506997305674 -6.20913394667613 134.751304911052 1889036.24995167 -520530.318521338
-0.04265 0.00702422623398236 0.0190710218708859 -6.19183134643265 134.744267554414 1889414.86347323 -520533.249122746
-0.0427 -0.00208106215168722 -0.0258166806612249 -6.21857228003453 134.737230197776 1888989.91686588 -520526.185392293
-0.04275 0.0125864203145869 0.0196707580430634 -6.20360014125323 134.730192841137 1889403.42658768 -520530.037822096
-0.0428 -0.0262904709250388 -0.00963957299930928 -6.23766844184224 134.723155484499 1888823.27306617 -520508.950992056
-0.04285 0.027712755828378 0.0101083773005149 -6.21479184259353 134.716118127861 1889328.48987338 -520526.899707768
-0.0429 -0.0208931425366699 -0.0266434357696706 -6.25717798992317 134.709080771222 1888660.36537174 -520514.051995657
-0.04295 0.016381472381107 0.0397211029491655 -6.22083390986417 134.702043414584 1889464.58373996 -520511.393567333
-0.043 -0.0225347712169019 -0.0287267057604088 -6.27245937636297 134.695006057945 1888594.94239855 -520509.115518268
-0.04305 0.0408985655660672 0.0180306241578811 -6.23212639968268 134.687968701307 1889468.36830007 -520502.046442562
-0.0431 -0.0416492362610189 -0.0189765683538699 -6.28671795122761 134.680931344669 1888496.18246818 -520496.131357519
-0.04315 0.0236376269941696 0.0356456744820538 -6.24489090313207 134.67389398803 1889429.8082588 -520492.082114741
-0.0432 -0.0137914739473055 -0.0526000809179153 -6.30521851031427 134.666856631392 1888340.59120199 -520497.764287993
-0.04325 0.0228400530910443 0.0417196198236512 -6.25880094463108 134.659819274754 1889377.192578 -520495.056618575
-0.0433 -0.0418792984437361 -0.0248634438042876 -6.31319683800935 134.652781918115 1888412.1209771 -520470.879229766
-0.04335 0.0491090580212922 0.0215059293522708 -6.26858372741483 134.645744561477 1889415.57360122 -520482.027528515
-0.0434 -0.0347629029308094 -0.0304360071430844 -6.33037100165676 134.638707204839 1888295.35353878 -520470.329450657
-0.04345 0.0164170956603355 0.0433467146210359 -6.28805758115557 134.6316698482 1889237.74914367 -520470.746500866
-0.0435 -0.0253204584039954 -0.0387195957775182 -6.34039408625522 134.624632491562 1888259.21666566 -520468.783511433
-0.04355 0.034889853918894 0.0241642005689669 -6.29459170287016 134.617595134924 1889270.90972604 -520458.638289072
-0.0436 -0.0374861035940616 -0.0174498416849206 -6.35308497085727 134.610557778285 1888342.40940533 -520443.453572392
-0.04365 0.0258105753507012 0.0273294321698982 -6.31781039647887 134.603520421647 1889121.00484181 -520450.203410935
-0.0437 -0.0135184117170046 -0.0386903278708437 -6.36431127177819 134.596483065009 1888249.61167465 -520452.193351
-0.04375 0.0174670912241562 0.0359643919663115 -6.32885354720574 134.58944570837 1889036.16647414 -520465.345665384
-0.0438 -0.0191063847510621 -0.0233737728698606 -6.37473029982905 134.582408351732 1888255.63888163 -520454.763797842
-0.04385 0.0229572711119031 0.0135001717755698 -6.35321567742115 134.575370995094 1888946.09760554 -520409.331501367
-0.0439 -0.0215931851638859 -0.0187063383442413 -6.38758442017008 134.568333638455 1888280.05925859 -520429.335482523
-0.04395 0.0110459712869591 0.0220695597341915 -6.35997743005412 134.561296281817 1888880.21716798 -520427.6878564
-0.044 -0.0148126087446405 -0.0229073349482522 -6.39657577933217 134.554258925179 1888197.42041821 -520445.08347805
-0.04405 0.0179214408594065 0.0134199297244257 -6.37871643787241 134.54722156854 1888775.56572619 -520411.256304472
-0.0441 -0.0262137396245623 -0.00944535279447134 -6.41150596184793 134.540184211902 1888165.21002679 -520431.10388361
-0.04415 0.023182665222367 0.00780242916631028 -6.39063145036513 134.533146855264 1888737.71127882 -520401.966390583
-0.0442 -0.0209717275758952 -0.0171877520772111 -6.42573526788822 134.526109498625 1888161.10475939 -520411.512789791
-0.04425 0.0209288694727186 0.0243309796027161 -6.40164448446115 134.519072141987 1888816.56458471 -520392.133365533
-0.0443 -0.017618938745634 -0.0235620803724333 -6.44283328300727 134.512034785348 1888060.03827668 -520386.606917406
-0.04435 0.0190473456320868 0.0186640971756536 -6.41763171161085 134.50499742871 1888650.01247199 -520400.332644828
-0.0444 -0.0257378778205615 -0.0176224789396986 -6.45481860375764 134.497960072072 1887981.0483181 -520401.24919366
-0.04445 0.0223777564977244 0.0261125542657176 -6.42556250168337 134.490922715433 1888628.55143964 -520404.736559572
-0.0445 -0.0152767027085283 -0.0301394277923931 -6.46913749971401 134.483885358795 1887906.59832383 -520389.9312509
-0.04455 0.0154194026800007 0.0279428591484734 -6.44470862650982 134.476848002157 1888601.0751933 -520373.091465548
-0.0446 -0.0208516765477276 -0.0221108585333628 -6.48498411641327 134.469810645518 1887900.46366007 -520368.079758431
-0.04465 0.02849360822396 0.0150127460669815 -6.45274750152884 134.46277328888 1888593.73960015 -520364.441749589
-0.0447 -0.031898308759809 -0.0221734652371607 -6.49875503269549 134.455735932242 1887739.9082252 -520375.018872406
-0.04475 0.0249545902741396 0.02838489473569 -6.46176647260606 134.448698575603 1888553.31699928 -520381.846875914
-0.0448 -0.0247925250483599 -0.0370086696032599 -6.51543612794866 134.441661218965 1887624.23007049 -520377.722779177
-0.04485 0.0375759416375271 0.0358709761123798 -6.46568908093372 134.434623862327 1888702.48551627 -520363.918807704
-0.0449 -0.0500635069028372 -0.0289377192777922 -6.53734246406092 134.427586505688 1887485.19178997 -520339.813602018
-0.04495 0.0479514151441133 0.03655583405357 -6.48125021347785 134.42054914905 1888761.27660874 -520335.684906275
-0.045 -0.0353964223252905 -0.0558061156228055 -6.55555084307097 134.413511792412 1887311.18035384 -520349.449967398
-0.04505 0.0356150445447832 0.0597683884104181 -6.48511636098253 134.406474435773 1888743.26162859 -520356.840629595
-0.0451 -0.0452840585013094 -0.054257923328224 -6.57329171767035 134.399437079135 1887122.96104875 -520355.926779571
-0.04515 0.0627464724509846 0.0456182896275907 -6.49789226318015 134.392399722497 1888771.34688909 -520347.633581482
-0.0452 -0.059060360157504 -0.0511984496209062 -6.58984803567307 134.385362365858 1887039.13842332 -520332.512827579
-0.04525 0.0451952139514807 0.0609341497629731 -6.50906486562645 134.37832500922 1888821.22251048 -520309.974390743
-0.0453 -0.0425914030629544 -0.0605136444023379 -6.60008750537899 134.371287652582 1887036.2662989 -520335.833034981
-0.04535 0.0498059364621125 0.0456881508997094 -6.52826853203815 134.364250295943 1888586.268395 -520318.148830388
-0.0454 -0.0554541501174963 -0.0379454960527801 -6.60865595565433 134.357212939305 1886995.16566598 -520341.175961833
-0.04545 0.0501808323773793 0.0334886938258965 -6.54523493146479 134.350175582667 1888499.73619982 -520302.725734158
-0.0455 -0.040740137974977 -0.035522048215965 -6.61452743276985 134.343138226028 1887191.04309161 -520306.138133235
-0.04555 0.0354080566461584 0.0463651151775862 -6.56164584501965 134.33610086939 1888393.25453629 -520306.975002081
-0.0456 -0.0344114543254645 -0.0414985986713585 -6.62937878162054 134.329063512751 1887067.03298154 -520307.587209573
-0.04565 0.0312015481667305 0.0315411111903083 -6.57968655784419 134.322026156113 1888177.81813895 -520308.335363169
-0.0457 -0.0322956482433756 -0.0252735631177079 -6.6348640893212 134.314988799475 1887187.16766776 -520305.403125107
-0.04575 0.028976841724503 0.0293926957045654 -6.59714258909209 134.307951442836 1888124.52309871 -520287.35400525
-0.0458 -0.0253154863731126 -0.0322937120109589 -6.65020653296806 134.300914086198 1887179.07136549 -520288.721857562
-0.04585 0.0245089256609292 0.0309891504924857 -6.61372933142504 134.29387672956 1888033.74462895 -520282.981943004
-0.0459 -0.0253767121697943 -0.027424653280137 -6.66097560338407 134.286839372921 1887146.74569271 -520280.574679381
-0.04595 0.0279947974263034 0.0205941113524296 -6.62612993843331 134.279802016283 1887973.14651087 -520271.902258359
-0.046 -0.0288006029470298 -0.0209196699076999 -6.67092027122337 134.272764659645 1887121.15196424 -520286.867118436
-0.04605 0.027123045845443 0.0237671949965276 -6.63780382470622 134.265727303006 1887916.14516795 -520264.513806533
-0.0461 -0.024940626192869 -0.026394360312172 -6.68760892840837 134.258689946368 1887049.23011094 -520265.977795763
-0.04615 0.0222168207656051 0.0234579682185228 -6.65598331157936 134.25165258973 1887805.29802057 -520257.129740502
-0.0462 -0.0209142782088072 -0.0258715267177913 -6.70149588470156 134.244615233091 1887036.52582788 -520251.405229174
-0.04625 0.0257086123240294 0.0245936114666752 -6.66607607893414 134.237577876453 1887821.3553738 -520248.891620255
-0.0463 -0.0261734540798062 -0.0268991744502318 -6.71207344007244 134.230540519815 1886995.64755633 -520247.088010408
-0.04635 0.0228781877299554 0.0266925070656459 -6.68039941403153 134.223503163176 1887764.17458402 -520232.441045136
-0.0464 -0.0222021577912389 -0.0337857977796244 -6.72883800587362 134.216465806538 1886826.01685574 -520253.636637315
-0.04645 0.0286330790810948 0.0286279951963399 -6.68996403663982 134.2094284499 1887720.86552355 -520241.147017281
-0.0465 -0.0344978212241543 -0.0213419395704022 -6.74167367137109 134.202391093261 1886834.0500273 -520234.229644119
-0.04655 0.0385202832695077 0.0221927788575282 -6.70107433351709 134.195353736623 1887762.41537625 -520227.241057057
-0.0466 -0.0345163294367664 -0.0310799725352387 -6.76024338479541 134.188316379985 1886704.84543936 -520228.790881348
-0.04665 0.0233335762664709 0.0406248157302893 -6.71466862592471 134.181279023346 1887684.35887276 -520231.484338871
-0.0467 -0.030737221808376 -0.0321851855931428 -6.77172217906855 134.174241666708 1886673.69083811 -520227.767123837
-0.04675 0.043318824994174 0.0225531833639289 -6.72429322664496 134.16720431007 1887673.429097 -520223.826898312
-0.0468 -0.0415463444434433 -0.0233631185054617 -6.78734068260261 134.160166953431 1886598.86095954 -520206.690177754
-0.04685 0.0323002119175635 0.0291586186580282 -6.74137130940167 134.153129596793 1887634.47347083 -520199.713772357
-0.0469 -0.0291741487223412 -0.0417951823985807 -6.80491455970755 134.146092240154 1886578.67331861 -520183.838679677
-0.04695 0.030702203459618 0.0407901289312153 -6.75178035446493 134.139054883516 1887624.17151974 -520204.011343664
-0.047 -0.0379302106623084 -0.0308340058611289 -6.8139748779804 134.132017526878 1886460.02775729 -520201.404158614
-0.04705 0.0371555595221017 0.0328701185550545 -6.76511052833724 134.124980170239 1887521.61854561 -520205.897652173
-0.0471 -0.0272538102601919 -0.0413558294793626 -6.82759949118238 134.117942813601 1886466.45286269 -520182.784192936
-0.04715 0.0223629344047785 0.0452870841878461 -6.77545781833791 134.110905456963 1887507.04126769 -520199.382437596
-0.0472 -0.0291717299176676 -0.0282717825016985 -6.83489953418362 134.103868100324 1886481.67765402 -520196.89664694
-0.04725 0.0398394394838785 0.0108318895466814 -6.79541589663487 134.096830743686 1887350.62024933 -520176.181408033
-0.0473 -0.0397308253945006 -0.0149072563740415 -6.84948062157746 134.089793387048 1886467.32965995 -520162.813633869
-0.04735 0.0300053073494798 0.0240121924214877 -6.81112877309584 134.082756030409 1887293.9282985 -520163.147646071
-0.0474 -0.0126402482826897 -0.0270532027392335 -6.86074856470569 134.075718673771 1886416.39460623 -520187.837964661
-0.04745 0.0203174599780286 0.0286722055042168 -6.83017682251833 134.068681317133 1887115.81215481 -520183.061068406
-0.0475 -0.0298875139503612 -0.0145223203361102 -6.87198575043218 134.061643960494 1886405.14506267 -520163.084761186
-0.04755 0.0318656492017858 0.015088977263704 -6.84158674600395 134.054606603856 1887159.08054509 -520158.485084391
-0.0476 -0.0150640649538061 -0.0232741218844854 -6.8842617743909 134.047569247218 1886439.02407802 -520152.318471993
-0.04765 0.0097835612952523 0.0308601770252701 -6.85684076420752 134.040531890579 1887018.81440792 -520153.382735919
-0.0477 -0.0151734486042179 -0.0199454759837056 -6.89229056957239 134.033494533941 1886391.67533182 -520151.406693204
-0.04775 0.0233455457168049 0.0105865449931276 -6.87184462857442 134.026457177303 1886882.51906316 -520161.248083904
-0.0478 -0.0190283442247373 -0.0120360847522981 -6.90616685213858 134.019419820664 1886396.20767156 -520135.710682812
-0.04785 0.0118313001385221 0.0150666698566217 -6.88774891919626 134.012382464026 1886884.71426448 -520114.521123713
-0.0479 -0.0137976404153958 -0.0170429623378387 -6.91681965870161 134.005345107388 1886400.11187189 -520109.337418715
-0.04795 0.0145487447571415 0.0107856347956751 -6.90248920461139 133.998307750749 1886775.8685734 -520125.187441722
-0.048 -0.0210225162581128 -0.00536854396637109 -6.92833680335493 133.991270394111 1886316.40934762 -520125.10396462
-0.04805 0.0141312226148845 0.0125917117318294 -6.91348631823737 133.984233037473 1886702.45778958 -520126.86688106
-0.0481 -0.00237405642494974 -0.0175973126904783 -6.94253550149549 133.977195680834 1886387.36655829 -520092.576138811
-0.04815 0.000212048979468817 0.0202711702824875 -6.93473780988373 133.970158324196 1886690.59513883 -520079.810776051
-0.0482 -0.00756525434095293 -0.0130064921446627 -6.9554850359336 133.963120967557 1886252.34090623 -520104.886423116
-0.04825 0.0144976415778963 0.00601156242227748 -6.94291733734228 133.956083610919 1886599.66746048 -520090.01503968
-0.0483 -0.0119987781267922 -0.0050102028032022 -6.96543474215199 133.949046254281 1886260.56159071 -520094.913347224
-0.04835 0.00717499701449725 0.0168173044565596 -6.9566112287808 133.942008897642 1886548.28774207 -520095.082765559
-0.0484 -0.0109595617898126 -0.0152190823513201 -6.98081580953168 133.934971541004 1886181.14807917 -520080.578621895
-0.04845 0.0138153886581478 0.00634160440057273 -6.96941832468888 133.927934184366 1886500.1686657 -520081.599905382
-0.0485 -0.0188811611382002 -0.000981308727417393 -6.99448109383731 133.920896827727 1886167.47102855 -520070.934292847
-0.04855 0.0162260613268402 0.00335018534328241 -6.98649431509779 133.913859471089 1886442.44704328 -520064.997606267
-0.0486 -0.00774410525546174 -0.0127999404877698 -7.01096705433222 133.906822114451 1886057.97689295 -520070.330482883
-0.04865 0.0066867326895307 0.0241999793504345 -6.99568593287212 133.899784757812 1886435.07627891 -520076.960698587
-0.0487 -0.010474297616941 -0.0143684265793976 -7.02450390066171 133.892747401174 1885948.05137012 -520076.065677036
-0.04875 0.0236741870903916 0.00507286367675767 -7.00753911454896 133.885710044536 1886387.86073734 -520061.45408906
-0.0488 -0.0215234146386846 -0.0120266949861099 -7.04507403016881 133.878672687897 1885893.58645308 -520042.300226294
-0.04885 0.0117747392192821 0.0307002924075436 -7.02119675227262 133.871635331259 1886455.55678578 -520040.125694772
-0.0489 -0.00623233592033655 -0.0340664941525438 -7.05776878436807 133.864597974621 1885796.72635274 -520033.115990091
-0.04895 0.0180442665013526 0.026149529057375 -7.02487425093353 133.857560617982 1886443.61101697 -520044.202104752
-0.049 -0.0384946486232213 -0.0173782928307591 -7.07227684725173 133.850523261344 1885612.83486782 -520042.283581317
-0.04905 0.0310443594434548 0.0193504108060696 -7.03840294177677 133.843485904706 1886457.25445492 -520026.775762644
-0.0491 -0.0183960032968612 -0.0435727717885089 -7.09219573012478 133.836448548067 1885517.57541804 -520026.265179346
-0.04915 0.012097301344406 0.0454991906781915 -7.04908215355237 133.829411191429 1886522.65395151 -519996.982359617
-0.0492 -0.0344911824980431 -0.0290772143535063 -7.10154262197238 133.822373834791 1885492.64921444 -520015.997332005
-0.04925 0.0441843609467586 0.0147876354155172 -7.06077534601678 133.815336478152 1886497.80309921 -519986.965771387
-0.0493 -0.0445367987747187 -0.0274398465613891 -7.12250182262663 133.808299121514 1885354.45184584 -520005.479777964
-0.04935 0.0243653212235468 0.0425659194572449 -7.07057862417642 133.801261764876 1886422.28399362 -520010.277024496
-0.0494 -0.0195735682907602 -0.0470950090311216 -7.1386403909357 133.794224408237 1885287.53798746 -520006.561698327
-0.04945 0.0317774520728103 0.0378870604676162 -7.08662359310182 133.787187051599 1886420.12640933 -519977.757950316
-0.0495 -0.0446271563601767 -0.0253741922239196 -7.14628020957348 133.78014969496 1885337.24382838 -519979.464463626
-0.04955 0.0367942137642925 0.0287675623323404 -7.09746865877631 133.773112338322 1886383.2724401 -519978.645295467
-0.0496 -0.0247554424002491 -0.0415627619160626 -7.16365647363434 133.766074981684 1885232.8856274 -519976.452619331
-0.04965 0.0230074251203269 0.042691547586748 -7.11749799360893 133.759037625045 1886264.28867487 -519976.256270933
-0.0497 -0.0341989725563231 -0.0257816626526493 -7.17177175778063 133.752000268407 1885255.11442058 -519968.058408507
-0.04975 0.0424567014055972 0.0179521505361688 -7.123704690333 133.744962911769 1886224.96055274 -519966.91249675
-0.0498 -0.0382008532908434 -0.0216038447489047 -7.18505340835022 133.73792555513 1885276.97885646 -519942.15193396
-0.04985 0.0247200504709531 0.0331228624017462 -7.14209211696232 133.730888198492 1886177.70298345 -519951.794141594
-0.0499 -0.0187425534029326 -0.0352312230102815 -7.1970147366977 133.723850841854 1885225.54355374 -519956.271176367
-0.04995 0.0216321626076104 0.027774218922429 -7.1598817790359 133.716813485215 1885979.41037143 -519963.07507554
-0.05 -0.03133917325659 -0.016951592181633 -7.20605765189281 133.709776128577 1885196.2433943 -519962.300566842
-0.05005 0.0287588295503447 0.0202718840679335 -7.17358725162892 133.702738771939 1885974.0148321 -519948.929749865
-0.0501 -0.0159596218971544 -0.0312953747652939 -7.22156289608963 133.6957014153 1885190.80418408 -519939.15481911
-0.05015 0.0127837252878933 0.0384220129001292 -7.18912091249475 133.688664058662 1885978.67265738 -519917.278272035
-0.0502 -0.0179552441884624 -0.0246443834634949 -7.23602797161409 133.681626702024 1885232.12184798 -519900.133807459
-0.05025 0.0353912363952007 0.011756418924037 -7.20296924769693 133.674589345385 1885878.96770203 -519912.256957355
-0.0503 -0.0312063082571611 -0.0126739949760465 -7.24333703210847 133.667551988747 1885122.37881901 -519922.381052649
-0.05035 0.0247156964688008 0.0243472298643174 -7.21591729090652 133.660514632109 1885775.49282689 -519932.414068563
-0.0504 -0.0111146382167695 -0.0308108760824633 -7.25689232537472 133.65347727547 1885036.64913278 -519926.695005666
-0.05045 0.0172076634236394 0.0204907053938121 -7.23172120677426 133.646439918832 1885758.49312404 -519883.982745507
-0.0505 -0.0249159637655997 -0.0104383365614872 -7.26710114187903 133.639402562194 1885121.02575111 -519897.00219625
-0.05055 0.0202483539986258 0.0145853332594758 -7.24501831757333 133.632365205555 1885676.82945702 -519880.28754222
-0.0506 -0.0139656299928845 -0.0207415547514606 -7.28154570267097 133.625327848917 1885013.43783835 -519906.90884436
-0.05065 0.00908905259336512 0.0256107833428404 -7.25768280518899 133.618290492279 1885550.67460015 -519901.291395106
-0.0507 -0.0197529978930532 -0.0168644998834169 -7.29351390374582 133.61125313564 1884963.40613239 -519893.294826293
-0.05075 0.0248868220946582 0.00706469824577327 -7.26925720850244 133.604215779002 1885522.08372967 -519885.934247961
-0.0508 -0.0246385190322764 -0.0125385950851264 -7.30659839173682 133.597178422363 1885000.26858046 -519861.94225477
-0.05085 0.0132869287301286 0.0202050846557097 -7.28705461107318 133.590141065725 1885491.12151581 -519874.404716357
-0.0509 -0.0136811972760413 -0.0246227891946823 -7.32384501644984 133.583103709087 1884837.97032052 -519872.514856117
-0.05095 0.0122315590350518 0.0210118398920906 -7.30011772335947 133.576066352448 1885400.75843524 -519865.405931999
-0.051 -0.0189645531126262 -0.0148088743259678 -7.334315319929 133.56902899581 1884850.42820134 -519873.892135917
-0.05105 0.0233522935626352 0.0114495159392796 -7.31294433145006 133.561991639172 1885389.53141601 -519858.493603168
-0.0511 -0.0246366636336686 -0.0148093598779329 -7.34878077507659 133.554954282533 1884792.88510449 -519841.623419606
-0.05115 0.0133674492654756 0.0175942923028979 -7.32549139313609 133.547916925895 1885356.74865202 -519835.382642711
-0.0512 -0.0157112962227839 -0.0216656752664415 -7.36145781274996 133.540879569257 1884755.36673579 -519841.889082426
-0.05125 0.0151897224932637 0.0258244896742112 -7.3370582770832 133.533842212618 1885346.91016577 -519837.060134328
-0.0513 -0.0112414551635458 -0.0279806042417013 -7.37907614807534 133.52680485598 1884660.79059627 -519832.240300204
-0.05135 0.0207272407909786 0.0285418302260855 -7.34657534664104 133.519767499342 1885389.66843226 -519822.980268521
-0.0514 -0.0310258349324697 -0.0236684530841735 -7.40175964326295 133.512730142703 1884495.87064476 -519817.726904311
-0.05145 0.0343547769302928 0.0303158466597455 -7.3566929766887 133.505692786065 1885426.0338172 -519811.941444559
-0.0515 -0.0319233475162967 -0.0345518316119277 -7.41139227740434 133.498655429427 1884416.28655368 -519814.045669451
-0.05155 0.0351170111292283 0.043636998602194 -7.35906740917066 133.491618072788 1885506.88121532 -519815.285526719
-0.0516 -0.0428594346202007 -0.0394512997767386 -7.43957339930887 133.48458071615 1884167.20460505 -519805.883723525
-0.05165 0.0493070517337259 0.0356924202817506 -7.37114041127656 133.477543359512 1885477.9955837 -519817.905539057
-0.0517 -0.0478536669031871 -0.0354422515324306 -7.44779281950654 133.470506002873 1884128.56235224 -519806.426867909
-0.05175 0.0398249723511963 0.049677561951825 -7.38419933630668 133.463468646235 1885519.26758034 -519795.827095795
-0.0518 -0.0320746431908267 -0.0516154471261624 -7.46532642032529 133.456431289597 1884098.34479869 -519783.575437666
-0.05185 0.0408193936122953 0.0516885879196715 -7.39673834938093 133.449393932958 1885477.22164284 -519795.067334399
-0.0519 -0.0463045208776118 -0.0402739317758513 -7.47208007990857 133.44235657632 1884016.07932243 -519797.378253854
-0.05195 0.0437890858824765 0.0388837957815792 -7.41161102341086 133.435319219682 1885363.81993829 -519777.370479
-0.052 -0.0409498407804241 -0.0393712832713732 -7.48709315769496 133.428281863043 1884028.44692705 -519768.899420222
-0.05205 0.0401466083100739 0.0329554018375858 -7.43014768887263 133.421244506405 1885286.78694737 -519748.052642544
-0.0521 -0.03870989565892 -0.0305399026959018 -7.49217358699506 133.414207149766 1884108.22752054 -519753.96724344
-0.05215 0.0414294039501467 0.0225716727711017 -7.44252987490698 133.407169793128 1885133.64947434 -519760.234368196
-0.0522 -0.0362739578627058 -0.0240718376880465 -7.50141093013472 133.40013243649 1884071.76441017 -519767.876428715
-0.05225 0.0291085796285038 0.0267403757349031 -7.46050113028261 133.393095079851 1884995.26483829 -519756.173509907
-0.0523 -0.0223461198741506 -0.0310129387535341 -7.51551336583766 133.386057723213 1884109.42959121 -519741.012882095
-0.05235 0.0190260850759543 0.0308625090491298 -7.47880587829437 133.379020366575 1884897.44549576 -519737.943226055
-0.0524 -0.0215962808965517 -0.0294979820485719 -7.52820284712532 133.371983009936 1884105.55053732 -519723.610416175
-0.05245 0.0186083776497096 0.0282972309706216 -7.48945333705689 133.364945653298 1884918.18675963 -519723.925984218
-0.0525 -0.0172038915685749 -0.0266380486576314 -7.53567676687674 133.35790829666 1884133.49326116 -519726.198130895
-0.05255 0.0229131973457585 0.0220011795949006 -7.5051161874009 133.350870940021 1884731.3380606 -519754.697670831
-0.0526 -0.0219394436554795 -0.0164053576805881 -7.54814290765344 133.343833583383 1884043.61686026 -519737.80424212
-0.05265 0.0213879731338353 0.0150469217252566 -7.52133004163187 133.336796226745 1884714.47565053 -519709.041063979
-0.0527 -0.0177615927815108 -0.0188572964446368 -7.55980948660623 133.329758870106 1884127.23492277 -519698.085495977
-0.05275 0.0210427574706606 0.0148334302123834 -7.53494623496125 133.322721513468 1884663.95428895 -519699.590718066
-0.0528 -0.0171047085435843 -0.0200652062903226 -7.57387601601402 133.31568415683 1884033.83900305 -519699.163557662
-0.05285 0.0153774559804426 0.0236402866960866 -7.54649348728896 133.308646800191 1884604.22301713 -519697.623522474
-0.0529 -0.0145867478340897 -0.0230603018043313 -7.5879608797967 133.301609443553 1883939.58692515 -519690.506360176
-0.05295 0.0176685891833942 0.0201991651657917 -7.56042994370943 133.294572086915 1884499.83413001 -519700.040932447
-0.053 -0.0184229858464062 -0.020258640933884 -7.59806154158219 133.287534730276 1883883.6281219 -519695.165197884
-0.05305 0.0209090778572555 0.0186133608107668 -7.57125245823522 133.280497373638 1884549.13129788 -519673.849980797
-0.0531 -0.0277648574213945 -0.0199953986079405 -7.61872398532368 133.273460017 1883830.66109693 -519663.403706767
-0.05315 0.032471410654684 0.0176263279665137 -7.58151900365064 133.266422660361 1884557.4303988 -519669.275388087
-0.0532 -0.0348192330779772 -0.0141083183340266 -7.62813999753638 133.259385303723 1883759.29715523 -519666.863613715
-0.05325 0.0302823903380754 0.0172889301510091 -7.59430695581399 133.252347947085 1884502.32099717 -519662.244568282
-0.0533 -0.025525955931818 -0.0307456092251735 -7.64376420771179 133.245310590446 1883633.32169664 -519666.756957408
-0.05335 0.0167005069079609 0.0384097071416317 -7.60649990929291 133.238273233808 1884509.27098552 -519657.696010298
-0.0534 -0.0254094145009217 -0.0297752583760788 -7.66455930656758 133.231235877169 1883611.83486019 -519632.602962456
-0.05345 0.0356008047810398 0.0217915197237294 -7.62268313991065 133.224198520531 1884534.27378457 -519620.971672028
-0.0535 -0.0361520399874403 -0.0298458216811464 -7.67617989148816 133.217161163893 1883500.26605044 -519635.600982637
-0.05355 0.0243936104735231 0.0392131670075586 -7.62656191403565 133.210123807254 1884486.8754227 -519641.154304289
-0.0536 -0.0250924917076991 -0.04691176526092 -7.68985842667832 133.203086450616 1883400.16489563 -519631.055807676
-0.05365 0.0359644807777159 0.0287003965375274 -7.6429605878255 133.196049093978 1884507.37733406 -519610.087709236
-0.0537 -0.0519816588481537 -0.00985979277408197 -7.70337626868067 133.189011737339 1883472.78405036 -519600.147025626
-0.05375 0.0479262874379582 0.013257251754357 -7.65811290105944 133.181974380701 1884405.17482962 -519611.496637177
-0.0538 -0.0344133676202242 -0.0293761174237401 -7.71998071682803 133.174937024063 1883320.99028935 -519612.390287869
-0.05385 0.0217653883748364 0.0406455758910429 -7.67150639402713 133.167899667424 1884332.21108704 -519601.664895121
-0.0539 -0.0316036745551175 -0.037348524417773 -7.73137034670618 133.160862310786 1883319.86176203 -519582.515250061
-0.05395 0.0354528581468932 0.0287931342508873 -7.68020481097244 133.153824954148 1884391.00541506 -519583.684494891
-0.054 -0.0338497292829706 -0.0326064972881299 -7.74274001165604 133.146787597509 1883324.82262535 -519567.411548561
-0.05405 0.0202636230641907 0.0418710748742529 -7.69553085905471 133.139750240871 1884291.82128919 -519585.883695249
-0.0541 -0.0208740004178832 -0.0478073677385826 -7.75942755159501 133.132712884233 1883158.74097878 -519582.905130358
-0.05415 0.034962356800578 0.0329631410953428 -7.70752314209994 133.125675527594 1884251.25640745 -519577.322518707
-0.0542 -0.0526091737191743 -0.0147488919152373 -7.77389249000851 133.118638170956 1883166.42281944 -519556.454586731
-0.05425 0.0527762655909875 0.0143795987365965 -7.72301764962613 133.111600814318 1884264.62533971 -519552.434815249
-0.0543 -0.0321505105534197 -0.0338077276263058 -7.78306542641884 133.104563457679 1883154.49402345 -519560.93791852
-0.05435 0.0187653014526904 0.0407687559348594 -7.73653268758008 133.097526101041 1884065.40310039 -519569.19652805
-0.0544 -0.0298534933458682 -0.03188216297278 -7.79445436241662 133.090488744403 1883095.51977085 -519553.535485613
-0.05445 0.0312768734913577 0.0136438890830135 -7.75720473084023 133.083451387764 1883985.32129864 -519532.493359992
-0.0545 -0.0205749839943278 -0.0209993315285644 -7.80048503449334 133.076414031126 1883259.33706462 -519539.292730033
-0.05455 0.00578107155917441 0.0311392254505103 -7.77302810874304 133.069376674488 1883852.8483838 -519532.444803176
-0.0546 -0.00755959942037081 -0.0261008876665228 -7.80840670938737 133.062339317849 1883252.23793691 -519538.427655592
-0.05465 0.0131228868233742 0.0195902159774766 -7.790495453018 133.055301961211 1883742.13503238 -519531.900831491
-0.0547 -0.01697527802782 -0.00904814856277116 -7.81847377248289 133.048264604572 1883264.81311604 -519531.725316663
-0.05475 0.0213046139931206 0.00568985984437416 -7.8070182489839 133.041227247934 1883623.50998763 -519528.461843976
-0.0548 -0.0175795507466293 -0.00579675127629701 -7.83028478276287 133.034189891296 1883245.15487815 -519517.768278806
-0.05485 0.0115405265285792 0.00650650387856217 -7.81745431061591 133.027152534657 1883623.58405422 -519500.661690657
-0.0549 -0.0152928345705499 -0.00433334371148513 -7.84411193608481 133.020115178019 1883296.3743767 -519482.855775803
-0.05495 0.0151900069150491 -0.0016208943334016 -7.83833641969512 133.013077821381 1883517.0702664 -519474.561028435
-0.055 -0.0122931425696859 -0.00691460092339601 -7.85580764904654 133.006040464742 1883193.41005355 -519494.017225504
-0.05505 0.00482250258542527 0.0175102241803675 -7.84095201117536 132.999003108104 1883489.98273583 -519501.403690602
-0.0551 -0.00186955364047282 -0.0206722581051367 -7.8722403126701 132.991965751466 1883111.28075883 -519481.535769133
-0.05515 0.00373322104488344 0.0155007958576591 -7.85881299367348 132.984928394827 1883425.92219623 -519478.999183576
-0.0552 -0.00591528510993351 -0.0120943574983498 -7.8791045633739 132.977891038189 1883166.94775116 -519461.7676934
-0.05525 0.0100262474795899 0.0125630907496679 -7.87011085110575 132.970853681551 1883482.79053554 -519454.780427259
-0.0553 -0.0141407739516195 -0.00872621464279626 -7.89498737110457 132.963816324912 1883060.06456604 -519459.918766053
-0.05535 0.0153896260414052 -0.0017783911237123 -7.885063970366 132.956778968274 1883297.12419729 -519462.675996777
-0.0554 -0.01549803995564 -0.000799060477068228 -7.90672817221527 132.949741611636 1883051.00868489 -519452.28942696
-0.05545 0.0109169870228994 0.00500868681526071 -7.89797635507007 132.942704254997 1883311.96629914 -519439.608950553
-0.0555 -0.00711432515805848 -0.0131299278299569 -7.92281107750769 132.935666898359 1882974.96880299 -519435.913074581
-0.05555 0.00972832676195714 0.0132875786771311 -7.90995495024365 132.928629541721 1883340.13831478 -519427.543449087
-0.0556 -0.0113374431553102 -0.00722208564596392 -7.93339540699197 132.921592185082 1882978.27936982 -519429.482744503
-0.05565 0.00979404267195955 0.0142019059309521 -7.92461022253833 132.914554828444 1883266.28678865 -519427.467997745
-0.0557 -0.000761508849189197 -0.0257305969457638 -7.95060184849289 132.907517471806 1882796.51996778 -519437.617333292
-0.05575 -0.00257786058286371 0.0379573170651941 -7.93054831252258 132.900480115167 1883265.89284811 -519436.665503684
-0.0558 -0.00913295952454592 -0.0214913289414637 -7.96505947746705 132.893442758529 1882758.2881912 -519422.28266696
-0.05585 0.0369879916554107 0.000446547170221073 -7.94232819648968 132.88640540189 1883333.70491336 -519401.498999858
-0.0559 -0.0358231281144307 0.00553678529662453 -7.97803802881575 132.879368045252 1882722.27670907 -519404.757637824
-0.05595 0.0185446104696666 0.0188979060658318 -7.95645138396158 132.872330688614 1883215.33277124 -519405.018362607
-0.056 -0.0037761728668805 -0.0315014211344151 -7.9911444285989 132.865293331975 1882615.7403612 -519411.012084589
-0.05605 0.0172496840455065 0.0240623182474907 -7.96846422406697 132.858255975337 1883232.26821441 -519393.420507355
-0.0561 -0.0281324970851876 -0.0108854718487035 -8.0082733266198 132.851218618699 1882590.73571417 -519370.511291464
-0.05615 0.0284720117552308 0.00948300594727178 -7.98097027085733 132.84418126206 1883196.92817847 -519373.155330945
-0.0562 -0.00887833669871635 -0.0303308905965145 -8.02094985239661 132.837143905422 1882526.94539977 -519378.227711662
-0.05625 -0.0057209542005917 0.0416567634533784 -7.99269710762728 132.830106548784 1883073.21995833 -519396.226339812
-0.0563 -0.0121841291780449 -0.0239117814930622 -8.03507852435046 132.823069192145 1882479.3590024 -519367.022266264
-0.05635 0.0356591759464338 0.00137534340491659 -8.01131417489185 132.816031835507 1883031.79128841 -519368.503147711
-0.0564 -0.0407877816061383 0.00968459996673694 -8.04390736912642 132.808994478869 1882508.83021236 -519361.480628684
-0.05645 0.0227068775575163 0.0111608987777203 -8.02051277175536 132.80195712223 1883032.48954801 -519352.479733417
-0.0565 -0.000686104583076199 -0.0322782694089772 -8.06299253854444 132.794919765592 1882427.72785853 -519341.434183076
-0.05655 0.00307642129073287 0.0288415019986045 -8.04401189531591 132.787882408954 1882870.17241851 -519347.444464685
-0.0566 -0.0207290654708401 -0.00343644246795764 -8.0685253062122 132.780845052315 1882360.97258902 -519364.22864652
-0.05665 0.0259421417636306 0.00272000313618565 -8.04820008673783 132.773807695677 1882839.84572451 -519353.101959402
-0.0567 0.00105850841208866 -0.0276489581499908 -8.08121103183515 132.766770339039 1882413.34366463 -519331.615980105
-0.05675 -0.00667453899862538 0.0331018773524917 -8.06650142326131 132.7597329824 1882835.99795869 -519315.331394287
-0.0568 -0.00110838335108026 -0.018807912595249 -8.08846871129936 132.752695625762 1882445.47339234 -519324.040792805
-0.05685 0.0224084239919281 -0.00364212714006133 -8.07985175495982 132.745658269124 1882717.07902093 -519316.563872377
-0.0569 -0.0290239673284886 0.00233816591589505 -8.10488258007781 132.738620912485 1882296.16611012 -519320.363055368
-0.05695 0.0114031223458931 0.0066736797442267 -8.09415322692907 132.731583555847 1882630.30391031 -519303.587122705
-0.057 -0.0026059917335033 -0.0157534288096997 -8.1140458264726 132.724546199209 1882358.72025523 -519298.569265498
-0.05705 0.003921362971893 0.0115434675042651 -8.10592418211867 132.71750884257 1882605.36393811 -519301.394743571
-0.0571 -0.0143924732969072 -0.00351247180042027 -8.12586280439872 132.710471485932 1882364.05915426 -519287.670046841
-0.05715 0.0146432052829619 -0.00226631112017368 -8.11906743847542 132.703434129293 1882563.82907451 -519293.255850009
-0.0572 -0.00612422135804566 -0.00803398774232053 -8.1422325576942 132.696396772655 1882333.32867891 -519266.523289476
-0.05725 -0.00318733006655934 0.0188929860953425 -8.13662851732049 132.689359416017 1882476.01338081 -519282.255885551
-0.0573 0.00148858848152921 -0.0146954264777101 -8.15162776458902 132.682322059378 1882248.67455281 -519277.57755841
-0.05735 0.00774520754749442 0.00358128713265979 -8.14665212405191 132.67528470274 1882453.30459429 -519271.407515997
-0.0574 -0.0130809795671909 -0.00056942818018943 -8.16950296387364 132.668247346102 1882253.24701577 -519236.934565072
-0.05745 0.0172026884408191 -0.000365195438177505 -8.16160341831812 132.661209989463 1882441.50237608 -519257.169081887
-0.0575 -0.0122450375158808 0.000301886862294862 -8.17880039710933 132.654172632825 1882201.08874258 -519246.758056122
-0.05755 0.00598316517357886 0.0109048911033452 -8.17210487990454 132.647135276187 1882406.20524854 -519249.719947982
-0.0576 -0.00660058628238081 -0.0125516883735941 -8.19352314054145 132.640097919548 1882068.49841889 -519254.807687924
-0.05765 0.00742546967564092 0.00884200127674632 -8.18503666120698 132.63306056291 1882351.58241475 -519238.975673165
-0.0577 -0.0118793305005108 -0.00954340544987101 -8.20313374540607 132.626023206272 1882064.08274955 -519243.05414459
-0.05775 0.000654411337611492 0.0211170785168796 -8.19504999905095 132.618985849633 1882417.78053835 -519214.104116681
-0.0578 0.00835793925284685 -0.0314705272703038 -8.22071648449584 132.611948492995 1881996.20957803 -519219.761752896
-0.05785 0.00187794777574995 0.0264628614226742 -8.20625279208995 132.604911136357 1882346.02700691 -519222.581586976
-0.0579 -0.0246218384637134 -0.00181683079833071 -8.23699582379875 132.597873779718 1881868.54627672 -519227.578545073
-0.05795 0.0372954601793726 -0.0108017523036278 -8.21769095366388 132.59083642308 1882320.93485844 -519208.613077126
-0.058 -0.0250623123981762 -0.00850747313865591 -8.24749914461622 132.583799066442 1881849.15717307 -519200.03962472
-0.05805 0.00580501094550941 0.0244702760474305 -8.23089193218274 132.576761709803 1882388.7339232 -519174.694059525
-0.0581 -0.00832812990499747 -0.0244437038268595 -8.26828258515685 132.569724353165 1881826.70461446 -519172.581183696
-0.05815 0.0286753588049229 0.014665032150878 -8.24147805767493 132.562686996527 1882344.63430484 -519201.249974175
-0.0582 -0.0276461901078056 -0.0109275019350758 -8.28109320923935 132.555649639888 1881710.68183871 -519173.673847573
-0.05825 0.00951112220215266 0.025764733473922 -8.25795462285235 132.54861228325 1882221.67028336 -519182.425191522
-0.0583 0.00668953126917181 -0.0402168314050556 -8.29314161694509 132.541574926612 1881695.59352865 -519167.509855869
-0.05835 0.00696732376680922 0.0261697781614849 -8.27112335837715 132.534537569973 1882264.76053879 -519152.58774389
-0.0584 -0.0275982803792351 -0.00189586764309587 -8.30487920337814 132.527500213335 1881674.1656386 -519171.521935247
-0.05845 0.0413617961337243 0.000513936293739849 -8.28297172780551 132.520462856696 1882215.90664323 -519156.271342167
-0.0585 -0.0275667992038849 -0.0136356306981713 -8.322033014582 132.513425500058 1881579.59923703 -519140.769764345
-0.05855 0.00555739780071144 0.0287366449612532 -8.29612960208329 132.50638814342 1882137.62183958 -519140.801754773
-0.0586 -0.00778863544804269 -0.0298233964089084 -8.33470229986485 132.499350786781 1881548.30406035 -519132.517101375
-0.05865 0.0217845971628339 0.0127933638569787 -8.31096259054863 132.492313430143 1882118.74837863 -519126.125040446
-0.0587 -0.0294672112464288 -0.00406925015099222 -8.3464845099315 132.485276073505 1881542.87745633 -519129.801818836
-0.05875 0.0142878170728145 0.023250676180669 -8.31947384790529 132.478238716866 1882076.32884492 -519124.579531125
-0.0588 0.00366047721107378 -0.0366185777985128 -8.35594063556882 132.471201360228 1881479.21025134 -519126.25185347
-0.05885 0.00299064658557185 0.0313745701385462 -8.33322694873486 132.46416400359 1882005.43109313 -519114.809652546
-0.0589 -0.0271564761615214 -0.00665351066850564 -8.37058552721627 132.457126646951 1881420.7245473 -519114.046940294
-0.05895 0.038853974680926 -0.00890528476003323 -8.34998885206491 132.450089290313 1881941.61848829 -519100.57834227
-0.059 -0.0291689500712872 0.00360891996797544 -8.37890968324769 132.443051933675 1881508.78192704 -519094.226180462
-0.05905 0.00855243067202298 0.0213616402262861 -8.36615827240526 132.436014577036 1881897.62105846 -519085.386806238
-0.0591 -0.00239734649997798 -0.0189242202721983 -8.39240431960791 132.428977220398 1881436.57408552 -519087.747099629
-0.05915 0.012767481825924 0.00569464150223768 -8.38058394196986 132.42193986376 1881766.10461468 -519078.115701012
-0.0592 -0.0189294414179584 6.9738265538127e-05 -8.39745067661151 132.414902507121 1881416.5202721 -519092.218416946
-0.05925 -0.000992651820637852 0.0135235318031051 -8.39229395178092 132.407865150483 1881696.96390915 -519059.266610171
-0.0593 0.00965866619569394 -0.0229056903672254 -8.41135970917115 132.400827793845 1881484.43725628 -519061.146785838
-0.05935 -0.00282365542371669 0.0171905397415639 -8.40743649369823 132.393790437206 1881670.87809153 -519064.224733878
-0.0594 -0.0127887891636305 0.000913382565643481 -8.425473445699 132.386753080568 1881407.5906388 -519063.615536257
-0.05945 0.0174951588605786 -0.00759538235709423 -8.4217236074599 132.37971572393 1881542.69122531 -519068.776615754
-0.0595 -0.0112016169932968 0.00423571804861497 -8.43515215422002 132.372678367291 1881405.56310067 -519060.267440464
-0.05955 -0.000689423473776192 0.00198522187553298 -8.43581904960891 132.365641010653 1881493.3694795 -519039.594284884
-0.0596 -0.000631537302008787 -0.00605909708026303 -8.45063420096965 132.358603654015 1881463.89421438 -519009.507674449
-0.05965 -0.000613846935407887 0.0037098566226039 -8.45411586518415 132.351566297376 1881489.08705682 -519010.195464702
-0.0597 -0.000405495835801717 -0.00313895065889505 -8.45925499344918 132.344528940738 1881401.15239113 -519020.995321814
-0.05975 -0.00454156639814389 0.00831621917847894 -8.46118601690552 132.3374915841 1881436.21074801 -519022.963406056
-0.0598 0.00606439025133014 -0.0105346176964126 -8.4690423383524 132.330454227461 1881300.33526692 -519026.727724058
-0.05985 -0.00330598956014475 0.00681789173376163 -8.47588830738499 132.323416870823 1881358.23362354 -519009.737802161
-0.0599 -0.00223712803561749 0.00460263304525131 -8.48517852176816 132.316379514184 1881297.02825484 -519015.57028028
-0.05995 0.0119216538030326 -0.0102032781950099 -8.49089232924352 132.309342157546 1881349.83007564 -518986.708373653
-0.06 -0.0143845848331682 0.0116458379570013 -8.49756182250226 132.302304800908 1881311.78625772 -518984.11568369
-0.06005 0.00650782091246313 -0.00285350860772137 -8.50253296440885 132.295267444269 1881272.41651946 -518991.742985743
-0.0601 0.00548180807685441 -0.00472277675018535 -8.51208373248665 132.288230087631 1881203.22974247 -518999.565145804
-0.06015 -0.01035426544404 0.00406475999693432 -8.51867707483412 132.281192730993 1881183.15053269 -518986.176229763
-0.0602 -0.000101622988979462 -0.00200893000849206 -8.52343104822315 132.274155374354 1881185.45181948 -518981.793323586
-0.06025 -0.000256605136658634 -0.00364249639876745 -8.5347667044991 132.267118017716 1881168.97588919 -518957.892697173
-0.0603 0.00123954815455442 0.00602840292582392 -8.53656254012445 132.260080661078 1881274.47044531 -518950.359920359
-0.06035 -0.00490328386937603 0.0049413164303129 -8.54466516584677 132.253043304439 1881191.9259252 -518933.587399303
-0.0604 0.00644246637738683 -0.00801237648335246 -8.5473085724674 132.246005947801 1881145.8799565 -518945.385460981
-0.06045 -0.00195044351938953 -0.00203014533995483 -8.55464185675933 132.238968591163 1881073.72239537 -518957.341152702
-0.0605 -0.00958861213707877 0.0177485224170698 -8.55752793946988 132.231931234524 1881116.81586309 -518960.69081196
-0.06055 0.00953380156754519 -0.0157641701333317 -8.57153627347727 132.224893877886 1880972.36029777 -518952.763430672
-0.0606 0.0108541051010983 0.00038524433890539 -8.57034214955783 132.217856521248 1881123.24276141 -518932.047578442
-0.06065 -0.0223988366716312 0.0103822108710176 -8.58925196714865 132.210819164609 1880914.05860917 -518919.47577287
-0.0607 0.00805983673673262 0.00696930193573142 -8.58151131584977 132.203781807971 1881170.47249855 -518905.327321338
-0.06075 0.0040407600595242 -0.0220886812652698 -8.60339633241563 132.196744451333 1880846.20553634 -518913.023567228
-0.0608 0.00998936685663957 0.0105300674810138 -8.58941198299502 132.189707094694 1881113.62863383 -518921.123485686
-0.06085 -0.0336084365819716 0.00584493017297126 -8.62139384213624 132.182669738056 1880664.67245714 -518915.694916121
-0.0609 0.0324558290951152 -0.00408538321951435 -8.60546744626246 132.175632381418 1881106.79396407 -518892.961168144
-0.06095 -0.00555168643540989 -0.0266550436122987 -8.63631226888531 132.168595024779 1880642.69503597 -518892.792236412
-0.061 -0.0130103392148057 0.0486186029866116 -8.60745871676269 132.161557668141 1881192.54231746 -518895.35609372
-0.06105 -0.00497427835771264 -0.0370594051488961 -8.64789786058522 132.154520311503 1880541.20534749 -518884.510676126
-0.0611 0.0287103795940518 0.00223823528048369 -8.62566830005978 132.147482954864 1881021.69578877 -518899.919016694
-0.06115 -0.0323701720619974 -0.000293718323309379 -8.65973664004147 132.140445598226 1880542.08069251 -518873.88856386
-0.0612 0.00916941049229471 0.0239035562576217 -8.63416374172521 132.133408241587 1881061.66969239 -518883.133586055
-0.06125 0.00605981702343422 -0.0324377403727489 -8.66898822494015 132.126370884949 1880578.72982323 -518868.706402604
-0.0613 0.0077376360289889 0.01404363395496 -8.65471393269107 132.119333528311 1880933.2041128 -518859.447207734
-0.06135 -0.0323259535278166 0.00851235522819069 -8.68228256694534 132.112296171672 1880543.0458569 -518855.166485897
-0.0614 0.0285100501838929 -0.00561959418389818 -8.66813150792651 132.105258815034 1880845.36264022 -518867.200851633
-0.06145 -0.00479041312925235 -0.0192106436089605 -8.69066078390922 132.098221458396 1880489.14985478 -518854.825409906
-0.0615 -0.00806513526649512 0.0276125329464951 -8.6783274932483 132.091184101757 1880821.79076983 -518848.666425945
-0.06155 -0.00179128302816662 -0.0163253291836946 -8.70622985755876 132.084146745119 1880527.94354575 -518826.594487313
-0.0616 0.0154609809303212 0.0006161131791577 -8.69700336897681 132.077109388481 1880784.74793646 -518827.042609413
-0.06165 -0.0142350162117776 -0.0011906491438599 -8.71670901787183 132.070072031842 1880499.17512799 -518818.266503243
-0.0617 0.00607995202808503 0.00895523338293595 -8.70797126923362 132.063034675204 1880697.2076983 -518825.956502173
-0.06175 0.00262914637695416 -0.0169068923432642 -8.72927828621755 132.055997318566 1880419.27974975 -518827.17687237
-0.0618 0.00807078937727958 0.0106731898825902 -8.72379462025097 132.048959961927 1880689.90032752 -518809.348139836
-0.06185 -0.0184351132301898 0.000585589835149516 -8.74484309043151 132.041922605289 1880397.50339498 -518810.272345609
-0.0619 0.014709474540567 0.00334155619972419 -8.73093474909992 132.034885248651 1880706.47505869 -518796.80238052
-0.06195 -0.00394642833269054 -0.0140656676599121 -8.75644972095406 132.027847892012 1880368.50966193 -518787.247479212
-0.062 -0.00466788222114564 0.0204292848029304 -8.74826570166941 132.020810535374 1880620.13498963 -518786.529866668
-0.06205 -0.00767969669651042 -0.0158684201617409 -8.77265993230712 132.013773178736 1880245.45686212 -518794.7069878
-0.0621 0.0220506504825271 0.00359029695427302 -8.75486214077095 132.006735822097 1880639.34870529 -518783.391837294
-0.06215 -0.020013861730869 -0.00386088925709962 -8.78191649772534 131.999698465459 1880273.60615496 -518769.933477538
-0.0622 0.00655452146989117 0.011184151724952 -8.76975800123307 131.992661108821 1880646.39326757 -518741.916502134
-0.06225 -0.00390250352250002 -0.0217839604222164 -8.79849775234475 131.985623752182 1880199.39324174 -518756.494406153
-0.0623 0.01108013751591 0.0087431485579667 -8.78271212506747 131.978586395544 1880528.15374519 -518753.508238245
-0.06235 -0.0211663911093508 -0.00417281127284761 -8.81022799846404 131.971549038906 1880108.13000367 -518762.356292758
-0.0624 0.0109205029996219 0.0169461333386837 -8.79510819819519 131.964511682267 1880546.4716668 -518743.945252416
-0.06245 0.00328780897360919 -0.0265489073877802 -8.82483143421857 131.957474325629 1880118.37553545 -518748.681880128
-0.0625 0.00683460712240938 0.0247198154748535 -8.80399847004249 131.95043696899 1880603.73932871 -518731.165533316
-0.06255 -0.0275939179145505 -0.00698975470202126 -8.83964976418715 131.943399612352 1880024.55340989 -518722.977879035
-0.0626 0.0351833042717097 -0.000680879531954757 -8.82017348756289 131.936362255714 1880503.75440177 -518721.324745147
-0.06265 -0.0211925734565307 -0.0197523033838136 -8.85606828930362 131.929324899075 1879909.07305999 -518710.251100002
-0.0627 0.00132915268392486 0.0383088552978297 -8.82671959567103 131.922287542437 1880551.40703647 -518709.038077358
-0.06275 -0.00422787319662654 -0.0397746913921003 -8.87020612211067 131.915250185799 1879918.62522504 -518684.430274219
-0.0628 0.0297822492847826 0.0149084163365142 -8.83622879182834 131.90821282916 1880585.83907476 -518697.426992489
-0.06285 -0.0488767323014569 -0.00190361436743827 -8.8850389412656 131.901175472522 1879798.1823964 -518679.210834259
-0.0629 0.0270068469026678 0.0174103685300283 -8.8514432876382 131.894138115884 1880494.75896189 -518681.991438824
-0.06295 -0.00534993883101824 -0.0437245334776434 -8.89794085097889 131.887100759245 1879694.06077147 -518693.087310989
-0.063 0.0111098216180646 0.0378657384488353 -8.85779988573667 131.880063402607 1880548.54423257 -518673.135828155
-0.06305 -0.0389957775948631 -0.0100831724115607 -8.91007997971354 131.873026045969 1879694.90088261 -518686.189972225
-0.0631 0.0467268170949918 0.00339743669649759 -8.86988532112857 131.86598868933 1880512.45451519 -518671.722532071
-0.06315 -0.0154960561700031 -0.0284135455785914 -8.91919781543809 131.858951332692 1879714.34211735 -518671.136847275
-0.0632 -0.00354152419449565 0.0510133027902717 -8.88964442302487 131.851913976054 1880411.09759765 -518659.652207004
-0.06325 -0.0102594139555171 -0.0406778266066733 -8.93744514851822 131.844876619415 1879620.06017724 -518647.909788295
-0.0633 0.0340848979581924 0.00908149792212133 -8.90099718398655 131.837839262777 1880350.51528853 -518652.197396762
-0.06335 -0.0339850465169211 -0.00402423704530538 -8.94461122152716 131.830801906139 1879709.8735216 -518640.87169989
-0.0634 0.0187049579769121 0.0206496591596155 -8.91987025360377 131.8237645495 1880259.17518731 -518638.679456133
-0.06345 -0.00150774550557473 -0.0273984715897041 -8.95296634908867 131.816727192862 1879727.91140898 -518626.96170446
-0.0635 0.0099245281440299 0.0179595773096567 -8.9320090350133 131.809689836224 1880149.68549104 -518637.451769567
-0.06355 -0.0209373261331555 -0.00226092449266252 -8.96335023664142 131.802652479585 1879697.09117939 -518631.121062404
-0.0636 0.0147978856201031 0.00626641397932616 -8.95300954778712 131.795615122947 1880011.01674808 -518620.407542835
-0.06365 -0.00760055141655035 -0.0146867145696094 -8.97433182603466 131.788577766309 1879731.36771224 -518596.845573073
-0.0637 0.00357923629053311 0.0174244671069447 -8.96367560105498 131.78154040967 1880052.0242556 -518602.68762575
-0.06375 -0.00809838869908845 -0.00468684493943742 -8.98182538479321 131.774503053032 1879762.63422712 -518595.206436607
-0.0638 0.0115091081841737 -0.00287533077629959 -8.97757343773548 131.767465696393 1879902.28142085 -518595.524279233
-0.06385 -0.0120628553228448 0.000295943230469278 -8.99378039553836 131.760428339755 1879716.61547018 -518596.026663735
-0.0639 0.00855934747289859 0.00160319296246089 -8.99262459827945 131.753390983117 1879809.72073018 -518600.827660739
-0.06395 -0.00520988189495757 -0.00825464182537245 -9.00667420649268 131.746353626478 1879606.39833409 -518597.371892504
-0.064 0.00366761682257618 0.00852809806319615 -9.00409279041658 131.73931626984 1879822.85682023 -518576.923526565
-0.06405 0.000508521352851845 -0.00641192373316419 -9.0217610975818 131.732278913202 1879697.18296539 -518559.07016157
-0.0641 0.00556555197305117 0.00822377714875873 -9.01876209243875 131.725241556563 1879820.19086635 -518555.824995836
-0.06415 0.000640281120058657 -0.00722539030168402 -9.03288780365821 131.718204199925 1879613.96146259 -518562.48322777
-0.0642 -0.00631979611891269 0.00968627738161866 -9.03284451568115 131.711166843287 1879695.08271055 -518553.076536851
-0.06425 -0.00419637992949916 -0.000950928118469917 -9.0422875465608 131.704129486648 1879538.49210096 -518567.986912195
-0.0643 0.00700919740019502 -0.0065841421759324 -9.04705564245228 131.69709213001 1879633.86896391 -518537.007777268
-0.06435 -0.00439880818943365 0.00342378967324175 -9.05595213698054 131.690054773372 1879592.60442361 -518539.788650388
-0.0644 0.00238259846352213 0.00559164801709474 -9.05505531116275 131.683017416733 1879681.15753785 -518522.80482335
-0.06445 0.00120264601763434 -0.00914507009229904 -9.07140611342898 131.675980060095 1879525.30632078 -518506.1304192
-0.0645 -3.53327539690473e-05 0.0049921599092655 -9.07319151280684 131.668942703457 1879556.9526358 -518521.790352274
-0.06455 -0.00359835860940737 -0.00148888091629283 -9.08450603802642 131.661905346818 1879450.30148675 -518514.386845662
-0.0646 0.00375046867123439 -0.000604044915628396 -9.08183452710164 131.65486799018 1879513.97077985 -518521.663832895
-0.06465 -2.03329586296053e-05 -0.00485212610453864 -9.09296666119709 131.647830633542 1879509.39458679 -518483.819782911
-0.0647 -0.00172452191945522 0.00932899084747016 -9.09935258066515 131.640793276903 1879543.09826778 -518486.340367229
-0.06475 -0.00125853881482108 -0.00373585011464451 -9.10609245794587 131.633755920265 1879442.0676667 -518482.050285852
-0.0648 0.00871967433391962 -0.0048758412809886 -9.10554980278238 131.626718563627 1879479.43381416 -518493.21778315
-0.06485 -0.0164914443279397 0.01161772908687 -9.11905942478981 131.619681206988 1879366.09412403 -518488.146506855
-0.0649 0.00382019379813598 0.00382836183866618 -9.12260499106901 131.61264385035 1879454.53622295 -518477.202284902
-0.06495 0.00611828177556169 -0.0144047902059006 -9.13778775004254 131.605606493712 1879350.07779242 -518453.480804186
-0.065 0.00035389824866638 0.0133614471438095 -9.13375559049595 131.598569137073 1879486.76748952 -518457.620748122
-0.06505 -0.0157387019970248 0.00444882853597418 -9.14610479837954 131.591531780435 1879320.46599056 -518449.349661944
-0.0651 0.0227707045411579 -0.00992277266982259 -9.14327366976021 131.584494423796 1879372.43760002 -518474.265422329
-0.06515 -0.00350932198735226 -0.00637265862626851 -9.16297206422459 131.577457067158 1879226.21822858 -518438.905348073
-0.0652 -0.0153312806964965 0.022127314865552 -9.15570563172531 131.57041971052 1879376.04190557 -518439.623189269
-0.06525 0.00107219145300971 -0.0116449558826469 -9.17219231977736 131.563382353881 1879214.11363 -518429.123340128
-0.0653 0.0137417425771886 -0.0107408802513529 -9.17383597021075 131.556344997243 1879328.65677572 -518414.127780791
-0.06535 -0.0171825781178363 0.00807154502353756 -9.17586103488132 131.549307640605 1879240.81687495 -518414.351252328
-0.0654 -0.00715151354603804 0.0045341677939221 -9.18306220479649 131.542270283966 1879254.79108378 -518414.964492287
-0.06545 0.0153909318081897 -0.0258326331301005 -9.19653030779831 131.535232927328 1879184.4195347 -518397.639804018
-0.0655 -0.00133893470953767 0.0118558924568413 -9.19481305440617 131.52819557069 1879215.44184826 -518419.692000041
-0.06555 -0.0216994627990888 0.0141062855546302 -9.20953043164706 131.521158214051 1879079.13293198 -518410.221678839
-0.0656 0.0272748070227549 -0.0139007459194581 -9.20903541185569 131.514120857413 1879217.46961499 -518409.380995714
-0.06565 0.00361986054904537 -0.00726467575906665 -9.22669842410827 131.507083500775 1879081.3878345 -518383.115600507
-0.0657 -0.0173875259806009 0.026873331215552 -9.22144637662461 131.500046144136 1879222.87723153 -518374.105090295
-0.06575 0.000566242768500553 -0.00865710419954648 -9.23481012051114 131.493008787498 1879041.53444717 -518382.242778409
-0.0658 0.02716540939926 -0.0136098605310055 -9.23370416357447 131.48597143086 1879201.25832009 -518368.446982356
-0.06585 -0.0242517274471572 0.0123391669805947 -9.24614850373393 131.478934074221 1878957.46280119 -518378.729900953
-0.0659 -0.00679839528971461 0.0161141661398746 -9.24567937877725 131.471896717583 1879139.92136566 -518361.296418026
-0.06595 0.0215000700999622 -0.0285808271055666 -9.25887060038528 131.464859360945 1879015.65116922 -518350.210309632
-0.066 0.00209801716229644 0.00872647014403273 -9.2610610211123 131.457822004306 1879133.17890708 -518338.790280559
-0.06605 -0.0180624757877022 0.0191363191246942 -9.27327498641615 131.450784647668 1878998.62302358 -518342.168422762
-0.0661 0.0190749399254905 -0.0106718282804289 -9.27291584824778 131.44374729103 1879029.43431288 -518341.805404719
-0.06615 0.0112628093828019 -0.0125431119655538 -9.28531373790867 131.436709934391 1878922.16497306 -518338.807391676
-0.0662 -0.0128330228439996 0.0192991752682237 -9.28438464352509 131.429672577753 1879014.2113053 -518334.587607287
-0.06625 0.000750580406144675 -0.0016027109297709 -9.2964206315018 131.422635221115 1879002.71736439 -518293.894839236
-0.0663 0.0135228813681585 -0.0135912783399328 -9.30056424040073 131.415597864476 1878948.74260138 -518308.074525565
-0.06635 -0.00796624408008331 0.00973362014660647 -9.30653845112071 131.408560507838 1878904.69743824 -518315.86719866
-0.0664 -0.0095723558523549 0.00845257783695411 -9.3104884505061 131.401523151199 1878868.88904367 -518309.346433954
-0.06645 0.0137274691791857 -0.0119707985731708 -9.31853516948548 131.394485794561 1878861.51858596 -518290.822000109
-0.0665 -0.00127226635763277 -0.00376444961181046 -9.332815043256 131.387448437923 1878812.2983956 -518273.574358158
-0.06655 -0.00650641893552292 0.0173581072171025 -9.32792332317787 131.380411081284 1878976.22461812 -518271.551573405
-0.0666 -0.00172080705430444 -0.0128182583155363 -9.34366374740723 131.373373724646 1878768.88516491 -518254.540505043
-0.06665 0.0182991519036867 -0.00851039648024225 -9.34077693514076 131.366336368008 1878875.86620768 -518276.837188032
-0.0667 -0.0122990183452341 0.00418294827753004 -9.35611041885821 131.359299011369 1878709.60862257 -518261.920927071
-0.06675 -0.00293904965181384 0.0122703743257875 -9.35104183475097 131.352261654731 1878824.10190785 -518264.907808201
-0.0668 0.00387159921105101 -0.0097640546692805 -9.36755968689118 131.345224298093 1878695.52574802 -518246.602056805
-0.06685 0.0093451067146791 -0.000948068977374126 -9.36826948123622 131.338186941454 1878828.81204298 -518233.580101953
-0.0669 -0.0109083238988726 0.00878270674925112 -9.37579886544903 131.331149584816 1878700.469675 -518245.018958393
-0.06695 0.00465496397904119 0.00161831462133694 -9.37916589966781 131.324112228178 1878739.34281633 -518238.699425137
-0.067 -3.81720792298521e-05 -0.011622543115962 -9.39033416460315 131.317074871539 1878619.45469005 -518225.579969951
-0.06705 -0.00418860887029237 0.00791669449917639 -9.39200535189952 131.310037514901 1878697.58641332 -518216.653152705
-0.0671 -0.00434840318342339 -0.00548826299887321 -9.40326182613519 131.303000158263 1878589.48940347 -518204.449875361
-0.06715 0.00305591146186085 0.00265650243101889 -9.40347720897635 131.295962801624 1878704.51019145 -518202.26475008
-0.0672 -0.00366469390784491 0.00203811109654928 -9.41294843347806 131.288925444986 1878688.65240034 -518179.686735541
-0.06725 0.00101820121371969 0.00103679305998454 -9.41423355701738 131.281888088348 1878710.27777079 -518183.470424846
-0.0673 -0.00493549282776141 -0.00214317208136907 -9.42737912489147 131.274850731709 1878532.47977376 -518194.859883897
-0.06735 0.000122701915063182 0.000170118968198676 -9.42830269674157 131.267813375071 1878594.51332868 -518182.987070341
-0.0674 -0.00220620672000478 -0.00184758543683003 -9.43678113718326 131.260776018433 1878509.54864915 -518188.023046545
-0.06745 0.0010758584419265 0.0046434176519962 -9.4425943990071 131.253738661794 1878532.3278152 -518178.019403901
-0.0675 -0.0019204978302392 -0.00281197289050051 -9.45148843917915 131.246701305156 1878446.59639996 -518176.675997152
-0.06755 0.00348450608896458 0.000614561755332212 -9.45449227958605 131.239663948518 1878573.63017481 -518146.110511753
-0.0676 0.00191571703409355 -0.003273505633832 -9.46779906192994 131.232626591879 1878446.98981713 -518153.573735957
-0.06765 -0.000122756807119774 0.00828881524023964 -9.46625451147388 131.225589235241 1878507.46029094 -518147.361076033
-0.0677 -0.00461109744461107 -0.00628509863558523 -9.4759044801073 131.218551878602 1878380.39899142 -518132.40272331
-0.06775 0.00619958936176164 -0.00255047445256602 -9.4725774639132 131.211514521964 1878476.99686297 -518146.604329763
-0.0678 -0.0092597999699764 0.000351847500115393 -9.48711248422762 131.204477165326 1878369.78269006 -518129.384531366
-0.06785 0.00596911852829219 0.00227239876360657 -9.48795197027243 131.197439808687 1878454.04261369 -518131.629852866
-0.0679 0.00274668559905448 -0.00556479755313143 -9.50043398813165 131.190402452049 1878399.28449435 -518110.603849242
-0.06795 -0.00240486584625285 0.00616781043470702 -9.49630514693874 131.183365095411 1878472.93330369 -518113.814791865
-0.068 -0.00335356681539554 -0.00631377504113793 -9.5130666131859 131.176327738772 1878267.65404882 -518111.447532533
-0.06805 0.00469859883426687 0.00464289600419827 -9.51468894119851 131.169290382134 1878344.29557616 -518115.037229308
-0.0681 -0.000656502100068194 -0.00997093919793936 -9.52401156456684 131.162253025496 1878222.89736253 -518108.04652584
-0.06815 -0.00348016501522396 0.00767408746455887 -9.5208873078079 131.155215668857 1878393.09436286 -518093.522681298
-0.0682 -0.00204742657308146 -0.00804628040135278 -9.53658882273179 131.148178312219 1878266.33181892 -518068.793862307
-0.06825 0.0117515216132794 -0.00404773372339871 -9.53567151850538 131.141140955581 1878377.10502937 -518070.836084014
-0.0683 -0.0136779683820443 0.00563838777444876 -9.55207981994011 131.134103598942 1878153.92831073 -518085.013772359
-0.06835 0.00448193818979128 0.00557856608798402 -9.54825048098836 131.127066242304 1878264.44975672 -518088.929188152
-0.0684 0.00235153724005705 -0.00275075070543161 -9.56122535812169 131.120028885666 1878149.47262001 -518081.544020315
-0.06845 -0.00215501532966793 0.00825576598337844 -9.56121807807555 131.112991529027 1878300.90333627 -518050.604710005
-0.0685 -0.00188337969850923 -0.00142066976847959 -9.57362548400087 131.105954172389 1878203.35964828 -518038.626272684
-0.06855 0.00173250530832148 0.000996191080450044 -9.5784572725997 131.098916815751 1878159.01916108 -518045.219780815
-0.0686 0.00629920533261274 -0.00617806437696336 -9.57801278557724 131.091879459112 1878146.5129599 -518057.161630486
-0.06865 -0.00429762855886533 0.000895326457850068 -9.58891079556291 131.084842102474 1878098.08554074 -518043.028486843
-0.0687 -0.00501553238533134 0.00697036663418401 -9.59552792408826 131.077804745836 1878162.70841084 -518016.790899559
-0.06875 0.0045555459253313 -0.014158934012724 -9.60691475895043 131.070767389197 1878027.64908383 -518018.524014019
-0.0688 0.0079714593031306 0.00684002497526157 -9.59969401175077 131.063730032559 1878225.77260601 -518012.530129262
-0.06885 -0.0148681664730404 -0.00387001233314577 -9.62553417789446 131.056692675921 1877909.83051784 -518007.174586805
-0.0689 0.0167213442738843 0.00692357727228656 -9.61502021549092 131.049655319282 1878185.43216368 -518020.416645384
-0.06895 -0.00210561478247522 -0.0102989907927456 -9.63620519438698 131.042617962644 1877808.22922576 -518036.721473675
-0.069 0.00937177484305134 0.0160483808057699 -9.62051689407158 131.035580606005 1878162.48611678 -518017.966688629
-0.06905 -0.0161608322014149 -0.00951774191589956 -9.65231837096674 131.028543249367 1877762.11512538 -517998.021915143
-0.0691 0.0216683364491803 0.0096495015024737 -9.63188564236879 131.021505892729 1878222.73098452 -517984.675966154
-0.06915 -0.0139868993364118 -0.0199831688661759 -9.67261629375734 131.01446853609 1877687.37235203 -517972.223416406
-0.0692 0.0149904445689336 0.0276567467742095 -9.64251917002446 131.007431179452 1878287.64423119 -517969.11105172
-0.06925 -0.0127940955274968 -0.025485492084451 -9.68061505046777 131.000393822814 1877616.83915835 -517968.027982862
-0.0693 0.0215149984433643 0.0197463513599662 -9.65547638657268 130.993356466175 1878184.67211211 -517973.81388698
-0.06935 -0.0240430705995368 -0.0123505619165657 -9.69584811224757 130.986319109537 1877537.41881651 -517972.768791205
-0.0694 0.0171933182225034 0.0146136471101285 -9.6679306715367 130.979281752899 1878208.54331547 -517926.57434256
-0.06945 -0.0150095040923453 -0.0263675636951395 -9.70702157866048 130.97224439626 1877568.70298011 -517933.911831219
-0.0695 0.0175922142068185 0.0190240556244357 -9.67727171515243 130.965207039622 1878154.54989899 -517933.331821093
-0.06955 -0.0320698676673847 -0.0106725182652636 -9.72538768004788 130.958169682984 1877467.40786618 -517909.028116804
-0.0696 0.0309551662652311 0.00718535214095466 -9.69152720240315 130.951132326345 1878068.63606684 -517931.33128874
-0.06965 -0.0131225872609277 -0.0186277208544836 -9.7278527271103 130.944094969707 1877485.49326007 -517932.313311607
-0.0697 0.00175418615370165 0.0265281937960354 -9.70556170877113 130.937057613069 1877969.17442176 -517930.999580696
-0.06975 -0.0024148164636176 -0.0245247692233731 -9.73784765030899 130.93002025643 1877543.07825297 -517911.953467453
-0.0698 0.0237786102851661 0.00778553388729434 -9.7209591717132 130.922982899792 1877992.79578507 -517894.645652541
-0.06985 -0.02777636847125 0.00168574028742344 -9.75509475474083 130.915945543154 1877538.10169865 -517881.623821744
-0.0699 0.0152639543725845 0.0151516395676163 -9.73106651371321 130.908908186515 1877955.0313249 -517898.980777954
-0.06995 -0.00743922056001065 -0.0251879749034472 -9.76441525510152 130.901870829877 1877424.54452767 -517880.965426102
-0.07 0.0163359106217107 0.017832466345388 -9.74307864193437 130.894833473239 1877885.08759632 -517892.299919271
-0.07005 -0.0250231553083601 -0.00157651064226926 -9.7795336489139 130.8877961166 1877440.24214517 -517865.588081145
-0.0701 0.0161157197949325 0.0126275889198499 -9.75646184351751 130.880758759962 1877876.0762494 -517864.758692737
-0.07015 -0.0029955749853419 -0.0248129763462882 -9.78925969274481 130.873721403324 1877412.16434662 -517850.336641758
-0.0702 -0.00528488875674519 0.0265347044020805 -9.77349648287481 130.866684046685 1877829.41797092 -517832.526592971
-0.07025 -0.0139993842838009 -0.010200346334295 -9.79779515751874 130.859646690047 1877457.92988807 -517831.923173821
-0.0703 0.0234544920851327 -0.000575638242822289 -9.783828059071 130.852609333408 1877761.89775842 -517842.785803398
-0.07035 -0.0207584299397937 0.00674290113876279 -9.81098727396061 130.84557197677 1877377.81012224 -517853.698582268
-0.0704 0.0115128023260587 0.00792117218735198 -9.80250952732409 130.838534620132 1877656.13149141 -517840.000372113
-0.07045 -0.000631590729531439 -0.0157725837292069 -9.82010299034913 130.831497263493 1877432.27514327 -517818.731515348
-0.0705 0.00755896213256277 0.0112781507312013 -9.81034888251871 130.824459906855 1877725.19778314 -517809.835204902
-0.07055 -0.0152184836678371 -0.00398532542082988 -9.83291583972917 130.817422550217 1877416.37784777 -517792.657141019
-0.0706 0.0115422148017881 0.00105686121366062 -9.82793480255188 130.810385193578 1877580.54847756 -517804.8492533
-0.07065 -0.00242788107525152 -0.00788245841217876 -9.84593730204385 130.80334783694 1877382.98173971 -517803.914114434
-0.0707 0.000917594580753256 0.0101728785537757 -9.84174195622604 130.796310480302 1877522.52379016 -517797.511295493
-0.07075 -0.00344912109264161 -0.00415748466349455 -9.85648091502765 130.789273123663 1877376.31244959 -517785.49589881
-0.0708 0.0102703840105562 -0.00245971651843342 -9.85271918374417 130.782235767025 1877525.84104418 -517771.744812383
-0.07085 -0.00848960927050059 0.000663779748320566 -9.87026455249325 130.775198410387 1877387.29696573 -517749.538057504
-0.0709 -0.00250816389005951 0.0118970085651315 -9.86804481825534 130.768161053748 1877496.51955037 -517750.781478769
-0.07095 0.00611697391736082 -0.0130337448413828 -9.8827661271218 130.76112369711 1877308.69135563 -517752.98147569
-0.071 0.00522875248761229 0.0074130987648464 -9.88045314228776 130.754086340472 1877417.84486602 -517752.756736816
-0.07105 -0.0113129517318206 -0.00091508261265189 -9.89323166187305 130.747048983833 1877223.34104294 -517753.360145099
-0.0711 0.0117874522397345 -0.00114989247935944 -9.89042672057453 130.740011627195 1877438.56104775 -517731.701318312
-0.07115 -0.000580697870051311 -0.0091341656878215 -9.90562772336308 130.732974270557 1877318.81794315 -517710.881753736
-0.0712 -0.0024149364145764 0.0093087425896494 -9.90442181345663 130.725936913918 1877402.72339003 -517712.113352867
-0.07125 -0.0111850130874849 -0.000916552245834971 -9.91804800706648 130.71889955728 1877194.19562704 -517715.080117818
-0.0713 0.0147218616259845 -0.00646678195030089 -9.91228969506981 130.711862200642 1877353.46644672 -517717.040097492
-0.07135 -0.00457595386879828 -0.00294879180276496 -9.92901357057107 130.704824844003 1877158.15297782 -517713.128371691
-0.0714 0.000797563563554363 0.00801614729023458 -9.92759906780907 130.697787487365 1877323.65228192 -517698.497886794
-0.07145 0.00384646732740313 -0.0105871206147102 -9.9423217897038 130.690750130727 1877177.14268288 -517694.034899206
-0.0715 0.00204541794431741 0.00771392364543292 -9.93753374406846 130.683712774088 1877357.10544879 -517673.220035125
-0.07155 -0.00627546779017896 -0.00404453674895892 -9.95529345246829 130.67667541745 1877124.86757309 -517677.337475092
-0.0716 0.00953632960143875 0.000992378709954572 -9.95503654782263 130.669638060811 1877233.20987013 -517675.757296844
-0.07165 0.00167988648674845 -0.0119388859144538 -9.97131219817789 130.662600704173 1877024.25836762 -517682.042171552
-0.0717 -0.00410580952263895 0.014212055436127 -9.96202302204394 130.655563347535 1877233.12148898 -517666.053015647
-0.07175 -0.0121407521346759 -0.0068118342733361 -9.98141829277949 130.648525990896 1877042.12669111 -517639.962956545
-0.0718 0.0197405935183601 -0.00273916374517341 -9.97293651013691 130.641488634258 1877286.37615778 -517649.664371002
-0.07185 -0.0143090455999721 -0.00473164553836402 -9.99989462498438 130.63445127762 1876918.24612622 -517644.215832558
-0.0719 -0.00793721688365762 0.0216026475414752 -9.98278325453756 130.627413920981 1877167.33125416 -517656.474294175
-0.07195 0.00951347752435186 -0.0201624850381379 -10.0033940504721 130.620376564343 1876946.63520067 -517646.3988897
-0.072 0.0106357737549191 0.00190912112563186 -10.0011146696438 130.613339207705 1877171.92514945 -517619.845464104
-0.07205 -0.0246016519973823 0.0149540112197168 -10.020562795971 130.606301851066 1876926.63828963 -517623.3320973
-0.0721 0.0111435238364887 0.00483357313038047 -10.014971293279 130.599264494428 1877120.90398376 -517616.658447393
-0.07215 0.0122708472720078 -0.0214611151594669 -10.0304733623912 130.59222713779 1876891.64176142 -517616.318641088
-0.0722 -0.00635236261718186 0.0118874643202548 -10.0283856918047 130.585189781151 1876906.69222748 -517634.610672074
-0.07225 -0.00796007434873195 0.0107001735389051 -10.0372357124555 130.578152424513 1876911.27331083 -517608.390799137
-0.0723 0.00872536740492716 -0.0118351273559358 -10.0469773046307 130.571115067875 1876902.78846925 -517588.995316155
-0.07235 0.0102245947290316 6.50154372891152e-05 -10.047530518195 130.564077711236 1877013.86913908 -517577.493530292
-0.0724 -0.0217365901023755 0.00715997838585038 -10.0623047963213 130.557040354598 1876823.08980311 -517559.820543161
-0.07245 0.0139739316024522 0.00465560336221288 -10.0522884620436 130.55000299796 1877040.23204192 -517580.923629578
-0.0725 0.00274307092553079 -0.0205005916196913 -10.0768878777593 130.542965641321 1876747.969354 -517563.489624648
-0.07255 8.6774168572039e-05 0.0174500983156154 -10.0647537809208 130.535928284683 1876984.97629009 -517569.615759802
-0.0726 -0.00809020813606818 -0.0107580249727682 -10.0897065248555 130.528890928045 1876664.68605504 -517560.76820618
-0.07265 0.0113011156680044 0.012639838042317 -10.0762889297145 130.521853571406 1877039.26433701 -517545.760488269
-0.0727 -0.00985069160897612 -0.0122140870769959 -10.1036655874725 130.514816214768 1876639.56680389 -517545.292830845
-0.07275 0.00982562514533443 0.0179656671635159 -10.0883734149344 130.50777885813 1877022.52204122 -517536.612744034
-0.0728 -0.0165447213680298 -0.00874122590647153 -10.1174494706611 130.500741501491 1876575.39888767 -517530.611947861
-0.07285 0.020059352750896 0.00849426203784995 -10.1003440294232 130.493704144853 1876974.18083761 -517525.515377201
-0.0729 -0.0155327011340281 -0.0171329916465032 -10.1351887215208 130.486666788214 1876434.08597722 -517526.929085416
-0.07295 0.00621227916863981 0.0237532447046489 -10.1106955526909 130.479629431576 1876959.18508568 -517511.197450842
-0.073 -0.0118733343954085 -0.0249628956463876 -10.1462909971529 130.472592074938 1876427.51020632 -517490.566493536
-0.07305 0.0161048745470946 0.0153395089028468 -10.1195070402667 130.465554718299 1876982.31789229 -517489.40514329
-0.0731 -0.0270458356654925 -0.0124396110999915 -10.1601314186479 130.458517361661 1876426.98908325 -517473.087877507
-0.07315 0.0172307043613357 0.0188471279756913 -10.1271950974174 130.451480005023 1877000.35831507 -517491.722566127
-0.0732 -0.016076518579079 -0.0264380884627474 -10.1707916703 130.444442648384 1876295.16045888 -517490.851353636
-0.07325 0.0207434147408796 0.0195478754204235 -10.1405719204117 130.437405291746 1876927.3461574 -517495.10465509
-0.0733 -0.0259170257863228 -0.0135717025273206 -10.1842536066611 130.430367935108 1876319.14740433 -517469.880661225
-0.07335 0.0200982184892755 0.0181391799389413 -10.1543445921725 130.423330578469 1876960.08378195 -517449.740502408
-0.0734 -0.010592141808516 -0.0314280862773653 -10.2013783071115 130.416293221831 1876258.16813326 -517441.448779742
-0.07345 0.0128312857111301 0.0331389115029479 -10.1635347244606 130.409255865193 1876930.78334692 -517455.611482384
-0.0735 -0.0231025032747169 -0.0213705755867344 -10.2136923463909 130.402218508554 1876198.82807028 -517442.413141598
-0.07355 0.0324258663975527 0.0139216407324042 -10.1761084763915 130.395181151916 1876906.89121939 -517442.201294713
-0.0736 -0.0271200832531849 -0.0170316062754494 -10.2262568151216 130.388143795278 1876089.60423351 -517452.217189007
-0.07365 0.0190797091718874 0.0366221986131689 -10.1855118628333 130.381106438639 1876970.51525288 -517425.024538039
-0.0737 -0.0149854308478046 -0.0381980147070088 -10.2402685991533 130.374069082001 1876105.46909549 -517418.611437295
-0.07375 0.0286487398429236 0.02643189241961 -10.1925499950277 130.367031725363 1877009.27298398 -517398.58792648
-0.0738 -0.0445220127357389 -0.0209664900201037 -10.2573716652372 130.359994368724 1875946.4381018 -517400.527805868
-0.07385 0.0349517740717425 0.0308316161427001 -10.2043236743809 130.352957012086 1876938.67632719 -517407.217133548
-0.0739 -0.0174113200412027 -0.0511898143679216 -10.2691092754382 130.345919655448 1875834.36842436 -517404.547252849
-0.07395 0.0278655168426444 0.0426204845809552 -10.2113337729815 130.338882298809 1877012.58523066 -517388.658086396
-0.074 -0.0562902173739111 -0.0216566784235902 -10.2868410420492 130.331844942171 1875798.07290349 -517379.752747898
-0.07405 0.058642046585758 0.0186171162676186 -10.2190857146047 130.324807585533 1877069.74875514 -517366.573765139
-0.0741 -0.0355345658062438 -0.0354191071310563 -10.2976205802167 130.317770228894 1875840.93176112 -517355.493805502
-0.07415 0.0149582483488308 0.0541964052464236 -10.2398150879887 130.310732872256 1876972.69958259 -517343.732660213
-0.0742 -0.0169164110388687 -0.0463998083349867 -10.3079038821745 130.303695515617 1875805.81555534 -517365.969520549
-0.07425 0.0342897446292941 0.0240940093051413 -10.2579537319326 130.296658158979 1876808.77248882 -517345.997087272
-0.0743 -0.0386151700656752 -0.0124800799168608 -10.3151733485249 130.289620802341 1875870.03393959 -517343.330779996
-0.07435 0.0240873149198171 0.0214992630128321 -10.2755953053978 130.282583445702 1876692.46302239 -517329.693118372
-0.0744 -0.0169527643178939 -0.0239285432425053 -10.3221233095937 130.275546089064 1876008.04144938 -517314.991384967
-0.07445 0.00820458436501722 0.0179373041381988 -10.2935109647248 130.268508732426 1876537.87884181 -517302.383792713
-0.0745 -0.0110775635579459 -0.011644710744189 -10.3218888425896 130.261471375787 1876118.65706998 -517304.112543161
-0.07455 0.0139480653681078 0.00465932948028764 -10.308392565797 130.254434019149 1876412.49886091 -517313.777108597
-0.0746 -0.00904706425159732 -0.00908577189600695 -10.3390003568009 130.247396662511 1876019.03017259 -517314.176101194
-0.07465 0.00770062016735848 0.0138916621855853 -10.3245400933722 130.240359305872 1876353.21020223 -517298.414462482
-0.0747 -0.00161199360541095 -0.00665837348939213 -10.3410261634022 130.233321949234 1876168.90095072 -517281.190949528
-0.07475 0.00715207266175628 0.00286384464663579 -10.3406828024976 130.226284592596 1876298.55454499 -517271.9158326
-0.0748 -0.00922270878358576 -0.00287925125148115 -10.3517170311487 130.219247235957 1876148.42308994 -517259.041044226
-0.07485 0.000494746613590323 -0.0019891578424457 -10.3504250662514 130.212209879319 1876199.1681209 -517265.424980492
-0.0749 0.00563631990546802 -0.00277417009799541 -10.361624403159 130.205172522681 1876099.49333966 -517284.856932991
-0.07495 -0.00540998378189153 -0.00163086684426557 -10.3724150270841 130.198135166042 1875996.12584732 -517269.356066517
-0.075 -0.00192025082066072 0.00779348129944083 -10.3685187200717 130.191097809404 1876160.63810411 -517256.680371858
-0.07505 -0.00151642240851459 -0.0116566250769981 -10.384668940499 130.184060452766 1876003.44017488 -517239.905951105
-0.0751 0.00206467745149497 0.00964307244114727 -10.3808418223814 130.177023096127 1876193.96157863 -517232.414697605
-0.07515 -0.0111204465869965 -0.00216745555104312 -10.3992845489924 130.169985739489 1876009.00946697 -517213.596170066
-0.0752 0.0151166742600145 0.00386901326170651 -10.3939294907105 130.162948382851 1876196.98755303 -517213.892464079
-0.07525 -0.00388956497982846 -0.0114523506376681 -10.4162141068166 130.155911026212 1875853.91736357 -517228.258949793
-0.0753 0.00318719899424003 0.0165067318697429 -10.4026321954896 130.148873669574 1876164.62342539 -517221.335944048
-0.07535 -0.0137396057223373 -0.00727981506291883 -10.4260301998923 130.141836312936 1875850.8384508 -517205.675381416
-0.0754 0.029196385665924 -0.00142559894751816 -10.411536227424 130.134798956297 1876236.30183326 -517192.364794584
-0.07545 -0.0249973695932648 -0.0038203977270232 -10.4418316204635 130.127761599659 1875761.4196964 -517187.339616136
-0.0755 0.00403838282401419 0.0265567636826639 -10.4180941900556 130.12072424302 1876245.84707674 -517180.809433648
-0.07555 0.0025656229716925 -0.0333872346431745 -10.4559384075225 130.113686886382 1875698.50349401 -517179.003219194
-0.0756 0.0189465153957301 0.0150478868708574 -10.4302275692302 130.106649529744 1876203.7164384 -517172.496994261
-0.07565 -0.0399416807503316 -0.00363724669609815 -10.470990838117 130.099612173105 1875589.95152423 -517156.177196219
-0.0757 0.0271697460378524 0.00971249199807539 -10.4379500966535 130.092574816467 1876282.45875254 -517145.403827713
-0.07575 -0.0100498695952208 -0.0315936853493444 -10.4834266197895 130.085537459829 1875625.47690253 -517139.12589889
-0.0758 0.00340449437775466 0.0372768582747368 -10.4521138745403 130.07850010319 1876277.43493105 -517128.326709293
-0.07585 -0.0260612116857349 -0.0225976609330641 -10.4976697016777 130.071462746552 1875481.26339725 -517137.908876438
-0.0759 0.0427005414987581 0.00530067329093932 -10.4581393111148 130.064425389914 1876238.08630204 -517143.840081693
-0.07595 -0.0378462983652531 -0.016560399767036 -10.5165014309348 130.057388033275 1875393.13508801 -517113.254642724
-0.076 0.0136477103806348 0.0454645992071825 -10.4701668156992 130.050350676637 1876269.11668993 -517129.154398752
-0.07605 -0.00480385087954246 -0.0434230788907952 -10.525847880074 130.043313319999 1875464.38338177 -517099.805644803
-0.0761 0.0224937073856949 0.0244874062461519 -10.4825312333465 130.03627596336 1876253.2536685 -517094.839875925
-0.07615 -0.038748289986131 -0.00811724359389211 -10.5322497351175 130.029238606722 1875446.43483711 -517099.652319823
-0.0762 0.02555658400704 0.014419701669632 -10.494643361415 130.022201250084 1876152.73679897 -517088.11961731
-0.07625 -0.0176790415545131 -0.0318821543368488 -10.5460354055905 130.015163893445 1875355.77484284 -517088.858177255
-0.0763 0.0130321374339233 0.0265642830209941 -10.5113943555627 130.008126536807 1876066.05073437 -517090.367259786
-0.07635 -0.0185933911183048 -0.012423615324777 -10.5521176556744 130.001089180169 1875531.31873417 -517064.296104937
-0.0764 0.0175913415538695 0.00609012004745673 -10.5332418843816 129.99405182353 1875988.37566098 -517048.602063304
-0.07645 -0.00780458849536264 -0.0118764740873177 -10.5609396941931 129.987014466892 1875526.95690406 -517056.401822849
-0.0765 -0.00753548998275686 0.0222021684695233 -10.5498728695828 129.979977110254 1875840.18889524 -517031.763926174
-0.07655 0.00653855967081039 -0.0191120518933601 -10.5691333868801 129.972939753615 1875557.45587422 -517044.900471051
-0.0766 0.00796792175391771 -0.00228090719499732 -10.5656011967675 129.965902396977 1875738.2728366 -517026.987462443
-0.07665 -0.0213971785012665 0.00988740112158087 -10.5755015832432 129.958865040339 1875562.06614832 -517039.054092223
-0.0767 0.0126513964840877 0.000682681537608951 -10.571864588837 129.9518276837 1875769.99939642 -517024.683868732
-0.07675 0.000619776813688405 -0.0107706201653934 -10.5903671027492 129.944790327062 1875594.71910599 -517000.558201057
-0.0768 0.00370506048553713 0.00517921823517254 -10.5860369893325 129.937752970423 1875705.65794068 -517004.173184925
-0.07685 -0.0107022544187432 0.00590381128548592 -10.5981980938619 129.930715613785 1875562.94408579 -517001.246114182
-0.0769 0.00266613462195087 -0.00370385049333729 -10.5993625752348 129.923678257147 1875560.14666705 -517011.803924975
-0.07695 0.00936507557716573 -0.0135740011381311 -10.6087601390557 129.916640900508 1875558.08128734 -516983.888554408
-0.077 -0.0115776400159141 0.0108237742649984 -10.6180839017195 129.90960354387 1875547.9758318 -516987.367848222
-0.07705 -0.00258684429158507 0.00868824201703661 -10.6213251171635 129.902566187232 1875593.49533051 -516976.322609294
-0.0771 0.0157393340936119 -0.0240086226403624 -10.6286198665401 129.895528830593 1875512.87123954 -516960.947240371
-0.07715 -0.0129796971194829 0.017574266982243 -10.629481357518 129.888491473955 1875562.10140644 -516969.21885314
-0.0772 -0.00902291316287849 -0.00208199902255335 -10.6428996010536 129.881454117317 1875456.00076568 -516948.065790828
-0.07725 0.0118121974696216 -0.0084231041210628 -10.643255898578 129.874416760678 1875533.23454603 -516938.009494753
-0.0773 -0.00963986300014022 0.00685291167372436 -10.6533143799711 129.86737940404 1875444.6066188 -516946.012861332
-0.07735 0.0024106456664755 -0.00037033154916664 -10.6526702803166 129.860342047402 1875509.64400032 -516932.647330662
-0.0774 -0.0050529527958323 0.000128451861114229 -10.6656782424445 129.853304690763 1875400.51199618 -516929.356610842
-0.07745 0.00620113341761044 -0.000668161794717032 -10.6684559932292 129.846267334125 1875515.22029425 -516912.924126869
-0.0775 0.000546043259771388 0.000593134375178826 -10.6755712513853 129.839229977487 1875471.66506702 -516913.626769322
-0.07755 -0.0062877477012618 0.0123219512195452 -10.6766479743452 129.832192620848 1875453.94700235 -516920.058044351
-0.0776 0.0119811387364902 -0.0190831838727611 -10.6898815590654 129.82515526421 1875321.30086383 -516908.249041087
-0.07765 0.00414783948230174 0.00533747114116031 -10.689771650467 129.818117907572 1875457.2697238 -516907.260208671
-0.0777 -0.0227676813722465 0.0153545344456932 -10.7038679377774 129.811080550933 1875305.07154274 -516895.537259242
-0.07775 0.0272207579103172 -0.0133060631585508 -10.697235394023 129.804043194295 1875477.91590404 -516886.74808022
-0.0778 -0.00195879150231547 -0.0120415477125277 -10.718016422269 129.797005837657 1875273.43505613 -516864.836424731
-0.07785 -0.00784293001075113 0.0256678331958029 -10.7094528211914 129.789968481018 1875498.75830584 -516867.486579665
-0.0779 -0.0136368939486433 -0.0125219371682322 -10.7367518887178 129.78293112438 1875079.18895718 -516869.933555873
-0.07795 0.029349445491873 -0.00508147172588693 -10.7194255050006 129.775893767742 1875467.90719111 -516864.110763001
-0.078 -0.0152558006611566 -0.00895397434121879 -10.7450945270664 129.768856411103 1875104.38488827 -516856.381054742
-0.07805 -0.0046685962562273 0.0312685360228764 -10.7305825978621 129.761819054465 1875527.94541385 -516830.733302888
-0.0781 0.00219477899989679 -0.0269089168417841 -10.7636150307005 129.754781697826 1875031.78557632 -516837.082491423
-0.07815 0.0237780794241398 -9.15129406189721e-05 -10.7414854593227 129.747744341188 1875458.41232953 -516819.356017146
-0.0782 -0.0443047464131664 0.0144173336366691 -10.7726652071874 129.74070698455 1874955.35050176 -516830.954327223
-0.07825 0.0224539456306778 0.00774170627828429 -10.7495283519224 129.733669627911 1875418.53078391 -516830.820752379
-0.0783 0.00865825303799138 -0.0361635112499132 -10.7855661531093 129.726632271273 1874995.87558655 -516801.617909669
-0.07835 -0.00512696206932812 0.0354568617123046 -10.7659772598265 129.719594914635 1875478.98959957 -516786.096169769
-0.0784 -0.02332462904494 0.00242268029107016 -10.7975032831105 129.712557557996 1874990.8830561 -516799.362220294
-0.07845 0.036774020645412 -0.0128272862781416 -10.7800747646247 129.705520201358 1875321.13673333 -516794.0879319
-0.0785 -0.0160759132068411 -0.0106279724061787 -10.8097332813803 129.69848284472 1874907.94256647 -516788.302206255
-0.07855 -0.00805540409258524 0.0306643662931587 -10.788981538822 129.691445488081 1875354.6486093 -516769.171891001
-0.0786 -0.00102600433979873 -0.0229587369567943 -10.8201581683149 129.684408131443 1874960.73965579 -516754.928258774
-0.07865 0.0234465524019994 -0.0016244764898167 -10.8021984843764 129.677370774805 1875358.52081352 -516750.418403673
-0.0787 -0.02149323345776 0.00130696469008424 -10.8309637379312 129.670333418166 1874918.24490856 -516756.354079909
-0.07875 0.00209622564566259 0.0192032385423721 -10.8165230942469 129.663296061528 1875261.93543928 -516740.108830905
-0.0788 0.00768299285502309 -0.0326628288397975 -10.842429219624 129.65625870489 1874882.20532968 -516742.07954303
-0.07885 0.00571353234351885 0.0148691387705407 -10.8230424009554 129.649221348251 1875246.41473363 -516743.335038347
-0.0789 -0.0235190648553977 0.00371284602156659 -10.8536794769686 129.642183991613 1874895.7286314 -516720.811747322
-0.07895 0.0270183638859351 -0.00361399397039545 -10.8375160227558 129.635146634975 1875279.28533699 -516719.924222821
-0.079 -0.00788967592626477 -0.00518666008722505 -10.8634791186268 129.628109278336 1874901.4684288 -516717.545288756
-0.07905 0.000851968368817054 0.0162838311976823 -10.8504291193613 129.621071921698 1875133.5039638 -516722.65162988
-0.0791 -0.00130080821610515 -0.0118538164696024 -10.8755036138906 129.61403456506 1874848.75763008 -516714.622090861
-0.07915 0.0109460483146884 0.00275128750503357 -10.8678421307308 129.606997208421 1875096.35750633 -516691.918870721
-0.0792 -0.00884359310088203 6.18121317846376e-05 -10.8856422596129 129.599959851783 1874884.56443212 -516682.834738129
-0.07925 -0.00195061599325683 0.0115019633670778 -10.8811162045747 129.592922495145 1875061.11359089 -516678.229279247
-0.0793 0.00294688746693261 -0.00975775656464178 -10.8934284175421 129.585885138506 1874921.1120293 -516667.468522629
-0.07935 0.00380396620552288 0.00170902546788951 -10.8972489751628 129.578847781868 1874940.79580045 -516669.7321325
-0.0794 -0.0145512566871226 0.0149751430459919 -10.8995299152955 129.571810425229 1874949.86828953 -516662.911880531
-0.07945 0.0104499345115843 -0.0149398224726 -10.9064736596187 129.564773068591 1874896.15977049 -516658.664940176
-0.0795 0.00931079423014618 -0.00527704651549914 -10.9113239586415 129.557735711953 1874889.3471178 -516661.691006607
-0.07955 -0.0219311280709892 0.0141156683875004 -10.9245189748034 129.550698355314 1874800.72771092 -516636.918056158
-0.0796 0.0164472679938807 -0.00417401673716095 -10.9186960618625 129.543660998676 1874987.33277116 -516626.772264241
-0.07965 0.00314183037241759 -0.0152519663566794 -10.9326984062016 129.536623642038 1874831.6426193 -516620.62031016
-0.0797 -0.00547223015299949 0.0205497157540772 -10.9295672378829 129.529586285399 1875005.12633493 -516619.208469014
-0.07975 -0.00752829703896379 -0.00256088330566621 -10.9491242276022 129.522548928761 1874696.65001512 -516630.349872285
-0.0798 0.0171082856875059 0.000318978883194837 -10.9406947168977 129.515511572123 1874918.36961234 -516618.126280342
-0.07985 -0.0120401955777562 -0.0111737622412073 -10.9649693079174 129.508474215484 1874641.64930162 -516594.997379133
-0.0799 0.00228405522583099 0.0236307986167526 -10.9494670524103 129.501436858846 1875004.90613991 -516595.295551498
-0.07995 -0.00576874888834818 -0.0162543018314604 -10.9728096584376 129.494399502208 1874620.31821714 -516584.693054742
-0.08 0.0264200821579142 0.00331843686194378 -10.9564956957775 129.487362145569 1875047.09783903 -516569.870719365
-0.08005 -0.0327735958126821 -0.00386503497529954 -10.9925736016405 129.480324788931 1874500.43662891 -516560.961971586
-0.0801 0.0219186518749307 0.0205254695768671 -10.9606349400425 129.473287432293 1875039.6631684 -516584.451982658
-0.08015 -0.0110566167442086 -0.0418618569336345 -11.0142036660616 129.466250075654 1874259.07483072 -516569.484503279
-0.0802 0.0152503396794798 0.0321679083301991 -10.9638919029056 129.459212719016 1875155.5730946 -516551.025950416
-0.08025 -0.0364434010441214 -0.018893756001321 -11.0249005493804 129.452175362378 1874270.70155834 -516544.290320852
-0.0803 0.0429684869679301 0.0167915378983352 -10.9764959696063 129.445138005739 1875210.79677962 -516530.760037404
-0.08035 -0.0311216329408975 -0.0313856493722997 -11.0432327807602 129.438100649101 1874178.94373018 -516532.419502322
-0.0804 0.0202168696762143 0.0444354430425943 -10.9852795369688 129.431063292463 1875221.64749363 -516522.266484121
-0.08045 -0.0316605521407043 -0.0356333837855112 -11.0562623541712 129.424025935824 1874084.60137941 -516520.755735637
-0.0805 0.0461887523733408 0.0196024424066015 -10.9963421989872 129.416988579186 1875173.81221609 -516525.706857528
-0.08055 -0.0435468953653217 -0.0256948534058974 -11.0641538772613 129.409951222548 1874108.80381483 -516506.690919291
-0.0806 0.0266848915260723 0.0419433079648224 -11.0073394504109 129.402913865909 1875243.15572334 -516489.373744501
-0.08065 -0.0176119509232266 -0.0510252691634097 -11.0837245353015 129.395876509271 1874079.43038029 -516468.102318473
-0.0807 0.0264813470241193 0.0344600244471334 -11.026760206849 129.388839152632 1875106.65982831 -516478.31161992
-0.08075 -0.0406336623349176 -0.0166449580553103 -11.0870231603304 129.381801795994 1874113.06011589 -516472.153077047
-0.0808 0.0366820428637891 0.00898758086142359 -11.0407677755482 129.374764439356 1874973.56291394 -516461.700273407
-0.08085 -0.017832066916074 -0.0256356452334722 -11.0908149818233 129.367727082717 1874214.08093571 -516463.419198918
-0.0809 0.00611594193913842 0.0370489086928618 -11.0586013224805 129.360689726079 1874902.00466511 -516461.5896171
-0.08095 -0.00412103118584072 -0.0246147118319425 -11.0980924142397 129.353652369441 1874332.69009601 -516445.693045202
-0.081 0.0148931964857454 0.0139572929451843 -11.0769286268975 129.346615012802 1874751.59740385 -516437.80721471
-0.08105 -0.0174615249646439 -0.00791617020036696 -11.1078040111818 129.339577656164 1874333.82246441 -516424.522403039
-0.0811 0.012752923952936 0.0120193445659286 -11.0908793131109 129.332540299526 1874732.50499088 -516418.475583452
-0.08115 -0.00340996237413751 -0.00835126559411654 -11.114332268033 129.325502942887 1874393.00183815 -516415.756055176
-0.0812 0.00267290914067883 0.0114311246669832 -11.1065711962222 129.318465586249 1874570.85517562 -516423.876548655
-0.08125 0.000208656121274289 -0.0061457411952596 -11.1198030211249 129.311428229611 1874411.74091163 -516411.460175317
-0.0813 -0.000577547054017008 0.0052710503997023 -11.1253975842864 129.304390872972 1874507.13562286 -516386.288404485
-0.08135 0.00212564992831583 0.00050580362767105 -11.1303279339076 129.297353516334 1874488.33665117 -516391.420943839
-0.0814 0.00381312946301858 0.000589604467328139 -11.1326038999971 129.290316159696 1874462.42594624 -516398.851150838
-0.08145 0.00131914618882583 -0.00355716025259711 -11.144228138602 129.283278803057 1874419.60484105 -516369.637015731
-0.0815 0.00103627430441225 -0.000168672546071422 -11.1469608332096 129.276241446419 1874412.96015825 -516371.913245555
-0.08155 -0.00765103907519489 0.0036356584173458 -11.1527241636194 129.269204089781 1874392.44345688 -516353.2779292
-0.0816 0.00611224152086011 -0.00846771304228858 -11.1572372264943 129.262166733142 1874429.05661245 -516339.523710333
-0.08165 0.00364866172442663 -0.000244419796855761 -11.1637219586876 129.255129376504 1874455.03730188 -516332.266470946
-0.0817 -0.0164540249884864 0.0104584239153521 -11.1691796792738 129.248092019866 1874365.26575076 -516331.174542557
-0.08175 0.0109419506890661 -0.0122201409599045 -11.1749897827633 129.241054663227 1874355.83452782 -516330.038406934
-0.0818 0.00629407685730558 -0.00752485105629078 -11.1839369340487 129.234017306589 1874341.48479086 -516323.2109218
-0.08185 -0.010714786698415 0.0105583480496132 -11.1880278540697 129.226979949951 1874377.94559112 -516304.674884716
-0.0819 -0.00885844732532188 -0.000435493972765891 -11.1989962918284 129.219942593312 1874265.09139733 -516305.853151362
-0.08195 0.021629678117667 -0.0129872453009809 -11.191723243719 129.212905236674 1874465.49755576 -516293.636938098
-0.082 -0.00925224937373843 0.00104511321239807 -11.2129084571515 129.205867880035 1874297.4412783 -516287.469118838
-0.08205 -0.00371027192242762 0.0265948792858583 -11.2015437140626 129.198830523397 1874512.34897606 -516283.983864863
-0.0821 0.00382238232023507 -0.0199985514006655 -11.2273515007238 129.191793166759 1874126.19751174 -516281.761670645
-0.08215 0.0246771564667088 -0.000931849254565161 -11.2079377817727 129.18475581012 1874472.19164409 -516284.140655099
-0.0822 -0.0337446585050839 0.00529793108891152 -11.2418228594633 129.177718453482 1873988.96312882 -516281.594000184
-0.08225 0.0133121967525257 0.0143776283760298 -11.2223216572988 129.170681096844 1874466.76131266 -516266.426856494
-0.0823 0.00842115370705866 -0.0344369293067904 -11.2503273741223 129.163643740205 1874036.96089688 -516248.144755972
-0.08235 0.00562587624779393 0.0271577669914856 -11.2282664109458 129.156606383567 1874554.72252469 -516227.455728872
-0.0824 -0.030480464391262 -0.00436280163039766 -11.2698384442194 129.149569026929 1873952.16703579 -516224.884446359
-0.08245 0.0357622372106594 0.00314434704240497 -11.2409957217161 129.14253167029 1874484.64777939 -516235.03786939
-0.0825 -0.019679361076008 -0.0184763581087386 -11.2835779440562 129.135494313652 1873869.98683238 -516217.613049264
-0.08255 0.00217173614069843 0.035557679675392 -11.2534101170781 129.128456957014 1874481.90192507 -516212.398695799
-0.0826 -0.00699595039875258 -0.025856501946556 -11.2910993036902 129.121419600375 1873895.4107256 -516210.457748358
-0.08265 0.0266061567572373 0.00499358733430736 -11.2658615710684 129.114382243737 1874444.69843267 -516184.228797682
-0.0827 -0.0346883188009028 0.0014201391180569 -11.3028315140823 129.107344887099 1873915.34783846 -516182.193011363
-0.08275 0.0142953275642784 0.0146778255251645 -11.274649895939 129.10030753046 1874467.55475563 -516172.001062199
-0.0828 0.000670632581361315 -0.0367601903896786 -11.313385422449 129.093270173822 1873804.46992903 -516197.555449844
-0.08285 0.00379499039577348 0.0299365652936734 -11.2879662130492 129.086232817184 1874364.49437027 -516174.042322343
-0.0829 -0.0271192062433756 -0.00981839011231854 -11.3260609086513 129.079195460545 1873818.86943423 -516162.448789529
-0.08295 0.0271711192251071 0.00214423119411289 -11.3003976323549 129.072158103907 1874353.1773955 -516158.800095193
-0.083 -0.0128789568060587 -0.0171412493575201 -11.3353266846109 129.065120747269 1873887.45922658 -516138.689740944
-0.08305 0.00249856726766247 0.0280590508384398 -11.3117356292517 129.05808339063 1874427.24883286 -516113.560089281
-0.0831 -0.0124234033284998 -0.0228151452805953 -11.3484192648002 129.051046033992 1873782.56262034 -516130.511303861
-0.08315 0.0252663865942379 0.00109175590052465 -11.3212853544598 129.044008677354 1874287.40626517 -516128.845677104
-0.0832 -0.020658708643635 -0.00352959987671585 -11.3517314083969 129.036971320715 1873821.268021 -516135.857093152
-0.08325 -0.00788936891600971 0.0273055907012068 -11.3397085668554 129.029933964077 1874156.16817312 -516128.288989828
-0.0833 0.0131184110415099 -0.0274013298453936 -11.3623639913196 129.022896607438 1873899.56563605 -516113.248305461
-0.08335 0.013830966168125 -9.40705904430251e-05 -11.3514084493907 129.0158592508 1874153.5572339 -516096.049292618
-0.0834 -0.0328872926508217 0.0273370415945014 -11.3725862310476 129.008821894162 1873944.82237175 -516085.09548495
-0.08345 0.0118542194344429 -0.0149728164845049 -11.3736883225683 129.001784537523 1873919.60253785 -516095.952768147
-0.0835 0.0171759621099303 -0.0165657213120427 -11.3753874793426 128.994747180885 1873953.97959091 -516091.085980331
-0.08355 -0.0215650829152777 0.0142561785660675 -11.3856597389118 128.987709824247 1873902.58854017 -516076.693807291
-0.0836 -0.00281674376950154 0.0102113485536757 -11.3875959375545 128.980672467608 1874040.18685106 -516045.0735005
-0.08365 0.00815521660972532 -0.0214965706433005 -11.4067219032335 128.97363511097 1873791.31722992 -516052.493697439
-0.0837 0.00839937027693359 0.0115880543085079 -11.3955887224762 128.966597754332 1874034.27134695 -516058.872658313
-0.08375 -0.0236997362458934 0.00331184205411307 -11.4185696059622 128.959560397693 1873691.94754 -516062.988470054
-0.0838 0.0209057167325977 0.00933156010300128 -11.4019766581166 128.952523041055 1874062.12799833 -516056.796384779
-0.08385 3.23784584134296e-05 -0.0249062301296942 -11.4349020237197 128.945485684417 1873666.74704672 -516022.804956812
-0.0839 0.00755814171247358 0.0175472975537894 -11.4084138929767 128.938448327778 1874135.88622774 -516014.987017851
-0.08395 -0.0262807515518128 -0.00803474938860829 -11.4440629358803 128.93141097114 1873609.00819776 -516020.247238295
-0.084 0.0255035121966162 -0.00401310676473429 -11.4247232544897 128.924373614502 1874053.60320236 -516002.385917746
-0.08405 -0.0132323183077327 -0.0129241181719811 -11.4529809752486 128.917336257863 1873600.60757131 -516012.835069048
-0.0841 0.00237042989661087 0.0237795806582153 -11.4358138334231 128.910298901225 1873970.39853325 -516013.570750687
-0.08415 -0.00529095172068702 -0.0200095519107648 -11.4716344791021 128.903261544587 1873520.92993395 -516003.807594484
-0.0842 0.0213190716973831 0.0116680095053686 -11.4471568080816 128.896224187948 1874071.72385886 -515975.876308874
-0.08425 -0.0237711905750206 -0.00527773157125672 -11.4790781214227 128.88918683131 1873582.52465473 -515973.341532936
-0.0843 0.0180243604898254 0.00940418329741521 -11.4571099034657 128.882149474672 1874035.5115819 -515964.717069586
-0.08435 -0.00698886055826741 -0.0210703465683947 -11.4900772582624 128.875112118033 1873526.33651264 -515958.064473544
-0.0844 0.00385337520408986 0.0135825643818799 -11.4748349835475 128.868074761395 1873874.79988605 -515953.72919264
-0.08445 -0.010257491967747 -0.00875903770837441 -11.4980803845342 128.861037404757 1873552.52046744 -515961.658005672
-0.0845 0.0162908054609086 0.0091004988803323 -11.4801641174785 128.854000048118 1873967.61391838 -515936.172260755
-0.08455 -0.0088340493667847 -0.0156200655286022 -11.5146615743325 128.84696269148 1873521.6423242 -515928.244420818
-0.0846 0.00571838041383948 0.0170914692043904 -11.4921462636801 128.839925334841 1873939.20886907 -515912.013570555
-0.08465 -0.0188063475217224 -0.00809421409774033 -11.5221924831565 128.832887978203 1873474.00462411 -515912.167249298
-0.0847 0.0253115074608515 -0.00667264484383826 -11.5032392936215 128.825850621565 1873829.42103743 -515922.622299438
-0.08475 -0.0167607104144989 -0.00485308158280065 -11.5277294585809 128.818813264926 1873482.35712544 -515914.977771027
-0.0848 -0.00447560528944939 0.0205227708040536 -11.5180557582411 128.811775908288 1873819.4249741 -515892.367465991
-0.08485 0.00706129612648988 -0.0269619892882369 -11.5430858066327 128.80473855165 1873531.15636814 -515869.806163802
-0.0849 0.00857683982312164 0.00946934887136395 -11.5288942432348 128.797701195011 1873816.02552762 -515878.666987304
-0.08495 -0.0222977458388031 0.00768104803894873 -11.5516185168279 128.790663838373 1873513.35369911 -515870.763727972
-0.085 0.0152506752592411 -0.0027945227558953 -11.5428012639402 128.783626481735 1873706.48624915 -515872.316433274
-0.08505 -0.00734366247400958 -0.0136919642576696 -11.5637431786448 128.776589125096 1873448.7982088 -515858.758161644
-0.0851 -0.000133963482764768 0.0127040634192621 -11.556366839663 128.769551768458 1873692.64367322 -515864.746033185
-0.08515 -0.0013522222580833 -0.00517689555517251 -11.5729442614813 128.76251441182 1873571.65576218 -515829.468493357
-0.0852 0.012993005550737 -0.00552065101861483 -11.5651208917071 128.755477055181 1873695.14861428 -515834.37430252
-0.08525 -0.00548965959353493 0.00180462539357315 -11.5763213622823 128.748439698543 1873554.31761971 -515832.783142816
-0.0853 -0.0127792950084752 0.010387345699024 -11.5898156804936 128.741402341905 1873502.97275735 -515829.03236817
-0.08535 0.0146247391816674 -0.002618352770979 -11.5907552322425 128.734364985266 1873588.53893424 -515823.919610448
-0.0854 0.00906505043562604 -0.0179891024168613 -11.6053756268411 128.727327628628 1873446.25156881 -515810.559948867
-0.08545 -0.00988970396811244 0.0306423683867428 -11.5937209051369 128.72029027199 1873722.43252466 -515797.609246227
-0.0855 -0.0159480309128882 -0.00949130510298655 -11.6218783505741 128.713252915351 1873337.15675848 -515786.894852659
-0.08555 0.0376758759653199 -0.0119629522087381 -11.6003704119635 128.706215558713 1873729.25171894 -515777.963979643
-0.0856 -0.0265267318027106 -0.00997869758968171 -11.6421232489778 128.699178202075 1873135.81059969 -515777.576534555
-0.08565 0.00351792226735298 0.0418711858028658 -11.6061094473956 128.692140845436 1873831.89870716 -515772.951025356
-0.0857 -0.00945738196234362 -0.0350480221573773 -11.6569399591876 128.685103488798 1873151.65163704 -515736.993149862
-0.08575 0.0407106089277388 0.00738598758742561 -11.6124521374011 128.67806613216 1873908.92426875 -515740.128711452
-0.0858 -0.0485235462515069 -0.00479248775388888 -11.6669216311315 128.671028775521 1873049.97254688 -515739.262853064
-0.08585 0.0174612707716737 0.0305061464154174 -11.6231681094817 128.663991418883 1873845.62973984 -515739.628796984
-0.0859 -0.00439351704979986 -0.0475224099523111 -11.6764727205196 128.656954062244 1872981.76038079 -515741.923345001
-0.08595 0.0187871397216767 0.0271520732587249 -11.6340830032302 128.649916705606 1873828.0760523 -515721.60111362
-0.086 -0.0389428028129067 -0.00931775249189607 -11.6883936616593 128.642879348968 1873035.61350256 -515719.003037449
-0.08605 0.0283443057232228 0.0103969416709231 -11.6535324294524 128.635841992329 1873745.25933017 -515706.45114408
-0.0861 -0.00997856770725383 -0.0261974152587189 -11.6949142767748 128.628804635691 1873103.73925345 -515703.507623203
-0.08615 0.0068937467167871 0.0327374533264169 -11.6624045879003 128.621767279053 1873703.40607617 -515701.361721576
-0.0862 -0.0215860231135623 -0.00890814282375911 -11.7028952115236 128.614729922414 1873095.25725504 -515700.97736792
-0.08625 0.0378215600571218 -0.00383309226134162 -11.6747728450731 128.607692565776 1873616.39390888 -515686.898508756
-0.0863 -0.0269381802082868 -0.000209605099140665 -11.7132472883207 128.600655209138 1873079.30031758 -515684.337647843
-0.08635 0.0106575195845957 0.0101886442197609 -11.6906104673872 128.593617852499 1873552.27667493 -515657.435976279
-0.0864 -0.00570697206822884 -0.0202679375271658 -11.7181062357945 128.586580495861 1873187.61757152 -515646.083848505
-0.08645 0.00600804131696376 0.0121921904309875 -11.7066292171038 128.579543139223 1873510.10090392 -515631.580475377
-0.0865 -0.00522415520177271 -0.00562617321318145 -11.7304332031501 128.572505782584 1873196.60951343 -515650.413112929
-0.08655 0.00418251425392843 0.0172478682972921 -11.7189764078532 128.565468425946 1873450.19929691 -515638.01617273
-0.0866 -0.000529866719266141 -0.0186941000947243 -11.741889727827 128.558431069308 1873111.17577179 -515631.75340402
-0.08665 0.00639613737377016 0.00386460496417879 -11.7350669059898 128.551393712669 1873369.048109 -515617.224335751
-0.0867 -0.0198596407340985 0.00955439674521857 -11.7481093260549 128.544356356031 1873213.69203211 -515612.620451253
-0.08675 0.0156820881958103 -0.00638137660030958 -11.739748209467 128.537318999393 1873408.45741776 -515598.644656836
-0.0868 0.0057423377799955 -0.0136271976032556 -11.7574824684569 128.530281642754 1873233.03544837 -515587.701311198
-0.08685 -0.0112200311437604 0.0217962893764041 -11.7578959085118 128.523244286116 1873324.45745184 -515599.645268186
-0.0869 0.00228142188058423 -0.00932299717716242 -11.7692919640513 128.516206929478 1873134.32507008 -515602.423286201
-0.08695 0.0197992423557807 -0.0126352226377359 -11.7685726154231 128.509169572839 1873288.81431676 -515573.532821044
-0.087 -0.0178336408996467 0.00975882781992363 -11.7791801884634 128.502132216201 1873194.35468912 -515569.176072382
-0.08705 -0.0037634868619478 0.00841050102242246 -11.7806597556072 128.495094859563 1873253.11529776 -515561.15109285
-0.0871 0.012741393039084 -0.0119007407649016 -11.7880153961829 128.488057502924 1873225.01621547 -515545.77133446
-0.08715 0.00185901695005294 -0.00504988278060492 -11.7919325341998 128.481020146286 1873187.85853562 -515546.862835813
-0.0872 -0.0115359875500167 0.0145899838988748 -11.7950033888112 128.473982789647 1873161.7818657 -515565.802583371
-0.08725 -0.00165236789300586 -0.00720273303961121 -11.8090677531864 128.466945433009 1873064.06734432 -515541.160566933
-0.0873 0.01973418556697 -0.0118652353295272 -11.8022270138711 128.459908076371 1873245.66568259 -515530.289378841
-0.08735 -0.0123276446385026 0.00525170213344054 -11.8204765871149 128.452870719732 1873106.21392665 -515511.397993265
-0.0874 -0.00558096841565465 0.0211291244983034 -11.8131659795763 128.445833363094 1873300.86355374 -515506.208871655
-0.08745 0.0136935711468558 -0.0292854729739906 -11.8347911035795 128.438796006456 1873017.41001962 -515503.045115508
-0.0875 0.0112766019359819 0.0102779130710706 -11.823497793675 128.431758649817 1873300.30169572 -515498.81796973
-0.08755 -0.0404443259351285 0.0138361417153848 -11.848485098493 128.424721293179 1872863.41877809 -515500.168852601
-0.0876 0.0343268323451284 -0.00794169409201757 -11.8242897845743 128.417683936541 1873326.81723298 -515486.66563804
-0.08765 -0.00883101931710605 -0.0179441044889426 -11.8623811713211 128.410646579902 1872894.59156577 -515458.1181865
-0.0877 -0.00918969741308677 0.031336581493188 -11.8380334176588 128.403609223264 1873342.3820731 -515448.413894221
-0.08775 -0.00932901179286152 -0.019287224273247 -11.872296684252 128.396571866626 1872879.67891491 -515447.818846599
-0.0878 0.0259638403793897 0.00175355359741135 -11.8555103128588 128.389534509987 1873277.13384917 -515449.06556558
-0.08785 -0.0134984459331062 -0.00518297415708492 -11.8827771089096 128.382497153349 1872869.81686637 -515457.816998531
-0.0879 0.00161211673541058 0.0169231105284945 -11.8663799495583 128.375459796711 1873174.99810142 -515445.071571798
-0.08795 -0.00473598284321593 -0.0164772841602786 -11.8921978037568 128.368422440072 1872838.05851608 -515439.381350339
-0.088 0.0203388677676338 0.00162886733226867 -11.8750684861314 128.361385083434 1873257.10639178 -515405.182795381
-0.08805 -0.0231399256271469 0.00686513949581401 -11.9019949745369 128.354347726796 1872911.01017452 -515400.344103669
-0.0881 0.00746380090168208 0.00617975874205524 -11.8911594807454 128.347310370157 1873155.56009926 -515382.911814465
-0.08815 0.00370877061812857 -0.024123948898666 -11.9141038434785 128.340273013519 1872840.8453084 -515392.567817139
-0.0882 -0.00473348135743631 0.0232474903387446 -11.8991512719096 128.333235656881 1873099.9262379 -515406.34766243
-0.08825 -0.0171350338925123 -0.00472082266966819 -11.9240585481465 128.326198300242 1872823.77047942 -515369.42426428
-0.0883 0.0220380864917477 -0.00530866437753564 -11.9111040510653 128.319160943604 1873143.73226525 -515367.340501875
-0.08835 -0.0128406259918311 -0.00102156486073557 -11.9313884053772 128.312123586966 1872861.02848103 -515370.085810562
-0.0884 -0.0039058379032757 0.0160465883241736 -11.9234854216076 128.305086230327 1873066.86477108 -515362.418464736
-0.08845 -0.000434885045661453 -0.0126786081199282 -11.9453163684112 128.298048873689 1872861.46506295 -515338.917581307
-0.0885 0.00392989388012183 0.00467121661735159 -11.9370854066755 128.29101151705 1872987.49691372 -515351.357116708
-0.08855 -0.00955258593953232 -0.00158676358881013 -11.9536931989319 128.283974160412 1872825.01672066 -515343.640471129
-0.0886 0.00120485231760629 0.00133932753421404 -11.9520939635075 128.276936803774 1872982.00972508 -515318.602883679
-0.08865 0.00407262116237893 -0.00488729959073947 -11.9626758290111 128.269899447135 1872914.51275834 -515310.008012162
-0.0887 0.00773503049057084 -0.00107869756892256 -11.9634754041949 128.262862090497 1872956.52287255 -515315.048948221
-0.08875 -0.015736214443793 0.0143206829164046 -11.9706799947102 128.255824733859 1872900.94975934 -515308.470137568
-0.0888 0.00118889284989391 -0.00461419969313064 -11.977251922236 128.24878737722 1872844.43266227 -515300.938606739
-0.08885 0.0100414850343252 -0.0136141987761282 -11.9816023167868 128.241750020582 1872859.88657093 -515293.251370895
-0.0889 -0.00770298725641421 0.00885780762962619 -11.9834605046878 128.234712663944 1872934.57730154 -515270.933008743
-0.08895 -0.00404053541882818 0.00488814993441653 -11.9939062770544 128.227675307305 1872917.82358229 -515253.480933228
-0.089 0.0162748948918008 -0.0129643562833489 -11.9993613276149 128.220637950667 1872858.61393876 -515266.593049642
-0.08905 -0.00220869157850157 0.00326593199599244 -12.0023588301112 128.213600594029 1872864.07292381 -515261.298181675
-0.0891 -0.0130396952731746 0.00373596116424832 -12.0116721110618 128.20656323739 1872776.66122141 -515251.868647419
-0.08915 0.0142904744058786 -0.00401659697237652 -12.0066828494506 128.199525880752 1872932.32719091 -515252.873343763
-0.0892 -0.00352425884100325 -0.00765425104185584 -12.0252903301141 128.192488524114 1872748.4957846 -515234.631386551
-0.08925 0.00731701518675471 0.0101150401841842 -12.0189001300062 128.185451167475 1872957.23335218 -515223.29135728
-0.0893 -0.0172962789956878 -0.010499103114675 -12.0461864704386 128.178413810837 1872603.7416255 -515212.981576457
-0.08935 0.0291663190595265 0.0045163713015023 -12.0146832673605 128.171376454199 1873089.8264566 -515219.728441274
-0.0894 -0.0183700937376677 -0.0239148761200514 -12.0617485306715 128.16433909756 1872435.13560715 -515202.53646763
-0.08945 0.00729213332099654 0.0356083807112837 -12.025971057165 128.157301740922 1873146.16232546 -515198.190907146
-0.0895 -0.0158612907632136 -0.0319164169119848 -12.0777801446006 128.150264384284 1872354.03874502 -515202.50814308
-0.08955 0.0407516177189984 0.0141530887233139 -12.0318241751762 128.143227027645 1873256.34024743 -515166.738135565
-0.0896 -0.0547088212539258 -0.00455683652775895 -12.0997583454286 128.136189671007 1872291.37165693 -515160.167067795
-0.08965 0.0353528740503104 0.0348165185324796 -12.0389704056367 128.129152314369 1873280.40885986 -515177.4538601
-0.0897 -0.00863397471041792 -0.0572086159378013 -12.1118849231274 128.12211495773 1872130.46752894 -515176.467811496
-0.08975 0.0196357093276201 0.050746909542587 -12.0447883592544 128.115077601092 1873303.25121886 -515157.796063972
-0.0898 -0.0430757628210302 -0.0255862242571162 -12.1227722902156 128.108040244453 1872164.64789358 -515132.595834539
-0.08985 0.050800446567737 0.0117866315398132 -12.0618379754817 128.101002887815 1873258.35562402 -515119.325823091
-0.0899 -0.0325543046535398 -0.0294217044153789 -12.1294471649112 128.093965531177 1872188.72320212 -515122.967191766
-0.08995 0.0199207740007206 0.039665296000472 -12.0736174884567 128.086928174538 1873180.5838858 -515123.641908704
-0.09 -0.0251166545425895 -0.0293474325282317 -12.1407472076795 128.0798908179 1872126.03753751 -515132.499784885
-0.09005 0.0351486644969564 0.0213620966185158 -12.08783711012 128.072853461262 1873069.95066896 -515124.672640542
-0.0901 -0.0241276024159223 -0.0221662959554243 -12.1427474982935 128.065816104623 1872292.84860533 -515098.211842019
-0.09015 0.0073413531398824 0.0327316608701671 -12.1068584690611 128.058778747985 1873007.99560136 -515080.439789323
-0.0902 -0.00686750707340944 -0.0237420838282714 -12.1527818462157 128.051741391347 1872353.75284157 -515085.683649982
-0.09025 0.0262385715859528 0.0111447801639785 -12.1204016720456 128.044704034708 1872932.45732281 -515072.853282695
-0.0903 -0.0292460605949221 -0.0018239246058848 -12.1618879086834 128.03766667807 1872319.53433504 -515083.671890256
-0.09035 0.020995458625516 0.0100786451897412 -12.1388916271326 128.030629321432 1872809.95561378 -515070.474721232
-0.0904 -0.00235213590105814 -0.0207860842941413 -12.1675584671203 128.023591964793 1872403.91969178 -515055.757259054
-0.09045 -0.00207415316026629 0.0238177833426957 -12.1464373119854 128.016554608155 1872838.33763313 -515024.746429579
-0.0905 -0.00536850810875897 -0.0148826038572999 -12.1741665164728 128.009517251517 1872448.46372552 -515027.860964137
-0.09055 0.00660769949827563 0.00659412323764898 -12.161982476043 128.002479894878 1872719.57900751 -515029.496915887
-0.0906 -0.00993991910262004 0.0039062827963328 -12.1807809356707 127.99544253824 1872479.77048839 -515036.906909359
-0.09065 0.00796592355131985 -0.00326837938525748 -12.182119836982 127.988405181602 1872559.34593715 -515017.361388398
-0.0907 -0.00291115826891891 -0.00177443636977512 -12.1891541061979 127.981367824963 1872549.31750795 -514995.818997834
-0.09075 -0.00421456407280977 0.00782976413743896 -12.1919235751339 127.974330468325 1872632.18315189 -514988.95350388
-0.0908 0.00626931307473949 -0.00736664593358302 -12.1998340414673 127.967293111687 1872577.52214096 -514976.711772257
-0.09085 0.000153701764919266 -0.00167804596455341 -12.2031056629862 127.960255755048 1872505.99084698 -514990.068262418
-0.0909 -0.0014591342904409 0.00806704763146097 -12.2074659199424 127.95321839841 1872542.15063987 -514977.344737483
-0.09095 -0.00893850937596706 -0.00737943847070728 -12.2196866693868 127.946181041772 1872408.97229584 -514962.548768798
-0.091 0.0113656743517295 0.0020394167222014 -12.211794215354 127.939143685133 1872666.41445695 -514950.433731336
-0.09105 -0.0115171417273928 -0.00828629507062508 -12.2324452405746 127.932106328495 1872444.33528841 -514914.874366906
-0.0911 0.00568922850084844 0.0196068070560529 -12.2140173422799 127.925068971856 1872814.64631441 -514910.886111198
-0.09115 -0.00905808085186737 -0.0196638377557762 -12.2501122633446 127.918031615218 1872294.05902365 -514932.103152622
-0.0912 0.0264565945525757 0.00926325795535653 -12.2264170819964 127.91099425858 1872787.24755134 -514919.719301317
-0.09125 -0.0353853531772151 -0.0103639497749411 -12.2675979635438 127.903956901941 1872083.18394346 -514928.834685329
-0.0913 0.0274312439078529 0.0254119084928311 -12.2227639650713 127.896919545303 1872876.65250568 -514927.139223881
-0.09135 -0.0139002392917778 -0.0418220604719902 -12.2873477382027 127.889882188665 1872007.29737595 -514895.964490977
-0.0914 0.014925627068258 0.0455703867593395 -12.2340826280857 127.882844832026 1873020.2810696 -514874.493186542
-0.09145 -0.0317318771859473 -0.0383354190487433 -12.2981304873427 127.875807475388 1871928.0398108 -514886.000973972
-0.0915 0.0446863857666453 0.02592574513269 -12.2341135996889 127.86877011875 1873048.54769772 -514874.531968369
-0.09155 -0.048954739009064 -0.0335593499599052 -12.3239205796834 127.861732762111 1871702.91543968 -514877.589112312
-0.0916 0.0500085589017326 0.0417740194696965 -12.2347684259586 127.854695405473 1873202.02430652 -514869.114820079
-0.09165 -0.0563126961763753 -0.0475250863605791 -12.3411927561688 127.847658048835 1871555.39606975 -514864.077518722
-0.0917 0.0540312841971318 0.0519860406539559 -12.2369691639532 127.840620692196 1873358.97503901 -514829.52618372
-0.09175 -0.0595299042447487 -0.0600221192309793 -12.3637880559932 127.833583335558 1871424.08940095 -514827.403149798
-0.0918 0.0550604358125633 0.0681875074779579 -12.2475280536367 127.82654597892 1873396.70215392 -514829.798119895
-0.09185 -0.0545210338112754 -0.0738140631532853 -12.3777382471793 127.819508622281 1871248.76015683 -514844.525024157
-0.0919 0.0610466767274841 0.0633530894254535 -12.250592575411 127.812471265643 1873416.26263834 -514821.886246076
-0.09195 -0.0640528185498598 -0.0478916574144652 -12.3795999892836 127.805433909005 1871431.52661126 -514806.742874424
-0.092 0.0524089230972363 0.0398105849828072 -12.277669099759 127.798396552366 1873160.30258225 -514788.545839485
-0.09205 -0.0365012338923652 -0.0391698247432079 -12.3731090515187 127.791359195728 1871699.6063665 -514804.682400043
-0.0921 0.0241193666838826 0.0381143891329402 -12.3062293849298 127.78432183909 1872876.66067367 -514782.978076428
-0.09215 -0.0138643031923033 -0.027177824238635 -12.363062229197 127.777284482451 1871952.84159155 -514793.34220586
-0.0922 0.0134017258800274 0.0161697342433275 -12.3328972035444 127.770247125813 1872522.45470908 -514783.491168302
-0.09225 -0.0186986766636657 -0.00286371614931698 -12.3707371328264 127.763209769175 1872091.79237727 -514761.970245147
-0.0923 0.0144712463248022 -0.000536313727803331 -12.3538957223732 127.756172412536 1872446.39234311 -514740.944320722
-0.09235 -0.0119885273476849 -0.00211234026672504 -12.3675376399737 127.749135055898 1872235.57243742 -514735.021175127
-0.0924 0.00281704430016202 0.0033284697244919 -12.3652211999877 127.742097699259 1872379.22165449 -514724.713960812
-0.09245 0.00979746663536067 -0.00701763675510532 -12.3772865827739 127.735060342621 1872270.74404471 -514731.857361037
-0.0925 -0.0113117598300304 0.000887277803567335 -12.3843906166636 127.728022985983 1872144.14992681 -514736.229084505
-0.09255 0.00944360165490604 0.00142779474792392 -12.3827481192526 127.720985629344 1872327.59042924 -514719.130632125
-0.0926 -0.00166675021410205 -0.00971379730943791 -12.3971369771562 127.713948272706 1872200.92946336 -514698.552386944
-0.09265 -0.00106262241611662 0.0123504523519086 -12.386297580388 127.706910916068 1872441.51776639 -514682.807806208
-0.0927 -0.00640599206930646 -0.017322579906895 -12.4104347604587 127.699873559429 1872091.1390405 -514688.37771555
-0.09275 0.00748185487671456 0.0144611136097705 -12.3966588981224 127.692836202791 1872429.06621214 -514682.529861182
-0.0928 -0.0129959996667954 -0.0161485054334899 -12.4248091992171 127.685798846153 1871969.56736348 -514686.182568836
-0.09285 0.0194438127680858 0.015311946126961 -12.4031575746108 127.678761489514 1872530.56592218 -514662.415341569
-0.0929 -0.0240590995314192 -0.00889669409279798 -12.4435712537069 127.671724132876 1872005.8653362 -514635.334351782
-0.09295 0.01726716399744 0.02065753728418 -12.4093810453316 127.664686776238 1872568.17675443 -514639.052391314
-0.093 -0.0125143361801739 -0.0334968229723608 -12.457094886732 127.657649419599 1871809.9265284 -514646.141303825
-0.09305 0.0128265513349678 0.0269300402064264 -12.4159829775086 127.650612062961 1872552.07015748 -514641.129384015
-0.0931 -0.0270016121749165 -0.02215014218078 -12.4698006756655 127.643574706323 1871779.42330107 -514628.664675095
-0.09315 0.0287403473351757 0.0102062644999119 -12.431320488777 127.636537349684 1872545.10101931 -514604.65852322
-0.0932 -0.0257179394783037 -0.0182434439152851 -12.4742151825297 127.629499993046 1871937.42007577 -514576.312600494
-0.09325 0.0183906313325552 0.0269663758493463 -12.4373844673072 127.622462636408 1872579.96299288 -514596.997813989
-0.0933 -0.0102234059103082 -0.0349417935892123 -12.4915266703463 127.615425279769 1871809.6857635 -514585.41259378
-0.09335 0.0193962459255471 0.0228779934323883 -12.4464271715917 127.608387923131 1872509.75216435 -514586.763361612
-0.0934 -0.0296551668565368 -0.0177763567508278 -12.4988573552274 127.601350566493 1871744.75597527 -514576.791236203
-0.09345 0.0299234425563444 0.0213680645528068 -12.4568344160926 127.594313209854 1872592.74732979 -514564.08527719
-0.0935 -0.0217666446363219 -0.0186935387833778 -12.5100414945288 127.587275853216 1871820.36247155 -514553.821528217
-0.09355 0.0247402637969951 0.0292522890747185 -12.469788989887 127.580238496578 1872558.88654378 -514557.469414178
-0.0936 -0.0151622729980152 -0.0265574731166086 -12.5222593576547 127.573201139939 1871751.18962904 -514554.784740447
-0.09365 0.0184955460787732 0.0272155065603721 -12.4801491842572 127.566163783301 1872500.76244385 -514534.231307939
-0.0937 -0.023579638861214 -0.0207870672754583 -12.5299161718484 127.559126426662 1871770.88662971 -514519.96478543
-0.09375 0.025799943502265 0.016095280996522 -12.4941158275973 127.552089070024 1872447.00835169 -514533.119337519
-0.0938 -0.0195960673897222 -0.0101180878323274 -12.5360523065697 127.545051713386 1871873.68815909 -514504.431892813
-0.09385 0.0125579416442031 0.0167976516969705 -12.5091128229337 127.538014356747 1872397.27990784 -514487.039291986
-0.0939 -0.000450202662296824 -0.0112888043600206 -12.5397908794096 127.530977000109 1871982.72910179 -514493.122156145
-0.09395 0.000217662307554133 0.00127419448476184 -12.5363230171106 127.523939643471 1872101.66575542 -514473.636553825
-0.094 0.00361870162376216 0.00541437170807124 -12.5336772938508 127.516902286832 1872138.85225835 -514475.26600491
-0.09405 -0.0105509577763223 -0.00424238405847122 -12.5565712134688 127.509864930194 1871918.93800803 -514470.190532941
-0.0941 0.0119388238508041 0.0132123729822602 -12.5385037281853 127.502827573556 1872318.61919995 -514449.979808627
-0.09415 -0.017975176578136 -0.0197900319790281 -12.5737731879247 127.495790216917 1871792.8876293 -514433.814219255
-0.0942 0.0140509272373518 0.0298157929060064 -12.5374607584105 127.488752860279 1872470.9778085 -514434.162390943
-0.09425 -0.01550856830845 -0.0303130204951523 -12.5911265518461 127.481715503641 1871650.59441986 -514444.088770065
-0.0943 0.0260225040864924 0.0183497206013349 -12.5510149837178 127.474678147002 1872388.27815254 -514424.252646006
-0.09435 -0.0330166919628991 -0.0144513698136923 -12.6034603027135 127.467640790364 1871601.35315412 -514428.353875752
-0.0944 0.0266643694776161 0.0258627878636941 -12.5577559922254 127.460603433726 1872454.97641384 -514413.891723987
-0.09445 -0.0158797313627844 -0.03034601987909 -12.6134753180239 127.453566077087 1871632.74461884 -514401.508202108
-0.0945 0.0172537260079078 0.0300190404314478 -12.5712294013901 127.446528720449 1872455.22308311 -514379.268438969
-0.09455 -0.0209075824022323 -0.0216114280026163 -12.6203467503378 127.439491363811 1871607.26860141 -514396.704607702
-0.0946 0.022235060896469 0.0138643051405837 -12.5835388823598 127.432454007172 1872273.61637369 -514390.914668465
-0.09465 -0.0209631781091541 -0.014199873935342 -12.6281178174176 127.425416650534 1871700.30255 -514370.941373163
-0.0947 0.0186136752893784 0.0120339582445338 -12.5994149168846 127.418379293896 1872271.6728644 -514345.87139519
-0.09475 -0.0147601154472556 -0.0144214601696064 -12.6356345711562 127.411341937257 1871739.56058611 -514353.082529028
-0.0948 0.018864997944621 0.0133576986171812 -12.6097135643085 127.404304580619 1872234.02697699 -514352.267189138
-0.09485 -0.0146220575878954 -0.0147478558194647 -12.6471318098045 127.397267223981 1871697.57627727 -514347.529572796
-0.0949 0.0181533354718667 0.0115065609815659 -12.6207637721021 127.390229867342 1872146.77946608 -514350.315464166
-0.09495 -0.0108995957200932 -0.0148951779201734 -12.6525023025651 127.383192510704 1871738.23307114 -514329.102332056
-0.095 0.0103007802252732 0.0150037476375979 -12.6325410609577 127.376155154065 1872135.25912896 -514325.684834445
-0.09505 -0.00809810504227666 -0.0159400148504488 -12.6665017604048 127.369117797427 1871725.17742052 -514306.641568256
-0.0951 0.0101791043815917 0.0214417492873113 -12.6401186813353 127.362080440789 1872183.26336067 -514308.578050243
-0.09515 -0.00893979928362921 -0.0102521658411494 -12.6758507347233 127.35504308415 1871723.79235129 -514304.526155404
-0.0952 0.0157444028110213 0.00692197052054328 -12.659141646552 127.348005727512 1872052.91206061 -514292.884278438
-0.09525 -0.0120095386410385 -0.00484825007222714 -12.6812857323178 127.340968370874 1871755.34964945 -514291.34297671
-0.0953 0.00722098720956767 0.00720120648674927 -12.6702506192455 127.333931014235 1872047.70993749 -514265.764532803
-0.09535 -0.00442180757816224 -0.0126430922092348 -12.6890950923152 127.326893657597 1871823.56560767 -514247.771785343
-0.0954 0.00745123519982944 0.00671030116664933 -12.6806384808527 127.319856300959 1872030.2826714 -514246.642799599
-0.09545 -0.0131852911287724 -0.00504330368100133 -12.7046628475561 127.31281894432 1871731.80948242 -514230.175830584
-0.0955 0.0100477682310038 0.00219488177609292 -12.6893945663758 127.305781587682 1872006.7242179 -514226.234414539
-0.09555 0.00168482692786032 -0.00953842358921125 -12.7097288380331 127.298744231044 1871763.14437716 -514240.57227384
-0.0956 -0.00223702186284345 0.0142746559299028 -12.7082330031877 127.291706874405 1871958.95968345 -514213.653719207
-0.09565 -0.00639844341920799 -0.00272322123251202 -12.718598400876 127.284669517767 1871840.75511561 -514199.163622893
-0.0957 0.011655555626798 -0.00899811040491432 -12.7172390913086 127.277632161129 1871920.0493653 -514191.886338138
-0.09575 0.000271168658895617 0.00552263959828416 -12.7231529392411 127.27059480449 1871940.05731744 -514181.307327497
-0.0958 -0.0127923136973369 -0.00343529824055483 -12.7390592499102 127.263557447852 1871726.5952205 -514173.59836808
-0.09585 0.0134391823024271 0.00243990914683196 -12.7281337419777 127.256520091214 1871954.2206268 -514173.892733383
-0.0959 -0.0116138126223312 -0.0125542308791038 -12.7543179262569 127.249482734575 1871646.00211464 -514160.149578098
-0.09595 0.00779771317929549 0.013072763552459 -12.7342073017723 127.242445377937 1872053.19471559 -514151.809583817
-0.096 -0.0145138938561055 -0.0170917565249443 -12.7665322999423 127.235408021299 1871626.37610238 -514127.66050797
-0.09605 0.0154417161428193 0.0196301794075916 -12.7363619695487 127.22837066466 1872168.619095 -514127.77180505
-0.0961 -0.0183828542128147 -0.0264080559069314 -12.7827311304593 127.221333308022 1871411.56858887 -514147.218397594
-0.09615 0.0200286301728628 0.0234882114718381 -12.7409818074462 127.214295951384 1872167.87357309 -514127.655094275
-0.0962 -0.0332751414392962 -0.0217168445075138 -12.8016776332164 127.207258594745 1871357.90871126 -514112.118794677
-0.09625 0.0376297786208064 0.0138713654556676 -12.7492593627579 127.200221238107 1872280.68385444 -514093.722764938
-0.0963 -0.0314689343008462 -0.0276291176158684 -12.8121522642513 127.193183881468 1871314.86466237 -514101.615806584
-0.09635 0.0217198523414467 0.0374994833901567 -12.7527925345703 127.18614652483 1872331.92973035 -514078.635777288
-0.0964 -0.0309219717487735 -0.039536735697037 -12.8267045172473 127.179109168192 1871154.63547973 -514101.511978879
-0.09645 0.0401957698398473 0.0302355814102023 -12.7605119598813 127.172071811553 1872329.57468473 -514089.167294696
-0.0965 -0.0452089571619274 -0.0269058799761729 -12.8376083031458 127.165034454915 1871180.93843013 -514073.620063921
-0.09655 0.0307558992054276 0.0352187464936198 -12.7674496108106 127.157997098277 1872393.24845102 -514056.477023268
-0.0966 -0.0295344512838792 -0.0378509823641355 -12.8483328630488 127.150959741638 1871233.36471543 -514041.028243652
-0.09665 0.0352470220188382 0.0271386561310652 -12.7852097561853 127.143922385 1872262.67264949 -514052.00267929
-0.0967 -0.0368006480699209 -0.0183939315212278 -12.8476426246285 127.136885028362 1871312.58089789 -514037.997864293
-0.09675 0.0203213359818228 0.0254680428551145 -12.8051540021146 127.129847671723 1872106.48625552 -514036.997638511
-0.0968 -0.00582102321998047 -0.0325053699125156 -12.8578145860133 127.122810315085 1871361.88548623 -514032.863757131
-0.09685 0.0140793924699777 0.0187792717210471 -12.8259423381267 127.115772958447 1871972.61551277 -514014.487542895
-0.0969 -0.0277681639926664 0.00195211660068596 -12.856093344402 127.108735601808 1871538.81353061 -513997.046467234
-0.09695 0.0224071933483328 -0.00368996451180946 -12.8372090336604 127.10169824517 1871931.99253861 -513987.247908858
-0.097 -0.00210490577652284 -0.0101068069905527 -12.8580289576472 127.094660888532 1871617.11353906 -513987.423910739
-0.09705 -0.0119443975104661 0.0162993156617628 -12.8553476009646 127.087623531893 1871702.36727064 -513994.751376562
-0.0971 0.00505280246137243 -0.00589281470632781 -12.8701301512096 127.080586175255 1871666.69793542 -513970.490334051
-0.09715 0.00893549111956467 -0.0119132636879211 -12.8775807611952 127.073548818617 1871636.07350777 -513973.564437851
-0.0972 -0.00487820441961272 0.0142411643349364 -12.8725778083108 127.066511461978 1871762.42245864 -513956.506076236
-0.09725 -0.00230718443710688 -0.0132479672362403 -12.8899961885683 127.05947410534 1871560.54964518 -513939.909626792
-0.0973 0.0128800888832412 0.0129552144158694 -12.8741757283284 127.052436748702 1871873.86871538 -513944.999331604
-0.09735 -0.00961660815745482 -0.0144254159991216 -12.9045760751626 127.045399392063 1871472.66029569 -513923.215093581
-0.0974 0.00899001245619333 0.0117143627727587 -12.8828575286805 127.038362035425 1871825.27801727 -513927.734698219
-0.09745 -0.0188820564636083 -0.0129507395601568 -12.9161348194352 127.031324678787 1871326.54643817 -513945.047509956
-0.0975 0.0219772236151017 0.0121486248999552 -12.8886423911353 127.024287322148 1871925.94876897 -513904.155215003
-0.09755 -0.0160551816987195 -0.0191876465775619 -12.9342362926742 127.01724996551 1871368.7044048 -513875.438989964
-0.0976 0.00568417737103845 0.0221862768860275 -12.9007738590415 127.010212608871 1871942.98845938 -513869.604409095
-0.09765 -0.0121592699260131 -0.0163747815724534 -12.9410439736807 127.003175252233 1871345.04698696 -513897.86026113
-0.0977 0.0201705588899767 0.014083712598968 -12.915616330263 126.996137895595 1871855.85789422 -513887.66795295
-0.09775 -0.0155937343651186 -0.00570739914518232 -12.9464037868906 126.989100538956 1871360.06251186 -513895.378911468
-0.0978 0.0144552356733566 0.0122890122313232 -12.9300201657182 126.982063182318 1871773.85310547 -513867.505286511
-0.09785 -0.000760942725617854 -0.0126304725941691 -12.9555378284851 126.97502582568 1871464.73853809 -513854.407082095
-0.0979 0.00328904435800487 0.0160749333112988 -12.9394723412399 126.967988469041 1871753.51075288 -513842.879572137
-0.09795 -0.00934059129399319 -0.00752557913342335 -12.9630878090296 126.960951112403 1871474.84281371 -513821.136632689
-0.098 0.00698339470585693 -0.00145951325003896 -12.957610488144 126.953913755765 1871632.51556819 -513820.31963182
-0.09805 -0.00930725128225121 -3.41820493443998e-05 -12.9702265962523 126.946876399126 1871460.23821894 -513826.345570725
-0.0981 0.00132878018927147 0.00597443161428327 -12.9641552035455 126.939839042488 1871634.24623098 -513816.39203355
-0.09815 -0.000944191313639484 -0.00606961608580202 -12.9759421240309 126.93280168585 1871595.52767552 -513780.578452935
-0.0982 -0.00476464007606411 0.0133444316929798 -12.9784778134731 126.925764329211 1871655.39144573 -513785.655508238
-0.09825 0.00408081773393976 -0.00666805067732077 -12.9880685598629 126.918726972573 1871525.8287082 -513787.941526653
-0.0983 0.00442767363693181 -0.00283158968939516 -12.9883671070612 126.911689615935 1871568.67060197 -513775.720602446
-0.09835 -0.0147996902107848 0.00489971669207613 -13.0006202347942 126.904652259296 1871476.46182306 -513763.907615328
-0.0984 0.00611791853568757 -0.00429608367420089 -12.9987765757123 126.897614902658 1871601.5936116 -513744.844215307
-0.09845 0.00364281250126683 -0.00472216134953183 -13.0030178628605 126.89057754602 1871591.9710742 -513744.230682859
-0.0985 -0.011034277205122 0.0112039301585558 -13.0121468162459 126.883540189381 1871558.74112385 -513729.264618064
-0.09855 0.0114144483669644 -0.0103503476623098 -13.0172754625969 126.876502832743 1871555.20140511 -513717.21311555
-0.0986 -0.00285404978717761 2.46924156486972e-05 -13.0214299283613 126.869465476105 1871491.19432997 -513721.706292423
-0.09865 -0.00679921528772089 0.00523541750840181 -13.0238299521281 126.862428119466 1871513.3330321 -513717.239323165
-0.0987 0.00602044201031454 -0.0102244473927085 -13.0339157484236 126.855390762828 1871512.8964932 -513696.805939423
-0.09875 0.0015513986743583 0.00427021226081303 -13.0378214653396 126.84835340619 1871547.55433175 -513695.881145868
-0.0988 -0.00700878079597034 5.80922855212438e-05 -13.0469162672916 126.841316049551 1871468.53120168 -513681.654428078
-0.09885 0.00665715725594589 -0.00228052938313872 -13.0423317637169 126.834278692913 1871583.76015393 -513662.570949706
-0.0989 -0.00675332410142669 -0.00166765303769898 -13.0589759335563 126.827241336274 1871415.61062706 -513662.786518665
-0.09895 0.00244261966674939 0.0114960693663513 -13.0519122847189 126.820203979636 1871596.54796153 -513658.800787212
-0.099 0.00211454666397116 -0.0187593561519697 -13.0696725401427 126.813166622998 1871347.64560838 -513658.845656302
-0.09905 0.00861625166643777 0.0182588809452881 -13.0554243826818 126.806129266359 1871707.59420453 -513645.440880851
-0.0991 -0.0143197271696698 -0.00674624506170186 -13.0852139839006 126.799091909721 1871315.85394921 -513637.412135563
-0.09915 0.0248055603903731 0.00459789347218037 -13.0619010940964 126.792054553083 1871747.22226479 -513632.282025006
-0.0992 -0.0122886465629901 -0.017045627866385 -13.0975854302968 126.785017196444 1871218.10996544 -513628.407788802
-0.09925 0.01607794371055 0.020230472868955 -13.0713763436032 126.777979839806 1871718.0278789 -513621.9937935
-0.0993 -0.0174711530762715 -0.0179530442872229 -13.1135688996601 126.770942483168 1871156.32222264 -513601.719342349
-0.09935 0.0132809103833312 0.0193653248032134 -13.079931415846 126.763905126529 1871767.50691687 -513583.405150924
-0.0994 -0.00854015699319983 -0.0294618639062653 -13.1234515875651 126.756867769891 1871157.68149339 -513579.66498492
-0.09945 0.0136396229819598 0.0182392057537381 -13.0863546018572 126.749830413253 1871784.90254541 -513567.200709076
-0.0995 -0.0301467687461446 -0.00346289321399449 -13.1282570020572 126.742793056614 1871174.15976447 -513570.24596126
-0.09955 0.0319852649301086 0.0043465593188298 -13.0990991205154 126.735755699976 1871742.42487112 -513557.366297979
-0.0996 -0.0105731384653065 -0.0219266376946352 -13.1369240929264 126.728718343338 1871140.75641775 -513568.609795609
-0.09965 -0.00629964184923205 0.0362103620891465 -13.1080448994094 126.721680986699 1871698.02479932 -513546.850249297
-0.0997 -0.0059198757592789 -0.0245883612396405 -13.1484678184474 126.714643630061 1871217.84061194 -513517.335929789
-0.09975 0.0290903844609943 -0.00638525050153677 -13.127436207243 126.707606273423 1871652.17747266 -513510.089206569
-0.0998 -0.0241702987641557 0.0139841290311866 -13.1488052255525 126.700568916784 1871327.95079097 -513525.527418446
-0.09985 -0.00152243865084015 0.00948779022322644 -13.1452983285443 126.693531560146 1871449.74476514 -513522.981020485
-0.0999 0.0185310989918476 -0.0155355706138906 -13.1509757810917 126.686494203508 1871387.49814602 -513523.985645574
-0.09995 -0.00864706643117037 0.00388170589482155 -13.1616164296919 126.679456846869 1871410.19234564 -513485.210171787
-0.1 0.00123954131354751 0.0091340165126881 -13.1545733143979 126.672419490231 1871582.99439976 -513464.25806881
-0.10005 -0.0126386893553945 -0.00607661926543349 -13.1757087490997 126.665382133593 1871282.95113214 -513477.707132724
-0.1001 0.00851098748784331 0.00712365112056121 -13.1630968508351 126.658344776954 1871535.70145229 -513463.613654971
-0.10015 -0.000743148946220713 -0.0209410983890341 -13.1903562458582 126.651307420316 1871192.93335724 -513464.312285663
-0.1002 0.00350152915461375 0.0235994045439325 -13.1684106341393 126.644270063677 1871630.20010314 -513450.416331012
-0.10025 -0.0211930836107869 -0.00660465493441818 -13.2015919929508 126.637232707039 1871203.67495483 -513443.89171838
-0.1003 0.0362434475158075 0.00667270220602573 -13.1699281253203 126.630195350401 1871788.92350548 -513421.389584752
-0.10035 -0.0220820414115751 -0.0159692077882043 -13.2161272101634 126.623157993762 1871097.3142746 -513414.23673982
-0.1004 0.00287102404796368 0.0349949712126361 -13.1776547921571 126.616120637124 1871707.28441448 -513415.391575566
-0.10045 -0.00225787254370031 -0.0339930806334969 -13.2289638530264 126.609083280486 1871033.18632544 -513412.537737252
-0.1005 0.0211242994912821 0.0175098625437265 -13.1917358585019 126.602045923847 1871696.36712624 -513394.121428973
-0.10055 -0.0321216423158181 -0.0112634090306079 -13.2375581035989 126.595008567209 1871049.30246853 -513383.443092875
-0.1006 0.0283631159330931 0.0219406058303084 -13.1948084835435 126.587971210571 1871781.0118476 -513394.641754631
-0.10065 -0.0163391966169747 -0.020585113257494 -13.2505001613646 126.580933853932 1871051.84123903 -513366.140043254
-0.1007 0.0176042665880528 0.0235894144738126 -13.2091273850754 126.573896497294 1871676.99442796 -513372.228109266
-0.10075 -0.018814201317823 -0.0216013074729098 -13.2563810420262 126.566859140656 1870978.10330861 -513361.952155641
-0.1008 0.0158311772802672 0.0203324750936607 -13.220224752735 126.559821784017 1871670.19074415 -513334.907861766
-0.10085 -0.0145806661302295 -0.0212500363491568 -13.2624659637805 126.552784427379 1871091.5982437 -513323.2842984
-0.1009 0.0157040385831424 0.0149208897675543 -13.2321108812506 126.545747070741 1871640.71798615 -513327.374773879
-0.10095 -0.0237812645281054 -0.00780192615391922 -13.2726615619578 126.538709714102 1871102.12425583 -513312.463989957
-0.101 0.0152972697442272 0.00748274685752836 -13.2456318071721 126.531672357464 1871588.10935341 -513304.48230848
-0.10105 -0.00432295006216892 -0.0197124887977567 -13.2832976113684 126.524635000826 1871088.76879553 -513298.010369166
-0.1011 -0.00283019842553612 0.0205850238100387 -13.2616929188208 126.517597644187 1871416.88507339 -513312.314060816
-0.10115 -0.00554900744451524 -0.00751867874401512 -13.2847018619053 126.510560287549 1871119.91339056 -513316.260440237
-0.1012 0.0135297824439198 -0.0043202764319363 -13.2768178722733 126.503522930911 1871384.13933606 -513282.243747262
-0.10125 -0.00745276245264089 0.00291892858444951 -13.2896249398581 126.496485574272 1871292.16079771 -513264.953958668
-0.1013 -0.00488450131778639 0.00253817189143272 -13.2915800392797 126.489448217634 1871346.15881559 -513241.149223323
-0.10135 0.00927414233935502 -0.00454464993374924 -13.2924638184843 126.482410860996 1871344.39617312 -513254.190557647
-0.1014 -0.00330883170234623 -0.0103173701154764 -13.3082499977335 126.475373504357 1871174.08631378 -513249.566705472
-0.10145 -0.00177252976144246 0.0220926807568762 -13.299153147527 126.468336147719 1871412.67651939 -513240.720541884
-0.1015 -0.0178135218655356 -0.0159667537309918 -13.3287199982336 126.46129879108 1870988.91792668 -513232.741419103
-0.10155 0.0322753416192177 0.0140207950162938 -13.2882637559826 126.454261434442 1871704.99260463 -513224.036869085
-0.1016 -0.0285528602272345 -0.0259801465126134 -13.3502714627307 126.447224077804 1870866.65141661 -513199.269126621
-0.10165 0.0162194591788383 0.0446926988003211 -13.2934535077449 126.440186721165 1871842.47979519 -513181.642663046
-0.1017 -0.0214039409941617 -0.0466569180090801 -13.3723344069005 126.433149364527 1870639.04806352 -513210.147961707
-0.10175 0.0444386056125678 0.0365353913567799 -13.2918857863816 126.426112007889 1871924.54627559 -513198.727596735
-0.1018 -0.0452398355338919 -0.0326872257206233 -13.3848049803042 126.41907465125 1870535.94476509 -513190.440327383
-0.10185 0.0410217318023177 0.0474850503378156 -13.2982642170689 126.412037294612 1871966.86879967 -513192.209677844
-0.1019 -0.0306506552681875 -0.045248363818894 -13.3920500193948 126.404999937974 1870590.54040252 -513171.490156506
-0.10195 0.0388718131484827 0.031456004542181 -13.314226054981 126.397962581335 1871925.2326545 -513127.553852741
-0.102 -0.0445266471351196 -0.0313914493241804 -13.396489460093 126.390925224697 1870677.25218258 -513126.607596572
-0.10205 0.0278228106579106 0.036571664095654 -13.3239166106355 126.383887868059 1871847.53542139 -513127.154458372
-0.1021 -0.0229562377062002 -0.0374671029940903 -13.4019831450561 126.37685051142 1870680.12670492 -513131.115847516
-0.10215 0.0312454056551121 0.0229729791658947 -13.3462114138291 126.369813154782 1871677.25764834 -513119.87343635
-0.1022 -0.0322284982169025 -0.00822075439340271 -13.4008908968849 126.362775798144 1870871.29313224 -513122.677141634
-0.10225 0.0223211690090262 0.018572912071073 -13.3635588276213 126.355738441505 1871608.14161155 -513094.079073752
-0.1023 -0.00640370782273896 -0.0293771256830713 -13.4070931308291 126.348701084867 1870952.12482487 -513074.00291682
-0.10235 0.00286449680916409 0.0201320721246722 -13.3811004917616 126.341663728229 1871452.19790135 -513071.406620358
-0.1024 -0.0105648821101166 0.00122574814294301 -13.4066602509104 126.33462637159 1871152.53560138 -513062.729513278
-0.10245 0.0116838470448133 -0.011581117414947 -13.4018635442742 126.327589014952 1871253.90773338 -513059.633277081
-0.1025 -0.00151115091933984 0.00190511763580364 -13.4082708585726 126.320551658314 1871222.16963468 -513052.718235854
-0.10255 -0.0100462490421975 -0.00294511612898121 -13.4198878808585 126.313514301675 1871092.5140891 -513045.428312289
-0.1026 0.0137341800679074 0.000875599493080025 -13.4073235910569 126.306476945037 1871408.17237661 -513017.411625161
-0.10265 -0.0117649302608625 -0.00905740705633393 -13.4303182341522 126.299439588399 1871098.15786222 -513014.390877295
-0.1027 0.0132766159881141 0.00952798365602365 -13.4123926787065 126.29240223176 1871417.8209862 -513015.632593955
-0.10275 -0.0140280877143668 -0.0104456396170734 -13.4447263917685 126.285364875122 1871003.69008308 -513014.346017991
-0.1028 0.0140941402157454 0.0146023180889476 -13.4209742492714 126.278327518483 1871459.39822778 -512999.16808998
-0.10285 -0.00953211016928391 -0.0219009585308671 -13.4635693139888 126.271290161845 1870900.85035036 -512990.2555168
-0.1029 0.0155766627193868 0.0232417152224044 -13.428624481947 126.264252805207 1871518.18102819 -512987.995401667
-0.10295 -0.0236989419619795 -0.0145784349497934 -13.4690019996704 126.257215448568 1870901.14507852 -512975.628391241
-0.103 0.0227743760146157 0.00631569987567465 -13.4384323767356 126.25017809193 1871532.79703101 -512937.708143704
-0.10305 -0.0184096778459591 -0.01667488596926 -13.4798828102756 126.243140735292 1870938.09149294 -512948.916250923
-0.1031 0.0027058527507234 0.0289876328677898 -13.442901349422 126.236103378653 1871509.03816916 -512946.806512219
-0.10315 -0.00530668400879147 -0.0258053635666266 -13.4864732769292 126.229066022015 1870909.12294417 -512949.645732366
-0.1032 0.0191168124927928 0.00908314783144798 -13.4612058554393 126.222028665377 1871438.04196974 -512928.754890589
-0.10325 -0.0288527981559215 -0.00510698474290963 -13.4975096724908 126.214991308738 1870936.12489634 -512911.246484312
-0.1033 0.0148790797108038 0.0133681779637946 -13.4650512440026 126.2079539521 1871504.25883992 -512902.008969533
-0.10335 -0.00644800036354149 -0.0202136539103165 -13.503278250677 126.200916595462 1870999.87994221 -512887.525054581
-0.1034 0.00769491741952748 0.0108763404801227 -13.484883735183 126.193879238823 1871324.02571712 -512896.128104169
-0.10345 -0.00839305522243586 -4.54986235513326e-05 -13.5038838177633 126.186841882185 1871082.49990009 -512897.610998185
-0.1035 0.00874710777341957 -0.00229571864179809 -13.5029725799187 126.179804525547 1871217.38824636 -512871.951708132
-0.10355 0.00562368880040414 -0.00262084550211014 -13.5061104463734 126.172767168908 1871210.79773834 -512860.521878897
-0.1036 -0.0043846906802339 0.000205998298660985 -13.5152102863788 126.16572981227 1871145.22444604 -512859.009611264
-0.10365 -0.00037625605425409 0.0106003736749659 -13.5124975629248 126.158692455632 1871267.51825419 -512851.947887573
-0.1037 0.000797507835208244 -0.0133642151336632 -13.5296547634607 126.151655098993 1871047.75196768 -512849.80612179
-0.10375 0.0140168621835871 0.0153710231448386 -13.5172825660694 126.144617742355 1871364.14752893 -512844.537853202
-0.1038 -0.0287274410517184 0.000742680453873424 -13.5490309378815 126.137580385717 1870924.99844657 -512825.652338783
-0.10385 0.0310591158589607 0.0102456326987834 -13.5131025060687 126.130543029078 1871566.65846213 -512806.164592298
-0.1039 -0.0202919543778198 -0.023279567379812 -13.5708942937313 126.12350567244 1870757.9151686 -512816.066513877
-0.10395 0.0226477117246298 0.0376669152436618 -13.5139631450327 126.116468315802 1871709.96628398 -512787.663408437
-0.104 -0.0377482762816613 -0.0367003213836426 -13.5929237898606 126.109430959163 1870497.24654026 -512794.826756497
-0.10405 0.0518227676539391 0.0343188398736268 -13.5092612749895 126.102393602525 1871852.06026411 -512793.410495685
-0.1041 -0.0574554510107049 -0.0489747240157715 -13.6230003955547 126.095356245886 1870218.14572545 -512772.061810684
-0.10415 0.0533130549396652 0.0674115109663811 -13.5009996201012 126.088318889248 1872234.8064021 -512737.233421487
-0.1042 -0.0586746455348409 -0.0736087166249499 -13.6444350476986 126.08128153261 1870009.94453299 -512755.699361388
-0.10425 0.0739482006304966 0.0601922156962749 -13.5021254191866 126.074244175971 1872313.07926684 -512735.751574046
-0.1043 -0.0805687193484469 -0.046736594164508 -13.6552965147978 126.067206819333 1869980.58507304 -512745.530643145
-0.10435 0.0647955836631858 0.0497159278867084 -13.5252280083944 126.060169462695 1872102.59383502 -512727.126597219
-0.1044 -0.0396792559549897 -0.0613698329534491 -13.6464570632068 126.053132106056 1870290.92930087 -512716.573928507
-0.10445 0.031761760748405 0.0458216711748721 -13.5512728577133 126.046094749418 1871860.31174402 -512697.66551086
-0.1045 -0.0384870453755565 -0.02316549519875 -13.6340261626933 126.03905739278 1870648.54127984 -512687.344935841
-0.10455 0.029396161641693 0.0189041673203377 -13.582089147975 126.032020036141 1871496.91634975 -512702.162459466
-0.1046 -0.0142276490072053 -0.0176044668967067 -13.6290174929377 126.024982679503 1870821.06656634 -512684.701860343
-0.10465 0.00181188853131575 0.0125647529051616 -13.6082061325998 126.017945322865 1871228.20358517 -512666.783476045
-0.1047 -0.00571514323581036 4.00371588854517e-06 -13.6228463966115 126.010907966226 1871048.34146618 -512673.521317549
-0.10475 0.00624901493244424 -0.00358953473058364 -13.6263205223642 126.003870609588 1871152.64135524 -512645.557290482
-0.1048 0.00365822539281628 -0.00143853976340331 -13.6285396786803 125.99683325295 1871153.29505685 -512639.362063237
-0.10485 -0.00881337212726851 0.00370704040087499 -13.6394896767489 125.989795896311 1871057.57545447 -512644.707758961
-0.1049 0.00262272605523283 0.00516735175783659 -13.63338708757 125.982758539673 1871205.68305812 -512621.912796674
-0.10495 0.000109503636813914 -0.0142564077161664 -13.6494064467404 125.975721183035 1871001.82812024 -512620.740521876
-0.105 0.00784431918375629 0.0187095710534781 -13.6355479963768 125.968683826396 1871298.01435329 -512622.672209758
-0.10505 -0.0175131664876915 -0.00484103400967896 -13.6636130326325 125.961646469758 1870939.67925295 -512598.630188809
-0.1051 0.0169460103380285 0.00682177033197703 -13.6415823708902 125.95460911312 1871399.67566863 -512575.361905591
-0.10515 -0.0104204826092918 -0.0168333762872897 -13.6744681855063 125.947571756481 1870914.51300178 -512572.891650298
-0.1052 -0.000112360209379495 0.0221446713586505 -13.6529373236766 125.940534399843 1871295.84289913 -512564.407169211
-0.10525 -0.00650436155699987 -0.0210687352575417 -13.6868327809199 125.933497043205 1870832.3937348 -512579.708421334
-0.1053 0.0228667006020177 0.0180480793070029 -13.6619063734432 125.926459686566 1871367.00167683 -512569.176925201
-0.10535 -0.0256907303733039 -0.00980167824121549 -13.7022731902445 125.919422329928 1870797.11474791 -512540.19041774
-0.1054 0.0156944291852249 0.0193514315041889 -13.664487318221 125.912384973289 1871472.66467889 -512518.257203556
-0.10545 -0.0213392913621973 -0.0274597056004511 -13.7157291290579 125.905347616651 1870670.54718971 -512529.682225438
-0.1055 0.0264591519793332 0.0231984532890365 -13.6710048260516 125.898310260013 1871501.90178218 -512510.350386297
-0.10555 -0.0255454882850091 -0.0195203525136304 -13.7308635771475 125.891272903374 1870672.62922929 -512508.839632163
-0.1056 0.0287385650897719 0.0216202065857333 -13.6806963760697 125.884235546736 1871542.83857291 -512495.354272628
-0.10565 -0.0237096498715259 -0.0219745274056766 -13.7356649667397 125.877198190098 1870743.79527391 -512487.944559885
-0.1057 0.0119835182573894 0.0278895930911014 -13.6959382432156 125.870160833459 1871461.00123505 -512461.049085474
-0.10575 -0.0150780161680358 -0.0212826440317663 -13.7432611185155 125.863123476821 1870713.90051786 -512485.170929882
-0.1058 0.021103346166715 0.0137391471913067 -13.7058973020544 125.856086120183 1871349.46546178 -512473.291801077
-0.10585 -0.0172309855750345 -0.00998515875867295 -13.7433610013321 125.849048763544 1870810.95980653 -512469.137034875
-0.1059 0.00565243858848553 0.016845025120374 -13.7224445343845 125.842011406906 1871271.90301414 -512448.422556372
-0.10595 -0.0031180953889286 -0.0128833412674846 -13.7510535383563 125.834974050268 1870966.37944321 -512425.147735092
-0.106 0.0137119872989402 -0.00674855845151535 -13.7387152165553 125.827936693629 1871139.60612229 -512436.966358954
-0.10605 -0.00772686381916932 0.0158199199296736 -13.7433390209698 125.820899336991 1871147.8346888 -512430.396457801
-0.1061 -0.0109029370570272 -0.00827581597584681 -13.7605400370712 125.813861980353 1870885.85975701 -512428.404885181
-0.10615 0.0262339237494475 0.00677921903683887 -13.7433319596081 125.806824623714 1871312.59377212 -512415.130787806
-0.1062 -0.0244550322348927 -0.01394979513985 -13.7895632316908 125.799787267076 1870638.47749135 -512411.088797673
-0.10625 0.0129698752874657 0.0345585835984137 -13.7445745233889 125.792749910438 1871408.45029801 -512395.254959692
-0.1063 -0.0165290950092338 -0.0361314140398037 -13.80224658005 125.785712553799 1870619.78407536 -512371.501686766
-0.10635 0.0322326890305164 0.0258571636006285 -13.7425696457506 125.778675197161 1871592.09713303 -512366.832517358
-0.1064 -0.0377508140343593 -0.0245657963478106 -13.8144914409035 125.771637840523 1870580.37203676 -512348.520747501
-0.10645 0.0319376460422789 0.0300110447434427 -13.7493641367946 125.764600483884 1871617.72673307 -512342.318846231
-0.1065 -0.0242055683894078 -0.042692089581013 -13.8224967313892 125.757563127246 1870500.50052793 -512345.629053209
-0.10655 0.0290081350786671 0.0384561578160896 -13.7593380113354 125.750525770608 1871591.92827034 -512351.892638305
-0.1066 -0.0335117046712616 -0.0285592979393971 -13.832866534086 125.743488413969 1870516.70553456 -512324.000779237
-0.10665 0.0369250764171225 0.0230454806617572 -13.773819995405 125.736451057331 1871594.31663749 -512299.804389309
-0.1067 -0.0259741585247647 -0.0222343307353443 -13.8397873047759 125.729413700692 1870639.20766567 -512302.180754096
-0.10675 0.0226872167086318 0.0235543654249001 -13.7891510657952 125.722376344054 1871458.38892651 -512292.646567128
-0.1068 -0.0257316974383867 -0.0140642003756654 -13.8414932654985 125.715338987416 1870674.41184554 -512303.3645992
-0.10685 0.0266305955130252 0.0117626866723621 -13.7995727621174 125.708301630777 1871340.86962858 -512296.222273771
-0.1069 -0.0164441953844396 -0.0162311090596877 -13.8454769456739 125.701264274139 1870752.7243438 -512281.002525933
-0.10695 0.00577236613025845 0.019937716092149 -13.8141188769823 125.694226917501 1871330.07559555 -512255.538205446
-0.107 -0.00847338908247674 -0.0157009934368468 -13.8471989225173 125.687189560862 1870888.22959877 -512241.749419605
-0.10705 0.00890136644686247 0.0089514100987469 -13.8270299013899 125.680152204224 1871228.67592368 -512236.055683071
-0.1071 -0.0119292425134997 0.00281753632355528 -13.8499559772177 125.673114847586 1870949.44742464 -512240.758438744
-0.10715 0.00748592765214556 -0.00750796525973205 -13.8480405711045 125.666077490947 1871032.69538637 -512230.57751354
-0.1072 -0.000885059419884659 0.00294056997674841 -13.8556243849942 125.659040134309 1871010.94204608 -512223.492109034
-0.10725 -0.00370270220173171 0.00413575279310098 -13.8636022465452 125.652002777671 1870997.156251 -512208.883029151
-0.1073 0.0072201450969889 -0.00341253244171207 -13.8596387598032 125.644965421032 1871120.63648348 -512181.256856381
-0.10735 0.00529047220182094 -0.0132470074388378 -13.8733348113803 125.637928064394 1870982.22351894 -512190.794498546
-0.1074 0.00197613271560608 0.014113630060526 -13.8646356143835 125.630890707756 1871217.63456357 -512178.966466658
-0.10745 -0.00264173322671278 -0.00627515187582461 -13.8844889512213 125.623853351117 1871000.50749198 -512155.270823339
-0.1075 0.00962208651198869 0.00104714396008689 -13.8771108768128 125.616815994479 1871136.50333555 -512160.010513371
-0.10755 -0.0106851218276529 -0.00745780249833227 -13.8952683127714 125.609778637841 1870877.82672971 -512159.636142695
-0.1076 0.00809387883875251 0.00878209186122407 -13.8866550029509 125.602741281202 1871165.17250332 -512147.864304819
-0.10765 -0.00678365108765106 -0.00672827979112251 -13.9074129646392 125.595703924564 1870950.76338146 -512111.582298875
-0.1077 -8.61910029123866e-05 0.00617401447763819 -13.890147188353 125.588666567926 1871173.1219813 -512111.236859749
-0.10775 0.00055897134452614 -0.0166775401982247 -13.9124259687728 125.581629211287 1870944.0965651 -512106.816116476
-0.1078 0.00528390507985104 0.00683085528228312 -13.9063959448614 125.574591854649 1871178.67443582 -512093.245411091
-0.10785 -0.020854207803222 -0.00127900311727731 -13.9258179572856 125.567554498011 1870867.72578193 -512096.856624298
-0.1079 0.0095527582104465 0.00114258696216498 -13.9071540548777 125.560517141372 1871110.09929402 -512102.092504698
-0.10795 0.0017349229589219 -0.0248699163793933 -13.9343075836311 125.553479784734 1870850.21833469 -512079.301553934
-0.108 -0.0062795929443773 0.0196228269661713 -13.9165416583176 125.546442428095 1871179.50204876 -512066.034161312
-0.10805 -0.0169560175908832 0.00337424571140897 -13.9431651264543 125.539405071457 1870922.27979863 -512058.196041919
-0.1081 0.0270634731969035 -0.0136411506471422 -13.9226608678144 125.532367714819 1871224.77863124 -512047.306428381
-0.10815 -0.00480970835232654 -0.0078266980278412 -13.9467897149029 125.52533035818 1870927.45362787 -512052.33679778
-0.1082 -0.0182785032690656 0.0297842833367979 -13.9437307117478 125.518293001542 1871102.76815132 -512031.121643161
-0.10825 0.00861345307598059 -0.0141374901341924 -13.9550861211286 125.511255644904 1870947.05631608 -512034.493245022
-0.1083 0.0132756678000882 -0.0224383032539144 -13.9549695955378 125.504218288265 1870974.88813402 -512026.486812178
-0.10835 -0.00694962386666364 0.0235173770526582 -13.9524293134259 125.497180931627 1871213.14137858 -511989.212922311
-0.1084 -0.0238434584036224 -6.42308496206385e-05 -13.981058744502 125.490143574989 1870846.44039952 -511985.560687357
-0.10845 0.038121209721223 -0.00485152031655203 -13.9517143146147 125.48310621835 1871350.630811 -511975.48377825
-0.1085 -0.0238677294373691 -0.0192385510639598 -13.9970097395226 125.476068861712 1870658.98389181 -511979.788315829
-0.10855 0.00735083812320212 0.035795301910157 -13.9571371304443 125.469031505074 1871351.96234017 -511981.085948442
-0.1086 -0.0195522442011717 -0.0275421285703614 -14.0097090371825 125.461994148435 1870623.99412583 -511959.147537309
-0.10865 0.03964990768495 0.00982748757625991 -13.9610039830795 125.454956791797 1871429.3366226 -511956.95180576
-0.1087 -0.0365331112539485 -0.0176242778345446 -14.0205364170261 125.447919435159 1870622.59949441 -511924.439798797
-0.10875 0.015662415692804 0.0335262342416047 -13.9692484873138 125.44088207852 1871514.13097094 -511914.340847888
-0.1088 -0.0069463549546657 -0.0418291603935061 -14.0292436443607 125.433844721882 1870612.24374132 -511919.168895457
-0.10885 0.0217109562302848 0.0206459417992507 -13.9799230874125 125.426807365244 1871413.71737019 -511905.873126221
-0.1089 -0.039389244303381 -0.00422399639079694 -14.0360727377773 125.419770008605 1870641.45581169 -511894.398740707
-0.10895 0.0210961839408075 0.0102838604955502 -13.9965256411 125.412732651967 1871281.64810907 -511892.668576695
-0.109 -0.00906425425230395 -0.0294022919117762 -14.0393276298094 125.405695295329 1870725.49973621 -511879.923839717
-0.10905 0.00614596200301457 0.0262338844322986 -14.0038121439982 125.39865793869 1871377.06631282 -511868.09143316
-0.1091 -0.0185146063470184 -0.0101666564621263 -14.0464601213835 125.391620582052 1870818.38195894 -511848.996442532
-0.10915 0.0235146774329922 0.00316999417482343 -14.0200218208584 125.384583225414 1871275.27912833 -511855.864624948
-0.1092 -0.0102412781787338 -0.0155131429600969 -14.0536037994684 125.377545868775 1870798.8083391 -511846.898111126
-0.10925 -0.00354165162592636 0.0140387447071042 -14.0376580581338 125.370508512137 1871113.34806626 -511834.205526058
-0.1093 -0.0048195790962305 -0.0121537646259262 -14.0573322986438 125.363471155498 1870919.92042242 -511821.581192082
-0.10935 0.00552611613697759 -0.00356837483370351 -14.0489868396871 125.35643379886 1871161.21029567 -511788.864505448
-0.1094 -0.0095907054102399 0.00198562744755929 -14.0615215977959 125.349396442222 1870999.18973801 -511802.986849377
-0.10945 -0.00328341959625287 0.000436749624406637 -14.0645599223277 125.342359085583 1870990.88857348 -511805.724818932
-0.1095 0.00538569536843894 0.00158793625094003 -14.0650291305356 125.335321728945 1871075.71784587 -511794.352418491
-0.10955 -0.00287353032363458 -0.0107392641869494 -14.0833588137119 125.328284372307 1870892.02032266 -511781.534337252
-0.1096 0.00199935555455767 0.00990454265706417 -14.0632607089348 125.321247015668 1871217.49260987 -511758.111541957
-0.10965 -0.0129824458776825 -0.00735689126143541 -14.0894742118135 125.31420965903 1870935.46743232 -511740.81011512
-0.1097 0.0168127040980589 0.00203576479277225 -14.0727955962008 125.307172302392 1871218.40911364 -511746.058935897
-0.10975 -0.009754948833662 -0.0071975130723822 -14.1015553061576 125.300134945753 1870870.56869564 -511750.502388053
-0.1098 0.00234582832063912 0.0211314508259657 -14.0856648736842 125.293097589115 1871201.64992901 -511728.21160382
-0.10985 -0.00232738707658738 -0.0221402883196633 -14.1131535994695 125.286060232477 1870767.10476825 -511741.226677224
-0.1099 0.0208792096862485 0.0157008544921381 -14.0851014614772 125.279022875838 1871320.42811384 -511724.157910992
-0.10995 -0.0294887689908719 -0.0124895287196556 -14.1293783486316 125.2719855192 1870738.72917171 -511686.993700461
-0.11 0.026413291707657 0.0178702095384633 -14.0875956012679 125.264948162562 1871463.52305024 -511682.532272826
-0.11005 -0.0190219865602134 -0.0281732554681342 -14.1482447422688 125.257910805923 1870607.04503283 -511687.717374077
-0.1101 0.0238540740210583 0.0340308192679161 -14.0915181092228 125.250873449285 1871478.70372327 -511686.245845612
-0.11015 -0.0293904732222463 -0.0262414896203316 -14.1565563136289 125.243836092647 1870515.75725362 -511675.992827056
-0.1102 0.0325217888363616 0.0301189124383459 -14.0957267184989 125.236798736008 1871555.09256333 -511662.031381329
-0.11025 -0.0332985663594133 -0.0344700282887221 -14.171206141823 125.22976137937 1870488.77100657 -511630.447571863
-0.1103 0.0315954130005221 0.0328467430475434 -14.1050200858121 125.222724022732 1871617.96244165 -511634.029938988
-0.11035 -0.0209921997998801 -0.0310130457447733 -14.1770965154812 125.215686666093 1870531.75394207 -511636.398495013
-0.1104 0.0202983925883739 0.0217547387357274 -14.1247122793777 125.208649309455 1871332.79656621 -511629.410657891
-0.11045 -0.0159706798727014 -0.0147915524885956 -14.1699801151142 125.201611952817 1870737.82576881 -511619.924166805
-0.1105 0.0140716010549243 0.00586276711385971 -14.1435732445625 125.194574596178 1871223.21701442 -511595.542156358
-0.11055 -0.00923559672373325 -0.000140719064356797 -14.1667177127052 125.18753723954 1870991.09393627 -511583.274261921
-0.1106 0.00148899657561584 -0.0115162197753938 -14.1700877351396 125.180499882901 1870978.69665141 -511578.968331494
-0.11065 0.00873772670202879 0.0121631666782116 -14.1586314084811 125.173462526263 1871192.07807455 -511578.285347968
-0.1107 -0.018456264079106 -0.0173793032973835 -14.1969169304552 125.166425169625 1870685.49106103 -511570.966968356
-0.11075 0.0283460765957477 0.0143303670940901 -14.158963346773 125.159387812986 1871270.0858099 -511593.831640847
-0.1108 -0.0199747696851618 -0.0213587993500052 -14.2094272166734 125.152350456348 1870604.71158863 -511570.935439199
-0.11085 0.0157317191105405 0.0358994105700514 -14.158172605549 125.14531309971 1871473.9153957 -511537.516933796
-0.1109 -0.025703780505437 -0.0296906361882072 -14.2259471835271 125.138275743071 1870549.29506006 -511527.30643559
-0.11095 0.0414255715009208 0.0167951179694275 -14.1645162133575 125.131238386433 1871529.79546074 -511517.87398107
-0.111 -0.0305974672902128 -0.0234377002117998 -14.234899069406 125.124201029795 1870555.21294247 -511513.499228157
-0.11105 0.0225463958863179 0.0373451832865092 -14.1770609142972 125.117163673156 1871492.46047059 -511513.692752836
-0.1111 -0.0182555837892151 -0.0409441171426228 -14.2460705146218 125.110126316518 1870461.86174435 -511501.304806747
-0.11115 0.0302800116110456 0.025813422907448 -14.1865088139159 125.10308895988 1871465.83379405 -511485.277468562
-0.1112 -0.0357324985409909 -0.0143505932166842 -14.2508157398837 125.096051603241 1870569.94774178 -511477.530217075
-0.11125 0.0327151654411613 0.0223131819518397 -14.1949783752997 125.089014246603 1871528.23225663 -511454.129302942
-0.1113 -0.0257722200465305 -0.0301270219710199 -14.2566340732372 125.081976889965 1870605.95641483 -511439.881128065
-0.11135 0.0185886044130865 0.0331539400547339 -14.2052378878605 125.074939533326 1871434.33898281 -511456.210239383
-0.1114 -0.0152172334202774 -0.0251909799131301 -14.2612544684728 125.067902176688 1870653.72058814 -511443.679714296
-0.11145 0.0216033998359902 0.018262763803894 -14.2252104775179 125.06086482005 1871332.17108917 -511435.467219056
-0.1115 -0.0147069623818888 -0.016644362087384 -14.2604463605351 125.053827463411 1870803.69031166 -511416.521141565
-0.11155 0.0059652995402368 0.021178316913176 -14.2324139416612 125.046790106773 1871332.20589737 -511394.984215256
-0.1116 -0.0148055289092344 -0.010289175764778 -14.2702903095682 125.039752750135 1870817.78642022 -511400.909170858
-0.11165 0.0218694706634267 -0.00189761985357984 -14.2488701187454 125.032715393496 1871158.93210406 -511403.423516441
-0.1117 -0.0115438987514899 -0.00365413723007834 -14.2722576349293 125.025678036858 1870890.13219494 -511380.016010605
-0.11175 -0.0105198007259175 0.0182136497378748 -14.2638343367939 125.01864068022 1871099.17167743 -511370.986340142
-0.1118 0.00526206289544055 -0.0115349683818464 -14.2780147139652 125.011603323581 1871036.74001002 -511341.113202612
-0.11185 0.00877533129434408 -0.00953343228727378 -14.2784018480943 125.004565966943 1871099.79275817 -511328.015786129
-0.1119 -0.00866210209200378 0.018263357481247 -14.2786870209628 124.997528610304 1871129.75595687 -511337.922881081
-0.11195 -0.0108388113140261 3.38282202913819e-05 -14.2950884850634 124.990491253666 1870920.98432719 -511337.310593439
-0.112 0.025547626820842 -0.0103635219149946 -14.2793490894742 124.983453897028 1871185.2807588 -511326.691982141
-0.11205 -0.0170345911372171 -0.00941824826399972 -14.3083245189152 124.976416540389 1870813.40561476 -511310.476045113
-0.1121 0.000103137493367804 0.0241051380940941 -14.2895818061945 124.969379183751 1871281.25051645 -511288.990386924
-0.11215 0.00112746790383227 -0.0228630089476453 -14.3175555093503 124.962341827113 1870903.4927936 -511285.735187559
-0.1122 0.0199249664495938 0.00872796472780982 -14.2878049119126 124.955304470474 1871305.35537576 -511292.286225149
-0.11225 -0.0281763405521442 -0.00262223300251917 -14.3305636442529 124.948267113836 1870784.48025464 -511275.201826903
-0.1123 0.00928919369075844 0.0188866314877242 -14.3047109888464 124.941229757198 1871318.44866 -511249.306270042
-0.11235 -0.0070840373318975 -0.0260650097479154 -14.3425974599495 124.934192400559 1870754.61199996 -511259.51488123
-0.1124 0.0186238954109574 0.0103619474444991 -14.3057858264583 124.927155043921 1871308.86844163 -511255.470645979
-0.11245 -0.0303169291033018 0.00302340849038076 -14.3458919384068 124.920117687283 1870843.54011636 -511233.239413132
-0.1125 0.00938136039501048 0.0100912928224632 -14.3254649244176 124.913080330644 1871261.20829172 -511219.869202332
-0.11255 0.0139846683810611 -0.0293627334668699 -14.3490044775602 124.906042974006 1870934.8707682 -511217.677390684
-0.1126 -0.00804543328147463 0.0172226820210762 -14.3367951814779 124.899005617368 1871151.92722691 -511212.42172013
-0.11265 -0.0221776678705807 0.00862730965808254 -14.3527213767961 124.891968260729 1870936.27878343 -511203.668109659
-0.1127 0.0174164595165365 -0.0125151331856994 -14.3528146815366 124.884930904091 1871050.29138573 -511205.249251878
-0.11275 0.00554843859169954 -0.00930080008168541 -14.3599693219295 124.877893547453 1871046.10688693 -511175.952164219
-0.1128 -0.0199459084785515 0.0179161817564715 -14.3637765822527 124.870856190814 1871065.58315283 -511157.706653779
-0.11285 0.00173388777571416 -0.00669471461751022 -14.365591391641 124.863818834176 1871048.18260554 -511149.606653385
-0.1129 0.0145088577919964 -0.012591862874584 -14.369601800602 124.856781477538 1871062.31291366 -511166.336933232
-0.11295 -0.00582115914512884 0.00919924370286768 -14.3736638529094 124.849744120899 1871077.15985396 -511146.785931634
-0.113 -0.0076515087264463 0.00502308297000485 -14.3825322094396 124.842706764261 1871002.84544645 -511146.947624317
-0.11305 0.0121574371005331 -0.00635349153387414 -14.3849638398738 124.835669407623 1871021.65650945 -511147.958970922
-0.1131 -0.00731662412110836 -0.000396368254517297 -14.3956514997142 124.828632050984 1870932.48137435 -511128.994936843
-0.11315 0.00334457212303026 0.00346653382438552 -14.385513157654 124.821594694346 1871134.24825677 -511112.424322215
-0.1132 9.06796965501003e-05 -0.0030650568608097 -14.4034119202114 124.814557337707 1871022.22200213 -511090.317658902
-0.11325 0.00262432953640389 -0.00354633749255594 -14.4036044800346 124.807519981069 1871077.40090133 -511084.223556187
-0.1133 -0.00120248305896689 0.00444438888059629 -14.4038561970178 124.800482624431 1871096.89981184 -511083.027304251
-0.11335 0.00098814621927357 -0.00344272293576864 -14.409814979708 124.793445267792 1871022.27637893 -511079.665717763
-0.1134 -0.00389119275483752 0.000628794829597004 -14.4108151532865 124.786407911154 1871035.18023811 -511076.199312561
-0.11345 0.0020746970425862 -0.00255966889162074 -14.4171753080669 124.779370554516 1871041.30943323 -511065.019136957
-0.1135 -0.00307897669990057 0.00545915539690194 -14.4207031044904 124.772333197877 1871140.80439948 -511027.134161441
-0.11355 -0.00538409911241754 -0.00131870816018617 -14.430506846497 124.765295841239 1871044.25085988 -511026.231659905
-0.1136 0.0142458996511596 -0.0071488185965122 -14.4297266613924 124.758258484601 1871144.09349582 -511020.179509193
-0.11365 -0.00689862492901312 0.0027776127649873 -14.437032446544 124.751221127962 1871010.24147847 -511029.161340298
-0.1137 -0.000898825830820642 0.00804522886854275 -14.438517606151 124.744183771324 1871093.54971816 -511009.861048578
-0.11375 0.00990835447981286 -0.0195150457536571 -14.4514781035162 124.737146414686 1871000.90754965 -510992.873028242
-0.1138 0.00390163767928719 0.0098417325182832 -14.4390565676943 124.730109058047 1871254.41193562 -510971.93535692
-0.11385 -0.0206512827522947 0.0027639306728932 -14.4610314815339 124.723071701409 1870991.56660733 -510962.08446418
-0.1139 0.0206623789135024 -0.00855929549685299 -14.4509664847219 124.716034344771 1871221.64217348 -510950.279687927
-0.11395 -0.00298982471395813 -0.0125005235407338 -14.4732097069287 124.708996988132 1870899.3145346 -510958.431334974
-0.114 -0.0120581102172609 0.0255569822045816 -14.4560202429976 124.701959631494 1871221.61752768 -510932.64486459
-0.11405 -0.00321643187553883 -0.00673846048274888 -14.476786645487 124.694922274856 1870990.23040298 -510942.732894351
-0.1141 0.025040243978332 -0.0143064707945573 -14.4639253912992 124.687884918217 1871273.7776303 -510913.441198839
-0.11415 -0.0145320701659899 0.0125957039478001 -14.4791333318829 124.680847561579 1871125.09732261 -510900.509636068
-0.1142 -0.00379035730455893 0.0113860680521055 -14.4811097125114 124.673810204941 1871140.68553699 -510910.381542476
-0.11425 0.0158167861606416 -0.00703385560470952 -14.4842358974654 124.666772848302 1871148.53311493 -510904.471316753
-0.1143 -0.0075798010571235 -0.00904828021310558 -14.4989877533741 124.659735491664 1870947.38251321 -510887.001971344
-0.11435 0.000294517793612111 0.0164394235465795 -14.4799155418888 124.652698135026 1871289.44170005 -510869.532600909
-0.1144 -0.0146754968186135 -0.0194222059489682 -14.516253572975 124.645660778387 1870855.63512538 -510854.561596099
-0.11445 0.0190209308722655 0.0195581709676021 -14.4776331012322 124.638623421749 1871472.83544138 -510855.732336751
-0.1145 -0.0250671701644405 -0.0171132259012354 -14.5368554418461 124.63158606511 1870728.53021829 -510846.592823007
-0.11455 0.0264346161702455 0.0224441021641769 -14.4855806756168 124.624548708472 1871518.55413411 -510841.923749218
-0.1146 -0.0302850049017382 -0.0279165673855578 -14.5445198087749 124.617511351834 1870598.98336834 -510844.103253759
-0.11465 0.0339115722555386 0.0245811892017317 -14.4844832689871 124.610473995195 1871631.08623096 -510820.277729033
-0.1147 -0.0325529369602587 -0.0270990890226234 -14.5553582390808 124.603436638557 1870612.95331347 -510812.113301807
-0.11475 0.0278104081257295 0.0354609292886585 -14.4878630996098 124.596399281919 1871706.61550539 -510800.94514576
-0.1148 -0.0261080996348421 -0.0377331924326379 -14.5715220003042 124.58936192528 1870573.80742428 -510784.094919377
-0.11485 0.0282572078811413 0.0297518735659108 -14.5005780699025 124.582324568642 1871704.11845747 -510760.281145923
-0.1149 -0.0341070055220399 -0.0172799289965618 -14.570394779864 124.575287212004 1870658.55994504 -510781.17587831
-0.11495 0.0306306993264237 0.0180921708520809 -14.5170990297949 124.568249855365 1871561.56341168 -510773.239485817
-0.115 -0.0120817614163732 -0.0245906734764716 -14.572059330012 124.561212498727 1870786.59958743 -510763.924096512
-0.11505 0.00583726298592562 0.0252987066346795 -14.5379192428639 124.554175142089 1871378.6302152 -510750.324636564
-0.1151 -0.00889395095346855 -0.00475092889921801 -14.5649592011785 124.54713778545 1871082.67104331 -510714.368425364
-0.11515 0.0132209432972732 -0.0088848435033899 -14.5630206602961 124.540100428812 1871201.3271093 -510705.453577989
-0.1152 -0.00496319340681554 0.00731115061017075 -14.5657985129063 124.533063072174 1871182.72542149 -510704.448425402
-0.11525 -0.0159856267936742 0.0079029683695559 -14.5755560062552 124.526025715535 1871081.77511215 -510702.315771256
-0.1153 0.0129876835004476 0.00234664638463579 -14.5623985489279 124.518988358897 1871289.16180418 -510699.928153415
-0.11535 -0.00720371082513316 -0.0167313121765187 -14.5916921083102 124.511951002259 1870954.23029336 -510688.139066868
-0.1154 0.00279899262320723 0.0302143800236888 -14.5663174293863 124.50491364562 1871445.57366601 -510671.855715168
-0.11545 -0.0188541302305764 -0.011497350603494 -14.6045865254981 124.497876288982 1870911.80959425 -510663.031672462
-0.1155 0.0288868175177724 0.00811176859834109 -14.5674018018285 124.490838932344 1871515.20750913 -510651.583799525
-0.11555 -0.0261576855735209 -0.0158929542651568 -14.6153946237322 124.483801575705 1870882.40593903 -510633.387024872
-0.1156 0.00879935987486544 0.0333235530929043 -14.5714750282462 124.476764219067 1871583.6761735 -510628.376412281
-0.11565 -0.0119012743672756 -0.0343677744119675 -14.6283789875703 124.469726862429 1870756.62436506 -510631.288260207
-0.1157 0.0269975369733786 0.0215999822637434 -14.581896524824 124.46268950579 1871594.67451804 -510612.637723614
-0.11575 -0.0295323262684006 -0.0168948752684952 -14.6395384657715 124.455652149152 1870790.50615536 -510600.910782163
-0.1158 0.0215984455001033 0.0208021711097668 -14.5876824025017 124.448614792513 1871633.6559591 -510577.694812057
-0.11585 -0.0195583276417436 -0.0273569182312101 -14.6485277690867 124.441577435875 1870851.23703736 -510567.969553891
-0.1159 0.028322498195702 0.0153709734302725 -14.599474115626 124.434540079237 1871671.44685148 -510548.37442862
-0.11595 -0.02413509233564 -0.0111045155141696 -14.6502977165723 124.427502722598 1870882.25273539 -510572.029172717
-0.116 0.00578343581764395 0.0185614965196611 -14.6135159936933 124.42046536596 1871452.82464305 -510555.776910651
-0.11605 -0.00220739486878971 -0.0201686370580459 -14.6498788406417 124.413428009322 1871018.28326412 -510554.037932491
-0.1161 0.0106192231180625 0.00218622582070099 -14.6336513336907 124.406390652683 1871282.3585288 -510539.616542607
-0.11615 -0.0123960535255976 0.0131745456025489 -14.6489170128735 124.399353296045 1871172.0970301 -510537.433356038
-0.1162 -0.0011989175825875 -0.00573494426732873 -14.6493359885657 124.392315939407 1871189.23769373 -510511.963839003
-0.11625 0.0221749868361351 -0.00379343445810823 -14.6394767178132 124.385278582768 1871416.67382015 -510504.391397314
-0.1163 -0.0178566679143236 -0.00436860553564332 -14.6704685268563 124.37824122613 1871024.15847066 -510502.625281804
-0.11635 0.00319015186503178 0.027278796976372 -14.6440994507705 124.371203869492 1871441.48010357 -510495.005358656
-0.1164 0.00289018299669067 -0.0321532382919167 -14.6874152721084 124.364166512853 1870912.18865094 -510487.477753947
-0.11645 0.0170024317061977 0.0263817244102878 -14.6511321690546 124.357129156215 1871565.52423821 -510469.906877668
-0.1165 -0.0337775286691994 -0.00629998690628813 -14.6962621768669 124.350091799577 1870910.32315577 -510453.985797475
-0.11655 0.0319892218628067 0.0172856180311654 -14.6487618321607 124.343054442938 1871700.76081094 -510437.840762235
-0.1166 -0.0136549042313896 -0.0300826483534875 -14.7096543808206 124.3360170863 1870762.3654591 -510461.635249032
-0.11665 0.011374347479509 0.0357198235211293 -14.6581230283364 124.328979729662 1871618.41661576 -510443.236090872
-0.1167 -0.0227504653383689 -0.0234252347184167 -14.7168395211649 124.321942373023 1870856.94729368 -510419.525541669
-0.11675 0.0312517920255517 0.0127592094982154 -14.6692446878332 124.314905016385 1871633.69316489 -510415.21640368
-0.1168 -0.0303391470078496 -0.00911207684777768 -14.7161709947846 124.307867659747 1870955.78307377 -510396.616934351
-0.11685 0.0162811647669689 0.0128727407568117 -14.6846865271812 124.300830303108 1871538.3979189 -510384.03130159
-0.1169 -0.00708385479274807 -0.0190035876530134 -14.7205809311844 124.29379294647 1871033.74482217 -510392.628553473
-0.11695 0.00938553873784836 0.016276730831764 -14.6977875045335 124.286755589832 1871432.31458279 -510379.782904966
-0.117 -0.0113958324193058 -0.0143316012335129 -14.7323546209299 124.279718233193 1870932.50821535 -510389.122711815
-0.11705 0.0110976085459624 0.0112549014811209 -14.7071161743315 124.272680876555 1871410.32334636 -510360.942701656
-0.1171 -0.0116431492619777 -0.00490046010419782 -14.7325960412381 124.265643519916 1871138.87801198 -510344.641311412
-0.11715 0.00742634990734527 3.84007247939824e-05 -14.7258639239759 124.258606163278 1871338.12242022 -510334.532467377
-0.1172 0.00323297259912676 -0.000596826066929576 -14.7314449073433 124.25156880664 1871343.06595682 -510307.118477084
-0.11725 -0.0139000032134237 -0.000263450608167352 -14.7480015350261 124.244531450001 1871158.00703729 -510290.826152241
-0.1173 0.0105246274929863 0.00933011938854444 -14.7313113127041 124.237494093363 1871433.07183868 -510309.389820604
-0.11735 -0.0104488863006489 -0.0214110120320701 -14.762988534054 124.230456736725 1870957.20535172 -510301.226700337
-0.1174 0.0156097986607846 0.0189428234587322 -14.7324692566867 124.223419380086 1871568.58205061 -510281.591729812
-0.11745 -0.0303680899245545 -0.0118054257028002 -14.7805309218843 124.216382023448 1870935.21314234 -510272.185676156
-0.1175 0.0273642356861872 0.0176170250820525 -14.7365248849912 124.20934466681 1871665.31738182 -510256.148716144
-0.11755 -0.0128436458068752 -0.0385267867817792 -14.791005054027 124.202307310171 1870879.86262231 -510246.13633555
-0.1176 0.0102157904597374 0.0401330157890021 -14.7370977172407 124.195269953533 1871767.73671009 -510236.328621438
-0.11765 -0.0225601724162838 -0.0248460296857698 -14.8005576110224 124.188232596895 1870847.11122044 -510247.186580546
-0.1177 0.0377557427174445 0.0184037191473973 -14.7426590493581 124.181195240256 1871752.76596666 -510247.944862489
-0.11775 -0.0281183048032912 -0.0245861895050327 -14.8092267635033 124.174157883618 1870841.34275394 -510230.133537072
-0.1178 0.0164796092147948 0.0348877805175848 -14.7527071571409 124.16712052698 1871784.64414369 -510197.200608183
-0.11785 -0.0223406954013509 -0.030763756709365 -14.8124195837464 124.160083170341 1870925.77718985 -510186.442742987
-0.1179 0.0312025114591333 0.0152575565512102 -14.7603782310345 124.153045813703 1871783.94569214 -510177.754258907
-0.11795 -0.0257390374637877 -0.0164828559717417 -14.8208131314879 124.146008457065 1870977.73963656 -510165.031159749
-0.118 0.00736465938015802 0.0238391695883333 -14.7789184483653 124.138971100426 1871605.14360225 -510163.411664917
-0.11805 -0.00475559116741767 -0.0239323486318999 -14.8153704301496 124.131933743788 1871097.10867843 -510160.933957324
-0.1181 0.0178786798154779 -0.00117385984866284 -14.7951798681484 124.12489638715 1871501.56098823 -510142.237209182
-0.11815 -0.018572358306788 0.0100142643147955 -14.8142706027697 124.117859030511 1871310.41455835 -510130.774465339
-0.1182 -0.00580212945061701 0.00242459772628114 -14.8117409065301 124.110821673873 1871407.3748548 -510116.634493843
-0.11825 0.0257627600148267 -0.0102413964090146 -14.812616849537 124.103784317234 1871528.40699569 -510102.106226655
-0.1183 -0.0115072165850252 -0.0150241811636257 -14.8384186423252 124.096746960596 1871101.06150397 -510116.105073101
-0.11835 -0.000866371862204933 0.0407813382426928 -14.8080701344044 124.089709603958 1871656.74645805 -510107.197238124
-0.1184 -0.0157047835008975 -0.0313033589917773 -14.8586779279471 124.082672247319 1870947.30898736 -510079.394779654
-0.11845 0.0350780457883857 0.0117913396932122 -14.8056865376507 124.075634890681 1871804.61856216 -510072.931815811
-0.1185 -0.0348654617923559 -0.0137676596612694 -14.8666511276556 124.068597534043 1870993.18917591 -510045.714405408
-0.11855 0.0188554954810239 0.0329270769557586 -14.807504379261 124.061560177404 1871869.05272289 -510058.80664196
-0.1186 -0.00337413622191904 -0.0331165267319851 -14.8670347671449 124.054522820766 1871043.189032 -510052.413897355
-0.11865 0.0133051874733703 0.0195774120588164 -14.8337011338732 124.047485464128 1871639.95027817 -510034.893319596
-0.1187 -0.0192833667702951 -0.00708167011975176 -14.8689493058902 124.040448107489 1871133.91555555 -510028.445480157
-0.11875 0.0200339201602085 0.00231004945195247 -14.8411360035096 124.033410750851 1871624.05627221 -510006.141916232
-0.1188 -0.0174030994071965 -0.00911942208341994 -14.8794189763242 124.026373394213 1871203.30794713 -509990.094941701
-0.11885 0.00702232609790636 0.0179515373885827 -14.849600286236 124.019336037574 1871643.58505208 -509994.227569656
-0.1189 -7.53934293386808e-05 -0.0190618704947735 -14.8823700422775 124.012298680936 1871218.45877453 -509987.803330272
-0.11895 0.00164828336973805 0.00963332614145873 -14.8673542614204 124.005261324298 1871489.59816645 -509981.010282609
-0.119 -0.0113847680740749 -0.00268827878313055 -14.8872758322825 123.998223967659 1871275.6933189 -509976.461092967
-0.11905 0.0113637797709903 -0.00616394876744479 -14.8774222171529 123.991186611021 1871488.03233362 -509950.871418814
-0.1191 -0.005356203235657 -0.00357794093306745 -14.8872057107572 123.984149254383 1871392.69645277 -509930.368056642
-0.11915 -0.008110532293813 0.00807310004125917 -14.8931694972656 123.977111897744 1871415.41147795 -509937.438255109
-0.1192 0.00458392377897334 0.000290570711085041 -14.887147102048 123.970074541106 1871499.99595973 -509922.942186135
-0.11925 -0.00476982341747096 -0.0117297314271697 -14.9119820710681 123.963037184468 1871273.71600957 -509916.691802643
-0.1193 0.00460508766671543 0.0196417301447431 -14.8905886446689 123.955999827829 1871595.14694327 -509918.056009154
-0.11935 -0.00614434018353835 -0.0159991094250919 -14.9158406627091 123.948962471191 1871205.0642991 -509912.68010722
-0.1194 0.0174720787973436 0.00529897695461775 -14.8952395841613 123.941925114553 1871641.95850074 -509898.667859254
-0.11945 -0.0315901561697262 0.00159532802797823 -14.9337872129092 123.934887757914 1871185.00077601 -509876.588302176
-0.1195 0.01709723348855 0.0114560270772576 -14.9009200983528 123.927850401276 1871744.23131857 -509847.630804871
-0.11955 -0.00299908548484107 -0.0312208345481744 -14.9420906312466 123.920813044637 1871182.90093011 -509855.008843987
-0.1196 0.00568578980788181 0.0309430745204685 -14.9026894780365 123.913775687999 1871783.05776063 -509855.13103084
-0.11965 -0.0224337540042293 -0.00908510700337879 -14.9524338762943 123.906738331361 1871098.93725468 -509865.068400128
-0.1197 0.0337847550421424 0.000866377013101108 -14.9167992474842 123.899700974722 1871703.68118449 -509848.790314402
-0.11975 -0.0153554167819998 -0.0139815333698149 -14.9575019621335 123.892663618084 1871202.87161056 -509819.887518558
-0.1198 -0.00680277251225637 0.0336255214956357 -14.9255212448662 123.885626261446 1871732.92015019 -509810.375954009
-0.11985 0.00285072116981494 -0.0239052922293068 -14.9585836940084 123.878588904807 1871309.96469082 -509797.204900218
-0.1199 0.0173012112428307 -0.00468171009943575 -14.9394734335135 123.871551548169 1871636.18103939 -509781.939579625
-0.11995 -0.017155552671558 0.0143197761899842 -14.9553517315394 123.864514191531 1871455.93901429 -509785.007582022
-0.12 -0.00295405353909639 -0.00373826283250853 -14.9609743589706 123.857476834892 1871385.02503907 -509788.407803058
-0.12005 0.0156591428020293 -0.00234681267400595 -14.9532595122394 123.850439478254 1871556.52073471 -509774.807747343
-0.1201 -0.0200091760720609 -0.00554317813340426 -14.9780899494092 123.843402121616 1871282.50383326 -509749.737126755
-0.12015 0.0105097262855418 0.0181982797710624 -14.950661362316 123.836364764977 1871766.80147856 -509741.238291942
-0.1202 -0.0150709930813762 -0.0212320665485851 -14.9907703483519 123.829327408339 1871234.5005697 -509728.343160262
-0.12025 0.0329402204768708 0.014206356641903 -14.9477493283417 123.822290051701 1871944.212364 -509734.237190881
-0.1203 -0.0234612280989742 -0.0233694787685582 -15.006448289373 123.815252695062 1871109.41569829 -509719.531037286
-0.12035 0.0196510911185181 0.0278718020623534 -14.953920561795 123.808215338424 1871940.04506003 -509710.508676444
-0.1204 -0.0246538519859379 -0.0277943176494166 -15.0191872011669 123.801177981786 1871030.36595613 -509708.865398181
-0.12045 0.0372715007773025 0.0132911944984154 -14.9619896209373 123.794140625147 1871965.57678854 -509683.63233941
-0.1205 -0.0335585910742673 -0.00877253737167672 -15.0222624716048 123.787103268509 1871215.84666245 -509658.475701472
-0.12055 0.0117489207607661 0.0310471783409343 -14.9743890643412 123.780065911871 1871928.68919473 -509659.669166886
-0.1206 -0.00291065887174297 -0.0344948447033927 -15.0258489084785 123.773028555232 1871229.23484905 -509649.098448262
-0.12065 0.0162673916672923 0.0142645069321493 -14.9860910376037 123.765991198594 1871865.53056145 -509629.721895858
-0.1207 -0.0346193459881236 -0.00036054530052855 -15.0306708360929 123.758953841956 1871233.00475575 -509650.253724382
-0.12075 0.0323263091060043 -0.00225090401756075 -14.9982461828736 123.751916485317 1871785.42651182 -509636.867860258
-0.1208 -0.00328633277550879 -0.0235795235896906 -15.0354272442189 123.744879128679 1871302.72582734 -509617.662298708
-0.12085 -0.00999793344016884 0.0332461233836995 -15.0144524687179 123.73784177204 1871778.5349906 -509588.125602193
-0.1209 -0.00374736160952364 -0.00787739462060738 -15.0399154457257 123.730804415402 1871505.36576393 -509568.794232875
-0.12095 0.0219514094302362 -0.0194256848322331 -15.0264029005319 123.723767058764 1871647.72417811 -509572.297769518
-0.121 -0.00933142755331036 0.0125709481831302 -15.0334619872176 123.716729702125 1871596.70866905 -509580.9625137
-0.12105 -0.0171608169095912 0.00492167073945156 -15.0496664609638 123.709692345487 1871427.49375873 -509570.212152552
-0.1211 0.0251736412684521 -0.0071127171249757 -15.0348633419503 123.702654988849 1871720.63665965 -509565.844195355
-0.12115 -0.00479086090777761 -0.011146130606505 -15.0584255472159 123.69561763221 1871501.22221412 -509515.997637174
-0.1212 -0.00772528701066034 0.0191476404838891 -15.0453105316587 123.688580275572 1871743.68673181 -509515.117840668
-0.12125 -0.000650205139517975 -0.0174929113506159 -15.0587921346856 123.681542918934 1871506.83934981 -509517.936190644
-0.1213 0.00883859400560381 0.00369785895619906 -15.0507964379944 123.674505562295 1871719.71250718 -509513.019801681
-0.12135 -0.0124008741950523 -0.000509155327850747 -15.073978288305 123.667468205657 1871470.74581593 -509505.90350135
-0.1214 0.0117136637080392 0.00215204817568787 -15.0620801264268 123.660430849019 1871739.64852592 -509488.389641344
-0.12145 -0.00272046082799938 -0.00687454826716073 -15.0769097784378 123.65339349238 1871584.25008519 -509472.756479005
-0.1215 -0.00114746097416744 0.0128875818016832 -15.0693398814807 123.646356135742 1871756.26976216 -509461.967513525
-0.12155 0.00202956082310532 -0.0123905094607398 -15.0849549864708 123.639318779104 1871559.09335954 -509463.237257234
-0.1216 0.00722118709227565 0.00446456494281232 -15.0700223336563 123.632281422465 1871786.5314415 -509445.665669534
-0.12165 -0.0180942135891126 -0.00424952575381601 -15.0954828996955 123.625244065827 1871518.37194774 -509425.430789654
-0.1217 0.0109979593034506 0.00392699573203068 -15.0821486317358 123.618206709189 1871804.79811996 -509418.011581259
-0.12175 -0.000612058083807812 -0.0168486636193588 -15.1057690170237 123.61116935255 1871512.19273505 -509413.733313862
-0.1218 0.00537014891668638 0.0207478599294198 -15.0830783604819 123.604131995912 1871938.18403945 -509402.017532618
-0.12185 -0.0131288844235184 -0.003955126590258 -15.1123946802104 123.597094639274 1871564.58953767 -509392.166824968
-0.1219 0.0135697811845483 -0.00128656091164576 -15.0958986051819 123.590057282635 1871812.99846129 -509388.789221848
-0.12195 -0.00546497081098219 0.00147206554666559 -15.1125494422309 123.583019925997 1871619.44542253 -509395.490580898
-0.122 -0.00424081069778459 0.0030453910851797 -15.1063808846489 123.575982569359 1871712.7885592 -509366.744785555
-0.12205 0.00930138707481225 -0.00762634520493637 -15.1154775738277 123.56894521272 1871757.15701354 -509347.050406927
-0.1221 -0.00258703665724176 -0.000412333253413168 -15.121112642595 123.561907856082 1871721.40421988 -509331.28679014
-0.12215 -0.00174791761702362 0.0169666936253088 -15.1151027224328 123.554870499443 1871896.27059697 -509316.028998036
-0.1222 -0.0035427771741264 -0.0145121289130979 -15.1361374133307 123.547833142805 1871580.74054716 -509313.870366749
-0.12225 0.01049025230804 0.00960974523405704 -15.1202590092326 123.540795786167 1871872.74537915 -509321.363391917
-0.1223 -0.0105387724505722 -0.0111497611798551 -15.1443929436079 123.533758429528 1871510.88064851 -509311.829112278
-0.12235 0.00411174894970222 0.0204294358810531 -15.1205793431559 123.52672107289 1872004.36897382 -509280.13475
-0.1224 -0.00967277633461251 -0.0175937129859357 -15.1567809992233 123.519683716252 1871577.38636183 -509265.018483046
-0.12245 0.0165148633777705 0.0134453934740349 -15.126993997624 123.512646359613 1872029.43155997 -509278.653281481
-0.1225 -0.0109319812069607 -0.0227640295194677 -15.1637368521837 123.505609002975 1871454.80404317 -509283.884900699
-0.12255 0.0107533625069208 0.0176089857586413 -15.1344088225501 123.498571646337 1871993.8220298 -509262.398159503
-0.1226 -0.0243395281027919 -0.00213738522678302 -15.17063721146 123.491534289698 1871535.92251746 -509253.083843372
-0.12265 0.0214105999740687 0.0070067490752712 -15.1389558996402 123.48449693306 1872049.25106671 -509234.361405808
-0.1227 -0.00548120104479085 -0.0188520280502643 -15.1752955560746 123.477459576422 1871604.72844246 -509214.705041844
-0.12275 -0.00218582210196665 0.0188732947977267 -15.1530754377005 123.470422219783 1871967.52162091 -509208.472789743
-0.1228 -0.00552862576135817 -0.00397858429076792 -15.1767860682317 123.463384863145 1871702.39050029 -509205.941087547
-0.12285 0.0122911137644354 -0.0130086756215788 -15.1736494715776 123.456347506507 1871826.42974789 -509183.366916772
-0.1229 -0.0050842117269666 0.0169938874482584 -15.175873092647 123.449310149868 1871866.6395605 -509193.186099886
-0.12295 -0.0210238007782802 0.00303911159040349 -15.1925209368526 123.44227279323 1871640.49816106 -509171.772910704
-0.123 0.0299737270509739 -0.00356970203603026 -15.1691401632198 123.435235436592 1872057.72343001 -509171.003903225
-0.12305 -0.015759521191247 -0.0201375007640117 -15.2113357030637 123.428198079953 1871501.26688101 -509157.858614365
-0.1231 0.00016682640960072 0.0336979323129826 -15.1678479753096 123.421160723315 1872186.74031188 -509131.629566901
-0.12315 -0.0158486981847794 -0.0313361407422877 -15.2247526218856 123.414123366677 1871457.74924294 -509122.366749361
-0.1232 0.0402415196510912 0.0113357237849207 -15.1670699795683 123.407086010038 1872339.88830584 -509120.270510336
-0.12325 -0.0395562403754132 -0.0144388302839502 -15.2332320985458 123.4000486534 1871396.85721411 -509109.487865979
-0.1233 0.0122847829203553 0.0313846161605439 -15.1810950701876 123.393011296762 1872233.78657006 -509095.66154483
-0.12335 -0.0110294704069408 -0.0421403899888294 -15.2374622871691 123.385973940123 1871385.38706981 -509108.328143758
-0.1234 0.0234292101998195 0.0251299503166822 -15.1848982260927 123.378936583485 1872279.02039006 -509091.229933947
-0.12345 -0.0378797682106911 -0.00421883650748114 -15.2484378698423 123.371899226846 1871506.54058816 -509071.479751962
-0.1235 0.0332771109066349 0.0128882383472083 -15.1971045019404 123.364861870208 1872293.81291579 -509067.60009823
-0.12355 -0.00751010362645196 -0.0269812891162473 -15.2464439768356 123.35782451357 1871562.30284243 -509069.082903696
-0.1236 0.00103000796339541 0.0247359577241213 -15.215968021322 123.350787156931 1872075.46067574 -509048.498702487
-0.12365 -0.0122401887407341 -0.00750652342775119 -15.2475330838266 123.343749800293 1871641.18457015 -509053.91574217
-0.1237 0.0138936324941504 -0.00423679679430726 -15.2297875129257 123.336712443655 1871981.00589281 -509033.571768313
-0.12375 0.00220067831247254 -0.000208002774279617 -15.2474014700269 123.329675087016 1871893.19005777 -509003.092921275
-0.1238 -0.00324103668282626 0.0011109293492941 -15.2495449333494 123.322637730378 1871896.33062873 -509000.425280495
-0.12385 -0.00382103383744777 0.00919894371725376 -15.243742808655 123.31560037374 1871998.92547534 -508985.325041039
-0.1239 -0.000714393319095164 -0.0138337663086656 -15.2623069827467 123.308563017101 1871784.58067466 -508981.413654903
-0.12395 0.0173006853611278 0.00820535390236997 -15.2431094523984 123.301525660463 1872070.13756233 -508990.397169001
-0.124 -0.0185497517568772 -0.0105497413601756 -15.2773508700156 123.294488303825 1871641.90527831 -508967.150990023
-0.12405 0.00984671592809637 0.0253703754512937 -15.2425591306743 123.287450947186 1872270.73240717 -508952.114569259
-0.1241 -0.0177035204956917 -0.0290963814499475 -15.2954645145796 123.280413590548 1871552.36593035 -508935.207023683
-0.12415 0.0234632707061936 0.0219988715449446 -15.2465484336323 123.27337623391 1872375.05123738 -508915.585552712
-0.1242 -0.0314998872624803 -0.0183733976926389 -15.3059130801228 123.266338877271 1871557.84385973 -508914.04172714
-0.12425 0.0237435667296464 0.0322491893144816 -15.2431629194199 123.259301520633 1872525.13518056 -508893.430618437
-0.1243 -0.0234150670340712 -0.0395360859333847 -15.3184130195432 123.252264163995 1871483.68872997 -508886.268206223
-0.12435 0.0384664826632821 0.0239919575618361 -15.2487775704513 123.245226807356 1872553.6481221 -508884.852677836
-0.1244 -0.0364508938245951 -0.0291260519136407 -15.3364325116911 123.238189450718 1871371.00874778 -508883.537683382
-0.12445 0.0213018669940377 0.0442388381517654 -15.2565782383736 123.23115209408 1872566.4931236 -508866.980780667
-0.1245 -0.0147936446132433 -0.0446561886294515 -15.3329121238183 123.224114737441 1871488.6694311 -508858.39978576
-0.12455 0.0264382097768415 0.0271307268963888 -15.2690239677937 123.217077380803 1872510.47415407 -508837.559913204
-0.1246 -0.0354124457248094 -0.0039353877258327 -15.325791820633 123.210040024165 1871733.37758822 -508818.996733239
-0.12465 0.0145721539002121 0.00735045712768256 -15.2944640274294 123.203002667526 1872243.83871052 -508824.743404766
-0.1247 0.00694457584726067 -0.0124474733856547 -15.315335679823 123.195965310888 1872007.50984016 -508817.401370815
-0.12475 -0.0116627068339137 -0.00774131884188984 -15.3238430556296 123.188927954249 1871887.03685052 -508800.17371355
-0.1248 0.00224077932950279 0.0236319523131622 -15.3010311738122 123.181890597611 1872325.54520106 -508795.095375448
-0.12485 -0.0222487997527164 -0.0285238757911725 -15.348810964826 123.174853240973 1871709.43097148 -508761.41504978
-0.1249 0.0346817765277527 0.0164838752758683 -15.3016691374731 123.167815884334 1872560.29086016 -508753.155832752
-0.12495 -0.0273144989075913 -0.0209598696810889 -15.3596329759633 123.160778527696 1871649.25248182 -508764.359023719
-0.125 0.024835821667751 0.0298399796575129 -15.3016752978377 123.153741171058 1872575.34299453 -508753.172113203
-0.12505 -0.0223461822364164 -0.029638537215804 -15.3688185073365 123.146703814419 1871619.01770386 -508750.695167887
-0.1251 0.0233965208864388 0.0229625812734797 -15.3111047795499 123.139666457781 1872550.38291451 -508729.109138949
-0.12515 -0.0246594408813172 -0.0282887277687694 -15.3758520948386 123.132629101143 1871664.02156082 -508723.136803757
-0.1252 0.0264907634370219 0.0235775832391881 -15.3137712801663 123.125591744504 1872623.21411555 -508706.307904328
-0.12525 -0.0212625375098699 -0.020122761800302 -15.3757796634717 123.118554387866 1871767.82157513 -508692.789705893
-0.1253 0.0148074183517117 0.022403857184145 -15.3354361606936 123.111517031228 1872440.61054671 -508681.040538714
-0.12535 -0.0138492492567254 -0.0221605205727347 -15.37568321191 123.104479674589 1871812.28720415 -508693.424317486
-0.1254 0.0160365081806014 0.01605713794632 -15.3406402282159 123.097442317951 1872424.00723001 -508680.189848429
-0.12545 -0.0173490072316772 -0.0142607370262281 -15.3876654429203 123.090404961313 1871912.64809747 -508638.872072957
-0.1255 0.00969424715822862 0.0122295079692341 -15.3571054360078 123.083367604674 1872396.22662084 -508641.114155387
-0.12555 -0.00329514129785673 -0.00520807354329207 -15.3766480594496 123.076330248036 1872065.80418478 -508645.240453022
-0.1256 -0.00243598502068106 0.00564180824367691 -15.3771036159595 123.069292891398 1872146.29416837 -508628.83804412
-0.12565 0.000506334094705931 -0.00261244149986449 -15.3794670405426 123.062255534759 1872137.81051982 -508625.001277782
-0.1257 0.00212097127878089 -0.0105153959752791 -15.3849152043165 123.055218178121 1872114.9659894 -508610.691341058
-0.12575 0.00370609710467749 0.00997090573769522 -15.3802435235976 123.048180821483 1872331.74580115 -508593.572347408
-0.1258 -0.012204583042591 -0.00262661346634757 -15.3996803007176 123.041143464844 1872091.82448314 -508572.590441428
-0.12585 0.0221989684210673 0.00566666384825533 -15.37624843366 123.034106108206 1872484.34896859 -508565.575359157
-0.1259 -0.0113631767224564 -0.0164183750265778 -15.4157252544297 123.027068751568 1871952.26301597 -508567.844961573
-0.12595 0.00616016307538142 0.0259655282230863 -15.3798147726715 123.020031394929 1872477.88625334 -508573.696108898
-0.126 -0.023940657651522 -0.0162372499467025 -15.4286798778674 123.012994038291 1871866.37726897 -508537.120314217
-0.12605 0.0261467643350337 0.00467728185660129 -15.3909872059975 123.005956681652 1872525.92633935 -508515.9335213
-0.1261 -0.0179448600087381 -0.0152877324121327 -15.4298642592897 122.998919325014 1871987.4854107 -508518.752768807
-0.12615 0.0155646933283568 0.0170928661898067 -15.3950314191825 122.991881968376 1872559.05210221 -508507.941805323
-0.1262 -0.0227424866788008 -0.014586821116017 -15.4377572584613 122.984844611737 1871958.78179909 -508500.823549348
-0.12625 0.0215446459046093 0.00633384778354784 -15.4060141286248 122.977807255099 1872530.37078998 -508494.386187844
-0.1263 -0.0144869274127781 -0.0197150167573727 -15.444930803951 122.970769898461 1871991.63657913 -508479.089624061
-0.12635 0.00760354101106916 0.0195428845638538 -15.4104904135559 122.963732541822 1872526.68303395 -508478.499418266
-0.1264 -0.0095567752098179 -0.0164550243787717 -15.4478878776626 122.956695185184 1872097.88961503 -508455.47074285
-0.12645 0.0224191803326919 0.00219814998155102 -15.4199257148194 122.949657828546 1872599.7595479 -508422.567413165
-0.1265 -0.0223593171177298 -0.00596831237632282 -15.4584329111734 122.942620471907 1872028.56827249 -508437.852356104
-0.12655 0.00362682732862069 0.0225779109021683 -15.4322545336938 122.935583115269 1872493.57834946 -508437.787389639
-0.1266 0.00685046437988714 -0.0137344624843589 -15.4557786966412 122.928545758631 1872218.93769638 -508418.617917527
-0.12665 0.00545534012678375 -0.00242378610190596 -15.4532955013208 122.921508401992 1872330.0417561 -508407.685238992
-0.1267 -0.0116718253243855 0.0167530578045247 -15.4491370357752 122.914471045354 1872445.29681191 -508384.038129125
-0.12675 -0.00869205791560968 -0.00989668627693761 -15.4690315165446 122.907433688716 1872223.67484246 -508377.537019397
-0.1268 0.0341565215091567 0.00474844361948903 -15.4463768351255 122.900396332077 1872659.93380264 -508375.529828654
-0.12685 -0.0263687318163835 -0.0202038041289994 -15.4986962708905 122.893358975439 1871932.58324807 -508361.38943341
-0.1269 0.0140868280320195 0.0432396329846109 -15.4330032886375 122.886321618801 1872866.32439233 -508361.10751598
-0.12695 -0.0222998375083957 -0.0416426000833874 -15.5137505272922 122.879284262162 1871753.00821522 -508358.487305982
-0.127 0.0500195482027587 0.027873129565067 -15.4332852913979 122.872246905524 1873027.24832479 -508349.004712851
-0.12705 -0.0419749748961569 -0.0315317322243616 -15.5329280696252 122.865209548886 1871711.72507371 -508314.492217007
-0.1271 0.0274593173324244 0.0436560492480141 -15.437092424034 122.858172192247 1873094.32893902 -508295.938357146
-0.12715 -0.0318875689837019 -0.0462749701744956 -15.5327277291948 122.851134835609 1871736.70118025 -508295.432255236
-0.1272 0.0406299515707039 0.0239459823831971 -15.455251340744 122.844097478971 1872942.19607554 -508294.947320763
-0.12725 -0.0410609480052072 -0.0165310447995015 -15.5286274486788 122.837060122332 1871871.80858134 -508300.852015411
-0.1273 0.0267021721612594 0.0210964272867932 -15.4706164798762 122.830022765694 1872849.71120354 -508270.349620713
-0.12735 -0.0124489391384895 -0.0274249447612657 -15.5256550532327 122.822985409055 1872088.46854994 -508265.585649898
-0.1274 0.0161419328952209 0.0134164831752343 -15.4899959575614 122.815948052417 1872677.35108009 -508265.214628165
-0.12745 -0.0154231869037799 0.00848165542518553 -15.5106113267512 122.808910695779 1872448.04474689 -508229.774505331
-0.1275 0.00631266885153614 -0.00917399002718758 -15.5119718364025 122.80187333914 1872472.90266163 -508218.892901236
-0.12755 0.0128196776205779 0.00094954509523634 -15.5073030680866 122.794835982502 1872615.15722681 -508219.977351304
-0.1276 -0.0221396969605521 -0.00153716649239141 -15.5361512625503 122.787798625864 1872242.66751116 -508207.252432153
-0.12765 0.010419130447429 0.0140782621161901 -15.5048249384462 122.780761269225 1872697.847094 -508205.418121864
-0.1277 -0.00644439741210684 -0.0295279112142963 -15.5472608647901 122.773723912587 1872167.78416227 -508193.458029968
-0.12775 0.0163948657478081 0.0199104979682371 -15.5027670980033 122.766686555949 1872867.26687523 -508171.615537624
-0.1278 -0.0302197083080422 -0.00187897275633994 -15.5511994641893 122.75964919931 1872241.04564518 -508173.173343707
-0.12785 0.0237322089157909 0.0143733735571267 -15.5173694083902 122.752611842672 1872829.0575324 -508154.498548709
-0.1279 -0.0106401716941157 -0.0242980738074038 -15.5579725215398 122.745574486034 1872223.30879758 -508144.8591533
-0.12795 0.00670054877807324 0.0194446442726424 -15.5227117974908 122.738537129395 1872771.76881052 -508145.689510818
-0.128 -0.0238458039979569 -0.00315356293822241 -15.5652303206813 122.731499772757 1872273.25862389 -508127.144409046
-0.12805 0.0222110334178043 0.0007756405205622 -15.5350632770176 122.724462416119 1872775.89980735 -508108.456930899
-0.1281 -0.00841480163140849 -0.0161096390721594 -15.5665057396914 122.71742505948 1872383.2915701 -508099.865789957
-0.12815 0.000546626777283143 0.0172880275327291 -15.5412038091824 122.710387702842 1872812.0815917 -508081.993844385
-0.1282 -0.00729167780679299 -0.0115271811074897 -15.5719911851475 122.703350346204 1872408.16181992 -508087.999386051
-0.12825 0.0147710042873476 -0.00447055594449461 -15.557335326236 122.696312989565 1872631.43387263 -508085.664926254
-0.1283 -0.00908868699304833 0.00640345312142026 -15.5668664934209 122.689275632927 1872559.12867827 -508057.343915156
-0.12835 -0.0134099156941479 0.00568657206550522 -15.5688300451504 122.682238276289 1872583.17302328 -508048.536799439
-0.1284 0.0204443592735527 -0.00426072306360485 -15.5614382695377 122.67520091965 1872758.11013072 -508043.468050297
-0.12845 -0.0126977936176993 -0.00614592020647135 -15.584847348676 122.668163563012 1872520.90362347 -508022.207868747
-0.1285 0.00869530324967452 0.0157108479942546 -15.5542211408606 122.661126206374 1872958.96219689 -508000.347404049
-0.12855 -0.0177135736978552 -0.0161048988840378 -15.6032356461422 122.654088849735 1872308.29968729 -508007.087813681
-0.1286 0.0249311794749639 0.0145536822765618 -15.56534207135 122.647051493097 1872949.31079092 -508009.669625407
-0.12865 -0.0215695037159802 -0.0137640260899382 -15.6065454008348 122.640014136458 1872350.7198446 -507991.877172724
-0.1287 0.0093881096572109 0.0170010148270491 -15.574047428568 122.63297677982 1872924.49732962 -507975.16016343
-0.12875 -0.00760014181691231 -0.0180581858990987 -15.6102787953603 122.625939423182 1872504.92706642 -507955.538094193
-0.1288 0.00861566691774348 0.0122129321445911 -15.5792929286808 122.618902066543 1872939.22686982 -507937.592360515
-0.12885 -0.0103900795961166 -0.00814501150548796 -15.6119554743213 122.611864709905 1872507.83184724 -507951.13622097
-0.1289 0.00871915109055172 0.00607963936850741 -15.595852310594 122.604827353267 1872795.07382863 -507948.762674982
-0.12895 -0.00579272426767202 -0.00579339352771734 -15.6147378988003 122.597789996628 1872594.83437764 -507930.366096067
-0.129 0.00443906824539025 0.00179485814777136 -15.61063492794 122.59075263999 1872766.85707122 -507915.035392916
-0.12905 0.00332779020477202 0.00126151479096913 -15.6053783155719 122.583715283352 1872807.35890216 -507896.448994973
-0.1291 -0.00428187020041938 -0.00743750026053285 -15.6229481646123 122.576677926713 1872630.98882902 -507892.707719475
-0.12915 0.00234451651606731 0.015129558868977 -15.6110326583614 122.569640570075 1872837.37774024 -507892.142322856
-0.1292 -0.0177844648263467 -0.0109642555385695 -15.6409073609868 122.562603213437 1872463.13623106 -507885.872961034
-0.12925 0.0252432383162682 0.0158133851272239 -15.6027039296312 122.555565856798 1873102.58342855 -507879.470856569
-0.1293 -0.0287963209885014 -0.0207505534542849 -15.6610828731682 122.54852850016 1872336.31777273 -507845.204601205
-0.12935 0.0210088272236325 0.0308006404105044 -15.5944113765867 122.541491143522 1873294.76755693 -507837.66527164
-0.1294 -0.0288345218736325 -0.0370888241435549 -15.6769710810533 122.534453786883 1872174.10343689 -507839.640534152
-0.12945 0.0442668516289356 0.0311670380877231 -15.5905140089278 122.527416430245 1873466.03292855 -507832.2047616
-0.1295 -0.0425508447218504 -0.0321918720005612 -15.6925066032535 122.520379073607 1872034.04372091 -507845.603427122
-0.12955 0.033746145988278 0.043470028767107 -15.6025420841402 122.513341716968 1873435.18734705 -507804.502245747
-0.1296 -0.0356720543444412 -0.0411139061889889 -15.6930236498527 122.50630436033 1872128.28864781 -507801.163285837
-0.12965 0.0413966374813897 0.0294901585488432 -15.6078407524822 122.499267003692 1873478.09325557 -507780.007231358
-0.1297 -0.0356505140865124 -0.0289284495238492 -15.6936416801744 122.492229647053 1872287.57564831 -507760.629905183
-0.12975 0.0239753476330656 0.026810895754176 -15.6252731963307 122.485192290415 1873335.81344502 -507754.173292142
-0.1298 -0.00154286684927183 -0.0282629639971391 -15.6892318373294 122.478154933777 1872558.13576104 -507744.206573051
-0.12985 0.00184443237631062 0.0162511465924921 -15.6600273622874 122.471117577138 1872965.55753657 -507749.631884094
-0.1299 -0.00477048155839606 0.00115209319213256 -15.6680946682017 122.4640802205 1872847.543938 -507733.832737529
-0.12995 -0.00852925843917091 -0.00498549352489053 -15.6835214018464 122.457042863861 1872752.40303035 -507707.968840145
-0.13 0.0129482427216141 0.0104750552974017 -15.6607863549585 122.450005507223 1873123.5809415 -507708.274881724
-0.13005 -0.016112137033459 -0.0170202815130285 -15.699931941103 122.442968150585 1872629.93329408 -507692.652556538
-0.1301 0.0177150491722956 0.0204060923046813 -15.6595731076293 122.435930793946 1873274.78140059 -507681.848917293
-0.13015 -0.0212213547976501 -0.0211186389507736 -15.7104376680821 122.428893437308 1872523.06779808 -507679.106734072
-0.1302 0.022139652370956 0.0160133849194692 -15.6607436288724 122.42185608067 1873250.88286993 -507661.02626404
-0.13025 -0.0226639094796763 -0.0247901936884426 -15.7219921189301 122.414818724031 1872440.36679708 -507667.630562845
-0.1303 0.0280268980434048 0.0309211502916242 -15.6657139196331 122.407781367393 1873396.03594132 -507652.888047155
-0.13035 -0.0200377385380131 -0.0285477933286146 -15.7233162993841 122.400744010755 1872562.56735227 -507618.876583015
-0.1304 0.0181568331868786 0.0234412402751708 -15.6764480443453 122.393706654116 1873368.57435846 -507614.006130349
-0.13045 -0.0145336560797905 -0.0237270399733002 -15.7330447684059 122.386669297478 1872614.02014803 -507617.00987014
-0.1305 0.0198818728531972 0.0204131493889021 -15.6825414850173 122.37963194084 1873344.39435273 -507600.060393142
-0.13055 -0.0267742881939319 -0.0156709574669693 -15.7362759814317 122.372594584201 1872592.6570117 -507591.381927298
-0.1306 0.0138839607004071 0.0210998070401021 -15.6964593692345 122.365557227563 1873292.73178883 -507583.226288246
-0.13065 0.00277328649467666 -0.0210219194503332 -15.7313410179772 122.358519870925 1872862.50552371 -507556.99905716
-0.1307 -0.0045382304992428 0.0166185543109804 -15.7143478954272 122.351482514286 1873138.2791078 -507549.677515638
-0.13075 0.000932632631986975 0.00303166286957486 -15.7257597226692 122.344445157648 1873044.623739 -507552.834307111
-0.1308 0.000730592101694003 -0.0150240450297448 -15.7344847013919 122.33740780101 1872901.18776125 -507542.114031054
-0.13085 0.004243159150613 0.0171617413607957 -15.7199532952892 122.330370444371 1873202.6063875 -507538.189512369
-0.1309 -0.020023642110073 -0.00785132932350956 -15.748295971575 122.323333087733 1872854.63686875 -507506.743863084
-0.13095 0.0240481390963227 0.00824352534339686 -15.7106599578224 122.316295731095 1873454.80418057 -507491.5873222
-0.131 -0.0162812583418533 -0.0206458376721385 -15.7709651116477 122.309258374456 1872732.1934657 -507493.088773559
-0.13105 0.0119370550268686 0.0300768267753907 -15.7180788618163 122.302221017818 1873478.1271926 -507481.288905607
-0.1311 -0.0191095499450406 -0.0311458021314328 -15.7748275250531 122.29518366118 1872660.45157203 -507482.220240861
-0.13115 0.0340168368828675 0.0212162668835521 -15.7198656070007 122.288146304541 1873574.23323523 -507466.952683882
-0.1312 -0.0330637481615438 -0.0233040166512456 -15.7836126858275 122.281108947903 1872642.38688037 -507452.062645905
-0.13125 0.0206657801370584 0.0380153210315835 -15.7202315438773 122.274071591264 1873715.66680159 -507424.103758545
-0.1313 -0.01351086497252 -0.0368754530677495 -15.7874957211872 122.267034234626 1872790.18657603 -507401.053722745
-0.13135 0.0264438211471128 0.0171237380120297 -15.7338195504258 122.259996877988 1873584.0704188 -507399.700213846
-0.1314 -0.0327424294751621 -0.0063969508669013 -15.7882106860258 122.252959521349 1872863.66039184 -507395.738176638
-0.13145 0.0168189564861943 0.010199054020823 -15.7565632558886 122.245922164711 1873401.64582673 -507396.264476064
-0.1315 0.000821868806424652 -0.0156786503551902 -15.786565289276 122.238884808073 1873003.61159557 -507390.766513849
-0.13155 -0.00845004718047278 0.0145754614801177 -15.7715008490598 122.231847451434 1873264.66875879 -507372.074088735
-0.1316 -0.0018778888834958 0.00739667872766245 -15.7706898219196 122.224810094796 1873325.62974071 -507358.437538023
-0.13165 0.00103642500290638 -0.0204633192699462 -15.7951971064601 122.217772738158 1873064.21619486 -507351.461725979
-0.1317 0.0175407190207748 0.0132100594087105 -15.7714481096342 122.210735381519 1873479.899844 -507349.643521924
-0.13175 -0.0288228239565657 -0.0149636315285795 -15.8128380228212 122.203698024881 1872852.69024793 -507341.225731567
-0.1318 0.031159819528796 0.0306598717376873 -15.7623450409781 122.196660668243 1873736.2358283 -507330.963745811
-0.13185 -0.0218417217808206 -0.0412071511945532 -15.8355567754541 122.189623311604 1872678.72046139 -507316.79802817
-0.1319 0.0346888339428149 0.0359106093274114 -15.7583025107252 122.182585954966 1873933.99882929 -507275.730127155
-0.13195 -0.0524105120697648 -0.0204251858137731 -15.846148554891 122.175548598328 1872711.99723617 -507263.344299805
-0.132 0.047778899084343 0.0278651449332846 -15.7581402235811 122.168511241689 1873993.53339146 -507274.899178002
-0.13205 -0.0263665353010353 -0.0476940763809937 -15.8522519893839 122.161473885051 1872679.37468602 -507254.883707336
-0.1321 0.016616729057102 0.0420342459971944 -15.7796094316416 122.154436528413 1873817.3791277 -507257.543801817
-0.13215 -0.0298864079296701 -0.0238171589906628 -15.8443915029719 122.147399171774 1872835.90640163 -507255.534602207
-0.1322 0.0304104637955848 0.00818786923413534 -15.7919258407865 122.140361815136 1873698.1689556 -507240.867204594
-0.13225 -0.0202378122816167 -0.0160010839607215 -15.8384861717571 122.133324458498 1873103.73648892 -507193.89602598
-0.1323 0.000218944715422374 0.0206942980473475 -15.8109411828088 122.126287101859 1873581.72970312 -507208.567298653
-0.13235 -0.00300060438762174 -0.00433094088118087 -15.8308634717196 122.119249745221 1873291.83194027 -507201.982463814
-0.1324 -9.03455176606982e-05 -0.00609597947374773 -15.8335515560752 122.112212388583 1873322.17160763 -507194.789044666
-0.13245 -0.00184227200000265 0.00818271077314385 -15.8304250637168 122.105175031944 1873458.02951748 -507166.070852732
-0.1325 -0.014781819318577 -0.00543270634856757 -15.8493966953615 122.098137675306 1873227.56766488 -507162.018999829
-0.13255 0.0236728098808215 -0.00337907801180914 -15.8238291846836 122.091100318668 1873620.25106823 -507157.395022649
-0.1326 -0.0192066292688845 -0.00734354667053751 -15.8579751254212 122.084062962029 1873246.30506131 -507138.723573697
-0.13265 0.00946817791649688 0.0171486093736847 -15.8278909726001 122.077025605391 1873706.0891085 -507128.273997584
-0.1327 -0.0152949400626134 -0.0208970289893489 -15.8673421319438 122.069988248752 1873127.74589289 -507131.857277166
-0.13275 0.0170609674675492 0.0121014705062942 -15.8389473167263 122.062950892114 1873651.90989569 -507120.452802156
-0.1328 -0.0301129611221752 -0.00418372250945471 -15.8750022999277 122.055913535476 1873129.55460779 -507105.579524448
-0.13285 0.0204043706216485 0.00534232985303563 -15.8408854078671 122.048876178837 1873736.64309128 -507087.328002345
-0.1329 -0.0144561572554873 -0.0138462154550747 -15.8803662608315 122.041838822199 1873262.18478556 -507068.227563347
-0.13295 0.0018785223987539 0.0264135680527638 -15.8505753632182 122.034801465561 1873749.05300267 -507064.352573822
-0.133 -0.00946462340027827 -0.0143123570232486 -15.8857154622869 122.027764108922 1873262.79189009 -507061.139084193
-0.13305 0.0180021978023468 -0.00557222600837549 -15.8647879275738 122.020726752284 1873581.85108356 -507059.625984178
-0.1331 -0.0132064088279278 0.00581652321311784 -15.8787802624054 122.013689395646 1873447.31069296 -507038.4816843
-0.13315 -0.0123449686261382 0.0120944145012837 -15.8775452741021 122.006652039007 1873541.60249787 -507017.703426518
-0.1332 0.0225219170588781 -0.00757099516782543 -15.872774369059 121.999614682369 1873669.11258331 -507010.486641366
-0.13325 -0.0038092711922518 -0.0127187921137763 -15.8919664087386 121.992577325731 1873386.59597799 -507008.885331125
-0.1333 0.00317567583510095 0.0261820487637724 -15.8720015081732 121.985539969092 1873739.29229914 -507010.337361682
-0.13335 -0.0161886619013538 -0.0145629482806059 -15.9073958562855 121.978502612454 1873242.5644301 -507003.089527414
-0.1334 0.0289039280343662 0.0125139893510703 -15.8648836630897 121.971465255816 1873971.34044186 -506984.055076499
-0.13345 -0.0249612753664101 -0.0204107193584683 -15.9235875120639 121.964427899177 1873176.09548991 -506960.94568537
-0.1335 0.0236581916772646 0.0324263291906943 -15.8674766883091 121.957390542539 1874107.01892791 -506949.506617522
-0.13355 -0.0306513963341914 -0.0196408390666871 -15.9278214177755 121.950353185901 1873173.9089739 -506944.800793788
-0.1336 0.0317629939810376 0.0162046575117452 -15.868175857958 121.943315829262 1874101.23049352 -506933.025218076
-0.13365 -0.0305724527755201 -0.0201575316098762 -15.9369254117478 121.936278472624 1873167.08663743 -506921.696691204
-0.1337 0.0106417707850326 0.0308700759658321 -15.8878117455778 121.929241115986 1873996.79110302 -506909.01612285
-0.13375 -0.0143529547264564 -0.0248188958664408 -15.9299878326802 121.922203759347 1873379.59752237 -506896.899377053
-0.1338 0.0164768183776609 0.0138151350498719 -15.8958983803473 121.915166402709 1873955.53923223 -506880.059604602
-0.13385 -0.0137015294115932 -0.0114852192230825 -15.9330790350509 121.908129046071 1873500.87410381 -506867.033931221
-0.1339 0.00258559958720064 0.0151131557865204 -15.9143661929827 121.901091689432 1873830.95012938 -506879.742414833
-0.13395 -0.00256570655215243 -0.0107411411790568 -15.9292019768969 121.894054332794 1873574.26151458 -506864.374014903
-0.134 0.0143715928145348 -0.00563117427772644 -15.92632102889 121.887016976155 1873766.69300022 -506846.783049927
-0.13405 -0.00851661382924352 0.00846432714801759 -15.9295976337263 121.879979619517 1873724.93327616 -506835.721493869
-0.1341 -0.00971460369202786 0.00534610168948798 -15.9353441761227 121.872942262879 1873697.85614326 -506828.005305246
-0.13415 0.013734416027795 3.63732607944169e-05 -15.9297579417578 121.86590490624 1873874.36982121 -506802.379685294
-0.1342 -0.00715963992319659 -0.0106761531441416 -15.9458960581906 121.858867549602 1873663.13725405 -506789.735860572
-0.13425 0.0116333153664628 0.0131613381549931 -15.9271560057616 121.851830192964 1874012.17228244 -506794.509199878
-0.1343 -0.020025710695495 -0.00604064860010075 -15.9609231006897 121.844792836325 1873519.2080803 -506781.442176646
-0.13435 0.00838906683306388 0.012260542269013 -15.931748728951 121.837755479687 1873963.63407588 -506771.562790154
-0.1344 -0.00153221217219822 -0.0248911832267271 -15.9684958349004 121.830718123049 1873608.45730253 -506740.884068029
-0.13445 0.00234211891166926 0.0160562107543424 -15.9395607872396 121.82368076641 1874055.19261523 -506734.143093216
-0.1345 -0.0179433461941972 0.00147179940211833 -15.9636194592664 121.816643409772 1873668.17899854 -506743.088437632
-0.13455 0.0161224760173583 -0.00391193647317902 -15.9518464891437 121.809606053134 1873994.94977635 -506712.0486557
-0.1346 -0.00318550143715001 -0.0143477735315925 -15.9723313016607 121.802568696495 1873736.45352904 -506705.559983368
-0.13465 -0.0105099613634678 0.0179830979711291 -15.9578873586977 121.795531339857 1873929.11470716 -506702.042865016
-0.1347 0.00241449930940631 -0.00602538035390377 -15.970831677476 121.788493983219 1873773.98812896 -506714.339543885
-0.13475 0.00536157581467143 -0.010130209419984 -15.97646911066 121.78145662658 1873810.61652291 -506691.692433706
-0.1348 -0.00493896358152096 0.0133376126130682 -15.9658538723292 121.774419269942 1874009.87435819 -506666.056549856
-0.13485 -0.0153263508101157 -0.00236180863332171 -15.9843024805428 121.767381913304 1873826.90972903 -506645.025175467
-0.1349 0.0140739566412038 0.000585838558795645 -15.964908311893 121.760344556665 1874123.29909767 -506634.765820069
-0.13495 -0.00346697916882709 -0.0171875585808436 -15.9925695813241 121.753307200027 1873729.663675 -506645.293030035
-0.135 -0.00344317491431829 0.0240460179166269 -15.9660188248014 121.746269843389 1874120.44622003 -506635.190990985
-0.13505 -0.0167861186774936 -0.0161500630869972 -16.0041069337152 121.73923248675 1873677.40092506 -506620.340734742
-0.1351 0.0280840771955916 0.000157323302826075 -15.9720237097175 121.732195130112 1874256.9177185 -506602.479642129
-0.13515 -0.0108639824812453 -0.00912524812269504 -16.0151142120999 121.725157773474 1873805.00429107 -506573.233503829
-0.1352 0.00371749730244539 0.0153992692867756 -15.9893253594535 121.718120416835 1874157.20250883 -506579.576528489
-0.13525 0.00268692377609054 -0.0115401786954246 -16.0048465471298 121.711083060197 1873923.43603653 -506576.338555122
-0.1353 0.0010187489578527 -0.0103185437312006 -16.0063149617737 121.704045703558 1873933.83325672 -506563.788887247
-0.13535 -0.00271716507732581 0.0188550430519561 -15.9917452542332 121.69700834692 1874172.78421452 -506571.588518521
-0.1354 -0.00830336838900132 -0.0172796475378728 -16.0235613413522 121.689970990282 1873830.73335572 -506537.261253111
-0.13545 0.0256768248164529 0.00725888051201186 -15.9855325011914 121.682933633643 1874444.08278432 -506509.722692947
-0.1355 -0.0265646895583374 -0.0128700009323368 -16.0340306820124 121.675896277005 1873754.10214606 -506511.861287799
-0.13555 0.0134813942956379 0.0270568732537238 -15.9861000260083 121.668858920367 1874465.80245448 -506509.539061876
-0.1356 -0.0106284647387405 -0.0390637585222846 -16.0475813714677 121.661821563728 1873654.6413835 -506504.512421289
-0.13565 0.0335648917051036 0.0223220938809784 -15.9887801172707 121.65478420709 1874560.76145872 -506497.804241606
-0.1357 -0.0438834676541315 -0.00432170789704039 -16.0562840784653 121.647746850452 1873668.31877747 -506479.482419435
-0.13575 0.0271105059140696 0.0202770169820428 -15.9950674262653 121.640709493813 1874579.98648667 -506472.230599705
-0.1358 -0.00408666341346412 -0.0370705820934617 -16.055942648747 121.633672137175 1873792.10800049 -506449.687777243
-0.13585 0.00638396817037063 0.0267905022054684 -16.0143992656847 121.626634780537 1874409.17911135 -506445.330364729
-0.1359 -0.0203297607613005 0.000412139674865673 -16.0504976383724 121.619597423898 1873949.51997614 -506442.176641465
-0.13595 0.0160332749245821 -0.0038960770570529 -16.0330573660381 121.61256006726 1874284.53688342 -506426.27049672
-0.136 -0.00172599125892271 0.00610738820569887 -16.0353399269089 121.605522710622 1874263.69931426 -506404.341438725
-0.13605 -0.0190028566696172 0.00442956985794954 -16.0565261593277 121.598485353983 1874094.31927372 -506395.268489205
-0.1361 0.0182978225107256 0.0102239091890501 -16.0312179330425 121.591447997345 1874475.47815376 -506378.51520729
-0.13615 -0.0173872453153185 -0.0267530818374899 -16.0725057884346 121.584410640707 1873883.19926543 -506369.8648764
-0.1362 0.0296748011906314 0.0206015954224967 -16.0192122781496 121.577373284068 1874670.61654179 -506364.17133517
-0.13625 -0.0364483361934985 -0.0238458870755634 -16.0998586873404 121.57033592743 1873643.2329313 -506368.67969382
-0.1363 0.0306122734162932 0.0287127421156244 -16.0148074667837 121.563298570792 1874855.02932347 -506349.828351774
-0.13635 -0.0300343140400131 -0.0375086571269366 -16.0976620334838 121.556261214153 1873714.97449385 -506327.052144098
-0.1364 0.0284100317686186 0.0326337479341697 -16.0290442780939 121.549223857515 1874854.79570219 -506317.577883612
-0.13645 -0.0256614745051427 -0.0332451412515317 -16.1056025239438 121.542186500877 1873793.98894361 -506302.621150344
-0.1365 0.0210645180336596 0.027199020625134 -16.0385033479942 121.535149144238 1874758.97747405 -506293.407326988
-0.13655 -0.0214358390860474 -0.0254575923234067 -16.1052537270175 121.5281117876 1873879.26256904 -506291.966468604
-0.1366 0.0225030353114248 0.0128562206522845 -16.0557780976093 121.521074430961 1874626.34525894 -506283.301432822
-0.13665 -0.0191115832945196 -0.0104849124023285 -16.0967243281193 121.514037074323 1874088.33949386 -506264.087611502
-0.1367 0.00486660794856182 0.0156866077187513 -16.0649409082661 121.506999717685 1874626.946787 -506242.716954086
-0.13675 0.0114706214826863 -0.0207827071050534 -16.0911734852445 121.499962361046 1874295.91436408 -506246.415754259
-0.1368 0.00472106759001506 -0.00435876024510774 -16.0906990723083 121.492925004408 1874364.89790255 -506234.054051553
-0.13685 -0.0113425924876261 0.0266370262928348 -16.0836421128575 121.48588764777 1874531.7679914 -506221.69000695
-0.1369 -0.0021796432849026 -0.0246585176570705 -16.1078360903024 121.478850291131 1874157.95983823 -506211.128511947
-0.13695 0.0261847787049926 0.00852372035576757 -16.0721001386211 121.471812934493 1874768.18531735 -506187.342012671
-0.137 -0.0322062092648178 -0.00762252660246049 -16.1211638556129 121.464775577855 1874108.32620127 -506187.514033918
-0.13705 0.0113053822929553 0.0281162195502812 -16.0680059836134 121.457738221216 1874885.92257908 -506173.680623828
-0.1371 -0.00564186802066237 -0.0292942090756002 -16.127239795565 121.450700864578 1874141.31701654 -506174.220990499
-0.13715 0.0210621914303348 0.0173198776667124 -16.080484822026 121.44366350794 1874838.92035863 -506156.272164562
-0.1372 -0.0324928918719728 -0.00850949003587145 -16.1300538607532 121.436626151301 1874150.43601829 -506151.881840633
-0.13725 0.0150088931910832 0.0167017501212762 -16.0923108691306 121.429588794663 1874785.32334829 -506136.267530168
-0.1373 -0.00389186754194593 -0.0286317500709675 -16.1274572450632 121.422551438025 1874270.69587861 -506115.238897613
-0.13735 0.0144060422852737 0.0126324936537541 -16.1000425065703 121.415514081386 1874801.81253903 -506097.429602508
-0.1374 -0.0226240878437991 0.00531198129826536 -16.1246601960183 121.408476724748 1874466.13077929 -506094.169168721
-0.13745 0.00729476585730831 0.00537217702230466 -16.1128741183588 121.40143936811 1874702.37456433 -506095.062516577
-0.1375 0.00758054112421367 -0.0201085585918094 -16.1291141477971 121.394402011471 1874476.41633609 -506075.955524664
-0.13755 0.00811356005649264 0.000473121358113969 -16.1215440002638 121.387364654833 1874652.69836926 -506074.640154967
-0.1376 -0.0238920917839301 0.0263996996225568 -16.1304049278053 121.380327298195 1874640.66147205 -506050.767177804
-0.13765 0.00962425352528625 -0.0171291923768895 -16.1312123752807 121.373289941556 1874577.82852067 -506043.330905403
-0.1377 0.0257887812202094 -0.0171615061380202 -16.1256297818317 121.366252584918 1874736.23601187 -506036.580245035
-0.13775 -0.0214751176829914 0.0210864874379811 -16.1448686112933 121.35921522828 1874612.47980515 -506030.512612931
-0.1378 -0.0070094510548337 0.0107822154045429 -16.1343286714054 121.352177871641 1874700.00862424 -506015.154702129
-0.13785 0.0232194765525148 -0.0261239466702776 -16.1488156141174 121.345140515003 1874606.06234462 -506001.390551101
-0.1379 0.00521679001722474 0.00195836283836262 -16.1408832072714 121.338103158364 1874757.69575247 -505986.315256145
-0.13795 -0.0257487132866413 0.0236239879290318 -16.1489398296956 121.331065801726 1874693.53100726 -505972.06009565
-0.138 0.00811686177881095 -0.00219808732778645 -16.1494334728204 121.324028445088 1874768.87242226 -505970.342713906
-0.13805 0.00908777029369531 -0.0231281154095972 -16.1615260864177 121.316991088449 1874636.66381111 -505945.892708965
-0.1381 -0.00305249047028043 0.0136221301457296 -16.1534911738507 121.309953731811 1874836.67971396 -505928.831664273
-0.13815 -0.0126387763717063 0.00702053988675406 -16.1624065381886 121.302916375173 1874716.53335539 -505929.2519028
-0.1382 0.0123273851713723 0.0043517194301101 -16.1505256359072 121.295879018534 1874931.83959176 -505922.951618428
-0.13825 0.00435118040837982 -0.0189975233973876 -16.1702022937701 121.288841661896 1874679.23876125 -505919.933122569
-0.1383 -0.0010417630926467 0.0230320627517427 -16.1531328570883 121.281804305258 1874947.12740237 -505920.122064806
-0.13835 -0.0190175099970242 0.00514862530704545 -16.1792620574153 121.274766948619 1874677.61593429 -505888.0947606
-0.1384 0.025613532269906 -0.0130335464854422 -16.1593506279914 121.267729591981 1875007.0527931 -505857.881849047
-0.13845 -0.00105503707452336 -0.0125252814657607 -16.1752805751438 121.260692235343 1874816.6637501 -505852.473983404
-0.1385 -0.0136759588575216 0.0295594272172691 -16.1739453097474 121.253654878704 1874978.61369304 -505844.854406326
-0.13855 -0.014089503338294 0.0043132577016016 -16.1827210038403 121.246617522066 1874763.82613777 -505851.397413281
-0.1386 0.0231699383830467 -0.026619129710062 -16.181427763225 121.239580165428 1874879.51989843 -505830.551359932
-0.13865 0.00606114997100364 0.00242517692303247 -16.176637667853 121.232542808789 1875006.65013075 -505817.312250206
-0.1387 -0.022634465050805 0.0166723918398781 -16.1902859793881 121.225505452151 1874830.73077336 -505819.388418874
-0.13875 0.0159530325696327 0.000216179886288613 -16.169140569413 121.218468095513 1875167.75775831 -505789.167482616
-0.1388 0.00109069551178284 -0.022982667294712 -16.2003176256723 121.211430738874 1874786.01553358 -505779.39001904
-0.13885 0.00565408446602601 0.0212992681529957 -16.1840604163194 121.204393382236 1875107.21095635 -505799.192026321
-0.1389 -0.0228937079859389 -0.00667723232435828 -16.2122974433997 121.197356025598 1874701.26496948 -505771.286638547
-0.13895 0.0204201052509984 0.00266323842406059 -16.1753346778053 121.190318668959 1875289.20561753 -505742.340154297
-0.139 -0.00717197991116127 -0.0250098145986949 -16.2162610811918 121.183281312321 1874777.46687993 -505733.99014042
-0.13905 0.00910179254382171 0.0214549807870407 -16.1862491222055 121.176243955683 1875305.57114469 -505733.384779371
-0.1391 -0.0137544313234703 -0.00709073296597573 -16.2216751525343 121.169206599044 1874831.0912324 -505729.664210392
-0.13915 0.0250904518247527 -0.000354523945581536 -16.1917766989846 121.162169242406 1875279.47668988 -505707.700448736
-0.1392 -0.0135630898799636 -0.0107106388906879 -16.2250484860973 121.155131885767 1874864.70940499 -505687.125920421
-0.13925 0.000679470318285232 0.0168598102451848 -16.2049328547264 121.148094529129 1875241.31214007 -505678.5848649
-0.1393 0.00624536774595396 -0.00768265930494481 -16.2147898150191 121.141057172491 1875124.4251316 -505669.194706428
-0.13935 0.00582167089595492 -0.00693686928529407 -16.2233420191661 121.134019815852 1875101.70275253 -505660.101536624
-0.1394 -0.00351708951008047 0.0102454114708897 -16.2157856959681 121.126982459214 1875186.17644766 -505654.703179412
-0.13945 -0.00915044596111268 0.00108789753855766 -16.2281334960895 121.119945102576 1875030.12864299 -505653.058394466
-0.1395 0.02106210260244 -0.00497355445607389 -16.2165957467052 121.112907745937 1875291.17594047 -505640.530370059
-0.13955 -0.00689110353044009 -0.0143720881341037 -16.2440218703107 121.105870389299 1875006.8123635 -505608.872334142
-0.1396 0.00918665443975991 0.0239006523998825 -16.2131079807816 121.098833032661 1875473.20692761 -505610.599391186
-0.13965 -0.0183567134259625 -0.0106387808545241 -16.2455758809777 121.091795676022 1874964.1257483 -505606.658826957
-0.1397 0.0288379276937569 0.000816826796199025 -16.2155691265336 121.084758319384 1875489.72736075 -505585.165319819
-0.13975 -0.0189829907996493 -0.0161212155065062 -16.2666137739492 121.077720962746 1874871.31980484 -505571.584904885
-0.1398 -0.0025303173926804 0.0341235960154489 -16.2256107156651 121.070683606107 1875463.46515114 -505572.158594127
-0.13985 -0.00406177335788654 -0.0246500831962166 -16.2608710023205 121.063646249469 1874991.34019549 -505562.616731607
-0.1399 0.0196467941357008 0.00490891388230502 -16.2309397006935 121.056608892831 1875488.0971934 -505541.367294695
-0.13995 -0.0181397149251532 -0.00313456793293336 -16.2586675217758 121.049571536192 1875153.71892027 -505514.175584619
-0.14 0.00710913422443282 0.0198098961443054 -16.2395107328819 121.042534179554 1875544.04387036 -505511.627649723
-0.14005 -0.000576221310767696 -0.015018804174804 -16.2598570054851 121.035496822916 1875176.72569694 -505506.717089317
-0.1401 0.00830171961230567 -0.00157360630692468 -16.2509423712986 121.028459466277 1875367.11403102 -505500.014336478
-0.14015 -0.0154611894998538 0.0164437431593735 -16.2579546591718 121.021422109639 1875341.73745061 -505493.138860862
-0.1402 0.00253231301971514 -0.008683075270107 -16.2692047663393 121.014384753001 1875311.39241521 -505480.604769793
-0.14025 0.0191427820518742 -0.00657629159920321 -16.2593871008641 121.007347396362 1875493.27271998 -505461.923558801
-0.1403 -0.0231818050705677 0.00391055412028854 -16.2811780296035 121.000310039724 1875187.0153357 -505452.44286041
-0.14035 0.00338271544400538 0.0169147107652436 -16.2531212503424 120.993272683086 1875611.44331395 -505434.473777068
-0.1404 -0.00272113609778698 -0.020580419662453 -16.2891677418997 120.986235326447 1875136.06621493 -505443.443120208
-0.14045 0.0148691888290709 0.00763985815830836 -16.2647952770631 120.979197969809 1875564.45965652 -505434.428646924
-0.1405 -0.0243763286002522 0.00432109948333587 -16.2892870604671 120.97216061317 1875271.95149178 -505398.823346543
-0.14055 0.0146500396926223 0.00468760351564367 -16.2736708879778 120.965123256532 1875640.66457591 -505382.681807359
-0.1406 0.00521225065092836 -0.0167395765048319 -16.2884310995732 120.958085899894 1875364.4960373 -505379.211696041
-0.14065 0.00425710028053887 0.00478357954955789 -16.2774611533498 120.951048543255 1875564.52966184 -505370.219969157
-0.1407 -0.00555941880316725 0.00535522288569687 -16.2869057491553 120.944011186617 1875456.47973299 -505373.310405095
-0.14075 0.00213464471411889 -0.00260495443788962 -16.2914511952718 120.936973829979 1875447.18747975 -505366.513622023
-0.1408 0.0218165602804606 -0.0129104929685663 -16.286444861292 120.92993647334 1875613.28021278 -505347.01472467
-0.14085 -0.0153988873861781 0.0052317553517821 -16.296606868224 120.922899116702 1875517.33354279 -505315.791500919
-0.1409 -0.00483103110824909 0.0136890975877303 -16.2851675372152 120.915861760064 1875713.04491206 -505310.44781593
-0.14095 0.00111326064805467 -0.017196638764702 -16.3068356259676 120.908824403425 1875455.81194155 -505299.571510264
-0.141 0.014772844574461 -0.00118992236490658 -16.2950986443815 120.901787046787 1875679.13527303 -505302.38396039
-0.14105 -0.0178642889352234 0.00956888542148439 -16.3151038854938 120.894749690149 1875410.15462874 -505309.714714111
-0.1411 0.00335373970940074 0.00639479473892491 -16.3020537620672 120.88771233351 1875727.8151914 -505262.276401193
-0.14115 0.0105196487210541 -0.0268588366779735 -16.3132331008187 120.880674976872 1875536.16672853 -505258.814781878
-0.1412 0.00155666906925333 0.00569639975841823 -16.3080249863062 120.873637620234 1875730.12674661 -505252.586787352
-0.14125 -0.0239814561535064 0.0242612226154511 -16.3161973909225 120.866600263595 1875667.82672928 -505235.308903336
-0.1413 0.00816581424717044 -0.00811999950775251 -16.3143519981525 120.859562906957 1875677.23501148 -505230.286628144
-0.14135 0.0239749278265898 -0.0280760145372252 -16.3194903010559 120.852525550319 1875655.54021904 -505218.016619917
-0.1414 -0.0198724368435126 0.0136666641628384 -16.3240962090856 120.84548819368 1875623.76801416 -505211.561736978
-0.14145 -0.0147715873022121 0.0271908415464291 -16.3170232807603 120.838450837042 1875833.9045365 -505191.996118071
-0.1415 0.0151909304433111 -0.0238176882575341 -16.3348762563879 120.831413480404 1875646.49936166 -505180.476716575
-0.14155 0.017498662793252 -0.00748862775998736 -16.3231890825933 120.824376123765 1875859.62474999 -505162.749052849
-0.1416 -0.0325140114443396 0.0230080527397631 -16.3370633734808 120.817338767127 1875645.8905763 -505165.2318136
-0.14165 -0.000144567513494332 0.0079554870932698 -16.3226284300694 120.810301410489 1875844.11054521 -505163.402849118
-0.1417 0.0166639021592233 -0.0232705534529721 -16.3414907335409 120.80326405385 1875674.59888437 -505161.478142618
-0.14175 -0.00354374437438311 0.00901755294464041 -16.3277916302137 120.796226697212 1875885.77554533 -505132.996884828
-0.1418 -0.0134084973567099 0.0131379105192103 -16.338543507187 120.789189340573 1875846.03586988 -505109.110081977
-0.14185 0.00902503673162385 -0.0102420960997198 -16.3371967510614 120.782151983935 1875879.80895928 -505096.54264257
-0.1419 0.00281001549976927 -0.00146251672917822 -16.3395119767686 120.775114627297 1875907.54362474 -505083.326728751
-0.14195 -0.0069612285916392 0.00507507358103739 -16.3484272745858 120.768077270658 1875812.80299434 -505091.649140918
-0.142 0.00236212377049743 0.00271950687490641 -16.3442495504669 120.76103991402 1875933.336826 -505077.339881711
-0.14205 -0.0031997917692197 -0.00132854143292122 -16.3552808134727 120.754002557382 1875882.6392551 -505056.096955104
-0.1421 0.00730018746015464 0.000533652000677685 -16.355325410154 120.746965200743 1876017.00199201 -505029.479141182
-0.14215 0.00321553462454872 -0.0143392242461691 -16.3613838303877 120.739927844105 1875876.48056152 -505027.351143751
-0.1422 -0.0070226100643121 0.0200040790836156 -16.3482354113404 120.732890487467 1876050.12884165 -505039.437092188
-0.14225 0.00134539918316795 -0.00175300042078024 -16.3615089303237 120.725853130828 1875909.18351692 -505032.297880987
-0.1423 0.0087277842879263 -0.0143958942659077 -16.364734707534 120.71881577419 1875926.75847641 -504994.768069757
-0.14235 -0.00110738378232553 0.0102577712259093 -16.3626775235104 120.711778417552 1876104.09189017 -504975.876390784
-0.1424 -0.0135365758024203 0.0052694869312063 -16.3774815326713 120.704741060913 1875954.47229674 -504972.750177983
-0.14245 0.0185605962260725 -0.00388008050432526 -16.3628178752511 120.697703704275 1876178.26179898 -504959.780346891
-0.1425 -0.000842066758357636 -0.0166670541946298 -16.3848239106727 120.690666347637 1875869.42320404 -504962.006960142
-0.14255 0.000172972158130925 0.0267077410619709 -16.3603265772131 120.683628990998 1876266.86523455 -504950.648843214
-0.1426 -0.0181466770760637 -0.0105849688281339 -16.3871151825918 120.67659163436 1875897.38324668 -504916.947811005
-0.14265 0.0289546846615509 -0.00805420586361621 -16.3652328051468 120.669554277722 1876353.36288238 -504896.737169644
-0.1427 -0.0156867781999968 -0.00460110435020946 -16.3992506048621 120.662516921083 1875895.9749259 -504911.457850983
-0.14275 -0.0117118589781451 0.0295322966163156 -16.3722075555649 120.655479564445 1876311.18117236 -504890.750243157
-0.1428 0.00315518596196799 -0.0159479497847567 -16.3975678352692 120.648442207807 1876019.2896317 -504876.452117921
-0.14285 0.0147385728859819 -0.00789672001544008 -16.3765009718814 120.641404851168 1876240.39381132 -504884.893847539
-0.1429 -0.0120138902886561 0.0221313722517781 -16.3780032816378 120.63436749453 1876329.77107062 -504858.348381348
-0.14295 -0.0180553594908634 0.00225282439999256 -16.4010952464318 120.627330137892 1876120.42488643 -504827.417280176
-0.143 0.0309495012532898 -0.00403151891025251 -16.3760174245445 120.620292781253 1876506.86546929 -504832.696105892
-0.14305 -0.0042722152160128 -0.0208101023318215 -16.416404583698 120.613255424615 1875953.88114127 -504844.382428962
-0.1431 -0.00950364901847837 0.0332122619230917 -16.3802537258444 120.606218067976 1876460.94966532 -504826.949321621
-0.14315 -0.00949264141785164 -0.0132810924102341 -16.4129788555226 120.599180711338 1876069.60255395 -504803.516484062
-0.1432 0.032088594227452 -0.0102656276510039 -16.3904705844673 120.5921433547 1876522.55094394 -504776.60515262
-0.14325 -0.00899948782317593 -0.00512132793751889 -16.4193393854304 120.585105998061 1876203.49818287 -504764.950348766
-0.1433 -0.0121352523924816 0.0272675905169447 -16.3999862676841 120.578068641423 1876495.66697309 -504757.209022058
-0.14335 0.00141688542393771 -0.016546640512934 -16.4205663452385 120.571031284785 1876203.40026285 -504751.39475459
-0.1434 0.0231313271865659 -0.0122257787483459 -16.4083111831175 120.563993928146 1876446.78411901 -504742.068987074
-0.14345 -0.0195371701193781 0.0099497645559987 -16.4159128103829 120.556956571508 1876312.8584667 -504738.162901918
-0.1435 -0.01023568086645 0.00884774749369237 -16.4120419705468 120.54991921487 1876464.05007388 -504709.077187714
-0.14355 0.0227760511823175 -0.0121378660335183 -16.4131539243911 120.542881858231 1876525.48975352 -504706.599947593
-0.1436 -0.00340368028745268 -0.00155975845148045 -16.4221377521789 120.535844501593 1876409.14429578 -504704.914915868
-0.14365 -0.0153036858298125 0.0204323528102154 -16.4165219019708 120.528807144955 1876551.46256365 -504678.719565139
-0.1437 -0.00740790538634556 -0.0126708159116835 -16.4349681880422 120.521769788316 1876271.68483181 -504685.027682532
-0.14375 0.0303380036662367 -0.00277617544225646 -16.4064630699356 120.514732431678 1876722.12699736 -504673.482603524
-0.1438 -0.00988531507893319 -0.0137198073089502 -16.4466375336069 120.50769507504 1876237.75344254 -504672.024203839
-0.14385 -0.00465014330424454 0.0301626464116353 -16.4038128890829 120.500657718401 1876857.88753004 -504623.431384274
-0.1439 -0.0117371409189995 -0.0241979809182772 -16.4480138964035 120.493620361763 1876302.6931054 -504614.812238891
-0.14395 0.0255313581477114 0.0081178980909101 -16.4115399508759 120.486583005125 1876842.65189808 -504618.248049678
-0.144 -0.021846043020831 -0.00929540958951764 -16.4531712585116 120.479545648486 1876259.62565608 -504613.503713186
-0.14405 -0.00509926970498638 0.037833521112842 -16.4195453186786 120.472508291848 1876832.69228435 -504608.727673355
-0.1441 0.00929054258831245 -0.0213286898321982 -16.4567301274455 120.46547093521 1876456.10372732 -504584.125401303
-0.14415 0.0167718338303609 -0.00747022940700288 -16.4418017949161 120.458433578571 1876686.13122654 -504570.509633318
-0.1442 -0.0123417757438568 0.00817071199160654 -16.4407127753161 120.451396221933 1876674.87466718 -504543.616347573
-0.14425 -0.0146256132857012 0.00978120425661351 -16.4447431764744 120.444358865295 1876656.80384846 -504539.892797141
-0.1443 0.0222530453063231 0.00228367573185385 -16.4331764389062 120.437321508656 1876897.19870363 -504549.926811024
-0.14435 -0.00823492394628144 -0.0259999970575368 -16.4711881605532 120.430284152018 1876348.02102277 -504534.698099554
-0.1444 0.00546843445692528 0.0248171965172538 -16.4322761363096 120.423246795379 1876999.93119157 -504515.172984048
-0.14445 -0.0250765323077548 -0.0149702722163384 -16.4746425702843 120.416209438741 1876379.1727161 -504504.157437663
-0.1445 0.0399414417772972 0.0119356588201393 -16.414472882756 120.409172082103 1877269.51406351 -504488.044782891
-0.14455 -0.0211212895188064 -0.0244945232308537 -16.4743596292655 120.402134725464 1876460.40052232 -504466.690712604
-0.1446 0.0067904436400985 0.0270727329804008 -16.4233209845638 120.395097368826 1877221.60434486 -504462.484760778
-0.14465 -0.0170616495445841 -0.0128231911902766 -16.4739586325868 120.388060012188 1876542.65319655 -504469.113517943
-0.1447 0.0302241405835013 -0.0029403610954787 -16.4432549713415 120.381022655549 1877046.8506083 -504459.99971891
-0.14475 -0.0168551936632933 -0.00447466794983543 -16.4728504515499 120.373985298911 1876650.96851832 -504448.759299524
-0.1448 -0.00497551411414759 0.0138808034392339 -16.4556046076016 120.366947942273 1876989.22394047 -504417.670694026
-0.14485 0.00766416107671512 -0.00513713934699742 -16.4581380822924 120.359910585634 1877005.13646277 -504399.095650715
-0.1449 -0.00068951331624128 -0.0105554562298749 -16.4707138348684 120.352873228996 1876854.56986633 -504394.812434728
-0.14495 0.0032504000201408 0.0208983449868028 -16.4479318535231 120.345835872358 1877159.74661026 -504399.623621413
-0.145 -0.0186698000127575 -0.0103679580034239 -16.4873224680137 120.338798515719 1876680.25104877 -504369.816206626
-0.14505 0.0220035108805638 0.00921829436261345 -16.4561411864605 120.331761159081 1877218.9926382 -504364.139264778
-0.1451 -0.0148535496976286 -0.0133531178526583 -16.4910062364973 120.324723802443 1876702.04754996 -504366.932828149
-0.14515 0.017178338672146 0.0191206323627891 -16.4569168053514 120.317686445804 1877306.13821107 -504351.115687488
-0.1452 -0.0105507183221087 -0.0239193527771117 -16.4950422505488 120.310649089166 1876756.4954414 -504319.2308649
-0.14525 0.00513392138326248 0.0113253617171148 -16.4629859916517 120.303611732528 1877242.57066934 -504314.034125073
-0.1453 -0.0118878157250818 -0.00464370091909727 -16.4940432157199 120.296574375889 1876862.88220477 -504321.88574718
-0.14535 0.0182911028159644 -0.00275059558955745 -16.4741766236203 120.289537019251 1877159.13340703 -504314.447338427
-0.1454 0.00360033264698751 -0.0100497764210543 -16.4979884596539 120.282499662613 1876928.14053851 -504301.846143224
-0.14545 -0.01380725378355 0.015504079023697 -16.4906168312718 120.275462305974 1877148.67718228 -504265.429541473
-0.1455 -0.00218471683040354 0.00118258663233397 -16.4967406147193 120.268424949336 1877118.77649461 -504256.686135426
-0.14555 0.0134291294249604 -0.0125924215043626 -16.4958039138651 120.261387592698 1877122.56387673 -504265.334382959
-0.1456 -0.0023169194389283 0.0102031847897904 -16.4914968289816 120.254350236059 1877239.34112022 -504244.502841216
-0.14565 -0.0134348604062139 0.00620532860357435 -16.5024169854756 120.247312879421 1877070.39091566 -504239.53515228
-0.1457 0.0114195206884897 -0.00699358802391793 -16.4864525566908 120.240275522782 1877239.03874535 -504236.122554585
-0.14575 0.00648584826596425 -0.00767066191696665 -16.4995962899254 120.233238166144 1877227.23122196 -504198.585637668
-0.1458 -0.0134712739215555 0.0102682892298521 -16.4969749597956 120.226200809506 1877248.05588358 -504194.14318522
-0.14585 0.000158666810200368 -0.000471948919213681 -16.4957841100113 120.219163452867 1877322.48696024 -504177.482341658
-0.1459 0.0144602101740279 -0.00340333489510839 -16.4974433546993 120.212126096229 1877379.97736136 -504173.1651604
-0.14595 -0.00955331809368318 0.000616915750502385 -16.5039076865831 120.205088739591 1877226.32513042 -504174.929142164
-0.146 -0.00724441795718465 0.00563158387816544 -16.5090889850738 120.198051382952 1877279.61261716 -504147.579760097
-0.14605 0.00771597322124741 -0.0070728520637785 -16.5088961948379 120.191014026314 1877363.62741515 -504130.335976971
-0.1461 -0.00246340301590133 -0.0016998875905703 -16.5110420439251 120.183976669676 1877404.51365851 -504102.788055244
-0.14615 -0.00700636218404665 0.00593653783040015 -16.5159551727933 120.176939313037 1877395.26331596 -504109.967037652
-0.1462 0.00563719289126577 0.00910789810781613 -16.5045777030829 120.169901956399 1877514.17186983 -504114.252051223
-0.14625 0.00224633594454309 -0.0175188407827723 -16.5207167758536 120.162864599761 1877317.33046431 -504087.080552548
-0.1463 0.00376631913623159 0.011979048616823 -16.5089132661756 120.155827243122 1877544.98797335 -504078.830681227
-0.14635 -0.0136888492807304 0.000135888897243584 -16.5175386514344 120.148789886484 1877414.52731295 -504059.824562787
-0.1464 0.0169403306193131 0.00054409289405202 -16.5050990340735 120.141752529846 1877716.96319946 -504033.089172061
-0.14645 -0.0079108123244209 -0.0108294221754878 -16.53144547634 120.134715173207 1877357.43726168 -504047.571516721
-0.1465 0.00240540429412076 0.0282024041512106 -16.5009994547432 120.127677816569 1877789.9441485 -504034.799415699
-0.14655 -0.0131857204937346 -0.0140359554005435 -16.5445202559889 120.120640459931 1877296.17845028 -504026.449863997
-0.1466 0.0189514988351472 0.0139072836104197 -16.505160980316 120.113603103292 1877879.18088675 -503999.192694443
-0.14665 -0.0222344426756811 -0.0127969825312081 -16.5492991474592 120.106565746654 1877320.65397271 -503986.96099813
-0.1467 0.016842560946681 0.0196581988980184 -16.4964712515479 120.099528390016 1878076.44250354 -503957.810352917
-0.14675 -0.0101989327346355 -0.0201660013682079 -16.5604220492788 120.092491033377 1877365.42240758 -503948.848340642
-0.1468 0.0147235103656897 0.00987254323126106 -16.5118591773001 120.085453676739 1877924.31359998 -503958.015522414
-0.14685 -0.0116049486998368 -0.00807998852462938 -16.5543725402541 120.078416320101 1877451.25576898 -503960.990270741
-0.1469 0.00646920628438757 0.00214140898837219 -16.5313637890636 120.071378963462 1877716.68738847 -503939.393340617
-0.14695 -0.00114729829021122 0.00326540383437138 -16.5330661867652 120.064341606824 1877733.20760497 -503930.07467674
-0.147 -0.0103458741111505 -0.00955499333468754 -16.5501426657368 120.057304250185 1877632.21196613 -503887.080244955
-0.14705 0.0212733170679075 0.0123948178736794 -16.5177286119979 120.050266893547 1878131.04763442 -503889.075078208
-0.1471 -0.0268576902171293 -0.0207407347860764 -16.5750038195174 120.043229536909 1877330.58944775 -503900.968993274
-0.14715 0.0266613980215345 0.0451088147061966 -16.5083083563694 120.03619218027 1878408.261552 -503883.926252332
-0.1472 -0.0351068508714866 -0.0441882886074278 -16.5965908924765 120.029154823632 1877085.15824332 -503868.519875435
-0.14725 0.0442848185026929 0.0374086710650564 -16.4951197116821 120.022117466994 1878598.2617836 -503851.483722953
-0.1473 -0.0491952313163737 -0.0307871472574789 -16.604483485448 120.015080110355 1877082.03016009 -503847.474062118
-0.14735 0.0348064853517753 0.0296680969331446 -16.5039431973155 120.008042753717 1878513.51610396 -503836.856899883
-0.1474 -0.0175068701684891 -0.0274699919938516 -16.5808508294567 120.001005397079 1877477.20434332 -503830.965080912
-0.14745 0.0180415525205691 0.0123620501864828 -16.5187454716906 119.99396804044 1878301.37703796 -503797.272789468
-0.1475 -0.020435152416685 0.00356948364076388 -16.5579929669516 119.986930683802 1877850.39684447 -503782.967126621
-0.14755 0.00526177696588314 -0.00827147625900882 -16.5473077166618 119.979893327164 1877993.22770053 -503786.42796686
-0.1476 0.020492385893625 0.0039580488320641 -16.5327944755592 119.972855970525 1878285.59475763 -503767.916872561
-0.14765 -0.0258570242309645 -0.00699926858844404 -16.5762083308449 119.965818613887 1877734.78993305 -503750.662705313
-0.1477 0.00881631840864536 0.0198092518234453 -16.5299441641992 119.958781257249 1878395.07765607 -503744.748224978
-0.14775 -0.00378631562651196 -0.0277517968799891 -16.5719372223815 119.95174390061 1877780.85567409 -503752.001665461
-0.1478 0.0116189880088474 0.0139812818586667 -16.5414703955209 119.944706543972 1878292.48737788 -503742.376555646
-0.14785 -0.0219479426867349 -0.00834414610521358 -16.5807729510041 119.937669187334 1877913.84075725 -503690.795524766
-0.1479 0.00703457265012763 0.00585186788002975 -16.5554770079234 119.930631830695 1878287.14056862 -503691.414641262
-0.14795 -0.000321226337324318 -0.00508044853751192 -16.564052200782 119.923594474057 1878103.22662078 -503701.707516885
-0.148 0.00290293069616514 0.00404109814029714 -16.5540654129698 119.916557117419 1878260.08155527 -503681.421334769
-0.14805 -0.00486832164468778 -0.00342574600351092 -16.5699953263043 119.90951976078 1878127.13380982 -503673.725044732
-0.1481 0.00443176866757111 -0.00363937201764418 -16.5688172010683 119.902482404142 1878214.4205203 -503651.472529323
-0.14815 -0.00241514984614839 0.00267046022805284 -16.5529752943577 119.895445047504 1878360.2725376 -503635.245176845
-0.1482 0.000265183635032629 -0.00261601545744465 -16.5649656063961 119.888407690865 1878325.07747963 -503625.578363056
-0.14825 0.000173878530149974 -0.00834719938176111 -16.5697788626637 119.881370334227 1878278.43142074 -503609.700365908
-0.1483 0.00206154242113747 0.0062721034126226 -16.5743533377688 119.874332977588 1878326.37426193 -503617.89802433
-0.14835 -0.00770883764365836 -0.00169785834956947 -16.5759181638272 119.86729562095 1878278.22910221 -503592.2106659
-0.1484 0.0122950718888104 0.00228686525806356 -16.5723777876512 119.860258264312 1878434.33511418 -503586.517030924
-0.14845 -0.00600491838762551 -0.00884939075011057 -16.5854182761868 119.853220907673 1878278.52955864 -503560.900174748
-0.1485 0.010901852993927 0.0121757873513315 -16.559385235091 119.846183551035 1878718.58046824 -503542.450208396
-0.14855 -0.00973705676703547 -0.0133055260255862 -16.5883131047606 119.839146194397 1878308.17237053 -503531.784215412
-0.1486 0.0130239678548155 0.00536581338075539 -16.5564802746163 119.832108837758 1878729.57341633 -503514.217385415
-0.14865 -0.0173840616127963 -0.0154649305222986 -16.5978331296269 119.82507148112 1878223.92658298 -503521.251042568
-0.1487 0.010535284658133 0.0155193999949719 -16.5601592364926 119.818034124482 1878754.04076221 -503525.984815317
-0.14875 -0.00731344689647716 -0.0155092682758026 -16.5941210012218 119.810996767843 1878315.59925389 -503504.86054913
-0.1488 0.00271588440886295 0.0090500713994459 -16.5657876719686 119.803959411205 1878778.81662274 -503459.231699
-0.14885 -0.0123693099449881 -0.00147208560158632 -16.5900429246952 119.796922054567 1878517.44893246 -503464.308071064
-0.1489 0.0081623811046477 -0.00553090133120625 -16.5851081075061 119.789884697928 1878610.93860564 -503458.221433519
-0.14895 -0.000417521451344475 0.00135645935030721 -16.5788117646771 119.78284734129 1878665.92207114 -503447.731919663
-0.149 -0.012399808370644 -0.00162205396418007 -16.6005202565943 119.775809984652 1878465.33563458 -503449.816445959
-0.14905 0.010571744729503 0.0156657490694772 -16.5669800533369 119.768772628013 1878900.2776377 -503431.105019298
-0.1491 -0.0105631065635228 -0.0237703386043777 -16.6075631986334 119.761735271375 1878387.3197042 -503417.943633348
-0.14915 0.0167218329128755 0.0257358008917529 -16.5617904598727 119.754697914737 1879140.40572756 -503404.574098428
-0.1492 -0.020756466348978 -0.0233524743005637 -16.623567882836 119.747660558098 1878361.54611798 -503373.113815661
-0.14925 0.0246476411719532 0.022576138951017 -16.5674802352187 119.74062320146 1879169.80761591 -503381.262852888
-0.1493 -0.0074136850422255 -0.0300094174137418 -16.6280218679435 119.733585844822 1878329.23933064 -503388.310126278
-0.14935 0.0130277929284294 0.0200840588482658 -16.5806850093232 119.726548488183 1879044.8978691 -503366.009355881
-0.1494 -0.0210325522182451 -0.00116847078141076 -16.6160519023049 119.719511131545 1878593.86284464 -503356.385342035
-0.14945 0.0109499531395891 -0.00160746559138097 -16.588671249057 119.712473774907 1878973.83819406 -503328.078151821
-0.1495 0.0174441469638716 -0.0152768513410699 -16.5927046890763 119.705436418268 1878939.30673201 -503316.077554105
-0.14955 -0.0149521565401248 0.0110241095979019 -16.5997488569452 119.69839906163 1878824.55820208 -503316.94630097
-0.1496 -0.00280603410447465 0.0286783199110558 -16.5866267213839 119.691361704991 1879104.09661419 -503309.323034316
-0.14965 -0.00309328644942786 -0.0429277511705251 -16.639274570815 119.684324348353 1878393.56111048 -503307.825845712
-0.1497 0.0240394122192422 0.0241209115186939 -16.5858809811798 119.677286991715 1879253.45131676 -503299.600463961
-0.14975 -0.038765696267441 -0.0115514022559984 -16.6434074139793 119.670249635076 1878423.42605507 -503283.063439976
-0.1498 0.0247006482967894 0.0240284119785111 -16.5773514882957 119.663212278438 1879426.87252913 -503258.281818799
-0.14985 -0.0107456854057472 -0.0364876991327938 -16.6296025832868 119.6561749218 1878663.66129057 -503235.647072777
-0.1499 0.00831769161492206 0.0271785566191815 -16.571008996457 119.649137565161 1879495.48344158 -503221.011960829
-0.14995 -0.0210456931806781 -0.00834618077150761 -16.6323412232831 119.642100208523 1878763.58065847 -503229.811292137
-0.15 0.0347644791816531 -0.00441795769505709 -16.5981483502859 119.635062851885 1879307.12325213 -503218.631262932
-0.15005 -0.0138115243572544 -0.013235269878071 -16.6248732154326 119.628025495246 1878866.1022547 -503208.485388296
-0.1501 -0.00799645603976719 0.0162390887969761 -16.6066963835592 119.620988138608 1879230.719321 -503175.234923769
-0.15015 -0.0069952279008124 -0.000598259513233658 -16.6047389918188 119.61395078197 1879204.53467539 -503153.001845917
-0.1502 0.0131220787395305 -0.00917332794067444 -16.6041141998219 119.606913425331 1879268.23330156 -503157.431264362
-0.15025 -0.00368360694261488 0.00537820395170925 -16.6025080386523 119.599876068693 1879289.32082538 -503147.550007194
-0.1503 -0.0155089993531182 0.00677986035562965 -16.6194485430294 119.592838712055 1879184.7609397 -503130.846884684
-0.15035 0.0118628914103498 -0.000501619947720364 -16.6073402917719 119.585801355416 1879354.7699972 -503130.981927233
-0.1504 -0.00647116425996681 -0.0175427341311574 -16.6214489483037 119.578763998778 1879088.04039726 -503129.449532954
-0.15045 0.00548768254201759 0.0175032304273573 -16.5904233885525 119.57172664214 1879640.01269653 -503086.331542534
-0.1505 -0.00852767398778513 -0.0180230093776231 -16.6301994196433 119.564689285501 1879166.51794764 -503076.046716514
-0.15055 0.0148391181016272 0.00846362891295013 -16.5880009236941 119.557651928863 1879692.49283046 -503075.824358154
-0.1506 -0.00122859894900749 -0.0139116858251103 -16.6159066593666 119.550614572225 1879338.42242295 -503058.119620121
-0.15065 0.00262852090009445 0.0106564474437659 -16.6030646234521 119.543577215586 1879559.08085237 -503063.531710876
-0.1507 -0.00677054515881534 -0.00656710830317462 -16.6164771481565 119.536539858948 1879340.79031607 -503054.82904196
-0.15075 0.00899241722437798 0.00367757909090785 -16.6104279235931 119.52950250231 1879569.52103556 -503041.085798915
-0.1508 -0.0113014371761452 0.00248244423927928 -16.6211655038468 119.522465145671 1879469.83730011 -503009.073722474
-0.15085 0.00100717381415994 -0.00501769779623946 -16.6302536260272 119.515427789033 1879503.82612645 -503001.22477421
-0.1509 0.00772112029564681 -4.06344568562238e-05 -16.6062432883817 119.508390432394 1879669.2854202 -503000.657290849
-0.15095 -0.0139864470422052 0.00371772059064993 -16.6172056858192 119.501353075756 1879538.95732533 -502982.348456359
-0.151 0.00891044002463191 -0.000724855684644077 -16.6046003523425 119.494315719118 1879714.92732798 -502982.89542681
-0.15105 -0.00291801202783831 -0.00611993454849794 -16.6286656184922 119.487278362479 1879520.8389577 -502977.478080529
-0.1511 0.00802195376352931 0.00659248499081676 -16.608643829132 119.480241005841 1879855.64398415 -502940.580126587
-0.15115 -0.00332278909195936 -0.0168430459206392 -16.6208981879541 119.473203649203 1879625.92310645 -502920.057109518
-0.1512 0.00605008473040096 0.00977737940356125 -16.6026442691473 119.466166292564 1879937.18776447 -502911.952666551
-0.15125 -0.000960057872142129 -0.00490070971434929 -16.633377957417 119.459128935926 1879666.03202118 -502902.58307677
-0.1513 0.00617086633121972 0.00931846165882279 -16.606156524325 119.452091579288 1879948.32725874 -502904.756869643
-0.15135 -0.0132997258330026 -0.00606651995287493 -16.6274730988793 119.445054222649 1879667.08502739 -502892.061679868
-0.1514 0.0213846961238706 -0.00745919054904323 -16.6128387458578 119.438016866011 1879998.60750182 -502865.116107509
-0.15145 -0.00336056096250275 -0.000803628648111918 -16.6163358827494 119.430979509373 1879927.50737226 -502853.793337489
-0.1515 -0.00668019568426038 0.00702051415633344 -16.6056702262755 119.423942152734 1879987.62580291 -502859.045466855
-0.15155 0.0119273999762365 -0.00549030780166262 -16.6086102223634 119.416904796096 1880046.6901458 -502845.853481086
-0.1516 -0.00409687637621062 -0.0145589836562021 -16.6184687356998 119.409867439458 1879863.57817238 -502831.923927145
-0.15165 0.00721504679826896 0.015336439408208 -16.58420782532 119.402830082819 1880394.51530581 -502794.798821887
-0.1517 -0.0141413149190155 -0.0107651586959769 -16.6223989444842 119.395792726181 1879960.52421151 -502786.996948687
-0.15175 0.0097928866713358 0.00987840750234336 -16.5884744223104 119.388755369543 1880404.92775026 -502778.724036406
-0.1518 -0.000729936008462896 -0.0136964882063745 -16.6111220419617 119.381718012904 1880074.18564272 -502769.409465728
-0.15185 0.00576262038866188 0.0137167469181558 -16.5918043338813 119.374680656266 1880386.31288547 -502762.634553564
-0.1519 -0.013493431581046 -0.00426658111379261 -16.6242029981699 119.367643299628 1880079.58442585 -502744.29790106
-0.15195 0.019060458587732 -0.00192075440763537 -16.6003960128056 119.360605942989 1880458.88861112 -502713.358368908
-0.152 -0.00370962877905717 -0.00170962878136463 -16.6093808776253 119.353568586351 1880291.05582028 -502716.583767931
-0.15205 -0.00123799310164114 0.00966157841784339 -16.5951365457984 119.346531229713 1880461.47060727 -502714.865568828
-0.1521 -0.00441156843075561 -0.008562849813251 -16.6105480127371 119.339493873074 1880274.00613873 -502689.22168795
-0.15215 0.00316087397038171 -0.00139832976432197 -16.6063245460404 119.332456516436 1880447.46331885 -502680.329594466
-0.1522 0.00221296506998387 -0.00385432796245526 -16.6041905738556 119.325419159797 1880428.31634079 -502682.378374614
-0.15225 -0.0099708165703641 0.00193502660613135 -16.613555626413 119.318381803159 1880364.28228331 -502670.845648344
-0.1523 0.00975656193271333 0.00482456778895196 -16.592657572332 119.311344446521 1880642.54832561 -502658.537290027
-0.15235 -0.00767436447253475 -0.0163606115228086 -16.6040751944975 119.304307089882 1880407.35969532 -502646.263340849
-0.1524 0.0224242078301387 0.0109736624045461 -16.5569856193711 119.297269733244 1881020.6086593 -502630.740033849
-0.15245 -0.0261823694138323 -0.0135281080491814 -16.6084952168244 119.290232376606 1880394.58790119 -502599.001907343
-0.1525 0.0240531905474561 0.021736699168619 -16.5623991886282 119.283195019967 1881153.45778906 -502591.380136608
-0.15255 -0.0202961786330892 -0.0259395515276338 -16.6220981996829 119.276157663329 1880270.87906671 -502598.603730925
-0.1526 0.0239184564245317 0.0253438822426148 -16.5514672572131 119.269120306691 1881260.81170488 -502567.520123896
-0.15265 -0.0345363189829566 -0.0265291563027865 -16.6110217436844 119.262082950052 1880318.83610437 -502564.188316072
-0.1527 0.0256186956634063 0.0279609069749931 -16.5405417493069 119.255045593414 1881412.28843099 -502564.690358597
-0.15275 -0.0180617137886025 -0.0148888191247231 -16.5983793558287 119.248008236776 1880656.05694415 -502532.706833427
-0.1528 0.0123511891920987 0.00615489852485059 -16.5647959180074 119.240970880137 1881170.67190362 -502511.96434408
-0.15285 -0.00806299838110403 0.00853277722504131 -16.5721610843208 119.233933523499 1881021.48895685 -502506.648601413
-0.1529 -0.0122272987051928 -0.0181123083739834 -16.596559940422 119.226896166861 1880709.78143946 -502515.415884862
-0.15295 0.0248204588236379 0.0172718236797883 -16.5417190446595 119.219858810222 1881491.08823002 -502482.457457953
-0.153 -0.0353414104650939 -0.0351505400246132 -16.6190705854321 119.212821453584 1880450.96039853 -502471.72944873
-0.15305 0.0332160096656661 0.0376041076665449 -16.5254697379533 119.205784096946 1881836.66959358 -502461.340073077
-0.1531 -0.0412144568685616 -0.0398732363767275 -16.6318155835361 119.198746740307 1880397.49452071 -502455.834497521
-0.15315 0.046124556639791 0.0281258159655541 -16.510264519652 119.191709383669 1881906.54846367 -502467.233580586
-0.1532 -0.0425162840211954 -0.0229025452094784 -16.6179623675423 119.184672027031 1880551.24071173 -502446.35699291
-0.15325 0.0232881462265659 0.0335264064811183 -16.547046885647 119.177634670392 1881687.11333804 -502421.799968942
-0.1533 -0.0159794214056112 -0.0282949640491491 -16.5968239963157 119.170597313754 1880889.89034659 -502409.276721391
-0.15335 0.011935529694335 0.0206859690423089 -16.5517921047853 119.163559957116 1881622.28827249 -502397.39749142
-0.1534 -0.0122311686222271 -0.00542469217864908 -16.5729822701095 119.156522600477 1881248.59702657 -502382.363219669
-0.15345 0.00399835339031381 -0.000214986891269433 -16.539400592308 119.149485243839 1881578.91174666 -502366.699692206
-0.1535 0.00836317267382008 -0.000111864170150699 -16.537829428253 119.1424478872 1881620.83734274 -502356.042348199
-0.15355 -0.0211397801497263 -0.00978699855418644 -16.5602752135868 119.135410530562 1881292.69117027 -502347.755145912
-0.1536 0.0210821348751862 0.0165806419477256 -16.5065170744337 119.128373173924 1882060.97272699 -502327.980281141
-0.15365 -0.0135607904868783 -0.026100104825626 -16.5456564019459 119.121335817285 1881474.40860812 -502301.496167974
-0.1537 0.010698722095029 0.0276331283454989 -16.4877277902909 119.114298460647 1882236.39991462 -502304.255684015
-0.15375 -0.0235804463273159 -0.0159833499007851 -16.5373417142069 119.107261104009 1881522.29973417 -502303.77249379
-0.1538 0.0124325838978156 0.0237244042351265 -16.489885760354 119.10022374737 1882239.73698004 -502292.605590871
-0.15385 -0.00305053984813099 -0.033692773506306 -16.5483063736651 119.093186390732 1881468.84718157 -502293.862138016
-0.1539 0.00656912064014102 0.0196179591545445 -16.4798283533717 119.086149034094 1882309.96395905 -502262.370997394
-0.15395 -0.0224524470565195 0.000965443227976668 -16.4904453133658 119.079111677455 1882039.14380112 -502239.235503245
-0.154 0.0176074669663222 -0.0125571637285718 -16.4730975291315 119.072074320817 1882303.5152514 -502222.920402876
-0.15405 0.0055035158641118 -0.0109655529385871 -16.474886542556 119.065036964179 1882275.30496972 -502210.541766745
-0.1541 -0.0241841849125192 0.0230419964959474 -16.4463307275088 119.05799960754 1882522.42151514 -502188.513391879
-0.15415 0.00352315959086964 0.00707107351774279 -16.4368732615411 119.050962250902 1882625.35068295 -502200.411576818
-0.1542 0.0110490486440814 -0.0237555209602037 -16.4239609577193 119.043924894264 1882576.12237292 -502196.615105168
-0.15425 -0.00335264243223004 0.0254761450149661 -16.4058201961653 119.036887537625 1882871.83187937 -502186.114689092
-0.1543 -0.0285417807298976 -0.00365765488238277 -16.4180861302381 119.029850180987 1882641.64612756 -502152.102686662
-0.15435 0.0354111930941865 -0.00367185825109811 -16.3605974544423 119.022812824349 1883327.45183671 -502149.917085232
-0.1544 -0.0168427362329624 -0.0216557873575148 -16.3796138519741 119.01577546771 1882855.18872732 -502147.997374459
-0.15445 0.00314593115548545 0.0211152793025912 -16.312202776936 119.008738111072 1883623.33096701 -502149.350502054
-0.1545 -0.0174933327271647 -0.0160011789574947 -16.3238304327484 119.001700754434 1883234.90300983 -502159.802536895
-0.15455 0.0299830788630929 0.00261273282546052 -16.2573153063548 118.994663397795 1884030.08718109 -502172.433831314
-0.1546 -0.0149352070038871 -0.00802883684700282 -16.2547811501595 118.987626041157 1883741.20988819 -502176.970706331
-0.15465 -0.0121675132618032 0.0147357888431205 -16.1784791073677 118.980588684519 1884365.37843954 -502178.880949215
-0.1547 0.0140182643872543 -0.00983859729368955 -16.1054239877691 118.97355132788 1884790.0570616 -502192.821299565
-0.15475 0.00918604511946483 -0.0232510294344591 -16.0679835007415 118.966513971242 1884911.73333655 -502231.021371557
-0.1548 0.00104316981498464 0.0268445723757706 -15.9460372625613 118.959476614603 1885868.20007739 -502254.533257766
-0.15485 -0.0209598396170611 0.000262171114630176 -15.8874584199085 118.952439257965 1885964.82388543 -502277.32031202
-0.1549 0.0214299908260964 -0.0137025560210982 -15.7606749774571 118.945401901327 1886858.79765282 -502328.550788112
-0.15495 -0.00174000245227863 0.00818991862523108 -15.6484378003971 118.938364544688 1887530.48020607 -502405.160877595
-0.155 -0.0222862496599447 0.00526193110414354 -15.5162423255441 118.93132718805 1888137.15262668 -502465.327483941
-0.15505 0.0180280563569427 -0.00407814731330871 -15.3407603410825 118.924289831412 1889234.35796857 -502553.867773238
-0.1551 0.00092860748541171 -0.0106628495368779 -15.1817775774017 118.917252474773 1889946.95231782 -502680.072826034
-0.15515 0.00733634931962181 0.0030182650981519 -14.9752720889925 118.910215118135 1891171.84303996 -502812.22357714
-0.1552 -0.00902441618095998 -0.0103761873342098 -14.7556049992618 118.903177761497 1892128.7235732 -502991.260451952
-0.15525 0.0034719942402303 0.0148039005687189 -14.4845686212484 118.896140404858 1893660.04550586 -503208.125998082
-0.1553 -0.0275261521664964 -0.0179239484410271 -14.2354947848814 118.88910304822 1894188.65696737 -503490.911405008
-0.15535 0.0274898415647294 0.00797056817031069 -13.875791027768 118.882065691582 1896072.31480883 -503793.677492659
-0.1554 -0.0296162122071253 -0.024211454869178 -13.6074417282164 118.875028334943 1896288.24470393 -504165.820068173
-0.15545 0.00641491832707582 0.015217740040928 -13.2201137892902 118.867990978305 1897972.59437651 -504551.823899564
-0.1555 0.00556003318462974 -0.0163770614606811 -12.8508514765884 118.860953621667 1898779.17617625 -504969.426785759
-0.15555 0.00375126220152163 -0.00196388638816822 -12.456100318062 118.853916265028 1900020.9456214 -505390.566866058
-0.1556 -0.00631248398598423 -0.00236230240980803 -12.0339631227195 118.84687890839 1901175.85522896 -505830.8162058
-0.15565 0.0065565194081651 -0.00164298428401622 -11.578777582933 118.839841551752 1902465.95251257 -506323.638916965
-0.1557 -0.00374049726100885 -0.0134919191061921 -11.1211643003679 118.832804195113 1903415.4200484 -506831.143698039
-0.15575 -0.0016390243302099 0.00273019053217923 -10.5963597759192 118.825766838475 1904991.5450115 -507361.337720928
-0.1558 -0.00765845531806308 -0.00991047974115953 -10.1228163480236 118.818729481837 1905776.64431282 -507907.251580446
-0.15585 0.0129805847445256 -0.023885984575774 -9.67339309145372 118.811692125198 1906744.18647031 -508442.454442992
-0.1559 -0.00993416195155538 0.0195255306807304 -9.17527671400367 118.80465476856 1908076.04966156 -508968.507197513
-0.15595 0.0151838148847848 -0.0367976147719301 -8.76512071276992 118.797617411922 1908554.95802344 -509452.125702716
-0.156 0.0188454291554783 0.000536118865823391 -8.26083819488552 118.790580055283 1910215.86062578 -509909.992408087
-0.15605 -0.0139749757911186 -0.0138900917081704 -7.85192436803489 118.783542698645 1910662.56520493 -510351.520378472
-0.1561 0.0179657282563305 -0.01151582742793 -7.43374146900304 118.776505342006 1911821.25342495 -510760.091949684
-0.15615 -0.0138522610474852 -0.0167049948242896 -7.04761500829231 118.769467985368 1912406.58405751 -511145.333302951
-0.1562 0.0348740603588642 -0.00216759191225805 -6.66652946587871 118.76243062873 1913745.30157496 -511510.427557063
-0.15625 -0.00321774077768084 -0.0332993602796184 -6.35949118889795 118.755393272091 1913905.84035769 -511809.070160004
-0.1563 0.00520334131998301 -0.00447253994395267 -6.00264675141186 118.748355915453 1915134.06092094 -512101.026149637
-0.15635 0.000677815236850574 -0.00149376551819601 -5.70320904853033 118.741318558815 1915732.25322051 -512391.584268393
-0.1564 0.000605683305911814 -0.00981174230083599 -5.37990309127 118.734281202176 1916726.17281774 -512623.199859677
-0.15645 -0.000787478122784058 0.00637707001326251 -5.10588641246969 118.727243845538 1917535.44728497 -512851.505235016
-0.1565 0.00830926023520475 -0.0263535258671571 -4.8914254779517 118.7202064889 1918011.69327945 -513041.636950221
-0.15655 -0.0165085175154504 0.0150712698806921 -4.67592519650108 118.713169132261 1918727.81996504 -513239.944755652
-0.1566 0.00800805459247116 -0.0144507156889434 -4.50245975236624 118.706131775623 1919022.74216898 -513401.445645048
-0.15665 0.012402678051991 0.00188367379395318 -4.31338331251277 118.699094418985 1919863.51105134 -513516.727917713
-0.1567 -0.00238359129702195 -0.0101050643714659 -4.16994779869897 118.692057062346 1920278.5221068 -513620.910553399
-0.15675 0.000809672495523788 0.00558704277868511 -4.04073180555811 118.685019705708 1920800.91785684 -513710.726113523
-0.1568 -0.000996230883981702 -0.00275489505700076 -3.93089376092883 118.67798234907 1921086.02170259 -513815.291266652
-0.15685 -0.00494664228425701 -0.00994172702175199 -3.83412604456156 118.670944992431 1921210.38499771 -513917.226142571
-0.1569 0.0110654444515749 0.0132182515158263 -3.72705465898943 118.663907635793 1921757.15729623 -514008.317390925
-0.15695 -0.00821633569024969 -0.022076395939201 -3.67993568607153 118.656870279155 1921361.0764729 -514101.677349694
-0.157 0.00680397306524723 0.0191906979916751 -3.59309083672914 118.649832922516 1921911.92733849 -514187.813432243
-0.15705 -0.017120329664353 -0.00932745320021951 -3.5632823597328 118.642795565878 1921424.14121214 -514273.790113913
-0.1571 -0.00239358195342285 0.0269229846430484 -3.47822148300442 118.63575820924 1922062.07388802 -514341.008822263
-0.15715 0.0106005852003369 -0.0191178463591137 -3.46425395400764 118.628720852601 1921713.59031536 -514408.768256312
-0.1572 -0.00718942398419983 -0.00166650058467865 -3.42804174462329 118.621683495963 1921768.24015608 -514474.100327572
-0.15725 -0.00123510741175298 0.0262464128761195 -3.35757751564565 118.614646139325 1922247.28411571 -514554.9386685
-0.1573 -0.00853882072478572 -0.0100897923816925 -3.35811517762193 118.607608782686 1921729.60422836 -514603.282435821
-0.15735 0.0248334341543493 0.00439102234784965 -3.3180762098565 118.600571426048 1922139.11386854 -514638.3062555
-0.1574 -0.0248726432732874 0.00037132758807134 -3.31624038626728 118.593534069409 1921668.44844873 -514686.345062432
-0.15745 0.0139721490192127 0.0178416961422442 -3.27306373634645 118.586496712771 1922109.10547121 -514720.128438283
-0.1575 -0.0117834983068223 -0.0282960798374645 -3.24089212573508 118.579459356133 1921805.86979447 -514767.0646887
-0.15755 0.0287500446657436 0.0114310541527417 -3.20588809348769 118.572421999494 1922378.5647642 -514820.165733635
-0.1576 -0.0378759298768565 0.00083249195049511 -3.19397220033009 118.565384642856 1921792.66527369 -514869.921770447
-0.15765 0.0310424003179759 0.00450642275949027 -3.1495406590298 118.558347286218 1922268.05053358 -514912.659597755
-0.1577 -0.00487991987214722 -0.030407549070575 -3.13993937103627 118.551309929579 1921735.24249025 -514958.208695546
-0.15775 0.00094638407761601 0.036695729987844 -3.08296269336812 118.544272572941 1922416.90077005 -515001.534122294
-0.1578 -0.00996793962329574 -0.0221262991564999 -3.08433605062731 118.537235216303 1921831.52626762 -515022.812198839
-0.15785 0.0182699554241065 0.0051307390856358 -3.05329045438237 118.530197859664 1922268.52286755 -515068.991995188
-0.1579 -0.0123772261031332 -0.00337328134209491 -3.0398360152458 118.523160503026 1921955.78870227 -515111.406257686
-0.15795 -0.00306978585081306 0.0177545464291313 -3.0061596989009 118.516123146388 1922206.5450315 -515143.511696598
-0.158 0.00800290144893883 -0.017303668604396 -3.00756288311003 118.509085789749 1922032.79850092 -515162.572967624
-0.15805 -0.00179806089232751 0.010220860439157 -2.98871624529034 118.502048433111 1922126.03625966 -515191.086752742
-0.1581 -0.00818589966133052 -0.00768492420347123 -2.99447578765436 118.495011076473 1921834.19323184 -515223.687117188
-0.15815 0.00608149973714855 0.00716625555709001 -2.98112752754128 118.487973719834 1921974.02830076 -515253.644429003
-0.1582 0.00200151328852479 -0.00773395911013085 -2.96690606993925 118.480936363196 1921930.29391393 -515283.687882884
-0.15825 0.00250826355134491 0.00678167702326222 -2.95602543230093 118.473899006558 1921954.40977955 -515336.365980168
-0.1583 -0.000778872986243401 0.0028326195325759 -2.94354139995583 118.466861649919 1921956.83234088 -515353.9441969
-0.15835 -0.00799529622395045 0.00448630642818442 -2.94569754084163 118.459824293281 1921739.19699238 -515375.06512103
-0.1584 0.0191362774783819 -0.00878691917961307 -2.93278131068518 118.452786936643 1921814.70788818 -515395.196934864
-0.15845 -0.0138220175059616 0.0053551989438911 -2.91306184083391 118.445749580004 1921754.41686439 -515405.427584019
-0.1585 0.0200462014852854 -0.0105783140968292 -2.89201060403074 118.438712223366 1921937.37805703 -515433.291214064
-0.15855 -0.00284729614339103 0.00669999351252085 -2.89191188343132 118.431674866728 1921812.77231096 -515455.77587442
-0.1586 -0.00809828290021272 0.0140036512749131 -2.88108503927421 118.424637510089 1921769.79484719 -515486.552473287
-0.15865 0.0170599878836569 -0.0245922179308219 -2.87176655419605 118.417600153451 1921659.61930271 -515514.545480858
-0.1587 -0.00900250358781038 0.0121621706905402 -2.85361155785492 118.410562796812 1921765.54829757 -515532.477638344
-0.15875 -0.00320235434136936 -0.00220870230375483 -2.84992661436717 118.403525440174 1921694.95541004 -515565.570257676
-0.1588 0.00197119229084927 0.00851625990610553 -2.8448285838615 118.396488083536 1921775.63333697 -515580.205515094
-0.15885 0.00654929753568151 -0.00966031143577096 -2.82614961143919 118.389450726897 1921762.62608086 -515599.722040519
-0.1589 -0.00640845421481235 -0.00229972616369147 -2.82836612335596 118.382413370259 1921532.97209513 -515626.984188578
-0.15895 -0.00100959029036932 0.0160663403930095 -2.80981150332029 118.375376013621 1921694.50787079 -515646.815328706
-0.159 -0.00337226041141248 -0.00888277835152785 -2.80388907461756 118.368338656982 1921489.64538408 -515669.377593604
-0.15905 0.0110985791576927 -0.00816139683663858 -2.79507055463932 118.361301300344 1921631.54112101 -515680.103393328
-0.1591 -0.00235822367471954 0.00221425809546569 -2.79962375724029 118.354263943706 1921710.76657617 -515672.849697752
-0.15915 -0.0134012697532731 -0.000252779936375358 -2.7823204993032 118.347226587067 1921650.72402138 -515687.846096809
-0.1592 0.0201576586211995 -0.0047607074142246 -2.76614847858202 118.340189230429 1921719.6792023 -515727.62718591
-0.15925 -0.00448453040843335 -0.000426754784125078 -2.77989868853353 118.333151873791 1921465.46807475 -515753.725585661
-0.1593 -0.0147333262667793 0.0155862825023689 -2.76319393148491 118.326114517152 1921522.87058754 -515777.879086018
-0.15935 0.00794964657613115 -0.00241643242093754 -2.75542092615412 118.319077160514 1921570.25195941 -515780.480211207
-0.1594 0.00660085672214003 -0.0172963301740215 -2.76184566740561 118.312039803876 1921445.52382941 -515773.19751862
-0.15945 -0.00372558354443387 0.00231998873287101 -2.75242382853945 118.305002447237 1921456.12735149 -515787.479384319
-0.1595 0.00332412761619275 0.00212176984299281 -2.75458733962773 118.297965090599 1921519.65228695 -515811.329453991
-0.15955 -0.00432502197537436 -0.000953061164373471 -2.73903380500238 118.290927733961 1921480.74134335 -515820.229274552
-0.1596 0.0121063561457422 0.000507049142958698 -2.73689781616006 118.283890377322 1921458.26065261 -515851.413511718
-0.15965 -0.000611528344490077 -0.000430165903557157 -2.73996330712477 118.276853020684 1921335.77767316 -515871.073618267
-0.1597 -0.0196487488160333 0.0184501860800497 -2.74065574015224 118.269815664046 1921300.05140361 -515868.636106738
-0.15975 0.0249120708550865 -0.0209957893107599 -2.73429220473063 118.262778307407 1921385.42751294 -515866.880155935
-0.1598 -0.00452696045463506 0.00666515315532292 -2.69922119798361 118.255740950769 1921604.5176947 -515882.085064358
-0.15985 -0.0150908239548322 0.0125931495494605 -2.70857447383505 118.248703594131 1921433.0913689 -515892.324503669
-0.1599 0.0086741433528167 -0.00568979758435575 -2.70700200349074 118.241666237492 1921372.46082718 -515933.454948339
-0.15995 0.0073754101411962 -0.0101505525922096 -2.70421215045326 118.234628880854 1921268.90965772 -515948.52985256
-0.16 -0.0153194589685362 0.018014153281667 -2.70075908811398 118.227591524215 1921277.23014231 -515945.958103004
-0.16005 -0.00777628249533811 0.0137735976182552 -2.69939456993198 118.220554167577 1921303.59703616 -515958.345909568
-0.1601 0.0125287604643796 -0.0162589413949857 -2.70563178782236 118.213516810939 1921221.50964646 -515957.957151443
-0.16015 -0.00643793088432787 0.00317945032753656 -2.69937585478849 118.2064794543 1921280.60179003 -515984.625442405
-0.1602 -0.00269534381424082 0.0178765848380189 -2.69215308985837 118.199442097662 1921370.29168467 -515987.180175635
-0.16025 -0.00143257001141828 -0.0123909871759969 -2.67804857011562 118.192404741024 1921160.43564776 -516026.493490023
-0.1603 0.00802688726812003 0.00281284023597727 -2.67624192781305 118.185367384385 1921209.31864403 -516038.495495519
-0.16035 -0.00645671179175027 -0.00525270492850138 -2.67010694286565 118.178330027747 1921164.46505841 -516042.087340582
-0.1604 0.00685284444328486 -0.00163796192323561 -2.66385307964022 118.171292671109 1921259.68446243 -516045.942755116
-0.16045 0.00368217114262485 0.00442084199231362 -2.65629250931587 118.16425531447 1921282.52576733 -516060.524419805
-0.1605 -0.00134018276609534 -0.0134612010988249 -2.6645897316612 118.157217957832 1920922.84854569 -516082.393277573
-0.16055 -0.0142980512190738 0.0321709244205878 -2.65746238519243 118.150180601194 1921147.30575509 -516094.385589539
-0.1606 0.0132989491836626 -0.0303914551278718 -2.670236171471 118.143143244555 1920829.75289094 -516114.126725974
-0.16065 -0.0003246214225689 0.0262043875378026 -2.64968893219943 118.136105887917 1921216.97524476 -516099.50801
-0.1607 -0.0102086018893347 -0.0116461655596381 -2.6679593324046 118.129068531279 1920792.70715096 -516113.973665227
-0.16075 0.02312764638695 0.00803375874419328 -2.65787106555359 118.12203117464 1921182.30980067 -516109.937996404
-0.1608 -0.0151998658653164 -0.022396368051013 -2.6677579699636 118.114993818002 1920608.45349314 -516130.272046094
-0.16085 0.0109474107544605 0.0363702493547463 -2.62942255588668 118.107956461364 1921324.87928699 -516150.783150748
-0.1609 -0.0188725203437283 -0.036106116231529 -2.65672402390037 118.100919104725 1920470.19936098 -516177.974974248
-0.16095 0.0235692681326923 0.0197731366412488 -2.62274842035366 118.093881748087 1921352.87714053 -516178.052338033
-0.161 -0.019187750719183 -0.0120240070148602 -2.65336486345907 118.086844391449 1920650.97299726 -516173.663657871
-0.16105 0.0251325756166651 0.0198639760842803 -2.62996999776774 118.07980703481 1921324.18447371 -516170.105916448
-0.1611 -0.0331504943798521 -0.0192691727284395 -2.65661790413427 118.072769678172 1920504.85573864 -516188.383944076
-0.16115 0.0334770620023169 0.0276435547561912 -2.61483635566506 118.065732321534 1921386.55874279 -516212.587707632
-0.1612 -0.020366424217372 -0.0346740752985853 -2.64615430828927 118.058694964895 1920448.37863671 -516222.370381353
-0.16125 0.0226526251417381 0.035527984976987 -2.60085085876266 118.051657608257 1921323.65458629 -516236.948750544
-0.1613 -0.040585945372541 -0.0194472754440473 -2.64249096481271 118.044620251618 1920350.05436559 -516227.709605676
-0.16135 0.0446103132293251 0.0173638178351182 -2.59947625476697 118.03758289498 1921421.9781489 -516229.153584773
-0.1614 -0.030975011857351 -0.0337339045687849 -2.64792343750714 118.030545538342 1920330.22498032 -516238.623761522
-0.16145 0.00259667229311898 0.0559733922867784 -2.60698125484288 118.023508181703 1921316.7630678 -516256.000068188
-0.1615 -0.00353337651723174 -0.0351639405807114 -2.64767492281042 118.016470825065 1920446.75278519 -516266.002341352
-0.16155 0.0239461946675805 0.0110324451570162 -2.61670749209742 118.009433468427 1921015.98027822 -516279.200832341
-0.1616 -0.0317245473941486 -0.0107192479787531 -2.65244812510552 118.002396111788 1920397.14264604 -516278.261344589
-0.16165 0.0296861107827251 0.0164007726102902 -2.62242642822333 117.99535875515 1921141.20765754 -516278.168648338
-0.1617 -0.0254750627606633 -0.0373902005812658 -2.66537557215609 117.988321398512 1920187.25074307 -516277.230872524
-0.16175 0.0142220413610954 0.0314068456412327 -2.61546484414493 117.981284041873 1921121.77231033 -516275.384725515
-0.1618 -0.0158892842996074 -0.0248849332933043 -2.65891572091242 117.974246685235 1920188.5359602 -516320.652032002
-0.16185 0.0311959223744222 0.0144026757130981 -2.63449214349149 117.967209328597 1920906.94298535 -516308.836396288
-0.1619 -0.0274503397625349 -0.0210159008364024 -2.66104347286406 117.960171971958 1920190.37679383 -516330.864341494
-0.16195 0.0147094706798964 0.019150996951586 -2.64009143322165 117.95313461532 1920838.50977624 -516308.632520693
-0.162 -0.00775007066174278 -0.0211840847393189 -2.64940748639996 117.946097258682 1920411.83840292 -516314.749248303
-0.16205 0.00436743047355968 0.0286213543733824 -2.62667577923563 117.939059902043 1920938.87715632 -516319.657207753
-0.1621 -0.00324057922631313 -0.0311869581672322 -2.65411430130301 117.932022545405 1920252.95533306 -516351.682786
-0.16215 0.0155400677069417 0.0107651275847676 -2.63617693951983 117.924985188767 1920632.38513278 -516363.735480675
-0.1622 -0.0295119099011264 -0.00154341662034456 -2.64526810998148 117.917947832128 1920226.29022345 -516367.617308372
-0.16225 0.00433390170854445 0.0133174668943018 -2.63473251903724 117.91091047549 1920647.77858757 -516368.203412582
-0.1623 0.0115752003002769 -0.0141165013392538 -2.64290763948329 117.903873118852 1920495.15541845 -516374.578071082
-0.16235 0.00163902768571709 0.000120368207918496 -2.65693203312411 117.896835762213 1920400.42569921 -516362.715191502
-0.1624 -0.00894591516540552 0.0144525975166941 -2.64585940244804 117.889798405575 1920480.61894441 -516378.63034732
-0.16245 0.0116886628024035 -0.0149786616461962 -2.66016367730143 117.882761048937 1920307.59151702 -516392.338638023
-0.1625 0.00424385943139631 0.00641732853327335 -2.65391770231294 117.875723692298 1920359.1338739 -516404.873149251
-0.16255 -0.0158867743219175 0.00364791021348656 -2.66494447382954 117.86868633566 1920224.32165415 -516411.595584161
-0.1626 0.0271625314132314 -0.00937240144914618 -2.64783101943366 117.861648979021 1920482.99091621 -516404.449018386
-0.16265 -0.0176673501535674 -0.00550611927656475 -2.65335996229945 117.854611622383 1920228.70208444 -516406.036917711
-0.1627 0.00601575310475357 0.0208388059296835 -2.62490634654994 117.847574265745 1920611.1663435 -516419.242748098
-0.16275 0.0106149225751342 -0.0404712208890059 -2.6559303856162 117.840536909106 1920113.49425316 -516424.521537024
-0.1628 -0.00283503408907988 0.0221262095016466 -2.61979574593539 117.833499552468 1920613.30915965 -516423.89632064
-0.16285 -0.017913381488021 -0.00754127926628717 -2.62675188180986 117.82646219583 1920205.38393259 -516431.623137104
-0.1629 0.0286267025092348 -0.00494660285736894 -2.61212038884312 117.819424839191 1920576.44715436 -516438.134369271
-0.16295 -0.020257490158635 -0.00768957047519433 -2.62750150352505 117.812387482553 1920259.64495688 -516416.531203509
-0.163 -0.0118179273678549 0.0253743229045848 -2.61015257780075 117.805350125915 1920566.99849292 -516441.391830054
-0.16305 0.00329549064726688 -0.0171863786181447 -2.62979367520959 117.798312769276 1920171.94668392 -516457.757471661
-0.1631 0.0100808724926564 -0.00158114974714962 -2.6196542571259 117.791275412638 1920303.04222346 -516464.902709347
-0.16315 -0.01295068967323 -0.000373042762165649 -2.64074403127387 117.784238056 1920023.19148898 -516481.112438985
-0.1632 -0.00649825888723309 0.0141318222596244 -2.62696598939064 117.777200699361 1920272.22505993 -516482.945776968
-0.16325 -0.00401755318082618 -0.012825530246436 -2.64331811931101 117.770163342723 1920124.27254975 -516471.689449182
-0.1633 0.0100078694487319 0.00159044951164738 -2.61428440859589 117.763125986085 1920389.12094853 -516473.758805764
-0.16335 -0.0127755791774249 -0.00103541622358944 -2.62532345914986 117.756088629446 1920160.82777996 -516474.269341554
-0.1634 0.00666826160842911 0.00537056779366112 -2.61698612201653 117.749051272808 1920240.36719178 -516500.921383783
-0.16345 -0.00375738113513265 -0.0127596828552188 -2.62214697925571 117.74201391617 1920055.64762887 -516505.552846901
-0.1635 -0.00353461146452466 0.0178103766574075 -2.60936163584411 117.734976559531 1920393.46294751 -516495.115431544
-0.16355 0.00578593078263429 -0.0226653493642773 -2.62951199436935 117.727939202893 1920112.50538192 -516506.095253837
-0.1636 0.0116328714603236 0.00377894589710359 -2.62494762034888 117.720901846255 1920212.96292151 -516511.390727783
-0.16365 -0.0203798283998444 0.0124421048627004 -2.63794315775168 117.713864489616 1919998.37071841 -516529.649914619
-0.1637 -0.00738005488848576 0.00793482900051159 -2.63548848371999 117.706827132978 1920094.7090555 -516533.246229069
-0.16375 0.021322313800207 -0.0116343517718008 -2.62501839583513 117.69978977634 1920153.64569848 -516561.405799951
-0.1638 -0.00411811910164931 -0.00856917943207513 -2.6387059771645 117.692752419701 1919952.80122751 -516535.67980327
-0.16385 -0.0119053873913658 0.0158231222714437 -2.6483920375709 117.685715063063 1920033.67756637 -516524.437102477
-0.1639 -0.00485092788698449 -0.0110236012247654 -2.66225583609709 117.678677706424 1919769.56567406 -516543.547600339
-0.16395 0.021587356654621 -0.00646313372712674 -2.64148352662743 117.671640349786 1920058.16994682 -516543.846201845
-0.164 -0.0181665833865704 0.0059104404701667 -2.66135346954728 117.664602993148 1919725.34370267 -516560.667954581
-0.16405 0.00164460693480155 0.0188429543899749 -2.66311360454057 117.657565636509 1919965.93981011 -516573.067594955
-0.1641 0.00380807885513129 -0.0244813718988891 -2.67750919469754 117.650528279871 1919557.02563042 -516579.771585769
-0.16415 0.00696695304507092 0.0190754664544803 -2.65714579521869 117.643490923233 1920026.30424355 -516573.219561871
-0.1642 -0.0105326562501195 -0.00962089314934325 -2.67442396899551 117.636453566594 1919607.22579537 -516577.999902168
-0.16425 0.0195686694819002 0.0113073114482409 -2.65389012975259 117.629416209956 1920112.18067738 -516564.308263279
-0.1643 -0.0220358747696577 -0.0220465688761865 -2.68036747530953 117.622378853318 1919413.75847439 -516578.449631546
-0.16435 0.0101000040444854 0.0331830768704431 -2.65496990388517 117.615341496679 1920150.36981883 -516583.22992205
-0.1644 -0.0212710849774815 -0.0497738968051052 -2.69987904672624 117.608304140041 1919080.16285258 -516611.889743065
-0.16445 0.041544171207889 0.0363197726540799 -2.6443287858792 117.601266783403 1920370.00042612 -516607.593071802
-0.1645 -0.0472842407969769 -0.0195411920737252 -2.69855108309464 117.594229426764 1919105.65281827 -516617.57158728
-0.16455 0.0335947837702789 0.0390184719531368 -2.66557359372458 117.587192070126 1920257.07850289 -516603.786146491
-0.1646 0.00866521757399463 -0.0522288200375514 -2.69955921639257 117.580154713488 1919271.096184 -516613.176565533
-0.16465 0.000347812509610732 0.0396381071741966 -2.66271464172178 117.573117356849 1919983.86285202 -516640.7610601
-0.1647 -0.0220324430021119 -0.00183814733668112 -2.69000627853698 117.566080000211 1919368.45200823 -516643.910384723
-0.16475 0.0402371775343086 -0.00977221559773471 -2.67739598167493 117.559042643573 1919723.58386629 -516639.970403257
-0.1648 -0.0308270202575911 -0.00406158130861136 -2.68671209205492 117.552005286934 1919305.10589942 -516628.910912474
-0.16485 0.0125563076940274 0.0236715051976511 -2.68606758810438 117.544967930296 1919752.19831128 -516628.907038555
-0.1649 0.000968691871880667 -0.025689817395642 -2.69936383804368 117.537930573658 1919312.54970785 -516635.187910604
-0.16495 0.00343432608707482 0.0228337940745692 -2.68457794761107 117.530893217019 1919585.82126638 -516651.441802082
-0.165 -0.0135384489101536 -0.0181330937389226 -2.70604710706336 117.523855860381 1919129.9985229 -516654.331983318
-0.16505 0.0417791993506791 0.000253994326197301 -2.68136498342905 117.516818503742 1919640.73470896 -516668.44921926
-0.1651 -0.0236953381060135 -0.00419302347736434 -2.70734560187534 117.509781147104 1919086.28661111 -516662.41569297
-0.16515 0.00548197637610339 0.0207442534805381 -2.68547777864855 117.502743790466 1919604.27981551 -516648.10347794
-0.1652 0.011920055000045 -0.0323576057823645 -2.71237628709921 117.495706433827 1919167.77495508 -516644.855149521
-0.16525 0.0032246109619735 0.0195550458758828 -2.69224762393213 117.488669077189 1919547.36468063 -516648.644747776
-0.1653 -0.0192395218859354 0.00130077873952437 -2.70376410530534 117.481631720551 1919136.6246391 -516675.042150996
-0.16535 0.0275499597640994 -0.0089930787367155 -2.68104310820577 117.474594363912 1919480.11428598 -516677.335327647
-0.1654 -0.00117059291874665 -0.0179160124322286 -2.6952158142497 117.467557007274 1919129.54141356 -516701.030232598
-0.16545 -0.0179922421440059 0.0331691545282197 -2.68497720778681 117.460519650636 1919458.75418357 -516686.242515904
-0.1655 0.00306543584310078 -0.0132442325445368 -2.6825094014388 117.453482293997 1919368.85664516 -516679.119658388
-0.16555 0.0195875548505856 -0.0176490448076249 -2.68089677298658 117.446444937359 1919475.00040064 -516675.219374018
-0.1656 -0.0286664690663291 0.0286660489414789 -2.69121469368797 117.439407580721 1919345.87168143 -516702.717444872
-0.16565 0.0173985983659905 -0.000743983005219673 -2.68396956859585 117.432370224082 1919381.25683786 -516713.00914789
-0.1657 -0.00827888710170241 -0.0092492684429618 -2.69573739738709 117.425332867444 1919165.74721507 -516704.690919721
-0.16575 -0.00434892882964126 0.0183132484302129 -2.70266751321198 117.418295510806 1919322.27929392 -516698.895183084
-0.1658 0.00277789322475438 -0.0151772273467698 -2.70152465744154 117.411258154167 1919208.28027496 -516705.329496866
-0.16585 0.00928103193476748 0.00322347364569934 -2.71044963990905 117.404220797529 1919272.88396764 -516710.997437682
-0.1659 0.00634863622714223 -0.000801755061934849 -2.717717199421 117.397183440891 1919174.05600663 -516721.806921924
-0.16595 -0.0173397490279957 0.00733442847351893 -2.71985853098704 117.390146084252 1919025.23963505 -516719.858904673
-0.166 0.0149219935354074 -0.0198104790513567 -2.69699235691811 117.383108727614 1919147.86235399 -516734.931223793
-0.16605 -0.0157529007338182 0.0128435686432229 -2.69919669023275 117.376071370976 1919186.40250006 -516738.472351932
-0.1661 -0.000852938069701706 -0.00589708446476056 -2.71128394905508 117.369034014337 1919082.36713814 -516744.991107858
-0.16615 -0.0032310651780975 -0.00707150301475663 -2.71426738804639 117.361996657699 1919093.4113431 -516730.868294677
-0.1662 0.015124791871249 0.00349971834848089 -2.70000968239101 117.354959301061 1919290.90117361 -516740.578633493
-0.16625 -0.0246616983663074 -0.00779697283150816 -2.73132889111209 117.347921944422 1918767.4817306 -516750.439355645
-0.1663 0.00932083924036071 0.010261680907394 -2.706910280658 117.340884587784 1919101.8855102 -516759.028128912
-0.16635 -0.0106749096155534 -0.00779798870999532 -2.71601940976984 117.333847231145 1918912.63749446 -516768.847769222
-0.1664 0.01171964865136 0.00448431029285634 -2.69763112693057 117.326809874507 1919222.36176693 -516751.008414821
-0.16645 -0.015922009151506 -0.0152027235926195 -2.73058307842614 117.319772517869 1918782.14222968 -516752.561921609
-0.1665 0.0190246231078738 0.00825006943958173 -2.70444835806834 117.31273516123 1919174.93293752 -516760.769200036
-0.16655 -0.0216980813813094 -0.00202917779580465 -2.73246551252125 117.305697804592 1918669.10752984 -516776.928223874
-0.1666 0.0272870891369802 -0.0066335066085915 -2.72147090478496 117.298660447954 1918994.15987599 -516779.716478065
-0.16665 -0.016092442941655 -0.00344266663849142 -2.74342867573476 117.291623091315 1918617.98375258 -516787.552183643
-0.1667 0.0123784347765655 0.000939663478848086 -2.72355829945595 117.284585734677 1918892.93589838 -516785.936879342
-0.16675 -0.00408932076223684 -0.00535220504055323 -2.73466579663929 117.277548378039 1918740.00180111 -516767.400741385
-0.1668 0.00728454859860632 0.00477377631454969 -2.72922584707525 117.2705110214 1918895.7677461 -516775.077114948
-0.16685 -0.00611681814975033 -0.0084617148860083 -2.7340368723079 117.263473664762 1918709.49667021 -516785.515444802
-0.1669 0.00632601235487595 0.0126177873381992 -2.71841416327918 117.256436308124 1918977.58452682 -516783.066319889
-0.16695 -0.000461181591791824 -0.0251424437088145 -2.74272767567518 117.249398951485 1918466.43245128 -516818.634914075
-0.167 0.00527436073121635 0.0137342952715468 -2.71528985099376 117.242361594847 1918977.02955714 -516810.322745827
-0.16705 -0.033119649604618 0.0143709129051383 -2.74217863197188 117.235324238209 1918586.03879364 -516819.200224788
-0.1671 0.0392777922597757 -0.0151498759071792 -2.74123259823533 117.22828688157 1918921.04535442 -516798.827900787
-0.16715 -0.00716884691628528 -0.0022414080843739 -2.74304049192699 117.221249524932 1918690.90466055 -516807.420462644
-0.1672 -0.0279571482717893 0.017618592791914 -2.74987472789809 117.214212168294 1918560.29316703 -516829.457914869
-0.16725 0.0191609454837066 -0.00434200919444716 -2.7433999918957 117.207174811655 1918688.51299506 -516845.889957075
-0.1673 0.0134988199697587 -0.0259258571835735 -2.74747935845722 117.200137455017 1918511.34061284 -516864.360521117
-0.16735 -0.0291022111323131 0.0294798313227775 -2.74241841050665 117.193100098379 1918616.17671347 -516853.190553468
-0.1674 0.0125195368594188 -0.00636820623949189 -2.74337631965466 117.18606274174 1918699.05689238 -516842.416554242
-0.16745 0.0045660374797396 -0.0171351262463137 -2.73313115179156 117.179025385102 1918560.87469184 -516850.397758853
-0.1675 0.00154749027504197 0.0106059959889093 -2.73094949015222 117.171988028464 1918706.9013611 -516861.236614958
-0.16755 -0.0117308332885003 -0.00243208988068415 -2.74151899769572 117.164950671825 1918440.27063021 -516871.165506334
-0.1676 0.0226198708018851 -0.00382417902622001 -2.72972071811139 117.157913315187 1918645.48562336 -516897.952910158
-0.16765 -0.0169499249377829 0.00609849544719604 -2.74153883774518 117.150875958548 1918350.73117785 -516892.457773711
-0.1677 0.0122860592147991 0.0124044268337997 -2.73106868642063 117.14383860191 1918698.17780247 -516887.33101454
-0.16775 -0.00441790700188449 -0.0304663788679071 -2.74697815595444 117.136801245272 1918315.02804556 -516880.704725751
-0.1678 0.00560416659634205 0.0223754251217268 -2.71954574442959 117.129763888633 1918846.5970991 -516886.281653201
-0.16785 -0.00827969839288045 -0.0120146465358395 -2.72553231090358 117.122726531995 1918317.19023216 -516913.939352247
-0.1679 0.0131572346296076 0.00888226375789268 -2.712866365088 117.115689175357 1918673.07693162 -516911.91603889
-0.16795 0.000427039804289119 -0.0191362407243486 -2.72952858885093 117.108651818718 1918364.895208 -516911.148610851
-0.168 -0.00851417004950748 0.0208613309652034 -2.7177146152323 117.10161446208 1918561.75589778 -516909.406562661
-0.16805 -0.00184706406789812 -0.0162739876175668 -2.7339499356848 117.094577105442 1918355.85015095 -516893.555066277
-0.1681 0.00897260868260045 0.00373484885644841 -2.71830443310067 117.087539748803 1918658.69040677 -516897.897027692
-0.16815 -0.0139523005211433 0.00148548996722995 -2.71989601764324 117.080502392165 1918384.77846174 -516931.265029953
-0.1682 0.00564410975666485 0.0233346195135579 -2.70627626402735 117.073465035527 1918655.10150335 -516941.798344325
-0.16825 0.0046226098849031 -0.0404452102552657 -2.73121308546666 117.066427678888 1918034.25430656 -516957.938727942
-0.1683 0.0186705033053278 0.0319966997598164 -2.70463179193597 117.05939032225 1918721.9489213 -516953.9168875
-0.16835 -0.0504381313038659 -0.0040085471180536 -2.74262731939448 117.052352965612 1917891.79414875 -516952.796405541
-0.1684 0.0571541892262891 0.00538655970560132 -2.71128930952658 117.045315608973 1918819.55877423 -516944.253920811
-0.16845 -0.0171583959392829 -0.0353119751206401 -2.75036010843813 117.038278252335 1917870.18691225 -516950.073768475
-0.1685 0.00121625560409164 0.0484228168178073 -2.722685362948 117.031240895697 1918581.0605923 -516961.046007455
-0.16855 -0.0199205147278117 -0.0257540929492332 -2.75622053773636 117.024203539058 1917708.24416798 -516993.147404372
-0.1686 0.0431594847239304 -0.00738139624717974 -2.71678962156318 117.01716618242 1918452.28010544 -516975.403130466
-0.16865 -0.0465306864497982 0.00504307831822391 -2.74467185851488 117.010128825782 1917901.3912919 -516983.072893592
-0.1687 0.0120836349417012 0.0193961748579707 -2.72712643626328 117.003091469143 1918432.27034398 -516973.291448982
-0.16875 -0.000390959830647716 -0.0260875902164626 -2.74875287720403 116.996054112505 1917999.00816899 -516975.691140121
-0.1688 -0.000267140986473416 0.0235409141788985 -2.72946208714674 116.989016755867 1918387.7531611 -516995.929877829
-0.16885 -0.00508657631492251 -0.018024488748746 -2.75385840881188 116.981979399228 1917952.69456686 -517004.590866965
-0.1689 0.0154556114663733 0.0116459382018703 -2.72188753667609 116.97494204259 1918420.04118382 -517010.897535102
-0.16895 -0.0124995367420711 -0.021504048643641 -2.7581901915447 116.967904685951 1917830.02515777 -517007.181123142
-0.169 0.00145009209341859 0.0338005094629926 -2.73288193918159 116.960867329313 1918429.36816421 -516989.883295445
-0.16905 -0.0149642061710913 -0.0218201490597635 -2.76850962562051 116.953829972675 1917787.91011606 -516998.726360117
-0.1691 0.0226427046738588 0.0305079624604914 -2.72341332308181 116.946792616036 1918599.34075079 -516990.024962215
-0.16915 -0.0156117298544118 -0.033699462140556 -2.76651405194847 116.939755259398 1917676.46824117 -517019.773793367
-0.1692 0.024511697414952 0.0352248020445139 -2.7315332258408 116.93271790276 1918504.7625837 -517022.688134431
-0.16925 -0.0327686551434147 -0.0206555014470801 -2.77010281348889 116.925680546121 1917580.76351777 -517029.293582293
-0.1693 0.0257536548882317 0.0178884375239326 -2.7481617092592 116.918643189483 1918396.17555448 -516994.354539223
-0.16935 -0.0184196455783496 -0.0234242026081671 -2.78180992741472 116.911605832845 1917664.29265278 -516993.905072106
-0.1694 0.0142911153701616 0.0352611372301577 -2.74316900858927 116.904568476206 1918495.26726844 -516997.394908833
-0.16945 -0.0221978069398375 -0.0261300625304804 -2.78969105071106 116.897531119568 1917611.40273668 -517022.208242465
-0.1695 0.0244968936989376 0.0221633887293805 -2.75489425412308 116.89049376293 1918192.62049317 -517034.860572782
-0.16955 -0.0229327621706462 -0.0200339947487246 -2.77506482713672 116.883456406291 1917549.32654899 -517040.804521416
-0.1696 0.0143835105048045 0.0242364531683556 -2.74596290039368 116.876419049653 1918237.82019837 -517039.63689612
-0.16965 -0.00709793085851818 -0.0276033406926772 -2.78816411593987 116.869381693015 1917604.94173782 -517032.279613649
-0.1697 0.0147029190844604 0.0233136081139786 -2.77457922698751 116.862344336376 1918123.34626872 -517026.692852525
-0.16975 -0.0197843369501622 -0.0228161535839645 -2.79545778662684 116.855306979738 1917522.31507288 -517025.149890137
-0.1698 0.0227381769166277 0.0146651638756859 -2.76821139818171 116.8482696231 1918173.94830819 -517024.061562945
-0.16985 -0.0171191119008396 -0.0231069558108437 -2.79547486416879 116.841232266461 1917498.68956393 -517047.30704635
-0.1699 0.00200752996731007 0.0436066621104852 -2.76026230389468 116.834194909823 1918177.77497887 -517055.396760741
-0.16995 -0.00615332182220959 -0.0309658246904292 -2.80509459295057 116.827157553185 1917407.00585957 -517038.426104391
-0.17 0.0242421277025254 0.0118564019483557 -2.77563209776878 116.820120196546 1918051.18553454 -517039.978899325
-0.17005 -0.0333443204471303 0.00655685017874225 -2.81215550743645 116.813082839908 1917544.60369587 -517027.299900377
-0.1701 0.0258828898868913 0.00318906231854622 -2.79448640465294 116.80604548327 1917907.82343485 -517023.863110457
-0.17015 0.000953092933460058 -0.0208001153429685 -2.80312264766666 116.799008126631 1917502.76444159 -517054.446929357
-0.1702 0.00872171538736645 0.0141794978243097 -2.78759827718793 116.791970769993 1917814.90230957 -517069.192842378
-0.17025 -0.0165113817791261 -0.000643602209426098 -2.80344694689395 116.784933413355 1917469.34457872 -517051.846818018
-0.1703 0.0140013362184287 -0.00954079309707109 -2.80249409694032 116.777896056716 1917628.9275723 -517047.888580932
-0.17035 0.0113775326982266 -0.0142189608694793 -2.81224334962021 116.770858700078 1917606.87446507 -517044.85114986
-0.1704 -0.00974901501555289 0.0166392880928309 -2.81876284662609 116.763821343439 1917671.38734987 -517042.149061068
-0.17045 -0.00479833906924708 -0.00226020051243394 -2.82077749517199 116.756783986801 1917568.13680322 -517045.721270182
-0.1705 0.00584657384393418 -0.00400092866416282 -2.82416246538511 116.749746630163 1917564.34918739 -517059.720214325
-0.17055 -0.000296899743442247 0.00906678859268881 -2.83065654259277 116.742709273524 1917481.42661722 -517076.745648731
-0.1706 -0.00716189396798159 -0.0081868515525755 -2.8281133063657 116.735671916886 1917422.89218765 -517053.97714628
-0.17065 0.0166047020654485 0.000542673160936335 -2.82263507537367 116.728634560248 1917631.92070585 -517064.042032554
-0.1707 -0.0258319185952931 0.00388297636475863 -2.83909500317384 116.721597203609 1917381.81839012 -517048.751723868
-0.17075 0.0174866053670895 -0.00393201155691443 -2.83074194548912 116.714559846971 1917603.25755192 -517059.55672768
-0.1708 0.0003936634820167 -0.000557673853536331 -2.83131099989101 116.707522490333 1917430.33202163 -517072.031773534
-0.17085 -0.00143414859658167 -0.00492867000601109 -2.83174271329941 116.700485133694 1917385.10588466 -517086.790701875
-0.1709 -0.00371687987532736 0.0176646962262783 -2.81758733100946 116.693447777056 1917589.50854662 -517092.50557814
-0.17095 0.0025380563475262 -0.0142962880659337 -2.83614769492085 116.686410420418 1917332.59682942 -517089.163036022
-0.171 0.00489492230202369 0.00547272830032363 -2.82729435781204 116.679373063779 1917540.61098144 -517066.474813522
-0.17105 -0.00352836450225685 0.00118779212748606 -2.82983943170422 116.672335707141 1917455.80446607 -517077.413321814
-0.1711 0.00359684169388855 0.00248752717337209 -2.82819350654185 116.665298350503 1917493.85076394 -517063.985043085
-0.17115 -0.00212584149114215 -0.0192089389530805 -2.83947999890018 116.658260993864 1917212.5636259 -517088.887712225
-0.1712 0.00279566780680194 0.0117580417350061 -2.8276561110182 116.651223637226 1917434.64106196 -517085.953722208
-0.17125 -0.0119205252653629 -0.0138417183071787 -2.83917015378827 116.644186280588 1917098.1012091 -517097.378469538
-0.1713 0.0164566062310792 0.0114771300143949 -2.82899221888398 116.637148923949 1917506.46763486 -517091.784351856
-0.17135 -0.0158352718076498 -0.00728801721626627 -2.8513543463857 116.630111567311 1917070.0919247 -517092.695842864
-0.1714 0.0157518530771642 0.00994394754804412 -2.85301789338733 116.623074210673 1917405.60435027 -517088.774970126
-0.17145 -0.0159549332535076 -0.016200806905691 -2.86084400413513 116.616036854034 1917007.94136503 -517101.830345722
-0.1715 0.0268089965876628 0.00511999587747086 -2.84329996224812 116.608999497396 1917508.19829824 -517090.911081817
-0.17155 -0.0238078533185355 -0.00157338062288207 -2.86979389039482 116.601962140758 1916871.97561276 -517115.644444171
-0.1716 0.0110746657052432 0.0107107028015195 -2.85505962876717 116.594924784119 1917327.99148912 -517105.826473743
-0.17165 0.00913497866065661 -0.0236860039469552 -2.87383736795543 116.587887427481 1917029.70255441 -517106.182543817
-0.1717 -0.0177949257281886 0.0202975993495196 -2.87230555924628 116.580850070842 1917183.12908721 -517090.541013318
-0.17175 0.0136150038808293 -0.0202206503459024 -2.87855623932085 116.573812714204 1916987.89354188 -517092.451724823
-0.1718 -0.0031613933246012 0.00959448464881879 -2.89334814512303 116.566775357566 1917042.92558554 -517106.435934486
-0.17185 -0.0192549375917355 0.00874331469054834 -2.8816723330596 116.559738000927 1916992.57269789 -517105.372923083
-0.1719 -0.000174918271211121 -0.0105664080742488 -2.89338760730652 116.552700644289 1916938.74677718 -517106.523484454
-0.17195 0.0245368974121427 -0.0259663902947664 -2.88542564549941 116.545663287651 1917056.89135509 -517111.910101842
-0.172 -0.0311859137582871 0.0293490337129392 -2.89718033136198 116.538625931012 1917076.59283182 -517096.549941946
-0.17205 -0.0014776487070853 0.00879559259951436 -2.90315881372168 116.531588574374 1917109.44220739 -517096.025677597
-0.1721 0.0251022940847728 -0.0416161887104465 -2.91524269910594 116.524551217736 1916818.12723461 -517109.683512025
-0.17215 -0.0201236628557731 0.0285592008854628 -2.90244012496397 116.517513861097 1917058.40911446 -517105.032900473
-0.1722 -0.0130027370058827 0.00186082823580553 -2.91938009538393 116.510476504459 1916805.30348537 -517116.636035244
-0.17225 0.0211696150488756 -0.00732340993548878 -2.90955099496906 116.503439147821 1917004.06482231 -517120.223041617
-0.1723 0.000652163633681829 -0.0169022804627663 -2.92582451218732 116.496401791182 1916725.9150253 -517122.789596631
-0.17235 -0.0121054246075558 0.0283165599976655 -2.91013917294504 116.489364434544 1916966.41154169 -517123.028063398
-0.1724 0.00338894226422533 -0.0249314819594172 -2.93552807134706 116.482327077906 1916623.79958717 -517123.834824799
-0.17245 0.0146724808168671 0.0099283717497125 -2.92354485475735 116.475289721267 1916967.2729901 -517113.587353588
-0.1725 -0.0202988091239919 -0.00681224389785164 -2.94262061774906 116.468252364629 1916607.76405552 -517107.975245087
-0.17255 0.0199454793933526 0.00724463173651101 -2.93748387630621 116.461215007991 1916954.60682035 -517113.879774664
-0.1726 -0.0136208956864033 -0.0130721792167773 -2.94942983060275 116.454177651352 1916551.03833004 -517137.14551669
-0.17265 0.015404141372109 0.0213958482538268 -2.92387445808776 116.447140294714 1917084.76961686 -517128.135408338
-0.1727 -0.0177289431951033 -0.0305882839739299 -2.95770925502609 116.440102938076 1916347.09160908 -517114.601199358
-0.17275 0.0263790637199202 0.0276002973992156 -2.92355992340502 116.433065581437 1917207.72462796 -517112.569744057
-0.1728 -0.0342987034055188 -0.0198516089432875 -2.95431422901186 116.426028224799 1916348.19497382 -517103.085633271
-0.17285 0.0292395890536435 0.0182933698711179 -2.92887708256577 116.418990868161 1917043.4241225 -517127.002184188
-0.1729 -0.0241834288071882 -0.0222990448678666 -2.9621587771734 116.411953511522 1916324.96571127 -517144.334055607
-0.17295 0.0224450744791324 0.042390754549211 -2.94167627125871 116.404916154884 1917195.54480631 -517119.738619338
-0.173 -0.0219942241384474 -0.0332626768698436 -2.96972566369448 116.397878798245 1916196.22713329 -517135.110870471
-0.17305 0.0337472215366954 0.0273062361097354 -2.9378702499431 116.390841441607 1917225.16067181 -517106.075918062
-0.1731 -0.0456093731871749 -0.0342709708065878 -2.99740903341367 116.383804084969 1915996.97995781 -517122.544093744
-0.17315 0.0247595513984573 0.0365704290384544 -2.94027173501955 116.37676672833 1917038.11194147 -517136.41032352
-0.1732 -0.0114660092658671 -0.0445548934374868 -2.97610062039024 116.369729371692 1916203.81525896 -517141.752809372
-0.17325 0.0226665333066058 0.0298210595357738 -2.93505264983983 116.362692015054 1917122.75755995 -517132.616045988
-0.1733 -0.0342868245108252 -0.0124985805642845 -2.98394210493079 116.355654658415 1916293.63994615 -517123.69090478
-0.17335 0.0354204097670096 0.0132195181356039 -2.9563430567375 116.348617301777 1917013.54478424 -517123.907790384
-0.1734 -0.0136706710668685 -0.032612745322603 -2.98777897055977 116.341579945139 1916227.58461435 -517148.122465463
-0.17345 0.00526902093816594 0.0487734162037016 -2.94943592997683 116.3345425885 1916975.83410545 -517152.214006293
-0.1735 -0.0174084181524691 -0.0358294987249159 -2.99927648491015 116.327505231862 1916079.53803365 -517142.572066291
-0.17355 0.0363282943803394 0.0126722477383458 -2.96055355528563 116.320467875224 1916970.48591569 -517139.439427872
-0.1736 -0.0353618931023484 -0.0130704290026768 -3.00745044269718 116.313430518585 1916103.4822455 -517137.620411988
-0.17365 0.00707656887923231 0.033516055443724 -2.96456061912392 116.306393161947 1916874.60072731 -517150.17146406
-0.1737 -0.00122146316786184 -0.0378509377541443 -2.99577237946264 116.299355805309 1916173.94704694 -517151.662826586
-0.17375 0.0083667713568044 0.011022194802927 -2.97565118061885 116.29231844867 1916632.47467675 -517146.52546303
-0.1738 -0.02698399360535 0.00198620216675805 -2.99245721149383 116.285281092032 1916222.44206515 -517164.755643457
-0.17385 0.0236224243793825 0.0107826613579653 -2.97585821296829 116.278243735394 1916677.4672158 -517159.775230981
-0.1739 -0.00515199112799076 -0.00773296889526541 -2.98511356022835 116.271206378755 1916368.40870338 -517147.238251886
-0.17395 0.0105080685169744 0.00847447660111887 -2.98876325418461 116.264169022117 1916537.72767144 -517139.411200546
-0.174 -0.00965069677224921 -0.0224673585495642 -3.0078868465446 116.257131665479 1916170.06655182 -517144.84323298
-0.17405 0.00895859945645163 0.0201794025802781 -2.98968642584449 116.25009430884 1916587.30481589 -517153.864799629
-0.1741 -0.0167866125704709 0.000522359544534942 -3.01482566922586 116.243056952202 1916037.3787478 -517187.632019069
-0.17415 0.0230142220091029 -0.00181493649341246 -3.00052201281241 116.236019595564 1916390.32957269 -517178.724529602
-0.1742 -0.00913927962385755 -0.00364877481953697 -3.00671803666128 116.228982238925 1916231.23138616 -517189.688052718
-0.17425 -0.00925266650381315 0.00994240265576035 -2.99953571056002 116.221944882287 1916358.07754642 -517164.961178044
-0.1743 0.00518670189382727 -0.0042948839966638 -3.01740748668798 116.214907525648 1916219.55958309 -517168.793860403
-0.17435 0.00133536508287336 -0.0115304733959902 -3.02617811495111 116.20787016901 1916036.62237725 -517167.74880187
-0.1744 0.0170098559583471 0.00179016167768262 -3.0225858864262 116.200832812372 1916252.00208817 -517179.334859852
-0.17445 -0.0134780092885898 -0.00221577676326984 -3.02296973474395 116.193795455733 1916070.14063863 -517185.153597444
-0.1745 0.00580210837038699 0.00469167267230538 -3.02259732638624 116.186758099095 1916180.04125255 -517183.504298526
-0.17455 -0.00739732273127042 -0.00162822785876047 -3.03160400706052 116.179720742457 1916053.09186152 -517175.188586372
-0.1746 0.000143723443752394 0.00308255867461427 -3.03255085140359 116.172683385818 1916096.08795657 -517185.407766046
-0.17465 0.000218521327755476 -0.00586685474201663 -3.03409557822493 116.16564602918 1916004.63984968 -517191.519505908
-0.1747 0.00348163125864525 0.0123604566158491 -3.03554375837317 116.158608672542 1916083.23287719 -517198.353722114
-0.17475 -0.0117153815463214 0.00821922391975172 -3.0466854964286 116.151571315903 1916012.63154356 -517184.208584919
-0.1748 0.0261884539072015 -0.0170959086756014 -3.05044843178433 116.144533959265 1916053.32698905 -517190.905441594
-0.17485 -0.0121265722841868 0.0154981937844008 -3.04725378507391 116.137496602627 1916079.96691702 -517187.502545263
-0.1749 -0.00682284616809973 0.00854901462740661 -3.05380170221373 116.130459245988 1916008.21119442 -517192.751759777
-0.17495 0.00150952552806415 -0.00863840345321125 -3.05415613186058 116.12342188935 1915911.51216604 -517189.810099596
-0.175 0.0129015788509751 -0.0159443990242139 -3.05955941281936 116.116384532712 1915895.44898825 -517202.572145788
-0.17505 -0.0091979322307999 0.0185755815966204 -3.04873186719538 116.109347176073 1916003.00619244 -517207.556785829
-0.1751 -0.0095563946970559 -0.00171469085659706 -3.05908914631534 116.102309819435 1915811.51617385 -517218.80653332
-0.17515 0.0167219590238133 -0.0139492522312597 -3.05479227154961 116.095272462797 1915991.20381462 -517199.668681886
-0.1752 -0.00761595524516401 0.0016059465646409 -3.05298973757633 116.088235106158 1915948.106418 -517194.473960387
-0.17525 -0.00506237086630325 0.00928808547372825 -3.05478678970658 116.08119774952 1915989.16208973 -517207.047136198
-0.1753 0.00805664100900398 -0.00990914559903078 -3.06533596597048 116.074160392882 1915949.35595831 -517197.712977209
-0.17535 0.00162086566100189 -0.00117161151641591 -3.05563808336272 116.067123036243 1915946.71256958 -517218.533074118
-0.1754 -0.0207852716068221 0.0161558670425612 -3.06277316867923 116.060085679605 1915887.77777188 -517217.721751617
-0.17545 0.0119461398021048 -0.0076026800094 -3.06743132677442 116.053048322967 1915849.80157128 -517213.051341694
-0.1755 -0.000113348248237842 -0.0137411446443317 -3.080202087263 116.046010966328 1915695.07591301 -517211.632092004
-0.17555 0.00124040871632224 0.0217227487287175 -3.06157581354116 116.03897360969 1916120.42889223 -517176.547214727
-0.1756 -0.013919311269956 -0.0122868260833117 -3.07085515030673 116.031936253051 1915750.83796001 -517204.349713975
-0.17565 0.0223470526034311 0.00795018117450925 -3.06372304535427 116.024898896413 1916077.8275396 -517206.8735316
-0.1757 -0.0302650140902156 -0.00715204872093837 -3.08295138021434 116.017861539775 1915520.65275622 -517213.209953985
-0.17575 0.0253906628974236 0.0190086728177608 -3.06232518247236 116.010824183136 1916082.18487917 -517221.777942893
-0.1758 -0.0255102660384209 -0.0231928048281057 -3.09314985022969 116.003786826498 1915348.54110338 -517226.09028445
-0.17585 0.0343508181789697 0.0243700867106753 -3.06250300441069 115.99674946986 1916217.48040793 -517221.517081533
-0.1759 -0.0356333232505672 -0.0229732063290716 -3.09736756155288 115.989712113221 1915323.25472061 -517214.956821903
-0.17595 0.0312778906530892 0.0285061026244697 -3.06201204131756 115.982674756583 1916307.08852641 -517194.323464259
-0.176 -0.0377312875850061 -0.0288051533965231 -3.10709239967359 115.975637399945 1915213.65695851 -517211.9466683
-0.17605 0.0403932971065806 0.0157272572275166 -3.0757347392131 115.968600043306 1916120.15994778 -517229.420638468
-0.1761 -0.0316554016627487 -0.0222580205821516 -3.11074929572709 115.961562686668 1915315.50499123 -517228.162641974
-0.17615 0.0150923433905774 0.0350385119441913 -3.08059158587655 115.95452533003 1916120.85526599 -517232.22946928
-0.1762 9.29222304587655e-05 -0.0563842232698891 -3.11977816520141 115.947487973391 1915161.98121885 -517236.163181707
-0.17625 0.0145773016813407 0.0436313006684266 -3.08083082852016 115.940450616753 1916111.63269258 -517235.631993285
-0.1763 -0.0448318933915083 -0.0208630462724575 -3.1219826444258 115.933413260115 1915121.1113024 -517232.049077257
-0.17635 0.0568486271378168 0.00103644081775542 -3.08037893136307 115.926375903476 1916124.24151905 -517223.461834618
-0.1764 -0.0420545924783093 -0.0106650430870771 -3.12556778172318 115.919338546838 1915165.41895293 -517219.534009728
-0.17645 0.0195010010101923 0.0467913398495008 -3.0860273431401 115.9123011902 1916168.34218064 -517225.103607461
-0.1765 -0.0145027812776182 -0.0522081963109183 -3.14235045992988 115.905263833561 1914971.004104 -517243.085550356
-0.17655 0.0375845229946762 0.0292959987158739 -3.0998406331057 115.898226476923 1916031.41428296 -517232.226004949
-0.1766 -0.0487231810497131 -0.00757248784227816 -3.13800317868377 115.891189120285 1915101.1167692 -517224.120345381
-0.17665 0.0292429297666705 0.0215051139444821 -3.11246911640004 115.884151763646 1915822.13040881 -517234.848734319
-0.1767 0.00123387494450807 -0.0234471169657348 -3.15253902551946 115.877114407008 1915243.75688156 -517226.858403499
-0.17675 -0.006572956423424 0.0192900541936822 -3.12911108448922 115.87007705037 1915472.21733464 -517234.82989507
-0.1768 0.00435058462033816 -0.0077982671593616 -3.13441666294065 115.863039693731 1915376.14495627 -517247.647322626
-0.17685 -0.00165969458444368 -0.010700822785373 -3.14451229819405 115.856002337093 1915267.3157935 -517241.319373265
-0.1769 0.0126887867612893 0.0108429142775729 -3.13293976217006 115.848964980454 1915661.36892287 -517224.23234781
-0.17695 -0.027257114747645 -0.00321773199798369 -3.15214554207186 115.841927623816 1915187.61902421 -517219.693358795
-0.177 0.0166435963514862 0.0125385776697481 -3.13432601768009 115.834890267178 1915694.8719945 -517209.798794342
-0.17705 0.00311841980439538 -0.0213546598970591 -3.15175072201038 115.827852910539 1915253.46767203 -517230.261465091
-0.1771 0.00376187635719123 0.010526202514478 -3.14605188783967 115.820815553901 1915431.01424241 -517238.465291302
-0.17715 -0.020002638246154 0.00476696046442492 -3.16487488523822 115.813778197263 1915152.20571349 -517251.412705408
-0.1772 0.0270571134791119 -0.0167287567730383 -3.16157873214206 115.806740840624 1915285.88302819 -517248.902602919
-0.17725 -0.0094629391320657 0.00174822268801075 -3.15849810399042 115.799703483986 1915268.742767 -517250.107006308
-0.1773 -0.0106771704793685 0.0119322023991988 -3.17090148246705 115.792666127348 1915255.92779729 -517233.651041522
-0.17735 0.0155805308063969 -0.00812026496482769 -3.16811394557636 115.785628770709 1915377.63086745 -517226.065829236
-0.1774 -0.00511065855436204 0.0064952010267312 -3.1719790717962 115.778591414071 1915228.38454203 -517235.960892078
-0.17745 -0.0083968575790267 0.00796098579486571 -3.17562819499627 115.771554057433 1915152.98479497 -517239.193223185
-0.1775 0.0138341670955699 -0.0182239035345442 -3.16969506248191 115.764516700794 1915170.76066209 -517249.198390811
-0.17755 -0.00507943214144402 0.00283196077832915 -3.17276922219728 115.757479344156 1915115.25773112 -517261.855694916
-0.1776 -0.0118981231032955 0.0166699568862149 -3.18114951858423 115.750441987518 1915116.42518937 -517264.472206296
-0.17765 0.0110426494696644 -0.0114241196190636 -3.18957366507097 115.743404630879 1915014.02321565 -517266.097432033
-0.1777 -0.00472992338904683 0.000624275730465608 -3.19153047395157 115.736367274241 1914974.3292397 -517269.209824538
-0.17775 -0.00438051831035462 0.0127081424243715 -3.19587903697108 115.729329917603 1915024.27720458 -517251.638004152
-0.1778 0.00810883225959356 -0.0212770273311498 -3.2077939022736 115.722292560964 1914832.31618072 -517239.253193896
-0.17785 0.00437543392902914 0.013827900699304 -3.19422129148171 115.715255204326 1915136.6992333 -517246.952113125
-0.1779 -0.0280736603281426 0.0131336630659363 -3.2026596392057 115.708217847688 1914905.31331853 -517248.852463251
-0.17795 0.0253331866757539 -0.013824559127967 -3.2019787578468 115.701180491049 1915004.81632656 -517259.260494179
-0.178 0.000958339814856381 -0.0170742366021336 -3.20335435653708 115.694143134411 1914845.24900303 -517256.358678294
-0.17805 -0.0163571346622741 0.029192575545298 -3.20942636889044 115.687105777773 1914953.46735626 -517249.643235161
-0.1781 0.00516085506599165 -0.0101604302974948 -3.22814652217281 115.680068421134 1914846.17814183 -517241.982667079
-0.17815 0.0178698858064829 -0.010217385679509 -3.20996333173705 115.673031064496 1915012.19486491 -517254.598620364
-0.1782 -0.0253685795662087 0.0175393925445889 -3.21052518028664 115.665993707857 1914853.62313988 -517260.993211332
-0.17825 0.0154090731660614 -0.00805917102326171 -3.21031847581206 115.658956351219 1914925.63491411 -517259.814283091
-0.1783 0.00437682717848322 -0.00885369869606548 -3.21373543264523 115.651918994581 1914869.10726589 -517252.571526249
-0.17835 -0.00598024285089739 0.0125541371553677 -3.20879322398939 115.644881637942 1914907.78470856 -517248.285311306
-0.1784 -0.019118568634791 0.000623372008786236 -3.23011916339554 115.637844281304 1914741.1738998 -517241.522905525
-0.17845 0.024935316947245 -0.0111913375026111 -3.21011679695804 115.630806924666 1915050.30335981 -517242.621426241
-0.1785 -0.0145688247771058 0.0125994252061186 -3.22531991275089 115.623769568027 1914744.40094817 -517258.782849459
-0.17855 0.0080305619404104 0.000451464154976791 -3.23010404898549 115.616732211389 1914740.05336345 -517260.40931692
-0.1786 -0.00736631766456997 -0.0124004533497094 -3.24170763761826 115.609694854751 1914661.66299851 -517247.182969685
-0.17865 0.0197312377467506 0.00254594596643103 -3.22426487270164 115.602657498112 1914941.18270542 -517256.819243034
-0.1787 -0.0336293355212599 0.0031326355392417 -3.25218766541127 115.595620141474 1914523.42384823 -517250.478253895
-0.17875 0.0160556435183426 0.0155604401006045 -3.22626582957737 115.588582784836 1914986.67207735 -517254.479154747
-0.1788 -0.00697976209619846 -0.0276551023905922 -3.24484536589964 115.581545428197 1914476.11944321 -517245.449282184
-0.17885 0.0182870969487886 0.00215968474306368 -3.23158546818751 115.574508071559 1914845.24069711 -517256.929417282
-0.1789 -0.0249922918147215 0.0198375383381484 -3.22955323346627 115.567470714921 1914687.24113757 -517275.48980998
-0.17895 0.0174813516876601 -0.014973011868502 -3.22282198726322 115.560433358282 1914778.66244248 -517268.150026449
-0.179 0.000816690005320407 -0.00852389406585641 -3.23517783405489 115.553396001644 1914623.35469306 -517265.877471599
-0.17905 -0.0126584254540242 0.0104648316717864 -3.23737877943076 115.546358645006 1914655.20141421 -517262.17395905
-0.1791 0.0101461382294741 -0.00816349143210845 -3.24923220755743 115.539321288367 1914649.08058341 -517254.739908089
-0.17915 -0.00881411442923347 0.0170669828672073 -3.24912458959111 115.532283931729 1914704.06296175 -517243.078421927
-0.1792 -0.00496844707514899 -0.00756288558867584 -3.24590015521898 115.525246575091 1914564.46627973 -517276.445548023
-0.17925 0.00697115732690417 0.000438310039214564 -3.25100516263975 115.518209218452 1914663.71093761 -517262.135018638
-0.1793 0.00362248586510915 -0.0077625268382636 -3.26307246614365 115.511171861814 1914526.45697942 -517256.211161281
-0.17935 -0.00800500677588355 0.00799763802735459 -3.26288404119831 115.504134505176 1914580.3231092 -517271.179645632
-0.1794 0.00690600891904914 0.00267199816981642 -3.25911098580301 115.497097148537 1914694.23843611 -517256.797850815
-0.17945 -0.00485383165168745 -0.00846156078542355 -3.27464746915752 115.490059791899 1914385.29073858 -517260.921262912
-0.1795 0.0108089708129746 0.00485610540707094 -3.25836261806765 115.48302243526 1914640.85310734 -517270.595524524
-0.17955 -0.0228017736383065 -0.00617401114999081 -3.27528299563072 115.475985078622 1914250.48915573 -517280.164250844
-0.1796 0.0138526185393532 0.00505686742987912 -3.28280666270848 115.468947721984 1914553.0476523 -517266.659112768
-0.17965 0.00378869520758731 -0.016011687089436 -3.29009899267433 115.461910365345 1914328.8961724 -517258.868364359
-0.1797 -0.0201380116660899 0.0056273190322489 -3.29242678976247 115.454873008707 1914302.50223497 -517252.892314186
-0.17975 0.00640187628342615 0.00397392923196917 -3.28425428168989 115.447835652069 1914464.28335177 -517260.122254909
-0.1798 0.00599779944581103 -0.0229189855558862 -3.28997515618365 115.44079829543 1914302.15101213 -517270.869921703
-0.17985 -0.0139762674814688 0.0272794806678413 -3.28620548824852 115.433760938792 1914447.05073642 -517283.350103705
-0.1799 -6.20178920724081e-05 -0.0107981776229543 -3.29373248267075 115.426723582154 1914279.99483322 -517286.900185172
-0.17995 0.0253262044510183 -0.0139137584490286 -3.29066201490632 115.419686225515 1914442.88454566 -517279.813529087
-0.18 -0.0146159505976208 0.0157237908939628 -3.28755447962065 115.412648868877 1914332.48503898 -517318.530282817
-0.18005 -0.00651614519662393 0.00883349442420222 -3.29875436024595 115.405611512239 1914224.13967281 -517317.524279051
-0.1801 0.00840011143461233 -0.0169342406879479 -3.30435278203777 115.3985741556 1914194.71179638 -517296.458710126
-0.18015 -0.0100999539223045 0.0166852350818492 -3.30078901133948 115.391536798962 1914364.06381214 -517270.291303714
-0.1802 -0.000647184904292204 -0.0160987463831986 -3.31181475821075 115.384499442324 1914201.69859805 -517277.366285909
-0.18025 0.0118531216850536 0.00119964757382224 -3.30441208409064 115.377462085685 1914395.3721699 -517294.261036211
-0.1803 -0.0143016497728737 0.00999799282975784 -3.30659907144092 115.370424729047 1914241.81995265 -517293.201708811
-0.18035 0.00608688943838695 -0.00298446208419933 -3.31616935022282 115.363387372409 1914215.84199416 -517308.100941359
-0.1804 0.0118229499799234 -0.00711759866071997 -3.31843638756857 115.35635001577 1914162.55421057 -517303.716032202
-0.18045 -0.00388199983481321 -0.010240996693138 -3.32829998021122 115.349312659132 1913998.83857662 -517296.287440484
-0.1805 -0.00712023906353481 0.0161147270942371 -3.31379236835384 115.342275302494 1914172.32996854 -517316.143296605
-0.18055 0.00623298434653645 -0.00788694532291079 -3.32518019026235 115.335237945855 1914028.30287309 -517324.869857222
-0.1806 0.00427892165790238 -0.00116187284503344 -3.32029992757172 115.328200589217 1914165.15059084 -517296.87291218
-0.18065 -0.00690738522738531 0.00591992701682417 -3.33232347952614 115.321163232578 1914048.78147592 -517304.894311888
-0.1807 -0.000378681533197284 -0.000521455435799738 -3.33316046905799 115.31412587594 1914123.91775268 -517296.677910614
-0.18075 -0.000754362047657884 0.000892611609994441 -3.32788508449111 115.307088519302 1914089.88570388 -517313.541226495
-0.1808 -0.00194729219797125 0.00800829165534119 -3.33029401043281 115.300051162663 1914115.78782381 -517316.752423367
-0.18085 -0.00630115083006166 -0.00380482760678219 -3.33711593081169 115.293013806025 1913908.03750133 -517320.183232289
-0.1809 0.00332784385553446 0.00994179193056864 -3.34428530459562 115.285976449387 1914007.55960979 -517320.682106935
-0.18095 -0.00673558696172628 -0.00159623760721022 -3.34538738905013 115.278939092748 1913953.79003131 -517318.415954164
-0.181 0.0149403560543095 -0.00576563869844946 -3.3403927926645 115.27190173611 1914089.0914156 -517299.0908509
-0.18105 -0.015222400415245 0.00252226354593569 -3.35723493781801 115.264864379472 1913831.50741805 -517321.860844074
-0.1811 0.00404024005552354 0.0141844926465565 -3.35630423809564 115.257827022833 1914030.49696746 -517314.090811315
-0.18115 -0.00263655313997613 -0.0203559255008215 -3.37425181202168 115.250789666195 1913663.657707 -517318.606428934
-0.1812 0.0136002106829717 0.0173224393048271 -3.3649010971425 115.243752309557 1914069.60452988 -517305.804746548
-0.18125 -0.0151677164005354 -0.0156535163333647 -3.3783252097535 115.236714952918 1913574.54665029 -517322.221090469
-0.1813 0.00519555507946929 0.015702117457349 -3.37131876208092 115.22967759628 1913949.37170225 -517314.045488775
-0.18135 -0.00953411583939387 -0.0157808147594492 -3.37957303641777 115.222640239642 1913603.18317626 -517319.557990422
-0.1814 0.0206104648325675 0.0106847741756005 -3.3531582530508 115.215602883003 1914057.21753975 -517324.553123835
-0.18145 -0.0330833501780757 -0.00518074627034103 -3.38923018430801 115.208565526365 1913428.89257465 -517329.560028249
-0.1815 0.0231730429581698 0.0260614928949396 -3.3556994560096 115.201528169727 1914239.11410336 -517318.013231824
-0.18155 -0.0117164911931447 -0.0423096820987256 -3.39929228225166 115.194490813088 1913286.21373948 -517318.168508665
-0.1816 0.0318525377244981 0.0307488568612192 -3.35809295368492 115.18745345645 1914153.9757465 -517331.589358549
-0.18165 -0.0445323569984312 -0.0177419236828244 -3.40273840742667 115.180416099812 1913200.32449621 -517329.453670861
-0.1817 0.0547833137144917 0.0265244713012352 -3.36156260354633 115.173378743173 1914261.03402342 -517335.903907496
-0.18175 -0.0382221781275285 -0.0379231023866762 -3.41415865502753 115.166341386535 1913037.23472083 -517344.433681422
-0.1818 0.0275892234344932 0.0477606443591013 -3.36750059575444 115.159304029897 1914173.80184179 -517345.525249394
-0.18185 -0.0303504654649628 -0.0445926848388079 -3.42121263808158 115.152266673258 1912996.8225017 -517332.758406735
-0.1819 0.0317094119152378 0.0427875292182153 -3.36404488836864 115.14522931662 1914185.51831264 -517334.610729621
-0.18195 -0.0214015744686512 -0.0442063307675289 -3.42485204462909 115.138191959981 1913022.67659159 -517340.822266485
-0.182 0.0160352457093404 0.0358731851116135 -3.3834115606217 115.131154603343 1913968.84046944 -517349.187256563
-0.18205 -0.02243080094082 -0.0307558614026764 -3.41878584406618 115.124117246705 1913092.73829331 -517364.047320851
-0.1821 0.0372371233172137 0.010927105485592 -3.38749359076027 115.117079890066 1913843.02993428 -517352.530529659
-0.18215 -0.0454002502283193 0.00486601455965852 -3.42439057389293 115.110042533428 1913150.48872155 -517346.194725724
-0.1822 0.0436473713513274 -0.00272216362609224 -3.39228835058952 115.10300517679 1913902.68628634 -517333.081743517
-0.18225 -0.0161198921631374 -0.0181272056963654 -3.42628241179473 115.095967820151 1913211.6861004 -517345.07883856
-0.1823 0.0139492876107996 0.0228483496381399 -3.41143385740631 115.088930463513 1913631.89214565 -517363.244173609
-0.18235 -0.0297268131077084 -0.00155438694444999 -3.44265819904464 115.081893106875 1913034.27923771 -517361.788467432
-0.1824 0.0317054407903948 -0.0156065279370571 -3.43270710469432 115.074855750236 1913356.43364745 -517359.172796025
-0.18245 -0.0184236750957807 0.00147732163615861 -3.44533135272482 115.067818393598 1913056.42833108 -517358.375778471
-0.1825 0.00626002998216874 0.0105448768220435 -3.41399710929202 115.06078103696 1913453.27410067 -517380.388891908
-0.18255 -0.00477796679895164 -0.00777222902545891 -3.4457386330415 115.053743680321 1912969.30599518 -517404.081274917
-0.1826 0.00367581095004231 0.0106473934580391 -3.43478090798054 115.046706323683 1913331.26410204 -517396.532293669
-0.18265 -0.00878138470297365 -0.00789925562473733 -3.45014265918866 115.039668967045 1913047.68036707 -517393.759167076
-0.1827 0.00867622718913597 -2.13763418963531e-06 -3.43883014259464 115.032631610406 1913321.3095207 -517360.347105927
-0.18275 -0.00501927225055648 -0.00201488709821359 -3.44892356520075 115.025594253768 1913133.29526088 -517368.32973164
-0.1828 0.00238395129360683 0.00831646626567289 -3.44942373185041 115.01855689713 1913199.60760883 -517384.013168632
-0.18285 -0.0122115361883925 -0.00264838692200183 -3.46047233300182 115.011519540491 1912955.87270805 -517394.43200322
-0.1829 0.0191851892891205 -0.0050077709587262 -3.46147125041836 115.004482183853 1913131.29988132 -517388.958847601
-0.18295 -0.00796182309264628 -0.011217779331213 -3.4683955577394 114.997444827215 1912921.63388939 -517388.833908059
-0.183 -0.00783685304987392 0.018111881738557 -3.47204249227874 114.990407470576 1913078.54144154 -517392.268140914
-0.18305 -0.00287866363234584 -0.0174087248392017 -3.47245502583718 114.983370113938 1912841.02630804 -517409.429074557
-0.1831 0.0134219962922829 0.00319512820729462 -3.45276963272796 114.9763327573 1913121.23147539 -517412.121299659
-0.18315 -0.0254005806962066 0.0155830649896246 -3.45210833738006 114.969295400661 1913064.14293221 -517400.421020708
-0.1832 0.0131926679057648 -0.0190541748339295 -3.46007668932656 114.962258044023 1913002.42611152 -517396.932890327
-0.18325 -0.00199913397331742 0.00926573904194267 -3.4514501047954 114.955220687384 1913170.80676617 -517392.71090732
-0.1833 -0.0175468097379863 0.00185461721519104 -3.45809857814836 114.948183330746 1912982.24495138 -517408.882805301
-0.18335 0.017808351614253 -0.000623346120440851 -3.44766679335362 114.941145974108 1913192.73523137 -517413.71211294
-0.1834 -0.0181556779447082 -0.0181985538867487 -3.46266732473039 114.934108617469 1912841.56293035 -517422.612505474
-0.18345 0.00938089700456313 0.020205120768737 -3.46368771678888 114.927071260831 1913155.0753362 -517413.803917303
-0.1835 -0.00827075563790284 -0.0203661406613532 -3.47591840644668 114.920033904193 1912759.5421641 -517425.431925686
-0.18355 0.0239360143679104 0.00927354276087617 -3.45769219515902 114.912996547554 1913306.68176159 -517421.570435298
-0.1836 -0.0319028966293596 0.000668377201318304 -3.4943131817126 114.905959190916 1912734.55382163 -517412.357080819
-0.18365 0.0278481750599593 -0.00118071093452615 -3.46868520132256 114.898921834278 1913179.76634161 -517435.245809263
-0.1837 -0.0310965344427318 0.00211531921155038 -3.48179329611213 114.891884477639 1912754.81706195 -517432.932491888
-0.18375 0.0332635459202568 -0.00120415096718419 -3.46660924795132 114.884847121001 1913198.33522949 -517430.407576952
-0.1838 -0.0268339671882547 -0.00587619004212202 -3.48948326241189 114.877809764363 1912737.53675541 -517416.13684455
-0.18385 0.013445554361417 0.0186200138758968 -3.46607599435363 114.870772407724 1913314.60628495 -517405.103508283
-0.1839 -0.00962134722401113 -0.0263150071402058 -3.5004691987403 114.863735051086 1912731.85567468 -517409.393197019
-0.18395 0.00953925867781136 0.0335438229756634 -3.47743065223747 114.856697694448 1913293.60895878 -517444.878528789
-0.184 -0.00105621579570009 -0.0326126790142801 -3.50501534813827 114.849660337809 1912631.81936843 -517446.721642537
-0.18405 0.0154916349690885 0.0195723575918841 -3.47069950634897 114.842622981171 1913202.59421499 -517443.022985398
-0.1841 -0.0195324605963794 -0.00694353279017733 -3.49232975490748 114.835585624533 1912688.39733472 -517454.988662668
-0.18415 -0.000166413211287189 0.0239134353928055 -3.47647224427623 114.828548267894 1913065.55476398 -517448.441180407
-0.1842 -0.002243378208909 -0.0372053252021148 -3.49962960726819 114.821510911256 1912581.33298186 -517436.069341845
-0.18425 0.0186933149749645 0.0277597471868541 -3.48055077232592 114.814473554618 1913087.39210935 -517463.149020135
-0.1843 -0.033582441365206 -0.00559641473495403 -3.49998967219431 114.807436197979 1912510.94573274 -517454.824632975
-0.18435 0.0407234537331261 0.0022680816488987 -3.46669054731941 114.800398841341 1913175.84586563 -517475.02744359
-0.1844 -0.0229047158732605 -0.0153599328051607 -3.49648311406872 114.793361484703 1912391.40145291 -517485.086335103
-0.18445 -0.00213912227430944 0.038322372165009 -3.46760788607795 114.786324128064 1913017.44339718 -517478.006759886
-0.1845 -0.00392842522803365 -0.0371195014665448 -3.49970380933114 114.779286771426 1912373.09035041 -517471.184239059
-0.18455 0.0251894483500914 0.0137142772538466 -3.47651210819061 114.772249414787 1913153.17615331 -517444.369480575
-0.1846 -0.0394029238093042 0.000287598979337963 -3.50327402906219 114.765212058149 1912433.00261035 -517463.094319746
-0.18465 0.0336325031754328 0.00828945586741333 -3.47321414795633 114.758174701511 1913086.19186901 -517477.207074029
-0.1847 -0.00985896980903468 -0.026961960430258 -3.51016954181811 114.751137344872 1912330.5754785 -517493.091741839
-0.18475 -0.00106310953002323 0.0369521779852802 -3.47574127444412 114.744099988234 1912944.177786 -517498.006079938
-0.1848 -0.00876396900701323 -0.0232129940288901 -3.49223448109997 114.737062631596 1912415.15505179 -517503.740065057
-0.18485 0.031039193538018 -0.0018634192521135 -3.47327949478687 114.730025274957 1912924.79206063 -517507.178152047
-0.1849 -0.0219536643985982 -0.0135447744463973 -3.50664398169807 114.722987918319 1912308.34811813 -517516.887637802
-0.18495 0.000889862676765695 0.0280589875055198 -3.47721044991212 114.715950561681 1912873.48806647 -517523.29599938
-0.185 0.0118762375455004 -0.0343818526498002 -3.50084585280742 114.708913205042 1912360.43783925 -517524.640483701
-0.18505 0.014608090475999 0.0233338175583764 -3.48135804540268 114.701875848404 1912909.24552482 -517501.934581036
-0.1851 -0.0285916297500526 -0.00329244342481926 -3.51287653206685 114.694838491766 1912310.60419673 -517503.719754836
-0.18515 0.0218662540575721 0.00203107891605944 -3.48902507204818 114.687801135127 1912811.87828164 -517511.339525933
-0.1852 -0.00791009649410895 -0.0208837113706364 -3.51085333085392 114.680763778489 1912296.83403041 -517527.401607531
-0.18525 0.00157631632302422 0.0218921380744011 -3.48884725017769 114.673726421851 1912707.28542982 -517531.835736731
-0.1853 -0.011886545121899 -0.0127948549032054 -3.51000683814418 114.666689065212 1912380.88224745 -517533.24556216
-0.18535 0.0276336296468445 -0.00651765352101415 -3.49596359601581 114.659651708574 1912739.38686821 -517520.021942597
-0.1854 -0.0267311400634693 -0.00200645324098596 -3.50581748246009 114.652614351936 1912377.39775653 -517529.843828718
-0.18545 0.0113794727039212 0.0237120931916868 -3.47701322999986 114.645576995297 1912871.62862372 -517538.569752903
-0.1855 -0.00938858084379064 -0.0278904716802444 -3.50534144240792 114.638539638659 1912239.23580626 -517539.761802906
-0.18555 0.00982042117436726 0.0184885365556643 -3.48461545821385 114.631502282021 1912758.39838003 -517565.848085679
-0.1856 -0.0126979982794409 0.00168788953449739 -3.48647327810354 114.624464925382 1912395.31006673 -517563.479440388
-0.18565 0.0106190466909336 -0.00341465054394783 -3.48017020432264 114.617427568744 1912597.42299114 -517567.78634166
-0.1857 -0.00105131746415661 -0.00198332554656293 -3.47891072599944 114.610390212106 1912517.95829052 -517580.423764541
-0.18575 0.000957963276364915 0.00402259252579109 -3.47177562530837 114.603352855467 1912569.36675178 -517596.670374492
-0.1858 -0.00132015673858652 0.00871671772914851 -3.45436297994817 114.596315498829 1912731.66508233 -517573.845449367
-0.18585 0.00137075186160494 -0.0102404037748165 -3.46827488179065 114.58927814219 1912549.47554605 -517571.80735089
-0.1859 0.0081352830565507 -0.00277501941612249 -3.45565587619344 114.582240785552 1912738.84952587 -517570.755844195
-0.18595 -0.00519328670735969 0.00433633837066193 -3.47347580538634 114.575203428914 1912547.22307668 -517579.042531889
-0.186 -0.00208334984722675 0.00630712595477748 -3.46653583964513 114.568166072275 1912555.3959364 -517608.392381034
-0.18605 0.0154064483944993 -0.0158273073357153 -3.4686868125373 114.561128715637 1912562.18237354 -517605.890343354
-0.1861 -0.0151658390452453 0.0153181012277068 -3.47987655663721 114.554091358999 1912503.79745913 -517594.740778059
-0.18615 -0.00796205091164822 0.00803694378372058 -3.48424279179507 114.54705400236 1912509.45399916 -517589.550001088
-0.1862 0.0258656517572253 -0.0177958962202345 -3.48815276779772 114.540016645722 1912604.71074982 -517584.602942996
-0.18625 -0.00846361961906199 -0.000436868611401128 -3.49421419450784 114.532979289084 1912445.23417741 -517584.258795002
-0.1863 -0.000155884299513362 0.0147129676882072 -3.47424578816678 114.525941932445 1912529.83421655 -517609.409990985
-0.18635 0.00457586208580476 0.000367061886673796 -3.49140705406232 114.518904575807 1912377.7732582 -517626.27726135
-0.1864 -0.00431520037569209 -0.00293708278061918 -3.49338499052615 114.511867219169 1912365.39556277 -517616.540443153
-0.18645 0.00298890043246201 0.00804791920057689 -3.48236176272338 114.50482986253 1912465.65162987 -517622.146433305
-0.1865 0.00100393889729062 -0.0154003272711896 -3.49425573819233 114.497792505892 1912235.70684078 -517630.299067343
-0.18655 -0.0116869507078329 0.017720623124388 -3.4855737844388 114.490755149254 1912393.6549003 -517638.571166916
-0.1866 0.0115435039744988 -0.00513072144954883 -3.48641803588382 114.483717792615 1912423.01947896 -517624.335836662
-0.18665 -0.00347359917336434 -0.0116711815324922 -3.49139323908384 114.476680435977 1912345.83301455 -517611.478665095
-0.1867 -0.0021108144682226 0.0207276677166365 -3.48235824028591 114.469643079339 1912592.30529745 -517609.517302667
-0.18675 -0.008320529655681 -0.0129359223259568 -3.49719722827819 114.4626057227 1912186.52526346 -517632.426426103
-0.1868 0.0190853604324082 0.02110856083498 -3.48225836319909 114.455568366062 1912659.147654 -517630.483985729
-0.18685 -0.0135766407456039 -0.0248214450628884 -3.49756546623862 114.448531009424 1912094.9458248 -517633.993921278
-0.1869 0.0102575775699136 0.0302555584259324 -3.47357278377748 114.441493652785 1912678.46634316 -517638.015913408
-0.18695 -0.00183502390962416 -0.0442642117846147 -3.5062802069018 114.434456296147 1911987.99370272 -517635.865672302
-0.187 0.0161269159467697 0.0422724834314835 -3.48556908363732 114.427418939509 1912742.78207697 -517633.514755676
-0.18705 -0.0327086841340294 -0.0324060119486084 -3.52242734462297 114.42038158287 1911714.8746593 -517657.918697256
-0.1871 0.041670417479046 0.0333815242605934 -3.4783022237338 114.413344226232 1912863.22666749 -517662.81114287
-0.18715 -0.047247859932336 -0.0280252874460563 -3.5332843342204 114.406306869594 1911764.3061539 -517641.094832821
-0.1872 0.0447642932487662 0.0284742613831047 -3.47756840140507 114.399269512955 1912957.86477197 -517633.081345735
-0.18725 -0.028649124479083 -0.0293460585379355 -3.52776548043584 114.392232156317 1911848.90220171 -517651.769905505
-0.1873 0.0343954912495958 0.0359040425404142 -3.48328133026648 114.385194799678 1912795.41458096 -517650.312485655
-0.18735 -0.0397549156667864 -0.0270682514341892 -3.53226765086217 114.37815744304 1911702.51162592 -517662.94220788
-0.1874 0.0293506862246053 0.0205277095194296 -3.51281912093914 114.371120086402 1912404.90251454 -517669.581013578
-0.18745 -0.0247049332127582 -0.0277792632340617 -3.53454930675135 114.364082729763 1911686.76726579 -517665.696627568
-0.1875 0.0220914038231447 0.0249936454148469 -3.50860251832568 114.357045373125 1912387.29646365 -517687.187289452
-0.18755 -0.0285239143872433 -0.0251027291454454 -3.543398858698 114.350008016487 1911530.11787974 -517689.801942857
-0.1876 0.0286101696030915 0.0255714545035376 -3.50863714941294 114.342970659848 1912426.67224384 -517691.295733181
-0.18765 -0.0254343608125158 -0.0386566068756142 -3.55015665319384 114.33593330321 1911492.45419546 -517687.68361123
-0.1877 0.0357669263912831 0.0352883690978849 -3.51224297562255 114.328895946572 1912551.56890953 -517689.27677759
-0.18775 -0.0325680458613571 -0.0265140093277774 -3.56085950724921 114.321858589933 1911496.91536146 -517685.833535957
-0.1878 0.0306266032891016 0.0167849167291232 -3.52407534137433 114.314821233295 1912280.99493251 -517699.028446522
-0.18785 -0.0281474063013306 -0.0234372257358216 -3.55322108775736 114.307783876657 1911486.57274051 -517707.670691814
-0.1879 0.0158936689835442 0.0446005045941426 -3.52468346052583 114.300746520018 1912386.63000415 -517687.403937837
-0.18795 -0.0162305939510558 -0.0378698289742828 -3.57821296029425 114.29370916338 1911401.87605862 -517685.627937098
-0.188 0.0259682183707567 0.027291690404719 -3.53295531657897 114.286671806742 1912295.00402627 -517698.341333591
-0.18805 -0.0258611051111713 -0.0205033767205722 -3.57997853740233 114.279634450103 1911421.45413243 -517683.564651789
-0.1881 0.0177932975200902 0.0205666935381525 -3.54154930881931 114.272597093465 1912105.66901147 -517723.689652903
-0.18815 -0.0191396773373936 -0.0142320656798582 -3.59041382584892 114.265559736827 1911444.72713856 -517694.439749897
-0.1882 0.0167842511255464 0.00844593552658265 -3.56749812264874 114.258522380188 1912019.7252274 -517687.413610998
-0.18825 -0.0140617345823453 -0.00384545310912254 -3.57871639538914 114.25148502355 1911678.5252004 -517684.926847693
-0.1883 0.00498009651547614 0.0134493487150019 -3.57872648601607 114.244447666912 1911944.46681408 -517682.028277669
-0.18835 -0.00450314584786336 -0.0185961892879352 -3.59721185516104 114.237410310273 1911572.72718921 -517680.223133644
-0.1884 0.00639090936210306 0.0117143827489215 -3.56739825819512 114.230372953635 1911919.76675735 -517705.85941518
-0.18845 -0.0200627747216896 -0.0107315741132993 -3.59760588876798 114.223335596996 1911491.20832879 -517686.64162227
-0.1885 0.018063876575685 0.0172300905301642 -3.57357542688052 114.216298240358 1912026.52817284 -517687.460041636
-0.18855 -0.0129216261910749 -0.0200936579115459 -3.60615089763724 114.20926088372 1911504.80962745 -517690.212746925
-0.1886 -0.00366981403443384 0.0351897472109292 -3.58600245133612 114.202223527081 1911993.50638439 -517689.106794431
-0.18865 -0.000559514323154882 -0.0230121200106558 -3.61591649283942 114.195186170443 1911471.52186851 -517700.48828432
-0.1887 0.0230000957150336 0.00698798411544761 -3.59057079378449 114.188148813805 1911830.60614255 -517724.954183821
-0.18875 -0.0225097215802347 -0.00356407579243925 -3.62261751962231 114.181111457166 1911373.83574796 -517697.709971218
-0.1888 0.00939189697914243 0.00362977921210757 -3.60150824350378 114.174074100528 1911702.00995967 -517697.586643556
-0.18885 0.00570750784230099 -0.0137606700260464 -3.61910423427731 114.16703674389 1911557.34132837 -517689.139171059
-0.1889 -0.00884313416304696 0.0150391368684214 -3.6156755195934 114.159999387251 1911665.48340663 -517693.268793574
-0.18895 0.00274313015747062 -0.00501454025452875 -3.63063320573327 114.152962030613 1911398.86662381 -517705.418423369
-0.189 0.00969806754510845 -0.0134502964709766 -3.63852465234858 114.145924673975 1911394.77756251 -517703.72757321
-0.18905 -0.0107381045648198 0.00685884497399606 -3.63482859659657 114.138887317336 1911408.07792848 -517696.152041482
-0.1891 0.00768869041920047 -3.52277014430263e-05 -3.64681269086983 114.131849960698 1911456.90257999 -517694.141978474
-0.18915 -0.0104826744346574 -0.000500569650724376 -3.65705448660542 114.12481260406 1911271.03316672 -517688.683780821
-0.1892 0.0207644722951106 0.00182262364302959 -3.65007721685786 114.117775247421 1911506.289672 -517697.489915169
-0.18925 -0.0193701262736201 -0.00652295189491323 -3.66008305716119 114.110737890783 1911195.91463069 -517704.181865914
-0.1893 0.0123127714185122 0.0177589721694997 -3.64905796093108 114.103700534145 1911489.38368126 -517719.483394691
-0.18935 -0.00753925670657458 -0.017463382465507 -3.66926058410584 114.096663177506 1911135.21792852 -517709.747209501
-0.1894 0.00819634416178294 0.0114355283467629 -3.66108585894324 114.089625820868 1911409.51619486 -517711.712032332
-0.18945 -0.0024300677464319 0.000274811060709841 -3.67323719577116 114.08258846423 1911222.68917598 -517699.996781771
-0.1895 0.00956071872117271 -0.00388124986435443 -3.67081024405036 114.075551107591 1911338.52849259 -517701.609881879
-0.18955 -0.00188240451508971 0.00160722161458166 -3.67747714999874 114.068513750953 1911210.24917393 -517697.822696597
-0.1896 -0.00999644324137409 0.0113610407315237 -3.67428322299192 114.061476394315 1911228.07972232 -517708.914069908
-0.18965 0.0104263813002934 -0.0128155164636903 -3.68361596448515 114.054439037676 1911152.93224378 -517714.474651038
-0.1897 -0.00549011097713194 0.00985194221323956 -3.67690507349071 114.047401681038 1911217.75472642 -517722.86357204
-0.18975 -0.00902534511095336 -0.00244076619466244 -3.69244847321293 114.0403643244 1911041.56458869 -517709.165635076
-0.1898 0.0128403205746239 0.00397897824093536 -3.67749361603232 114.033326967761 1911286.45237775 -517729.881419202
-0.18985 -0.00792688178051097 -0.0195975637896261 -3.70524827516715 114.026289611123 1910871.44290492 -517719.271603793
-0.1899 0.00393522743921157 0.025292616127379 -3.68230075903475 114.019252254484 1911338.43297761 -517714.398283061
-0.18995 -0.0178685749776756 -0.0230179799570775 -3.71440516505191 114.012214897846 1910795.26066452 -517720.130916253
-0.19 0.0245539097284066 0.0339171758274626 -3.68143291696923 114.005177541208 1911561.34139431 -517717.646136329
-0.19005 -0.0172715983331809 -0.035143449402989 -3.72119459795911 113.998140184569 1910582.85955389 -517735.366938633
-0.1901 0.0319840616863342 0.0366973543675876 -3.68857625925568 113.991102827931 1911500.232958 -517742.506543536
-0.19015 -0.0453238194183134 -0.0299721944891473 -3.75235751673961 113.984065471293 1910342.51525021 -517729.249687307
-0.1902 0.0303650876373664 0.0449149602771444 -3.68723135240921 113.977028114654 1911575.7717162 -517732.898169869
-0.19025 -0.00747233130540205 -0.0594755246133207 -3.73357899419427 113.969990758016 1910453.52852934 -517744.925093469
-0.1903 0.00527830719153679 0.0572009834419909 -3.68835532832948 113.962953401378 1911503.19714033 -517731.9557758
-0.19035 -0.0146660919724199 -0.046977019737758 -3.73659707304599 113.955916044739 1910451.46813269 -517744.758419905
-0.1904 0.0276935063476378 0.0254693978704068 -3.71261262017591 113.948878688101 1911367.87641486 -517736.506272603
-0.19045 -0.0251122167422464 -0.0174620065325282 -3.73862064989756 113.941841331463 1910620.84960063 -517732.399659789
-0.1905 0.0208363553120354 0.0163427854538122 -3.70696924062573 113.934803974824 1911365.05154438 -517718.78404984
-0.19055 -0.0156038280930486 -0.025472864009343 -3.74446312508951 113.927766618186 1910606.95154948 -517735.057245956
-0.1906 0.00308299794735702 0.0351950617009411 -3.70782492072744 113.920729261548 1911269.7149003 -517741.475236286
-0.19065 -0.0213984907491112 -0.017429097169758 -3.73285917356771 113.913691904909 1910648.69622638 -517743.664801547
-0.1907 0.0440889599480283 0.00355027794664166 -3.70426995858247 113.906654548271 1911285.14299918 -517761.380316805
-0.19075 -0.0364172414833782 -0.00687195800108887 -3.73755213739266 113.899617191633 1910631.90294252 -517749.296638527
-0.1908 0.0243950289554442 0.00957238811245036 -3.70530486112443 113.892579834994 1911235.6694863 -517779.420491388
-0.19085 -0.0197222797704932 -0.0185277683156968 -3.7356075673018 113.885542478356 1910600.74909251 -517771.613756515
-0.1909 0.0190678909224814 0.00951598022583821 -3.71748911341748 113.878505121718 1911169.49228496 -517751.064792169
-0.19095 -0.0372723939052943 -0.00209640937474229 -3.74511595486872 113.871467765079 1910604.23247996 -517744.171308004
-0.191 0.0297288221486573 0.0121374140969187 -3.7116758877614 113.864430408441 1911293.16158483 -517755.545167798
-0.19105 -0.0132883231512788 -0.0297922359504649 -3.73509529868562 113.857393051803 1910629.11043004 -517765.424482328
-0.1911 0.0116033002023706 0.0172582184984875 -3.72344460027811 113.850355695164 1911141.05684097 -517764.426830005
-0.19115 -0.0223807827015491 -0.00992394591458488 -3.74007220015588 113.843318338526 1910609.05360337 -517773.53689715
-0.1912 0.0176376937638278 0.00981969457988436 -3.72067530803575 113.836280981887 1911092.62876094 -517767.335943466
-0.19125 -0.00461668560196002 -0.0230051072199044 -3.74364875494978 113.829243625249 1910661.79435072 -517766.680903407
-0.1913 -0.00654853698886995 0.0304679797671429 -3.73584954824469 113.822206268611 1911065.26188689 -517764.924616239
-0.19135 0.00316109143015232 -0.0270609970491434 -3.7582261797403 113.815168911972 1910555.14298782 -517790.959449168
-0.1914 0.0209887983969403 0.0130623956255523 -3.73826956682331 113.808131555334 1910994.80721298 -517777.669638222
-0.19145 -0.0418710848580139 -0.0126926079756052 -3.76771404900155 113.801094198696 1910293.19281936 -517788.787303232
-0.1915 0.0282436771387661 0.0250211786356014 -3.73418185704294 113.794056842057 1911214.5006171 -517784.110173613
-0.19155 -0.00549411316524649 -0.0433376759827616 -3.76714141630608 113.787019485419 1910382.20333021 -517789.213913132
-0.1916 0.00247291897072624 0.0538415159263286 -3.73088977435791 113.779982128781 1911228.45225456 -517768.675276067
-0.19165 -0.018487189895574 -0.0387104046696552 -3.77414419273297 113.772944772142 1910342.38280467 -517781.050743369
-0.1917 0.0308369834888728 0.0126059145858016 -3.7461144951521 113.765907415504 1911060.11779909 -517788.502778465
-0.19175 -0.0269505480070672 -0.00213663067095714 -3.78631856628387 113.758870058866 1910329.27078111 -517810.03006152
-0.1918 0.000510064733861874 0.0138264239011929 -3.76976080342703 113.751832702227 1910796.28865023 -517779.567536769
-0.19185 0.00568660557139688 -0.0191702536809015 -3.79577369889645 113.744795345589 1910420.18821114 -517780.65480772
-0.1919 0.00121783040187911 0.020151187098494 -3.78069163425774 113.737757988951 1910804.15157047 -517780.624953597
-0.19195 -0.00743053404675282 0.010738034403428 -3.78741357655104 113.730720632312 1910695.51754119 -517769.114343055
-0.192 0.0187078401316602 -0.0269980347602235 -3.79991283569386 113.723683275674 1910585.50318988 -517760.109007743
-0.19205 -0.0108896361269421 0.0209692536800336 -3.79042537434513 113.716645919036 1910662.39839814 -517774.394097479
-0.1921 -0.00156523937619904 -0.00260448338690404 -3.79968695406035 113.709608562397 1910499.84410171 -517790.382052009
-0.19215 0.0114599237268396 -0.00772616104961439 -3.79792615153418 113.702571205759 1910598.55278895 -517788.717289436
-0.1922 -0.00531966873188826 0.0069538302800665 -3.80709541041073 113.695533849121 1910475.30900221 -517791.882454543
-0.19225 -0.00500332802474256 -0.000445698062246517 -3.81101555276338 113.688496492482 1910403.69611975 -517801.519388497
-0.1923 0.00630823849588732 0.00723702014950954 -3.8085308292273 113.681459135844 1910621.28517798 -517773.423758325
-0.19235 -0.00603587108433493 -0.00961468680888942 -3.82209844715554 113.674421779206 1910400.75755993 -517771.549773524
-0.1924 0.00657174339098633 0.0114880081583464 -3.81241396657496 113.667384422567 1910716.75089575 -517777.992058028
-0.19245 -0.011881187391742 -0.00532332093861796 -3.83667805090485 113.660347065929 1910300.75971147 -517769.77103572
-0.1925 0.0263133747814271 -0.011781117386559 -3.8249684542791 113.65330970929 1910534.81888801 -517788.449404995
-0.19255 -0.0174378360736362 0.0192190162587255 -3.83536408375794 113.646272352652 1910400.54656378 -517789.192475
-0.1926 -0.015996137413657 0.00841015612977814 -3.83441475984218 113.639234996014 1910352.94672859 -517789.249282149
-0.19265 0.0268567169416688 -0.0232519747819794 -3.85017933146788 113.632197639375 1910225.78598823 -517807.69641708
-0.1927 -0.00962055066860875 0.00741098229576649 -3.85481730008029 113.625160282737 1910208.74152548 -517793.276199741
-0.19275 -0.0169424058087985 0.0176665429336535 -3.8578484662529 113.618122926099 1910247.49881157 -517787.751953482
-0.1928 0.0199347195676505 -0.0158521230332874 -3.87329864207286 113.61108556946 1910206.4288682 -517793.647650505
-0.19285 0.00120990746207314 -0.00909485704689836 -3.88097407730046 113.604048212822 1910144.89625003 -517778.714306038
-0.1929 -0.0144760061113907 0.0196426270263611 -3.88614461208086 113.597010856184 1910136.46043618 -517791.270857012
-0.19295 0.0133937907177538 -0.0173455588963045 -3.89019143262415 113.589973499545 1910029.98166438 -517797.076034948
-0.193 0.00634976080958077 0.00770121575070255 -3.88518094215741 113.582936142907 1910122.20045328 -517793.985304079
-0.19305 -0.0090110195341535 0.00379632139786158 -3.89518563395658 113.575898786269 1909984.6176561 -517792.112248484
-0.1931 0.00618147488305413 0.00463311091972908 -3.89647373955265 113.56886142963 1910117.02427673 -517773.292167029
-0.19315 -0.000688923609962279 -0.0113513757336183 -3.91104293438147 113.561824072992 1909916.52422496 -517770.393541507
-0.1932 -0.00564553679737244 0.0146194761423491 -3.90977230346833 113.554786716354 1910032.81107067 -517781.54008202
-0.19325 0.00481783511280787 -0.0117107907069839 -3.91411735454481 113.547749359715 1909917.33128958 -517790.571818287
-0.1933 0.0088726837425843 0.000686098743911039 -3.92055284403427 113.540712003077 1909841.48663307 -517809.878279553
-0.19335 -0.0209924495368425 0.0160521283853085 -3.93167665514559 113.533674646439 1909744.68328239 -517786.991069666
-0.1934 0.0118183775908328 -0.0230167890109876 -3.93231553925859 113.5266372898 1909831.11302081 -517778.087588102
-0.19345 0.00702712642100527 0.0101809662236242 -3.93970480893541 113.519599933162 1909931.33453726 -517770.307461907
-0.1935 -0.0263742168141773 0.00423584947236579 -3.95004996734742 113.512562576524 1909634.80077433 -517781.220492198
-0.19355 0.0296082326954606 0.00902113624193052 -3.93962459165221 113.505525219885 1910040.5400088 -517785.712081849
-0.1936 -0.0156562240333809 -0.0320662191555709 -3.97233408841269 113.498487863247 1909322.56102017 -517788.213940735
-0.19365 0.0108171925586314 0.0339400335555006 -3.94955774719411 113.491450506609 1910059.19761173 -517776.159231125
-0.1937 -0.0227241340788546 -0.023269318457054 -3.97252986632866 113.48441314997 1909387.12730021 -517785.01417457
-0.19375 0.0243769311970151 0.0203246003776623 -3.95503483710587 113.477375793332 1910012.99233359 -517786.303516177
-0.1938 -0.0205754281762678 -0.0165410908856062 -3.98645169028379 113.470338436693 1909211.61110909 -517808.804395147
-0.19385 0.0211365230778956 0.0209240826136215 -3.96438900029818 113.463301080055 1909904.69313226 -517797.310440906
-0.1939 -0.0301220277359133 -0.00869880407877574 -3.99887011742156 113.456263723417 1909233.95242815 -517809.249401736
-0.19395 0.0255596355134902 0.00920176138336578 -3.98366505636043 113.449226366778 1909791.00442179 -517783.150890077
-0.194 -0.0107857279460244 -0.0160150923462655 -4.00805301340325 113.44218901014 1909329.63431449 -517774.433080209
-0.19405 0.0020768701411798 0.019122992158288 -3.99604842557259 113.435151653502 1909637.70270683 -517780.011896215
-0.1941 -0.0193827626151839 0.0092269692452857 -4.01312266440398 113.428114296863 1909360.00756921 -517776.966910016
-0.19415 0.0089249487142318 -0.00405985603047462 -4.01068073131581 113.421076940225 1909435.87751017 -517784.920455022
-0.1942 0.00918857091265119 -0.0138892394816001 -4.01676727114065 113.414039583587 1909355.43655325 -517786.346200171
-0.19425 -0.00554582480525642 0.00983249314953009 -4.02787825413942 113.407002226948 1909413.09104848 -517773.965850256
-0.1943 -0.00782730279076572 0.009421662801819 -4.02826851944017 113.39996487031 1909431.22603548 -517771.968745645
-0.19435 0.0135900449465093 -0.0196677885862453 -4.03456926079365 113.392927513672 1909297.70969564 -517779.111824951
-0.1944 -0.00940930719177016 0.0109457904636804 -4.03260162042098 113.385890157033 1909345.29701603 -517768.048060338
-0.19445 -0.0171009887064758 0.0119448046538146 -4.04226600727945 113.378852800395 1909220.53950063 -517786.642174338
-0.1945 0.0337768796639351 -0.0243020942438833 -4.04142617540581 113.371815443757 1909337.53840439 -517796.137074408
-0.19455 -0.00366855149726869 0.00728787748824681 -4.05300143472944 113.364778087118 1909152.90680781 -517789.305140144
-0.1946 -0.0264041514297478 0.0260703077815707 -4.05294280589316 113.35774073048 1909238.20807458 -517777.335704856
-0.19465 0.0167439595769982 -0.0194142666240499 -4.06934232058051 113.350703373842 1909188.58280828 -517761.76280802
-0.1947 0.0128240507627441 -0.0138198621330959 -4.06034304030143 113.343666017203 1909264.93975412 -517778.434590642
-0.19475 -0.0232756019035353 0.0213983445989698 -4.07003249280101 113.336628660565 1909156.2945359 -517782.1192208
-0.1948 0.0027264307249604 -0.00954130432059685 -4.07362523991753 113.329591303927 1909119.49491056 -517775.827196778
-0.19485 0.0170139319972188 -0.0250103515481464 -4.08281345049702 113.322553947288 1909058.79896853 -517767.521816663
-0.1949 -0.0231021654815407 0.0114645045157456 -4.08511962632715 113.31551659065 1909000.09279471 -517777.027550144
-0.19495 0.00468037338318259 0.00639394283778749 -4.09933216109406 113.308479234012 1909106.11957809 -517758.266039871
-0.195 0.0202106073849849 -0.0187688300957419 -4.10921993395821 113.301441877373 1909031.83646176 -517743.326154765
-0.19505 -0.0144120568312971 0.0103156326875144 -4.10825085687264 113.294404520735 1909008.41008353 -517761.460491561
-0.1951 -0.0189683914148339 0.0130276023088775 -4.12099967192963 113.287367164096 1908859.45709809 -517758.453198323
-0.19515 0.0280545057882063 -0.0112643229015206 -4.12014182201512 113.280329807458 1909016.1935586 -517771.289976878
-0.1952 -0.00472929116069638 -0.0158452533599697 -4.12244696031356 113.27329245082 1908776.80344278 -517783.137505029
-0.19525 -0.0104278577825594 0.0321408801874935 -4.11591302802461 113.266255094181 1909024.88049465 -517775.336486093
-0.1953 -0.000526304375449296 -0.0234214108732388 -4.14347200075272 113.259217737543 1908609.31754977 -517785.453295637
-0.19535 0.0188725505486726 0.00406762514082352 -4.13326490859187 113.252180380905 1908989.22455983 -517774.399675514
-0.1954 -0.0228700897365302 0.00272657457295647 -4.15367614049609 113.245143024266 1908627.82172527 -517758.381512944
-0.19545 0.0155672468867358 0.00108571842812576 -4.13745451565345 113.238105667628 1908934.76055509 -517764.988494627
-0.1955 0.0012168742596273 -0.0152259783842499 -4.16096150648707 113.23106831099 1908593.61400256 -517780.780298498
-0.19555 -0.00270371314142316 0.0172410616177395 -4.15897828353803 113.224030954351 1908709.50976572 -517789.138082763
-0.1956 -0.0161177435492215 -0.00315166782977393 -4.1783181890568 113.216993597713 1908448.21226788 -517768.622918523
-0.19565 0.0254802653529508 -0.0184323369367778 -4.17163485517609 113.209956241075 1908660.66912412 -517759.878527748
-0.1957 -0.0239779745806977 0.0136739080049719 -4.18125321977596 113.202918884436 1908525.22671873 -517746.028066139
-0.19575 0.00581386017323151 -0.0128276600839004 -4.19338146001137 113.195881527798 1908508.30506147 -517748.388471902
-0.1958 0.00865328898331054 0.00566601415916212 -4.18938798973473 113.18884417116 1908580.74141612 -517750.429807784
-0.19585 -0.0163734726072709 0.00905589458190897 -4.20434137415831 113.181806814521 1908386.5870984 -517767.01709977
-0.1959 -0.00440585602772422 -0.00220704829340954 -4.21875256751446 113.174769457883 1908309.62794177 -517762.172589325
-0.19595 0.0195519644137055 -0.012601559754561 -4.2074955906464 113.167732101245 1908482.00282025 -517771.565507398
-0.196 -0.00698300574726619 -0.00348055814734578 -4.22426643698022 113.160694744606 1908345.22356265 -517744.010521388
-0.19605 -0.00303021694480576 0.0152512105072397 -4.22224211662936 113.153657387968 1908548.72640432 -517747.155898603
-0.1961 0.0011689236942781 -0.0152788564934731 -4.24247401843484 113.14662003133 1908208.31183828 -517749.974245675
-0.19615 0.00392525861222973 0.00205401143727464 -4.23112966301586 113.139582674691 1908368.40938731 -517768.754359073
-0.1962 -0.0058120914924425 -0.00896641891958654 -4.24518103908939 113.132545318053 1908099.26650481 -517770.62892767
-0.19625 0.00896083277023729 0.0102503306693602 -4.23969004753923 113.125507961414 1908423.97860979 -517757.845012675
-0.1963 -0.0160223670228247 -0.0155731279592097 -4.26736513304035 113.118470604776 1908023.6348506 -517752.644855705
-0.19635 0.0151711602360799 0.00882766128625771 -4.2602421948827 113.111433248138 1908401.94516001 -517741.623402425
-0.1964 -0.00768518398700704 -0.0105078418523605 -4.27486713070621 113.104395891499 1907993.29061094 -517764.776145259
-0.19645 0.00750027555700882 0.00429424212516389 -4.27132200379434 113.097358534861 1908221.71667109 -517766.700978197
-0.1965 -0.00929449507313361 0.0137122442835323 -4.27648382816351 113.090321178223 1908145.18324144 -517757.578119892
-0.19655 -0.00814574506001897 0.00371218066302785 -4.29326578847396 113.083283821584 1907971.8178249 -517757.927675155
-0.1966 0.00717755294542584 -0.0167892001723815 -4.30746816681886 113.076246464946 1907892.54750884 -517747.217837829
-0.19665 0.00986597120918402 -0.00551541688433517 -4.3093976935126 113.069209108308 1907949.85099263 -517735.651147211
-0.1967 -0.00704599760986686 0.00970149462925651 -4.31340414513003 113.062171751669 1907914.63747611 -517741.313888251
-0.19675 -0.000370121772927214 -0.00146301094950644 -4.31796565070259 113.055134395031 1907848.88758117 -517752.497103054
-0.1968 0.00133690595308529 -0.00351716134615239 -4.31093080093214 113.048097038393 1907896.93512097 -517753.816574116
-0.19685 0.0083113693603137 -0.00780939023478793 -4.32774505342873 113.041059681754 1907775.92787127 -517758.579224369
-0.1969 -0.0138627097840343 0.0100301006077185 -4.33435868430909 113.034022325116 1907764.10247552 -517738.163605768
-0.19695 0.00113418606037955 0.00116490462530964 -4.32323512925994 113.026984968478 1907955.41012449 -517735.205203516
-0.197 0.0123813477611177 -0.0107553940260901 -4.32663912398189 113.019947611839 1907947.87430984 -517719.581989802
-0.19705 -0.0126775636508758 0.0150803609771656 -4.33331329727674 113.012910255201 1907873.90534734 -517730.370077145
-0.1971 -0.00619063087156556 0.00117320242856168 -4.3334570888477 113.005872898563 1907808.39834367 -517729.915921718
-0.19715 0.00643209384004483 -0.0126417192504909 -4.34379210105337 112.998835541924 1907772.61730011 -517736.480759899
-0.1972 0.00407494962858737 -0.00335622209342557 -4.34501522948895 112.991798185286 1907796.56805454 -517729.542242577
-0.19725 -0.0235348558528904 0.0140670925295622 -4.35015635367076 112.984760828648 1907774.80319279 -517727.389318863
-0.1973 0.023321963976704 -0.013013122003977 -4.34841045231719 112.977723472009 1907873.01740806 -517739.563047461
-0.19735 -0.00538690997002119 -0.000352116049236351 -4.35849165811974 112.970686115371 1907691.87524332 -517728.410337325
-0.1974 -0.00370407504166874 0.00501431631795331 -4.35761750891167 112.963648758733 1907751.92077939 -517723.49379626
-0.19745 0.00786255618632 -0.00365946761696167 -4.36848416752276 112.956611402094 1907768.32552098 -517719.294987956
-0.1975 0.000329987950129075 0.00483611182416257 -4.37038544530595 112.949574045456 1907670.38817127 -517731.339033458
-0.19755 -0.0141263955722585 0.0105701840804049 -4.3761275659041 112.942536688817 1907622.49090158 -517724.386432422
-0.1976 0.0216511707637633 -0.0209001874570533 -4.37740901272166 112.935499332179 1907598.24094126 -517741.304530892
-0.19765 -0.00944964635029887 0.0171602756393525 -4.38489551545122 112.928461975541 1907654.46339463 -517723.583493771
-0.1977 -0.0179951833192856 0.00616361967439694 -4.3982438626137 112.921424618902 1907504.83341716 -517710.089942709
-0.19775 0.0183201677447914 -0.00533824906170676 -4.38913195593518 112.914387262264 1907732.39260426 -517704.707225456
-0.1978 0.00665158102359182 -0.0127403983702828 -4.39877124379477 112.907349905626 1907524.06694888 -517721.657193505
-0.19785 -0.019609737956899 0.0234766506646528 -4.40754389603014 112.900312548987 1907458.9086711 -517735.611111615
-0.1979 0.00870638866500453 -0.00153966111129357 -4.4190697927515 112.893275192349 1907442.82705951 -517736.209391048
-0.19795 0.0135384671716191 -0.0108635342391913 -4.42384314393292 112.886237835711 1907429.26309668 -517720.523300989
-0.198 -0.0237952942688639 0.0223464208810762 -4.43057320621342 112.879200479072 1907398.23484659 -517726.949590477
-0.19805 0.0104026070116528 -0.00223256446928047 -4.42540694252864 112.872163122434 1907555.8652047 -517705.661614896
-0.1981 0.00574788687762661 -0.0132328195480799 -4.4379086602101 112.865125765796 1907343.69203475 -517712.251377379
-0.19815 0.00884341095246009 0.00863974641900928 -4.43445126092992 112.858088409157 1907470.74596677 -517708.911343254
-0.1982 -0.0199324248725988 0.0118937384602398 -4.45249542247754 112.851051052519 1907256.04951313 -517719.00478804
-0.19825 0.0303817314276718 -0.0188782016787437 -4.44538856420185 112.844013695881 1907429.23203923 -517713.888790568
-0.1983 -0.0223368099543424 0.00327053418874481 -4.45617640444287 112.836976339242 1907153.29031515 -517710.4094808
-0.19835 0.00267620667763692 0.0150996655848463 -4.44679381371848 112.829938982604 1907361.96147365 -517727.921852606
-0.1984 0.00536373427885656 -0.0225331846555422 -4.47608008307819 112.822901625966 1907033.1645629 -517714.699765782
-0.19845 -0.000681681122363563 0.00997135626736968 -4.46101603345413 112.815864269327 1907321.95348939 -517710.993636949
-0.1985 -0.0140051716182257 0.014960662391478 -4.47256445456123 112.808826912689 1907188.31645699 -517693.683984058
-0.19855 0.00776551762478917 -0.0108479709660825 -4.48327623005571 112.801789556051 1907156.56290169 -517694.66846538
-0.1986 0.0087330013001253 -0.0140149405541374 -4.494512229284 112.794752199412 1907014.85079367 -517697.961370388
-0.19865 -0.0123754493420918 0.0165474901272796 -4.49405765134972 112.787714842774 1907068.532066 -517704.382158973
-0.1987 -0.00551897667598461 0.00019860208744468 -4.5073726681478 112.780677486136 1906941.74407809 -517697.528487172
-0.19875 0.0113526513392043 -0.00057419204020187 -4.5068610663652 112.773640129497 1907076.95408599 -517693.877364378
-0.1988 -0.00767820722532388 -0.00893475678696834 -4.5106383914212 112.766602772859 1906879.08491606 -517688.209942894
-0.19885 0.00135624531753921 0.0141535508694043 -4.50791316541135 112.75956541622 1907209.03388291 -517665.206501908
-0.1989 -0.0102636825396435 -0.0219645018317729 -4.52310570085087 112.752528059582 1906776.85328057 -517689.167245796
-0.19895 0.0243015836697122 0.0113159730815598 -4.50629691384029 112.745490702944 1907280.34581738 -517682.228807439
-0.199 -0.0264097215922186 -0.00816767713368492 -4.52713284118234 112.738453346305 1906740.21812623 -517689.901509895
-0.19905 0.0138628129756286 0.0124131559565942 -4.51337146523816 112.731415989667 1907265.5556849 -517674.477225408
-0.1991 -0.00832841192318111 -0.0221994342603574 -4.53175532565715 112.724378633029 1906764.0219522 -517676.479308753
-0.19915 0.00902309276126641 0.0133956721319503 -4.5157643430975 112.71734127639 1907163.84643454 -517671.274173131
-0.1992 -0.0184781146600627 0.00131821253542861 -4.53150696913611 112.710303919752 1906806.11945854 -517682.604208439
-0.19925 0.0165265650952766 0.010428920459263 -4.52747865549692 112.703266563114 1907153.89462092 -517675.402044358
-0.1993 -0.0144623945271253 -0.0156474599812592 -4.55762261851957 112.696229206475 1906609.26680006 -517683.75740341
-0.19935 0.00204190857880227 0.0245488802742707 -4.53609835103259 112.689191849837 1907048.90796028 -517689.911251164
-0.1994 -0.00217599609935996 -0.0295819475066987 -4.55883421415689 112.682154493199 1906601.97305686 -517691.961369176
-0.19945 0.00575877822280391 0.0066056680474238 -4.55078932566246 112.67511713656 1906967.51518672 -517671.797120588
-0.1995 -0.013848598131856 0.00093592003420406 -4.56920492336485 112.668079779922 1906696.11538847 -517660.265270784
-0.19955 0.0137391616421425 9.31804276316261e-05 -4.56491090311293 112.661042423284 1906888.02251903 -517665.339098278
-0.1996 -0.0124251791779656 -0.00582941526306718 -4.57955557709336 112.654005066645 1906655.08868253 -517664.819509806
-0.19965 0.00354437500601988 0.0144383342237696 -4.57082632639391 112.646967710007 1906893.7211051 -517664.094995093
-0.1997 -0.00840437593766489 -0.00741688519315896 -4.59485879706401 112.639930353369 1906561.14604694 -517658.383044039
-0.19975 0.00996171299149877 -0.00447968226353389 -4.58426607058986 112.63289299673 1906738.80706414 -517660.793273139
-0.1998 -0.00926033391797536 -0.000768917566849596 -4.59460246058214 112.625855640092 1906635.08854568 -517653.540225641
-0.19985 -0.000268317185860582 0.00756058642011526 -4.59242107974821 112.618818283454 1906830.55746432 -517641.998234292
-0.1999 0.0106607981613652 -0.0128211437488155 -4.60298692169512 112.611780926815 1906618.24164553 -517662.999013991
-0.19995 -0.00175124766012203 0.00787159665513251 -4.60539426809125 112.604743570177 1906704.91435379 -517642.264849956
-0.2 -0.0206841076529723 0.00708230885684627 -4.61040891234853 112.597706213539 1906475.23693324 -517669.336717479
-0.20005 0.0304649539161349 0.00195827007220633 -4.59667394157959 112.5906688569 1906895.38444219 -517653.476480517
-0.2001 -0.00972778482571931 -0.0230750058563031 -4.62920452350321 112.583631500262 1906346.40260353 -517642.318928882
-0.20015 0.00281431098560492 0.0294554023896148 -4.60677104970501 112.576594143623 1906852.25925179 -517633.031326493
-0.2002 -0.0206969854369225 -0.0152982056232047 -4.63880236374152 112.569556786985 1906299.42632046 -517625.61132673
-0.20025 0.037024772439479 0.00704866932035892 -4.61139905600344 112.562519430347 1906904.07012679 -517645.106968544
-0.2003 -0.0279887207163327 -0.0241668220759255 -4.64610690490793 112.555482073708 1906153.13395587 -517647.724949643
-0.20035 0.00351530472666435 0.0393739993465815 -4.61889974401736 112.54844471707 1906815.79866483 -517644.111733222
-0.2004 0.00849515995672465 -0.0402254241896469 -4.65353190475306 112.541407360432 1906177.05229033 -517637.414244437
-0.20045 0.0132039270541072 0.0336795847287483 -4.63027559952477 112.534370003793 1906800.78103168 -517642.222705069
-0.2005 -0.0261387647385864 0.0016556360969201 -4.65772180063309 112.527332647155 1906259.72359954 -517623.261291116
-0.20055 0.0325765614539666 -0.00974640299241848 -4.64304541172453 112.520295290517 1906663.1525956 -517617.535411884
-0.2006 0.00142815282379061 -0.00437282367080182 -4.65061482523891 112.513257933878 1906413.33279788 -517625.517143709
-0.20065 -0.0243868037298829 0.0257571674790288 -4.66309223136868 112.50622057724 1906361.30921183 -517629.333153076
-0.2007 0.0158254047938851 -0.0165727690614355 -4.67005092493623 112.499183220602 1906276.44177564 -517636.704250566
-0.20075 0.00762664592850619 0.00346502855573204 -4.67216295699259 112.492145863963 1906355.75622644 -517615.507035744
-0.2008 -0.00917695927459009 0.00631070137940596 -4.67080896949534 112.485108507325 1906336.76528009 -517616.962526537
-0.20085 0.00569365510771696 -0.00665564706551589 -4.68397198715217 112.478071150687 1906393.28218273 -517595.064740328
-0.2009 -0.000628244355560165 0.00118029643173645 -4.68913092637544 112.471033794048 1906276.28720282 -517598.936019058
-0.20095 0.00181354807538192 -0.00140300595128089 -4.67774911090872 112.46399643741 1906351.60717632 -517608.558721544
-0.201 0.00626089912073369 0.00241809704009828 -4.67445159929021 112.456959080772 1906387.24029184 -517608.60150155
-0.20105 -0.00758718849240469 -0.000455839499369507 -4.68502584117154 112.449921724133 1906291.62124313 -517613.971145988
-0.2011 0.00298457556806649 0.00474396550365976 -4.68501711232161 112.442884367495 1906357.42013203 -517594.788224862
-0.20115 -0.00871029265733599 -0.00842309270986176 -4.70474329835254 112.435847010857 1906111.8186869 -517612.514005333
-0.2012 0.0171085283443131 0.00216614812672652 -4.70094230243614 112.428809654218 1906362.41890868 -517597.774087797
-0.20125 -0.0134171232161127 0.00536486522386184 -4.71813004865921 112.42177229758 1906110.81054879 -517602.297244332
-0.2013 0.0121476371713839 0.0045148789457027 -4.71437016126949 112.414734940942 1906330.45974991 -517594.939628519
-0.20135 -0.000319595321090462 -0.002926492483043 -4.72482027810544 112.407697584303 1906156.33252199 -517609.09478692
-0.2014 0.00329957857592211 0.0143133578745631 -4.72417388437207 112.400660227665 1906215.2833136 -517615.325461766
-0.20145 0.00518356644774341 -0.00174182923391734 -4.73319191286505 112.393622871026 1906075.44833707 -517601.190498035
-0.2015 0.00118753003118002 -0.0150440432233144 -4.74274302539747 112.386585514388 1905947.37654918 -517581.767015107
-0.20155 0.00638978885701591 0.0116179140028793 -4.73654543530164 112.37954815775 1906280.88234965 -517578.363417277
-0.2016 -0.0168499291424097 0.0164479713162599 -4.74420888659866 112.372510801111 1906160.04298887 -517574.262110503
-0.20165 0.023337305308531 -0.0169852912599701 -4.74775686256992 112.365473444473 1906112.90628166 -517577.198863601
-0.2017 -0.00332367324734586 0.00341665834896475 -4.7461304966699 112.358436087835 1906091.19183563 -517597.966032333
-0.20175 -0.0206215673482558 0.0160184742224441 -4.76325549898867 112.351398731196 1905962.33483248 -517582.302108613
-0.2018 0.0209611596619655 -0.0130413346718027 -4.75756600640848 112.344361374558 1906080.90604449 -517584.952352683
-0.20185 0.00956278706763267 -0.00646254321895851 -4.76979803280589 112.33732401792 1905979.99320288 -517553.756793807
-0.2019 -0.0250286552790877 0.0218748718327926 -4.76950255434122 112.330286661281 1906011.12424159 -517558.930209639
-0.20195 0.0057732855216747 -0.0194435786167604 -4.79128743396542 112.323249304643 1905817.7253687 -517561.806144296
-0.202 0.0100463817248418 0.00395132163490531 -4.78640495916614 112.316211948005 1905922.8710166 -517578.647796552
-0.20205 -0.0160213840017814 0.0132722848643335 -4.78823930134539 112.309174591366 1905859.16160003 -517566.363872219
-0.2021 0.00683516366339346 -0.00552366465643152 -4.78639705510253 112.302137234728 1905877.64359034 -517568.314350114
-0.20215 0.00842998661119154 -0.0094480757189427 -4.7973147361148 112.29509987809 1905896.1986965 -517544.491053162
-0.2022 -0.00829830418223586 0.0207236013509267 -4.79947440196766 112.288062521451 1905962.98279162 -517531.900550027
-0.20225 -0.0102464811091516 -0.00936050653262705 -4.80943201633345 112.281025164813 1905649.89890416 -517547.131755226
-0.2023 0.0311218588308683 -0.00754334684068191 -4.80966581482823 112.273987808175 1905898.11956535 -517561.433305431
-0.20235 -0.0332515458278826 -0.00373875527662118 -4.84149652104661 112.266950451536 1905428.32268137 -517543.523348071
-0.2024 0.00385275361525663 0.0234578805185224 -4.8179829969421 112.259913094898 1905947.15248161 -517545.239983734
-0.20245 0.0160916613707329 -0.0434828726284217 -4.83801020312663 112.25287573826 1905510.03839605 -517547.17241402
-0.2025 0.0131308793990941 0.0230709434564978 -4.8169641016039 112.245838381621 1906071.85443006 -517531.853463166
-0.20255 -0.050365717644477 0.00725484708226591 -4.86123129777215 112.238801024983 1905349.28899597 -517529.915525136
-0.2026 0.0403466901112904 -0.00228564223682939 -4.83107116750145 112.231763668345 1905988.62435425 -517533.471803449
-0.20265 -0.0176084492492286 -0.0310552988372065 -4.86515337014182 112.224726311706 1905249.30698475 -517546.191924037
-0.2027 0.0106234473809435 0.0437048639889107 -4.83211160614236 112.217688955068 1906096.41861139 -517538.024956317
-0.20275 -0.0271728878675958 -0.0319767582914334 -4.88796064595007 112.210651598429 1905098.14642116 -517538.31544704
-0.2028 0.0439891572475883 0.0133084239019032 -4.85018761424912 112.203614241791 1906041.01258863 -517527.038568677
-0.20285 -0.0409083778334873 -0.0101422071482697 -4.89211286666926 112.196576885153 1905210.71675167 -517519.480818761
-0.2029 0.0305493032126206 0.0193393271842853 -4.86625052177265 112.189539528514 1905932.56521045 -517507.868414133
-0.20295 -0.0143413281695766 -0.0295035438425326 -4.90067393787766 112.182502171876 1905180.48046917 -517519.770460913
-0.203 0.0171833539054833 0.0377752544054505 -4.86544464050845 112.175464815238 1905942.79811584 -517528.10332013
-0.20305 -0.026353970116263 -0.0276584128620137 -4.91564297409579 112.168427458599 1905049.36418465 -517525.280935412
-0.2031 0.0452529517676895 0.0133388585970188 -4.88381794898047 112.161390101961 1905956.66364256 -517502.03948894
-0.20315 -0.0494193983393346 -0.00777468815272174 -4.92588965938689 112.154352745323 1905030.2034175 -517511.331743938
-0.2032 0.0279897390303896 0.0249174442411772 -4.88936712483289 112.147315388684 1906052.82176628 -517476.017082815
-0.20325 -0.0175611421671254 -0.0359426367092505 -4.92161637516829 112.140278032046 1905080.46387476 -517500.790915966
-0.2033 0.0224476432304216 0.0304507164787195 -4.89351506701165 112.133240675408 1905855.91131297 -517496.070263926
-0.20335 -0.0255427636856888 -0.0174028716952253 -4.93109163570204 112.126203318769 1905081.68242749 -517512.708115921
-0.2034 0.0223720356786821 0.0175633486283091 -4.90600074740642 112.119165962131 1905757.93377991 -517492.153548033
-0.20345 -0.0168866684067852 -0.0291945873412734 -4.95386302858627 112.112128605493 1904969.74657475 -517483.188194273
-0.2035 0.00914008836342266 0.0312187922540674 -4.92125082167852 112.105091248854 1905734.59110259 -517478.946931454
-0.20355 -0.00543252153695899 -0.039729448368195 -4.94534653021173 112.098053892216 1905043.00926251 -517492.509592368
-0.2036 0.0113898742054631 0.0216504242063578 -4.91340672095365 112.091016535578 1905600.69690563 -517501.269032488
-0.20365 -0.0236601145149326 -0.00523914355916479 -4.94599672824478 112.083979178939 1905187.74641577 -517494.287012554
-0.2037 0.0282147845872911 0.00107166936779361 -4.93588472644268 112.076941822301 1905532.70643976 -517486.226770595
-0.20375 -0.0169679812805968 -0.0175543301892478 -4.96328331835168 112.069904465663 1905125.29450019 -517470.648096357
-0.2038 0.00264036798384489 0.0141758917965287 -4.94308365024944 112.062867109024 1905561.38247847 -517466.943723359
-0.20385 -0.00111517513800192 -0.0161355913876221 -4.9595109280659 112.055829752386 1905232.06111955 -517454.828474317
-0.2039 0.00728623359519998 0.0120903621352815 -4.95864763893125 112.048792395748 1905442.90831327 -517477.029718571
-0.20395 -0.0194501815387649 -0.00507420008920056 -4.97883275023419 112.041755039109 1905032.72910835 -517488.666570585
-0.204 0.0198350546021277 0.00620637432578096 -4.96418260601155 112.034717682471 1905389.2070185 -517484.110538631
-0.20405 -0.00949664503838985 -0.00433094241012704 -4.97460515411835 112.027680325832 1905103.87152026 -517483.081857632
-0.2041 0.00255581394026456 0.00130657796742808 -4.96941148745938 112.020642969194 1905340.26038646 -517445.95156644
-0.20415 -0.00792774975668415 -0.00135202622825305 -4.98102193803981 112.013605612556 1905165.52811175 -517460.51444165
-0.2042 0.0179293340809071 -0.000322064366022451 -4.97869639407203 112.006568255917 1905263.47438902 -517466.34965442
-0.20425 -0.015545029061193 0.00283329136563609 -4.98928753833914 111.999530899279 1904991.99479033 -517482.388377507
-0.2043 0.0110209263438943 0.00138988676169904 -4.97869390475049 111.992493542641 1905297.86335921 -517468.098370729
-0.20435 -0.0104105907135514 -0.000584683127749674 -5.00566450556033 111.985456186002 1904971.38068252 -517477.300357551
-0.2044 0.0030018722146712 1.02121119233706e-05 -4.99882588597107 111.978418829364 1905186.83299849 -517456.391543914
-0.20445 -0.000726648497374228 0.00248135094103015 -5.01117316075364 111.971381472726 1905089.1117964 -517453.025990633
-0.2045 -0.00773798453330389 0.00847531327724762 -5.01088427607269 111.964344116087 1905083.55388831 -517451.941510539
-0.20455 0.0169501096658006 -0.0121824794651067 -5.00270049461633 111.957306759449 1905133.26546501 -517455.744664915
-0.2046 -0.0203339562520097 0.0188998118740332 -5.00578400158047 111.950269402811 1905011.57048534 -517468.193765408
-0.20465 0.00136165765626636 0.00208222731256035 -5.01035281079826 111.943232046172 1905046.08499891 -517461.017909907
-0.2047 0.0173936975103629 -0.0125661793050461 -5.01667359535062 111.936194689534 1905074.47983537 -517444.86173721
-0.20475 -0.0122683115082389 -0.000281096685853241 -5.02699489096865 111.929157332896 1905002.20550891 -517427.298218192
-0.2048 -0.0105817490876761 0.0307326050930962 -5.01079038667297 111.922119976257 1905256.06957087 -517423.413262783
-0.20485 0.0160808786808469 -0.0346393893346008 -5.03258828105855 111.915082619619 1904866.92376264 -517438.649032866
-0.2049 0.00686400637210637 0.00670621635630981 -5.01799321502347 111.908045262981 1905169.46836596 -517436.779986615
-0.20495 -0.0185412291592591 0.00709960013301761 -5.02696840765083 111.901007906342 1904873.40914897 -517451.505239207
-0.205 0.0204660332624785 -0.000315026090444899 -5.02101212162702 111.893970549704 1905135.41806431 -517441.900356533
-0.20505 -0.00516589080915066 -0.0153112467679546 -5.03652665951336 111.886933193066 1904866.75386275 -517426.685651316
-0.2051 -0.00126479092428723 0.0182889939801439 -5.0295827333678 111.879895836427 1905059.10764143 -517433.649886897
-0.20515 -0.00481808744923242 -0.0144071895227413 -5.04878892774783 111.872858479789 1904744.30246363 -517448.469116614
-0.2052 0.0235238864464056 -0.00258344091056884 -5.03479184738908 111.865821123151 1905058.90699976 -517447.350280251
-0.20525 -0.0377581575028594 0.00506559554956997 -5.04696803224717 111.858783766512 1904692.30454034 -517431.455062158
-0.2053 0.0285985512593579 0.0105970093817556 -5.02659888559508 111.851746409874 1905265.8674044 -517422.072711113
-0.20535 -0.0146570779947944 -0.0275612641664993 -5.05249216830332 111.844709053235 1904678.82492295 -517418.850604333
-0.2054 0.0120398663968887 0.0282204380028649 -5.02280893802735 111.837671696597 1905269.24205255 -517433.312255207
-0.20545 -0.024701761873996 -0.016121906097322 -5.06469450515049 111.830634339959 1904518.51898516 -517448.156235225
-0.2055 0.0385442393629453 0.00741852658396726 -5.03550363247251 111.82359698332 1905242.05489035 -517427.464473108
-0.20555 -0.0375637688622305 -0.0148186918784038 -5.06668163107354 111.816559626682 1904472.31276778 -517426.576024807
-0.2056 0.0251992563878433 0.0264683656907881 -5.03270403039416 111.809522270044 1905301.14589451 -517435.645682481
-0.20565 -0.0145308314391059 -0.035642294560741 -5.07466860869144 111.802484913405 1904500.57425421 -517410.480508754
-0.2057 0.02059331211959 0.0304288190616084 -5.03433342337199 111.795447556767 1905270.079766 -517421.937591715
-0.20575 -0.0261149929994591 -0.0184915935398481 -5.05580383161922 111.788410200129 1904575.17485093 -517431.985524175
-0.2058 0.0236752625323868 0.00770382536914764 -5.03054647861516 111.78137284349 1905223.02170648 -517425.81009708
-0.20585 -0.0198870102919382 -0.00829106749816157 -5.06005001084974 111.774335486852 1904621.97593721 -517436.370685545
-0.2059 0.0112226289004034 0.0130651039057637 -5.05413637680253 111.767298130214 1905026.9430602 -517425.691864448
-0.20595 -0.00860056145363764 -0.0171989906356271 -5.06918888329961 111.760260773575 1904646.18787674 -517426.671929569
-0.206 0.0117167904771642 0.0170355737395757 -5.03004289270578 111.753223416937 1905156.81094812 -517429.125601186
-0.20605 -0.0307450488786127 -0.00516992470700066 -5.06368809680838 111.746186060299 1904682.69436914 -517410.736099161
-0.2061 0.0423175042023224 -0.012074405083244 -5.04330319995211 111.73914870366 1905113.50519315 -517431.103375223
-0.20615 -0.0326333000855245 0.00614615050815414 -5.07057310785473 111.732111347022 1904596.2643481 -517432.497892383
-0.2062 0.0151380140749202 0.0133286809652813 -5.05398290537344 111.725073990384 1905008.04347963 -517435.469568508
-0.20625 -0.00678817453588269 -0.0283588931729834 -5.06658121262335 111.718036633745 1904597.58727807 -517434.018749986
-0.2063 0.0104507504164647 0.00770193131968181 -5.05591131374976 111.710999277107 1904962.07127026 -517430.822802232
-0.20635 -0.020046502656803 0.00601148192026931 -5.07447148264779 111.703961920469 1904653.95464083 -517439.165751219
-0.2064 0.0113981844326243 0.00254760425318278 -5.0663399087573 111.69692456383 1904851.85107152 -517443.083126599
-0.20645 0.00342726039795665 -0.0163772557144283 -5.07304802541034 111.689887207192 1904723.18145008 -517434.778646064
-0.2065 -0.0115894410815601 0.0164025064668388 -5.06637846439367 111.682849850554 1904850.72315118 -517424.516745736
-0.20655 0.0023696038950453 -0.00290888141558985 -5.06927112227503 111.675812493915 1904841.56069033 -517425.446807664
-0.2066 0.00952816800138849 -0.00757977687723724 -5.0775793782519 111.668775137277 1904827.51942784 -517423.014557589
-0.20665 -0.00633242294823165 0.0069401162523464 -5.08241214832088 111.661737780639 1904659.48518331 -517428.703793072
-0.2067 -0.000938701655424805 0.00440363558989383 -5.08370210817479 111.654700424 1904754.39979204 -517415.731445347
-0.20675 0.00436362318392438 -0.00341820988312398 -5.06890789858244 111.647663067362 1904849.86390448 -517437.290089426
-0.2068 0.000800252816612497 -0.0111775442527648 -5.08232158345173 111.640625710723 1904674.85180389 -517442.389349636
-0.20685 -0.00680122098432685 0.0094804866575504 -5.07759737895095 111.633588354085 1904791.88610886 -517433.459935092
-0.2069 0.00461499848972363 -0.00660393968184443 -5.08487828243428 111.626550997447 1904689.33745883 -517440.720276027
-0.20695 -0.0107643060389521 0.0038636912919062 -5.08794800606823 111.619513640808 1904701.21914845 -517409.653562452
-0.207 0.0166274787394264 -0.0114601007455523 -5.07362258363115 111.61247628417 1904848.74876524 -517415.294543962
-0.20705 -0.00883653563907843 0.00326383866988311 -5.07391464593029 111.605438927532 1904757.70379932 -517424.267266861
-0.2071 -0.00603880292744656 0.00752872121512255 -5.08171787888952 111.598401570893 1904747.96535136 -517425.70317276
-0.20715 0.00460381464862998 -0.0195781839698705 -5.09449669237907 111.591364214255 1904613.70125337 -517411.872577435
-0.2072 -0.00320019133791839 0.00208075687024542 -5.08450974025206 111.584326857617 1904663.11813086 -517422.19171173
-0.20725 0.00392733091662434 -0.00177389990803144 -5.08252091809482 111.577289500978 1904713.02961835 -517435.696188647
-0.2073 0.00254712951773828 0.00653317358363104 -5.08134288277177 111.57025214434 1904807.97708362 -517415.983639039
-0.20735 -0.00990112575521419 -0.00584115555342123 -5.09554490788301 111.563214787702 1904581.67085829 -517419.460667545
-0.2074 0.0126716287456572 -0.00164842538920873 -5.08775105120151 111.556177431063 1904793.43039442 -517425.649455037
-0.20745 -0.0173868036968359 0.00634834975827144 -5.10088627825698 111.549140074425 1904498.27735314 -517436.048287974
-0.2075 0.0186052267219427 0.00424199221375647 -5.08832461607706 111.542102717787 1904786.79492261 -517438.079265003
-0.20755 -0.00610502682427269 -0.0231114349087882 -5.10674790990967 111.535065361148 1904463.14843104 -517416.012515269
-0.2076 0.00175311403304513 0.0191174513858089 -5.10193698699565 111.52802800451 1904809.82615672 -517408.838408531
-0.20765 -0.00171092429008195 -0.0144011014191145 -5.1136319829079 111.520990647872 1904468.59662641 -517411.091891103
-0.2077 0.0227577006242694 -0.0049923549572042 -5.09372941097963 111.513953291233 1904776.26395922 -517413.98818548
-0.20775 -0.0274143112354105 0.0106664870205653 -5.11215718453855 111.506915934595 1904438.49235625 -517408.626097574
-0.2078 0.00510687391433247 0.00488306676894291 -5.11031880970113 111.499878577957 1904650.49619839 -517405.634818681
-0.20785 -0.00132832462877487 -0.0163511795898814 -5.13363733783691 111.492841221318 1904409.67211774 -517385.916905637
-0.2079 -0.00800871310137929 0.0083505338039648 -5.13173639167099 111.48580386468 1904540.93003696 -517382.565029963
-0.20795 -0.00262079051492891 -0.00986938638970058 -5.13616908510647 111.478766508042 1904478.71380386 -517383.367585482
-0.208 0.000316009014805826 0.0110383094795782 -5.12004519416434 111.471729151403 1904574.88342843 -517395.819754609
-0.20805 0.0017736200121921 -0.0248045891082747 -5.14210947673558 111.464691794765 1904247.93909266 -517390.555507576
-0.2081 0.00427300423970022 0.0190498888140425 -5.12540423658213 111.457654438126 1904607.60287967 -517404.675101759
-0.20815 -0.0125573654078236 -0.0011479765232655 -5.1505097321678 111.450617081488 1904198.74448598 -517414.373055238
-0.2082 0.0303714517401208 -0.00885026135624583 -5.13991789458984 111.44357972485 1904564.32115535 -517400.834886863
-0.20825 -0.0200605925587052 0.00282030083394436 -5.15812493573637 111.436542368211 1904219.70895539 -517399.559382648
-0.2083 -0.00101412020025146 0.0102565445340535 -5.13921390619642 111.429505011573 1904503.52498056 -517398.45880532
-0.20835 0.00514937256492613 -0.0163236591065073 -5.15029038534026 111.422467654935 1904385.55794199 -517391.707073338
-0.2084 -0.00330078025441823 0.00933887569281408 -5.15116365159595 111.415430298296 1904446.12030116 -517392.788263069
-0.20845 -0.00411703097200637 0.00708254665743623 -5.15031146949454 111.408392941658 1904445.93678105 -517391.662754603
-0.2085 -0.00081273751576605 -0.0150854093666123 -5.15274298953158 111.40135558502 1904256.67164353 -517400.092109684
-0.20855 0.0209866292489876 -0.000722359618873395 -5.14452100828437 111.394318228381 1904632.17021335 -517385.266921857
-0.2086 -0.023770831247287 0.00698135693171663 -5.16393226425091 111.387280871743 1904305.24401747 -517379.480467261
-0.20865 0.0158113070468304 -0.00140573662598358 -5.16153662156105 111.380243515105 1904531.50490485 -517367.917696013
-0.2087 -0.000952690269577563 -0.00498437065502551 -5.16530288616814 111.373206158466 1904377.03915861 -517370.717959317
-0.20875 0.00218427705856504 0.00839690576448995 -5.15642150163153 111.366168801828 1904547.60784751 -517375.385958883
-0.2088 -0.0102767698314682 -0.00721458553099342 -5.16959555184378 111.35913144519 1904299.12060308 -517381.642122575
-0.20885 -0.000412328651707782 0.0166515954789982 -5.1545853055816 111.352094088551 1904556.80100983 -517383.138801755
-0.2089 -0.00960692209152524 -0.00881848386752735 -5.17338109649227 111.345056731913 1904299.67698869 -517384.549655691
-0.20895 0.0139354312814766 0.0108511712820498 -5.15806259246233 111.338019375275 1904641.68832225 -517351.400097401
-0.209 -0.0163330105952738 -0.00317576464516301 -5.18140820578424 111.330982018636 1904230.49992976 -517358.288700367
-0.20905 0.00844731464150197 0.0100736626186987 -5.17425961871904 111.323944661998 1904509.50919086 -517355.789992072
-0.2091 0.00693661742052026 -0.0190192719701255 -5.18533022498077 111.31690730536 1904276.60431503 -517368.308424158
-0.20915 -0.000308704187056187 0.0212794413922359 -5.18056241023096 111.309869948721 1904423.54652013 -517362.557167644
-0.2092 -0.0204664590284118 -0.00556454709274159 -5.20666825885505 111.302832592083 1904111.33721806 -517354.924496141
-0.20925 0.00545194984068483 0.005305750213645 -5.19566896949562 111.295795235445 1904388.08602158 -517350.231160476
-0.2093 0.0183488831453647 -0.0159803651100346 -5.19968521005725 111.288757878806 1904313.00578482 -517342.654519426
-0.20935 -0.0146757500480029 0.0215044228788569 -5.20189562782273 111.281720522168 1904386.44425245 -517346.881481472
-0.2094 -0.00548524599716506 0.00739855853367821 -5.21666645531995 111.274683165529 1904163.47266315 -517350.471153225
-0.20945 0.0216586890854208 -0.0139048264846448 -5.20633426466684 111.267645808891 1904313.58888422 -517352.321463413
-0.2095 -0.0148662377440386 0.00564891772871978 -5.21058777160757 111.260608452253 1904219.35878239 -517354.168518191
-0.20955 -0.00233975749249515 0.0113824573928028 -5.20060053105134 111.253571095614 1904394.29808693 -517354.811831601
-0.2096 -0.00410331714006565 -0.00652093597295396 -5.21323262935613 111.246533738976 1904132.7310776 -517366.544633309
-0.20965 0.0308964370981404 -0.0105347879111212 -5.20802135337 111.239496382338 1904425.11663788 -517352.103776042
-0.2097 -0.0352623695914338 0.00374148358737274 -5.23019666766247 111.232459025699 1903967.47279739 -517354.107141174
-0.20975 0.0153239260427359 0.0199758058884341 -5.21070454703898 111.225421669061 1904469.87782577 -517343.98627961
-0.2098 -0.00427788847469705 -0.0302545994239734 -5.24293500874988 111.218384312423 1903916.32547513 -517345.693439561
-0.20985 0.0155974061807347 0.0256666754193444 -5.20147487937658 111.211346955784 1904501.19008416 -517349.947774113
-0.2099 -0.0297792989775068 -0.00283766322171182 -5.23738796117588 111.204309599146 1903923.85295423 -517349.615941428
-0.20995 0.0336318635516054 -0.0116625935129213 -5.21695828397845 111.197272242508 1904396.51535711 -517337.111670104
-0.21 -0.0176832768033091 -0.00642110373081342 -5.25188281796795 111.190234885869 1903860.02747481 -517342.977987243
-0.21005 0.0136484105197793 0.0173221638049956 -5.22538117590866 111.183197529231 1904435.89710832 -517323.784789132
-0.2101 -0.00743314362988068 -0.0170209360967238 -5.25492312937722 111.176160172593 1903948.22877375 -517328.593562842
-0.21015 0.00994432554705377 0.00638062611140073 -5.22846243954911 111.169122815954 1904281.99796588 -517321.508774408
-0.2102 0.00662297469901695 -0.00767075704965811 -5.24148367180072 111.162085459316 1904082.97868926 -517336.383609862
-0.21025 -0.011127225066892 0.0084595700287069 -5.24082736403121 111.155048102678 1904130.00373282 -517339.351322396
-0.2103 0.00298589958778169 0.00131055634526336 -5.23290118206282 111.148010746039 1904244.44502984 -517323.18419714
-0.21035 0.0143072431533084 -0.0130490128844132 -5.24503098669199 111.140973389401 1904126.57165605 -517324.089466865
-0.2104 -0.0131643983643773 0.00557857747071519 -5.23852641074162 111.133936032763 1904092.01427106 -517318.378077106
-0.21045 -0.0041313353133324 0.00922731669182486 -5.23728761372795 111.126898676124 1904154.18777662 -517345.84629821
-0.2105 0.00976980551401943 -0.0185729512795857 -5.24069609146182 111.119861319486 1904023.4073857 -517341.020352459
-0.21055 0.0116395319738669 -0.0016186744388372 -5.22542332139634 111.112823962848 1904281.32329637 -517321.657909175
-0.2106 -0.0188052054355969 0.00692506937612447 -5.2314087976432 111.105786606209 1904140.86585542 -517314.628213751
-0.21065 0.0222595698964445 -8.13741575758983e-05 -5.23103857369826 111.098749249571 1904338.28764068 -517312.375210429
-0.2107 -0.000692879761222492 -0.0267680532741724 -5.24718697234843 111.091711892932 1903947.85375291 -517328.194180323
-0.21075 -0.0023874148850782 0.0271787441461509 -5.23158083737389 111.084674536294 1904302.98502052 -517318.917591514
-0.2108 -0.0114879600252806 -0.00812554778499845 -5.2361151291158 111.077637179656 1904014.45843193 -517331.572225364
-0.21085 0.0215113683034763 -0.0024100889550579 -5.2334038333892 111.070599823017 1904313.58927202 -517312.725729462
-0.2109 -0.0181194943065944 -0.00599748846560087 -5.24851256560114 111.063562466379 1903990.72689528 -517317.805301434
-0.21095 0.00648789335977261 0.0134160627592151 -5.2492040650909 111.056525109741 1904225.34834972 -517312.664827503
-0.211 0.00250082472090941 -0.016257707103407 -5.26103319564766 111.049487753102 1903954.69634688 -517315.969048693
-0.21105 0.00230648121456358 0.0138516861190397 -5.25424101571922 111.042450396464 1904236.27083754 -517304.612236164
-0.2111 -0.0235705368375761 0.00759424874862575 -5.27367286036096 111.035413039826 1903907.01624086 -517313.42806332
-0.21115 0.0229719200563603 -0.0199578055277035 -5.26779278147439 111.028375683187 1904082.86438945 -517311.129349237
-0.2112 -0.0103845132866 0.00405150437266265 -5.28175806356372 111.021338326549 1903980.25458455 -517314.461228707
-0.21125 -0.00128217344255765 0.0123812516770525 -5.27501913869374 111.014300969911 1904129.74587728 -517306.082416028
-0.2113 0.0158987141643739 -0.00623521430807691 -5.27168683122126 111.007263613272 1904201.96100075 -517297.919439453
-0.21135 -0.00538965277080859 -0.0139320923699678 -5.28062334458634 111.000226256634 1903895.62854164 -517302.449676098
-0.2114 -0.000665237604210855 0.0156507077207902 -5.26700842476363 110.993188899996 1904213.80117 -517307.441547018
-0.21145 -0.00461215310831538 -0.00575623182522872 -5.28482188338523 110.986151543357 1903909.31262568 -517307.945037177
-0.2115 0.00552656475543596 -0.00132653865905787 -5.27759005372823 110.979114186719 1904074.86332503 -517294.91226419
-0.21155 -0.00528492452161229 0.00571335736719246 -5.27407099087396 110.972076830081 1904074.04644167 -517307.641831033
-0.2116 -0.00884015945919848 0.00656934597844134 -5.27237325440727 110.965039473442 1904143.37237272 -517286.364275999
-0.21165 0.000743302394617582 -0.014629760069016 -5.28134347316433 110.958002116804 1904112.38053642 -517276.598020963
-0.2117 0.0164152264198215 -0.00594145916829711 -5.27936854185416 110.950964760166 1904165.22672176 -517290.375797553
-0.21175 -0.0125873909220843 0.00709158287902799 -5.29374933643711 110.943927403527 1903925.21594319 -517305.560753792
-0.2118 0.00338008556333316 -0.00884777448253181 -5.29563898798615 110.936890046889 1903939.2371837 -517297.438622629
-0.21185 0.00674034663371106 -0.00320662176057746 -5.29246487991789 110.92985269025 1904053.41045309 -517295.206484351
-0.2119 -0.0104695551132282 -0.00183970796617695 -5.2983812749474 110.922815333612 1903948.55736711 -517292.526175381
-0.21195 0.00650804589241156 0.00801799258450381 -5.29058822770206 110.915777976974 1904141.74551798 -517282.718744163
-0.212 -0.00626972010692378 -0.0158422007086175 -5.31267569941501 110.908740620335 1903740.83725439 -517289.708014906
-0.21205 0.00364658866324652 0.0198530189731025 -5.30293288082762 110.901703263697 1904099.47525486 -517293.001990117
-0.2121 0.00717650805384626 -0.0196432257808735 -5.30845399992541 110.894665907059 1903903.57309471 -517291.178729638
-0.21215 0.00645948103561986 0.0174640072192719 -5.30554050714482 110.88762855042 1904196.41460098 -517270.703044563
-0.2122 -0.030205229569735 0.00428212311752547 -5.3327254368893 110.880591193782 1903784.71658802 -517269.090289236
-0.21225 0.030781764194397 -0.00549260030129877 -5.3110190350113 110.873553837144 1904210.65142206 -517262.548742868
-0.2123 -0.0033487068108629 -0.0233040837857153 -5.33353220715276 110.866516480505 1903694.86501757 -517268.960530027
-0.21235 -0.00538434256911541 0.0416464297367367 -5.30909829379596 110.859479123867 1904207.53302287 -517278.447322655
-0.2124 -0.0147815770690833 -0.0332497258414702 -5.34678363469211 110.852441767229 1903441.82834295 -517271.547337832
-0.21245 0.0399113912813897 0.0167398571732738 -5.30909099698484 110.84540441059 1904336.00301472 -517258.03422004
-0.2125 -0.0422452262922298 -0.00587481310618439 -5.35116913378784 110.838367053952 1903567.20111666 -517239.573690663
-0.21255 0.0235334715509283 0.0274703603747869 -5.31108157332809 110.831329697314 1904397.16050655 -517255.717602235
-0.2126 0.0058787771685384 -0.0445247411799249 -5.35814950413781 110.824292340675 1903522.47236923 -517267.188968861
-0.21265 0.00395640655763257 0.0303577499401886 -5.33887014900242 110.817254984037 1904046.22307752 -517262.721311061
-0.2127 -0.0293342603264056 0.000658817371840035 -5.36493635272131 110.810217627399 1903529.76631342 -517258.820513702
-0.21275 0.0465965157172796 -0.0184707035730675 -5.34884308861106 110.80318027076 1903935.59532125 -517258.856834658
-0.2128 -0.0304554640456249 0.0114780787848794 -5.34553019615715 110.796142914122 1903671.68319514 -517275.012140644
-0.21285 0.00105814860111727 0.00722231793972694 -5.34473460278983 110.789105557484 1903878.59415118 -517277.30473037
-0.2129 0.0214496824761978 -0.0110836004904767 -5.34814600422989 110.782068200845 1903912.52669297 -517267.925728512
-0.21295 -0.0103403499047459 0.00459934489158632 -5.35883265392477 110.775030844207 1903834.0315556 -517252.444138661
-0.213 -0.000461329445130689 0.0144688693012717 -5.35195892559749 110.767993487569 1903937.72439028 -517265.436658485
-0.21305 0.00474933548075332 -0.0129222495571014 -5.36496580377015 110.76095613093 1903724.48502224 -517254.195312418
-0.2131 0.0159360026429594 -0.000993855292103814 -5.35212203102402 110.753918774292 1903807.90728875 -517267.506107123
-0.21315 -0.0293026692790373 0.023432704041782 -5.37572483708753 110.746881417653 1903637.30747195 -517253.212152422
-0.2132 0.00741681809739544 -0.00755034936744514 -5.37348340257691 110.739844061015 1903670.07699731 -517254.951567517
-0.21325 0.0162209584518198 -0.00718371006910834 -5.37603845334168 110.732806704377 1903827.93891096 -517228.98529034
-0.2133 -0.0313718140587696 0.0123972960253027 -5.38066444077328 110.725769347738 1903646.75224407 -517232.471168727
-0.21335 0.022206070246098 0.0073411443409442 -5.36033948995883 110.7187319911 1903988.16750185 -517241.275301701
-0.2134 0.00441134337907559 -0.0111930074767643 -5.37985681936733 110.711694634462 1903687.1139242 -517239.387267928
-0.21345 0.00334194121356524 0.0147510767296254 -5.37674140242934 110.704657277823 1903872.45728541 -517252.077422265
-0.2135 -0.000857651007613545 -0.00939125510058527 -5.38967044088073 110.697619921185 1903607.73703876 -517249.171739409
-0.21355 -0.00678809840149147 0.00162387984913292 -5.38370956961569 110.690582564547 1903639.62258059 -517253.323876748
-0.2136 0.0105718699140767 -0.00119160518166195 -5.38486906063485 110.683545207908 1903737.36542434 -517241.224438332
-0.21365 -0.0112693183376667 -0.00241884974049469 -5.39130608460748 110.67650785127 1903610.00937168 -517240.850834344
-0.2137 0.0152164908391386 -0.00129122179218501 -5.38772534321676 110.669470494632 1903849.15782998 -517225.768823213
-0.21375 -0.0123066070616034 -0.00886261984862236 -5.4065274686045 110.662433137993 1903500.45049535 -517236.161922099
-0.2138 0.0050582348642309 0.0137182469149472 -5.38281831825357 110.655395781355 1903820.00407835 -517242.166313416
-0.21385 -0.00371785891999929 -0.00332530922440353 -5.39382253599584 110.648358424717 1903610.17642382 -517237.723370014
-0.2139 0.0123317955325452 -0.0104914721321417 -5.38677003304695 110.641321068078 1903701.29894051 -517234.059080001
-0.21395 -0.0113145189634332 0.0151263635639377 -5.38918821022584 110.63428371144 1903683.3843091 -517239.614896073
-0.214 0.00242592470004061 -0.0144232656850585 -5.39280161630767 110.627246354802 1903619.97889358 -517228.769269396
-0.21405 0.00260266039222052 0.00663809564302333 -5.39109438715451 110.620208998163 1903765.93527454 -517231.115696606
-0.2141 0.000367627486824585 -0.00195828637051487 -5.39441172896428 110.613171641525 1903687.76202798 -517223.740502985
-0.21415 -0.00287052171351651 0.00148056710708556 -5.39054952907371 110.606134284887 1903677.98567152 -517223.607346853
-0.2142 -0.00634804028697148 0.00140226348567445 -5.39875620846101 110.599096928248 1903546.79802928 -517243.048812701
-0.21425 0.012339909750434 0.00330138046937906 -5.39020607059086 110.59205957161 1903747.46645357 -517232.602544514
-0.2143 -0.0035768186286188 -0.0156710056293495 -5.4015101718228 110.585022214972 1903524.55029273 -517235.290959817
-0.21435 0.00500390779702934 0.0232717441478055 -5.38645856861889 110.577984858333 1903871.50348338 -517230.099510828
-0.2144 -0.0198212152333721 -0.0217020435425384 -5.41393142321445 110.570947501695 1903337.67612417 -517234.430911447
-0.21445 0.0271374983473067 0.0120747388984311 -5.39492017797124 110.563910145056 1903860.15654902 -517248.25876954
-0.2145 -0.0211595499904945 -0.0161027468640806 -5.42976297256093 110.556872788418 1903221.29307624 -517249.310266805
-0.21455 0.0103332701549327 0.0366057462451793 -5.39982837704498 110.54983543178 1903912.17823334 -517228.81055775
-0.2146 -0.0064881961227697 -0.0235108840652309 -5.42318152140313 110.542798075141 1903324.65822257 -517235.157552749
-0.21465 0.0223813196216381 0.0128484388576232 -5.39275346668441 110.535760718503 1903869.76512381 -517222.984113488
-0.2147 -0.0366577587264182 -0.0054954410103205 -5.42809164802275 110.528723361865 1903186.54693527 -517233.54093885
-0.21475 0.0338024208704391 0.0182675881629244 -5.39003777369766 110.521686005226 1903952.23139097 -517239.097702873
-0.2148 -0.0145951508674187 -0.0343299877672955 -5.43176287092844 110.514648648588 1903153.24387539 -517254.349407964
-0.21485 0.0170102674773856 0.0347084800392918 -5.3964384423718 110.50761129195 1903924.82827539 -517253.029249238
-0.2149 -0.0205050779697942 -0.0327181769436478 -5.43675012422435 110.500573935311 1903081.53858619 -517246.56186743
-0.21495 0.0238026907256868 0.0299645125717428 -5.40968138641206 110.493536578673 1903944.5766643 -517227.297356086
-0.215 -0.0265270388379581 -0.0260352130351623 -5.44951569242631 110.486499222035 1903053.22347635 -517225.26967168
-0.21505 0.0278100920026702 0.0303820987564506 -5.39777318671523 110.479461865396 1904019.80210728 -517229.669486343
-0.2151 -0.0321070309375076 -0.0275330927494836 -5.45610153802325 110.472424508758 1902949.4231029 -517236.097808248
-0.21515 0.0308935617961456 0.0218284251338085 -5.40805926597122 110.46538715212 1903938.23940097 -517244.116025138
-0.2152 -0.0306720107999136 -0.0288122138748897 -5.4689612305184 110.458349795481 1902950.02268344 -517231.216745353
-0.21525 0.0352896443079193 0.0323990628244251 -5.41292913278412 110.451312438843 1904037.58390014 -517222.943160005
-0.2153 -0.0285943968369045 -0.0227712219196305 -5.47643293734498 110.444275082205 1902915.47899522 -517230.137392958
-0.21535 0.0298627795033431 0.0128434509078531 -5.432917732881 110.437237725566 1903722.73128537 -517248.005808067
-0.2154 -0.0280972825513009 -0.00874043458050366 -5.46643125101592 110.430200368928 1903098.87503437 -517228.299165264
-0.21545 0.018672513785498 0.0124493489305911 -5.45355760696004 110.42316301229 1903630.77516736 -517203.581792826
-0.2155 -0.0184181281227999 -0.00739710106522482 -5.47387635026589 110.416125655651 1903123.83098456 -517225.451793401
-0.21555 0.0191773480455767 0.0119249509190466 -5.45243964621247 110.409088299013 1903604.25275545 -517218.956056758
-0.2156 -0.0131868602359686 -0.0131004888957161 -5.46909795894761 110.402050942375 1903119.13804412 -517238.407982233
-0.21565 0.0153550155575777 0.0144176306046237 -5.4530201552289 110.395013585736 1903552.04073177 -517222.417820054
-0.2157 -0.0085793577980035 -0.0210973577372691 -5.48040404522735 110.387976229098 1903111.68148289 -517220.358663705
-0.21575 0.00715769241895148 0.0270743287686121 -5.450727284407 110.380938872459 1903634.19410182 -517220.883891776
-0.2158 -0.00780685849618056 -0.0252786797636566 -5.48574877246182 110.373901515821 1903152.36319397 -517192.066153337
-0.21585 0.0252232682399681 0.005038990843816 -5.46374704275987 110.366864159183 1903583.01010182 -517217.494666342
-0.2159 -0.0231414091802048 -0.0116192316693546 -5.48331300798272 110.359826802544 1903081.38070656 -517214.401666197
-0.21595 0.00845817756577875 0.0211208253356381 -5.46783134887889 110.352789445906 1903507.67482729 -517212.036436943
-0.216 -0.00764478305527195 -0.0367199791334825 -5.49983281188117 110.345752089268 1902880.78239721 -517214.746362132
-0.21605 0.0118607239435004 0.0220062047983769 -5.47650962612508 110.338714732629 1903540.74659803 -517202.695552662
-0.2161 -0.0296405396029627 -0.0146480964967837 -5.50178004651646 110.331677375991 1902956.41950564 -517195.750380713
-0.21615 0.0391021259697168 0.000619617282444082 -5.46746566119405 110.324640019353 1903652.8783546 -517192.967006513
-0.2162 -0.0220338867133278 -0.0105196946829086 -5.50340027833268 110.317602662714 1902921.14408703 -517201.856951178
-0.21625 0.00257107560250111 0.00452734068478686 -5.48589488553305 110.310565306076 1903286.80916418 -517200.532498097
-0.2163 0.00800755893860829 -0.00987928630912704 -5.48653465416067 110.303527949438 1903311.68666505 -517195.593656721
-0.21635 -0.00660039277987061 0.00634904141532058 -5.48842608103987 110.296490592799 1903289.42955118 -517190.444254436
-0.2164 5.04090010801205e-05 -0.000783785445571232 -5.50150698752007 110.289453236161 1903194.26216223 -517190.541907827
-0.21645 0.00301460747186477 -0.00102615343864697 -5.49590545914682 110.282415879523 1903272.81978246 -517200.000522676
-0.2165 0.0101172038924773 -0.00851762009027178 -5.49126151392532 110.275378522884 1903232.15756385 -517203.671349124
-0.21655 -0.0104642344886354 0.0137646432313794 -5.50288089506747 110.268341166246 1903213.79003553 -517203.820487385
-0.2166 -0.00544939515589607 0.00214731791193717 -5.50372811564438 110.261303809608 1903220.85884832 -517188.654874649
-0.21665 0.0183576503923667 -0.0122258851262174 -5.50622137784666 110.254266452969 1903273.54289768 -517178.988951367
-0.2167 -0.0123367027805999 -0.001624372299685 -5.51237937434515 110.247229096331 1903054.27675769 -517200.370442005
-0.21675 0.00207378616163901 0.00667235324314237 -5.51122233825 110.240191739693 1903256.23861995 -517186.398734383
-0.2168 -0.0167218830166928 -0.00759875872493186 -5.53143386529313 110.233154383054 1902881.37296512 -517190.886502139
-0.21685 0.0217140784653756 -0.0114135793976086 -5.51468559119032 110.226117026416 1903277.011272 -517164.501880956
-0.2169 -0.0039745503512123 0.00321135450225396 -5.52764898208715 110.219079669778 1903115.7035349 -517172.32274
-0.21695 -0.0176439235400426 0.0166045838896113 -5.53308940669347 110.212042313139 1903092.92279277 -517166.676548715
-0.217 0.0126641105479992 -0.00921449021154523 -5.53026648493101 110.205004956501 1903133.59754264 -517168.235849518
-0.21705 0.000907692729041968 -0.00584908933521433 -5.54300198529807 110.197967599862 1903035.81914032 -517175.549439846
-0.2171 0.0043570436578179 0.00716363803819239 -5.53678107321377 110.190930243224 1903093.57615173 -517184.752192757
-0.21715 -0.00929759556991465 0.00365516540483289 -5.54402322816239 110.183892886586 1902971.13517545 -517171.679365216
-0.2172 0.0172841680816842 -0.013049228186592 -5.55115912112898 110.176855529947 1902997.99773151 -517183.452073421
-0.21725 -0.00365425313131445 0.00889889108272228 -5.54951082962794 110.169818173309 1902967.38113496 -517194.784075255
-0.2173 -0.00937281398522988 0.00895015975857356 -5.55342226493997 110.162780816671 1902894.63237365 -517184.022122988
-0.21735 0.0119905872391734 -0.00983573069270023 -5.54747731752291 110.155743460032 1903077.26576369 -517159.47215924
-0.2174 -0.000524650087279392 -0.00424213986166744 -5.5516424477359 110.148706103394 1903010.66931498 -517158.454769207
-0.21745 -0.0152117780208995 0.0275784215434652 -5.54729061443763 110.141668746756 1903135.8560625 -517161.553763968
-0.2175 0.000298204573554023 -0.0253681139564744 -5.56598590537364 110.134631390117 1902768.51015095 -517160.87850004
-0.21755 0.0272322727846002 -0.0011593835534515 -5.54722625225974 110.127594033479 1903169.94433344 -517164.990873373
-0.2176 -0.0278186566650622 0.00955038953930311 -5.5596069125479 110.120556676841 1902855.77772046 -517159.757591213
-0.21765 0.00249588568704834 0.0134856731287788 -5.54739901930274 110.113519320202 1903151.87218584 -517154.664369179
-0.2177 0.0156025233104334 -0.0288919595696977 -5.5591689308403 110.106481963564 1903025.80485999 -517138.37091682
-0.21775 -0.019989995688419 0.014600575345983 -5.55355492837003 110.099444606926 1903062.86928059 -517129.822882062
-0.2178 0.00831995441894018 0.010831099767052 -5.54330293901918 110.092407250287 1903191.84611021 -517155.459708517
-0.21785 -0.00300446109057289 -0.0258682635356307 -5.56306895167443 110.085369893649 1902795.48451063 -517138.245911155
-0.2179 0.00376527874332905 0.0234651265913068 -5.54695979944314 110.078332537011 1903205.70511175 -517143.330187291
-0.21795 -0.0272121318390789 -0.00812023864757826 -5.57206919288249 110.071295180372 1902811.12171915 -517127.3313016
-0.218 0.0161626276817897 0.00401454526209147 -5.54564355107592 110.064257823734 1903308.12373078 -517123.711866372
-0.21805 -0.00137841586432256 -0.0160429530111708 -5.57709387423166 110.057220467096 1902883.66125833 -517130.713661557
-0.2181 0.00358150813908334 0.0176587188460476 -5.55959010463028 110.050183110457 1903176.37159391 -517132.963512819
-0.21815 -0.0123257278646997 -0.0097232263558426 -5.58243853948764 110.043145753819 1902822.07502871 -517126.533557421
-0.2182 0.0215679730237489 0.0081237472174458 -5.56810984004956 110.036108397181 1903231.51213194 -517118.074551657
-0.21825 -0.013111730073756 -0.00960176930353116 -5.58460731330897 110.029071040542 1902786.82417276 -517134.160132715
-0.2183 -0.00127753058047805 0.0186131750883653 -5.56763674478737 110.022033683904 1903116.7737235 -517136.908914229
-0.21835 -0.00460273682160986 -0.0160668170107134 -5.5802763294396 110.014996327265 1902816.71279998 -517115.807820606
-0.2184 0.01116108900424 0.00992259398203021 -5.57577154776419 110.007958970627 1903142.60855671 -517118.407986572
-0.21845 -0.0196562082836044 -0.00918987832313084 -5.59296840846845 110.000921613989 1902824.36786853 -517100.353446344
-0.2185 0.0167946827281094 0.011344701191259 -5.57980572921361 109.99388425735 1903168.69988827 -517135.477283406
-0.21855 -0.0162850031991126 -0.00965217561898142 -5.59969890546726 109.986846900712 1902710.48090147 -517123.405230481
-0.2186 0.0160292549512906 0.0116472706028738 -5.58087784997087 109.979809544074 1903104.82376327 -517128.708864433
-0.21865 -0.00857127299891538 -0.0245217799317879 -5.60368135718322 109.972772187435 1902666.28275338 -517119.971423472
-0.2187 -0.00555413054710025 0.0242766980592577 -5.57851404217694 109.965734830797 1903148.43025501 -517097.071966637
-0.21875 0.00126932860462742 -0.0136129579307967 -5.6011898836942 109.958697474159 1902795.57852297 -517100.542805377
-0.2188 0.0186263005519728 0.0110931714639397 -5.58944092082784 109.95166011752 1903124.30190803 -517113.2614284
-0.21885 -0.0187957056288984 -0.0131839429208719 -5.6180523507038 109.944622760882 1902563.79838793 -517113.502620827
-0.2189 0.0154856382494388 0.0240733821874396 -5.59630766941773 109.937585404244 1903162.93496911 -517109.720142081
-0.21895 -0.0130251408914268 -0.031381642281805 -5.62650758233309 109.930548047605 1902412.79883086 -517105.807850184
-0.219 0.00875290152754022 0.0382241842523762 -5.58851635810935 109.923510690967 1903366.27364811 -517077.6961509
-0.21905 -0.0295864439272722 -0.0303151852162126 -5.63792808400201 109.916473334329 1902400.51427472 -517080.675996197
-0.2191 0.0447447244714136 0.0138971791705246 -5.58239848736909 109.90943597769 1903406.39754788 -517092.96211589
-0.21915 -0.0553290248169111 -0.00820815904489304 -5.63659671820579 109.902398621052 1902340.12722195 -517100.501136246
-0.2192 0.041138175920038 0.0183538553583881 -5.57791467168886 109.895361264414 1903404.24155819 -517080.765740483
-0.21925 -0.0277152614784789 -0.0463387612854121 -5.63675961825644 109.888323907775 1902276.63260087 -517090.858178881
-0.2193 0.0283454236445019 0.0535557085887191 -5.58331220750276 109.881286551137 1903484.3213697 -517074.590506449
-0.21935 -0.0470353645625185 -0.0310400614703869 -5.63967453190812 109.874249194499 1902237.26584465 -517072.530395696
-0.2194 0.064681404216272 0.0194793612061726 -5.5920718741278 109.86721183786 1903593.28026995 -517054.236156839
-0.21945 -0.0420759453357467 -0.0332233702704941 -5.65258639627109 109.860174481222 1902191.79261859 -517090.228959313
-0.2195 0.0180888871416417 0.0466911086158465 -5.59461652261014 109.853137124584 1903354.24323811 -517075.007538795
-0.21955 -0.0182269381648693 -0.0509810913911422 -5.64745953148725 109.846099767945 1902241.45552407 -517082.450867417
-0.2196 0.0236585528052994 0.0293406697337199 -5.59948069120886 109.839062411307 1903348.01788731 -517064.616710537
-0.21965 -0.0301713469053992 -0.015486694911302 -5.63853770227256 109.832025054668 1902496.15021701 -517082.586384928
-0.2197 0.0266452171032652 0.0249140108400766 -5.59771647579834 109.82498769803 1903329.61986859 -517077.96533544
-0.21975 -0.010503464452462 -0.0254360626478449 -5.64022427174586 109.817950341392 1902551.57151939 -517086.729709491
-0.2198 0.0233745897401285 0.01674750669658 -5.60933346820298 109.810912984753 1903130.72412229 -517079.290833097
-0.21985 -0.0281133097176438 -0.0077617998910098 -5.64077273642537 109.803875628115 1902578.36235214 -517070.759263028
-0.2199 0.0193395104590794 0.00700018692145512 -5.61722370342665 109.796838271477 1903145.63569251 -517060.322993244
-0.21995 -0.0117335628583882 4.26909339495128e-05 -5.64581507711619 109.789800914838 1902801.7300825 -517047.672948499
-0.22 0.019077299406993 0.000588703481298537 -5.6365785428443 109.7827635582 1902968.6995755 -517056.069382194
-0.22005 -0.0181129461624922 -0.00386967125955434 -5.65938845156362 109.775726201562 1902619.06681627 -517052.132923326
-0.2201 0.0171227467948825 0.00705958667008072 -5.65153668054229 109.768688844923 1902916.50607634 -517056.832587952
-0.22015 -0.00335740165716443 -0.0135085268854076 -5.66080887939914 109.761651488285 1902553.67292612 -517063.032248848
-0.2202 0.00715653008348379 0.0295179261181343 -5.63975463507442 109.754614131647 1903102.61227198 -517051.455756714
-0.22025 -0.00653414505792157 -0.0175505374785532 -5.67163201977406 109.747576775008 1902584.33618993 -517034.193528194
-0.2203 0.0249166978151494 0.0162393067097271 -5.6353603109927 109.74053941837 1903161.46058688 -517035.340192248
-0.22035 -0.0297731528855237 -0.0164593067866721 -5.66732533929101 109.733502061732 1902486.77759307 -517043.038711019
-0.2204 0.0273756812190426 0.0177022871995641 -5.63822492534955 109.726464705093 1903133.29561994 -517038.886705591
-0.22045 -0.0255153928019545 -0.0331551375647485 -5.68230174710964 109.719427348455 1902304.84240812 -517042.75392319
-0.2205 0.0200749342365387 0.033366316787131 -5.63557102910704 109.712389991817 1903245.4194676 -517031.320303732
-0.22055 -0.0295097479588712 -0.0254675633049745 -5.6790428803794 109.705352635178 1902397.77684712 -517026.735852905
-0.2206 0.0324923266648419 0.0253597285583211 -5.65332912604426 109.69831527854 1903171.64432615 -517020.159733621
-0.22065 -0.035115021781006 -0.0352319681549854 -5.70111801892928 109.691277921902 1902157.40965903 -517025.36079984
-0.2207 0.0249641207714847 0.0497520492466951 -5.6435210299944 109.684240565263 1903358.75601274 -517010.846714728
-0.22075 -0.0306679234109754 -0.0512258647676872 -5.69981765002369 109.677203208625 1902101.28980395 -517038.982512268
-0.2208 0.0451426455740756 0.0311920210754183 -5.64366924079717 109.670165851987 1903390.35629843 -517019.761187245
-0.22085 -0.0434177484477482 -0.0291446241198575 -5.70297798582075 109.663128495348 1902113.87579696 -517030.12842055
-0.2209 0.0370600946789924 0.0271027832744069 -5.65419539010238 109.65609113871 1903221.64471941 -517022.113646329
-0.22095 -0.0305194583417561 -0.0317147898186333 -5.69266048601259 109.649053782072 1902200.82048494 -517046.856936176
-0.221 0.0306066364692271 0.0336959569663852 -5.64569453183503 109.642016425433 1903337.52056094 -517022.665206347
-0.22105 -0.0339886168380751 -0.030480618279671 -5.6987681414397 109.634979068795 1902200.94204662 -517023.689940643
-0.2211 0.0421945857310426 0.0210620115549917 -5.65152732049942 109.627941712156 1903340.47250156 -516996.720931779
-0.22115 -0.0344336429536284 -0.0184294170497911 -5.70418244647731 109.620904355518 1902284.46159511 -517018.105492917
-0.2212 0.0169624221131413 0.0215748255725074 -5.66789109307839 109.61386699888 1903034.9718146 -517016.301033399
-0.22125 -0.0154214874839807 -0.0197247903320101 -5.69007077049947 109.606829642241 1902491.29475882 -517019.248671775
-0.2213 0.0144877757364617 0.0167880188078077 -5.65487460925875 109.599792285603 1902986.03864213 -517035.8122986
-0.22135 -0.000975726632627791 -0.0138374897739199 -5.67685655664146 109.592754928965 1902550.43790924 -517015.970864452
-0.2214 0.00210750494499925 0.00609866229266032 -5.66506714447561 109.585717572326 1902710.45257043 -517043.237311968
-0.22145 -0.00706585970741492 0.00164324497763689 -5.66699883773572 109.578680215688 1902634.99431104 -517054.001415616
-0.2215 0.00184565393226719 0.00369952842180205 -5.67364602924321 109.57164285905 1902751.84314646 -517026.954172126
-0.22155 0.00198597029358533 -0.00505336290324797 -5.67460433590033 109.564605502411 1902748.4058586 -517019.24990712
-0.2216 0.00791805433622065 -0.00691828973791 -5.67681621644657 109.557568145773 1902658.16340617 -517022.951363911
-0.22165 -0.00205286748980001 0.008811253582663 -5.67083904123473 109.550530789135 1902747.86604022 -517019.966693293
-0.2217 -0.00545591182951989 0.00210539579035364 -5.66424885029874 109.543493432496 1902705.53739489 -517033.392578888
-0.22175 0.00813266200124832 -0.00874445812624773 -5.67292485058555 109.536456075858 1902649.45452571 -517016.748504461
-0.2218 0.00485681061439834 -7.9973277108888e-05 -5.67316755456955 109.52941871922 1902728.63433502 -517021.385387485
-0.22185 -0.035048273085889 0.00714856489569629 -5.6861708106213 109.522381362581 1902514.91535524 -516994.901299156
-0.2219 0.0265752570059896 -0.00186818045459808 -5.66923563536239 109.515344005943 1902891.8680913 -517002.386485909
-0.22195 -0.00872935208233038 -0.019351509478789 -5.69947541161823 109.508306649305 1902367.98265107 -517017.208089144
-0.222 0.0100370682552201 0.0136381942935505 -5.67596778500323 109.501269292666 1902799.35550208 -517013.00771827
-0.22205 -0.0211581492756262 0.0022838700923151 -5.69415872103023 109.494231936028 1902432.02057781 -517023.155195562
-0.2221 0.0187107822610236 0.0018880090223167 -5.67711991965417 109.48719457939 1902871.96152796 -516996.305436474
-0.22215 -0.00807272551205216 -0.00596462433630603 -5.70916578244339 109.480157222751 1902489.97906404 -517010.054535904
-0.2222 0.000341293158411631 0.00619764760486512 -5.69081812793087 109.473119866113 1902728.93872387 -516995.009292184
-0.22225 0.000608777785702704 -0.00517332569307891 -5.70219801584916 109.466082509474 1902628.49832198 -516994.898744214
-0.2223 0.00167575268341434 0.00497773509016079 -5.70316811048579 109.459045152836 1902647.88928485 -516999.695460156
-0.22235 -0.0112199364777491 -0.00215077143852943 -5.69963455655562 109.452007796198 1902512.18424971 -517000.222102805
-0.2224 -0.000412494379289655 0.00874904112337431 -5.68756765259994 109.444970439559 1902740.61274116 -516999.141193747
-0.22245 -0.00106328843744841 -0.0108126957093302 -5.70842828306216 109.437933082921 1902533.95257409 -516985.192619261
-0.2225 0.00384577829925136 0.0150353670039925 -5.69128211773943 109.430895726283 1902869.29500041 -516982.02359997
-0.22255 0.00174902321493765 -0.0117521840530167 -5.71928310128532 109.423858369644 1902491.01289001 -516987.13430474
-0.2226 -0.00198847254982161 -0.000203565525023465 -5.71876012298747 109.416821013006 1902575.28374149 -516985.567042443
-0.22265 0.00238105072791413 0.0027082980143636 -5.71890131353044 109.409783656368 1902512.70654341 -517010.156156522
-0.2227 -0.0046045960006975 0.000679495898773759 -5.71977295681095 109.402746299729 1902506.48605326 -516989.55390493
-0.22275 0.00694955179670258 -0.00170162212340602 -5.72700258767761 109.395708943091 1902473.55630228 -516997.205930815
-0.2228 -0.0142650673727868 0.00716661201000149 -5.72312830283453 109.388671586453 1902522.89569251 -516982.671884216
-0.22285 -0.00301438589292888 0.00576518919443146 -5.72075628762969 109.381634229814 1902640.32676458 -516977.49204355
-0.2229 0.00964434732398177 -0.00639378603014363 -5.72788341060108 109.374596873176 1902563.74462087 -516964.928882471
-0.22295 -0.00783566806351936 -0.00807199548315899 -5.73744876207772 109.367559516538 1902411.24919079 -516978.031458507
-0.223 0.00254258106238565 0.0138438487742868 -5.7377127940867 109.360522159899 1902631.97376689 -516972.762599833
-0.22305 -0.013786423924261 -0.0181439257052316 -5.75914959868871 109.353484803261 1902155.39168808 -516984.895337732
-0.2231 0.00904048772445395 0.0241980299235566 -5.72840216441419 109.346447446623 1902752.05555699 -516980.893371074
-0.22315 -0.0114196406781459 -0.0231363667680889 -5.7665052074575 109.339410089984 1902140.95615733 -516985.14792578
-0.2232 0.0248581149299953 0.0259878072512603 -5.74004762735082 109.332372733346 1902764.14086384 -516984.733733317
-0.22325 -0.0255117259185851 -0.0206476057889133 -5.79255729863641 109.325335376708 1901829.14082302 -516990.097568191
-0.2233 0.036339579170697 0.0134384080048099 -5.75479169592906 109.318298020069 1902717.04728019 -516979.805648678
-0.22335 -0.0469624418531879 -0.0104727525270949 -5.79683923633316 109.311260663431 1901805.96889166 -516972.041392899
-0.2234 0.0347179700861755 0.0167710452094233 -5.74964291046556 109.304223306793 1902806.1487523 -516952.387977137
-0.22345 -0.0319327367759542 -0.0257245551801909 -5.80173000167566 109.297185950154 1901897.53858184 -516943.195781538
-0.2235 0.0367318037662704 0.0151840447471412 -5.76040236711542 109.290148593516 1902733.51301187 -516958.804885077
-0.22355 -0.0234317996498214 -0.0300796635959787 -5.80846565533054 109.283111236877 1901765.98580248 -516968.47952256
-0.2236 0.0183971584019264 0.0324909243322688 -5.76337040454835 109.276073880239 1902696.75399684 -516970.199956602
-0.22365 -0.0164692175433605 -0.015966363480435 -5.79515061981795 109.269036523601 1902071.38604759 -516970.806182242
-0.2237 0.0147696167198659 0.00985452446002263 -5.78085662434249 109.261999166962 1902550.66296645 -516943.454977667
-0.22375 -0.00802862938616674 -0.016183673532073 -5.79950231294202 109.254961810324 1902124.48832784 -516939.233350355
-0.2238 0.00801843108831102 0.0134247844153722 -5.77108402183229 109.247924453686 1902538.5641958 -516950.84019863
-0.22385 -0.0146792252550691 -0.00650470038277826 -5.79040858306857 109.240887097047 1902142.91268482 -516954.929645477
-0.2239 -0.00146318148750373 0.00679399780919216 -5.78385295789999 109.233849740409 1902352.03907695 -516943.076814043
-0.22395 0.0100269634419008 -0.0119281852529319 -5.78998041265678 109.226812383771 1902245.95199651 -516949.939630006
-0.224 -0.00766298190349297 0.00937203351158673 -5.79040228574485 109.219775027132 1902345.5938091 -516947.145395097
-0.22405 0.00254336050012672 -0.000371269459332905 -5.7849202675454 109.212737670494 1902430.42896454 -516930.931652436
-0.2241 0.00781635277836947 -0.00959503789900277 -5.80570274835909 109.205700313856 1902213.92919974 -516936.104914514
-0.22415 -0.00679665933272557 0.0225232805640347 -5.80167909238342 109.198662957217 1902383.80497037 -516935.689428329
-0.2242 -0.0169503347010452 -0.0101123405660887 -5.81073102443373 109.191625600579 1902057.28006946 -516941.661293485
-0.22425 0.0253829542128835 0.0015711768458289 -5.80356667224969 109.184588243941 1902403.26142867 -516932.421963912
-0.2243 -0.0222438399480353 -0.00435311830655478 -5.82092542532436 109.177550887302 1901991.35089215 -516930.593402051
-0.22435 0.0103586285222834 0.0228244178766965 -5.81052547935595 109.170513530664 1902439.60862715 -516914.972350509
-0.2244 -0.00930144080413118 -0.0279868772310701 -5.83749621783856 109.163476174026 1901908.62066945 -516919.458120401
-0.22445 0.0131790297451455 0.026562776128804 -5.81747991874793 109.156438817387 1902434.66270589 -516923.242793464
-0.2245 -0.0111753983003296 -0.023113828180672 -5.84967126816008 109.149401460749 1901815.93110463 -516929.972193988
-0.22455 0.0211175049668667 0.01984975234559 -5.82554742280126 109.142364104111 1902426.20422244 -516934.557138307
-0.2246 -0.0279394672589349 -0.00981174191317949 -5.86855129695482 109.135326747472 1901791.30990867 -516915.482737205
-0.22465 0.0231238995687798 0.0120193108689789 -5.83558650981695 109.128289390834 1902417.35295909 -516890.187399006
-0.2247 -0.0167767736817458 -0.0220901468371002 -5.88638824233725 109.121252034196 1901721.46798139 -516902.16767481
-0.22475 0.00971404857108969 0.0212780299615238 -5.85675059757493 109.114214677557 1902239.69229145 -516905.092852769
-0.2248 -0.00541910158654859 -0.0220637675629072 -5.87566644195 109.107177320919 1901817.19926516 -516906.058142654
-0.22485 0.00731398249199579 0.0152561030594417 -5.85545351494839 109.100139964281 1902184.79397106 -516912.259268853
-0.2249 -0.012676386384022 -0.0166183491055154 -5.87533963531974 109.093102607642 1901763.94844097 -516904.681684862
-0.22495 0.00608899428360194 0.0154263565383598 -5.85468354610434 109.086065251004 1902237.00539719 -516901.793121386
-0.225 -0.00276335294809731 -0.0160847074058968 -5.87484157585526 109.079027894365 1901875.35586987 -516907.318006416
-0.22505 0.00184406192162851 0.0244850694741596 -5.86670277696454 109.071990537727 1902216.29737395 -516900.621062912
-0.2251 -0.00613220163376715 -0.0324964613259128 -5.88537084899946 109.064953181089 1901735.49792649 -516885.485451747
-0.22515 0.0182312809523289 0.0256576006570477 -5.84771238209445 109.05791582445 1902484.23228318 -516876.112330616
-0.2252 -0.0397004371117585 -0.014861670110669 -5.88631891962987 109.050878467812 1901570.23082295 -516888.76388584
-0.22525 0.0445358342534774 0.023830218097362 -5.8448001203732 109.043841111174 1902484.32182392 -516902.794349045
-0.2253 -0.0261661322054712 -0.0420336779570308 -5.91033843594929 109.036803754535 1901390.57494192 -516890.161477092
-0.22535 0.021581608621538 0.0500544755688879 -5.85181083908959 109.029766397897 1902578.54552103 -516882.897862226
-0.2254 -0.0366279073302881 -0.0255631312614444 -5.90713855806182 109.022729041259 1901503.61016685 -516871.918053308
-0.22545 0.0426773344041571 0.0160449221394192 -5.86791798104388 109.01569168462 1902384.27822258 -516871.485559579
-0.2255 -0.0345676857841658 -0.0253390388257465 -5.9052592107356 109.008654327982 1901462.63922347 -516880.152217562
-0.22555 0.0170666256956725 0.0277369343633888 -5.86585099583676 109.001616971344 1902280.49241758 -516873.566512227
-0.2256 -0.0136167225501059 -0.0255128195205503 -5.89215349999472 108.994579614705 1901624.25584046 -516886.252868199
-0.22565 0.0172792398642974 0.0244194608119769 -5.86268209623362 108.987542258067 1902250.33241684 -516883.032889167
-0.2257 -0.0157942626611391 -0.00933891047601123 -5.88525972784985 108.980504901429 1901718.8663751 -516878.240935019
-0.22575 0.00997692199367572 -0.00212427868532482 -5.85534849194122 108.97346754479 1902088.36274547 -516889.982726353
-0.2258 -0.00684518628736515 -0.00566866082670984 -5.85649135310869 108.966430188152 1901973.16921506 -516886.272878936
-0.22585 0.00265510448024111 0.0122770002057234 -5.83530573828505 108.959392831514 1902265.07405239 -516894.812684214
-0.2259 -6.72576553541324e-05 -0.0101212649518768 -5.85389242819885 108.952355474875 1902082.99826332 -516876.906611089
-0.22595 -0.0135788797713895 0.00323638393295819 -5.83213891377132 108.945318118237 1902148.27441449 -516896.967640335
-0.226 -0.0016366622687931 0.00398650372027099 -5.82229270345908 108.938280761599 1902227.62164724 -516903.837832864
-0.22605 0.0084515984258746 -0.00835998299023056 -5.80863635216909 108.93124340496 1902240.41233674 -516916.158068774
-0.2261 0.000792276008202754 0.00185159349893759 -5.80169674469971 108.924206048322 1902219.69442781 -516927.633505234
-0.22615 -0.00335803929039421 0.00156816725941533 -5.79185998209751 108.917168691684 1902210.60445466 -516933.893943163
-0.2262 -0.00585920153393898 -0.00847406044641686 -5.79029711674056 108.910131335045 1902221.35720964 -516914.471350344
-0.22625 0.00330211602584004 0.00539307321050446 -5.78398401421296 108.903093978407 1902404.48972489 -516921.50882897
-0.2263 0.000356011840191108 -0.0105682267741337 -5.78286814536572 108.896056621768 1902221.91715281 -516926.406961684
-0.22635 0.00127211133994088 0.0150433999232092 -5.76811860319463 108.88901926513 1902449.12536398 -516925.469406273
-0.2264 -0.0118467643463313 -0.0161524020977554 -5.76884809015811 108.881981908492 1902102.81318785 -516920.48800636
-0.22645 0.0137666840988803 0.0159969793187719 -5.73268053539217 108.874944551853 1902669.69955933 -516938.484621737
-0.2265 -0.0136348829500769 -0.0281684908366612 -5.74618556368715 108.867907195215 1902135.14562477 -516935.355002326
-0.22655 0.00796581593108085 0.0332057205601477 -5.69485278486858 108.860869838577 1902956.27058411 -516931.08233242
-0.2266 -0.0166546122698502 -0.0316545633204674 -5.72192260125608 108.853832481938 1902344.69915764 -516920.490873804
-0.22665 0.0324271700243352 0.0101057857808859 -5.67775820151744 108.8467951253 1903074.19845821 -516939.439171951
-0.2267 -0.0418261666743163 -0.0176448315046021 -5.71876112608072 108.839757768662 1902134.3687397 -516935.677385769
-0.22675 0.0329081568333132 0.0320780821540901 -5.6633886406822 108.832720412023 1903202.35841455 -516948.465491302
-0.2268 -0.0107646962690983 -0.0509801681848967 -5.71361186606961 108.825683055385 1902197.20703163 -516956.666258239
-0.22685 0.0104188418912025 0.0423083148478099 -5.65922250209236 108.818645698747 1903184.81250988 -516943.079848772
-0.2269 -0.0291896007092429 -0.033647121017041 -5.70065679634099 108.811608342108 1902251.51957556 -516959.155270975
-0.22695 0.0323665408089179 0.0224615928134446 -5.64694698370753 108.80457098547 1903209.18806664 -516949.719926466
-0.227 -0.0377287029489733 -0.0255918764334626 -5.69378146467785 108.797533628832 1902292.4667494 -516944.949703281
-0.22705 0.0348050588743384 0.0245539853335645 -5.63786259400404 108.790496272193 1903329.68315681 -516940.292484492
-0.2271 -0.0277279758225598 -0.023130506566954 -5.67009019135774 108.783458915555 1902462.12829023 -516951.213827998
-0.22715 0.0177548952237716 0.0313879238721855 -5.6203937920985 108.776421558917 1903345.22411327 -516943.775756411
-0.2272 -0.0154242333934614 -0.042538013739666 -5.66807387279249 108.769384202278 1902417.21132941 -516952.682676513
-0.22725 0.0266397579059877 0.0335664725455577 -5.6094436594738 108.76234684564 1903467.41713161 -516946.1508969
-0.2273 -0.0336454152005969 -0.0236681786879698 -5.6594589955878 108.755309489002 1902512.35618402 -516947.675461532
-0.22735 0.0353222365835597 0.0277789082151566 -5.6126281738566 108.748272132363 1903472.14340684 -516949.429059012
-0.2274 -0.0254377918795251 -0.0362968276616127 -5.66007015150913 108.741234775725 1902464.6303997 -516956.579020813
-0.22745 0.023366299731802 0.0446031254799485 -5.59797816560679 108.734197419086 1903534.38829216 -516963.567174985
-0.2275 -0.036351287705891 -0.0405736270887341 -5.65653108594073 108.727160062448 1902375.95717366 -516958.00047112
-0.22755 0.0406717141117401 0.0371628279423265 -5.59249329338516 108.72012270581 1903660.60882816 -516962.439545009
-0.2276 -0.0385702311538146 -0.0352231586435813 -5.64910304356665 108.713085349171 1902467.62317535 -516930.595561305
-0.22765 0.0204271507109052 0.0498252925005153 -5.58887660686974 108.706047992533 1903652.79032664 -516939.428075338
-0.2277 -0.0117977353052499 -0.0425349766125108 -5.61957242656522 108.699010635895 1902729.77833121 -516947.62542265
-0.22775 0.0224596262219416 0.0269268856301007 -5.58624906103648 108.691973279256 1903498.19031253 -516945.623213605
-0.2278 -0.036304108682801 -0.0164624754538315 -5.61766746575968 108.684935922618 1902652.18461033 -516965.300082479
-0.22785 0.0320479909721462 0.0213340208114445 -5.56734971973434 108.67789856598 1903605.32341424 -516955.472931583
-0.2279 -0.019016863066684 -0.0307265154381894 -5.60183670274341 108.670861209341 1902784.51821654 -516955.052144326
-0.22795 0.018731450783699 0.0308950642880683 -5.56957564049778 108.663823852703 1903511.11682569 -516962.293011632
-0.228 -0.0259926580431361 -0.02773217039691 -5.59727132866136 108.656786496065 1902733.42389179 -516981.382929947
-0.22805 0.0177241102192886 0.0243380882264788 -5.55898629974296 108.649749139426 1903543.41063214 -516977.491567644
-0.2281 -0.00526572664251187 -0.0250484601655471 -5.57932881098929 108.642711782788 1902969.50530425 -516977.447415413
-0.22815 0.00363410882582591 0.019981069143851 -5.55927327909557 108.63567442615 1903427.2718751 -516963.680296527
-0.2282 -0.00529876971258316 -0.00587061751844891 -5.57360643958292 108.628637069511 1903182.86982277 -516960.360590845
-0.22825 -0.000370980149324413 0.0105800211395211 -5.56149028991298 108.621599712873 1903336.42994355 -516951.18401172
-0.2283 -0.00273790502112997 -0.0132915479016859 -5.55257920478159 108.614562356235 1903308.12931665 -516957.889238065
-0.22835 0.00309364659042733 0.00960917997612186 -5.52748117437179 108.607524999596 1903601.39406565 -516959.219623458
-0.2284 -0.0158213487305941 0.00101565851665764 -5.53297185252382 108.600487642958 1903336.18851422 -516973.008976588
-0.22845 0.0105751636620364 -0.000351099628337772 -5.51959899752168 108.59345028632 1903567.3454488 -516976.023785173
-0.2285 -0.0022623781902917 -0.00271923352047798 -5.5257350708316 108.586412929681 1903410.482519 -516976.898494562
-0.22855 0.000108766919901717 0.00891389724346499 -5.53173161166211 108.579375573043 1903433.15946001 -516997.802391236
-0.2286 -0.000661600899141546 -0.00616940702556578 -5.52819265698502 108.572338216405 1903423.93243958 -516984.063890047
-0.22865 0.00870110895684617 -0.0014290202669106 -5.52513741777506 108.565300859766 1903560.28787963 -516963.808476329
-0.2287 -0.0144118776671085 0.0154402290630503 -5.52815682226208 108.558263503128 1903541.49670392 -516968.918932467
-0.22875 0.00590431510212003 -0.0140666180753717 -5.52116549490881 108.551226146489 1903423.57204995 -516959.191125891
-0.2288 0.0147141951134933 -0.00534954912098906 -5.51311849157094 108.544188789851 1903622.23565418 -516966.532732111
-0.22885 -0.0280676723923866 0.014651406347947 -5.51805352399815 108.537151433213 1903420.25076288 -516967.722651392
-0.2289 0.0188890268031277 -0.00190136358968246 -5.49605946690906 108.530114076574 1903647.68860539 -516990.281422006
-0.22895 0.00276152008581859 -0.017993370579604 -5.49698999275883 108.523076719936 1903465.38659778 -516994.130482588
-0.229 -0.00560498777372317 0.0271451835671618 -5.47914998204535 108.516039363298 1903783.0379103 -516995.848207593
-0.22905 -0.00962967532308198 -0.00695482183081931 -5.47859076229383 108.509002006659 1903605.48029363 -516994.17332161
-0.2291 0.0135010344848584 0.00638386356581115 -5.46098703400254 108.501964650021 1903858.28924645 -517017.051954612
-0.22915 0.00455014566362638 -0.0217916064708955 -5.46143910043766 108.494927293383 1903687.15451284 -517000.228357996
-0.2292 -0.00591085455921253 0.0189124433035797 -5.4400753125515 108.487889936744 1904021.4269095 -516993.563148356
-0.22925 -0.01262088285463 -0.00389956266909969 -5.45047193838826 108.480852580106 1903790.34584541 -516992.602153154
-0.2293 0.0248801881722904 -0.0134996149917434 -5.43183061357668 108.473815223468 1904024.237345 -517000.201376745
-0.22935 -0.0114933361285503 0.00582878518160504 -5.42708109221035 108.466777866829 1903928.77759529 -517002.247505749
-0.2294 0.00950829130261368 0.0081787150688017 -5.42113367497503 108.459740510191 1904059.04926805 -517010.86338572
-0.22945 -0.0102505177288009 -0.00982693339704009 -5.43086751634387 108.452703153553 1903790.14554654 -517019.679644315
-0.2295 0.0178200776134197 0.0073533821254325 -5.39935921974444 108.445665796914 1904217.10540963 -517024.36148579
-0.22955 -0.0165074783864989 -0.0109439960061525 -5.40841486121083 108.438628440276 1903866.61296248 -517013.292014268
-0.2296 0.00397544605785056 0.0209626598027159 -5.38719308416326 108.431591083638 1904251.36964456 -517026.356764585
-0.22965 -0.00149617493627696 -0.0328888164066746 -5.41004396882081 108.424553726999 1903812.53368273 -517008.65249447
-0.2297 0.015707174100931 0.0253236445752993 -5.36687358931813 108.417516370361 1904423.76103212 -517035.599523037
-0.22975 -0.0113004503919576 -0.0261810000024894 -5.395798884638 108.410479013723 1903891.26737134 -517026.553744817
-0.2298 0.0118781802304239 0.0287692079495619 -5.3638974127128 108.403441657084 1904463.67349656 -517031.270659303
-0.22985 -0.0127795013886806 -0.0337609101442387 -5.39602650229545 108.396404300446 1903726.1493647 -517049.070780067
-0.2299 0.0275032984407729 0.0425853795997882 -5.35581354055492 108.389366943808 1904673.66460942 -517051.667746954
-0.22995 -0.0358214311488316 -0.0226846549168951 -5.38965411154828 108.382329587169 1903799.73002422 -517021.189474726
-0.23 0.0398313378897343 0.00932822683036419 -5.33731043944958 108.375292230531 1904708.29160822 -517022.566492226
-0.23005 -0.0224551892423417 -0.0168601406927074 -5.35887275121405 108.368254873892 1904014.68370211 -517039.240622761
-0.2301 0.00587328922947021 0.0224430482266752 -5.32728539364354 108.361217517254 1904617.25348425 -517038.294509919
-0.23015 -0.00649554704946891 -0.0200482699547508 -5.33643730302427 108.354180160616 1904167.63187915 -517047.337200337
-0.2302 0.00790566712906196 0.0174809565922967 -5.30943358037417 108.347142803977 1904595.29282083 -517069.487316649
-0.23025 -0.0169972818647335 -0.0102916249872458 -5.32418729392787 108.340105447339 1904202.27108176 -517075.219284513
-0.2303 0.0269416037098835 0.00312560212059128 -5.2940776070786 108.333068090701 1904679.50562205 -517088.202480959
-0.23035 -0.0200956464737957 -0.000482047890510713 -5.30243387863863 108.326030734062 1904330.39454082 -517077.937642541
-0.2304 0.00791211459949668 0.00115363731900919 -5.28291469176014 108.318993377424 1904581.08250851 -517084.29935526
-0.23045 -0.00107079219024215 -0.0127754238106314 -5.292915183412 108.311956020786 1904448.87490165 -517078.582713832
-0.2305 -0.00202613094317488 0.0175429801533681 -5.27369845353448 108.304918664147 1904703.21862961 -517072.20321209
-0.23055 -0.0049429403766551 -0.00153617137163914 -5.28493032804762 108.297881307509 1904544.80286077 -517065.943560083
-0.2306 0.023342319928136 -0.013608392205979 -5.25721445143092 108.290843950871 1904705.20299056 -517085.689127302
-0.23065 -0.0123095096265592 0.00509631784134517 -5.26226925511365 108.283806594232 1904677.75177482 -517066.878404971
-0.2307 -0.00752301187487937 0.00327626485483119 -5.25650186308657 108.276769237594 1904666.3413131 -517090.762448554
-0.23075 0.0176540210296003 -0.0101771900051807 -5.25246880906491 108.269731880956 1904762.76091635 -517090.531121511
-0.2308 -0.014792752446021 -0.00114743346359797 -5.2638936669929 108.262694524317 1904458.28395574 -517094.951377523
-0.23085 -0.000140920837305639 0.0235591173349467 -5.24866695353855 108.255657167679 1904871.19711068 -517095.542020139
-0.2309 -0.00351806085577446 -0.0213636874721606 -5.25936211617742 108.248619811041 1904534.69598495 -517093.002772488
-0.23095 0.0179491999218123 -0.00402815292720502 -5.24913741306961 108.241582454402 1904831.22168323 -517086.486915057
-0.231 -0.0285615839293932 0.0128197033238583 -5.26743992386434 108.234545097764 1904546.58088459 -517085.94540326
-0.23105 0.0055983199322691 0.000868734231659431 -5.25553580803858 108.227507741126 1904717.65542292 -517093.109943052
-0.2311 0.0153266046612181 -0.0215772568589811 -5.2535555367988 108.220470384487 1904687.4545392 -517089.930328366
-0.23115 -0.0168274669314536 0.0163139726457614 -5.23870949411251 108.213433027849 1904736.56432479 -517101.704574794
-0.2312 -0.0152910193810357 0.0036103416820777 -5.25369144846256 108.206395671211 1904658.27056063 -517080.965156374
-0.23125 0.0289164702361253 -0.0136193003075023 -5.24249488307281 108.199358314572 1904824.73533474 -517110.029121161
-0.2313 -0.0165669784231343 -0.00109111453409224 -5.26944032770832 108.192320957934 1904461.09350241 -517101.469920622
-0.23135 -0.00816608227205866 0.0265367783766854 -5.24585315130715 108.185283601295 1904807.05762766 -517124.169967113
-0.2314 0.0132800047840432 -0.0221119862911625 -5.25300211595323 108.178246244657 1904615.5757793 -517104.457817062
-0.23145 0.00402652367542525 0.00474662632415188 -5.25220750365223 108.171208888019 1904729.08572135 -517110.846196337
-0.2315 -0.0210119507628323 0.00545454696557266 -5.24725934012366 108.16417153138 1904562.14964446 -517122.080560802
-0.23155 0.0194320652072414 -0.0021090543528511 -5.24481877348522 108.157134174742 1904782.72665627 -517132.567754084
-0.2316 -0.00393894542374604 -0.0208735534195573 -5.26793082833589 108.150096818104 1904423.53543592 -517124.22251674
-0.23165 -0.00311301884096643 0.0274759286735144 -5.25259624851483 108.143059461465 1904795.86228422 -517103.152859132
-0.2317 -0.00484620991425727 -0.0035233961276203 -5.25768306292541 108.136022104827 1904579.15995729 -517123.799711253
-0.23175 0.0263700573750654 -0.0114119542173582 -5.24481278104236 108.128984748189 1904763.87452462 -517125.816725455
-0.2318 -0.0151023845736759 0.00234442395316528 -5.24933605362421 108.12194739155 1904518.39096803 -517144.037647116
-0.23185 -0.0052828707902232 0.0106344513074922 -5.23493521276149 108.114910034912 1904840.79176351 -517113.893402008
-0.2319 0.000455358267537563 -0.00376029615991036 -5.24912972835294 108.107872678274 1904675.23254994 -517110.503316303
-0.23195 0.00292137171684195 -0.00428006766465661 -5.24900298863068 108.100835321635 1904696.65455465 -517105.98875987
-0.232 -0.00677578856297747 0.00617390815923248 -5.2467285078051 108.093797964997 1904650.71108105 -517125.26173349
-0.23205 0.00379957723357982 0.00374938037206053 -5.24538598651614 108.086760608359 1904690.66255266 -517129.612215587
-0.2321 0.00485306772185481 -0.0160751688335838 -5.25474097023863 108.07972325172 1904598.50692804 -517123.036150587
-0.23215 -9.12021215781347e-05 0.00943914174141483 -5.24787717231774 108.072685895082 1904742.06847342 -517126.480520945
-0.2322 -0.0131045076749053 -0.00467790716187452 -5.25758108382945 108.065648538444 1904480.37397196 -517137.475650255
-0.23225 0.0216452109784043 0.0149127594108485 -5.23489661951236 108.058611181805 1904919.4523492 -517139.447422676
-0.2323 -0.0182593624565017 -0.0311618774211627 -5.26922570569029 108.051573825167 1904199.52563104 -517148.587531688
-0.23235 0.015499466673819 0.0284259954635066 -5.22951194789622 108.044536468529 1905054.62508461 -517124.23739985
-0.2324 -0.0295847981464169 -0.0324846543926236 -5.26829247358237 108.03749911189 1904220.94684582 -517125.747617624
-0.23245 0.036377422010987 0.0274931465888189 -5.22492560170688 108.030461755252 1905197.31503795 -517134.580354137
-0.2325 -0.0290837612260981 -0.031606018181947 -5.27356258203284 108.023424398614 1904201.67993446 -517128.766067799
-0.23255 0.0321583544145973 0.0346457480953362 -5.23449413416659 108.016387041975 1905132.47239619 -517144.280387256
-0.2326 -0.0272180284416933 -0.0369619117625684 -5.28025478423126 108.009349685337 1904099.85168038 -517144.256525635
-0.23265 0.0304659958005948 0.0350763286081973 -5.23011462076756 108.002312328698 1905128.74725472 -517157.73052343
-0.2327 -0.0326857597359898 -0.0320613258090395 -5.28439705618892 107.99527497206 1904135.78643028 -517120.006611404
-0.23275 0.0310009289884736 0.0264603135963002 -5.23747383553706 107.988237615422 1905145.38165917 -517113.936339345
-0.2328 -0.0294693695323169 -0.0332609926872554 -5.28424177194684 107.981200258783 1904126.76034111 -517127.197459195
-0.23285 0.0346847793220677 0.0354620351088435 -5.22775370125125 107.974162902145 1905271.56391437 -517131.362020152
-0.2329 -0.0261458012009256 -0.0464244706905104 -5.27785803455299 107.967125545507 1904090.32872528 -517140.165063778
-0.23295 0.0166280831192615 0.052589609276959 -5.2319379472159 107.960088188868 1905135.85419314 -517141.563365354
-0.233 -0.0230849711357219 -0.046535072285682 -5.28103643720711 107.95305083223 1904123.32291652 -517122.851159294
-0.23305 0.0345371899814156 0.042622425914863 -5.22662629089182 107.946013475592 1905300.0687219 -517126.787528632
-0.2331 -0.0337715155817973 -0.0404704423830854 -5.28752288783205 107.938976118953 1904078.66569235 -517119.235759219
-0.23315 0.0252681460642991 0.0437089206480016 -5.22930494013925 107.931938762315 1905217.64764967 -517134.457634197
-0.2332 -0.0306991464914511 -0.040322893667062 -5.28243683613131 107.924901405677 1904102.79412791 -517151.849448246
-0.23325 0.034743575449237 0.0206970446162867 -5.2297990719621 107.917864049038 1905079.13347567 -517148.461116127
-0.2333 -0.0248448839827568 -0.0221382317891659 -5.26108326419723 107.9108266924 1904309.63077038 -517145.090673199
-0.23335 0.0116846092737977 0.0293168708251031 -5.23035677532746 107.903789335762 1904953.51742957 -517150.391145504
-0.2334 -0.00901036173520561 -0.029674206849202 -5.25433632766389 107.896751979123 1904305.12832443 -517147.93011755
-0.23345 0.0142571375501474 0.0209658072538397 -5.22214317560291 107.889714622485 1904953.71007421 -517163.166746827
-0.2335 -0.0215931617935829 -0.0105278859278994 -5.25189910195058 107.882677265847 1904425.48004416 -517152.753458651
-0.23355 0.0316834930565665 0.000858880623934488 -5.20770534855774 107.875639909208 1905072.98100149 -517151.042780637
-0.2336 -0.0159574589943971 -0.0166005865157785 -5.2284837757948 107.86860255257 1904675.29960851 -517145.604210553
-0.23365 0.00505724481049922 0.0289120266501922 -5.19102718173719 107.861565195932 1905185.60999529 -517179.581336914
-0.2337 -0.0176582159993477 -0.0204919861550571 -5.20825050631682 107.854527839293 1904606.51989501 -517168.055288449
-0.23375 0.0296861345245545 0.00975885871200164 -5.18029870642452 107.847490482655 1905219.47950343 -517172.197666235
-0.2338 -0.033601680557961 0.00793492253257606 -5.20081088404222 107.840453126017 1904725.49678942 -517167.443752167
-0.23385 0.0267252012243564 -0.00364848188559133 -5.17289761615145 107.833415769378 1905191.27846903 -517185.34134619
-0.2339 -0.0102496427689606 -0.00622824110632771 -5.17898392183337 107.82637841274 1904847.46556874 -517203.603507309
-0.23395 0.00116478024009881 0.0198804203096373 -5.16487476282233 107.819341056101 1905153.13304857 -517199.412147849
-0.234 -0.00928894675814185 -0.0179770059933972 -5.18180259255659 107.812303699463 1904815.67405807 -517198.860894149
-0.23405 0.0262888848871928 -4.9918781489221e-05 -5.15997701632474 107.805266342825 1905239.5360434 -517183.784922964
-0.2341 -0.0139704941209956 0.00166793041764748 -5.17730328911758 107.798228986186 1905000.20396239 -517167.486423657
-0.23415 0.00357682428611385 -0.00402806586721602 -5.18686734746247 107.791191629548 1904958.01316475 -517170.17043605
-0.2342 0.0101290119648097 -0.00668521029850906 -5.168216793142 107.78415427291 1905071.80039217 -517177.81747462
-0.23425 -0.00107395335392181 0.00925533198777018 -5.17907702948873 107.777116916271 1904939.72144254 -517207.302931075
-0.2343 0.00598950839044858 -0.013917302861653 -5.17426732186225 107.770079559633 1904905.92895055 -517192.630206658
-0.23435 0.000887103437479578 0.00520174362826423 -5.17119196687001 107.763042202995 1904975.8448528 -517189.575524467
-0.2344 -0.00854078626981044 -0.00037014001075467 -5.18072114778988 107.756004846356 1904793.82902581 -517188.303403098
-0.23445 0.0131325121794209 0.000733388802255268 -5.17574562666857 107.748967489718 1904998.78859373 -517183.033666429
-0.2345 -0.00750354259543051 -0.00539833622128844 -5.17183255079919 107.74193013308 1904875.23736043 -517196.9817618
-0.23455 -0.0111296959836945 0.00050085385260515 -5.18148089097966 107.734892776441 1904803.88900998 -517182.181512887
-0.2346 0.0192466504296272 -0.00728738010287313 -5.16743658015486 107.727855419803 1904964.98282248 -517213.037125519
-0.23465 -0.00373309912724787 -0.000785381345044792 -5.17151229081417 107.720818063165 1904819.09454667 -517219.290820962
-0.2347 -0.0064974093149595 0.01422216192188 -5.17903449912438 107.713780706526 1904872.97871682 -517220.152686464
-0.23475 0.00265696641943889 -0.0155769312768794 -5.16619529233565 107.706743349888 1904905.51185517 -517204.27078443
-0.2348 -0.000473191646432414 0.018163176307996 -5.16561970149767 107.69970599325 1905092.52307838 -517185.676397809
-0.23485 -0.00886638594357489 -0.0164204670309547 -5.17380661162251 107.692668636611 1904818.90305465 -517183.451969159
-0.2349 0.00321393728368997 0.0078928987437154 -5.16509622486752 107.685631279973 1904963.85554068 -517194.841377606
-0.23495 0.00622083706831488 -0.011364277000058 -5.17851962812118 107.678593923335 1904868.24775944 -517220.341192
-0.235 -0.00183975335478842 0.00607350913040356 -5.17597753483602 107.671556566696 1904911.70081309 -517211.504975394
-0.23505 -0.0124624087221795 0.00667312885037821 -5.18617152467532 107.664519210058 1904796.61445989 -517214.903814821
-0.2351 0.012187780738626 -0.00401302693451412 -5.18047312445248 107.65748185342 1904838.83761895 -517218.089392216
-0.23515 -0.000364815194242028 -0.00971553727323188 -5.17099021388809 107.650444496781 1904787.92890691 -517230.373458862
-0.2352 -0.00232221656316737 0.00665044246440379 -5.16981840793242 107.643407140143 1904944.96023574 -517210.85017514
-0.23525 -0.00412057762183503 0.0112045025415961 -5.16589098094355 107.636369783504 1904960.56497498 -517197.924379383
-0.2353 0.00385542550719133 -0.0135285588864083 -5.1818130567195 107.629332426866 1904776.11187569 -517200.430937972
-0.23535 0.0016399961979568 0.00166785269766103 -5.16927501990495 107.622295070228 1904951.20636723 -517189.828554193
-0.2354 -0.0258332033375255 0.00936313666694999 -5.17091615862982 107.615257713589 1904774.49407335 -517209.503173482
-0.23545 0.012432770805438 -0.00161334490137811 -5.15895977347259 107.608220356951 1905029.95732375 -517213.248645763
-0.2355 0.00141440348694671 -0.0153195194051309 -5.17469328862182 107.601183000313 1904794.4077343 -517215.825632156
-0.23555 -0.0075835291682951 0.0250973072782965 -5.15951618792475 107.594145643674 1905129.47581862 -517207.685004781
-0.2356 -0.0057867859023156 -0.0158446455945012 -5.17261643849925 107.587108287036 1904738.09676098 -517221.465401065
-0.23565 0.02870697602732 -0.00504082071427122 -5.15906769656181 107.580070930398 1905137.62410723 -517228.244692008
-0.2357 -0.0285935073576485 0.00144926781278539 -5.17843050207869 107.573033573759 1904708.55878026 -517223.296885521
-0.23575 0.0101645216045074 0.0212707753160649 -5.15390887835079 107.565996217121 1905190.45704034 -517209.521509892
-0.2358 -0.00121341896884018 -0.0391293036222344 -5.17578557281608 107.558958860483 1904643.22334205 -517193.43652495
-0.23585 0.0127380414372454 0.0352885863525547 -5.14557459689474 107.551921503844 1905413.834683 -517197.45999851
-0.2359 -0.0243116895469375 -0.0193785525869343 -5.18389949155144 107.544884147206 1904524.49470821 -517208.759968072
-0.23595 0.0300148394254027 0.0115274505837544 -5.15544686684224 107.537846790568 1905237.02265339 -517208.121901292
-0.236 -0.0260573256061231 -0.0245964680208455 -5.18345100695975 107.530809433929 1904531.55997921 -517210.684250214
-0.23605 0.0246233715170001 0.030553605079816 -5.14084245704255 107.523772077291 1905375.71460683 -517214.030894592
-0.2361 -0.0175892517352021 -0.0345734362263681 -5.17574495549279 107.516734720653 1904567.52145939 -517223.500570227
-0.23615 0.026529270853968 0.0300357786967977 -5.13703278239294 107.509697364014 1905489.78031995 -517208.201974769
-0.2362 -0.0319672519215801 -0.0111434891524824 -5.17785260950391 107.502660007376 1904770.99293747 -517193.968186031
-0.23625 0.034399850475237 0.00829552914168923 -5.15116103168227 107.495622650738 1905335.81565371 -517197.019937223
-0.2363 -0.0251772325174985 -0.0134986004438537 -5.1805883514754 107.488585294099 1904637.67063661 -517208.606100369
-0.23635 0.0187775186061063 0.0171888042916002 -5.15785717179476 107.481547937461 1905257.62475069 -517195.900415501
-0.2364 -0.0228919634532622 -0.0149205735298171 -5.18522708173213 107.474510580823 1904618.4729048 -517221.013510422
-0.23645 0.0283404591472712 0.0110092575257415 -5.14920659257108 107.467473224184 1905297.77762522 -517210.479390441
-0.2365 -0.0221852670792744 -0.0182190931748003 -5.1902317973597 107.460435867546 1904630.95797592 -517206.327388943
-0.23655 0.00662026208824482 0.0230447440302458 -5.16535884715634 107.453398510907 1905247.10629006 -517195.856809839
-0.2366 -0.015115350859244 -0.0209105238209385 -5.18459374961947 107.446361154269 1904679.02069903 -517192.568351893
-0.23665 0.0103207311859589 0.013299927485201 -5.16372757782107 107.439323797631 1905137.14901829 -517201.082915731
-0.2367 -0.0101259279847664 -0.0127457147321991 -5.19198804953483 107.432286440992 1904697.48644287 -517216.898582048
-0.23675 0.0227797962593742 0.0065203352236059 -5.16241927140729 107.425249084354 1905142.90693196 -517229.695684803
-0.2368 -0.0225270727533154 -0.0126008881564879 -5.1856941230733 107.418211727716 1904658.47815636 -517213.985877234
-0.23685 0.000911440878430844 0.0306308233325094 -5.16963205218984 107.411174371077 1905205.40457721 -517198.172564291
-0.2369 -0.00771501062933526 -0.0329331255640991 -5.18959429037785 107.404137014439 1904669.98000666 -517199.954912724
-0.23695 0.014159836420777 0.0222202082342499 -5.15957821757852 107.397099657801 1905352.17454006 -517174.476840209
-0.237 -0.0248696753189932 -0.0013239092031971 -5.17762352436701 107.390062301162 1904807.955595 -517205.037447829
-0.23705 0.0226509192277549 0.0112472477929492 -5.13936023675696 107.383024944524 1905390.27035644 -517207.411532196
-0.2371 -0.00561649858544996 -0.0298440891189768 -5.16843763310396 107.375987587886 1904738.68355088 -517216.601347062
-0.23715 0.00393890980227246 0.0292649663096424 -5.15160036647508 107.368950231247 1905294.08081677 -517203.722270697
-0.2372 -0.0190885137445415 -0.00339733476784015 -5.16916678133914 107.361912874609 1904774.15272287 -517221.17602743
-0.23725 0.039417371732306 -0.00970825231796996 -5.15365439358152 107.354875517971 1905216.31801213 -517217.096513603
-0.2373 -0.0285407345732957 -0.000462967399036017 -5.18154276331891 107.347838161332 1904721.14706547 -517226.688366315
-0.23735 0.00967270195168429 0.0204320081428009 -5.16254931015969 107.340800804694 1905123.94693915 -517227.76202285
-0.2374 -0.00724579711958712 -0.0241344386088186 -5.18384818960376 107.333763448056 1904660.33433673 -517215.064598315
-0.23745 0.0187537623642597 0.0115309616460157 -5.16438857011409 107.326726091417 1905195.48907468 -517205.575170561
-0.2375 -0.0190327824457885 0.00566135329451102 -5.17568288583316 107.319688734779 1904871.58976828 -517204.455732606
-0.23755 0.00812304688294398 0.000544534424906488 -5.16218834848509 107.312651378141 1905065.28186447 -517217.151655259
-0.2376 0.00342370552219874 -0.00836822794176028 -5.15872554789943 107.305614021502 1904995.86746553 -517219.832318147
-0.23765 -0.0125616257487056 0.00867255562538943 -5.14440528997431 107.298576664864 1905064.4122725 -517227.600656475
-0.2377 0.00908937219777957 -0.00287856954747921 -5.14655881184388 107.291539308226 1905105.80155742 -517227.889272612
-0.23775 0.00587641520478307 -0.00385258433509869 -5.14430921655811 107.284501951587 1905116.5601846 -517228.0427636
-0.2378 -0.0112735163668283 0.00314345479827981 -5.15138024973584 107.277464594949 1904970.47749264 -517226.051460845
-0.23785 0.0168520997324706 -0.00744162221810008 -5.13531479821542 107.270427238311 1905093.04318942 -517244.936854167
-0.2379 -0.0115872253277408 0.00402924131929666 -5.14076197012408 107.263389881672 1904994.62318475 -517239.859621634
-0.23795 0.0105776941876393 0.00126138206497201 -5.14101922385208 107.256352525034 1905138.88945099 -517232.670271795
-0.238 -0.00758188670876541 -0.00278220578572517 -5.15086609243707 107.249315168395 1904950.59282844 -517220.839623877
-0.23805 0.0108497317602841 -0.0104722407073586 -5.14485194911088 107.242277811757 1905113.8561749 -517211.305270049
-0.2381 -0.0191900249095292 0.00437427633193266 -5.14850645838383 107.235240455119 1904953.78965073 -517233.831178607
-0.23815 0.0082515229731222 0.0125016197848812 -5.12690360966506 107.22820309848 1905243.95649861 -517247.819506982
-0.2382 -0.0047562090245314 -0.0148873680842758 -5.13242331174244 107.221165741842 1904998.61253512 -517236.569644016
-0.23825 0.0128737112880245 0.0086686678514119 -5.12306048955602 107.214128385204 1905344.7172222 -517228.409686205
-0.2383 -0.0301163352517665 -0.00499692086692759 -5.15304077554725 107.207091028565 1904847.93765052 -517215.783607154
-0.23835 0.030459437003472 0.0149167897396928 -5.11205591492488 107.200053671927 1905447.3869947 -517244.724051796
-0.2384 -0.0173212320485971 -0.0258407317867513 -5.145386591393 107.193016315289 1904711.49153509 -517243.434458021
-0.23845 0.00959457747013695 0.0402853099658025 -5.11622058641423 107.18597895865 1905512.4806398 -517238.021701591
-0.2385 -0.0186442163713601 -0.0333789595107943 -5.15939524510704 107.178941602012 1904694.24334704 -517226.45697042
-0.23855 0.0290437868262716 0.0287389091584301 -5.11647081022655 107.171904245374 1905600.03278865 -517219.458358196
-0.2386 -0.0333750684973724 -0.0309479588226055 -5.15998223255568 107.164866888735 1904586.83476098 -517239.643292107
-0.23865 0.0252726307700131 0.0318624918596295 -5.12152960674997 107.157829532097 1905533.37913198 -517237.636573116
-0.2387 -0.0249810954296168 -0.0352161447909234 -5.15856803684171 107.150792175459 1904579.63842328 -517253.136918138
-0.23875 0.0253580083574879 0.045711229367227 -5.10394750457175 107.14375481882 1905728.38633738 -517251.12072772
-0.2388 -0.0258450899452173 -0.0412321283594535 -5.15181677953627 107.136717462182 1904623.18734041 -517250.056347381
-0.23885 0.0210317999250916 0.0457289081340946 -5.11255739456848 107.129680105544 1905613.837542 -517252.600564057
-0.2389 -0.0212198289403106 -0.0453061101894638 -5.15219439157411 107.122642748905 1904590.88679262 -517254.044767361
-0.23895 0.0268512507481296 0.0352940764295653 -5.10099931925181 107.115605392267 1905624.46360638 -517242.714991823
-0.239 -0.0378714280951304 -0.02880750396527 -5.13537142350801 107.108568035629 1904756.32336727 -517229.901231792
-0.23905 0.0436370456162368 0.0241843778508719 -5.10303728944693 107.10153067899 1905662.48195167 -517244.988740025
-0.2391 -0.0311712261948257 -0.0186459636973605 -5.13401047720872 107.094493322352 1904842.29667299 -517247.31138051
-0.23915 0.0268730597530026 0.026548883017146 -5.09921779585537 107.087455965713 1905628.99267601 -517248.911129763
-0.2392 -0.0229219093046144 -0.0124794280298288 -5.12527355258368 107.080418609075 1904928.53628581 -517255.853453619
-0.23925 0.0154873729673715 0.00373416328795829 -5.10408331137168 107.073381252437 1905254.54172007 -517258.922821122
-0.2393 -0.00904847931108569 0.00230351868736294 -5.11614690242019 107.066343895798 1905102.22593776 -517257.424089117
-0.23935 -7.69343835957241e-05 -0.00594458886228889 -5.10668015356744 107.05930653916 1905148.88556144 -517263.063175442
-0.2394 0.00777175789932711 -0.00257082180753534 -5.10580738103857 107.052269182522 1905189.71228816 -517270.831083595
-0.23945 -0.016311851544252 0.00810230067500468 -5.09823188556094 107.045231825883 1905239.30009248 -517264.344040561
-0.2395 0.0101113386252517 0.00140299003514539 -5.09331973897999 107.038194469245 1905401.01071457 -517257.137452687
-0.23955 0.00130851731973863 -0.0160692518164009 -5.10758407069516 107.031157112607 1905140.00160943 -517268.116089548
-0.2396 0.00978227600333424 0.0154755288286336 -5.09523768024996 107.024119755968 1905374.79273055 -517267.920905933
-0.23965 -0.0256173583871244 -0.00669382892933285 -5.10394352968556 107.01708239933 1905066.37201745 -517270.106179462
-0.2397 0.0278155565210573 0.00998748869575465 -5.07606783672269 107.010045042692 1905660.16774793 -517262.412356981
-0.23975 -0.0166028898597979 -0.0212056469273054 -5.09258482433569 107.003007686053 1905075.76628981 -517265.570468853
-0.2398 0.00524336131769852 0.0255552675628445 -5.07061223008429 106.995970329415 1905555.79825932 -517279.356330262
-0.23985 -0.0025061836688027 -0.0207314954715579 -5.08559529630533 106.988932972777 1905055.72961718 -517296.11266315
-0.2399 0.0235422644223275 0.00511718193799307 -5.06759470918963 106.981895616138 1905569.56579571 -517282.266918306
-0.23995 -0.0384486015755897 0.00371663957180045 -5.08684006410317 106.9748582595 1905101.96686188 -517278.877547614
-0.24 0.032525343464222 0.008266248987165 -5.05856213137918 106.967820902862 1905785.70538544 -517264.077214368
-0.24005 -0.0188944981882052 -0.021500684114194 -5.09732023602493 106.960783546223 1904997.93441556 -517281.88928033
-0.2401 0.0262284157282753 0.021366739784506 -5.06161365899365 106.953746189585 1905726.19580793 -517283.518307625
-0.24015 -0.0434156758976449 -0.00444033780627072 -5.10113744637513 106.946708832947 1904882.66678288 -517284.198685496
-0.2402 0.0458300880374802 0.000521378991114995 -5.07197913379402 106.939671476308 1905603.04941926 -517279.672960315
-0.24025 -0.0289905478030827 -0.0161118766372093 -5.10468267497578 106.93263411967 1904902.11921815 -517280.098804987
-0.2403 0.00822392879977025 0.0313303157282346 -5.08321707991161 106.925596763032 1905612.26702815 -517267.794458059
-0.24035 -0.0065785278124397 -0.0380636568369767 -5.1219201143801 106.918559406393 1904855.71658962 -517260.348733828
-0.2404 0.0195470988095923 0.0216961906054278 -5.0905560208405 106.911522049755 1905519.62792224 -517277.122507938
-0.24045 -0.0341168235765581 -0.00826863449017377 -5.12962902330485 106.904484693117 1904707.50949508 -517286.344055188
-0.2405 0.0281684107283549 0.0167269938143682 -5.08470896667265 106.897447336478 1905523.90048519 -517299.376009719
-0.24055 -0.0109843675735003 -0.0256356236653245 -5.10994682690493 106.89040997984 1904892.98367514 -517288.37347852
-0.2406 0.013425592965976 0.0309156741639725 -5.08686204655327 106.883372623201 1905579.71063275 -517277.475086106
-0.24065 -0.0307819323007941 -0.0167106767281092 -5.12464828891378 106.876335266563 1904875.59776869 -517255.703574278
-0.2407 0.0369922380470682 0.00694314724789895 -5.08713688755453 106.869297909925 1905653.28333761 -517257.915161322
-0.24075 -0.0325194881235698 -0.0158972026160187 -5.1235812839932 106.862260553286 1904855.69923799 -517264.84794853
-0.2408 0.00737364391104826 0.0343333655937139 -5.10080599362602 106.855223196648 1905484.36189209 -517271.083097096
-0.24085 -0.00834136012438542 -0.0315861466300122 -5.14050743415516 106.84818584001 1904731.03677951 -517281.160581826
-0.2409 0.0240988184386332 0.0117940591320794 -5.11553447176442 106.841148483371 1905336.93272868 -517288.004872194
-0.24095 -0.0279315948760475 -0.00725347980511541 -5.13976769815246 106.834111126733 1904768.49979036 -517280.74748989
-0.241 0.0188688002682383 0.0135220005286133 -5.11357636070831 106.827073770095 1905324.30668503 -517287.764657109
-0.24105 0.00234854296223999 -0.0310146365001714 -5.14326489241725 106.820036413456 1904822.29472337 -517276.264293876
-0.2411 0.00426313275528804 0.034776840277198 -5.12228835621497 106.812999056818 1905274.19231011 -517280.808408444
-0.24115 -0.0276620673235053 -0.0140340384676796 -5.14389850504564 106.80596170018 1904737.58564045 -517274.772159425
-0.2412 0.0415288419372307 0.00637467512485745 -5.12006621389211 106.798924343541 1905291.03543731 -517286.563309026
-0.24125 -0.0357966483100122 -0.0145940589039697 -5.1544857016454 106.791886986903 1904568.54644997 -517283.833125458
-0.2413 0.0154382965670473 0.0265733172952864 -5.12616816327285 106.784849630265 1905263.17253514 -517276.964987018
-0.24135 -0.00988845637196925 -0.0264141039387864 -5.15464369736684 106.777812273626 1904702.3637564 -517267.585332283
-0.2414 0.0199200879667831 0.0170888605257899 -5.13899272055897 106.770774916988 1905235.06001848 -517261.976802374
-0.24145 -0.0262600405450436 0.00125498815751007 -5.1609528095464 106.76373756035 1904793.24054551 -517270.245096197
-0.2415 0.0229060418064838 -0.00258756979193692 -5.14034982593009 106.756700203711 1905229.59474126 -517266.261508852
-0.24155 -0.0163692800374977 -0.00714967456107862 -5.1565260866912 106.749662847073 1904837.36248164 -517279.931792496
-0.2416 0.0117205911176465 0.0207458745927323 -5.13956487618574 106.742625490435 1905192.70290646 -517281.772967774
-0.24165 -0.0104952400753973 -0.0174681283650993 -5.16338565371484 106.735588133796 1904657.92434363 -517290.954006707
-0.2417 0.0150403334065607 0.0134148165403167 -5.13205004460639 106.728550777158 1905193.78163261 -517293.007976217
-0.24175 -0.020726629639083 -0.00415825134398714 -5.15988500152021 106.721513420519 1904768.40768527 -517280.908936029
-0.2418 0.0167153112985564 0.00153671235681676 -5.15296255301854 106.714476063881 1905061.72225467 -517266.310542884
-0.24185 -0.00862372318490093 -0.014553321154899 -5.18252855636059 106.707438707243 1904714.48387239 -517243.085678599
-0.2419 -0.000310316948914613 0.00469518723805062 -5.18430449144938 106.700401350604 1904851.14431178 -517257.408004006
-0.24195 -0.00734234936887376 0.00234782582707722 -5.1879248813535 106.693363993966 1904760.52605787 -517268.74510794
-0.242 0.0120212814674186 -0.00203087888390014 -5.18805167904963 106.686326637328 1904825.22641244 -517278.340667327
-0.24205 -0.00333724189115168 -0.00327909821840584 -5.18654584257968 106.679289280689 1904811.19342705 -517256.681145316
-0.2421 -0.00347856792575248 0.00444618894988869 -5.20438552363729 106.672251924051 1904720.37389532 -517269.292594908
-0.24215 -0.00686330372989124 0.00452273704267218 -5.18824073916654 106.665214567413 1904812.34201346 -517255.670563258
-0.2422 0.0177969623445701 -0.00417538818277286 -5.18390222871615 106.658177210774 1904924.23396805 -517266.877586315
-0.24225 -0.00270452294342147 -0.00656015800837483 -5.19158039605177 106.651139854136 1904710.81904458 -517287.467642875
-0.2423 0.00301848274055015 0.00489271328362753 -5.19817807487937 106.644102497498 1904755.25682258 -517271.004768946
-0.24235 -0.0103821036083022 0.00168206001094181 -5.21657605388826 106.637065140859 1904586.04309886 -517271.265509406
-0.2424 0.0121152866860405 0.0122168321044522 -5.20555994977817 106.630027784221 1904825.20520757 -517260.575361714
-0.24245 -0.0150897534934137 -0.0148771081411039 -5.23728962096897 106.622990427583 1904378.17555995 -517247.285307112
-0.2425 0.013531086890267 0.0120550152687031 -5.2207634890406 106.615953070944 1904726.41523419 -517259.770554453
-0.24255 -0.00390092096707846 -0.00522278632400524 -5.2329095783578 106.608915714306 1904471.06727196 -517265.00069109
-0.2426 -0.00021840574567596 0.010118860455727 -5.21975578886412 106.601878357668 1904650.80359976 -517251.095020468
-0.24265 -0.000579418028585158 -0.0162642570683059 -5.23346426431126 106.594841001029 1904481.39506809 -517254.15375702
-0.2427 0.00967784246356963 0.0132558595951857 -5.22941702122753 106.587803644391 1904770.86531277 -517231.593096766
-0.24275 -0.0145602819510701 -0.00567324785056931 -5.24703310812076 106.580766287753 1904469.72162433 -517235.337857992
-0.2428 0.00921160626200956 0.0114292232043517 -5.23610995624589 106.573728931114 1904646.50650768 -517257.614204187
-0.24285 0.000447625248870419 -0.0128982289376679 -5.24524508176623 106.566691574476 1904365.41383726 -517259.225556516
-0.2429 -0.00148065319187537 0.0143940801694185 -5.24516704680887 106.559654217838 1904646.2714369 -517238.75611405
-0.24295 -0.00270038470251393 -0.0117661286181636 -5.25683276658111 106.552616861199 1904406.95619177 -517243.314468926
-0.243 0.0132897978283346 -0.00680836239975009 -5.24178997403461 106.545579504561 1904651.47724404 -517225.113070371
-0.24305 -0.00660242234298939 0.00581748404343524 -5.2479710908492 106.538542147922 1904598.52094271 -517208.656617574
-0.2431 -0.00449424129169072 0.00631394009504829 -5.24167741891316 106.531504791284 1904648.44952003 -517228.165397078
-0.24315 0.00423575072396116 -0.0070505182842855 -5.23408604453311 106.524467434646 1904582.12126821 -517239.246071552
-0.2432 0.00278783993809009 -0.00147508484713762 -5.24859456887176 106.517430078007 1904540.59907948 -517231.448542713
-0.24325 -0.0134884842102164 0.0209711317868782 -5.24777840661085 106.510392721369 1904631.15449969 -517231.578067597
-0.2433 0.0162492682402639 -0.0175579474768605 -5.24820725230283 106.503355364731 1904620.66824587 -517223.314223102
-0.24335 0.00454255140247026 -0.00242973319747909 -5.24955573764404 106.496318008092 1904666.24542307 -517221.270042483
-0.2434 -0.0209732796039371 0.0116385919721173 -5.26066465079013 106.489280651454 1904505.73856465 -517230.744756416
-0.24345 0.0189575957213425 -0.0095442769759545 -5.26247879649273 106.482243294816 1904543.55916997 -517228.210322375
-0.2435 -0.00351095737307346 -0.0122394000781333 -5.27531040389111 106.475205938177 1904331.65610898 -517225.820643018
-0.24355 -0.00438628258014962 0.0183569810490033 -5.25715145420886 106.468168581539 1904591.59527435 -517237.724336684
-0.2436 -0.00698172389702881 -0.0154301967517468 -5.28218580004229 106.461131224901 1904275.53365834 -517220.610489693
-0.24365 0.0147507863405152 0.0118101682336047 -5.25521520721761 106.454093868262 1904744.09310515 -517220.407872075
-0.2437 -0.012460926972421 -0.0237350604527453 -5.27525827576258 106.447056511624 1904317.54260805 -517200.031714313
-0.24375 0.00150335258950658 0.0329118698723156 -5.25983862624017 106.440019154986 1904783.98074518 -517198.845028817
-0.2438 -0.0131024644398157 -0.0281206337822252 -5.28546344179616 106.432981798347 1904097.03762173 -517213.260945537
-0.24385 0.0189295405723845 0.0230889504343878 -5.25076304006141 106.425944441709 1904841.52442679 -517205.944371533
-0.2439 -0.0258736403248567 -0.0229825309527942 -5.27615831927388 106.418907085071 1904202.30586219 -517210.141555105
-0.24395 0.016864292446417 0.0331563166829237 -5.25488437026451 106.411869728432 1904897.80593403 -517197.17314795
-0.244 -0.0183014460268611 -0.0275862351857028 -5.29497161730631 106.404832371794 1904151.97162396 -517191.451184663
-0.24405 0.0246214932941112 0.0185798181638048 -5.2609367375093 106.397795015156 1904809.12849733 -517198.15542682
-0.2441 -0.0274768152042512 -0.0107162884346659 -5.29840865814859 106.390757658517 1904115.79320865 -517211.570268154
-0.24415 0.0244226537694913 0.0229419062044176 -5.26296871412211 106.383720301879 1904750.42581274 -517213.847560964
-0.2442 -0.0198540155266533 -0.021325099831974 -5.28892988008023 106.376682945241 1904112.26985395 -517209.882320756
-0.24425 0.0223292737126038 0.0140263475946912 -5.26838840715807 106.369645588602 1904732.34399285 -517193.053721769
-0.2443 -0.0308011986121982 -0.00473706850138242 -5.30491123974172 106.362608231964 1904160.97604964 -517176.693283483
-0.24435 0.0231348613264503 0.00807132056567482 -5.27726849165751 106.355570875325 1904662.96660026 -517193.965813671
-0.2444 -0.000881495788594322 -0.0110099966716823 -5.30039589026114 106.348533518687 1904197.35034049 -517201.519080566
-0.24445 -0.000872666681497935 0.0176208614318432 -5.27893593521322 106.341496162049 1904588.68903733 -517184.784273649
-0.2445 -0.00428022059707189 -0.0220782701397523 -5.30899006702715 106.33445880541 1904118.17576644 -517188.518060191
-0.24455 0.00646210237853001 0.0268079822857365 -5.28951891013958 106.327421448772 1904578.04053563 -517193.522346707
-0.2446 -0.0130516962405038 -0.0213207434004884 -5.31094566540759 106.320384092134 1904062.74056985 -517183.630568099
-0.24465 0.027073553861945 0.0150149719518954 -5.29431448061434 106.313346735495 1904715.15413799 -517176.502194575
-0.2447 -0.0253536599961452 -0.0232968277363355 -5.31947677813128 106.306309378857 1903920.46311219 -517192.085234477
-0.24475 0.0119937956421025 0.0258842463546891 -5.28360842277601 106.299272022219 1904647.99493391 -517185.982732814
-0.2448 -0.0136319520955682 -0.023895226344173 -5.31681325744935 106.29223466558 1904071.29673375 -517176.753681862
-0.24485 0.0177615635465223 0.00651507888092444 -5.30375958648285 106.285197308942 1904595.25711154 -517165.019554575
-0.2449 -0.0340079932755446 0.0111414517418145 -5.32061139540156 106.278159952304 1904138.66442335 -517178.996072775
-0.24495 0.0238604158059103 0.00813450241541173 -5.30627512674297 106.271122595665 1904662.26071044 -517150.604074915
-0.245 -0.00877216400565705 -0.0302511518461768 -5.33451589640041 106.264085239027 1904012.57379018 -517164.925608321
-0.24505 0.0197334380772607 0.0241106416064614 -5.311171966909 106.257047882389 1904669.54987274 -517164.738115567
-0.2451 -0.0372007135469155 -0.0154116933712743 -5.35288975495383 106.25001052575 1903739.27094155 -517185.896027305
-0.24515 0.0476894712029745 0.0209483590207548 -5.31316768189992 106.242973169112 1904719.93554102 -517180.122301148
-0.2452 -0.0320781735500982 -0.0268773639817243 -5.35548945483634 106.235935812474 1903765.90290635 -517178.803902056
-0.24525 0.020207632910824 0.0331754048329008 -5.32520501341361 106.228898455835 1904621.8774174 -517168.821721522
-0.2453 -0.0154822294766206 -0.0417274634052247 -5.35554339706638 106.221861099197 1903823.61927624 -517176.411713895
-0.24535 0.025815960259271 0.0345759842586641 -5.32177255964532 106.214823742559 1904704.96125215 -517171.255856631
-0.2454 -0.0269855610171729 -0.0236144654977907 -5.36277503036412 106.20778638592 1903920.51645636 -517161.310834418
-0.24545 0.0294440223165256 0.0262753574722671 -5.31696844618786 106.200749029282 1904815.58123459 -517153.827187664
-0.2455 -0.0221153366668294 -0.0412558941952821 -5.36047560437496 106.193711672644 1903790.08700705 -517176.465723244
-0.24555 0.0281788640951305 0.0445946275735374 -5.32036375912713 106.186674316005 1904815.52849836 -517165.945477044
-0.2456 -0.0297522604049855 -0.0330896532492634 -5.38025205703005 106.179636959367 1903677.40401796 -517165.717676473
-0.24565 0.0344227144923111 0.0245663802784677 -5.32318152721462 106.172599602728 1904723.4111919 -517163.145331732
-0.2457 -0.0294774012259915 -0.030725159090592 -5.37400582447534 106.16556224609 1903739.09289765 -517155.430297445
-0.24575 0.0188457457692129 0.0466692142242113 -5.33900171672885 106.158524889452 1904791.98623341 -517135.355397814
-0.2458 -0.0158856194612756 -0.0481113774514756 -5.39749129768964 106.151487532813 1903614.24414315 -517132.845347197
-0.24585 0.0321355577479407 0.0397450445500432 -5.34194119996929 106.144450176175 1904768.879575 -517143.653948445
-0.2459 -0.045516329625347 -0.0301510864068568 -5.39035186113937 106.137412819537 1903573.96482006 -517160.952558718
-0.24595 0.0486640047670412 0.0229775142848618 -5.33574794685386 106.130375462898 1904775.96816209 -517144.784531797
-0.246 -0.0404207548336444 -0.0313448835457838 -5.39454938866502 106.12333810626 1903561.71026235 -517137.994382589
-0.24605 0.0313476180590175 0.028818986374951 -5.34918858551077 106.116300749622 1904713.10945629 -517126.105194309
-0.2461 -0.0276562755981338 -0.0136046109003565 -5.38876403038313 106.109263392983 1903908.51571458 -517117.722713184
-0.24615 0.0301071587993587 0.0125910969798475 -5.36443990437315 106.102226036345 1904409.07304361 -517132.063142933
-0.2462 -0.0218738855720561 -0.00488973389409057 -5.38699940972459 106.095188679707 1903964.14681329 -517129.617399183
-0.24625 0.0091218344483096 0.019366091232462 -5.36528982833771 106.088151323068 1904390.27882172 -517141.357753338
-0.2463 -0.00488200241625301 -0.0162820529632329 -5.38958276640058 106.08111396643 1903967.77410577 -517131.298284162
-0.24635 0.00219179282442286 0.0058873282849136 -5.37010882647612 106.074076609792 1904333.92153007 -517120.303848203
-0.2464 -0.0162980578875648 -0.00493316273372167 -5.39977562409123 106.067039253153 1904026.29594939 -517110.565342047
-0.24645 0.0140870845080442 9.11364789576054e-05 -5.39102692884611 106.060001896515 1904309.70825225 -517104.327206738
-0.2465 -0.00218484998741536 -0.0102465164648412 -5.41056960348496 106.052964539877 1904003.52278833 -517103.378863597
-0.24655 -0.00818954955019458 0.0133771719862136 -5.39484457416236 106.045927183238 1904187.83414997 -517106.820014422
-0.2466 -0.0193717883360479 0.00399589496601729 -5.39982024747953 106.0388898266 1904086.9604323 -517109.439956718
-0.24665 0.0223953571493328 -0.0182426274557356 -5.38647540633303 106.031852469962 1904277.0001866 -517112.001362752
-0.2467 -0.00860358684847866 -0.000876144324241531 -5.40107018793953 106.024815113323 1904179.44048067 -517096.602126503
-0.24675 -0.00620419877242264 0.0181317065125474 -5.40167573441729 106.017777756685 1904251.38013531 -517100.039181634
-0.2468 -0.00690656172156312 -0.00618677814503529 -5.4112229033248 106.010740400047 1904117.10582892 -517097.403041427
-0.24685 0.019774459534948 -0.0185633317608313 -5.40553568446496 106.003703043408 1904181.7891744 -517101.771287513
-0.2469 -0.00742488110828208 0.01345726787755 -5.4084664045158 105.99666568677 1904165.16152993 -517097.213632608
-0.24695 -0.0170247800832067 0.00616947073470101 -5.43180243698457 105.989628330131 1903939.78619847 -517095.53607949
-0.247 0.0173437258471847 -0.00568795495654137 -5.41928267612075 105.982590973493 1904140.94043702 -517092.454303543
-0.24705 -0.00242953290146008 -0.0120103435021122 -5.43611903377019 105.975553616855 1903980.41679047 -517071.558785774
-0.2471 -0.00827046606221662 0.0232976370609298 -5.41825735286568 105.968516260216 1904281.50510903 -517068.220393297
-0.24715 -0.00581315118242639 -0.0166310084530338 -5.43526211176539 105.961478903578 1903939.93848539 -517078.77279066
-0.2472 0.00665311246010588 0.0148698243387749 -5.41988897908598 105.95444154694 1904228.62707219 -517090.070368157
-0.24725 -0.0103313618541907 -0.0066092240215616 -5.43639411515354 105.947404190301 1903875.83999017 -517108.008465116
-0.2473 0.0130783625503216 0.0085270285574172 -5.42524938372265 105.940366833663 1904202.99799442 -517083.982844418
-0.24735 -0.012201027938569 -0.0174732202905199 -5.44697910018569 105.933329477025 1903850.37048353 -517090.594598497
-0.2474 0.0107337969586787 0.0171360981817489 -5.42943434284055 105.926292120386 1904332.85547994 -517063.654024264
-0.24745 -0.00155580162529947 -0.0128123621229245 -5.45700426594009 105.919254763748 1903960.55972994 -517068.465325762
-0.2475 -0.00460668347966663 0.0169657995174596 -5.44482253528112 105.91221740711 1904194.73749049 -517060.340099346
-0.24755 -0.00462910237274893 -0.00240978932396981 -5.44801117689785 105.905180050471 1903998.22369098 -517089.562182252
-0.2476 0.00610082879617784 7.60046664079285e-05 -5.4439014404085 105.898142693833 1904059.87593044 -517076.379548012
-0.24765 -0.0041943596815346 -9.03278447108589e-05 -5.45329113798617 105.891105337195 1903952.48859422 -517077.224354057
-0.2477 0.0101040069757876 0.00654288658061028 -5.43389920740187 105.884067980556 1904215.41779278 -517080.032084313
-0.24775 -0.00932510240751688 0.00439050105722703 -5.46259023829568 105.877030623918 1903956.3771989 -517054.525145107
-0.2478 0.0128856507510732 -0.00750462139232751 -5.4521457076799 105.86999326728 1904141.46656732 -517051.495489535
-0.24785 -0.000824490160365328 -0.00791832374946234 -5.45825801838945 105.862955910641 1903992.11560929 -517054.506783412
-0.2479 -0.0128611515683 0.0213072997903558 -5.45554597155578 105.855918554003 1904115.2667022 -517048.034507964
-0.24795 0.00453468828917833 -0.012381859371731 -5.45638335101437 105.848881197365 1904002.15755653 -517057.056090271
-0.248 0.0198848846471258 -0.01912688291544 -5.46344565843005 105.841843840726 1904005.73496568 -517044.449958697
-0.24805 -0.0119753634406003 0.0229257362843237 -5.45999959275148 105.834806484088 1904110.73696701 -517038.370650316
-0.2481 -0.0125712199242114 -0.00998843387954103 -5.47776428981517 105.82776912745 1903867.21207161 -517023.48541126
-0.24815 0.0269331542116294 0.00344109572819602 -5.45603759592539 105.820731770811 1904219.43079791 -517042.218003646
-0.2482 -0.0217270879613282 -0.0137729648155663 -5.48454951021289 105.813694414173 1903711.2832442 -517038.175332916
-0.24825 0.00994861285068019 0.0334771137791327 -5.46219959706495 105.806657057534 1904220.92826055 -517048.735045224
-0.2483 -0.00912086177346777 -0.030383822004341 -5.48422855574098 105.799619700896 1903650.48962043 -517036.471917031
-0.24835 0.0231228477130628 0.0120705641534441 -5.45313980816177 105.792582344258 1904360.90982899 -517031.502207517
-0.2484 -0.0403412164666857 0.00340782909495433 -5.48849821412258 105.785544987619 1903729.94434933 -517004.842795704
-0.24845 0.0312679105875679 0.0105731838197996 -5.45455371224388 105.778507630981 1904340.01854063 -517028.784188382
-0.2485 -0.0124740785395922 -0.0398727299045517 -5.50328232936693 105.771470274343 1903546.01607218 -517028.126955768
-0.24855 0.0109383625824667 0.0463110912909809 -5.46289074860696 105.764432917704 1904333.25895298 -517038.632435412
-0.2486 -0.024841312368904 -0.0219745804424248 -5.51280276273266 105.757395561066 1903543.2825229 -517021.184722903
-0.24865 0.0433137280644792 0.00306570683694579 -5.46831252756241 105.750358204428 1904342.95494144 -517021.989809948
-0.2487 -0.0375298453125289 -0.0124247659405429 -5.50299024151482 105.743320847789 1903519.9928779 -517022.675334019
-0.24875 0.0103242743708498 0.026341088939193 -5.46017460794753 105.736283491151 1904319.52242403 -517027.014515216
-0.2488 -0.00855752910101769 -0.0387835472489642 -5.49865985659694 105.729246134513 1903526.38925812 -517028.520454957
-0.24885 0.0166141700529236 0.0247853763809713 -5.4633085543269 105.722208777874 1904286.96161677 -517036.732347857
-0.2489 -0.0307574229364672 -0.0122835880797588 -5.50472758032606 105.715171421236 1903672.87055526 -516998.279289564
-0.24895 0.0242211274523495 0.0123810331902272 -5.47853333586642 105.708134064598 1904261.67670282 -517007.880038169
-0.249 -0.0136291907399539 -0.022771010181873 -5.51827410381555 105.701096707959 1903680.35235472 -516994.792264736
-0.24905 0.0151707913289035 0.0211591614168027 -5.48748645284281 105.694059351321 1904172.46346191 -517014.710359664
-0.2491 -0.0178108961186621 -0.0103481671783778 -5.51900162606826 105.687021994683 1903686.82113849 -517011.34545693
-0.24915 0.0190101500048531 0.0110332066681804 -5.49346082515972 105.679984638044 1904122.05578949 -517008.138237134
-0.2492 -0.0229065150800061 -0.00476315401314468 -5.51575367843778 105.672947281406 1903669.94908588 -517014.569285858
-0.24925 0.0218520224889904 0.0106452339937493 -5.49225843014255 105.665909924768 1904085.17026227 -517023.779218292
-0.2493 -0.00859798438774721 -0.0113035277801363 -5.50280779490063 105.658872568129 1903653.1368343 -517041.073358771
-0.24935 0.00332095403375037 0.0153398184940002 -5.49799875262894 105.651835211491 1904063.64058721 -517004.839710843
-0.2494 -0.00145436831814329 -0.0191351289374458 -5.51702640600375 105.644797854853 1903717.45996356 -516995.472375964
-0.24945 0.00645192158493838 0.00565111071078137 -5.49913644374534 105.637760498214 1904094.93082699 -516990.510988452
-0.2495 0.0049111393338659 0.00528310419981773 -5.5173002058798 105.630723141576 1903915.4633063 -516984.654264978
-0.24955 -0.0123186379815457 0.00384759045714749 -5.52312361031118 105.623685784937 1903786.2102081 -516982.261925812
-0.2496 0.0175040513436006 -0.00372266489824128 -5.51431215810805 105.616648428299 1903941.24629556 -516996.412625978
-0.24965 -0.00691503590123489 0.00348519580840078 -5.52657011922367 105.609611071661 1903736.7274697 -517008.585448008
-0.2497 -0.0130684357431803 0.0185802386828339 -5.52421625898735 105.602573715022 1903928.71690292 -516987.190214732
-0.24975 0.0205315476040002 -0.015470650554054 -5.52800449425952 105.595536358384 1903898.02527881 -516991.622160724
-0.2498 0.00175773354089454 0.0070560357472739 -5.53708630754299 105.588499001746 1903874.08001406 -516967.124214394
-0.24985 -0.014938460071048 0.00452746800155099 -5.5509347385955 105.581461645107 1903742.09952984 -516968.9693937
-0.2499 0.00956356195301888 -0.00314642475498858 -5.53601051966124 105.574424288469 1903952.99938675 -516957.007349664
-0.24995 0.0054195617041597 -0.0234939448736817 -5.55404672244324 105.567386931831 1903665.40110281 -516967.87363997
-0.25 -0.00505455995030669 0.0283334012297109 -5.53507886970925 105.560349575192 1904020.60708075 -516968.505906311
-0.25005 -0.00780194437773494 -0.0131908428964814 -5.55332472936698 105.553312218554 1903724.64767744 -516971.678026716
-0.2501 0.0277055775408698 -0.00198903858085179 -5.52972113536773 105.546274861916 1904176.24134752 -516962.767635536
-0.25015 -0.0211701020118928 -0.00312523607817246 -5.54988094674359 105.539237505277 1903701.60638411 -516965.047265437
-0.2502 0.00979648582130684 0.0131392300805114 -5.53370210184235 105.532200148639 1904008.38156283 -516966.520511654
-0.25025 0.000229741568098965 -0.0251909659625227 -5.55121298527667 105.525162792001 1903635.88823308 -516964.079564492
-0.2503 0.0187505664796241 0.00526812499358903 -5.53757136239447 105.518125435362 1904022.26309495 -516949.314895713
-0.25035 -0.0273536392796187 0.00879263084175646 -5.56485443381625 105.511088078724 1903672.15758895 -516943.193391818
-0.2504 0.0157686765965354 0.00292027383910959 -5.54091982402385 105.504050722086 1904089.35420322 -516940.244375845
-0.25045 -7.97220038818529e-05 -0.0224396014441927 -5.55885766764467 105.497013365447 1903681.83757946 -516959.618767224
-0.2505 -0.00690807586143242 0.025809948467164 -5.53618988679709 105.489976008809 1904096.88436721 -516956.194876183
-0.25055 -0.00508533046031132 -0.016238583915674 -5.56086715304572 105.482938652171 1903758.32795472 -516955.403621977
-0.2506 0.0241370047888238 -0.00445645685629941 -5.53824524472509 105.475901295532 1904145.56523508 -516948.822936358
-0.25065 -0.0187773738650154 -0.00857986142943976 -5.56960593590299 105.468863938894 1903669.70793243 -516940.304476429
-0.2507 0.0119924021508616 0.0211408816670472 -5.53892127820208 105.461826582256 1904164.88228464 -516950.707537691
-0.25075 -0.0111692660816284 -0.0236847243586054 -5.57343230910379 105.454789225617 1903575.4488962 -516930.307667912
-0.2508 0.0104755068177627 0.0159699221548048 -5.55156872605123 105.447751868979 1904088.02864998 -516952.127742392
-0.25085 -0.00454480598898061 -0.0287679920930115 -5.58526352508537 105.44071451234 1903548.56658097 -516929.917695182
-0.2509 0.00120727219159851 0.0212508635758882 -5.56660913449255 105.433677155702 1904047.98366567 -516924.922674194
-0.25095 -0.00528091170057821 -0.00841358646169146 -5.58142161455677 105.426639799064 1903708.64128559 -516931.833287362
-0.251 0.0135838125276384 -0.00396113439617761 -5.56623170559746 105.419602442425 1903948.94932018 -516915.737476112
-0.25105 -0.0153633438261902 0.0121793437348247 -5.58047632623777 105.412565085787 1903788.43422946 -516919.417918128
-0.2511 0.00280860797028462 -0.00397868190519404 -5.56419292435878 105.405527729149 1903843.43548167 -516933.191330448
-0.25115 -0.0025376506347712 0.00895206711969718 -5.56625241158973 105.39849037251 1903940.82414576 -516925.113497764
-0.2512 -0.00584393999177459 0.00103097457622374 -5.5673354375503 105.391453015872 1903889.73632731 -516919.156229795
-0.25125 0.0132605637871587 -0.0159894900936078 -5.57431851509557 105.384415659234 1903842.2687192 -516907.466531092
-0.2513 -0.0129416525376641 0.010282272282076 -5.5771422371866 105.377378302595 1903858.02672904 -516908.554607213
-0.25135 -0.0120919273710935 0.00256651400534351 -5.57955610469459 105.370340945957 1903751.72285362 -516920.781566997
-0.2514 0.0104989478384433 -0.000580393873983435 -5.57403254728458 105.363303589319 1903965.17756978 -516905.446323024
-0.25145 0.000597488132107821 -0.0106925863007065 -5.57457062451433 105.35626623268 1903842.75332234 -516924.87071208
-0.2515 -0.00936775890036022 0.0144982205918588 -5.5766576215757 105.349228876042 1903951.45035389 -516889.585944799
-0.25155 6.66261057995533e-05 -0.00668981699697227 -5.59443704966821 105.342191519404 1903791.64258249 -516902.315436462
-0.2516 0.00915224824282519 0.00467885198391467 -5.57425535194226 105.335154162765 1904026.23525491 -516895.526361644
-0.25165 -0.0122532555820383 0.000590588765547637 -5.58073748602348 105.328116806127 1903820.25269255 -516897.200605819
-0.2517 0.00272982534636029 0.0114978883924881 -5.58248204876373 105.321079449489 1904007.20222304 -516897.272950341
-0.25175 -0.000518264772567772 -0.0229287904745411 -5.60074012861892 105.31404209285 1903699.1239675 -516886.553859214
-0.2518 -0.0123812768607516 0.0238155523327611 -5.59255338045706 105.307004736212 1903932.92895185 -516893.492349628
-0.25185 0.00324268152388205 -0.00890496816004137 -5.59370601265462 105.299967379574 1903788.35011313 -516883.646524884
-0.2519 0.0108489854213363 -0.00285454951950787 -5.5885107734349 105.292930022935 1903943.4928142 -516888.147296204
-0.25195 -0.0163556831209395 0.0137828952056247 -5.59700612025018 105.285892666297 1903719.91311833 -516903.478681299
-0.252 0.0156222401194617 -0.00182471250407142 -5.58793835345809 105.278855309659 1903908.0987288 -516899.825140005
-0.25205 0.0106403685015362 -0.0204395406804231 -5.59149308230724 105.27181795302 1903820.09298321 -516882.566980558
-0.2521 -0.00168810731287773 0.00947925414326408 -5.58719020187349 105.264780596382 1903976.07548745 -516879.071444543
-0.25215 -0.0219305364894149 0.00852608771686247 -5.60311317081781 105.257743239743 1903708.9491758 -516881.135862033
-0.2522 0.0235395894315359 -0.0108121179509562 -5.5931736535078 105.250705883105 1903984.58397886 -516863.637284984
-0.25225 -0.0177269398164722 -0.00571797410907532 -5.60052236256608 105.243668526467 1903722.52610613 -516881.750101762
-0.2523 0.0066585002442441 0.0155400486590104 -5.59103888194558 105.236631169828 1904040.3993538 -516875.51776782
-0.25235 -0.0119571571312466 -0.00983630470740263 -5.60843453018356 105.22959381319 1903734.71830422 -516876.074467491
-0.2524 0.028036724236706 0.000865673086148199 -5.59098414872877 105.222556456552 1904163.38573912 -516868.968109566
-0.25245 -0.0253039780453189 0.00100107376038276 -5.61948773042341 105.215519099913 1903700.33633601 -516854.279521347
-0.2525 0.00987689895975874 0.010679396615897 -5.60925858864581 105.208481743275 1904144.28004223 -516831.334726003
-0.25255 -0.0030868655414066 -0.0182200431685192 -5.62807143079154 105.201444386637 1903641.63355252 -516860.027302757
-0.2526 0.00072362766049419 0.0181837030842187 -5.60880209394001 105.194407029998 1903979.09828181 -516856.364543167
-0.25265 -0.0104853029472901 -0.012243368268713 -5.61666206952722 105.18736967336 1903747.00792674 -516850.15754537
-0.2527 0.0135070625458079 0.00188651932409149 -5.61828061796244 105.180332316722 1903948.86729341 -516844.380341775
-0.25275 -0.0166001997897616 -0.0128625336185341 -5.63630990385451 105.173294960083 1903629.28885774 -516837.279362192
-0.2528 0.00548499827914401 0.0220042134546996 -5.61347811926764 105.166257603445 1904114.82899028 -516830.873594312
-0.25285 -0.00577868716083405 -0.0258492493452303 -5.64235570353193 105.159220246807 1903609.87951741 -516839.017251257
-0.2529 0.0191368122423098 0.0181524968438516 -5.62276733341422 105.152182890168 1904120.60634565 -516841.620958452
-0.25295 -0.0313729001747188 -0.0118403045228038 -5.65279029826756 105.14514553353 1903439.59074698 -516843.14155361
-0.253 0.0340058323132308 0.0139735581929501 -5.61704273503213 105.138108176892 1904207.51850208 -516834.561081571
-0.25305 -0.0200489376411827 -0.0228576036994754 -5.64768014288917 105.131070820253 1903502.57447505 -516823.641564849
-0.2531 0.00354547549597593 0.0255410460992623 -5.62394822896061 105.124033463615 1904166.05905878 -516801.621441545
-0.25315 -0.00230747280690715 -0.0272483985756825 -5.64599054267596 105.116996106977 1903680.7010041 -516817.509271923
-0.2532 0.0125421127002704 0.0228222639468543 -5.62169276286951 105.109958750338 1904158.77040659 -516818.631863697
-0.25325 -0.00761252053397811 -0.0248169962247401 -5.65280004311906 105.1029213937 1903524.55853667 -516841.446389378
-0.2533 0.0104259862566566 0.0246341498509664 -5.63680162987475 105.095884037062 1904012.10383772 -516827.491536237
-0.25335 -0.0138149652818351 -0.0228564173571134 -5.66081181999483 105.088846680423 1903499.0129244 -516829.222376166
-0.2534 0.0197230178738588 0.0158255362459923 -5.62967925399293 105.081809323785 1904081.55057096 -516819.020332098
-0.25345 -0.015884720258502 -0.0156161202635133 -5.67155166428611 105.074771967146 1903421.32230585 -516821.252550256
-0.2535 0.0134782830963889 0.0246239034034596 -5.64642072002622 105.067734610508 1904033.0929419 -516823.000695619
-0.25355 -0.0234481120773017 -0.0131147742681533 -5.67623219303056 105.06069725387 1903403.0750162 -516818.295033974
-0.2536 0.038618560493684 -0.00234039185298457 -5.65006408766278 105.053659897231 1903948.84031765 -516813.224868267
-0.25365 -0.0320706039202601 -0.0115597840774625 -5.67267597175058 105.046622540593 1903386.95178111 -516823.157188889
-0.2537 0.00907191631298782 0.0349536351012308 -5.6427294057627 105.039585183955 1904061.31232542 -516824.0113628
-0.25375 -0.00189727371061898 -0.0504843071119761 -5.69205143013493 105.032547827316 1903235.19878482 -516808.219129547
-0.2538 0.0301949275800541 0.0348242408155041 -5.64944114632542 105.025510470678 1904261.34845256 -516788.23711438
-0.25385 -0.0476218483186902 -0.0211316709332947 -5.70064936785239 105.01847311404 1903203.01137629 -516793.863880417
-0.2539 0.0439227401156213 0.0235765582601618 -5.63623631318063 105.011435757401 1904373.37133428 -516801.109558858
-0.25395 -0.0222057595794079 -0.0470794025309959 -5.69930929722438 105.004398400763 1903104.85138367 -516800.686431116
-0.254 -0.000137682412165171 0.0665187733940461 -5.65022655219774 104.997361044125 1904188.77581858 -516809.004447031
-0.25405 -0.0231063258547943 -0.0437870998721977 -5.70097496434629 104.990323687486 1903131.16672949 -516809.548446752
-0.2541 0.048795108043201 0.0141932914502167 -5.65473571220357 104.983286330848 1904214.59843846 -516781.097469543
-0.25415 -0.0474997705121469 -0.00737678277366411 -5.70680654978493 104.97624897421 1903292.17348839 -516768.503498783
-0.2542 0.0353685727606891 0.021597628544921 -5.65242887064975 104.969211617571 1904269.63169905 -516785.327093001
-0.25425 -0.0115013379774686 -0.0386803297904128 -5.69228333553846 104.962174260933 1903338.56392891 -516795.34535697
-0.2543 0.0203748586425337 0.0258970368387794 -5.65915319409763 104.955136904295 1904082.77076729 -516794.22473376
-0.25435 -0.0248576826870801 -0.0123186319331284 -5.69637589609856 104.948099547656 1903323.67472697 -516794.934605101
-0.2544 0.0265027871099784 -0.00136884121043347 -5.67076210316068 104.941062191018 1903877.23509403 -516782.950038569
-0.25445 -0.0215496080333764 -0.0045127887155448 -5.68960360045292 104.93402483438 1903497.43293893 -516789.446227517
-0.2545 -0.00582964651594537 0.0255934449391139 -5.6725681854859 104.926987477741 1903942.39956218 -516765.161174704
-0.25455 -0.00110368697390687 -0.0346704696665828 -5.69334098423114 104.919950121103 1903511.82395721 -516763.572666185
-0.2546 0.0199750943564356 0.0195657596967724 -5.66562111441435 104.912912764465 1904087.29040732 -516780.82421696
-0.25465 -0.0281927955796433 -0.012071305523881 -5.69573226870367 104.905875407826 1903407.76661563 -516793.082591794
-0.2547 0.0158435017466644 0.0205533086243035 -5.66994910088193 104.898838051188 1904000.22772083 -516781.567120044
-0.25475 0.00587419577663404 -0.0466961738340084 -5.68958527537635 104.891800694549 1903543.52115265 -516780.026404331
-0.2548 0.0165001959986965 0.0193207017209676 -5.66722208227037 104.884763337911 1904102.30265451 -516777.155060632
-0.25485 -0.0258971342328531 0.00164647665061976 -5.68767972570466 104.877725981273 1903707.28013109 -516769.365281859
-0.2549 0.0221247367534683 0.00528890527953371 -5.67189738752417 104.870688624634 1904051.32764537 -516761.492883761
-0.25495 -0.0198173705607901 -0.0101781357294322 -5.68650161313427 104.863651267996 1903591.94154253 -516765.442110864
-0.255 0.015253928698364 0.00836830008277699 -5.66846213651129 104.856613911358 1903957.70761572 -516771.737926745
-0.25505 -0.0193761500717133 -0.008195395174744 -5.67523001967504 104.849576554719 1903632.33942882 -516771.990199866
-0.2551 0.0172193835115387 0.0121516038698877 -5.66329782567551 104.842539198081 1904084.61532769 -516774.968492318
-0.25515 -0.0128709680738272 -0.0139341829639303 -5.68748724990191 104.835501841443 1903641.99694581 -516752.578133878
-0.2552 0.0180966082178799 0.014109842365787 -5.6626335807779 104.828464484804 1904182.33734522 -516749.698140638
-0.25525 -0.00917891846136766 -0.0270978557462327 -5.68488317850574 104.821427128166 1903615.39719294 -516748.743197276
-0.2553 -0.000425332748893334 0.0262542877256575 -5.66832343420127 104.814389771528 1904042.85155629 -516761.438948224
-0.25535 -0.0124200944927044 -0.0172807827208391 -5.68134168788799 104.807352414889 1903701.46733746 -516768.79265796
-0.2554 0.0159285725785177 0.0218960685921746 -5.66416146475896 104.800315058251 1904162.70418195 -516766.71721561
-0.25545 -0.0204905165741267 -0.0211810133801464 -5.70148073935992 104.793277701613 1903524.27076888 -516743.869091145
-0.2555 0.0227394974438901 0.0131323067189297 -5.6556711446326 104.786240344974 1904218.76034961 -516745.601859024
-0.25555 -0.0252310952150822 -0.018729643485747 -5.68408575397654 104.779202988336 1903636.87792895 -516737.632492821
-0.2556 0.0313336679129352 0.0221322461685184 -5.63921487545541 104.772165631698 1904383.37400804 -516757.27150147
-0.25565 -0.0293168696207741 -0.00921675571037768 -5.68382297913142 104.765128275059 1903563.24657002 -516771.698649182
-0.2557 0.0230548512731675 0.00766607862111213 -5.64776672330671 104.758090918421 1904257.40305302 -516769.907563801
-0.25575 -0.0111806752641468 -0.0123347616756928 -5.66996592955877 104.751053561783 1903785.89700001 -516750.878771467
-0.2558 0.00654075262450737 0.00137647300273202 -5.65761298890755 104.744016205144 1904087.19400204 -516746.572751851
-0.25585 -0.0108180315960726 0.00627753269306631 -5.68673281652021 104.736978848506 1903933.60476033 -516731.75728993
-0.2559 0.0036796303688094 -0.00393229824984047 -5.67578212800321 104.729941491868 1903947.55703567 -516737.695280116
-0.25595 0.00895448834030999 -0.0148026619941511 -5.67845470982282 104.722904135229 1903932.30503916 -516737.45399732
-0.256 -0.00256333769756829 0.0135232662062447 -5.68021209601921 104.715866778591 1903976.90472284 -516745.58614162
-0.25605 -0.0137260754565217 -0.00137714303180361 -5.67867125433543 104.708829421952 1903798.72288191 -516746.900165778
-0.2561 0.0185258308490483 -0.00779552008848121 -5.66452997603784 104.701792065314 1904086.89303688 -516753.014072208
-0.25615 -0.0131445343376996 -0.000507065816848003 -5.67844488464737 104.694754708676 1903861.87645126 -516736.530676405
-0.2562 0.00119863882553582 0.0164357984895977 -5.67052837042796 104.687717352037 1904120.2304449 -516735.214949092
-0.25625 -0.00336039628939636 -0.00971132100952296 -5.68148970750193 104.680679995399 1903893.44845204 -516732.829172951
-0.2563 0.013360416263945 -0.00212008725774969 -5.68381772489702 104.673642638761 1903991.70688304 -516725.747226928
-0.25635 -0.013595557635564 0.0106952119173531 -5.6824492093783 104.666605282122 1903871.96464122 -516736.024413849
-0.2564 0.00196151399261551 -0.0104599426778007 -5.67827435143716 104.659567925484 1903791.67946486 -516751.862940647
-0.25645 0.0141519508707822 0.0002397232207224 -5.6602998059275 104.652530568846 1904087.03280262 -516755.852007393
-0.2565 -0.0195459267842658 0.00790189178744305 -5.66823736303247 104.645493212207 1903940.13383481 -516743.537632794
-0.25655 0.00111448641235684 0.00406696588758684 -5.66891793593057 104.638455855569 1904011.52447546 -516730.660499451
-0.2566 -0.00135661015492724 -0.00393248722323444 -5.65712653507449 104.631418498931 1904035.59172593 -516731.228949909
-0.25665 0.0193074882166651 -0.00247365490155956 -5.65503528775003 104.624381142292 1904182.59079299 -516733.206319043
-0.2567 -0.0214476413622287 -0.00604677832136834 -5.66011475381417 104.617343785654 1903910.32880482 -516736.814205666
-0.25675 0.0106580952679737 0.0131859584131366 -5.63714178904547 104.610306429016 1904280.73466068 -516734.246037449
-0.2568 -0.0063120655202423 -0.0217445602645371 -5.65504164358426 104.603269072377 1903861.07035032 -516741.339032191
-0.25685 0.0183853061568362 0.0112112316970863 -5.63921882900785 104.596231715739 1904334.91103836 -516738.856151355
-0.2569 -0.0145970512141572 -0.0118504189910684 -5.65748361563743 104.589194359101 1903914.33818689 -516723.836379679
-0.25695 0.0137814149496488 0.0263550557623057 -5.63337457647316 104.582157002462 1904544.79899602 -516710.583181057
-0.257 -0.0206783020722354 -0.0334193049839924 -5.66048962834524 104.575119645824 1903780.03916135 -516737.018286534
-0.25705 0.0334669036300851 0.0299981670693724 -5.61145112513007 104.568082289186 1904745.03034818 -516719.815130216
-0.2571 -0.0264611453346214 -0.0352046744929139 -5.64603801107505 104.561044932547 1903812.08647674 -516730.360697541
-0.25715 0.0235128778189682 0.0398142492670601 -5.5996125769716 104.554007575909 1904706.39266259 -516741.680904553
-0.2572 -0.03883942382291 -0.0214185382680533 -5.6382679243614 104.546970219271 1903794.53022447 -516741.224378299
-0.25725 0.0363633087530755 0.00164546637350288 -5.6056124774584 104.539932862632 1904514.51840695 -516750.828816707
-0.2573 -0.0205711464745884 -0.00533477795458636 -5.62862333022986 104.532895505994 1904046.25044397 -516750.600392642
-0.25735 0.00904121574285157 0.0173103096501878 -5.61069599286755 104.525858149355 1904501.1460518 -516727.776919527
-0.2574 -0.00559944580428862 -0.023026189899263 -5.63380821765358 104.518820792717 1904056.90644686 -516731.273218268
-0.25745 0.0214055516164316 0.0270493779619911 -5.59663052580626 104.511783436079 1904717.22398533 -516733.857742391
-0.2575 -0.0289823666423174 -0.0221330083492511 -5.62490626984032 104.50474607944 1903960.8908603 -516730.298223741
-0.25755 0.0265579395168441 0.0188962239664417 -5.5865502911796 104.497708722802 1904733.92875412 -516726.730652439
-0.2576 -0.0277343554218038 -0.0313604686239794 -5.62297856247937 104.490671366164 1903866.70778647 -516728.950238793
-0.25765 0.036170191627928 0.0237376836106668 -5.57612545676151 104.483634009525 1904882.32266112 -516727.199011958
-0.2577 -0.0284259156772213 -0.0239692730596771 -5.61764148362079 104.476596652887 1904008.95154756 -516721.16339856
-0.25775 0.0191051327300885 0.0286264525944905 -5.58428967327459 104.469559296249 1904831.84070486 -516720.360979161
-0.2578 -0.0179733768955397 -0.0187582013578153 -5.61733145893123 104.46252193961 1904109.71956826 -516733.338996266
-0.25785 0.0250901156467752 0.0098095423318716 -5.59722609963569 104.455484582972 1904592.5869545 -516727.814442569
-0.2579 -0.0305409800012757 0.0009094260008459 -5.61120514160423 104.448447226334 1904176.63513814 -516727.057024957
-0.25795 0.015610928321828 0.00683250763452616 -5.60053375638192 104.441409869695 1904613.420972 -516716.487339566
-0.258 0.0110223790016566 -0.0316986028395735 -5.6011154388927 104.434372513057 1904366.71955629 -516713.831026962
-0.25805 -0.011413453751984 0.0286470385227969 -5.57769156214688 104.427335156419 1904745.42415797 -516708.253356596
-0.2581 -0.0108512457497846 -0.0141149834574378 -5.60299417968127 104.42029779978 1904201.45476936 -516719.606230356
-0.25815 0.0263901009015794 -0.0148904361223844 -5.59460975013327 104.413260443142 1904558.77909628 -516718.163701474
-0.2582 -0.0211489387379042 0.00670801135420956 -5.60753295441682 104.406223086504 1904297.08191976 -516700.535689873
-0.25825 -0.00438160319831575 0.0169534090428252 -5.60099802998447 104.399185729865 1904554.9372053 -516689.344581114
-0.2583 0.00630255227717539 -0.0359810360643122 -5.61315325551608 104.392148373227 1904264.7975062 -516684.648389494
-0.25835 0.0161734207351199 0.0189653052981141 -5.58560308607575 104.385111016589 1904720.02005632 -516708.370006534
-0.2584 -0.0395240932213319 -0.00269741677825981 -5.62153973774539 104.37807365995 1904080.80220601 -516705.583765856
-0.25845 0.0400230591707931 0.0124380777249701 -5.58698667413812 104.371036303312 1904845.09603038 -516721.333783583
-0.2585 -0.0321193414009622 -0.0285890661589022 -5.63377356010107 104.363998946674 1903871.70600691 -516714.188154518
-0.25855 0.0220993146942008 0.0337466109341852 -5.58542464590291 104.356961590035 1904847.25755188 -516709.219983534
-0.2586 -0.011111194819969 -0.0378033035185312 -5.61349511421491 104.349924233397 1904065.05893875 -516710.007986273
-0.25865 0.0235194127930573 0.0195450622785797 -5.5725487909708 104.342886876758 1904852.63442556 -516697.395771647
-0.2587 -0.0341171409725763 -0.010600207870786 -5.60874508274762 104.33584952012 1904125.33599726 -516717.866957838
-0.25875 0.0207478176670075 0.0388354870702414 -5.57577843094347 104.328812163482 1904946.97632192 -516710.328592627
-0.2588 -0.009089595142372 -0.065727213875337 -5.63220676073829 104.321774806843 1903849.78797393 -516692.876839567
-0.25885 0.0161188187191217 0.0480325564604026 -5.57345393845209 104.314737450205 1905022.14623588 -516689.413287852
-0.2589 -0.0522438748365479 -0.0224666458297754 -5.61289456511716 104.307700093567 1904082.3244464 -516677.488264587
-0.25895 0.0578575692849523 0.0138160568690402 -5.56404187910466 104.300662736928 1905172.12097252 -516694.26098217
-0.259 -0.0386887650526282 -0.0139355621192048 -5.61499115114919 104.29362538029 1904098.47199238 -516695.073178575
-0.25905 0.0152429620987184 0.0235683747883042 -5.56788990518503 104.286588023652 1904844.75830603 -516690.006917128
-0.2591 -0.00844611680769568 -0.0295763832369352 -5.58874610386198 104.279550667013 1904226.63468217 -516704.042158102
-0.25915 0.0148599713294384 0.020568203047966 -5.54552327450618 104.272513310375 1905003.38783196 -516705.36755192
-0.2592 -0.0302595883233774 -0.00535744942086712 -5.57568732195593 104.265475953737 1904377.65724279 -516706.52987657
-0.25925 0.0233269965390428 0.00107044500450292 -5.56175767836676 104.258438597098 1904788.01939865 -516708.37758661
-0.2593 0.00426427187037898 -0.0251124638839955 -5.57405960896908 104.25140124046 1904446.20896909 -516701.01883688
-0.25935 -0.0128345226066904 0.0239554101255026 -5.5463842478383 104.244363883822 1904889.67679783 -516691.192362963
-0.2594 0.00422167090094685 -0.0222255205940682 -5.55798564102149 104.237326527183 1904654.08194252 -516686.184362989
-0.25945 0.0118863554974478 0.00607813137650429 -5.54887526776968 104.230289170545 1904870.56803939 -516701.120361728
-0.2595 -0.0227962094840452 0.00543423909206656 -5.56743038801589 104.223251813907 1904519.80748799 -516702.533858733
-0.25955 0.0159403881165791 0.00478907411498142 -5.53916029978774 104.216214457268 1904957.30975784 -516705.244500008
-0.2596 -0.0161424797777517 -0.0181231965261438 -5.56220643932653 104.20917710063 1904504.81960113 -516698.582405028
-0.25965 0.023434626170433 0.00663674036142489 -5.54678884428211 104.202139743992 1905059.9353277 -516692.286535468
-0.2597 -0.0275090911181523 -0.00879393444031623 -5.55666494142412 104.195102387353 1904594.15692278 -516699.144696099
-0.25975 0.0206981932088592 0.0165621866197121 -5.5319098164572 104.188065030715 1905128.46769207 -516706.979905938
-0.2598 -0.00248278467822592 -0.0361522918965331 -5.55555629529245 104.181027674077 1904536.40692797 -516693.330079866
-0.25985 0.00109761998217862 0.0300229433235373 -5.534710978528 104.173990317438 1905118.42790717 -516699.394714358
-0.2599 -0.0176816681385899 -0.0107479212184069 -5.5490383700011 104.1669529608 1904607.67944426 -516703.91175496
-0.25995 0.0189764019776567 0.00431599316949584 -5.52010723485024 104.159915604161 1905057.17516215 -516708.959211074
-0.26 -0.0128017815229557 -0.0183038778499299 -5.54477317532265 104.152878247523 1904636.84798894 -516707.166123462
-0.26005 0.00173279787175113 0.0213783569881328 -5.5283674261735 104.145840890885 1905035.53309986 -516700.303880053
-0.2601 0.00333868578471444 -0.0242629699271935 -5.53177253257793 104.138803534246 1904834.45845205 -516676.268510825
-0.26015 0.0118006665801984 0.0171539015218295 -5.51809427784063 104.131766177608 1905208.15064152 -516683.96192726
-0.2602 -0.0209083390136235 -0.00367500447888512 -5.53972492768033 104.12472882097 1904639.90772474 -516700.89580662
-0.26025 0.0132711101258435 0.0255958778090954 -5.51471766389959 104.117691464331 1905248.48838458 -516691.856535921
-0.2603 -0.0104779631473956 -0.0345543521599368 -5.54928083167633 104.110654107693 1904557.55963283 -516700.241672718
-0.26035 0.0190458139123254 0.0303141955659046 -5.49756174133675 104.103616751055 1905389.96334778 -516696.814513853
-0.2604 -0.0354085677853012 -0.0201632656822298 -5.54929468319677 104.096579394416 1904488.4344037 -516691.962782987
-0.26045 0.0396942133329173 0.0154559299868896 -5.51587323713253 104.089542037778 1905327.16188255 -516708.550031484
-0.2605 -0.0198858974772294 -0.0326072465140665 -5.556246191732 104.08250468114 1904511.87203502 -516695.282249256
-0.26055 0.00535806238725185 0.0553872374089211 -5.50626955480346 104.075467324501 1905463.75049929 -516706.034234561
-0.2606 -0.0268946888689184 -0.037382775968588 -5.55565359852938 104.068429967863 1904355.01924348 -516703.195867952
-0.26065 0.0450548703706131 0.00656076190746231 -5.50962865032774 104.061392611225 1905310.7992857 -516703.407062455
-0.2607 -0.0326725798652199 -0.0107003279244081 -5.54562453287851 104.054355254586 1904554.67770693 -516692.949127538
-0.26075 0.0227492292826612 0.029296039577795 -5.51348517215713 104.047317897948 1905319.87694654 -516692.742435597
-0.2608 -0.0068304662676912 -0.0322018868245023 -5.54130811369962 104.04028054131 1904595.94291446 -516688.38602573
-0.26085 0.0119393793247292 0.0279329433959217 -5.51272023083209 104.033243184671 1905226.9537113 -516691.321200466
-0.2609 -0.0225703906026861 -0.0178369517901744 -5.53368772982961 104.026205828033 1904698.35067091 -516679.210723346
-0.26095 0.0272712592623251 -0.000389540784703858 -5.51017255217223 104.019168471395 1905213.22555583 -516692.459175875
-0.261 -0.0284092675714785 0.00340764203050863 -5.53280027627298 104.012131114756 1904735.4253945 -516696.324798575
-0.26105 0.00217504823878731 0.0143476415245222 -5.51629105213819 104.005093758118 1905009.85807031 -516713.870853535
-0.2611 0.00629162140400188 -0.0204030071830107 -5.51947865168029 103.99805640148 1904859.34853168 -516695.116412383
-0.26115 0.0092843741808059 0.00440145880326613 -5.5238182206537 103.991019044841 1904969.44500095 -516698.309884464
-0.2612 -0.0152097508430627 0.0121570954429534 -5.52305185911709 103.983981688203 1904953.32689395 -516675.51757621
-0.26125 0.0090240101258826 -0.00483794121579879 -5.51872677138554 103.976944331564 1905047.96272275 -516677.789860716
-0.2613 0.00750493488664739 -0.018816806882 -5.52448146548091 103.969906974926 1904852.79861081 -516686.134921363
-0.26135 -0.0227737440646592 0.0408121875760513 -5.49816634740963 103.962869618288 1905128.70271451 -516709.58736532
-0.2614 0.00866641907233909 -0.0231601675660624 -5.51472617826812 103.955832261649 1904930.18004667 -516703.942311288
-0.26145 0.0171528706552202 0.0051247484108356 -5.49906356414624 103.948794905011 1905134.22959079 -516707.452343335
-0.2615 -0.0118935326939156 0.00831119319739429 -5.51057046881878 103.941757548373 1904963.62303073 -516692.629738116
-0.26155 -0.00739586758782609 -0.00335974557836013 -5.50550066562797 103.934720191734 1904912.66527647 -516695.179832178
-0.2616 0.0145108938859177 -0.0062440202522604 -5.49699394969142 103.927682835096 1905128.28339204 -516691.015454614
-0.26165 -0.00385822906227899 0.00480613892764666 -5.501415418762 103.920645478458 1905041.54424341 -516699.056089126
-0.2617 -0.00847471971675684 0.0150807784238023 -5.4980257879607 103.913608121819 1905039.3969497 -516701.350960294
-0.26175 0.0106547304434141 -0.0134580872976086 -5.48725251523839 103.906570765181 1905019.32121154 -516715.028150784
-0.2618 -0.000648342733567094 -0.00109112493356117 -5.49430532597497 103.899533408543 1905053.85141412 -516696.922034612
-0.26185 -0.00188403936279589 0.00392873775280382 -5.4890275737845 103.892496051904 1905147.8311051 -516677.288693679
-0.2619 0.0025710070354304 -0.00257528425559245 -5.48473391704682 103.885458695266 1905169.56743672 -516679.806178643
-0.26195 0.00848208596348475 0.00259157351013732 -5.49130817835348 103.878421338628 1905208.1946667 -516686.84784872
-0.262 -0.0257614339544693 -0.00367496281144757 -5.50575841807605 103.871383981989 1904872.27241795 -516688.665807836
-0.26205 0.0128338331453769 0.0127856906974622 -5.48151385087554 103.864346625351 1905277.36626899 -516706.044568867
-0.2621 0.0117128074948718 -0.0360948588483099 -5.50518221474103 103.857309268713 1904772.64284476 -516718.482092707
-0.26215 -0.00908358547952897 0.035656952388103 -5.48979079872041 103.850271912074 1905249.87714818 -516714.776335506
-0.2622 -0.0225469440926182 -0.00186036018950579 -5.50506530330158 103.843234555436 1904808.31742151 -516709.766232587
-0.26225 0.0451108909129581 -0.0221336648417255 -5.49411106483978 103.836197198798 1905172.08591381 -516714.819427037
-0.2623 -0.0320631835286832 0.00339432479368742 -5.52090156227261 103.829159842159 1904683.87119808 -516707.19632184
-0.26235 -0.000217907979290716 0.0334412854889248 -5.47978291008486 103.822122485521 1905359.82700885 -516705.030078763
-0.2624 0.0114787545875928 -0.0444470291968293 -5.52899299516343 103.815085128883 1904719.3978828 -516692.754186338
-0.26245 0.0216356011208365 0.00518709103363833 -5.5065607258203 103.808047772244 1905180.19298016 -516682.345110164
-0.2625 -0.0446295549417311 0.0206590740783599 -5.53180972082281 103.801010415606 1904646.42927777 -516708.321593085
-0.26255 0.0211862068886768 -0.00368002014476038 -5.51009713450832 103.793973058967 1905030.59133559 -516697.337652929
-0.2626 0.0049197492893295 -0.0234848318268441 -5.52093625134247 103.786935702329 1904801.76644187 -516695.719712549
-0.26265 -0.0147983230790567 0.0311341285444269 -5.49922774745428 103.779898345691 1905168.34398285 -516690.646025696
-0.2627 0.000704106022961421 -0.0173102470521909 -5.51389879631387 103.772860989052 1904915.59236093 -516686.516714869
-0.26275 0.0223081444761823 0.00295362857829242 -5.50283387692535 103.765823632414 1905150.27335309 -516709.554438465
-0.2628 -0.0291066104887538 -0.0129874900970992 -5.5253695264605 103.758786275776 1904629.0590537 -516710.229507351
-0.26285 0.0173379630345169 0.0241111812328563 -5.50318294492729 103.751748919137 1905192.00095272 -516707.436804258
-0.2629 -0.0143146411526638 -0.0247537801065118 -5.53470152045423 103.744711562499 1904568.02338213 -516708.577220607
-0.26295 0.0189444043137307 0.00869897651320689 -5.50933347967955 103.737674205861 1905118.57549406 -516691.192142055
-0.263 -0.0234184761238463 -0.00843206927175696 -5.52570366953855 103.730636849222 1904735.29443329 -516692.703367638
-0.26305 0.0213445544849724 0.0100345440787766 -5.50754056030646 103.723599492584 1905159.01102781 -516684.817766691
-0.2631 -0.0129584211562208 -0.013915906276815 -5.51707810997207 103.716562135946 1904759.62004699 -516696.935775036
-0.26315 0.0207130821475775 0.0150089610717453 -5.49987846743486 103.709524779307 1905232.90295333 -516695.062799612
-0.2632 -0.0212446387454858 -0.00524411052406284 -5.50768033497988 103.702487422669 1904846.95040522 -516699.674733062
-0.26325 0.01892992229348 -0.00297913766031843 -5.50807422027066 103.695450066031 1905116.85017233 -516693.758795301
-0.2633 -0.00551213661107203 -0.0118565815284315 -5.51384482631818 103.688412709392 1904873.364112 -516688.194125141
-0.26335 0.00166898447835445 0.0225659860991005 -5.4948562289547 103.681375352754 1905297.68468374 -516683.822032198
-0.2634 -0.00259150444844954 -0.0285715065631109 -5.51032769322125 103.674337996116 1904778.15974367 -516691.149237912
-0.26345 0.0193576330297252 0.016087103706155 -5.49762849675299 103.667300639477 1905258.59752618 -516685.112800045
-0.2635 -0.0186543634370595 -0.00268877570183459 -5.50640212780328 103.660263282839 1904880.79276551 -516696.409001443
-0.26355 0.00959839686954302 -0.00155948826256826 -5.5025180177929 103.653225926201 1905090.98516231 -516691.94151318
-0.2636 0.00208134615769913 -0.00213689518716603 -5.5116203098101 103.646188569562 1904955.45363906 -516689.111819904
-0.26365 -0.0201025904920959 0.0116691899169153 -5.5105100341106 103.639151212924 1904902.28757212 -516673.130776456
-0.2637 0.0185550789167329 -0.00544820893123976 -5.50516439297081 103.632113856286 1905095.36853966 -516680.016102821
-0.26375 0.00611391464029736 -0.0148326290611129 -5.51601791419715 103.625076499647 1904823.60756365 -516683.894008523
-0.2638 -0.0172207125295673 0.0198108037318846 -5.50439838084795 103.618039143009 1905007.95499115 -516691.87881259
-0.26385 0.00288228049838282 -0.00867611490143281 -5.50868220880945 103.61100178637 1905004.44715236 -516690.218383402
-0.2639 0.0128934642857479 -0.00527306740172094 -5.49207567883312 103.603964429732 1905128.12245592 -516701.472996811
-0.26395 -0.0152010267139624 -0.000285332841307579 -5.51221769480059 103.596927073094 1904861.2912194 -516705.613714027
-0.264 0.0127641919467421 0.0033235366200323 -5.5011643112538 103.589889716455 1905041.16043271 -516706.580853791
-0.26405 -0.0105552491720384 -0.0099274355643923 -5.51311911647404 103.582852359817 1904776.91012258 -516702.926171907
-0.2641 0.00948800815551736 0.0106677036521015 -5.49636771468101 103.575815003179 1905200.20282702 -516679.148231987
-0.26415 -0.00274864192276508 -0.0115429547127689 -5.50474479069527 103.56877764654 1904942.54265817 -516681.669741366
-0.2642 0.00132750635641382 0.0114614381120444 -5.49654871236451 103.561740289902 1905102.41469703 -516703.167504256
-0.26425 0.00572254751222999 -0.0138685548641973 -5.50174061485917 103.554702933264 1904947.80646372 -516685.455517041
-0.2643 -0.00418635223631933 0.00434631159961533 -5.49874868889448 103.547665576625 1904988.54360309 -516697.250770034
-0.26435 -0.000227694836949693 0.00575363208309502 -5.50133643276122 103.540628219987 1904954.94383738 -516711.97778733
-0.2644 0.00674635859085668 -0.0135657045252077 -5.49876775998588 103.533590863349 1904859.22239299 -516715.747055295
-0.26445 -0.00914407185856769 -0.000176112556987666 -5.51078965471413 103.52655350671 1904852.05331339 -516700.903602518
-0.2645 -0.0114384046537386 0.015784479827706 -5.50268275159088 103.519516150072 1904923.26186611 -516721.131123343
-0.26455 0.0217526721351548 -0.0215173880083364 -5.4945738684116 103.512478793434 1904976.86730126 -516707.838866955
-0.2646 -0.000177568472655907 0.00465301105138844 -5.50966706686563 103.505441436795 1904973.40410156 -516694.243244885
-0.26465 -0.00899739344095797 0.00168476159316464 -5.51096614237999 103.498404080157 1904861.71874246 -516690.341231794
-0.2647 0.0193332091541204 -0.00392665837389689 -5.50422358053269 103.491366723519 1904971.92909146 -516700.435439041
-0.26475 -0.0179925104988096 -0.00238327322429058 -5.51933634084757 103.48432936688 1904616.76280283 -516709.436043958
-0.2648 -0.00130781583674499 0.0115002024950928 -5.50260107374676 103.477292010242 1905018.988357 -516701.174006758
-0.26485 0.000845850144676571 -0.0142169798631182 -5.51951931947243 103.470254653604 1904708.86078865 -516711.966656803
-0.2649 0.00274486911645575 0.014521267998443 -5.50839032664192 103.463217296965 1905000.44712126 -516693.059482928
-0.26495 -0.0141369637193623 0.00520147495108603 -5.51837966825079 103.456179940327 1904782.55102345 -516709.028561973
-0.265 0.0145415057691082 -0.0180826991893602 -5.52940129174533 103.449142583689 1904719.55451275 -516716.228860637
-0.26505 -0.00200369318804088 0.0132071994456601 -5.51984595266652 103.44210522705 1904932.14921999 -516710.93418224
-0.2651 -0.00654824180344108 -0.0166710263179185 -5.53614443449624 103.435067870412 1904657.80431467 -516704.58314484
-0.26515 0.00613857470033892 0.0232079405410227 -5.52060601962377 103.428030513773 1905083.87019078 -516685.306230261
-0.2652 -0.0136955159537562 -0.020850200843127 -5.54637250955926 103.420993157135 1904535.6018397 -516678.992297554
-0.26525 0.0241854561256618 0.0118813537564728 -5.52555210255437 103.413955800497 1905015.92178996 -516690.089970618
-0.2653 -0.0122231189329353 -0.0214103477119744 -5.54986365841078 103.406918443858 1904477.29238871 -516697.862261874
-0.26535 0.00561024719778002 0.0215912666462105 -5.53238593499276 103.39988108722 1904971.1460231 -516685.581766847
-0.2654 -0.00996792976739451 -0.0179147278924435 -5.54844571293119 103.392843730582 1904522.46475306 -516697.653625253
-0.26545 0.016345226684301 0.0159233739672391 -5.52367854404052 103.385806373943 1905047.05137138 -516704.098607281
-0.2655 -0.0156412786597999 -0.00972663966623703 -5.54511685315055 103.378769017305 1904525.06122463 -516711.178820822
-0.26555 0.0164702827448886 0.0051168910265756 -5.53172652571871 103.371731660667 1904920.3524424 -516706.296279032
-0.2656 -0.0252607639393658 -0.0063279972673101 -5.551290362253 103.364694304028 1904541.42147392 -516688.586909462
-0.26565 0.0176633667656046 0.0192210141122008 -5.52303519319593 103.35765694739 1905116.62192892 -516678.227052212
-0.2657 -0.0153817756373347 -0.0264538142075343 -5.56788324399226 103.350619590752 1904418.12497288 -516681.711111402
-0.26575 0.0323919080216603 0.0307780218270491 -5.52517018263653 103.343582234113 1905266.48610736 -516679.428186206
-0.2658 -0.0459042136154635 -0.0286460306771994 -5.568353993377 103.336544877475 1904147.93500514 -516692.860776342
-0.26585 0.0506008819259258 0.0323511960322998 -5.50426375341706 103.329507520837 1905456.35948942 -516688.81398683
-0.2659 -0.0505894481152679 -0.0367653021585421 -5.57084683872221 103.322470164198 1904173.78741611 -516671.634295679
-0.26595 0.0346509247631344 0.0417972671049293 -5.51665625765056 103.31543280756 1905431.51180834 -516661.466661753
-0.266 -0.0236851317151509 -0.0476163866869469 -5.57910676923147 103.308395450922 1904199.65546816 -516671.63054985
-0.26605 0.0335450641783111 0.0349619883223384 -5.52371459279238 103.301358094283 1905389.47845126 -516674.018971638
-0.2661 -0.0434876603944109 -0.0337294143181561 -5.5823704129182 103.294320737645 1904122.72737083 -516682.623932529
-0.26615 0.0413624438383983 0.0282075716814782 -5.52401004237609 103.287283381007 1905302.6950389 -516679.382685987
-0.2662 -0.0399775896215035 -0.0248237628144251 -5.57837927299881 103.280246024368 1904215.30976072 -516664.180796753
-0.26625 0.0379120205678955 0.0238142782143242 -5.53521366126154 103.27320866773 1905202.81722136 -516674.930916578
-0.2663 -0.0340028893986599 -0.017250953523532 -5.57882392582165 103.266171311092 1904324.3310092 -516671.186907121
-0.26635 0.0255209724897199 0.0219487448897721 -5.54755442951897 103.259133954453 1905105.7283511 -516652.819874822
-0.2664 -0.0290456191040046 -0.0174921060709478 -5.58569110347237 103.252096597815 1904332.37328288 -516650.047728712
-0.26645 0.0221511170725613 0.0352032222155542 -5.5492048940518 103.245059241176 1905158.611759 -516656.67848773
-0.2665 -0.016230859398831 -0.0430819207656613 -5.60363668685251 103.238021884538 1904084.87237115 -516659.417827584
-0.26655 0.0263873569999235 0.0309527252417802 -5.56002067982939 103.2309845279 1905048.65140495 -516660.344972995
-0.2666 -0.0307010468104835 -0.0278420055322377 -5.60547891034034 103.223947171261 1904131.80683419 -516660.464811327
-0.26665 0.0217448317598747 0.0211181455523012 -5.57706607568106 103.216909814623 1905001.79496297 -516639.797844487
-0.2667 -0.020663874525514 -0.0279257535170676 -5.62046966328214 103.209872457985 1904134.66959438 -516657.097462328
-0.26675 0.0220157126924679 0.0364018323837259 -5.58544765987448 103.202835101346 1905033.57970254 -516641.208099093
-0.2668 -0.0162873243283059 -0.036847157638185 -5.6203861181176 103.195797744708 1904121.82969246 -516645.198300733
-0.26685 0.0230559355988547 0.0309601741982226 -5.57362895736744 103.18876038807 1905065.16770193 -516633.793191075
-0.2669 -0.037188670022422 -0.0297017938251843 -5.62007852129545 103.181723031431 1904077.58484935 -516650.439485479
-0.26695 0.0431208249922969 0.0190112010740001 -5.5732933667944 103.174685674793 1905034.94130494 -516647.3869214
-0.267 -0.0304189548261997 -0.0275149434891142 -5.63505236292268 103.167648318155 1904076.97598647 -516631.075845948
-0.26705 0.0336961725310183 0.0337521780656266 -5.58587969028198 103.160610961516 1905159.61897672 -516627.371567684
-0.2671 -0.0357844982419312 -0.0329587025522905 -5.63822246075495 103.153573604878 1904042.12829466 -516620.365747101
-0.26715 0.0308309600503513 0.0297793486774521 -5.59425427499197 103.14653624824 1905081.0942831 -516628.723184136
-0.2672 -0.0336263371596863 -0.0266175978334392 -5.64996923796914 103.139498891601 1903984.2603397 -516627.517731653
-0.26725 0.033777822278633 0.0203877098584844 -5.6075275610225 103.132461534963 1904870.62842454 -516637.225991479
-0.2673 -0.0330733622787192 -0.0182916675474634 -5.65341972074773 103.125424178325 1904058.37651697 -516625.692074903
-0.26735 0.0192639896040041 0.0231178744567831 -5.60695160459076 103.118386821686 1904790.80236885 -516648.121912958
-0.2674 -0.02048315404708 -0.0224638074687948 -5.64674813615899 103.111349465048 1904113.16297667 -516629.944735785
-0.26745 0.0204707592635804 0.0138511193466215 -5.62006357211183 103.10431210841 1904762.55044916 -516596.974685568
-0.2675 -0.0293727357371961 -0.017762371383097 -5.65982366720411 103.097274751771 1904099.22942162 -516591.85699508
-0.26755 0.0267532205795699 0.00622708000407873 -5.62731451427688 103.090237395133 1904749.57635049 -516599.023554695
-0.2676 -0.03696267534917 -0.000937167880130752 -5.65692679375629 103.083200038495 1904168.76254068 -516615.260903891
-0.26765 0.030951336547902 0.00136195908774643 -5.63525194653675 103.076162681856 1904654.74876507 -516623.981609168
-0.2677 -0.0229953282025108 -0.00347802985725971 -5.65809565672234 103.069125325218 1904159.68812063 -516629.106634962
-0.26775 0.0168075343299963 0.00337391166534323 -5.63070279656895 103.062087968579 1904549.84237482 -516620.876093945
-0.2678 0.000619747082518529 -0.0112864413207455 -5.66316065335995 103.055050611941 1904237.08853284 -516600.444181894
-0.26785 0.00819700144673347 0.013098613619695 -5.6424474053112 103.048013255303 1904614.82581595 -516587.255225756
-0.2679 -0.0179351880844942 -0.00164771199842919 -5.65337522837244 103.040975898664 1904302.75506301 -516600.171338716
-0.26795 0.0135622287036218 0.0125387231104226 -5.62885658284271 103.033938542026 1904628.70119478 -516613.385902044
-0.268 0.00682232006752711 -0.029198089878544 -5.64349135613014 103.026901185388 1904259.41659319 -516611.290370137
-0.26805 -0.0126351261497189 0.0287583497685118 -5.63369401176195 103.019863828749 1904558.5433714 -516618.527718642
-0.2681 -0.0128323834547657 0.00469211521141705 -5.64934461093055 103.012826472111 1904337.93831806 -516613.741775155
-0.26815 0.0312966414197865 -0.028063319113543 -5.64137631191036 103.005789115473 1904400.0847568 -516609.991344037
-0.2682 -0.0230853736608209 0.0235117845914822 -5.63261774893036 102.998751758834 1904412.32924391 -516626.9706456
-0.26825 -0.00891796314810505 0.0103812654243297 -5.63870108214669 102.991714402196 1904391.03406465 -516604.743769854
-0.2683 0.0173440378006587 -0.0247208881575953 -5.63228800788901 102.984677045558 1904561.19635233 -516577.622896895
-0.26835 0.00530510230339895 0.00239626126905531 -5.63220042703102 102.977639688919 1904540.89598897 -516589.697143883
-0.2684 -0.0282922608835646 0.0310299689336827 -5.63188769497209 102.970602332281 1904563.86123438 -516605.854780569
-0.26845 0.016025673953773 -0.0205996036039789 -5.63463622629758 102.963564975643 1904481.89800672 -516613.045431171
-0.2685 0.0057690921526563 0.00166202440208044 -5.62952887712969 102.956527619004 1904573.35572325 -516597.542379105
-0.26855 -0.0261223498267739 0.00461072630084065 -5.62076189177788 102.949490262366 1904331.01655268 -516617.983400329
-0.2686 0.0294598895618714 0.00296226899652297 -5.60427151708535 102.942452905728 1904858.10016457 -516594.580635802
-0.26865 -0.0196527275393708 -0.0219238772373448 -5.61394350650102 102.935415549089 1904274.82562288 -516613.531056095
-0.2687 0.015298887629333 0.0249123854918744 -5.58280241950824 102.928378192451 1904905.21781294 -516633.863409494
-0.26875 -0.0249556585526762 -0.0022744229991939 -5.6100751879869 102.921340835813 1904429.45997606 -516601.397049527
-0.2688 0.0247137352089106 0.00704707064033354 -5.59205072007572 102.914303479174 1904895.19320077 -516592.225554853
-0.26885 -0.0176537344736141 -0.0148882706817967 -5.606214640206 102.907266122536 1904451.90790059 -516594.296200299
-0.2689 0.0179278466852458 0.0119248597239428 -5.58289851892044 102.900228765898 1904874.66231179 -516604.096134796
-0.26895 -0.0170013903290827 -0.0131224062019987 -5.60947533719748 102.893191409259 1904335.55752472 -516606.67229416
-0.269 0.0145316169859702 0.0169753113321612 -5.58012373329798 102.886154052621 1904791.89842113 -516608.809665459
-0.26905 -0.018794784383663 -0.0221788333733621 -5.60184460349771 102.879116695982 1904271.79528282 -516596.452609002
-0.2691 0.0133844438078954 0.0144106504337968 -5.56450799894427 102.872079339344 1904969.41192323 -516585.582143223
-0.26915 -0.020320485529926 -0.00901073096979311 -5.58193333502005 102.865041982706 1904558.96457581 -516577.124855164
-0.2692 0.0205685144982597 -0.00196372725231403 -5.57636820480926 102.858004626067 1904824.0253219 -516598.932109041
-0.26925 -0.018160498102502 -0.00478762113569577 -5.58100592590838 102.850967269429 1904458.65816548 -516605.150353283
-0.2693 0.00953282295770301 0.0133294895144057 -5.56956698044632 102.843929912791 1904847.50663898 -516594.55507727
-0.26935 -0.00350014922335083 -0.0201783256136952 -5.57677111257785 102.836892556152 1904456.7798673 -516603.008610217
-0.2694 0.00776676389891891 0.0281477396161831 -5.55141502757483 102.829855199514 1904978.36359489 -516607.878512108
-0.26945 -0.0118292508635577 -0.0200798604775161 -5.59037067061304 102.822817842876 1904371.78033995 -516609.132710021
-0.2695 0.0159631549081817 0.0142836522893825 -5.56098670325395 102.815780486237 1904975.04924335 -516585.408381244
-0.26955 -0.00775880599942156 -0.023271317106936 -5.57605296250598 102.808743129599 1904469.39728294 -516588.5200626
-0.2696 0.0121523125409829 0.017300605440862 -5.54920002010629 102.801705772961 1904978.25268104 -516593.6707997
-0.26965 -0.00963396279346365 -0.012321596874658 -5.56858488255478 102.794668416322 1904448.04987714 -516626.08939398
-0.2697 0.0138483578420551 0.023758992119039 -5.52979025420756 102.787631059684 1905101.6784577 -516615.628370262
-0.26975 -0.0168390919492791 -0.0289716462785252 -5.56588552091427 102.780593703046 1904321.54578798 -516617.650463541
-0.2698 0.0363411262319095 0.0235023682749768 -5.523965845978 102.773556346407 1905257.9177282 -516601.520721578
-0.26985 -0.0397777585665866 -0.0241703315645808 -5.56714019649661 102.766518989769 1904299.86520525 -516593.715288965
-0.2699 0.0361831777064677 0.020720638078319 -5.51348343238066 102.759481633131 1905330.48077293 -516596.577154668
-0.26995 -0.0227982279252768 -0.0279184148763871 -5.54942553698218 102.752444276492 1904307.69625455 -516620.194659309
-0.27 0.0174734262365699 0.0278906970401011 -5.50915290514896 102.745406919854 1905197.22954913 -516610.52079942
-0.27005 -0.0294720716984913 -0.0103620754610499 -5.5392420683387 102.738369563216 1904541.34654279 -516611.474253624
-0.2701 0.0295046905280924 0.0144692616040226 -5.50077790787221 102.731332206577 1905348.83607297 -516593.5922779
-0.27015 -0.0396733980678729 -0.0155846596914952 -5.53035932596267 102.724294849939 1904637.06618178 -516586.878959346
-0.2702 0.0409064295849221 0.0121426644532309 -5.49157912383899 102.717257493301 1905434.88747309 -516603.781285043
-0.27025 -0.03755698568765 -0.0128324844641165 -5.51545832754454 102.710220136662 1904635.00146581 -516606.133884276
-0.2703 0.0131765464857148 0.0213044628040432 -5.47727889787174 102.703182780024 1905324.52971271 -516609.428599659
-0.27035 -0.0113732360820307 -0.0200314707319261 -5.50231962759274 102.696145423385 1904819.14031677 -516620.009593886
-0.2704 0.0108799563397738 0.0157430782097344 -5.47219380850416 102.689108066747 1905254.87930797 -516625.1435533
-0.27045 -0.00344458484875099 -0.00575111966369022 -5.48492987057831 102.682070710109 1904913.2897385 -516650.367903026
-0.2705 0.00323675998106826 0.0115201949915573 -5.47085567803703 102.67503335347 1905161.99961429 -516622.530689339
-0.27055 -0.00630231120851371 -0.00249889095320431 -5.47840365007317 102.667995996832 1905081.29690079 -516610.443274466
-0.2706 0.00139527859020574 0.0072661130509984 -5.47059477314255 102.660958640194 1905289.65675651 -516593.02037199
-0.27065 -0.0110837235530729 -0.00761945334179513 -5.48166396979326 102.653921283555 1904992.0030605 -516610.217890252
-0.2707 0.00470789380390806 0.014646899678126 -5.4526783060585 102.646883926917 1905315.22664571 -516615.474828676
-0.27075 -0.00024818253220113 -0.0201710424083224 -5.45698530250737 102.639846570279 1905053.21016927 -516626.664300569
-0.2708 -0.00220512972042901 0.0231754298857233 -5.43895207602809 102.63280921364 1905345.34448972 -516620.288031851
-0.27085 -0.0218221420006682 -0.0030032537798805 -5.45881375409607 102.625771857002 1905008.80074516 -516611.380464961
-0.2709 0.0353243351268598 0.00302359030780209 -5.4438128586568 102.618734500364 1905497.44031049 -516608.527699569
-0.27095 -0.0262689500848777 -0.0183463202073345 -5.46585213879248 102.611697143725 1904942.57228347 -516608.010164515
-0.271 0.0128564027109437 0.0307164707763806 -5.42370455262453 102.604659787087 1905667.41599799 -516600.821529245
-0.27105 -0.00525761315632946 -0.0309922987557929 -5.45790416799413 102.597622430449 1904940.24490348 -516639.850782251
-0.2711 0.00949919045509465 0.022949324410428 -5.42263278025413 102.59058507381 1905604.3179286 -516631.237685381
-0.27115 -0.0187317090709085 -0.00631741802334368 -5.43864984824275 102.583547717172 1905114.4666726 -516622.511468983
-0.2712 0.00761492515880774 0.00106282732633053 -5.42690499660396 102.576510360534 1905427.14048662 -516613.33504193
-0.27125 0.00452143118281843 -0.0105284469080383 -5.43221621626538 102.569473003895 1905303.02538865 -516628.202280025
-0.2713 -0.0102421231174035 0.0184387118789908 -5.41344182001469 102.562435647257 1905452.94718069 -516632.170181967
-0.27135 0.00145079804847203 -0.0119797086196512 -5.41064534121633 102.555398290619 1905392.99729226 -516636.395063936
-0.2714 -0.0017545695757584 0.00551455636387084 -5.40627940788962 102.54836093398 1905505.83355053 -516620.667943945
-0.27145 0.0101781684503794 -0.0170036269103336 -5.40843145342528 102.541323577342 1905390.69824303 -516620.532028069
-0.2715 0.000159235137589515 0.0129104240968533 -5.39974102965078 102.534286220704 1905728.65797354 -516600.695909475
-0.27155 -0.00724734986251974 0.00674396166558441 -5.40357207366393 102.527248864065 1905538.38778841 -516627.870755835
-0.2716 -0.000273976447739849 -0.00692783641934899 -5.4028854104584 102.520211507427 1905409.27806167 -516617.31854688
-0.27165 0.0097466834590605 -0.000592208155214804 -5.40189662533453 102.513174150789 1905485.70538103 -516633.732233054
-0.2717 -0.00236268048748182 -0.00921983510033242 -5.40657252745766 102.50613679415 1905354.40348673 -516622.992737445
-0.27175 -0.00738254224920154 0.0268306760917691 -5.39679953271008 102.499099437512 1905625.62056605 -516632.171665146
-0.2718 0.000452141532525831 -0.0127006376372193 -5.41708683040883 102.492062080873 1905284.77464937 -516626.55573858
-0.27185 0.0225664105271757 -0.0111724633560498 -5.40581609181656 102.485024724235 1905416.72385861 -516641.964083963
-0.2719 -0.030035794328094 0.0251883691747132 -5.41663312148243 102.477987367597 1905348.89637067 -516617.384049723
-0.27195 0.020049896226741 -0.0112929442968272 -5.40022540274302 102.470950010958 1905530.9261653 -516607.716785008
-0.272 0.00368123895780292 -0.0180825927693176 -5.41031819898492 102.46391265432 1905394.4964233 -516612.342255887
-0.27205 -0.0165214470686447 0.021118462407957 -5.40805619988299 102.456875297682 1905458.89822491 -516623.034665735
-0.2721 -0.00200840406820417 0.0066373841279262 -5.40511890099886 102.449837941043 1905505.68690302 -516630.622255552
-0.27215 0.0164915712284347 -0.0283053170140006 -5.40043059154976 102.442800584405 1905388.1870534 -516635.302018961
-0.2722 -0.0106707076267909 0.01572308890071 -5.3993859502222 102.435763227767 1905475.0294395 -516630.037056453
-0.27225 -0.0181383520163609 0.00619024323471621 -5.39964840673025 102.428725871128 1905388.00249739 -516639.040220238
-0.2723 0.0415247339266854 -0.0164538918897592 -5.40421368958461 102.42168851449 1905533.35109494 -516636.284276168
-0.27235 -0.0194957738276647 -0.000940546857410965 -5.4076552687288 102.414651157852 1905264.75625276 -516650.120838293
-0.2724 0.000591410864904525 0.0248766377503817 -5.38676956581079 102.407613801213 1905653.81264016 -516641.360425409
-0.27245 0.00332024234065916 -0.0251899546380437 -5.41643154930104 102.400576444575 1905277.43489189 -516612.472318609
-0.2725 0.00545172749657548 0.00837431377079983 -5.39109441972616 102.393539087937 1905636.31443023 -516613.17015446
-0.27255 0.000328876341493895 -0.00561354880345425 -5.40032302667493 102.386501731298 1905442.3454791 -516632.735548253
-0.2726 -0.0129611823009941 0.0137868204974412 -5.40023820256774 102.37946437466 1905485.35518799 -516630.79863679
-0.27265 0.0159238160312695 -0.0157005974078316 -5.39069350088985 102.372427018022 1905513.57781509 -516637.10929792
-0.2727 0.000712014675470901 0.00313904660133301 -5.38012681797771 102.365389661383 1905598.1086819 -516625.528919685
-0.27275 -0.00554584327928272 0.0080047074384522 -5.38303049893694 102.358352304745 1905518.09369493 -516643.010431113
-0.2728 0.00255562145989362 -0.00838657664081407 -5.38027570691731 102.351314948107 1905476.14270883 -516648.837413381
-0.27285 0.00142623173660822 -0.00320347082728145 -5.38055131722422 102.344277591468 1905515.26298545 -516639.403078053
-0.2729 -0.00112403572105904 0.00282518302768307 -5.3899870739339 102.33724023483 1905502.28769251 -516633.636585916
-0.27295 -0.0201766547586528 0.0109846478576296 -5.38964489676169 102.330202878191 1905527.85314735 -516613.772260346
-0.273 0.0184321837139125 -0.0125779727589892 -5.37704070046686 102.323165521553 1905602.17676926 -516622.543267093
-0.27305 -0.00702126837561129 -0.00256603920281099 -5.38812836523225 102.316128164915 1905436.44282513 -516621.634231477
-0.2731 -0.00984997066178935 0.0162129726824572 -5.37337978981196 102.309090808276 1905572.35698766 -516650.545434058
-0.27315 0.0101796598580876 -0.0109428104386772 -5.38569315277754 102.302053451638 1905430.31023083 -516643.719374034
-0.2732 -0.00481803819683755 -0.000887394087228729 -5.38436577544327 102.295016095 1905520.83061332 -516635.808316508
-0.27325 -0.00383696891834313 0.00178976227546599 -5.37849556275499 102.287978738361 1905561.61960107 -516623.249582916
-0.2733 0.016063884499233 -0.011759023359645 -5.38013740575511 102.280941381723 1905611.96166517 -516615.268723897
-0.27335 -0.00424723900077321 4.15895746895646e-05 -5.38356304746457 102.273904025085 1905512.19641497 -516637.761874778
-0.2734 -0.0165469911525946 0.0234361307225965 -5.36401136182121 102.266866668446 1905676.34036489 -516648.372922828
-0.27345 0.00298988411004419 -0.0152700870551896 -5.3640953927432 102.259829311808 1905570.65175094 -516646.570625541
-0.2735 0.027215026969734 0.00436085806749668 -5.34934264517235 102.25279195517 1905955.81312433 -516635.192843603
-0.27355 -0.0368750021712248 0.00126129208398304 -5.36220340745542 102.245754598531 1905504.09549219 -516620.81937104
-0.2736 0.0264031318687439 0.00936056451506368 -5.3338038122754 102.238717241893 1906018.59827823 -516634.131382717
-0.27365 -0.00918666361235718 -0.0272435978989895 -5.35705328332921 102.231679885255 1905481.91941063 -516637.132102173
-0.2737 0.00432892714452621 0.0259735562475877 -5.33750752783994 102.224642528616 1905980.24612009 -516634.031956885
-0.27375 -0.00685443584932407 -0.0232916199905452 -5.35530136282462 102.217605171978 1905496.75260975 -516648.244811215
-0.2738 0.0187235438354886 0.00575657449976875 -5.33745253686277 102.21056781534 1905933.68578687 -516644.946322625
-0.27385 -0.00894788856191399 -0.0113806377482391 -5.33734800457359 102.203530458701 1905678.311879 -516640.960641917
-0.2739 -0.00246632687928386 0.0190967856878659 -5.32166943413303 102.196493102063 1906002.141719 -516627.567823145
-0.27395 -0.0169137174126498 -0.0234656669450366 -5.34672961872563 102.189455745425 1905528.04334959 -516637.183951914
-0.274 0.030675962289468 0.00631421339281708 -5.31115735577729 102.182418388786 1906165.8182373 -516653.907753457
-0.27405 -0.0297878690935804 -0.00782742712166183 -5.34672056435371 102.175381032148 1905551.13203939 -516645.873636057
-0.2741 0.00437124275661915 0.0154020850954653 -5.31989741126608 102.16834367551 1906040.69807231 -516638.266004657
-0.27415 0.00246634494370978 -0.02418513982148 -5.33304385195424 102.161306318871 1905697.24485755 -516619.581849837
-0.2742 0.00533255153633758 0.0149596774407034 -5.3210669509629 102.154268962233 1906057.6644347 -516620.187389731
-0.27425 -0.0187904856603514 0.000745010272756858 -5.34003736629227 102.147231605594 1905681.30008019 -516630.251748276
-0.2743 0.0203439302067336 -0.00609740753607007 -5.33682540883287 102.140194248956 1905840.27966323 -516643.9865596
-0.27435 0.000656314080529513 -0.0062392253733071 -5.34256604616757 102.133156892318 1905714.54186443 -516627.115999719
-0.2744 -0.00773864396337783 0.0155038770837053 -5.32047926228734 102.126119535679 1905905.14502263 -516633.171184295
-0.27445 7.65205826049715e-05 -0.0124598434026433 -5.33776097144828 102.119082179041 1905721.92347338 -516615.188042752
-0.2745 -0.00993778191656124 0.0135938128802248 -5.32610263423508 102.112044822403 1905966.69497501 -516605.532459882
-0.27455 0.00624658370767775 -0.0106890717738481 -5.34256873763218 102.105007465764 1905831.55364612 -516599.96372209
-0.2746 -0.00131964762407909 0.0130856053574718 -5.32871459089923 102.097970109126 1906010.30991009 -516619.522866186
-0.27465 0.00130189580750258 -0.0237941583097971 -5.33443779954818 102.090932752488 1905681.63131749 -516627.17180139
-0.2747 0.00518465003305235 0.0164447151769662 -5.32473463059343 102.083895395849 1906005.71311043 -516616.221338129
-0.27475 -0.0126415791338024 -0.0183756042225518 -5.33549639488595 102.076858039211 1905683.12266018 -516629.328388099
-0.2748 0.00641420113577135 0.0223929144007614 -5.32048965719356 102.069820682573 1906111.3631009 -516624.983861169
-0.27485 -0.00329481946424465 -0.0207922247439079 -5.34590712136899 102.062783325934 1905662.10264176 -516617.51389991
-0.2749 0.0190335396045471 0.00736480358250493 -5.3211966061791 102.055745969296 1906109.74746792 -516598.187473541
-0.27495 -0.023896553426293 0.00621449872922458 -5.35399282818493 102.048708612658 1905616.80946444 -516623.472915193
-0.275 0.0205357618252538 -0.0043927946038301 -5.33063195887755 102.041671256019 1905988.89884014 -516632.500679592
-0.27505 -0.00887118903858779 -0.0165528881486359 -5.33162480938787 102.034633899381 1905687.62560416 -516631.080991957
-0.2751 -0.000940743813591544 0.00857729766116083 -5.32555559282857 102.027596542743 1905913.72758656 -516616.362141713
-0.27515 -0.00532186862864927 -0.0091151371095564 -5.33052131820022 102.020559186104 1905824.0642527 -516594.703855487
-0.2752 0.018177285910537 -0.00921460099248504 -5.33132597517703 102.013521829466 1905984.47537462 -516597.741131843
-0.27525 -0.0151320107375567 0.0121955311940069 -5.33325424305391 102.006484472828 1905889.05281617 -516604.039538555
-0.2753 0.00379327937157305 0.00465515760849727 -5.33321165515666 101.999447116189 1905912.6081638 -516621.595818268
-0.27535 0.0120378137307854 -0.0146242781526905 -5.33662170668066 101.992409759551 1905836.7670522 -516605.740080202
-0.2754 -0.0028130313313798 0.00576094176950256 -5.33405855232684 101.985372402913 1905892.37440401 -516623.750278852
-0.27545 -0.00975039494300814 -0.00176174261874314 -5.34301481952761 101.978335046274 1905662.06982419 -516626.493818138
-0.2755 0.00354634190599357 0.0128434487859944 -5.31787968036375 101.971297689636 1905966.41131714 -516616.120189417
-0.27555 -0.0157409880967021 -0.021882385119285 -5.32920510387898 101.964260332997 1905608.11764019 -516645.690477633
-0.2756 0.0111768271996978 0.0193024704704612 -5.30979200847698 101.957222976359 1906065.02287413 -516648.343328165
-0.27565 -0.026534713740652 -0.0256325594289471 -5.33432184188647 101.950185619721 1905465.30471194 -516626.647463122
-0.2757 0.0362580835436842 0.012097471969297 -5.305713411523 101.943148263082 1906271.92680664 -516629.373929758
-0.27575 -0.0356173264815772 -0.0171905247074289 -5.34206238348076 101.936110906444 1905549.99312224 -516615.616778908
-0.2758 0.0188432624818312 0.0181772829022909 -5.3060299017699 101.929073549806 1906173.29846158 -516634.905586622
-0.27585 0.000985295439708535 -0.0262338317211618 -5.33542363225033 101.922036193167 1905615.01325685 -516635.430365587
-0.2759 0.00597526437584076 0.0117714108413386 -5.31310320960524 101.914998836529 1905973.52197453 -516629.913879267
-0.27595 -0.0210420088629107 0.00174084125437936 -5.32431770081558 101.907961479891 1905669.6741532 -516635.921414752
-0.276 0.0103554385433674 0.00634394265305678 -5.30859997822307 101.900924123252 1905955.70798261 -516646.048037133
-0.27605 0.004585139197682 -0.0183569025743582 -5.32582757395138 101.893886766614 1905607.60978518 -516651.484867388
-0.2761 -0.0101021898944859 0.0306034484448594 -5.31013715821167 101.886849409976 1905941.99832521 -516635.742535541
-0.27615 0.00527378611063802 -0.0256882719529722 -5.3154587130677 101.879812053337 1905591.48220081 -516645.59660794
-0.2762 0.0165517343201022 0.02138841392155 -5.27866691667621 101.872774696699 1906230.35603806 -516638.334061804
-0.27625 -0.0232363921506639 -0.0133356351494758 -5.30612980464436 101.865737340061 1905650.77078257 -516637.461357654
-0.2763 0.0203626610397395 0.0198237080020009 -5.27758426178625 101.858699983422 1906209.60980884 -516653.271127372
-0.27635 -0.0116871042932781 -0.0305532485584287 -5.30266386106607 101.851662626784 1905581.08012204 -516653.068100865
-0.2764 0.0225057132510088 0.0221327858746488 -5.25981913754105 101.844625270146 1906343.28109641 -516650.867001345
-0.27645 -0.0260168033077147 -0.00468291715398758 -5.27916540469855 101.837587913507 1905667.47167615 -516669.959455734
-0.2765 0.0307308429142192 0.0058732806334471 -5.25488242690554 101.830550556869 1906254.59760906 -516675.727215151
-0.27655 -0.0288495572368418 -0.00457516520402353 -5.2726106220446 101.823513200231 1905669.57928149 -516684.903483676
-0.2766 0.0176825322871469 0.0136515657544998 -5.23186583925843 101.816475843592 1906257.67773938 -516693.161961304
-0.27665 -0.00930671139895136 -0.0209783709697089 -5.24576804411696 101.809438486954 1905831.02145784 -516699.795835629
-0.2767 -0.00100258955411779 0.0160351558086543 -5.22127998815606 101.802401130316 1906252.18278781 -516683.176415822
-0.27675 -0.0208051782882847 -0.00416310902166102 -5.2384039602985 101.795363773677 1905941.33328739 -516670.382201812
-0.2768 0.0141819261870709 0.00481182262715932 -5.22267535212004 101.788326417039 1906243.69129179 -516689.410924439
-0.27685 0.00538407182432882 -0.0154427619755393 -5.23736165755912 101.7812890604 1905940.40585187 -516698.398223034
-0.2769 -0.00536013189092405 0.0227179879607522 -5.22168862117193 101.774251703762 1906237.08471435 -516700.33194679
-0.27695 -0.0124070830703562 -0.00757297194166694 -5.23448948823367 101.767214347124 1905937.25757196 -516700.952591846
-0.277 0.029889934263069 -0.00668499968680258 -5.21413751497856 101.760176990485 1906238.64795192 -516699.500125418
-0.27705 -0.0308921700015895 0.00211820050909008 -5.22770642722623 101.753139633847 1905884.38515157 -516700.923576819
-0.2771 0.0178222272669751 0.0197640433988627 -5.20386583565032 101.746102277209 1906436.09345046 -516697.837295205
-0.27715 -0.00379573562505542 -0.0192681550966378 -5.21742042329972 101.73906492057 1906015.73690285 -516695.946882806
-0.2772 0.00697975978116856 0.0115221824768863 -5.20077262897439 101.732027563932 1906279.2941694 -516701.988850029
-0.27725 -0.0119080066130326 -0.00363097559160063 -5.19157370283195 101.724990207294 1906115.45576738 -516718.617395018
-0.2773 0.00526364503927788 0.00651487479319135 -5.18033297666188 101.717952850655 1906363.27346548 -516715.385496102
-0.27735 -0.00472329840558128 -0.00431767009285942 -5.19061628476357 101.710915494017 1906136.49898597 -516727.390248772
-0.2774 -0.00419761798989289 0.00289950897399673 -5.16715575591424 101.703878137379 1906344.14030271 -516722.160994618
-0.27745 0.00964395999907997 -0.00571164693154121 -5.1548578861414 101.69684078074 1906396.89949114 -516737.669381899
-0.2775 -0.0133889115539955 0.00604529804394461 -5.16857296249758 101.689803424102 1906244.09628934 -516742.69769914
-0.27755 0.00777912607798486 0.00423176123892556 -5.14956818875011 101.682766067464 1906504.6736 -516741.663233083
-0.2776 0.0105515034242483 -0.0190775110697368 -5.15301706732833 101.675728710825 1906336.38054684 -516745.787355868
-0.27765 -0.00625768173832775 0.0104910232226882 -5.13803164268104 101.668691354187 1906487.16107839 -516749.143797949
-0.2777 -0.00890440847356242 0.00168875680417565 -5.13915947676223 101.661653997549 1906295.84662199 -516760.002925496
-0.27775 0.00883612452971448 -0.0214469464275196 -5.13349064039374 101.65461664091 1906338.58016995 -516752.254270276
-0.2778 -0.00511936767520629 0.0137540797376755 -5.11156799505871 101.647579284272 1906510.7212229 -516764.289174822
-0.27785 -0.00717649294964294 -0.00257402694630951 -5.11422115076512 101.640541927634 1906412.13885019 -516772.056183957
-0.2779 0.0122275830961539 -0.00418422758346254 -5.10382440635333 101.633504570995 1906584.54238832 -516791.206534293
-0.27795 -0.00236808299734124 9.94024806327306e-05 -5.10532649301423 101.626467214357 1906409.23332649 -516796.47152745
-0.278 0.0024609371150473 -0.000784486384302742 -5.0963442839496 101.619429857719 1906502.86976533 -516810.963895389
-0.27805 0.000763879608483452 0.00196366990132714 -5.09448542197459 101.61239250108 1906446.67142481 -516818.832146507
-0.2781 0.00272763001696325 -0.000898153683429227 -5.09329921766671 101.605355144442 1906578.98129655 -516793.328595071
-0.27815 0.00295721828025247 -0.000119765728844548 -5.08230982794769 101.598317787803 1906604.8256165 -516799.291183426
-0.2782 -0.0116874895673217 0.0168236151847817 -5.07652993861312 101.591280431165 1906699.65963145 -516786.408600086
-0.27825 0.0116699583886109 -0.0160484033961506 -5.07413236658858 101.584243074527 1906547.99584216 -516810.873530802
-0.2783 -0.00771308522295274 0.012794536427096 -5.08531677094639 101.577205717888 1906538.90721592 -516804.623242294
-0.27835 -0.00892633618516387 -0.00900994137445885 -5.08022784079495 101.57016836125 1906403.14221577 -516807.497283553
-0.2784 0.00340433729445431 0.00791529034374314 -5.07313446297642 101.563131004612 1906556.92890768 -516824.851931841
-0.27845 -0.00422625399515402 -0.00995129314559344 -5.08361664197791 101.556093647973 1906378.42219975 -516832.128314809
-0.2785 0.0122607029841224 0.00221645704538682 -5.06769285530019 101.549056291335 1906682.55818902 -516831.614404134
-0.27855 -0.0120506714563782 -0.0148884857470724 -5.08231153433774 101.542018934697 1906279.0422973 -516839.362459139
-0.2786 0.0204386178595013 0.0182541316705934 -5.05899572106007 101.534981578058 1906795.90577629 -516843.39055181
-0.27865 -0.0385790074674882 -0.00776866891585736 -5.0724185587464 101.52794422142 1906268.99933589 -516834.071213185
-0.2787 0.0454055085112842 -0.00643193055248818 -5.05018800130866 101.520906864782 1906839.2210429 -516841.800467913
-0.27875 -0.033123017591831 -0.00333622810598014 -5.07624685856503 101.513869508143 1906271.34365394 -516844.272073713
-0.2788 0.0160853438065928 0.0137224314246571 -5.04646953696553 101.506832151505 1906753.75784505 -516852.843721497
-0.27885 -0.0102808207328916 -0.0217488338196697 -5.07166000707089 101.499794794867 1906272.68799636 -516839.753893488
-0.2789 0.0257629914243661 0.0147064569463585 -5.04033029582669 101.492757438228 1906865.91712187 -516847.972636127
-0.27895 -0.0312888316974083 -0.0122203676117983 -5.08013413516111 101.48572008159 1906078.87933442 -516870.848991644
-0.279 0.0237498958284066 0.018076557107047 -5.03471941880182 101.478682724952 1906865.50446092 -516873.500370835
-0.27905 -0.0166825842293888 -0.013840373712548 -5.05173465814019 101.471645368313 1906425.58170921 -516855.426066929
-0.2791 0.010607937711935 0.0182009891084332 -5.03787960737128 101.464608011675 1906888.88951171 -516842.866203864
-0.27915 -0.0119071169408509 -0.0190485623494854 -5.0698577044317 101.457570655037 1906367.38228341 -516830.731057078
-0.2792 0.00611179612426161 0.0175835854398012 -5.04689954284578 101.450533298398 1906798.51642904 -516832.112383617
-0.27925 -0.00754400589960059 -0.0194814343291079 -5.06357750839058 101.44349594176 1906391.15852208 -516849.315465469
-0.2793 0.00374158618807471 0.0154265872676617 -5.0598647107735 101.436458585122 1906634.52430734 -516861.660318381
-0.27935 0.00586465772109837 -0.00786126800864749 -5.05866835778691 101.429421228483 1906390.15919286 -516874.493477696
-0.2794 -0.0164874170105862 0.00345215043313975 -5.06839812402007 101.422383871845 1906393.31109584 -516864.399114003
-0.27945 0.0126542655343858 0.0017552621883389 -5.06100124940338 101.415346515206 1906493.18120602 -516868.498802039
-0.2795 -0.0065582357770363 -0.00928971597485746 -5.06534942316021 101.408309158568 1906331.66722145 -516876.207767701
-0.27955 0.0191263997402055 0.00577855831800403 -5.058390870363 101.40127180193 1906536.5318202 -516894.414726411
-0.2796 -0.0150155298152888 -0.00219395189196261 -5.06092026907801 101.394234445291 1906380.8229559 -516869.123306932
-0.27965 0.00404754896343055 0.011267587006352 -5.05326422271643 101.387197088653 1906586.14951258 -516863.201674466
-0.2797 0.00817980201622259 -0.0123626662346757 -5.06693594895953 101.380159732015 1906377.53778337 -516859.355379902
-0.27975 -0.00803184025796618 0.00791078485583878 -5.05336837928687 101.373122375376 1906519.15881568 -516869.770505549
-0.2798 0.00301427508336231 -0.000750913780362297 -5.05511848595818 101.366085018738 1906455.87223699 -516875.39039444
-0.27985 0.00692570530812798 0.00927539004458719 -5.05477729828081 101.3590476621 1906553.20890986 -516885.652846361
-0.2799 0.00689098405317795 -0.0230599701422485 -5.07665744850543 101.352010305461 1906286.44183608 -516861.876588398
-0.27995 -0.00631997802547515 0.015608754212616 -5.04031207486463 101.344972948823 1906539.49150699 -516878.152689777
-0.28 -0.0100540385827853 -0.00671004326877212 -5.05488764034798 101.337935592185 1906299.72309369 -516894.729595358
-0.28005 0.0239236309289478 0.00485898682106723 -5.04217157464787 101.330898235546 1906577.4654104 -516901.286940078
-0.2801 -0.0150900146960133 -0.00469469907278227 -5.05480531996709 101.323860878908 1906369.42771151 -516860.650675437
-0.28015 0.0132298327550898 0.0104787299890726 -5.03916849455074 101.31682352227 1906755.20330484 -516872.395876262
-0.2802 -0.0103963683056102 -0.00558210823584535 -5.05738359616916 101.309786165631 1906416.10111756 -516875.879299678
-0.28025 0.016123749040504 0.00147794216007661 -5.02962507305985 101.302748808993 1906732.51378461 -516890.849264314
-0.2803 -0.0104335015013845 -0.000527008561227844 -5.05397282941852 101.295711452355 1906400.75877111 -516886.586457367
-0.28035 0.000308473930909406 0.00130441974573441 -5.04001229266603 101.288674095716 1906601.00509308 -516879.384258315
-0.2804 0.00413068495425041 -0.000299213643283979 -5.04514876489507 101.281636739078 1906561.83625915 -516892.29419234
-0.28045 -0.014129249777813 0.00556550576378191 -5.03608390553499 101.27459938244 1906535.68963427 -516894.404923608
-0.2805 0.0120186450708832 -0.00539970663756214 -5.03168655004756 101.267562025801 1906653.22609871 -516909.906698138
-0.28055 0.00468578642060201 -0.0106217954549238 -5.04616473289282 101.260524669163 1906481.43807719 -516903.294016222
-0.2806 -0.0115789725007926 0.0166284504711382 -5.05276907230319 101.253487312525 1906555.49798133 -516882.97348255
-0.28065 0.00820830417062908 -0.00343944129594828 -5.04962754691337 101.246449955886 1906593.79001248 -516885.230410996
-0.2807 0.0199469832641066 -0.00954104585519241 -5.05324755856594 101.239412599248 1906545.96513568 -516894.078873982
-0.28075 -0.0154328252779507 0.015724795025375 -5.04668187289218 101.232375242609 1906531.50829652 -516898.106378996
-0.2808 -0.0148991831007324 0.0113725991267911 -5.06119734062159 101.225337885971 1906409.89724089 -516916.379674826
-0.28085 0.0249408452747629 -0.0239270997472443 -5.05794663618659 101.218300529333 1906428.35810803 -516910.115796566
-0.2809 -0.00453658009727819 0.0190131694546007 -5.05228072991192 101.211263172694 1906526.84486895 -516929.214154616
-0.28095 -0.0162469399419773 0.0100645529638018 -5.06605470562995 101.204225816056 1906401.5463052 -516907.223471355
-0.281 0.0129872284711123 -0.012299758248239 -5.0603252336777 101.197188459418 1906352.50165644 -516924.283544293
-0.28105 0.0054354902374836 -0.0101640528943249 -5.0494810146613 101.190151102779 1906496.92898791 -516912.475214021
-0.2811 -0.0227920832232408 0.0150088754189976 -5.05708018389201 101.183113746141 1906413.1962901 -516908.656734369
-0.28115 0.00700807212741835 0.000386241313187541 -5.0377083594443 101.176076389503 1906598.99220231 -516896.447402966
-0.2812 0.0110941912722799 -0.0221616927406445 -5.05947528523449 101.169039032864 1906402.30510032 -516904.31377258
-0.28125 -0.0264378629293235 0.0291499301224348 -5.0554697666246 101.162001676226 1906424.54323474 -516914.307367181
-0.2813 0.0122633684619866 -0.014123036739396 -5.050710849502 101.154964319588 1906471.11612384 -516906.252045974
-0.28135 0.0158324216415206 -0.0112537105341893 -5.05155138655338 101.147926962949 1906491.14889982 -516906.629910021
-0.2814 -0.0231696894377676 0.0116735093239056 -5.0576244589937 101.140889606311 1906297.9795851 -516926.222781619
-0.28145 -0.0032611293773949 0.00089620561206353 -5.06836744239231 101.133852249673 1906320.05468428 -516918.46168522
-0.2815 0.00299000966025653 -0.00151555799786812 -5.0687412098822 101.126814893034 1906314.38617668 -516942.095096651
-0.28155 -0.00908949204828224 -0.00157328727344444 -5.06458332448682 101.119777536396 1906253.56779377 -516920.034360682
-0.2816 0.00430373345740891 -0.00512044071142922 -5.06741901607254 101.112740179758 1906323.19449831 -516901.057847499
-0.28165 -0.00414671380985338 0.00332874147359254 -5.08259016280793 101.105702823119 1906277.09172632 -516895.598100983
-0.2817 2.01110558314952e-05 -0.00255512902630258 -5.08598867232836 101.098665466481 1906220.52360287 -516913.909256381
-0.28175 -0.000899040352950744 0.00378926188737833 -5.08120133377545 101.091628109843 1906302.76708612 -516913.597758366
-0.2818 0.00553768926275838 -0.0128182216679755 -5.08346971381958 101.084590753204 1906241.94232525 -516916.768481823
-0.28185 0.00554833171189682 0.00294759495667469 -5.08279722697528 101.077553396566 1906309.28762407 -516922.208684858
-0.2819 -0.00995477256565788 0.0105210776250979 -5.0882735869975 101.070516039928 1906108.46780205 -516930.0155149
-0.28195 0.0126271628316115 -0.0147541166608183 -5.09587889825705 101.063478683289 1906203.21103352 -516910.13300482
-0.282 0.00179037607481061 0.0023663872326346 -5.09237844008963 101.056441326651 1906294.19803032 -516900.801816751
-0.28205 -0.0146789973413391 0.0165089407755356 -5.09740682065671 101.049403970012 1906167.76163298 -516920.282268884
-0.2821 0.000603151877293289 -0.00178957664130523 -5.09137691287937 101.042366613374 1906198.14546344 -516921.571010993
-0.28215 0.0179567775864917 -0.00249673642763055 -5.09593627521225 101.035329256736 1906285.82481514 -516912.918244952
-0.2822 -0.0120037235721874 -0.00268092491689751 -5.11420794879171 101.028291900097 1906034.15709884 -516905.558696663
-0.28225 -0.00604990557542353 0.0124907983733784 -5.10508940107822 101.021254543459 1906193.12912982 -516925.45976246
-0.2823 0.00509179687598129 -0.0113401843619747 -5.11350008562385 101.014217186821 1906065.89580691 -516915.909701489
-0.28235 0.00568175497065775 0.0078965013499283 -5.10306589481574 101.007179830182 1906205.32199348 -516915.629782008
-0.2824 -0.00519878759827073 0.00195056261863981 -5.11497644923081 101.000142473544 1905989.37094184 -516942.938737019
-0.28245 -0.000678608045978263 0.00395001415395585 -5.10443893580195 100.993105116906 1906187.68365675 -516909.25651668
-0.2825 0.00730790299367532 -0.00445937656438167 -5.11597498672613 100.986067760267 1906080.1626055 -516902.126743864
-0.28255 0.0126116222052156 -0.00942015953753089 -5.10269107974401 100.979030403629 1906149.09367297 -516914.468900468
-0.2826 -0.0058141914256329 0.00232659312600683 -5.10519574254452 100.971993046991 1906143.00951009 -516898.655667969
-0.28265 -0.00270343908574366 0.0144454653897707 -5.10790242641211 100.964955690352 1906194.10498593 -516915.812813313
-0.2827 0.000643846198099828 -0.0148559657003626 -5.10591623938518 100.957918333714 1906083.31459356 -516926.023482703
-0.28275 0.0202601250052102 0.00289288161077246 -5.10147714281372 100.950880977076 1906285.33905629 -516926.23396489
-0.2828 -0.0244564133995971 0.00767443372012254 -5.12199182847875 100.943843620437 1905863.95574386 -516947.812497779
-0.28285 0.0181131806760877 -0.00178261445364705 -5.09546718655429 100.936806263799 1906229.05356075 -516934.391385459
-0.2829 0.0136004872549326 -0.0228260874652918 -5.09836465405092 100.929768907161 1906096.09538666 -516928.89143725
-0.28295 -0.0165087367216096 0.0278641594623004 -5.09206149764367 100.922731550522 1906324.93306812 -516923.369384405
-0.283 -0.00928066471729917 -0.000887858237117768 -5.10902110693428 100.915694193884 1906025.8380977 -516917.615994472
-0.28305 0.0357743547848713 -0.0175541533803737 -5.09810721418974 100.908656837246 1906234.14009141 -516924.795198911
-0.2831 -0.0213525065042477 0.0175995914443843 -5.110091385894 100.901619480607 1906087.01826477 -516934.000988386
-0.28315 -0.00169484140583982 0.00559393260832928 -5.10529241088937 100.894582123969 1906116.5549907 -516918.599968273
-0.2832 0.0200447811294854 -0.0263312163341155 -5.100233581708 100.887544767331 1906144.22143618 -516926.033371776
-0.28325 -0.00963396503566525 0.0236712345142385 -5.09513697625993 100.880507410692 1906310.58075245 -516916.624942135
-0.2833 -0.0142193974033391 0.00530711621945936 -5.11998508777154 100.873470054054 1906070.92304923 -516909.244447765
-0.28335 0.0320670676891582 -0.0295454920521488 -5.11468684468702 100.866432697415 1906154.80359534 -516914.582701401
-0.2834 -0.00759640633282127 0.010234015867288 -5.12244139041858 100.859395340777 1906023.70601713 -516933.747251831
-0.28345 -0.0139965952554412 0.017104362929259 -5.12931750048989 100.852357984139 1905922.81028951 -516929.176896667
-0.2835 0.00154872300355958 -0.0165012972334128 -5.12592141740908 100.8453206275 1905880.11594704 -516912.973551782
-0.28355 0.0247758117292708 0.000679042037956262 -5.12638265622363 100.838283270862 1906145.73561261 -516906.182927354
-0.2836 -0.0311057444802801 0.0020104635999393 -5.13990631015803 100.831245914224 1905828.31895419 -516900.708876366
-0.28365 0.00430382163454122 0.0105148048148905 -5.11654065068125 100.824208557585 1906244.1833768 -516899.728080339
-0.2837 0.00377476439526276 -0.0212068028539941 -5.12546608707399 100.817171200947 1905916.67785799 -516905.039191333
-0.28375 -0.00714250338207172 0.018696260058536 -5.11303117520061 100.810133844309 1906115.03648287 -516905.616856901
-0.2838 0.00767265548903628 -0.00616526091492416 -5.12020105133083 100.80309648767 1906064.11394106 -516917.77261619
-0.28385 0.00742426567374374 -0.0169559431034729 -5.12920356827863 100.796059131032 1905893.18099503 -516912.629752957
-0.2839 -0.0110600281210574 0.0220633471987009 -5.13330209894518 100.789021774394 1906007.42848003 -516913.681716805
-0.28395 -0.00494456334872486 -0.00849354364717448 -5.13252448127844 100.781984417755 1905922.93787151 -516905.827903447
-0.284 0.0233720695544446 -0.0102049863958203 -5.14183773273207 100.774947061117 1905958.73687554 -516912.062361193
-0.28405 -0.020560444599747 0.00958713834334613 -5.155858735004 100.767909704479 1905837.92769385 -516889.359643416
-0.2841 -0.00761145515368604 0.00899424937930189 -5.15283122699192 100.76087234784 1905959.22434436 -516886.858485743
-0.28415 0.0146172605397279 -0.0215917907601762 -5.15150398643658 100.753834991202 1905908.14577709 -516893.496375406
-0.2842 0.00907194677025924 0.00193720640775084 -5.13947284782203 100.746797634564 1906042.2253128 -516903.54086181
-0.28425 -0.0210113649061505 0.00512168403443218 -5.16691780155038 100.739760277925 1905769.88714023 -516900.148195111
-0.2843 0.0119101875974132 0.00537303610219606 -5.16055415304082 100.732722921287 1906054.47778908 -516888.236004233
-0.28435 0.000577015144314024 -0.0129885599577492 -5.18049291485275 100.725685564649 1905779.96776782 -516893.20351703
-0.2844 -0.00136579091291913 0.00644031036787643 -5.16043889650753 100.71864820801 1905994.82979861 -516887.165921568
-0.28445 -0.00886761350279269 -0.00587386141778676 -5.17700553303375 100.711610851372 1905729.13561762 -516901.756693605
-0.2845 0.0209059583077174 0.00598030308342407 -5.17058151726594 100.704573494734 1906032.3598375 -516891.067451464
-0.28455 -0.0215677781689685 0.00104266838639796 -5.1849071258258 100.697536138095 1905697.56216017 -516885.967428441
-0.2846 0.00958525559466786 0.0178825487434137 -5.16636074151924 100.690498781457 1906157.22561957 -516866.504176508
-0.28465 -0.0119808537214485 -0.0276800475184499 -5.18384551760124 100.683461424818 1905619.99138051 -516873.070033634
-0.2847 0.0143466276660872 0.0262902185329259 -5.1464901257277 100.67642406818 1906316.56473706 -516889.753998347
-0.28475 -0.0184002993022075 -0.0290048515195106 -5.19318767936667 100.669386711542 1905477.42063184 -516876.778167675
-0.2848 0.0236682804574754 0.0249827258326922 -5.16324409457736 100.662349354903 1906241.83921012 -516878.210474325
-0.28485 -0.0232086010818108 -0.0235408162491911 -5.21021613058239 100.655311998265 1905417.56051328 -516859.007112489
-0.2849 0.0278832183398633 0.0226325271929097 -5.18589377981244 100.648274641627 1906226.06774467 -516865.651240316
-0.28495 -0.0229163710267925 -0.0179003287837246 -5.21436897657891 100.641237284988 1905421.46027644 -516885.959038262
-0.285 0.031049991592509 0.0198436697524713 -5.18486780706367 100.63419992835 1906203.23193836 -516868.766820281
-0.28505 -0.0281497512156707 -0.0321488913781505 -5.23140244153085 100.627162571712 1905248.48045657 -516882.976482731
-0.2851 0.0344939430226032 0.036230284692883 -5.18778480425724 100.620125215073 1906252.08119517 -516875.824942836
-0.28515 -0.0396483884178857 -0.0273994478153442 -5.24042518308804 100.613087858435 1905127.70301315 -516878.114332331
-0.2852 0.0417927879499831 0.0345784040125189 -5.19244609449654 100.606050501797 1906402.28671945 -516857.254799437
-0.28525 -0.0346170402214266 -0.0358607822220251 -5.24058717337204 100.599013145158 1905171.64179033 -516867.198295316
-0.2853 0.0385381185939148 0.0223531447040711 -5.19961688624507 100.59197578852 1906101.089345 -516871.6600852
-0.28535 -0.0394778131178055 -0.00851214445397549 -5.22830728574919 100.584938431882 1905378.66068595 -516869.935837879
-0.2854 0.0217398021155618 0.0108760384737983 -5.20356623847572 100.577901075243 1905976.0439346 -516862.530736002
-0.28545 -0.0223776115058252 -0.0165902969505769 -5.23324922361616 100.570863718605 1905371.05740329 -516860.194072518
-0.2855 0.0306175367707154 0.0171097315313594 -5.20959483715938 100.563826361967 1905985.42169083 -516862.415060929
-0.28555 -0.038470688289452 -0.0075962725136478 -5.25138611572878 100.556789005328 1905199.27800268 -516858.068384006
-0.2856 0.0292479632765218 0.0174044341210625 -5.22662864207417 100.54975164869 1905905.52952939 -516866.831361247
-0.28565 -0.014533142779984 -0.0296307240600399 -5.25166775715327 100.542714292052 1905202.68617987 -516880.884801041
-0.2857 0.0235610236494652 0.0288664923540145 -5.21984414974122 100.535676935413 1906019.70735102 -516862.206543156
-0.28575 -0.0274508483525687 -0.0114913791761333 -5.25549600964968 100.528639578775 1905181.84103683 -516871.688544774
-0.2858 0.0362381169911059 0.00543717048381966 -5.2271785330612 100.521602222137 1905902.48403209 -516852.089298294
-0.28585 -0.0260005473668227 -0.0181873120670792 -5.26945977670658 100.514564865498 1905138.14136184 -516856.587160922
-0.2859 0.00946097520373846 0.0316698282742174 -5.23970501398126 100.50752750886 1905864.47724833 -516852.132151939
-0.28595 -0.00304686682874314 -0.0369134332532728 -5.26267809281997 100.500490152221 1905154.11193333 -516868.24455048
-0.286 0.0183520552508172 0.0182594585522384 -5.24376768509368 100.493452795583 1905833.76179611 -516845.528355431
-0.28605 -0.0289454582376818 -0.0144014926089944 -5.27897097723613 100.486415438945 1905066.18970835 -516853.725906881
-0.2861 0.0212366426226878 0.0143939753134118 -5.25402901693993 100.479378082306 1905659.67054115 -516849.510055444
-0.28615 -0.00414376730490069 -0.0294336963146382 -5.27711368459385 100.472340725668 1905238.43297921 -516838.256711338
-0.2862 -0.00831071075364622 0.0294366190564739 -5.25862225112234 100.46530336903 1905648.95990023 -516846.119921537
-0.28625 -0.0095396897144766 -0.0142315991658405 -5.27832206255311 100.458266012391 1905189.83156006 -516859.418274376
-0.2863 0.0242040573714087 -0.00598652689538898 -5.27367001513576 100.451228655753 1905474.46000467 -516851.151267333
-0.28635 -0.0119870642356283 -0.00918739854502089 -5.28995660111652 100.444191299115 1905127.44628317 -516858.043144156
-0.2864 0.0104667261585384 0.0206442824703279 -5.27712914410963 100.437153942476 1905615.59298948 -516827.244635043
-0.28645 -0.0172214377632424 -0.0232137512871498 -5.30109546390639 100.430116585838 1905009.32301727 -516844.696870135
-0.2865 0.00860818925090814 0.0194030653876022 -5.2824274800953 100.4230792292 1905480.85941923 -516851.050348413
-0.28655 -0.00266172423957737 -0.0116848675356807 -5.29935994842788 100.416041872561 1905115.43201346 -516862.094746762
-0.2866 0.0108626616471092 -0.00185491486614922 -5.29186355364296 100.409004515923 1905307.18530539 -516847.972176348
-0.28665 -0.00974912650459137 -0.00200435054595011 -5.29283425341407 100.401967159285 1905177.94161365 -516865.258320704
-0.2867 0.00245109667205314 0.000472566671234908 -5.28280872516338 100.394929802646 1905251.48745553 -516858.578918454
-0.28675 -0.000798457965712537 0.00680705401775589 -5.28432729923585 100.387892446008 1905257.44333745 -516867.039632289
-0.2868 -0.00406533630435251 -0.00602905424398115 -5.2892022693077 100.38085508937 1905158.46538972 -516865.146355929
-0.28685 0.0116301010171497 0.00225567935901983 -5.28286529330788 100.373817732731 1905352.29337872 -516868.650337344
-0.2869 -0.000987720998018752 -0.00351526586203037 -5.29191611389043 100.366780376093 1905185.90107687 -516848.454312046
-0.28695 0.00404016159417558 0.0145020779856495 -5.28277945144585 100.359743019455 1905429.32642148 -516838.335628892
-0.287 -0.0165132917743085 0.00397712413642037 -5.28832433167501 100.352705662816 1905185.41956872 -516862.079170767
-0.28705 0.01821603642186 -0.0121489521857036 -5.27783650494021 100.345668306178 1905339.29151239 -516859.25830207
-0.2871 -0.013181421879761 0.0047775472725291 -5.29773241510063 100.33863094954 1905139.91304017 -516853.071809986
-0.28715 0.0136381725879418 -0.005092975445142 -5.27319186614993 100.331593592901 1905434.89345019 -516846.615982089
-0.2872 -0.0127079215980092 -0.00546389718338517 -5.28648685453936 100.324556236263 1905219.31956226 -516833.188363482
-0.28725 0.010113520451697 0.0141184372942114 -5.27425723115321 100.317518879624 1905556.815753 -516837.333885536
-0.2873 -0.0131531866460562 -0.019577978514014 -5.29881845778792 100.310481522986 1905115.39310453 -516829.467767825
-0.28735 0.0132286173682125 0.0303611205710224 -5.26052789722837 100.303444166348 1905754.28800889 -516848.772004404
-0.2874 0.00688051374263859 -0.0404599247170943 -5.28286331007518 100.296406809709 1905139.11346224 -516841.53007435
-0.28745 -0.00130635637924085 0.0330480088314643 -5.25521692487669 100.289369453071 1905649.4263791 -516856.049883229
-0.2875 -0.00177171253198055 -0.0279257987697875 -5.27358713372133 100.282332096433 1905123.19663546 -516873.082993252
-0.28755 0.01829383318101 0.0189692226128752 -5.23323936307115 100.275294739794 1905750.53245777 -516863.425546214
-0.2876 -0.011404045555003 -0.0171583464974498 -5.26223280273237 100.268257383156 1905261.04357495 -516863.102476687
-0.28765 0.00390718819946433 0.0184961255358201 -5.23662944653225 100.261220026518 1905660.28599283 -516850.890323087
-0.2877 -0.0199287801885784 -0.0168170110855415 -5.26467241253319 100.254182669879 1905185.31679327 -516853.992219563
-0.28775 0.0244175334332241 0.000910715693257731 -5.24553969655813 100.247145313241 1905699.12112728 -516826.036883571
-0.2878 -0.02177354903189 0.00239360454416759 -5.26676898496522 100.240107956603 1905297.80960935 -516838.600090444
-0.28785 0.0137543752551641 0.00843670078546682 -5.24481409074185 100.233070599964 1905681.87335847 -516856.460855267
-0.2879 -0.012777626698074 -0.0104792016101129 -5.25733698436416 100.226033243326 1905293.4744429 -516856.837949576
-0.28795 0.00406177270920722 0.0101707593298017 -5.23356772569581 100.218995886688 1905638.63736103 -516855.76640385
-0.288 0.00454485727113585 -0.0235732340445385 -5.24146185051896 100.211958530049 1905375.60752539 -516856.709327097
-0.28805 0.001391742930941 0.025374761801737 -5.22527048795769 100.204921173411 1905695.51096401 -516853.01617782
-0.2881 -0.0160524329456712 -0.0215046787261854 -5.24656641414941 100.197883816773 1905160.29752136 -516866.896852168
-0.28815 0.0113585064528921 0.030523012049595 -5.20288017895115 100.190846460134 1905914.87603598 -516861.8592181
-0.2882 -0.00235386226036052 -0.0405550746440039 -5.23765999369068 100.183809103496 1905136.73300051 -516860.944379022
-0.28825 0.00716413289546365 0.039738046047396 -5.19928513248449 100.176771746858 1905990.91168681 -516859.699401691
-0.2883 -0.014143824058105 -0.0285354198134473 -5.22655836769645 100.169734390219 1905266.02192274 -516872.708505249
-0.28835 0.0376618661107106 0.0172580442087926 -5.20175800577846 100.162697033581 1905960.93328364 -516876.698911142
-0.2884 -0.0325526301295238 -0.0339357489759075 -5.22765816297857 100.155659676943 1905126.58618131 -516870.685724368
-0.28845 0.0220091825891873 0.0399381568654449 -5.18868094474647 100.148622320304 1906068.17182506 -516877.454415085
-0.2885 -0.0313267832636825 -0.029759985387384 -5.22994667314801 100.141584963666 1905086.00025704 -516889.270982635
-0.28855 0.0326114795379809 0.0180856929122896 -5.17058090277423 100.134547607027 1906049.59665808 -516904.317778242
-0.2886 -0.0304009093575549 -0.0198349897867083 -5.20021019781296 100.127510250389 1905282.42974901 -516900.51644452
-0.28865 0.022479362157332 0.0152071042058808 -5.17132987390585 100.120472893751 1906079.98051564 -516896.924035473
-0.2887 -0.0236927079895384 -0.0144852766162986 -5.19439080974788 100.113435537112 1905511.36916977 -516891.108970681
-0.28875 0.0227618520369843 0.0131035028133357 -5.16827664507573 100.106398180474 1906106.59943775 -516887.311979703
-0.2888 -0.0338074533157486 -0.00629343359180565 -5.20158498560347 100.099360823836 1905414.00517811 -516882.515581541
-0.28885 0.034196521450921 -0.00149894285838925 -5.16235749761073 100.092323467197 1906047.90694327 -516904.820771461
-0.2889 -0.0122307011247887 -0.0179233000939993 -5.16752341852261 100.085286110559 1905666.46220187 -516906.764986296
-0.28895 -0.0128624322584858 0.0438008815462064 -5.14232440852619 100.078248753921 1906182.04978384 -516906.781745968
-0.289 -0.000256296933185203 -0.0329359991225903 -5.16864749836752 100.071211397282 1905514.72495806 -516915.954498896
-0.28905 0.028227542015079 0.0035966953793286 -5.14168445254428 100.064174040644 1906065.3671239 -516910.012613172
-0.2891 -0.0406250027382178 0.010313757439727 -5.15245083171314 100.057136684006 1905669.03573936 -516932.781070887
-0.28915 0.0290280071077172 0.00573956557145858 -5.13382110475602 100.050099327367 1906127.2621697 -516931.558979538
-0.2892 -0.00680025800506059 -0.0211274725744764 -5.15342028598929 100.043061970729 1905641.17534129 -516932.633707555
-0.28925 0.0141893841859117 0.0188388858667907 -5.12116224275627 100.036024614091 1906246.58914619 -516912.165374043
-0.2893 -0.0190976850711162 0.00385366382875651 -5.13373886509981 100.028987257452 1905887.30568781 -516921.396709326
-0.28935 0.0195186134845669 -0.00524486822207967 -5.11244784599266 100.021949900814 1906161.71012868 -516931.418618429
-0.2894 -0.00290915529455501 -0.015313999048514 -5.1259809806474 100.014912544176 1905882.70282545 -516934.895630875
-0.28945 -0.00516747118384483 0.0318354296042375 -5.09208303213973 100.007875187537 1906344.10569708 -516938.400980185
-0.2895 -0.00961011686871993 -0.0118135804061687 -5.10104143814168 100.000837830899 1905984.73500665 -516942.082447848
-0.28955 0.0203449705742829 -0.016018015115347 -5.09610554954319 99.9938004742606 1906117.41823291 -516952.732227542
-0.2896 -0.021954478449783 0.0123234684957145 -5.0755605246349 99.9867631176222 1906238.57777702 -516934.489756311
-0.28965 0.00512903219386961 -0.00176769489742435 -5.08396507373112 99.9797257609839 1906122.16546923 -516962.108432107
-0.2897 0.0125955684678872 -0.0206375106929277 -5.08038670860434 99.9726884043455 1906104.8743203 -516965.352904797
-0.28975 -0.00617502749068009 0.0208754222445228 -5.06408815401919 99.9656510477072 1906293.67688237 -516971.676541165
-0.2898 -0.0114406907378974 0.00649083956370657 -5.05912201385319 99.9586136910688 1906266.85222999 -516949.319708966
-0.28985 0.0223486404684438 -0.0115355861724195 -5.04276312240161 99.9515763344305 1906492.3380699 -516955.706973714
-0.2899 -0.0103977787715216 0.000769738927699226 -5.04448447662087 99.9445389777921 1906209.66434829 -516970.94418559
-0.28995 -0.00580592802568052 0.0190898271321459 -5.0182279146984 99.9375016211538 1906573.91249742 -516984.244674101
-0.29 0.00592040995057138 -0.0197061183577297 -5.02389898655123 99.9304642645155 1906333.71979407 -516978.501666454
-0.29005 0.0104766598159115 -0.00373645293973051 -5.01103247868611 99.9234269078771 1906486.80850089 -516979.810501645
-0.2901 -0.0136378915270485 0.0215775743785233 -5.00712451029065 99.9163895512388 1906507.96372816 -516985.845843974
-0.29015 0.0084592130129864 -0.0143346424978365 -4.99595926782209 99.9093521946004 1906476.38987472 -516994.06565917
-0.2902 0.0033336234986016 -0.00338702796877701 -4.98704215153999 99.9023148379621 1906582.57780625 -516999.152073289
-0.29025 -0.00945281318872712 0.00801632283133762 -4.99194181196184 99.8952774813237 1906548.23380655 -516983.807238306
-0.2903 0.00489432799551116 -0.00600404334325208 -4.97961097936474 99.8882401246854 1906567.05496529 -516998.16115508
-0.29035 0.000514251318852511 -0.00175776806488369 -4.97796337334897 99.881202768047 1906507.91430947 -517014.618263349
-0.2904 -0.01199372067857 0.00325778916258547 -4.97705930225393 99.8741654114087 1906467.98811163 -517012.529166426
-0.29045 0.0170449334006277 -0.00577601641872313 -4.96581882824235 99.8671280547703 1906638.0346705 -517010.230590312
-0.2905 -0.00232441446879873 -0.0104982292984185 -4.96617881007066 99.860090698132 1906478.59721353 -517015.046197007
-0.29055 0.00453385630817256 0.0185625183936286 -4.94514910847723 99.8530533414936 1906887.70553134 -517006.506225448
-0.2906 -0.014622577621842 -0.0121949570356707 -4.96394438442364 99.8460159848553 1906422.11468854 -517024.374017452
-0.29065 0.021833924076978 0.00412929240119818 -4.91864332508226 99.8389786282169 1907021.66615117 -517033.885100069
-0.2907 -0.031918053775115 -0.00493946771352122 -4.94061168068551 99.8319412715786 1906517.37516082 -517028.914398399
-0.29075 0.0195834629207739 0.0134018899341505 -4.91319679464793 99.8249039149403 1907143.81607977 -517015.938771529
-0.2908 -0.00449384791962684 -0.0225500011590873 -4.94233451935438 99.8178665583019 1906563.53939297 -517038.348405614
-0.29085 0.00322271691148571 0.0279700427650129 -4.91224966959748 99.8108292016636 1906994.96963549 -517054.387833327
-0.2909 -0.0128132174687833 -0.0196753562566324 -4.95206833882432 99.8037918450252 1906407.80474718 -517062.667157245
-0.29095 0.0301228306271001 0.00530122180163286 -4.9198568663032 99.7967544883869 1907101.19995351 -517034.590441298
-0.291 -0.0435902109592186 0.00239155691829945 -4.95339518347177 99.7897171317485 1906407.02441349 -517042.487621462
-0.29105 0.0245321037472324 0.0215872863487207 -4.91237162408669 99.7826797751102 1907149.07277738 -517036.102683817
-0.2911 -0.00761096482340435 -0.0445752748403634 -4.96205645393741 99.7756424184718 1906295.61602321 -517044.095360439
-0.29115 0.0137678064975844 0.038941438406063 -4.91886748063487 99.7686050618335 1907139.59848387 -517047.328555417
-0.2912 -0.0276260199748171 -0.023193853096342 -4.94293642173745 99.7615677051951 1906425.82216929 -517047.288363901
-0.29125 0.0373962492152501 0.0229166945878139 -4.90113977328991 99.7545303485568 1907219.33277191 -517065.564777278
-0.2913 -0.0226092884592368 -0.0432078159213687 -4.93963886205518 99.7474929919184 1906269.20143009 -517065.673491503
-0.29135 0.00981943679703524 0.0608898855177356 -4.89022930022873 99.7404556352801 1907389.96886098 -517069.045198264
-0.2914 -0.0266970226541166 -0.0474404646894118 -4.94129739079407 99.7334182786418 1906183.15708829 -517085.325495191
-0.29145 0.050309336051146 0.0303812213077665 -4.88052700545783 99.7263809220034 1907516.51830289 -517068.715936845
-0.2915 -0.0491166964629788 -0.0280342844174465 -4.94156649182644 99.7193435653651 1906256.24543746 -517060.198945199
-0.29155 0.0276359911481492 0.0326123026425285 -4.89785941286842 99.7123062087267 1907311.12621805 -517065.895078299
-0.2916 -0.0153296212639746 -0.0301161064343096 -4.92620041527864 99.7052688520884 1906475.43320078 -517087.473812513
-0.29165 0.0206839178482969 0.0210702526218755 -4.89930561510405 99.69823149545 1907123.76831011 -517083.992649361
-0.2917 -0.027644682366065 -0.00154121026407184 -4.91899084613951 99.6911941388117 1906634.25118604 -517084.704725499
-0.29175 0.0347101618534543 -0.0107864558063458 -4.91151705980669 99.6841567821733 1907020.53743061 -517074.270706551
-0.2918 -0.0140032515441253 -0.00583361550872862 -4.91710397812283 99.677119425535 1906716.14740301 -517091.404341418
-0.29185 -0.000237283013555107 0.0269716052715078 -4.89570727647642 99.6700820688966 1907151.2409816 -517074.035275776
-0.2919 -0.0143171757845487 -0.0309801797518946 -4.92046279920773 99.6630447122583 1906491.46374027 -517077.522330061
-0.29195 0.0287286413206472 0.0144216679090771 -4.87520455775694 99.6560073556199 1907258.77527677 -517105.433798407
-0.292 -0.0284949416280795 -0.00663384899295065 -4.911286544799 99.6489699989816 1906662.85172753 -517087.084144454
-0.29205 0.0176437111671267 0.0115504115620448 -4.89371477178366 99.6419326423432 1907134.52959145 -517093.55776588
-0.2921 -0.00825599898863922 -0.0144135490460357 -4.90097439935113 99.6348952857049 1906689.5339952 -517108.017064388
-0.29215 0.00979338753596519 0.00545615125379981 -4.88948004842147 99.6278579290666 1906971.80297908 -517109.853260783
-0.2922 -0.0195029308376888 0.00724614803447831 -4.91161299084042 99.6208205724282 1906664.88322877 -517096.482669297
-0.29225 0.0159551981016663 -0.000277939522772189 -4.89210844455884 99.6137832157899 1907084.72026141 -517077.031627656
-0.2923 -0.000503134271671382 -0.01227895114001 -4.90108345632535 99.6067458591515 1906760.74776455 -517104.338512829
-0.29235 -0.00336013549904608 0.0145166608822307 -4.88274214248261 99.5997085025132 1907018.902962 -517103.95050472
-0.2924 -0.00504459803707909 -0.0200712627839471 -4.89094548536668 99.5926711458748 1906692.52094209 -517112.237301986
-0.29245 0.0073532708866148 0.0207270301305389 -4.8729037047227 99.5856337892365 1907128.02170696 -517119.166230927
-0.2925 -0.0146208438045987 -0.010672144081643 -4.88834597419584 99.5785964325981 1906655.99523233 -517139.671025541
-0.29255 0.0178945873465553 0.0102863176247097 -4.87188693951045 99.5715590759598 1907128.80377999 -517111.866067445
-0.2926 -0.0201859099789964 -0.0158131659390819 -4.89303399823487 99.5645217193214 1906567.28731437 -517137.383347853
-0.29265 0.0202204845218515 0.0157907613397525 -4.8704284450478 99.5574843626831 1907138.34913098 -517128.483409251
-0.2927 -0.0138672211547868 -0.0233871004470012 -4.90065974245141 99.5504470060447 1906541.05538668 -517130.174740779
-0.29275 0.00749108188122113 0.0158693077794158 -4.87484341424595 99.5434096494064 1907097.11575387 -517118.707911395
-0.2928 -0.0132505093657865 -0.00627921444941024 -4.8907195042726 99.5363722927681 1906671.77974129 -517117.935239586
-0.29285 0.0150801029431928 -0.00651562093027164 -4.88126622136631 99.5293349361297 1906965.5109823 -517127.000952025
-0.2929 -0.0128648962517804 -0.00463837651712541 -4.88798008704139 99.5222975794914 1906701.61485122 -517141.815637536
-0.29295 0.00488062303996769 0.0145813438348661 -4.86988421664808 99.515260222853 1907023.05693765 -517146.483793117
-0.293 -0.0110687368808634 -0.0129743998750997 -4.88465682341667 99.5082228662147 1906694.55554807 -517136.690873429
-0.29305 0.0326766346238639 0.000827822369995274 -4.85927822045348 99.5011855095763 1907222.28565354 -517130.051460794
-0.2931 -0.0410148097737562 -0.000747357504007476 -4.88292666806938 99.494148152938 1906554.53001926 -517142.87929002
-0.29315 0.018075307408402 0.0350843376666592 -4.84393225809666 99.4871107962996 1907373.48438171 -517132.662259808
-0.2932 0.0032294614990757 -0.0581620829768526 -4.87015846468138 99.4800734396613 1906572.47003173 -517142.321933564
-0.29325 0.0198833934442908 0.0463624187906643 -4.83137272332624 99.4730360830229 1907480.50810402 -517146.263959155
-0.2933 -0.0507063569955366 -0.0164196705003375 -4.86459082027654 99.4659987263846 1906551.4751341 -517151.690806564
-0.29335 0.0489780996523748 0.0147224917385716 -4.82487586314245 99.4589613697462 1907634.00456435 -517139.180348146
-0.2934 -0.0183041785467765 -0.0416293043496442 -4.85905612002181 99.4519240131079 1906597.64508374 -517179.592456634
-0.29345 0.00850763172141923 0.0569165636764406 -4.81315918125145 99.4448866564696 1907694.57867289 -517151.102941811
-0.2935 -0.0224664582423477 -0.0552113269939584 -4.86281621161179 99.4378492998312 1906535.3427342 -517143.160933587
-0.29355 0.0386428045956143 0.0318249744407438 -4.80611206498518 99.4308119431929 1907742.09601792 -517139.264854293
-0.2936 -0.0398656373177566 -0.0182385636595654 -4.8442197136692 99.4237745865545 1906812.51833914 -517146.337092774
-0.29365 0.0215521649889648 0.0226954771216081 -4.81394289644805 99.4167372299162 1907529.59493944 -517132.203758846
-0.2937 -0.00275959931395382 -0.0330377650435191 -4.84523158904747 99.4096998732778 1906883.98257045 -517151.435860309
-0.29375 0.00216237012054422 0.0294298815207093 -4.81668166604056 99.4026625166395 1907452.81652216 -517162.930762577
-0.2938 -0.0223474023080793 -0.0176687642469129 -4.83072228359978 99.3956251600011 1906932.58052265 -517160.449368901
-0.29385 0.0273950118556769 -0.00498034585898425 -4.81837677702679 99.3885878033628 1907319.25972103 -517171.242117232
-0.2939 -0.0236383408000124 -0.00574043485251348 -4.82758930610744 99.3815504467244 1906985.48345397 -517176.584679672
-0.29395 0.00913685838260804 0.022934265227504 -4.79933382161661 99.3745130900861 1907458.13650399 -517180.166895431
-0.294 -0.0107147790749425 -0.0271394348543838 -4.82775569810853 99.3674757334478 1906878.76886086 -517172.340751491
-0.29405 0.018227375493334 0.0146854584240567 -4.79914817540858 99.3604383768094 1907528.57750379 -517175.641381095
-0.2941 -0.0220409983237826 -0.00465954138511146 -4.82347750454481 99.3534010201711 1907024.92589726 -517177.399349104
-0.29415 0.013656019785845 0.00866972186463805 -4.80091535160415 99.3463636635327 1907446.19401617 -517181.037392125
-0.2942 -0.00391995961069487 -0.0218621324869322 -4.81296080799402 99.3393263068944 1907032.23906755 -517190.706284863
-0.29425 -0.000229006951004037 0.0166784544518815 -4.78382399509888 99.332288950256 1907514.72850194 -517192.505411198
-0.2943 -0.0153752593373685 -0.00876320505765566 -4.78809103279028 99.3252515936177 1907158.65559141 -517205.176593441
-0.29435 0.0281568407460074 0.00714267489660929 -4.75901704069676 99.3182142369793 1907621.28137911 -517210.124602779
-0.2944 -0.0198456132432313 -0.0194876495396766 -4.7857043067405 99.311176880341 1906997.15100873 -517208.451188195
-0.29445 0.0117403609732119 0.0221213139656997 -4.75103641399851 99.3041395237026 1907568.94739592 -517224.031379475
-0.2945 -0.00519747559123568 -0.00716673649248714 -4.76673482419536 99.2971021670643 1907258.82407652 -517211.301840691
-0.29455 0.00890897632943505 -0.010388858169553 -4.75944681718842 99.2900648104259 1907355.54708121 -517204.072172406
-0.2946 -0.0106783382975623 0.0107969425080856 -4.74827602364122 99.2830274537876 1907489.45636334 -517208.679387631
-0.29465 -0.00158768709383445 -0.0046678071563199 -4.75826530212635 99.2759900971493 1907322.52077218 -517216.437066875
-0.2947 0.00939052410290848 -0.0103751991976849 -4.7379823598067 99.2689527405109 1907430.91824324 -517223.844665874
-0.29475 -0.00393151457728412 0.00780794352839926 -4.74766552623315 99.2619153838726 1907364.43769609 -517246.825118902
-0.2948 0.00152270683154905 -0.00795299784788972 -4.74895808820164 99.2548780272342 1907214.10381509 -517243.63105345
-0.29485 -0.00105951730596311 0.00307784004310195 -4.74274772774397 99.2478406705959 1907290.31062959 -517239.409434934
-0.2949 -0.00475506824624741 -0.00222456782990914 -4.74272576051738 99.2408033139575 1907335.57733074 -517243.832287148
-0.29495 -0.00178240640677647 0.00484899233282609 -4.73819901313132 99.2337659573192 1907467.66819487 -517239.755879639
-0.295 0.00972185581120673 -0.00499469368503035 -4.74613924188705 99.2267286006808 1907289.07968816 -517267.363231611
-0.29505 -0.00760920784474261 0.00911555332591127 -4.73718340980704 99.2196912440425 1907368.99785254 -517252.220347922
-0.2951 0.0115592159737019 -0.00316915760793843 -4.7333252682692 99.2126538874041 1907388.60843804 -517270.499723158
-0.29515 -0.0138740630176513 0.0121179495799126 -4.74160009564781 99.2056165307658 1907326.3279541 -517264.99187491
-0.2952 0.00777148896003178 -0.00252383498963673 -4.75249179182714 99.1985791741274 1907364.68653543 -517248.73857838
-0.29525 0.00971221120788249 -0.0168889185023228 -4.76217880264374 99.1915418174891 1907249.07610624 -517243.532499288
-0.2953 -0.011595518937333 0.0246007940767178 -4.74680984124098 99.1845044608508 1907368.98008674 -517253.863594329
-0.29535 0.00365737030692653 -0.0186711302305097 -4.75687992065336 99.1774671042124 1907122.03667354 -517260.77730721
-0.2954 -0.013197122917318 0.00618040633037459 -4.7548301478357 99.1704297475741 1907175.05234982 -517261.218443832
-0.29545 0.0147688974138215 -0.00939210808781673 -4.74056342341838 99.1633923909357 1907343.76877829 -517271.451834066
-0.2955 -0.0146973829735448 -0.00297833091130214 -4.75496409394238 99.1563550342974 1907101.05699944 -517270.014524762
-0.29555 0.00886232668310306 0.00458789177296218 -4.75119937180618 99.149317677659 1907235.6323192 -517296.556566009
-0.2956 -0.00149461173539562 -0.0124860871110276 -4.75975833195033 99.1422803210207 1906978.82525351 -517301.064992668
-0.29565 -0.00339078842345709 0.0186289956837584 -4.73999999507009 99.1352429643823 1907316.14218989 -517280.928541767
-0.2957 0.00689584512591765 -0.0190372807558967 -4.74335653590723 99.128205607744 1907172.08832718 -517276.921587019
-0.29575 -0.00147212972600943 0.0211843898840211 -4.72800959415684 99.1211682511056 1907472.84617946 -517271.5295562
-0.2958 -0.0010133167650363 -0.0172285860135987 -4.73662371580306 99.1141308944673 1907243.82603753 -517278.538026158
-0.29585 -0.00262155260023122 0.0121810831099169 -4.73770860037884 99.1070935378289 1907339.34907256 -517287.411849058
-0.2959 -0.00169618801719181 -0.00519754924604187 -4.73613766223749 99.1000561811906 1907159.09388586 -517299.503238562
-0.29595 0.00779114091400517 0.0025885285048378 -4.73674573132747 99.0930188245523 1907310.37961811 -517296.074116877
-0.296 -0.0118885429932696 -0.00386830575414372 -4.74997397301858 99.0859814679139 1907041.3565643 -517304.257756709
-0.29605 0.0143742155192048 0.0121742013971346 -4.73411861814728 99.0789441112756 1907395.47974437 -517309.544134094
-0.2961 -0.0199346224068765 -0.0155435849341411 -4.75877135554105 99.0719067546372 1906830.85147271 -517319.05691071
-0.29615 0.0127579854681585 0.0225227435742049 -4.73945878267699 99.0648693979989 1907377.20944309 -517322.178488915
-0.2962 -0.0184274596441815 -0.031041254155904 -4.77226794504504 99.0578320413605 1906746.61838689 -517299.405659144
-0.29625 0.0259390469258318 0.0355015131156325 -4.73673000000062 99.0507946847222 1907619.82157129 -517299.761847725
-0.2963 -0.0290238413332572 -0.0251046598017202 -4.78454845875799 99.0437573280838 1906673.5866725 -517300.667194891
-0.29635 0.0339465080588218 0.0097417902134829 -4.74213935894656 99.0367199714455 1907461.34419807 -517309.548333129
-0.2964 -0.0258086389301505 -0.00870174570036547 -4.77971275722081 99.0296826148071 1906748.17833204 -517325.143918254
-0.29645 0.000886096518374625 0.0280786594729549 -4.75027295815639 99.0226452581688 1907292.94995504 -517326.754310949
-0.2965 0.0124212189142395 -0.031782511349912 -4.77163878708518 99.0156079015304 1906933.78435066 -517331.793535566
-0.29655 -0.00251952956060585 0.0173948244319082 -4.75678853143069 99.0085705448921 1907157.29829268 -517352.831711242
-0.2966 -0.00876310283770016 -0.00724827742919862 -4.77058318336895 99.0015331882537 1906879.43837142 -517334.383684844
-0.29665 0.0102209642203042 0.00172837454611875 -4.76290009374436 98.9944958316154 1907167.28217683 -517320.919466239
-0.2967 0.00219732983684033 -0.00554860022961862 -4.77306303631337 98.9874584749771 1906992.1967865 -517317.155642272
-0.29675 -0.00908210952378627 0.0207514132497503 -4.76018059763367 98.9804211183387 1907131.55835472 -517322.596588022
-0.2968 -0.00319526627064657 -0.0153286792810249 -4.77231780228004 98.9733837617004 1906909.27728208 -517318.788363924
-0.29685 0.00528103741391278 0.00798103390048152 -4.75243558091505 98.966346405062 1907228.53818418 -517331.034074067
-0.2969 -0.00974639232449223 0.000913540100256519 -4.75906266857791 98.9593090484237 1906971.91871397 -517339.650900728
-0.29695 0.0172856669607374 -0.000710442811183889 -4.75835972724629 98.9522716917853 1907192.47685804 -517335.477009661
-0.297 -0.0214603256554149 -0.00745226183258741 -4.75932565962612 98.945234335147 1906869.97725689 -517363.734128904
-0.29705 0.0180009972895491 0.016909888395161 -4.75275115696026 98.9381969785086 1907231.76134636 -517352.909632776
-0.2971 -0.00999371637893295 -0.0153130594915239 -4.77637209687298 98.9311596218703 1906776.76742298 -517332.57892675
-0.29715 0.0153849760274669 0.0125328495074014 -4.75330309962388 98.9241222652319 1907280.98162314 -517335.134744164
-0.2972 -0.0033352566009602 -0.0201605601601431 -4.76913203488 98.9170849085936 1906874.48885816 -517343.425798306
-0.29725 0.00504640625797602 0.0102597608529434 -4.7598832288954 98.9100475519553 1907125.52844694 -517337.982503984
-0.2973 -0.00964634664391859 0.00402970343935653 -4.7670736751707 98.9030101953169 1906931.03842732 -517359.268533738
-0.29735 0.0125127340405174 -0.00106925530155952 -4.76819689835478 98.8959728386786 1907068.19072715 -517340.309084043
-0.2974 0.00673951532149981 -0.0133891718772077 -4.77318834265546 98.8889354820402 1906939.54414018 -517348.574542703
-0.29745 -0.0127681751566768 0.0151006213893932 -4.77394523276975 98.8818981254019 1906953.15579241 -517341.928665262
-0.2975 0.00682700498190418 -0.00545644489792447 -4.77132947725421 98.8748607687635 1906938.71710036 -517341.411872654
-0.29755 0.00695540998964469 -0.00743285255442473 -4.77103636652824 98.8678234121252 1906924.92091245 -517354.715286166
-0.2976 -0.0164071438063277 0.0098046518269663 -4.78141049213578 98.8607860554868 1906781.3491645 -517365.88364826
-0.29765 0.0146773248580046 -0.00261770870254945 -4.77338819659426 98.8537486988485 1907014.62177991 -517345.571811473
-0.2977 -0.00813043442634742 0.000761888288552813 -4.77234250631846 98.8467113422101 1906935.39239214 -517331.67994585
-0.29775 0.00485032472170949 -0.00745059472759183 -4.77637822138544 98.8396739855718 1907011.88351529 -517331.527084415
-0.2978 -0.00357517187583991 0.00417437099452328 -4.77491068007587 98.8326366289334 1907042.05563975 -517337.788833937
-0.29785 -0.00839143416995803 -0.00448678259655113 -4.78749663004532 98.8255992722951 1906838.87549608 -517348.617921311
-0.2979 0.0149279058469024 0.00267398101519123 -4.77005007658161 98.8185619156568 1907080.62420298 -517345.500377149
-0.29795 -0.0156389543535987 0.00346246232829323 -4.78185761050816 98.8115245590184 1906784.61744705 -517366.033021634
-0.298 0.00728097017457037 0.00834053879465328 -4.76710136924278 98.8044872023801 1907054.6957271 -517360.420592394
-0.29805 0.00138419067639575 -0.0119919107157326 -4.77860417374252 98.7974498457417 1906864.39341777 -517343.47280937
-0.2981 0.0137802578073794 0.00870709188404765 -4.77985209437728 98.7904124891034 1907074.61291517 -517351.089015174
-0.29815 -0.021931781604672 0.000414016918985322 -4.79321595421141 98.783375132465 1906718.33694442 -517337.540225953
-0.2982 0.0223460968770703 -0.000839415443360039 -4.77559714824146 98.7763377758267 1907095.82573594 -517332.854273712
-0.29825 -0.0184120221923325 -0.0290623461598531 -4.79214551320805 98.7693004191883 1906560.97103959 -517352.980791339
-0.2983 0.0210635976446893 0.0372102925421536 -4.7546567930287 98.76226306255 1907361.6123859 -517360.16792072
-0.29835 -0.0377943676692143 -0.0225557440128125 -4.79608666235357 98.7552257059116 1906441.41098886 -517364.479283252
-0.2984 0.0364024833111243 0.0231254909155367 -4.75696698931251 98.7481883492733 1907334.83113685 -517354.558288045
-0.29845 -0.0353408819093564 -0.0335554324295058 -4.8056045519952 98.7411509926349 1906277.93833852 -517388.021953139
-0.2985 0.0150405243050962 0.059214168931449 -4.76129443406779 98.7341136359966 1907450.32323096 -517367.986000317
-0.29855 -0.0244741836753854 -0.0561432269988138 -4.82408960154238 98.7270762793583 1906062.4174051 -517377.071544535
-0.2986 0.0422218489600486 0.0318590211568551 -4.77338296383371 98.7200389227199 1907327.7756659 -517363.002551195
-0.29865 -0.0474832746663565 -0.0253343505191149 -4.81918900651455 98.7130015660816 1906226.70590728 -517377.024770394
-0.2987 0.0272705389569242 0.0417243344825317 -4.76752593329315 98.7059642094432 1907360.60337133 -517378.752330121
-0.29875 -0.0129247348792812 -0.0439856199989772 -4.82589204999497 98.6989268528049 1906184.61832344 -517386.568155474
-0.2988 0.0212472776572135 0.0275083600009744 -4.78781966461215 98.6918894961665 1907027.11054285 -517389.586371986
-0.29885 -0.0396701313155446 -0.00771983307298343 -4.83068237718916 98.6848521395282 1906297.74538331 -517365.643759495
-0.2989 0.0442869215385376 0.00945488460518778 -4.7886534947938 98.6778147828898 1907135.17684035 -517380.281759241
-0.29895 -0.0217611150829224 -0.0281714204306769 -4.8192948766662 98.6707774262515 1906383.93545743 -517374.763510033
-0.299 0.00541868333468129 0.0500606969969099 -4.78065989060856 98.6637400696131 1907154.41785092 -517391.248799388
-0.29905 -0.0201005594276769 -0.0326724470139199 -4.81827304112506 98.6567027129748 1906268.40788084 -517393.541918891
-0.2991 0.0343908318881956 0.00837196390897652 -4.78587200429981 98.6496653563364 1907067.87181522 -517394.941909304
-0.29915 -0.0216590125902843 0.00154301626741928 -4.80987419582186 98.6426279996981 1906568.12965912 -517391.4775517
-0.2992 0.0120640260863781 0.0103170592304858 -4.80150627037034 98.6355906430598 1906914.62177002 -517376.209927928
-0.29925 -0.00393028303850299 -0.014374007587689 -4.81292591803557 98.6285532864214 1906603.49676997 -517379.15396551
-0.2993 0.00603882509593779 0.000917739109002162 -4.808451967528 98.6215159297831 1906772.17765237 -517369.834417647
-0.29935 -0.0153976313568158 0.00547168000546776 -4.81402785250471 98.6144785731447 1906571.40786241 -517381.705435659
-0.2994 0.0188493170996966 0.000755337464056307 -4.80793199364056 98.6074412165064 1906811.28734188 -517369.542403106
-0.29945 -0.0127638062556026 -0.00945007458990047 -4.81928025194506 98.600403859868 1906526.85224395 -517381.426181123
-0.2995 0.00235666403576283 0.0064684233389955 -4.80999686919384 98.5933665032297 1906712.89676948 -517386.008221001
-0.29955 0.00727896117679201 -0.0138657022800687 -4.81567078998724 98.5863291465913 1906597.17883268 -517391.673133755
-0.2996 -0.00645528077428691 0.0205065362364727 -4.8071638565252 98.579291789953 1906729.34332752 -517382.137085163
-0.29965 -0.00895511395438368 -0.00296678007053472 -4.81030263245171 98.5722544333146 1906543.3605998 -517367.136212859
-0.2997 0.0170042944510867 -0.00357851726144587 -4.80502896918725 98.5652170766763 1906730.90843872 -517380.884325516
-0.29975 -0.0127243653619875 0.00191644431656381 -4.8228669129461 98.5581797200379 1906468.03882911 -517378.629349979
-0.2998 0.00635717436592894 0.0052450158627149 -4.8126299235909 98.5511423633996 1906630.77297894 -517393.950583666
-0.29985 0.00402197009177636 -0.0141239201455929 -4.81538046467615 98.5441050067613 1906549.02903387 -517383.162298618
-0.2999 0.00157034797092319 0.00321530724690568 -4.81414805388782 98.5370676501229 1906657.22838572 -517374.906386512
-0.29995 -0.0163134655999714 0.00494976149360751 -4.82263793315049 98.5300302934846 1906486.62287685 -517383.65753314
-0.3 0.00984897169785839 0.00273954153314557 -4.80874066362182 98.5229929368462 1906744.8779807 -517385.236203735
-0.30005 0.00188902907416206 -0.0161867982560639 -4.8210837425942 98.5159555802079 1906392.19434629 -517403.320174327
-0.3001 -0.0112379056293324 0.0330681601789936 -4.80902895415545 98.5089182235695 1906704.88356532 -517404.986289579
-0.30015 -0.00330060390331225 -0.0196036860257573 -4.83221442682898 98.5018808669312 1906325.30195289 -517392.135317232
-0.3002 0.032454920203837 -0.00515543636987699 -4.81616900446591 98.4948435102928 1906791.63991983 -517369.231281705
-0.30025 -0.035527336878307 0.00817682027419718 -4.84575752380514 98.4878061536545 1906351.04661447 -517363.502665494
-0.3003 0.0162287643153097 0.0144287645619843 -4.81361866971109 98.4807687970161 1906789.36216184 -517382.390743984
-0.30035 -0.00666404284388925 -0.0347317661092489 -4.84345887377036 98.4737314403778 1906201.9999272 -517381.573378934
-0.3004 0.017628428553877 0.0232049343942976 -4.82289408497166 98.4666940837394 1906834.18319127 -517382.656421209
-0.30045 -0.0300154514583103 -0.0150833717387884 -4.84755833692847 98.4596567271011 1906132.32777977 -517381.180613957
-0.3005 0.0277107154677817 0.0189650460308932 -4.81857308498846 98.4526193704628 1906846.38115137 -517404.759535325
-0.30055 -0.0271812992167584 -0.0253079467985883 -4.84975543638629 98.4455820138244 1906036.21868087 -517395.450648497
-0.3006 0.031309047643831 0.0264431081361927 -4.82315532521591 98.4385446571861 1906859.4045363 -517402.188219355
-0.30065 -0.0324212567068274 -0.0191065940521915 -4.86282087698283 98.4315073005477 1905967.26931064 -517401.788163107
-0.3007 0.0322425739627719 0.0219590846127221 -4.83139925802827 98.4244699439094 1906853.17796056 -517384.909653944
-0.30075 -0.0337850572568201 -0.0124964234044128 -4.86130894507769 98.417432587271 1906045.01692683 -517385.423908143
-0.3008 0.030737660446558 0.0318153394042428 -4.82567568443029 98.4103952306327 1906944.16358989 -517382.887536581
-0.30085 -0.0156538390813018 -0.052659876850355 -4.87455100796646 98.4033578739943 1905879.27795586 -517410.055605532
-0.3009 0.0112695005058885 0.0557104964058055 -4.8265542161748 98.396320517356 1906882.71856288 -517395.462988105
-0.30095 -0.031787200484126 -0.0299594807443141 -4.87478575074609 98.3892831607176 1905875.04006401 -517397.675738973
-0.301 0.0451458252223183 0.0058696040215502 -4.83444963838012 98.3822458040793 1906852.16020313 -517377.90925371
-0.30105 -0.035285732741348 -0.0174436388755338 -4.87933453725313 98.3752084474409 1905828.72647184 -517403.816893264
-0.3011 0.0101293267590969 0.042887596660693 -4.84120463508972 98.3681710908026 1906787.36291274 -517396.135606116
-0.30115 -0.0102171534725961 -0.0432937220201575 -4.8928704615051 98.3611337341643 1905807.64297405 -517392.928494374
-0.3012 0.0501673743653399 0.00354025800106348 -4.85280576078793 98.3540963775259 1906720.23414952 -517382.424756945
-0.30125 -0.0644766669642054 0.00987128365531253 -4.89872679948714 98.3470590208876 1905798.66296097 -517380.959784838
-0.3013 0.0371609825893923 0.0180803600465378 -4.86665205008047 98.3400216642492 1906657.09907422 -517366.837239282
-0.30135 -0.00857180892661659 -0.0386897124667974 -4.89997572084409 98.3329843076109 1905814.93148704 -517388.566109951
-0.3014 0.0143273494901869 0.0312776839211948 -4.87467854762157 98.3259469509725 1906531.4493131 -517389.719944609
-0.30145 -0.0231459848586763 -0.0154024420659568 -4.90716728889019 98.3189095943342 1905870.43228497 -517391.767931646
-0.3015 0.0338268741807771 0.0131843181824408 -4.87575965830338 98.3118722376958 1906619.75986644 -517370.288579957
-0.30155 -0.0326908854009464 -0.0210880469241795 -4.91550292970205 98.3048348810575 1905845.74959004 -517366.849098766
-0.3016 0.0183716258755103 0.0359120950265039 -4.8736395741519 98.2977975244191 1906652.59630531 -517372.22488796
-0.30165 -0.0152411828309188 -0.0349221659395991 -4.91648604104569 98.2907601677808 1905737.01853635 -517384.239667834
-0.3017 0.0208799062473272 0.0227201630276565 -4.88199681289201 98.2837228111425 1906499.92434797 -517383.656441146
-0.30175 -0.0286127127259324 -0.0117309472516758 -4.91667302434062 98.2766854545041 1905827.52671116 -517378.84326571
-0.3018 0.0154418190099392 0.00593275752439469 -4.91211326825773 98.2696480978658 1906290.05886809 -517350.636302209
-0.30185 -0.00885764670992178 -0.0122597210653492 -4.92607288761286 98.2626107412274 1905948.49386179 -517364.650217488
-0.3019 0.0102059629551402 0.00939959743199362 -4.90982938087826 98.2555733845891 1906294.35874158 -517354.153495295
-0.30195 -0.00807214576489663 -0.00783904488381982 -4.93630989912389 98.2485360279507 1905746.77344543 -517385.394333556
-0.302 0.0140078990258117 0.0132009360000021 -4.91062829969792 98.2414986713124 1906263.2121066 -517380.006172534
-0.30205 -0.00897141501121898 -0.0281229559432993 -4.94170669991764 98.234461314674 1905683.19587483 -517374.351767417
-0.3021 0.00783405531726817 0.0230796258019844 -4.91288448194843 98.2274239580357 1906326.25513884 -517356.123273919
-0.30215 -0.0146172678292149 -0.0324060588212611 -4.94600763501054 98.2203866013973 1905640.24640694 -517353.882127407
-0.3022 0.0162742353807093 0.0212412010355327 -4.92621319440876 98.213349244759 1906299.37777899 -517355.240209504
-0.30225 -0.0163253283956374 -0.02043654168834 -4.95216648440246 98.2063118881206 1905607.27586771 -517372.004803117
-0.3023 0.0175651464409833 0.0264746420415715 -4.91399115897921 98.1992745314823 1906375.05127518 -517373.923368667
-0.30235 -0.0261782172996529 -0.0164614459114177 -4.95560211431409 98.192237174844 1905660.56912352 -517370.941481575
-0.3024 0.0324378262909992 0.0212231278197471 -4.92545558827026 98.1851998182056 1906434.7668626 -517365.51451718
-0.30245 -0.0294758432006781 -0.0302389947386559 -4.95786763944086 98.1781624615673 1905563.06741375 -517341.243109561
-0.3025 0.0191163468128365 0.0311747258036685 -4.92074052889064 98.1711251049289 1906503.580866 -517338.717171453
-0.30255 -0.0234610271540813 -0.0176882253067143 -4.95297142323509 98.1640877482906 1905716.0763612 -517354.884173193
-0.3026 0.0315619930626731 0.0102745767289351 -4.92128949225049 98.1570503916522 1906402.52817741 -517352.72055505
-0.30265 -0.0294905418155739 -0.0181645035251565 -4.95160844756937 98.1500130350139 1905587.33090252 -517367.776971535
-0.3027 0.0184453352359561 0.0253327904389244 -4.93349702465737 98.1429756783755 1906286.28852515 -517364.616019205
-0.30275 -0.00836702647314113 -0.0302144766387786 -4.95535223844049 98.1359383217372 1905652.67090538 -517370.19187979
-0.3028 0.0127123698960146 0.026630197853243 -4.92686995041454 98.1289009650988 1906327.98700892 -517363.532456296
-0.30285 -0.0355619504118529 -0.0119074099520967 -4.97589759411169 98.1218636084605 1905525.17147549 -517351.704527489
-0.3029 0.0428084948192586 0.000165151488388892 -4.94166131358477 98.1148262518221 1906281.2783916 -517340.389343134
-0.30295 -0.0375035936217369 -0.00925990569498609 -4.97818838149078 98.1077888951838 1905462.45521871 -517359.195871688
-0.303 0.00990469139122429 0.0278615668008027 -4.94664703868423 98.1007515385455 1906156.18258194 -517361.498215611
-0.30305 -0.00375897620623201 -0.0360392979594333 -4.98810039694639 98.0937141819071 1905488.53040015 -517364.295903292
-0.3031 0.015129626681562 0.0217667390800029 -4.95848904190827 98.0866768252688 1906159.86997684 -517342.301095761
-0.30315 -0.0281255353407602 -0.00752429883117985 -4.99493590077437 98.0796394686304 1905544.30121716 -517340.078486275
-0.3032 0.02925757160578 0.00302590309427617 -4.98000731434527 98.0726021119921 1906084.09055476 -517323.692735534
-0.30325 -0.0173726916597324 -0.00755569722296362 -5.00491761944924 98.0655647553537 1905540.85266238 -517344.541273919
-0.3033 0.000126825422050501 0.0208423221610559 -4.98105706094687 98.0585273987154 1905892.30102228 -517340.4047499
-0.30335 -0.00417988725931588 -0.0219643938212106 -5.00991800739893 98.051490042077 1905432.66955521 -517351.519265066
-0.3034 0.0104989793920087 0.0125038012760846 -4.99248599324487 98.0444526854387 1905849.89230591 -517353.281531598
-0.30345 -0.0223471536591895 -0.00975125957075181 -5.02113288954533 98.0374153288003 1905319.07538889 -517349.508008298
-0.3035 0.0165236804089907 0.00372448566437561 -4.99754462444336 98.030377972162 1905748.71545346 -517355.989217012
-0.30355 -0.00722009976718905 -0.0123613556830753 -5.01304898352128 98.0233406155236 1905460.42509675 -517352.21977527
-0.3036 -0.0100851491955842 0.0163280028081211 -5.00450956342247 98.0163032588853 1905697.01304131 -517325.801977264
-0.30365 0.00757099878583026 -0.0213300816534119 -5.01003653645341 98.0092659022469 1905591.84651983 -517322.650640321
-0.3037 0.0120639791171593 0.00416767022038785 -4.99831174336939 98.0022285456086 1905788.05212578 -517332.851097916
-0.30375 -0.0223297440213258 0.00216292006726717 -5.02570127982985 97.9951911889703 1905363.9338514 -517327.243944099
-0.3038 0.0177687213099157 0.00998377324424896 -5.00018957354676 97.9881538323319 1905859.81593003 -517340.187376141
-0.30385 -0.0139452932198167 -0.032619638544196 -5.0323739972827 97.9811164756936 1905219.86347963 -517323.388035333
-0.3039 0.0128491492067361 0.0370119032035041 -5.00155386099422 97.9740791190552 1905923.37690992 -517336.194866229
-0.30395 -0.0234684950933791 -0.0305753523555477 -5.04372970393109 97.9670417624169 1905031.73117675 -517341.553140617
-0.304 0.0352199423188002 0.0224663150414951 -4.99732953070183 97.9600044057785 1906003.22974546 -517343.764419165
-0.30405 -0.0312040195157401 -0.0236492798278125 -5.04696902254281 97.9529670491402 1905048.39100107 -517342.164626989
-0.3041 0.0221039891306951 0.0351280645644036 -5.01284208855971 97.9459296925018 1906014.60265233 -517308.090268714
-0.30415 -0.0282207911839686 -0.0324288993457146 -5.05466648076149 97.9388923358635 1905095.56506874 -517315.236654827
-0.3042 0.0419053906891296 0.0207603973234795 -5.00307465664854 97.9318549792251 1906097.64028615 -517318.690315634
-0.30425 -0.0356064482754818 -0.013816014860871 -5.05091240777509 97.9248176225868 1905136.58380757 -517328.374704138
-0.3043 0.0204761278982106 0.022853232134001 -5.01088449264369 97.9177802659484 1905940.13835475 -517317.469592178
-0.30435 -0.0186340979864311 -0.0274390296332357 -5.04085560335461 97.9107429093101 1905195.20303733 -517337.196238609
-0.3044 0.0164195284862347 0.0223158665132839 -5.00970530862454 97.9037055526718 1905918.31276805 -517315.007390741
-0.30445 -0.0200060957795671 -0.0274030245827052 -5.04244829157873 97.8966681960334 1905218.02235617 -517322.895841578
-0.3045 0.0289175214296595 0.0166305998514013 -5.00946017442519 97.8896308393951 1905987.81602902 -517302.367234972
-0.30455 -0.019976125605687 -0.0171497150243731 -5.03577362736648 97.8825934827567 1905343.93184019 -517325.674781591
-0.3046 0.0191954832476184 0.0245432394082984 -5.01738207761422 97.8755561261184 1905847.53943011 -517322.939965822
-0.30465 -0.0286189304834504 -0.0157764104766442 -5.04301813278097 97.86851876948 1905153.58909465 -517339.89270313
-0.3047 0.0333877342966937 0.0112171248306865 -5.0182509299608 97.8614814128417 1905777.75780787 -517349.562282296
-0.30475 -0.0218152893017558 -0.0171151667511442 -5.03767974426031 97.8544440562033 1905180.19980522 -517353.996545222
-0.3048 0.0110617221092319 0.0139055898832132 -5.01351675520541 97.847406699565 1905706.69341438 -517330.39286047
-0.30485 -0.0101754259509139 -0.0084066904604363 -5.02646088500655 97.8403693429266 1905336.29844533 -517354.234075607
-0.3049 0.00812046347908042 0.0080039566830345 -5.00951994135422 97.8333319862883 1905657.56514169 -517342.809561244
-0.30495 0.00495679738080368 -0.00716159742096242 -5.01440991333178 97.82629462965 1905530.8247517 -517335.251496776
-0.305 -0.00531972185510165 0.0187747304397925 -5.01766319085321 97.8192572730116 1905585.12417509 -517340.847628471
-0.30505 -0.00335436178875643 -0.00930767434024739 -5.01887433885255 97.8122199163733 1905438.1978893 -517327.068247289
-0.3051 0.0234983671443526 -0.00607388894839817 -5.00361686718376 97.8051825597349 1905667.24530588 -517335.564734695
-0.30515 -0.0300503638120265 0.00609192664352875 -5.01492272266887 97.7981452030966 1905350.28494826 -517340.068692666
-0.3052 0.00822041173458255 0.0139059285542738 -5.00599613052989 97.7911078464582 1905681.63277573 -517341.374294145
-0.30525 -0.00135580323270729 -0.0161440699669639 -5.01267719899239 97.7840704898199 1905296.1208338 -517354.033956611
-0.3053 0.0060852256484514 -0.0066226629497728 -4.99623947040511 97.7770331331815 1905462.52549806 -517365.76824972
-0.30535 -0.00421348940323745 0.00837654767632826 -4.99454964396838 97.7699957765432 1905438.61320032 -517374.356989178
-0.3054 0.00663292839732122 -0.00298868127981198 -4.99307294261656 97.7629584199048 1905554.35885246 -517360.777008592
-0.30545 0.0089664470775082 -0.0062654019089641 -4.99606822296499 97.7559210632665 1905512.89362751 -517358.833734935
-0.3055 -0.0150936689750451 0.0165017426470015 -4.99999342585812 97.7488837066281 1905517.41333643 -517364.000625564
-0.30555 0.000915964323267238 6.88340190786226e-05 -4.98936928300161 97.7418463499898 1905525.93983282 -517370.000612484
-0.3056 0.019627697060553 -0.0180834232850154 -4.97985290827309 97.7348089933515 1905582.54490072 -517376.200772337
-0.30565 -0.0102445189913815 0.000782426995140827 -4.98244504202406 97.7277716367131 1905465.73917188 -517391.771861019
-0.3057 -0.0155681568242126 0.0198409106100767 -4.96867704031869 97.7207342800748 1905685.65609803 -517368.710266255
-0.30575 0.0208139914983281 -0.0319568068265047 -4.97721108638926 97.7136969234364 1905428.75374296 -517397.183122466
-0.3058 -0.00171244695449295 0.0131541130477309 -4.96452971300552 97.7066595667981 1905696.38865308 -517381.778994318
-0.30585 -0.0168170085860697 0.0116193010011389 -4.97001920925146 97.6996222101597 1905537.92400859 -517388.10969765
-0.3059 0.0248897383893805 -0.027424595115638 -4.97500428182886 97.6925848535214 1905460.02474044 -517386.054417711
-0.30595 -0.0203780214967904 0.0205390914838104 -4.97677543962876 97.685547496883 1905479.68651067 -517383.917822274
-0.306 0.00207791314307416 0.0157510513654705 -4.96176068053877 97.6785101402447 1905677.97285274 -517391.286426817
-0.30605 0.013475636754162 -0.0279485155511075 -4.97403887958512 97.6714727836063 1905468.79332169 -517369.6501993
-0.3061 0.00728538319485876 0.0150349851797261 -4.96512625512731 97.664435426968 1905624.20709323 -517391.66053079
-0.30615 -0.0184832045705495 8.93604024730444e-05 -4.97840232455076 97.6573980703296 1905349.54290176 -517394.299340583
-0.3062 0.0148513832234778 -0.00994268460082342 -4.96224299501697 97.6503607136913 1905624.20681346 -517390.344672012
-0.30625 -0.0102422937183565 -0.00260034321582298 -4.97413239989843 97.6433233570529 1905490.68877903 -517386.56521021
-0.3063 -0.0184228180853159 0.0313306215835851 -4.95398027530102 97.6362860004146 1905779.42312796 -517376.049616235
-0.30635 0.0175922374017135 -0.0327235640987684 -4.95648805476039 97.6292486437763 1905507.61884851 -517402.862361652
-0.3064 0.00576833144045465 0.00926460067023467 -4.94519060358966 97.6222112871379 1905792.69132475 -517397.193419289
-0.30645 -0.0255705784836095 0.00790427897134129 -4.95813760412488 97.6151739304996 1905457.05946678 -517424.761768422
-0.3065 0.0209475120340807 -0.00589841751626556 -4.95503631838285 97.6081365738612 1905689.30646321 -517413.119512143
-0.30655 -0.0170559101796169 0.00976541646852736 -4.96964158511351 97.6010992172229 1905393.41002889 -517431.067231464
-0.3066 0.00557550597513813 0.00207356170367837 -4.95968994129379 97.5940618605845 1905527.63815772 -517438.288821114
-0.30665 -0.00733296706160711 -0.00666247254874594 -4.9648968937142 97.5870245039462 1905466.05005631 -517416.538633632
-0.3067 0.0100048374046226 0.0122003811197084 -4.9494240372576 97.5799871473078 1905808.31886208 -517417.765089952
-0.30675 -0.0207817411712808 0.00320886068792799 -4.96967219719 97.5729497906695 1905465.39236752 -517416.051390344
-0.3068 0.0282003431664016 0.00732388194247518 -4.93895081098177 97.5659124340311 1905932.49563549 -517413.565652361
-0.30685 -0.010767862593682 -0.0254676225257831 -4.95590481591954 97.5588750773928 1905329.10450023 -517433.810266451
-0.3069 -0.00680577791890397 0.0445061451254057 -4.92770903576246 97.5518377207544 1905815.54230737 -517449.613138989
-0.30695 -0.000479781851357896 -0.0337158120342683 -4.95701717863739 97.5448003641161 1905309.3030802 -517422.841271376
-0.307 0.0160638423028947 0.00792966677967361 -4.9337594379756 97.5377630074778 1905752.60043871 -517451.992609125
-0.30705 -0.0123714964870343 -6.64770654873702e-05 -4.94025180932113 97.5307256508394 1905505.09310527 -517445.099170405
-0.3071 0.0090850386355293 0.00401572559501881 -4.9299118004651 97.5236882942011 1905676.00727618 -517440.670387236
-0.30715 -0.00252442009353396 -0.00652949212965487 -4.9460579078925 97.5166509375627 1905454.80980971 -517442.029981814
-0.3072 0.0143967263189942 -0.00221297620762546 -4.93633052367681 97.5096135809244 1905709.31012682 -517440.506093303
-0.30725 -0.0280628449181116 0.0306280779038988 -4.94003687685804 97.502576224286 1905585.68364747 -517440.723338031
-0.3073 0.0281526168692666 -0.0199104920856925 -4.93202707612714 97.4955388676477 1905685.25168786 -517446.01657345
-0.30735 -0.00320984074777668 -0.00358270712879394 -4.93556620126599 97.4885015110093 1905508.07992503 -517465.741823185
-0.3074 -0.00636691327089771 0.0231234602540484 -4.93144913081666 97.481464154371 1905698.81899471 -517464.017781322
-0.30745 -0.00915433682666394 -0.0126574237633118 -4.94438193919773 97.4744267977326 1905336.89144372 -517450.102191182
-0.3075 0.0177158902783976 0.00591893678884303 -4.92467931258989 97.4673894410943 1905831.3609176 -517442.58331226
-0.30755 -0.00950912824071761 -0.0134727118046581 -4.9326937630403 97.4603520844559 1905518.32512863 -517442.109056447
-0.3076 0.00540360163135697 0.0162494224441861 -4.91140270977401 97.4533147278176 1905846.64325883 -517458.236936391
-0.30765 -0.000303128925161111 -0.0232829333755163 -4.92981627830465 97.4462773711793 1905475.17157877 -517460.853943354
-0.3077 -0.00154085181857543 0.0276096117658352 -4.9119689689252 97.4392400145409 1905851.9337286 -517466.450475734
-0.30775 -0.00515730810810924 -0.0331955083214834 -4.93433966120788 97.4322026579026 1905377.16041516 -517445.385396326
-0.3078 0.0138232499560941 0.0175443233723051 -4.90694964134561 97.4251653012642 1905959.82183778 -517447.171127477
-0.30785 -0.0162220232835305 -0.0129351865829093 -4.93359384476624 97.4181279446259 1905524.51180878 -517443.563308799
-0.3079 0.0211178681954226 0.0122748345879219 -4.9095892124494 97.4110905879875 1905929.07388922 -517455.168078942
-0.30795 -0.0146296419915164 -0.014183367669541 -4.92194760684464 97.4040532313492 1905514.934778 -517467.671528578
-0.308 0.0107085763598078 0.0229922638708967 -4.894254505063 97.3970158747108 1906031.63615087 -517465.956554587
-0.30805 -0.0184393901167075 -0.0205526991240436 -4.92339954374566 97.3899785180725 1905394.16658508 -517468.831453875
-0.3081 0.0198176641334332 0.0103677900605476 -4.91212369877645 97.3829411614341 1905862.85310739 -517468.586761465
-0.30815 -0.0330808912845089 -0.0149718284425378 -4.93590557665592 97.3759038047958 1905183.78881913 -517482.576953372
-0.3082 0.030051467547826 0.0296488838689987 -4.90303774584243 97.3688664481574 1906071.22343925 -517482.966935
-0.30825 -0.0180982605856021 -0.0450173274127354 -4.95639874798606 97.3618290915191 1905074.48187947 -517476.910705437
-0.3083 0.0234035606208009 0.0463530434248025 -4.90428701341472 97.3547917348807 1906214.20761025 -517458.070917337
-0.30835 -0.038299320623759 -0.0410511908976822 -4.96169408195409 97.3477543782424 1904950.73967721 -517456.43228824
-0.3084 0.0412921700913258 0.0301845690377616 -4.91991536972474 97.3407170216041 1906101.29973807 -517458.77992293
-0.30845 -0.0356321516432645 -0.035398698614542 -4.96633193238323 97.3336796649657 1904943.67302164 -517479.783802015
-0.3085 0.0296380840444798 0.0423826248146083 -4.915853622361 97.3266423083274 1906093.01174867 -517463.650475309
-0.30855 -0.0279156735372475 -0.0498057668664825 -4.97293500768876 97.319604951689 1904905.02858639 -517476.560776565
-0.3086 0.0328905465635498 0.0317741951111748 -4.92534100895705 97.3125675950507 1906046.5801752 -517470.886118234
-0.30865 -0.0345809772144562 -0.0208841295578348 -4.96786822337495 97.3055302384123 1904983.769122 -517492.727555421
-0.3087 0.0263938446786097 0.0146154384474395 -4.93528581462154 97.298492881774 1905713.20344326 -517483.087063911
-0.30875 -0.01896808782653 -0.0146777864937992 -4.96510278686609 97.2914555251356 1905161.13208535 -517481.536850049
-0.3088 0.0148441379498576 0.00515418220557952 -4.95269949276251 97.2844181684973 1905559.2039556 -517479.523895937
-0.30885 -0.017102836421037 -0.00611465553799083 -4.97403595134077 97.2773808118589 1905219.41463785 -517467.751393667
-0.3089 0.0193725663516115 0.00167826418656032 -4.95035960174731 97.2703434552206 1905641.38286482 -517470.36756436
-0.30895 -0.0161967310738454 0.00114513210790106 -4.97089468469053 97.2633060985823 1905257.75897826 -517481.46568224
-0.309 0.00635736887555391 0.00286223710184024 -4.96435137945297 97.2562687419439 1905431.4194879 -517477.727637148
-0.30905 -0.00216214452530567 -0.0127544169033391 -4.97368168552979 97.2492313853056 1905186.38604354 -517482.501426573
-0.3091 0.00579588954568662 0.0086251845773469 -4.97467681158648 97.2421940286672 1905442.22825609 -517461.83545467
-0.30915 -0.0133439796659663 -0.00097646993913934 -4.9855253404575 97.2351566720289 1905200.11060858 -517471.814696977
-0.3092 0.0100493272285736 0.00882194383950819 -4.97671455516541 97.2281193153905 1905509.87460416 -517456.742423023
-0.30925 0.00406539341075172 -0.0119219374212549 -4.98656945005441 97.2210819587522 1905290.81164698 -517474.876884336
-0.3093 0.0114695509013298 0.0155423823303968 -4.97571544278838 97.2140446021138 1905533.47935774 -517482.943698222
-0.30935 -0.0148117316854839 -0.0085857157954444 -4.99316366567886 97.2070072454755 1905127.85595007 -517472.591230609
-0.3094 0.00996999491675848 0.00306102974986372 -4.9749192061189 97.1999698888371 1905537.47502285 -517470.50098544
-0.30945 -0.0058426714060886 -0.0116678549181508 -4.99183494168011 97.1929325321988 1905209.57761968 -517479.95229818
-0.3095 -0.00641215692526859 0.0226384263181871 -4.9610018786144 97.1858951755604 1905563.84871929 -517465.041708248
-0.30955 -0.00622885063682098 -0.0142500395683099 -4.98746877693292 97.1788578189221 1905265.10210572 -517461.355303773
-0.3096 0.0130570450958082 0.000909995680776144 -4.97763379765858 97.1718204622838 1905446.58838012 -517482.888023646
-0.30965 -0.0158055028163156 0.00482143083698579 -5.00004766771058 97.1647831056454 1905103.88217887 -517490.972669969
-0.3097 0.0201125992043164 -0.00670571015452619 -4.98625464012035 97.1577457490071 1905427.76979944 -517480.135081027
-0.30975 -0.0156438165855113 -0.00410742459038524 -5.00391154275524 97.1507083923687 1905143.51577865 -517473.309113451
-0.3098 0.019848957693118 0.0108273828125297 -4.99505849666793 97.1436710357304 1905505.60233391 -517461.121719169
-0.30985 -0.018540919087645 -0.0174276979484565 -5.0142724155096 97.136633679092 1905024.15074825 -517465.252354176
-0.3099 0.0165089170504795 0.0101865028704389 -4.98918824788257 97.1295963224537 1905483.98969177 -517471.460152997
-0.30995 -0.0182511398426444 -0.0178629415846098 -5.01106956795144 97.1225589658153 1905028.67805738 -517468.344011872
-0.31 -0.000147642536157783 0.0327218898733709 -4.99831365565958 97.115521609177 1905508.28601096 -517474.350288778
-0.31005 -0.0117862590375046 -0.0269897625707696 -5.02408219422896 97.1084842525386 1904873.77157187 -517475.34155946
-0.3101 0.0302938502293088 0.0101320294614232 -4.99595133916738 97.1014468959003 1905532.84326692 -517471.650933513
-0.31015 -0.0376431274898398 -0.0153531456169519 -5.02892167714613 97.0944095392619 1904764.41880655 -517481.328172519
-0.3102 0.0143180249077135 0.0385215322990417 -4.99266216779113 97.0873721826236 1905602.53145124 -517474.886135208
-0.31025 -0.0115014833663386 -0.0384138821994468 -5.0378700078716 97.0803348259853 1904702.14657327 -517474.239538656
-0.3103 0.0165919383593177 0.0267781893981919 -5.01819171114782 97.0732974693469 1905493.95962429 -517447.713334197
-0.31035 -0.0328703623137478 -0.00861840804848301 -5.04908976952887 97.0662601127086 1904850.56244427 -517455.608739112
-0.3104 0.024559139552214 0.00424400415075484 -5.03291671919484 97.0592227560702 1905263.12317153 -517462.822024911
-0.31045 -0.0150823628858327 -0.0211071428712329 -5.05801392169387 97.0521853994319 1904752.32688869 -517454.608538005
-0.3105 0.00364058156238289 0.0283809513487936 -5.03475781970703 97.0451480427935 1905349.88068431 -517462.914406256
-0.31055 -0.0130664792675328 -0.0166706591723671 -5.06042433123748 97.0381106861552 1904768.26873884 -517478.766803102
-0.3106 0.027196222987597 0.00827867259729823 -5.0355266321987 97.0310733295168 1905263.22090785 -517476.701475481
-0.31065 -0.0294270312447923 -0.00793682224154646 -5.06499505508642 97.0240359728785 1904688.48754068 -517476.232001798
-0.3107 0.0287352006510077 0.00215580347553706 -5.04901881773495 97.0169986162401 1905245.10716583 -517466.110703842
-0.31075 -0.0216075896760479 -0.0157193313760326 -5.0864826877287 97.0099612596018 1904636.95660461 -517453.715098173
-0.3108 0.00942948450740535 0.0243691418617474 -5.05287451295454 97.0029239029634 1905326.86781655 -517448.548282028
-0.31085 -0.00977287476 -0.0227913820587546 -5.08726620812078 96.9958865463251 1904659.15122126 -517453.708120209
-0.3109 0.0129888700063507 0.0192763785596585 -5.06439628703611 96.9888491896868 1905143.39527534 -517460.4222599
-0.31095 -0.00891425154766539 -0.0214014502487147 -5.09166168864167 96.9818118330484 1904654.89513122 -517447.82675418
-0.311 0.0103433068057471 0.0152110680454417 -5.07678498910906 96.9747744764101 1905064.61032461 -517452.104179865
-0.31105 -0.0133591736384286 -0.00959057501982516 -5.09430928712513 96.9677371197717 1904683.58097584 -517464.909663029
-0.3111 0.0101785278553887 0.0195033535182782 -5.07644415429745 96.9606997631334 1905127.61512245 -517448.380736814
-0.31115 -0.0116711191000691 -0.0266041308069058 -5.09872110788237 96.953662406495 1904638.9056566 -517441.517150049
-0.3112 0.0154128196954035 0.0243856213726612 -5.08898221082935 96.9466250498567 1905196.97007032 -517437.406979785
-0.31125 -0.0232118283222556 -0.0228010362076644 -5.12797492207063 96.9395876932183 1904437.31753269 -517428.970614451
-0.3113 0.0125697863657146 0.0249500228264273 -5.0935350206224 96.93255033658 1905145.67811457 -517434.767816399
-0.31135 -0.0153705280343934 -0.0270990941583777 -5.12128446884725 96.9255129799416 1904428.21674188 -517444.069133696
-0.3114 0.0184580258169926 0.0289592315194496 -5.08779772563076 96.9184756233033 1905207.56872623 -517436.706394492
-0.31145 -0.0258236481982753 -0.0305513869189039 -5.13070310325488 96.9114382666649 1904285.26746032 -517454.964491267
-0.3115 0.0359422896331323 0.0155798214978161 -5.08931159651786 96.9044009100266 1905190.12965631 -517451.255085741
-0.31155 -0.0369998576239029 -0.0188175733587221 -5.13696185163789 96.8973635533883 1904257.19246464 -517469.442627715
-0.3116 0.0182386809920788 0.02805588715191 -5.10968277420547 96.8903261967499 1905042.06633123 -517458.207291055
-0.31165 -0.00459743904595897 -0.033787427291129 -5.14422972401525 96.8832888401116 1904314.06269702 -517464.968473512
-0.3117 0.014707628370267 0.0292153926505863 -5.11875173267302 96.8762514834732 1905010.01533622 -517436.915928112
-0.31175 -0.0214607089841006 -0.0121608078735095 -5.14668011121024 96.8692141268349 1904321.44731823 -517457.030968358
-0.3118 0.028748392534091 0.00293979143968809 -5.13202351674391 96.8621767701965 1904853.26312439 -517445.786708739
-0.31185 -0.023895550061361 -0.00633073236504724 -5.15648973100821 96.8551394135582 1904320.02589334 -517448.899129773
-0.3119 0.00868776518798448 0.0162756889020421 -5.14495528852208 96.8481020569198 1904727.80705681 -517436.212589176
-0.31195 -0.00530963525824182 -0.0214698169937314 -5.16617120320576 96.8410647002815 1904282.06688629 -517444.792350723
-0.312 -0.00109474408053937 0.0199091600170684 -5.14971443776939 96.8340273436431 1904671.6927977 -517443.079639679
-0.31205 -0.0102924134449557 -0.0103234566381294 -5.17118370545569 96.8269899870048 1904302.26560685 -517446.292923207
-0.3121 0.0166207465147299 -0.0053601882150253 -5.1572388270217 96.8199526303664 1904517.39905979 -517463.97876529
-0.31215 0.00146020393485691 -0.000145514937415437 -5.16541660279657 96.8129152737281 1904396.61578796 -517455.507892559
-0.3122 -0.0138922628091235 0.0141243874795228 -5.15846998489611 96.8058779170898 1904593.00608464 -517419.038219381
-0.31225 0.0136781429261125 -0.0228542506678409 -5.18295732242212 96.7988405604514 1904386.09046127 -517423.642652717
-0.3123 0.00251969011852256 0.011853462284434 -5.16927275263558 96.7918032038131 1904565.81462771 -517425.774820028
-0.31235 -0.0153774826181648 -0.000634828820254309 -5.18767619144327 96.7847658471747 1904269.75567445 -517434.517883498
-0.3124 0.00752273658942836 0.0115228445681442 -5.16736046950527 96.7777284905364 1904541.75077091 -517448.895466474
-0.31245 0.00128272230502843 -0.0145036495443033 -5.17623889515334 96.770691133898 1904273.90632599 -517440.361785764
-0.3125 -0.0125778437065729 0.0108942462381469 -5.18079142537105 96.7636537772597 1904425.17292283 -517428.351716137
-0.31255 0.000240400439615584 -0.000193491416878568 -5.1854789944075 96.7566164206213 1904386.8474758 -517418.515692046
-0.3126 0.00554306205245741 -0.00989390452362208 -5.19157412033122 96.749579063983 1904317.77241504 -517410.359980968
-0.31265 -0.00248641512563221 0.0152442837323114 -5.18925545571713 96.7425417073446 1904415.22661197 -517433.275330497
-0.3127 0.000336760443521588 -0.00959020321766724 -5.19990365269511 96.7355043507063 1904191.13936375 -517426.905831142
-0.31275 -1.94787685722352e-05 -4.30385942429737e-05 -5.19943581353593 96.728466994068 1904304.33207469 -517423.392229088
-0.3128 0.00120634390139635 -0.00678994800917097 -5.2215011439718 96.7214296374296 1904113.20797016 -517423.007685391
-0.31285 -0.00560478293708003 0.0149044914267123 -5.21371166761189 96.7143922807913 1904269.71999639 -517415.670222974
-0.3129 0.00530759770331863 -0.00806380555578245 -5.21259864087579 96.7073549241529 1904237.23030117 -517415.985116351
-0.31295 0.00958437398507742 -0.0067551501657015 -5.22416094590845 96.7003175675146 1904153.39153482 -517429.565258636
-0.313 -0.0152193470739651 0.0143883446062442 -5.21914836348366 96.6932802108762 1904220.48091171 -517417.36230805
-0.31305 0.00445238052418508 -0.0188358461573778 -5.22001584473994 96.6862428542379 1904133.27428476 -517410.900895911
-0.3131 0.0101727324791012 0.0102094080134496 -5.22309767279557 96.6792054975995 1904397.02309075 -517397.723551034
-0.31315 -0.0121554856630305 -0.00727340110017416 -5.24231746548645 96.6721681409612 1903982.80212061 -517415.097607745
-0.3132 0.00207940050439138 0.0104510214736852 -5.22818795143572 96.6651307843228 1904264.75711704 -517416.652814741
-0.31325 -0.000183650275305214 -0.0147827809345758 -5.24317183028715 96.6580934276845 1903952.12828625 -517417.972754774
-0.3133 0.00751010890994394 0.0101013887057747 -5.23060302768745 96.6510560710461 1904246.68288241 -517422.445487289
-0.31335 -0.0157142596518708 -0.00597120701929711 -5.24520737041717 96.6440187144078 1903937.00339045 -517435.13004574
-0.3134 0.019341332403364 0.0100006966014752 -5.21782356708627 96.6369813577695 1904387.13200483 -517419.182990996
-0.31345 -0.0411168095551205 -0.0105463224713847 -5.25698591662603 96.6299440011311 1903660.03733784 -517434.463061438
-0.3135 0.0474927546998933 0.00893201385346678 -5.23357442524758 96.6229066444928 1904489.60231411 -517405.109538855
-0.31355 -0.0407076833184389 -0.0170594658115673 -5.27694466754608 96.6158692878544 1903585.92022464 -517400.829837314
-0.3136 0.0231884620007221 0.0306546895951662 -5.23823177442577 96.6088319312161 1904472.04982183 -517407.572540167
-0.31365 -0.0221055124775494 -0.0347180600904719 -5.27983498958758 96.6017945745777 1903621.53263704 -517405.239123835
-0.3137 0.0238683225313061 0.0227992231786346 -5.24835671911812 96.5947572179394 1904323.22335213 -517413.879202029
-0.31375 -0.0271393607529688 -0.0133018449907823 -5.27320443498261 96.587719861301 1903698.26651056 -517408.753022623
-0.3138 0.0193733627737037 0.0189540249468312 -5.2666626573209 96.5806825046627 1904216.81158313 -517408.998789675
-0.31385 -0.00758715440453009 -0.0232885914509286 -5.29676864340444 96.5736451480243 1903656.05164035 -517394.373724122
-0.3139 0.00543184851443426 0.0308566404785061 -5.26658477376451 96.566607791386 1904211.91199621 -517388.619566235
-0.31395 -0.0121656596967297 -0.0228107748423784 -5.29017236347376 96.5595704347476 1903578.92169471 -517412.088123956
-0.314 0.0184198625989647 0.0182332440964523 -5.2771310600315 96.5525330781093 1904088.58815864 -517405.064780404
-0.31405 -0.0214261862222426 -0.0153476421532896 -5.30274549637144 96.545495721471 1903621.12989122 -517388.036644927
-0.3141 0.0180057746621111 0.0171031465526962 -5.27412636363139 96.5384583648326 1904136.01648704 -517398.548403013
-0.31415 -0.0250001957616271 -0.0140535203728884 -5.30850712924935 96.5314210081943 1903536.24725592 -517391.821639054
-0.3142 0.0126325088371467 0.0261401289823908 -5.29140670471223 96.5243836515559 1904062.1733196 -517403.008656518
-0.31425 -0.00189317294579042 -0.0338004730493662 -5.32498673867563 96.5173462949176 1903432.30374331 -517399.138637851
-0.3143 0.00843056590827334 0.0219004326808569 -5.29949617107032 96.5103089382792 1904001.86392093 -517406.340746334
-0.31435 -0.0143191068373405 -0.00340080234264184 -5.32414024639199 96.5032715816409 1903603.39378957 -517395.779254584
-0.3144 0.0127231941845605 0.0130223814028283 -5.31965754431565 96.4962342250025 1903886.17116468 -517388.882591718
-0.31445 -0.0116728660197983 -0.0232230100273036 -5.3374359454957 96.4891968683642 1903483.56366711 -517367.099563863
-0.3145 0.00792951454728294 0.0186862381294022 -5.31235591903959 96.4821595117258 1903918.18984154 -517383.755799563
-0.31455 -0.0145105874238381 -0.0137314567831477 -5.32986675340639 96.4751221550875 1903502.97984598 -517395.300893585
-0.3146 0.0156826503721957 -0.00594728685639866 -5.31795267584605 96.4680847984491 1903793.85450601 -517395.752165507
-0.31465 -0.0071758377830116 -0.00656281997503843 -5.32881303168799 96.4610474418108 1903669.86329051 -517374.099231715
-0.3147 -0.00565049124137668 0.0110034095223507 -5.32596026687602 96.4540100851725 1903765.07635742 -517382.22129632
-0.31475 -0.00526270308239973 -0.00342404106216893 -5.33383241032623 96.4469727285341 1903670.822471 -517378.162699728
-0.3148 0.0187618274933545 -0.00736104767406255 -5.32537967184786 96.4399353718958 1903786.06097969 -517387.02229032
-0.31485 -0.0241139061343368 0.0103733991419056 -5.33580995649461 96.4328980152574 1903513.24814961 -517397.835595183
-0.3149 0.000980828516289588 0.00405290459341299 -5.32766699338251 96.4258606586191 1903766.34435923 -517377.641537471
-0.31495 0.0127211184836331 -0.0231581109052819 -5.34037119655833 96.4188233019807 1903608.12300404 -517380.779382007
-0.315 -0.00243256338711077 0.015706314872228 -5.33677228080389 96.4117859453424 1903802.85241384 -517359.066787981
-0.31505 -0.0191211845423765 0.00243432951258562 -5.34114295948415 96.404748588704 1903599.95204914 -517356.791535135
-0.3151 0.0209196470737184 -0.00130855435943827 -5.33236289404943 96.3977112320657 1903816.59258507 -517376.316659775
-0.31515 -0.00207715155797492 -0.00735542832070642 -5.34194260949903 96.3906738754273 1903578.42383754 -517383.18576763
-0.3152 -0.0072335743948813 0.0108004398710392 -5.34594344210507 96.383636518789 1903594.78934851 -517375.102685835
-0.31525 0.00124654632317052 0.00706961175524465 -5.34666373736704 96.3765991621506 1903597.27138474 -517379.493378845
-0.3153 0.0193061755935915 -0.0158615637084751 -5.34303558855319 96.3695618055123 1903675.86156484 -517369.073670548
-0.31535 -0.00962584287217039 0.00904653787155253 -5.34599876703377 96.3625244488739 1903728.45435547 -517348.208692694
-0.3154 -0.00684756895385095 0.00570369082105118 -5.33965513618381 96.3554870922356 1903746.28945065 -517350.7098517
-0.31545 0.00527694016196803 -0.00581205231644014 -5.34989096432477 96.3484497355973 1903653.26955256 -517364.792774238
-0.3155 0.000338545011601711 0.00106517196430679 -5.35211719668362 96.3414123789589 1903603.98944499 -517366.49011696
-0.31555 -0.0070342350489036 -0.000572350013438123 -5.35141138913221 96.3343750223206 1903599.84779154 -517352.951462487
-0.3156 0.00125196473376248 -0.00155901545919924 -5.34731332547833 96.3273376656822 1903662.69634901 -517353.317241602
-0.31565 -0.00459452398640652 -0.000604059873548645 -5.36277499618286 96.3203003090439 1903631.37829538 -517340.187328483
-0.3157 0.00117841135969394 0.00801459681516673 -5.35632395236901 96.3132629524055 1903736.08161951 -517342.019085374
-0.31575 0.00217213706257558 -0.023600849441955 -5.36662365980461 96.3062255957672 1903394.02004814 -517350.479679085
-0.3158 0.0104177591101752 0.0153821005968639 -5.35177261796118 96.2991882391288 1903744.33222777 -517354.530408498
-0.31585 -0.0213789525526465 -0.0123579218655551 -5.36691046099626 96.2921508824905 1903405.01972632 -517339.918329694
-0.3159 0.0159664377391067 0.0138239301079039 -5.36069930689724 96.2851135258521 1903836.65901778 -517339.397394601
-0.31595 -0.015766360210422 -0.0201080307871106 -5.3834681488984 96.2780761692138 1903420.7028994 -517316.010482434
-0.316 0.00402933148223943 0.0312355845732593 -5.35293685095102 96.2710388125755 1903965.73124126 -517328.273866774
-0.31605 -0.00342287840035206 -0.0281406568275052 -5.38420782629375 96.2640014559371 1903315.5617286 -517343.791695812
-0.3161 0.0122402259568164 0.0184200524916369 -5.35737916353769 96.2569640992988 1903817.58061874 -517343.111420041
-0.31615 -0.0111976791872294 -0.00633115679506208 -5.37145213334331 96.2499267426604 1903433.81268241 -517343.351602101
-0.3162 0.0098381275660843 -0.00105626305685969 -5.35842175130964 96.2428893860221 1903752.83795221 -517328.393496765
-0.31625 -0.00311013694673166 -0.00523328663288553 -5.3641275850604 96.2358520293837 1903547.19584348 -517341.982509821
-0.3163 -0.00378757145522123 0.00304679501665258 -5.35548422210638 96.2288146727454 1903641.15476461 -517347.500110622
-0.31635 0.0023493498782265 0.014819393433031 -5.34733050549384 96.221777316107 1903783.21203662 -517353.622685011
-0.3164 0.00735410996277633 -0.0240148808869959 -5.35389616836747 96.2147399594687 1903580.32339537 -517347.930932115
-0.31645 -0.00351363777410518 0.0103012879830976 -5.35156331882304 96.2077026028303 1903740.00886112 -517349.556667325
-0.3165 -0.0167626418543763 0.0142053931510106 -5.3488470099227 96.200665246192 1903764.62580439 -517324.572016081
-0.31655 0.0110430978870373 -0.0057381097250894 -5.35253578264108 96.1936278895536 1903729.53822857 -517347.578750911
-0.3166 0.00460207915362526 0.00301325773759494 -5.34983755463051 96.1865905329153 1903747.47396104 -517350.004664461
-0.31665 -0.0118615127656546 0.00267836826815339 -5.37140138696007 96.179553176277 1903550.52161916 -517357.239498051
-0.3167 0.0151133494193509 -0.00464775077508249 -5.35914494631568 96.1725158196386 1903750.54027409 -517330.791359567
-0.31675 0.0043994955874599 -0.00370567490463477 -5.37328722026553 96.1654784630003 1903624.32951373 -517336.42263541
-0.3168 -0.0125613600417404 0.0144902372435201 -5.3632795671003 96.1584411063619 1903703.1197868 -517322.716409306
-0.31685 -0.000174604307878192 0.0011613287316147 -5.3645115696389 96.1514037497236 1903715.3914335 -517328.571785694
-0.3169 0.013665395651135 -0.0165503341475085 -5.36336474178558 96.1443663930852 1903668.99849846 -517331.031936054
-0.31695 -0.00418605461883259 0.0139941117576363 -5.36577520448898 96.1373290364469 1903672.73852725 -517338.905848705
-0.317 -0.00580275691906002 -0.00163855330479622 -5.38203781291299 96.1302916798085 1903571.32945306 -517323.710666049
-0.31705 0.0185143616080553 -0.0125995226013932 -5.37560930253489 96.1232543231702 1903693.27302762 -517313.73996719
-0.3171 -0.0159138853831186 0.0136309543972709 -5.37499438673062 96.1162169665318 1903662.50564328 -517320.561897928
-0.31715 -0.00309403537901505 0.0124933368868704 -5.36912461063597 96.1091796098935 1903729.19704615 -517315.315176839
-0.3172 0.0100612804063909 -0.0214858602675445 -5.37720501895351 96.1021422532551 1903493.27656322 -517324.655821409
-0.31725 0.0201092117598649 0.00257947567843583 -5.37568922652458 96.0951048966168 1903758.17120084 -517322.981836964
-0.3173 -0.0475055825167402 0.016311964083421 -5.39346996164797 96.0880675399785 1903354.07679548 -517317.875281464
-0.31735 0.0222262536738073 0.00974872555755733 -5.37398399754756 96.0810301833401 1903882.43084067 -517292.998364889
-0.3174 0.018029222769171 -0.0465427908111077 -5.39679913841898 96.0739928267018 1903457.8532284 -517291.861509385
-0.31745 -0.0227931412984143 0.0549273711530035 -5.38278347471118 96.0669554700634 1903897.14589966 -517298.890394126
-0.3175 -0.0158775126347054 -0.0115659139403882 -5.40095022593817 96.0599181134251 1903357.94793387 -517311.642342355
-0.31755 0.0460009614900482 -0.0231370955644108 -5.3814645404025 96.0528807567867 1903747.80738027 -517322.33144245
-0.3176 -0.0389226501832316 0.00611682245533445 -5.39603363374243 96.0458434001484 1903306.1156855 -517331.53766042
-0.31765 0.00771909218892188 0.0280495244224344 -5.37955734433334 96.03880604351 1903756.27170621 -517318.619073875
-0.3177 -0.000930583964052997 -0.0331677788763187 -5.40986806856641 96.0317686868717 1903237.21203306 -517308.913495074
-0.31775 0.0122253458679082 0.00656050689971637 -5.38849556179686 96.0247313302333 1903676.34642268 -517301.422215067
-0.3178 -0.0239062060487542 0.00638762584953237 -5.39758231158215 96.017693973595 1903418.3729562 -517305.751117217
-0.31785 0.0254579915337344 0.00307733989076158 -5.37148765648595 96.0106566169566 1903845.66817804 -517295.521674008
-0.3179 0.00420230787923271 -0.0345827814669814 -5.40110718079144 96.0036192603183 1903246.96620299 -517317.160379971
-0.31795 -0.0105601723926351 0.035739842702545 -5.39438369544972 95.99658190368 1903645.6519279 -517305.202506152
-0.318 -0.0142679269836343 -0.0133616008728043 -5.41090307441785 95.9895445470416 1903262.76783232 -517297.385775449
-0.31805 0.0225350070845856 0.00925695016953916 -5.38185862401803 95.9825071904033 1903797.67233703 -517305.157188319
-0.3181 -0.0198328438365132 -0.0155222735074734 -5.41404006292796 95.9754698337649 1903183.73163028 -517303.757808212
-0.31815 0.00250855804780247 0.0336727665543012 -5.39086778870745 95.9684324771266 1903724.68708685 -517302.050489367
-0.3182 0.0060626414822263 -0.0413461728164674 -5.40941216175428 95.9613951204882 1903209.29501079 -517311.904808529
-0.31825 0.0115832374596681 0.00953905690156887 -5.39729299932116 95.9543577638499 1903716.18018392 -517297.178764631
-0.3183 -0.0276573980803953 0.00415514149213717 -5.42361258619591 95.9473204072115 1903274.5659399 -517288.164888603
-0.31835 0.0306085895926155 0.00448906390518088 -5.39795874156973 95.9402830505732 1903719.74109701 -517302.493490343
-0.3184 -0.0156378860613895 -0.0264991481384439 -5.43477546072741 95.9332456939348 1903045.97035284 -517299.716953135
-0.31845 -0.00339700474089574 0.0330599951774212 -5.39997840109529 95.9262083372965 1903659.89219583 -517314.055895261
-0.3185 -0.00907048616627266 -0.0184391685121525 -5.41818312579397 95.9191709806581 1903216.86436044 -517306.056442955
-0.31855 0.0400681314752677 0.00156248424044968 -5.41005091014144 95.9121336240198 1903704.23752827 -517294.27061004
-0.3186 -0.033167079727876 -0.00498212852858006 -5.42923818696696 95.9050962673815 1903150.83034724 -517298.190734723
-0.31865 0.0318259737627559 0.0137497308031906 -5.40294008192073 95.8980589107431 1903770.95989896 -517297.823700049
-0.3187 -0.0262767682680006 -0.0227484769676155 -5.44211884730756 95.8910215541048 1903022.87966364 -517289.666375385
-0.31875 0.0142668230453442 0.0226727262316079 -5.40991149262917 95.8839841974664 1903744.8699649 -517290.260958121
-0.3188 -0.0157446418343827 -0.0198456039271163 -5.44578369194504 95.8769468408281 1903067.5548169 -517305.910231062
-0.31885 0.0199101493339612 0.0113463269100492 -5.42880469931662 95.8699094841897 1903568.64567719 -517300.98549554
-0.3189 -0.0206040838017768 -0.0106276929583302 -5.45690752246473 95.8628721275514 1903021.15727976 -517292.492044596
-0.31895 0.0165518391482755 0.0104348347562466 -5.43296258519779 95.855834770913 1903614.11439872 -517277.69296285
-0.319 -0.0170109577509969 -0.0252818399614401 -5.46306311516882 95.8487974142747 1903045.2481135 -517267.322354914
-0.31905 0.00522262683325711 0.0329997594932431 -5.43098271765912 95.8417600576363 1903698.94763122 -517279.572901744
-0.3191 -0.0146433911063917 -0.0373974488902894 -5.4644079954873 95.834722700998 1902982.61030792 -517268.952572045
-0.31915 0.0245814082377691 0.0335600033819756 -5.42459134806121 95.8276853443596 1903832.64451462 -517293.769582417
-0.3192 -0.0321839998771022 -0.0196288577630855 -5.46916939092385 95.8206479877213 1902985.87675952 -517278.556564348
-0.31925 0.0348456887357354 0.015436260736018 -5.43704956149474 95.813610631083 1903721.09037341 -517283.555614978
-0.3193 -0.0461831446611152 -0.0128299312805216 -5.4840939331552 95.8065732744446 1902790.4085812 -517289.50272636
-0.31935 0.0395754693113649 0.0296041432920283 -5.43636615087182 95.7995359178063 1903812.03099296 -517285.63300629
-0.3194 -0.0265367375593598 -0.0339598964567723 -5.49771676395611 95.7924985611679 1902763.12443724 -517265.767307359
-0.31945 0.0281212705693694 0.0322943836393292 -5.45087343159921 95.7854612045296 1903779.94544522 -517266.824422102
-0.3195 -0.0351294752113028 -0.0145047462655222 -5.49367703662491 95.7784238478912 1902839.36054943 -517271.608399523
-0.31955 0.0370652599485415 0.016154455688865 -5.46005991212223 95.7713864912529 1903589.80790184 -517268.036993541
-0.3196 -0.025559336412271 -0.0269663896095435 -5.50108513794298 95.7643491346145 1902755.56876189 -517267.702875886
-0.31965 0.0147468752901713 0.0336855211508847 -5.46597196562993 95.7573117779762 1903594.25147002 -517263.925871057
-0.3197 -0.0258636202238622 -0.0295293825185535 -5.50657447234272 95.7502744213378 1902742.12620486 -517266.390654076
-0.31975 0.0361025303919927 0.0215357822919359 -5.47477445487695 95.7432370646995 1903623.49842247 -517258.472052321
-0.3198 -0.0486739596084667 -0.0184513209375551 -5.53199094586348 95.7361997080611 1902548.21590557 -517266.118788226
-0.31985 0.0373600865966185 0.0318657114663445 -5.46752363642724 95.7291623514228 1903684.53805909 -517260.755177012
-0.3199 -0.018088135230596 -0.0494385671212211 -5.54523538394757 95.7221249947845 1902455.27517015 -517249.423726246
-0.31995 0.0276461216501588 0.040154801303735 -5.49782884484036 95.7150876381461 1903642.95710974 -517223.957212083
-0.32 -0.0489652987669131 -0.0222008695059195 -5.55970359430368 95.7080502815078 1902450.47892483 -517237.23993478
-0.32005 0.0521149134169882 0.0120278530506088 -5.50489576327737 95.7010129248694 1903619.62236672 -517228.150206191
-0.3201 -0.0455880916322728 -0.0165935121475254 -5.55204491441521 95.6939755682311 1902544.26496417 -517237.737931999
-0.32015 0.023445282995216 0.0376652057275343 -5.51286838562556 95.6869382115927 1903500.097566 -517250.029079945
-0.3202 -0.031973170603133 -0.015626274579432 -5.56114104675448 95.6799008549544 1902606.49816378 -517232.179415223
-0.32025 0.031141215031259 0.00624648837434851 -5.53376362819569 95.672863498316 1903219.98677824 -517238.298561
-0.3203 -0.026908165572782 -0.0174974366651779 -5.55922440512486 95.6658261416777 1902545.37174239 -517238.388214396
-0.32035 0.00597382548324113 0.0280669005331921 -5.52717414153057 95.6587887850393 1903220.58205295 -517249.27598532
-0.3204 -0.0109327262827203 -0.0266813818377794 -5.57241486467621 95.651751428401 1902592.7238916 -517220.154251468
-0.32045 0.0202098480485761 0.0240248458120964 -5.54805876849944 95.6447140717626 1903201.02476474 -517222.149509382
-0.3205 -0.0269414483625878 -0.023142098670099 -5.57930628705119 95.6376767151243 1902538.10441652 -517209.505259421
-0.32055 0.0226626422028718 0.0239568654190362 -5.54079339043178 95.630639358486 1903249.28511186 -517230.954932729
-0.3206 -0.0140174970887447 -0.0203961650023699 -5.56908913754874 95.6236020018476 1902573.56713392 -517239.721285868
-0.32065 0.00478257475673991 0.0256509346124673 -5.551742109882 95.6165646452093 1903117.11826707 -517219.125019132
-0.3207 -0.0114455731457814 -0.0182840725869217 -5.5731718649028 95.6095272885709 1902663.48564872 -517230.551296689
-0.32075 0.0190248340566504 0.00543307157919213 -5.56228001724943 95.6024899319326 1903069.05235125 -517200.468082551
-0.3208 -0.0301896427811079 0.00485832060522682 -5.57480821369895 95.5954525752942 1902721.06608153 -517195.94611694
-0.32085 0.0325866391151408 -0.00318720103037425 -5.54689583735171 95.5884152186559 1903216.92614733 -517214.527158112
-0.3209 -0.0285287333715986 0.00221764082096026 -5.57008189001386 95.5813778620175 1902717.01511506 -517208.944193374
-0.32095 0.0202045011926343 0.00875234479405185 -5.5536261740423 95.5743405053792 1903081.60679482 -517203.499133858
-0.321 -0.0034988740824617 -0.0176669610835031 -5.57854002120711 95.5673031487408 1902629.01695804 -517216.714837271
-0.32105 0.00864950477279963 0.0174451013241338 -5.55395846341666 95.5602657921025 1903107.21021968 -517205.877501764
-0.3211 -0.0148677703229372 -0.0150438597325121 -5.57315686549846 95.5532284354641 1902688.35397481 -517204.022024195
-0.32115 0.010529099273332 0.014751842632193 -5.55511388328549 95.5461910788258 1903132.58918121 -517201.494451127
-0.3212 0.00124013333470532 -0.0201093734838189 -5.57466615316188 95.5391537221875 1902734.12609674 -517196.383877816
-0.32125 -0.0180917415614053 0.0261064822142859 -5.5604698539767 95.5321163655491 1902935.73597805 -517212.956748338
-0.3213 0.00645921384714196 -0.0125434990910577 -5.56571163966869 95.5250790089108 1902914.87544599 -517203.607739263
-0.32135 0.0116115496803345 -0.0134487666267969 -5.57200448863831 95.5180416522724 1902861.63801478 -517206.939750525
-0.3214 -0.0103510035590739 0.0107713533421744 -5.56319267814083 95.5110042956341 1902914.56723577 -517197.780274795
-0.32145 -0.0206329752425659 0.00910563267780355 -5.56582378699729 95.5039669389957 1902883.94357625 -517205.008172078
-0.3215 0.0216049605409336 -0.00270668241525831 -5.56230452241439 95.4969295823574 1903074.06155051 -517205.045905772
-0.32155 0.00125945759784691 -0.0234629920523342 -5.58041370880119 95.489892225719 1902733.73289374 -517205.934767053
-0.3216 -0.00811097651473831 0.0337358009642732 -5.55753606197295 95.4828548690807 1903084.32357665 -517208.099539377
-0.32165 0.00468297213182269 -0.0252163742314462 -5.57125721166361 95.4758175124423 1902886.273611 -517193.901174271
-0.3217 0.00788638065410828 0.00711189671613543 -5.56566038499176 95.468780155804 1903091.53421636 -517192.67393736
-0.32175 -0.00329815924738155 -0.00372584189120746 -5.58075522755402 95.4617427991656 1902915.16981494 -517181.919029641
-0.3218 7.49272805610449e-05 0.00211637534668923 -5.58682590708971 95.4547054425273 1902910.90314014 -517191.605181301
-0.32185 -0.0106465059655305 0.0162532918744289 -5.58453310392382 95.4476680858889 1902931.48140619 -517192.88350021
-0.3219 0.0172689957190728 -0.0190569290534316 -5.5935374624844 95.4406307292506 1902859.15379873 -517194.524273123
-0.32195 -0.00694780800519052 0.0136361774363761 -5.58607291634848 95.4335933726123 1902952.73076075 -517206.711884125
-0.322 -0.0051912514579633 0.0119663564558122 -5.58610110613238 95.4265560159739 1902909.12351249 -517205.573794184
-0.32205 0.00705604865336772 -0.0103419820484897 -5.59200857814267 95.4195186593356 1902869.43231032 -517182.639015428
-0.3221 0.0141414590610844 -0.00863400368305994 -5.59033644874914 95.4124813026972 1902954.7516266 -517178.199048021
-0.32215 -0.0235100549561593 0.00975276722093058 -5.60113554247119 95.4054439460589 1902798.41771975 -517167.548285846
-0.3222 0.0248844537906281 -0.00144906708196365 -5.57882592955425 95.3984065894205 1903135.50932313 -517172.537843735
-0.32225 -0.00877912136003332 -0.0156844203191302 -5.6117888230084 95.3913692327822 1902641.66037856 -517184.727558997
-0.3223 -0.00335270938160233 0.012686364577941 -5.6065085432536 95.3843318761438 1902848.42665877 -517193.156269655
-0.32235 -0.00476776957534551 -0.00306617651455785 -5.61846032792784 95.3772945195055 1902700.11061384 -517184.655216186
-0.3224 0.0141515275854988 -0.000512575085969484 -5.60046634032756 95.3702571628671 1902912.78660484 -517179.051199131
-0.32245 -0.00761166379905909 0.00613470756623124 -5.61640556790119 95.3632198062288 1902756.95314764 -517163.848361574
-0.3225 -0.00225898306886044 0.010873068944419 -5.60642272828152 95.3561824495904 1902903.42998569 -517165.774290343
-0.32255 0.0179708109756546 -0.0182384174876153 -5.59770491478048 95.3491450929521 1902872.82978374 -517163.739616731
-0.3226 -0.00351789589134239 0.010975783472628 -5.59340849170002 95.3421077363137 1902952.73519309 -517176.606186229
-0.32265 -0.000107947081316635 0.00364291948440501 -5.59308011620046 95.3350703796754 1902922.22635288 -517172.20441327
-0.3227 -0.00064447869986247 -0.00348156950210271 -5.60170585697317 95.3280330230371 1902831.57493112 -517174.541811896
-0.32275 0.00452863493809829 0.00243508956081856 -5.59137910388013 95.3209956663987 1902853.53106593 -517190.216321371
-0.3228 0.00207071107245083 -0.010231625954365 -5.60671498352002 95.3139583097604 1902604.20070835 -517198.645055958
-0.32285 -0.00554625119615169 0.00701459286974449 -5.60961171825559 95.306920953122 1902718.86466296 -517186.229787347
-0.3229 -0.00571973492922629 -0.00647384314448912 -5.61057023903473 95.2998835964837 1902672.7212051 -517167.295484729
-0.32295 0.00608750472066335 -0.00219885517704456 -5.62278707328986 95.2928462398453 1902736.52509104 -517157.926839682
-0.323 -0.0116180037012509 0.00702933480375817 -5.60513260630461 95.285808883207 1902753.7587323 -517165.560150024
-0.32305 -0.00354766067894656 0.00293294193796349 -5.60649578700697 95.2787715265686 1902760.27323558 -517171.692125316
-0.3231 0.00632173569063892 -0.00329672314885123 -5.60248294076215 95.2717341699303 1902772.90841758 -517177.564194054
-0.32315 0.0010140238693927 -0.00573182894501825 -5.60436507006667 95.2646968132919 1902727.49479988 -517183.334247701
-0.3232 -0.0105552973544668 0.019869967797988 -5.59655653646324 95.2576594566536 1902796.96104072 -517196.825193064
-0.32325 0.0154562426046924 -0.0182025135117653 -5.5975214865799 95.2506221000152 1902824.28698149 -517168.574462431
-0.3233 -0.00832350855391842 0.00666885939599677 -5.59571146322218 95.2435847433769 1902913.5882246 -517164.027928146
-0.32335 -0.017380397587724 0.0168982527407809 -5.58862247412423 95.2365473867386 1902933.28199293 -517176.829135665
-0.3234 0.016119757296707 -0.0161559023703445 -5.5812240375923 95.2295100301002 1902949.52874802 -517175.352750534
-0.32345 0.0084816529453091 -0.0056357621321286 -5.57371508762957 95.2224726734619 1903010.08919537 -517183.543201293
-0.3235 -0.0190680523046575 0.0134102103742726 -5.58135497028592 95.2154353168235 1902892.9279677 -517182.723492002
-0.32355 0.00137682834949777 0.00547266370576462 -5.56953746304172 95.2083979601852 1903039.52850113 -517177.318424798
-0.3236 0.0136437447465043 -0.0230427104913228 -5.5849636843186 95.2013606035468 1902884.6727587 -517163.748991248
-0.32365 0.00286116425145206 0.0170912263500971 -5.5899614557594 95.1943232469085 1903041.19313204 -517159.724221787
-0.3237 -0.0158578767822256 -0.00250100269846315 -5.6031922002669 95.1872858902701 1902753.49442215 -517176.254234876
-0.32375 0.0196094792494828 -0.00944306999494712 -5.58969002333668 95.1802485336318 1902903.88632719 -517176.837884231
-0.3238 -0.00798096786013699 0.00413710688233255 -5.59617704954675 95.1732111769934 1902830.08849601 -517182.559519774
-0.32385 -0.00540612618202141 0.011171000282465 -5.58747508212908 95.1661738203551 1902878.1606265 -517187.860845298
-0.3239 0.0143567637190729 -0.00836261300613222 -5.59088376691568 95.1591364637167 1902832.86124655 -517193.840858106
-0.32395 -0.00703518592865769 0.000462472176653864 -5.59917110358726 95.1520991070784 1902762.89523248 -517180.490649738
-0.324 -0.00820545065109523 0.00911227663393293 -5.59955085600073 95.14506175044 1902739.16206108 -517193.313990854
-0.32405 -0.00487065533626847 0.00397256690615702 -5.5984231540403 95.1380243938017 1902713.64666926 -517189.896658786
-0.3241 0.0174256062637448 -0.00608495686488343 -5.59927376954425 95.1309870371634 1902896.4128836 -517166.757835949
-0.32415 -0.00604913839720517 0.00673356660300631 -5.60849323715853 95.123949680525 1902760.38005313 -517173.235352072
-0.3242 0.00765456351024478 0.00299154539952828 -5.62111424852931 95.1169123238867 1902730.13324997 -517175.17427572
-0.32425 -0.00384624268674947 -0.00693976014608838 -5.62672641093738 95.1098749672483 1902584.02770922 -517182.763432786
-0.3243 0.0125627817367666 0.00541104859662114 -5.61405345630094 95.10283761061 1902791.5962756 -517183.838830063
-0.32435 -0.00193246456081333 -0.0120812383112715 -5.62346377057913 95.0958002539716 1902604.91805915 -517184.58464441
-0.3244 -0.000101275703560154 0.0175335737710261 -5.61616474092966 95.0887628973333 1902792.22072102 -517183.024335661
-0.32445 0.00199887141558499 -0.0216438034036948 -5.6283869265025 95.0817255406949 1902444.18205269 -517200.169015893
-0.3245 0.00938732540545926 0.0134123124010612 -5.61272617507298 95.0746881840566 1902900.32377848 -517170.712316004
-0.32455 -0.0210538204463833 -0.00295896962460917 -5.62759368438593 95.0676508274182 1902579.50988855 -517165.669710844
-0.3246 0.0158428652333158 -0.00665373569773501 -5.61648051262456 95.0606134707799 1902814.57325949 -517172.464763184
-0.32465 0.00219425316343699 0.000513526677102926 -5.61931967720374 95.0535761141415 1902769.33440956 -517173.578560104
-0.3247 -0.00300257163578213 0.000887016293906723 -5.61525526405625 95.0465387575032 1902725.87748319 -517189.663391557
-0.32475 -0.00439639028921201 0.0100261558156921 -5.61727237834185 95.0395014008649 1902775.12509758 -517185.856996237
-0.3248 0.00690852799712875 -0.00823482693244743 -5.61551130935781 95.0324640442265 1902685.32285234 -517190.481361975
-0.32485 0.00639860773869602 -0.00253231823319476 -5.60209935480599 95.0254266875882 1902875.76562554 -517162.511724594
-0.3249 -0.0146712013380806 0.00455602222707033 -5.59903038077708 95.0183893309498 1902827.16299919 -517176.404560282
-0.32495 0.00479765104558516 -0.00435910063257677 -5.59569334268076 95.0113519743115 1902868.45379979 -517189.504883944
-0.325 0.0109188199643076 -0.0108043841778422 -5.59964108768055 95.0043146176731 1902816.26975853 -517190.821020952
-0.32505 -0.0147332260927687 0.0209015929508258 -5.59801128049351 94.9972772610348 1902899.15555594 -517189.761520561
-0.3251 0.00105952532888888 -0.00402094386116431 -5.59638265971467 94.9902399043964 1902866.4414252 -517181.492351378
-0.32515 0.0111468313416124 -0.0128732773704509 -5.59684042290146 94.9832025477581 1902900.27031535 -517172.491267084
-0.3252 -0.00799052737664043 0.0122164636622551 -5.59868153101482 94.9761651911197 1902931.91962665 -517160.590615799
-0.32525 0.00193802986685139 -0.00372800224860214 -5.59076291009661 94.9691278344814 1902903.41399408 -517176.253249294
-0.3253 0.000580767517895382 -0.00553824828892468 -5.59776056579395 94.9620904778431 1902847.85265871 -517179.665028552
-0.32535 0.00540016662801537 0.00773375266235032 -5.58185551624569 94.9550531212047 1903014.58827179 -517181.278998484
-0.3254 -0.00831629844876657 0.00336425879980411 -5.58456250456071 94.9480157645664 1902904.27939358 -517178.781537251
-0.32545 0.00453147995679886 -0.00451133929650713 -5.58778225304686 94.940978407928 1902930.56324879 -517184.091216502
-0.3255 -0.00915754035485461 0.0113477658922974 -5.58402514328325 94.9339410512897 1902956.32334132 -517175.613077087
-0.32555 0.0014348105695347 -0.0134446143657699 -5.58979080374558 94.9269036946513 1902858.88878487 -517190.01659229
-0.3256 0.00841989654134386 0.0050989474330744 -5.58015145761957 94.919866338013 1903098.25917661 -517196.275321909
-0.32565 -0.0101378055914455 -0.000547448812986665 -5.59448741103279 94.9128289813746 1902884.24550133 -517184.824975005
-0.3257 0.000790115002477064 0.00567803069919634 -5.58948379840049 94.9057916247363 1903067.87497554 -517181.379745247
-0.32575 0.00947654296522267 -0.0109357401050674 -5.59479266403397 94.8987542680979 1902993.84633613 -517160.142487239
-0.3258 -0.000900444161072979 0.0149963651869636 -5.58214072652404 94.8917169114596 1903153.28060275 -517173.436343532
-0.32585 0.0011583084293903 -0.0139164617163143 -5.58800773377945 94.8846795548212 1902887.18524413 -517187.315661987
-0.3259 0.0170643520463888 -0.00135971381810627 -5.58195542981897 94.8776421981829 1903136.77683821 -517169.269108259
-0.32595 -0.030411764329858 0.013508587682176 -5.59661931544589 94.8706048415446 1902782.19624986 -517168.633660708
-0.326 0.0207463689260663 -0.000850824371304476 -5.57631659781258 94.8635674849062 1903163.59744251 -517175.084172248
-0.32605 -0.00852611715410925 -0.0177500765609002 -5.59601534279501 94.8565301282679 1902776.36759929 -517178.30878062
-0.3261 0.00885590552586964 0.0269126257267709 -5.5717562430813 94.8494927716295 1903245.86252002 -517181.393910199
-0.32615 -0.0228424100456209 -0.0165235920314089 -5.59973891812 94.8424554149912 1902642.92492561 -517196.139023228
-0.3262 0.034094249118923 0.0138924606977394 -5.56446142088743 94.8354180583528 1903392.6687443 -517173.162444048
-0.32625 -0.0309103837512248 -0.0184349078176927 -5.59797018852282 94.8283807017145 1902667.07581626 -517168.658580157
-0.3263 0.0131489624216835 0.0311700774632146 -5.55464358280944 94.8213433450761 1903460.23711105 -517156.758107065
-0.32635 -0.0123668387306453 -0.0240246001602379 -5.58086084934806 94.8143059884378 1902833.53356866 -517170.372949709
-0.3264 0.0247960349246325 -0.000208443255999489 -5.53919544939199 94.8072686317994 1903347.20940895 -517184.027292808
-0.32645 -0.0265693916618362 0.0224113247456511 -5.54318117604366 94.8002312751611 1903132.68946932 -517199.709851009
-0.3265 0.0124576852304444 -0.00662713913024534 -5.53040289208086 94.7931939185227 1903292.98404903 -517199.800449257
-0.32655 0.0152818000506779 -0.021567635362212 -5.53258021747909 94.7861565618844 1903187.01316209 -517208.056427635
-0.3266 -0.00960915548609012 0.0242040676490392 -5.51621917214024 94.7791192052461 1903386.39735097 -517218.973941838
-0.32665 -0.00906482804370525 0.00697118225426169 -5.50941944489312 94.7720818486077 1903281.07194349 -517241.108773326
-0.3267 0.0179230167663539 -0.00945895177958968 -5.49161864053607 94.7650444919694 1903472.01931096 -517219.722741883
-0.32675 -0.00254891465241697 0.000413090484526155 -5.49766244485717 94.758007135331 1903442.21718894 -517205.345970514
-0.3268 0.00129311214357367 0.0124378093563091 -5.49055026501256 94.7509697786927 1903633.70364402 -517188.798334157
-0.32685 -0.00630335960237273 -0.00908725782997246 -5.49521412704983 94.7439324220543 1903357.55429492 -517211.464799838
-0.3269 0.00862866152241967 0.00838247455569955 -5.46915164704667 94.736895065416 1903712.76986212 -517199.565445451
-0.32695 -0.00930736353446101 -0.00333764889053988 -5.47325625712486 94.7298577087776 1903488.07081285 -517215.85428395
-0.327 0.000677654212629204 0.0130756303410404 -5.4724548780216 94.7228203521393 1903643.9005982 -517209.033766067
-0.32705 0.00205384743616229 -0.0184222853460984 -5.48016436052588 94.7157829955009 1903346.29770873 -517219.599129502
-0.3271 0.00359481967245937 0.00298943003424044 -5.47144332657177 94.7087456388626 1903573.43295569 -517223.87380554
-0.32715 -0.0083806734584344 0.00702684317484748 -5.46800664895433 94.7017082822242 1903520.17027995 -517217.831527891
-0.3272 0.000883572908329474 -0.0140945430443082 -5.47161745991816 94.6946709255859 1903464.70186453 -517227.128757135
-0.32725 0.00607988775735087 0.00601794794353537 -5.46962947110678 94.6876335689476 1903705.23252316 -517207.416381203
-0.3273 -0.024195844424025 0.0171565390374131 -5.47181449975218 94.6805962123092 1903566.68221442 -517210.609200655
-0.32735 0.0118487435353008 -0.000683515376288209 -5.47162797674482 94.6735588556709 1903688.48924412 -517210.186561311
-0.3274 0.00161625135781039 -0.0332080615340654 -5.48353351077823 94.6665214990325 1903364.38846381 -517204.480652301
-0.32745 0.00601486371349097 0.0358156642191955 -5.45667372439119 94.6594841423942 1903924.85349102 -517220.636163053
-0.3275 -0.0282101228354821 -0.0267690640132486 -5.49900685503158 94.6524467857558 1903106.59528116 -517198.213976939
-0.32755 0.0384150422705225 0.0250827059502433 -5.45915715528576 94.6454094291175 1904017.99593812 -517223.807277043
-0.3276 -0.0322958151136034 -0.0281200658907604 -5.50191957804549 94.6383720724791 1903001.70601756 -517223.724381518
-0.32765 0.0242878572003865 0.0301118204368914 -5.45611530725328 94.6313347158408 1903930.20799647 -517233.385317387
-0.3277 -0.0273839630554217 -0.0295451320024931 -5.50901898442622 94.6242973592024 1902994.78356745 -517236.324343227
-0.32775 0.0336360193921182 0.0183700739321636 -5.46675777541809 94.6172600025641 1903830.34293234 -517245.323435641
-0.3278 -0.0420775945307328 -0.00945252889066745 -5.50517975482835 94.6102226459257 1903070.516319 -517229.599659692
-0.32785 0.0320819452304348 0.0159652297873993 -5.46142600363869 94.6031852892874 1903979.67222689 -517224.076221748
-0.3279 -0.0205575253318287 -0.0287758545967013 -5.50351317765612 94.5961479326491 1903088.80823218 -517227.532181008
-0.32795 0.0152323863017217 0.0408856716237117 -5.45955064140704 94.5891105760107 1903975.40281096 -517225.783017387
-0.328 -0.0301608292585693 -0.0196585761482786 -5.50694709342922 94.5820732193724 1903069.02880083 -517209.96633642
-0.32805 0.0362879932143272 -0.000185863083437799 -5.47421911590614 94.575035862734 1903784.04618456 -517223.909145535
-0.3281 -0.0197163991427312 -0.00531533508583767 -5.50518568908505 94.5679985060957 1903251.51858376 -517220.734573543
-0.32815 0.00837720488652014 0.0159608962063419 -5.49863601630152 94.5609611494573 1903560.12858277 -517227.849562937
-0.3282 -0.000149100341926301 -0.0171472883594094 -5.51777469256823 94.553923792819 1903250.6685422 -517211.093032802
-0.32825 0.0104840002622546 0.0133312338300161 -5.49719718750431 94.5468864361806 1903519.97648705 -517231.224584604
-0.3283 -0.00907686899711999 -0.00921677079403753 -5.51678750651135 94.5398490795423 1903184.68297608 -517228.681110854
-0.32835 0.011457606089913 0.0120555758356095 -5.50133657435046 94.5328117229039 1903509.46846272 -517238.189865127
-0.3284 -0.0174065845869649 -0.00726012467823562 -5.52429922611291 94.5257743662656 1903035.19385966 -517242.783007816
-0.32845 0.00542946892446907 0.0171203822219505 -5.51351213483429 94.5187370096272 1903390.83617674 -517236.543708386
-0.3285 -0.00400449456835718 -0.0112396666492964 -5.52976745501962 94.5116996529889 1903198.73525949 -517210.524960079
-0.32855 0.0173354590961364 -0.000414906696974824 -5.52068489340496 94.5046622963506 1903463.95728532 -517220.593444764
-0.3286 -0.014404457118506 0.00346281218753973 -5.53234795000702 94.4976249397122 1903169.871421 -517211.112632141
-0.32865 0.012338426207344 -0.00455931541470578 -5.54075940422113 94.4905875830739 1903223.12014102 -517213.636561277
-0.3287 0.000864056819699134 -0.00756346316012933 -5.5488175610187 94.4835502264355 1903016.4322268 -517222.666366885
-0.32875 -0.0199519011931928 0.0261598121541081 -5.56073556413778 94.4765128697972 1903073.53325329 -517213.005990127
-0.3288 0.0140207004954242 -0.0292201902843311 -5.56722705827155 94.4694755131588 1902991.19841033 -517209.361751548
-0.32885 -0.00492173663560941 0.0218474829868966 -5.56374675159189 94.4624381565205 1903167.00618084 -517209.425593994
-0.3289 -0.011773165828609 -0.0112056184862143 -5.57778085818687 94.4554007998821 1902882.6256998 -517210.520422026
-0.32895 0.0188188087432033 0.0123893282260755 -5.57141461383692 94.4483634432438 1903174.16151358 -517208.85084345
-0.329 -0.0109772334766057 -0.0143594335253218 -5.59850472697076 94.4413260866054 1902760.10012938 -517199.313491926
-0.32905 0.0163714491797172 0.0130035121823006 -5.57616918207239 94.4342887299671 1903093.84638348 -517210.00200993
-0.3291 -0.0170787047789889 -0.000801120458657395 -5.60468060161914 94.4272513733287 1902800.54834978 -517176.41807612
-0.32915 0.0148049756084874 -0.0122142608069137 -5.58901417865709 94.4202140166904 1903028.25530104 -517180.39918484
-0.3292 0.0077270239550236 0.00538525079026843 -5.59693152701471 94.4131766600521 1903025.37519482 -517195.078182831
-0.32925 -0.0209397296706966 0.00123467084405138 -5.6110194649557 94.4061393034137 1902695.51920377 -517203.713427324
-0.3293 0.0205526161707404 0.00147102958626122 -5.60223780014846 94.3991019467754 1903002.41466767 -517195.27395201
-0.32935 -0.0188049199258677 -0.0151768722124387 -5.61312765112362 94.392064590137 1902593.30301603 -517194.928853491
-0.3294 0.00842291474041661 0.0198436155427339 -5.5940706037257 94.3850272334987 1903084.24842741 -517195.401138562
-0.32945 -0.0200849740724319 -0.0169606613646051 -5.6181944436761 94.3779898768603 1902614.49733097 -517184.79796668
-0.3295 0.0331507864477847 -0.00241846238298187 -5.60264420477573 94.370952520222 1903083.24052732 -517186.676156903
-0.32955 -0.0302733265480468 -0.0100543264452044 -5.62613354146732 94.3639151635836 1902574.50251858 -517171.150170953
-0.3296 0.0150381050130313 0.0208703628256182 -5.59923769206878 94.3568778069453 1903078.02832629 -517187.299539261
-0.32965 -0.00726083449817038 -0.0360302109729748 -5.61390921445043 94.3498404503069 1902539.1802977 -517194.784324548
-0.3297 0.0020936824947487 0.0295422608692519 -5.60487595668822 94.3428030936686 1903082.64272216 -517184.305413107
-0.32975 -0.0126829103160695 -0.0163193007450107 -5.62827493977932 94.3357657370303 1902573.49111023 -517176.158968832
-0.3298 0.033012449836198 0.00896892104431565 -5.61031514844414 94.3287283803919 1903117.50642127 -517171.503030431
-0.32985 -0.0208189416416575 -0.0050507227830843 -5.63339122900287 94.3216910237536 1902589.77157681 -517188.921731005
-0.3299 -0.00228567429334497 0.0309880906349843 -5.61690145217173 94.3146536671152 1902986.19144553 -517183.038635347
-0.32995 0.00570845310493575 -0.0312972741596901 -5.62932491511444 94.3076163104769 1902587.26299675 -517199.884096115
-0.33 0.0190793264485094 -0.00134468816067738 -5.61821903748347 94.3005789538385 1902866.91373912 -517194.649900595
-0.33005 -0.0283773488955402 0.0178897288546349 -5.6375215825605 94.2935415972002 1902602.73323799 -517193.060740357
-0.3301 0.0187363711496164 -0.0121801638211201 -5.62903333861742 94.2865042405618 1902751.77140011 -517179.380102055
-0.33015 0.00224653993793483 -0.00192148257065356 -5.62462809101435 94.2794668839235 1902768.67285931 -517186.163389291
-0.3302 -0.00118288450464774 0.0035573795485511 -5.6306465524845 94.2724295272851 1902694.63179525 -517181.332333154
-0.33025 -0.00411352491317781 0.0093571363254299 -5.6298568182825 94.2653921706468 1902775.07272358 -517179.191231502
-0.3303 0.0194658778317957 -0.0236095995856546 -5.6291041554384 94.2583548140084 1902784.13050586 -517182.906267052
-0.33035 0.00467458994040595 0.0154883807211373 -5.62413459724413 94.2513174573701 1902885.0165649 -517195.231733302
-0.3304 -0.0180277284750238 0.00904518843810545 -5.62534317187336 94.2442801007318 1902672.39894092 -517191.483201095
-0.33045 0.015413729507269 -0.0085383875026568 -5.64718888958226 94.2372427440934 1902640.64000251 -517171.759332312
-0.3305 -0.0044990564031815 -0.00438206159401991 -5.64200253242788 94.2302053874551 1902629.35699211 -517182.780550512
-0.33055 -0.00791003239876996 0.00423184890162793 -5.64056848765942 94.2231680308167 1902699.02749617 -517179.049220358
-0.3306 -0.000872910061572986 0.00467146428286021 -5.65394323697625 94.2161306741784 1902614.83358919 -517192.056298634
-0.33065 0.00017563738718381 -0.00611180808745219 -5.64983860823641 94.20909331754 1902639.05006643 -517173.780686648
-0.3307 -0.000250010798092829 -0.00458396457678472 -5.6553647820327 94.2020559609017 1902584.15500752 -517169.778603227
-0.33075 0.00279539953934704 0.000910964313231779 -5.65035144841586 94.1950186042633 1902728.19560774 -517149.174454802
-0.3308 -0.000387690823782746 -0.00381250375834519 -5.65601883658886 94.187981247625 1902548.1751406 -517173.675292945
-0.33085 -0.00153758577817702 -0.00369747110321149 -5.65826740670515 94.1809438909866 1902577.31165527 -517164.634144755
-0.3309 0.000979960219271736 -0.00580326720751194 -5.65603532568525 94.1739065343483 1902557.21680285 -517171.204335128
-0.33095 0.00635771612336254 0.00924675604299981 -5.65971712143301 94.1668691777099 1902697.40704882 -517158.782723308
-0.331 -0.00211588796751628 -0.00860057636506662 -5.66955189365562 94.1598318210716 1902544.4550827 -517161.64819782
-0.33105 0.0088663825275509 0.00171819289981954 -5.64783474045458 94.1527944644332 1902812.96180664 -517149.728308849
-0.3311 -0.0213127643124482 0.00880494351331071 -5.66878823821812 94.1457571077949 1902487.54956322 -517163.864107658
-0.33115 0.0158993704790423 -0.00580339366602737 -5.65795511980714 94.1387197511566 1902677.50511883 -517162.240146485
-0.3312 -0.00142850249116651 -0.00633620243003483 -5.66317065157611 94.1316823945182 1902589.75552988 -517151.617837097
-0.33125 -0.00412064156408289 0.0164596020381169 -5.66222897498769 94.1246450378799 1902725.24696891 -517144.395230988
-0.3313 -0.00364862675554411 -0.0210937157786514 -5.66875747541922 94.1176076812415 1902505.07002303 -517136.193211911
-0.33135 0.0204907265309636 -0.000889164165068425 -5.64967579508651 94.1105703246032 1902857.88370294 -517151.537624573
-0.3314 -0.0341031184423224 0.0181884912568475 -5.67076530761983 94.1035329679648 1902515.86525555 -517149.998586963
-0.33145 0.0253729704583475 -0.00324129043653573 -5.65238663563 94.0964956113265 1902822.4519214 -517151.002176586
-0.3315 0.00230391122457805 -0.0240163755890378 -5.66349543702011 94.0894582546881 1902471.00266141 -517150.837125646
-0.33155 -0.02249353982396 0.0292067945946089 -5.64800191954396 94.0824208980498 1902783.31291365 -517135.459500612
-0.3316 -0.00602556928669353 -0.00738510082328562 -5.65032782040595 94.0753835414114 1902579.76163429 -517161.184619032
-0.33165 0.0265604591892622 -0.0169082720919045 -5.64868538002119 94.0683461847731 1902711.70292521 -517154.270340335
-0.3317 -0.0309157774224217 0.0192052082765042 -5.65105226073379 94.0613088281347 1902668.13440407 -517140.993704595
-0.33175 -0.000196089763302337 0.00920604275539258 -5.64277287655854 94.0542714714964 1902846.45993564 -517142.117863025
-0.3318 0.0194950258191614 -0.0253570045110863 -5.63552953718769 94.0472341148581 1902768.77631219 -517139.997390923
-0.33185 -0.00567398366374035 0.00947519085056047 -5.64643125819888 94.0401967582197 1902749.55576544 -517145.639079817
-0.3319 -0.018568513486444 0.0186972571215665 -5.63202741255081 94.0331594015814 1902719.53100857 -517157.578568191
-0.33195 0.0178042778508756 -0.0228106787884824 -5.63888659875644 94.026122044943 1902731.04297236 -517134.689413782
-0.332 0.00157155515299434 0.00428314515892545 -5.63101444633491 94.0190846883047 1902848.9781855 -517151.058371874
-0.33205 -0.0253850202251495 0.0143565217265105 -5.63755904715095 94.0120473316663 1902699.23893963 -517129.742453709
-0.3321 0.0239889881124521 -0.00788351988430697 -5.6229136116125 94.005009975028 1902885.08694087 -517149.616228613
-0.33215 0.000224283704333501 -0.00280319668096628 -5.63994668959165 93.9979726183896 1902710.49507282 -517148.055835485
-0.3322 -0.00330061696877194 0.00342458387871775 -5.62802202040688 93.9909352617513 1902808.89691084 -517146.182492397
-0.33225 -0.0036367995518658 0.0080045297252223 -5.62460043863367 93.9838979051129 1902913.44220555 -517116.467398026
-0.3323 0.0181055701261596 -0.0117951879152931 -5.62194921029206 93.9768605484746 1902839.81797604 -517143.311108535
-0.33235 -0.00205760761985817 0.00775784416421866 -5.62818066698895 93.9698231918362 1902876.13650879 -517135.4639282
-0.3324 -0.0148492815066892 0.0124672113873613 -5.6171331871264 93.9627858351979 1902839.77035761 -517140.238062048
-0.33245 0.0158944011969561 -0.021700710194981 -5.61441522682386 93.9557484785596 1902831.63620914 -517144.69116749
-0.3325 0.00250873298450921 0.00895626838392277 -5.6023369478004 93.9487111219212 1902960.5580579 -517157.227838283
-0.33255 -0.0112472273282042 0.00276448384207774 -5.61034596004057 93.9416737652829 1902749.674909 -517164.815951092
-0.3326 0.000657769294179827 -0.00324930594555123 -5.59329692045772 93.9346364086445 1902889.74609033 -517150.330798257
-0.33265 0.00495168631388363 -0.00372345584334865 -5.59540833064269 93.9275990520062 1902904.94242336 -517157.590253402
-0.3327 -0.0112260921126109 0.00979303440676007 -5.59470783648472 93.9205616953678 1902935.61966828 -517150.038654293
-0.33275 0.00350597245333903 0.00498962386112584 -5.59403746018144 93.9135243387295 1903041.87483279 -517131.004179497
-0.3328 0.00893184766965842 -0.0138590965400625 -5.60757794007396 93.9064869820911 1902891.19333231 -517143.479649132
-0.33285 -0.0158655026507376 0.014431782334377 -5.60921864700495 93.8994496254528 1902868.7922055 -517133.974733121
-0.3329 -0.00194828142274663 0.00233466786788281 -5.60646209932611 93.8924122688144 1902933.16197794 -517149.401782715
-0.33295 0.0187303268318909 -0.00315131592655592 -5.6026964915086 93.8853749121761 1902945.40944072 -517162.644962576
-0.333 -0.0118282557409377 -0.0123065167032414 -5.60592077879807 93.8783375555378 1902802.77800911 -517144.470454231
-0.33305 -0.00253306680605078 0.0227728104058918 -5.59046264945869 93.8713001988994 1903136.41579577 -517154.679293616
-0.3331 0.00365120842348606 -0.0116047040968119 -5.60233942868914 93.8642628422611 1902924.37552873 -517144.656496444
-0.33315 0.00519998386971831 -0.00268880029447924 -5.59944584126714 93.8572254856227 1903000.18521373 -517154.105907621
-0.3332 -0.00288369805401922 0.0112684173806525 -5.59137507654983 93.8501881289844 1903044.24190638 -517149.158982489
-0.33325 0.00202779421736534 -0.00547207899380315 -5.59074428254409 93.843150772346 1903009.16447411 -517150.309191538
-0.3333 0.00266630530391177 -0.00365064985434599 -5.59545316496936 93.8361134157077 1903041.26977025 -517137.924953993
-0.33335 -0.00341165359999322 0.0161055567701639 -5.57680205556033 93.8290760590693 1903232.75529984 -517138.34477559
-0.3334 -0.00201995321053625 -0.0140563945649801 -5.5944602952139 93.822038702431 1902966.24267839 -517133.542553995
-0.33345 0.0131205735817915 0.0119749001923431 -5.56976399435959 93.8150013457926 1903318.69268107 -517134.823404866
-0.3335 -0.0204929820707651 -0.0120220366943907 -5.5898466026941 93.8079639891543 1902848.22089449 -517137.773268688
-0.33355 0.022735304184923 0.00389213823545405 -5.57392769244812 93.8009266325159 1903237.82273333 -517160.732766076
-0.3336 -0.0201243171310863 -0.0114333773431765 -5.59909728296809 93.7938892758776 1902760.32679363 -517145.791740534
-0.33365 0.00939524746548221 0.00893598404666877 -5.57218570665314 93.7868519192393 1903271.82680319 -517145.006340181
-0.3337 0.00165059232388005 -0.0128054179987896 -5.59045713095461 93.7798145626009 1902970.76465391 -517137.92800253
-0.33375 0.00661337607879051 0.0139361771317219 -5.57641099089369 93.7727772059626 1903238.19531677 -517137.768075251
-0.3338 -0.0183918295080761 -0.0116818736681554 -5.59782921778176 93.7657398493242 1902900.34674879 -517134.805071025
-0.33385 0.0209065429775237 0.016570860727307 -5.57072353012 93.7587024926859 1903372.91269313 -517149.29776744
-0.3339 -0.0200986370513357 -0.019907821103871 -5.60072899421751 93.7516651360475 1902759.69929444 -517142.035960855
-0.33395 0.0112940631185833 0.0173362005658378 -5.57799016933305 93.7446277794092 1903334.80258784 -517147.531985209
-0.334 -0.0147371070386713 -0.0152098140573034 -5.59136012966842 93.7375904227708 1902874.30864263 -517142.233743281
-0.33405 0.00781197003654508 0.0138447707516554 -5.57862941456286 93.7305530661325 1903301.42370057 -517128.968879386
-0.3341 -0.00125491114901985 -0.00983444099016095 -5.59480329238571 93.7235157094941 1902955.77550821 -517137.184476976
-0.33415 0.00664914025419454 0.0100678587163358 -5.59135056700572 93.7164783528558 1903139.37443447 -517145.003107395
-0.3342 -0.00429585148709882 -0.021154333448776 -5.60219890044419 93.7094409962174 1902886.00640978 -517142.35319859
-0.33425 0.0265665039869246 0.0163388663776185 -5.59105685973412 93.7024036395791 1903328.38961241 -517131.860986307
-0.3343 -0.0340877571438491 -0.0122465039089454 -5.62496532211477 93.6953662829408 1902626.65308523 -517127.767590987
-0.33435 0.0291764254911919 0.0277153254291602 -5.5787913636786 93.6883289263024 1903534.27147771 -517111.053381949
-0.3344 -0.0158987726986798 -0.0331877820542809 -5.62555637824435 93.6812915696641 1902569.7071268 -517158.929524266
-0.33445 0.0117651538238167 0.0303237357374836 -5.58425301151827 93.6742542130257 1903331.16288583 -517145.15135655
-0.3345 -0.0111921676140828 -0.0123194814311186 -5.61973914462297 93.6672168563874 1902792.9620909 -517156.718636621
-0.33455 0.0134020441551835 -0.00189205437359615 -5.61186129805814 93.660179499749 1903097.4804206 -517127.16387299
-0.3346 -0.0172316753178795 0.00912132534773465 -5.62528370527275 93.6531421431107 1902837.6456351 -517133.665818569
-0.33465 0.00566960602194732 0.00343033814805198 -5.6189810474228 93.6461047864723 1902988.27579254 -517142.974552313
-0.3347 0.00318767864062745 -0.0118786859928055 -5.62385701522046 93.639067429834 1902797.68365485 -517141.773937856
-0.33475 0.000985715223691463 0.0184530588296917 -5.61363639100935 93.6320300731956 1903087.60392821 -517138.496498926
-0.3348 -0.0141997403277159 -0.0130585264763448 -5.64488798800286 93.6249927165573 1902668.03125156 -517125.536467112
-0.33485 0.0127603644751464 0.0132681955600994 -5.61961721282416 93.6179553599189 1903197.99329928 -517117.775708287
-0.3349 -0.0177305612039976 -0.0333006155238045 -5.65070437111688 93.6109180032806 1902516.92036933 -517128.559618054
-0.33495 0.0164135295944262 0.0390487907369147 -5.60718074017773 93.6038806466423 1903413.61924679 -517132.057921314
-0.335 -0.0124327426840612 -0.0517943294242535 -5.65892603611689 93.5968432900039 1902406.5036377 -517122.557044766
-0.33505 0.0227986615570283 0.0470056706015578 -5.59822595778233 93.5898059333656 1903534.93666091 -517136.135883639
-0.3351 -0.0425768155176385 -0.0376118464398727 -5.66518213902637 93.5827685767272 1902287.59997149 -517132.985089306
-0.33515 0.0508120783098663 0.024280520354976 -5.59757609572727 93.5757312200889 1903571.24172867 -517138.567511908
-0.3352 -0.0465027043217529 -0.0211084251654507 -5.66159251833809 93.5686938634505 1902346.10294799 -517134.084830476
-0.33525 0.0387992384578253 0.0401860653916299 -5.61287216332568 93.5616565068122 1903488.17712766 -517124.167261299
-0.3353 -0.0298160164529585 -0.0642118444107492 -5.67492936886287 93.5546191501738 1902150.17923054 -517126.004369777
-0.33535 0.0375430096646311 0.0575743260884041 -5.6123026011786 93.5475817935355 1903667.02396333 -517118.556972456
-0.3354 -0.0617906977594864 -0.045564412230211 -5.67337098773973 93.5405444368971 1902068.42681505 -517131.156576944
-0.33545 0.0722153142274782 0.0352418334311988 -5.58591394303621 93.5335070802588 1903783.32164577 -517136.994129479
-0.3355 -0.0567154821711747 -0.0323523790460857 -5.66346313916059 93.5264697236204 1902140.36045473 -517152.166661113
-0.33555 0.0404601457048589 0.0407984440785301 -5.60190723123733 93.5194323669821 1903580.76751262 -517133.018641142
-0.3356 -0.0238499288102273 -0.0378351884669949 -5.66309659837133 93.5123950103438 1902382.67430351 -517141.339096835
-0.33565 0.0251164771187181 0.0292431093335384 -5.6190916276194 93.5053576537054 1903323.45555707 -517132.864613163
-0.3357 -0.0200053921001456 -0.0241713891742474 -5.65601458209726 93.4983202970671 1902491.27391484 -517165.12166269
-0.33575 0.0215685688033092 0.0136712408905871 -5.62671314010422 93.4912829404287 1903138.13689399 -517157.492084526
-0.3358 -0.0218501934522734 -0.00542204849562973 -5.64540276524226 93.4842455837904 1902690.67377465 -517142.436396037
-0.33585 0.0157751323174573 0.0144890612054621 -5.61926679748851 93.477208227152 1903214.85132206 -517138.701495526
-0.3359 -0.0066618633101342 -0.0100135017013504 -5.64539069468514 93.4701708705137 1902833.36104622 -517122.76870834
-0.33595 0.00439359406237819 0.00354211958565659 -5.64004763503592 93.4631335138753 1902967.3330016 -517127.93433999
-0.336 -0.00159684762188443 -0.00194823561415188 -5.6430045542194 93.456096157237 1902853.6077555 -517120.912447483
-0.33605 -0.00965727194053851 0.00678967667319045 -5.63986226296917 93.4490588005986 1902858.69185804 -517121.360419073
-0.3361 0.0040616334891898 -0.0131978947653651 -5.65625271223009 93.4420214439603 1902736.66713198 -517128.014166173
-0.33615 -0.00748026974033918 0.010548158585882 -5.64242271100593 93.4349840873219 1902923.81622773 -517122.493069573
-0.3362 -0.00904476306853909 -0.00639573600026855 -5.6436154139889 93.4279467306836 1902814.73203561 -517135.71401513
-0.33625 0.0115652070225585 0.00810515006065837 -5.62349150424031 93.4209093740453 1903048.48875692 -517136.447735485
-0.3363 -0.0137523778150511 -0.00640103783509363 -5.65401400791345 93.4138720174069 1902624.34711498 -517140.287216981
-0.33635 0.00882609598758464 0.0144167775143923 -5.63229814078221 93.4068346607686 1903113.41186516 -517129.037944686
-0.3364 -0.0161510038664484 -0.0161155895848425 -5.65893630685946 93.3997973041302 1902646.2358919 -517131.753940569
-0.33645 0.00241197268001002 0.0264428046364324 -5.64191376506014 93.3927599474919 1903165.42481075 -517120.025492536
-0.3365 -0.0123139680105954 -0.0278562521840892 -5.67012447089693 93.3857225908535 1902491.57171303 -517121.878852304
-0.33655 0.0201765626469537 0.0158063005507589 -5.64392269547331 93.3786852342152 1903061.94353329 -517136.416725674
-0.3366 -0.0399186464822337 -0.00965646608504799 -5.67983835418942 93.3716478775768 1902341.61492511 -517131.987764171
-0.33665 0.0289915546266269 0.0168734687895061 -5.64443907137316 93.3646105209385 1903114.63885152 -517117.661603586
-0.3367 -0.0183211553565015 -0.0332759819157363 -5.68959586585476 93.3575731643001 1902288.97742655 -517130.093996301
-0.33675 0.0103319987119279 0.0470529116746567 -5.6536962962126 93.3505358076618 1903081.21750301 -517143.653044741
-0.3368 -0.0165989732927546 -0.0455479801374636 -5.70560514681591 93.3434984510234 1902148.95379395 -517144.24645159
-0.33685 0.0290221151955511 0.0433019105895162 -5.65257023751315 93.3364610943851 1903227.20627981 -517133.898522359
-0.3369 -0.0450464755863098 -0.0271476585588105 -5.71175601029102 93.3294237377468 1902093.73287594 -517128.886187459
-0.33695 0.0337718775369352 0.0326532349289239 -5.66255524635376 93.3223863811084 1903179.92232804 -517123.884083763
-0.337 -0.0262906701047272 -0.0432969989255523 -5.70362986773118 93.3153490244701 1902062.68207609 -517131.526767318
-0.33705 0.0313081311956926 0.0390498985248618 -5.65874290003892 93.3083116678317 1903195.36541004 -517123.697964449
-0.3371 -0.0442874926557375 -0.0273650523066766 -5.71562552759143 93.3012743111934 1902011.4776036 -517117.961312942
-0.33715 0.0346090124887827 0.0331592034683866 -5.65804250413464 93.294236954555 1903230.85806444 -517096.266283436
-0.3372 -0.0220683900548396 -0.0332529424459484 -5.71226874208655 93.2871995979167 1902176.24386434 -517111.436389059
-0.33725 0.0231679277581273 0.0315225542530343 -5.66467814594042 93.2801622412783 1903070.23379678 -517116.512501675
-0.3373 -0.0252922224006346 -0.027861589389561 -5.70268273663411 93.27312488464 1902270.35558374 -517127.251969546
-0.33735 0.0264937115759064 0.0247287747033298 -5.66969784835767 93.2660875280016 1903007.40963654 -517131.993705228
-0.3374 -0.0270393627029477 -0.0202672823611567 -5.70436239302928 93.2590501713633 1902237.71310038 -517128.467823466
-0.33745 0.0243106091958728 0.0217021862136223 -5.66579029994242 93.2520128147249 1903041.15223467 -517121.883381339
-0.3375 -0.0171968912316474 -0.0224935537715843 -5.68945680138226 93.2449754580866 1902386.7149813 -517134.778124537
-0.33755 0.00760404990660473 0.0178672261853865 -5.67467903284189 93.2379381014483 1902885.38672615 -517128.365585829
-0.3376 -0.0117179784074069 -0.0201301799432596 -5.7020521851084 93.2309007448099 1902396.46534294 -517124.2858388
-0.33765 7.41003117474042e-05 0.0308345367424917 -5.67912542435837 93.2238633881716 1902891.43023856 -517124.386885341
-0.3377 -0.00459782489758024 -0.0281714403081536 -5.70501365584763 93.2168260315332 1902343.35058224 -517124.872359596
-0.33775 0.0121121382154975 0.0278146382034558 -5.65975179861163 93.2097886748949 1903047.60626661 -517128.349042156
-0.3378 -0.0252338594364542 -0.0218941840020593 -5.69851604638524 93.2027513182565 1902317.80232189 -517124.976780058
-0.33785 0.0330799985231784 0.019505203648181 -5.6575851415318 93.1957139616182 1903224.00302972 -517101.388329303
-0.3379 -0.0237736206089432 -0.0341225137561928 -5.7108889742871 93.1886766049798 1902182.13677152 -517127.065913098
-0.33795 0.018526019676588 0.032609099867389 -5.65850332005272 93.1816392483415 1903146.4039985 -517126.701276275
-0.338 -0.0209260062995065 -0.0237857159369179 -5.68949089926582 93.1746018917031 1902350.48284027 -517143.244980773
-0.33805 0.0276208792228838 0.0132076701866759 -5.66037731240922 93.1675645350648 1903012.16100712 -517138.71348525
-0.3381 -0.0286409381537038 -0.00701390195698949 -5.6874844021511 93.1605271784264 1902376.44743149 -517145.718299236
-0.33815 0.0188535636481533 0.0222859978460669 -5.65119013256168 93.1534898217881 1903014.12765201 -517152.856899433
-0.3382 -0.0111599730936276 -0.0276693733262284 -5.6754354065114 93.1464524651497 1902379.33727518 -517149.518721269
-0.33825 0.0179812433662127 0.0220102057750369 -5.64857349337912 93.1394151085114 1903027.58272211 -517127.82258208
-0.3383 -0.0232508772889993 -0.0010605198497281 -5.6803705697361 93.1323777518731 1902547.30667938 -517126.763820819
-0.33835 0.0209280284979911 -0.0070067718877589 -5.65149167422503 93.1253403952347 1902885.30110501 -517132.340894099
-0.3384 -0.00201099356646416 -0.00483811992843869 -5.66123604675194 93.1183030385964 1902632.12714844 -517159.63956888
-0.33845 -0.0101881900446096 0.0166038758782739 -5.65071958563462 93.111265681958 1902772.59143602 -517145.279933196
-0.3385 0.00561258465608038 -0.0151484551451272 -5.65630339491643 93.1042283253197 1902682.16034304 -517147.628149956
-0.33855 0.000329767627348092 0.00642999296634249 -5.65483063572043 93.0971909686813 1902846.68184535 -517149.05835329
-0.3386 -0.0105786877505978 0.00532956831045194 -5.66205102286589 93.090153612043 1902723.52971631 -517151.736136918
-0.33865 0.0142885583148542 -0.0112595019434302 -5.64777706182148 93.0831162554046 1902776.97832475 -517159.848414238
-0.3387 -0.0130174286509103 0.00424583501365733 -5.65685071981879 93.0760788987663 1902684.90953526 -517154.765365113
-0.33875 0.0103331181286763 -0.00218896198773496 -5.64679261600866 93.0690415421279 1902829.24737851 -517152.676647006
-0.3388 -0.0121359324227354 0.00443424956951096 -5.6338804401476 93.0620041854896 1902871.06782444 -517118.680622185
-0.33885 0.00446554358346076 0.0134117870013472 -5.62836886303098 93.0549668288512 1903124.63704903 -517120.810468361
-0.3389 0.00257193953521741 -0.0164979238219628 -5.63623750820637 93.0479294722129 1902885.27511001 -517154.117460015
-0.33895 0.000687900807306344 0.0334462900909872 -5.61615600266256 93.0408921155746 1903204.045357 -517173.650003963
-0.339 -0.012276482476805 -0.00929663548314551 -5.6255599123811 93.0338547589362 1902809.8329302 -517161.269774591
-0.33905 0.0238434162802677 -0.00483913360520636 -5.60791454319134 93.0268174022979 1903188.20460023 -517157.140467376
-0.3391 -0.019852854738554 -0.00831722152273658 -5.626334743826 93.0197800456595 1902749.82944299 -517163.185155051
-0.33915 -0.00812816326807239 0.0410308110505834 -5.59663560462664 93.0127426890212 1903363.14284415 -517152.95062765
-0.3392 0.00782982713969243 -0.0372987533216636 -5.62079558275294 93.0057053323828 1902795.48513215 -517156.415946916
-0.33925 0.0123350898214897 0.0168559492838764 -5.58737689579616 92.9986679757445 1903370.36536498 -517147.640147493
-0.3393 -0.026109324388462 -0.00973492536015291 -5.61172741962818 92.9916306191061 1902873.30712 -517159.715481499
-0.33935 0.0162788181704716 0.0138891409750782 -5.57833969447782 92.9845932624678 1903434.45927202 -517143.179232581
-0.3394 -0.0246003154506485 -0.0242185901306073 -5.6042213985994 92.9775559058294 1902782.13559375 -517166.739842082
-0.33945 0.0151072998447462 0.0369967951745007 -5.55428106123089 92.9705185491911 1903683.63838682 -517157.278519261
-0.3395 -0.0153037302306673 -0.0441488476259871 -5.59633630340014 92.9634811925527 1902790.70826185 -517144.506441022
-0.33955 0.0308999518036651 0.0306592554924664 -5.54765906078841 92.9564438359144 1903859.3500836 -517137.269408114
-0.3396 -0.0503450600312642 -0.00879388402490744 -5.58369212848469 92.9494064792761 1902874.10701257 -517159.668513185
-0.33965 0.0405110790260968 0.0186374981659221 -5.53167318345972 92.9423691226377 1903849.78712718 -517164.776276205
-0.3397 -0.031086662235164 -0.0297468755482488 -5.56903539636196 92.9353317659994 1902868.95625757 -517190.885317161
-0.33975 0.0289198113446744 0.0425091603155659 -5.50169953868202 92.928294409361 1904013.28366366 -517173.661587339
-0.3398 -0.0297275342450557 -0.0387142863084533 -5.553512141851 92.9212570527227 1902919.88622258 -517180.666040583
-0.33985 0.0390480329263331 0.0215683950132976 -5.5000392658112 92.9142196960843 1903932.27770461 -517187.115670587
-0.3399 -0.039139122658668 -0.0129181554380476 -5.5373899998302 92.907182339446 1903141.00130431 -517194.118599236
-0.33995 0.028842887226332 0.0129046548271146 -5.50612234975401 92.9001449828076 1903820.28963822 -517186.220688868
-0.34 -0.0132615669690036 -0.0268908917690424 -5.53032996893663 92.8931076261693 1903136.18955945 -517208.366671321
-0.34005 0.0169499983840251 0.0253362797346035 -5.50246856929402 92.8860702695309 1903826.97368109 -517201.447553199
-0.3401 -0.0207337631328619 -0.00322046919145557 -5.525323196378 92.8790329128926 1903301.41206466 -517200.30991687
-0.34015 0.0252682376714987 0.00617279785585878 -5.51327326872229 92.8719955562543 1903786.5555041 -517183.061276598
-0.3402 -0.0159356368789668 -0.00841790373421981 -5.52136698655392 92.8649581996159 1903425.85465076 -517194.786143298
-0.34025 0.00583493042171471 0.0135933692174202 -5.51694689780322 92.8579208429776 1903652.6769849 -517193.407244884
-0.3403 0.00141270372939702 -0.0199320386537142 -5.52735479499423 92.8508834863392 1903348.77150577 -517208.914654398
-0.34035 0.00930988764237172 0.0146073501636302 -5.50992093631054 92.8438461297009 1903768.05226837 -517189.045858675
-0.3404 -0.015839295307159 -0.0010878698831191 -5.53778291702872 92.8368087730625 1903363.11530068 -517178.162448526
-0.34045 0.0242311757981346 -0.00293891644809411 -5.5088439294513 92.8297714164242 1903779.11985331 -517178.562014543
-0.3405 -0.0264030423187042 0.00463296457024097 -5.52893562336563 92.8227340597858 1903385.98908594 -517192.662952252
-0.34055 0.00542684674651498 0.0148287250747963 -5.51956319581613 92.8156967031475 1903696.57745682 -517186.828729742
-0.3406 0.0134168159584672 -0.0271789614779894 -5.51962413026926 92.8086593465091 1903497.94833331 -517215.139320677
-0.34065 -0.00367200899224968 0.0148093726346921 -5.51556961833942 92.8016219898708 1903617.59557501 -517205.099369308
-0.3407 -0.0150746671565645 0.0119225402546532 -5.51699784106828 92.7945846332324 1903515.1458478 -517199.974174492
-0.34075 0.0164253460125185 -0.0223395080047907 -5.51961278403305 92.7875472765941 1903504.53532119 -517195.785623946
-0.3408 -0.00427501329733938 0.00179206983983746 -5.51213457647808 92.7805099199558 1903547.35357383 -517206.805233361
-0.34085 -0.0143894842012334 0.0129631418372382 -5.50129478698233 92.7734725633174 1903648.89218725 -517192.82649702
-0.3409 0.0122188436174549 -0.0145422032124639 -5.51641179412437 92.7664352066791 1903561.06322654 -517193.542991596
-0.34095 0.00504670571294187 0.000137970397843985 -5.50713573419856 92.7593978500407 1903762.36748289 -517179.035115994
-0.341 -0.0197142195892729 0.00918175505568951 -5.52257572690356 92.7523604934024 1903517.62739807 -517190.272458232
-0.34105 0.0332555908073716 -0.0192076791260383 -5.49941902085488 92.745323136764 1903858.4313543 -517193.919426546
-0.3411 -0.0165776433449964 -0.00525081777042539 -5.51588557684651 92.7382857801257 1903496.58882919 -517190.442461601
-0.34115 0.00324075334049616 0.0324215113392112 -5.51073798894904 92.7312484234873 1903886.07817643 -517191.45593984
-0.3412 -0.00314336258943875 -0.0353073029452326 -5.53709452322947 92.724211066849 1903294.27294158 -517196.918939464
-0.34125 0.0233237630476497 0.016416925802432 -5.50826729310611 92.7171737102106 1903925.59416187 -517185.535315693
-0.3413 -0.0198514946401901 -0.000654407906658564 -5.53357786368698 92.7101363535723 1903380.16149447 -517188.465511306
-0.34135 0.00864021322994278 0.0201297474525873 -5.51059071521247 92.7030989969339 1903817.19673824 -517192.71827396
-0.3414 0.0188515472065238 -0.0338549959551608 -5.53227029305798 92.6960616402956 1903399.18040817 -517194.068295646
-0.34145 -0.0146489324873448 0.0223283483124216 -5.5282074311097 92.6890242836573 1903568.14225242 -517188.312112475
-0.3415 -0.00852138131214981 -0.0032626246268699 -5.53578856785628 92.6819869270189 1903496.44411288 -517188.067013866
-0.34155 0.0232501927301748 -0.00462097028591768 -5.5211040515994 92.6749495703806 1903737.08881703 -517180.635817441
-0.3416 -0.0127481618341145 -0.019037974948241 -5.54600659165166 92.6679122137422 1903316.99590935 -517165.199418038
-0.34165 0.000305295335376957 0.0239247086423534 -5.51160188826145 92.6608748571039 1903759.14929032 -517189.252270078
-0.3417 -0.00975307421374657 -0.0147393197965688 -5.53050299652461 92.6538375004655 1903368.26207105 -517177.006268103
-0.34175 0.0226479267021406 0.00247046581594166 -5.51165327502646 92.6468001438272 1903713.47289851 -517190.568866256
-0.3418 -0.0180395060611 0.000550961867686624 -5.51432964228399 92.6397627871888 1903440.82093029 -517198.234196976
-0.34185 0.0102870259827605 0.000143466359651634 -5.50060776878955 92.6327254305505 1903675.38485213 -517201.249119861
-0.3419 0.00321299333139129 -0.00902023096966493 -5.50540717923461 92.6256880739121 1903469.2169016 -517212.948886303
-0.34195 0.00526185983341154 0.00864276133835538 -5.50006754422366 92.6186507172738 1903651.97148808 -517219.257899703
-0.342 0.00110269582105971 -0.0026041998872693 -5.4952630106217 92.6116133606354 1903612.13292681 -517193.751961635
-0.34205 -0.00773712604235335 0.0138182085731385 -5.48406058805386 92.6045760039971 1903746.05600453 -517187.000197853
-0.3421 0.0145781237768933 -0.0155966848367543 -5.4782196087039 92.5975386473588 1903805.94635355 -517190.202636679
-0.34215 -0.0088013041695572 0.00631111289245804 -5.47494210253183 92.5905012907204 1903737.50373514 -517195.892541957
-0.3422 0.00740264497414982 0.00632073952292613 -5.4608896822422 92.5834639340821 1903886.36392325 -517214.898498877
-0.34225 0.00143456574759708 -0.0115748020970138 -5.46907736568631 92.5764265774437 1903794.63426977 -517186.279677653
-0.3423 -0.00203339614666406 0.00415776506611373 -5.46298426652963 92.5693892208054 1903815.71476628 -517211.065790203
-0.34235 -0.0043163361432103 0.00293408690592605 -5.46027807872348 92.562351864167 1903834.03285321 -517198.257606857
-0.3424 0.00415653398455563 -0.00478910211564086 -5.46514154751608 92.5553145075287 1903779.38280567 -517204.637183697
-0.34245 0.00219445004071385 0.00423626772096911 -5.46014762100798 92.5482771508903 1903883.22902236 -517192.425952269
-0.3425 -0.0105613691351543 0.00187123811249427 -5.46302143314422 92.541239794252 1903756.75205869 -517196.969502797
-0.34255 0.0184975616076106 -0.00818880303760026 -5.45692791043696 92.5342024376136 1903941.70373855 -517191.237309725
-0.3426 -0.00762239021132628 -0.00412155003577446 -5.46960329797658 92.5271650809753 1903719.78041311 -517197.729378676
-0.34265 0.000863410645733032 0.0123437861480285 -5.44635447990223 92.5201277243369 1904005.59438606 -517190.867824957
-0.3427 -0.00722550008546845 -0.00520229777689826 -5.45952537351643 92.5130903676986 1903787.9873521 -517201.48380346
-0.34275 0.00411091098491983 -0.00136581397459495 -5.45013486057239 92.5060530110602 1903870.70897454 -517211.240057348
-0.3428 -0.00332070821844294 0.00126136252469367 -5.4595807785807 92.4990156544219 1903759.85877998 -517203.127171117
-0.34285 0.000210306568680294 0.00972963343517224 -5.45012745842578 92.4919782977836 1903955.5118127 -517192.671515381
-0.3429 0.00403330891725345 -0.00897211793461498 -5.45641246146227 92.4849409411452 1903795.46984418 -517186.81495429
-0.34295 0.00228292453883705 0.0230652906032 -5.43858159965841 92.4779035845069 1904129.9857582 -517179.136474772
-0.343 -0.00236045191956125 -0.0300614182146136 -5.44376044709507 92.4708662278685 1903740.5403506 -517178.912932986
-0.34305 0.0208474450403219 0.0139042624352146 -5.42051058223208 92.4638288712302 1904258.96177875 -517188.934756809
-0.3431 -0.0322113953579051 -0.0092039533173244 -5.44672151136621 92.4567915145918 1903580.63897492 -517193.285570825
-0.34315 0.0421683106331939 0.00774185284720352 -5.40006936713126 92.4497541579535 1904429.52739567 -517210.423630562
-0.3432 -0.0273722730688816 -0.0201238559567224 -5.43679426892796 92.4427168013151 1903637.59955757 -517212.401920311
-0.34325 0.0101932677699785 0.0297945805280941 -5.40509630937026 92.4356794446768 1904319.33831768 -517204.576945148
-0.3433 -0.0157047403699079 -0.0217210715415335 -5.42101053128507 92.4286420880384 1903645.28266862 -517235.264368818
-0.34335 0.0298685392373689 0.00934537355673508 -5.37061817087962 92.4216047314001 1904486.615498 -517217.854091287
-0.3434 -0.018622155364529 -0.0143292866417273 -5.40374657096231 92.4145673747618 1903872.89007388 -517213.457510996
-0.34345 0.00904785525178788 0.027916881069244 -5.38769038741423 92.4075300181234 1904358.94105463 -517194.705417797
-0.3435 0.00212321376805287 -0.0319357409911221 -5.41456561104954 92.4004926614851 1903769.75615661 -517222.940890437
-0.34355 0.00884150868769055 0.0269441182006468 -5.38410376500212 92.3934553048467 1904311.40780869 -517228.185468029
-0.3436 -0.0155762411455308 -0.0153311107579326 -5.4038999340286 92.3864179482084 1903793.48733105 -517226.914386003
-0.34365 0.0242017395326659 0.013631914432351 -5.37305686655555 92.37938059157 1904401.81557228 -517225.577475143
-0.3437 -0.0144653331522954 -0.0170364878909445 -5.41273520953066 92.3723432349317 1903869.94088089 -517219.593236707
-0.34375 0.0135185942877094 0.0240879427007052 -5.38537058752772 92.3653058782933 1904445.62843024 -517195.234532845
-0.3438 -0.0206808480549857 -0.0168726951356212 -5.41206799593943 92.358268521655 1903781.07238817 -517212.609512646
-0.34385 0.03135669403843 0.0148939382087092 -5.39093838472246 92.3512311650166 1904342.61474801 -517223.288381452
-0.3439 -0.0409842939077628 -0.00515350304119081 -5.41397795369712 92.3441938083783 1903687.1868945 -517228.49241282
-0.34395 0.0278559964177941 0.0153817071257538 -5.37585832156882 92.3371564517399 1904398.92600706 -517234.025565826
-0.344 -0.00544837519433073 -0.0289223630011967 -5.40950012126339 92.3301190951016 1903785.3349456 -517214.939925564
-0.34405 0.00974495256425067 0.0259652252607119 -5.38142089530633 92.3230817384633 1904311.58771412 -517228.636992313
-0.3441 -0.0233401476687136 -0.00636564269234676 -5.41694975309533 92.3160443818249 1903733.07446653 -517228.916150336
-0.34415 0.0293412132954229 -0.00099132092282578 -5.38973005776423 92.3090070251866 1904176.32277526 -517239.0224115
-0.3442 -0.0215759278096837 -0.00158323554096814 -5.4098552680831 92.3019696685482 1903802.86812585 -517238.96836152
-0.34425 0.010696420540641 0.0185069055750981 -5.38307867468977 92.2949323119099 1904249.41231495 -517222.537979055
-0.3443 -0.00797793182173277 -0.0164677646152946 -5.40911733610075 92.2878949552715 1903840.87859192 -517219.439313525
-0.34435 0.0222326948411425 0.0136512920131579 -5.38373041671167 92.2808575986332 1904332.77033355 -517212.827055201
-0.3444 -0.0318607938634307 -0.00498190425298966 -5.4192371932693 92.2738202419948 1903678.6397527 -517228.447747609
-0.34445 0.0119608084919624 0.0227687625828967 -5.39329179855438 92.2667828853565 1904246.70783988 -517220.808983453
-0.3445 0.00227878874678019 -0.0299460625901949 -5.40655777359611 92.2597455287181 1903766.4478544 -517227.686188439
-0.34455 0.00125799460217274 0.0259729732090726 -5.3780739025322 92.2527081720798 1904296.914891 -517222.445299178
-0.3446 -0.0248431437842568 -0.0104300565469826 -5.39811453976136 92.2456708154414 1903857.83622203 -517212.612678498
-0.34465 0.0215726959839864 0.00828297183139434 -5.37718268433007 92.2386334588031 1904262.6730863 -517233.394413117
-0.3447 0.0010715171043379 -0.0246788348931534 -5.39140965498723 92.2315961021648 1903903.26737562 -517234.972689787
-0.34475 -0.000379517751199169 0.0310849975946525 -5.35853039291708 92.2245587455264 1904491.44692936 -517211.160224797
-0.3448 -0.00984004208030302 -0.0186238283519051 -5.39702572765408 92.2175213888881 1903862.55591081 -517196.052026631
-0.34485 0.0300544993382275 0.0081070136201815 -5.36833324010114 92.2104840322497 1904429.28888757 -517208.627851428
-0.3449 -0.0234470481709818 -0.0167845850848648 -5.39847091936584 92.2034466756114 1903700.79937975 -517212.624017585
-0.34495 0.0169326677098638 0.0272254006248871 -5.35855206780246 92.196409318973 1904498.13722569 -517212.36288642
-0.345 -0.00993320658747574 -0.0372789040187655 -5.39044348661308 92.1893719623347 1903633.9980309 -517223.570373227
-0.34505 0.0180039750907567 0.0316125134952317 -5.35624842209581 92.1823346056963 1904459.93408173 -517229.276669856
-0.3451 -0.0318837638845263 -0.013669802570101 -5.39301501704196 92.175297249058 1903693.31478865 -517239.106990058
-0.34515 0.0303287283975426 0.0146236306008241 -5.34677782038177 92.1682598924196 1904457.56428338 -517243.009775347
-0.3452 -0.0255979525738395 -0.0182804736146316 -5.38630232031878 92.1612225357813 1903736.81043154 -517219.272026689
-0.34525 0.0147397061133474 0.0282644973564434 -5.35714177375264 92.1541851791429 1904436.91371982 -517209.119539592
-0.3453 -0.00943610369144153 -0.0329252390340449 -5.38720005528233 92.1471478225046 1903764.66485214 -517219.725560081
-0.34535 0.00826823777914309 0.0385022052349857 -5.34452102210308 92.1401104658663 1904431.47978378 -517217.471596303
-0.3454 -0.0307745788360047 -0.018073223203341 -5.38509708697398 92.1330731092279 1903675.28118486 -517223.994991512
-0.34545 0.0372094135255907 0.0102347177261119 -5.3498261416828 92.1260357525896 1904466.85920967 -517224.183512688
-0.3455 -0.0247434673858869 -0.021059781829802 -5.38560605101112 92.1189983959512 1903638.09361063 -517215.200814311
-0.34555 0.0028618442047647 0.0302298090878041 -5.36013222579597 92.1119610393129 1904355.38834019 -517195.099046611
-0.3456 0.00597800414482455 -0.0323358109315467 -5.3820653514873 92.1049236826745 1903931.62957746 -517193.467495207
-0.34565 -0.00415752582143042 0.0235698084413772 -5.37170372768272 92.0978863260362 1904215.8224704 -517198.434660713
-0.3457 -0.0139244474241925 -0.010473067577726 -5.38597373552796 92.0908489693978 1903901.77509859 -517200.082662439
-0.34575 0.0196498353102056 0.00151863783491239 -5.36623075175424 92.0838116127595 1904228.72256209 -517218.916941471
-0.3458 -0.0139933183805882 -0.0057917715271749 -5.38092480854957 92.0767742561211 1903907.98567069 -517216.187249051
-0.34585 -0.00426414745250945 0.0249626768158437 -5.36359420475943 92.0697368994828 1904234.08768454 -517225.399081608
-0.3459 0.00840925767913834 -0.0266035794972769 -5.37922348847495 92.0626995428444 1903875.56985356 -517221.936231532
-0.34595 0.00587610987856822 0.00354262695825824 -5.3693552016613 92.0556621862061 1904040.56509397 -517218.768586194
-0.346 -0.0153676050646578 0.0145439047877418 -5.38245450711949 92.0486248295678 1903988.4466244 -517219.133025842
-0.34605 0.00805165464013873 -0.0138816794719304 -5.36900489219176 92.0415874729294 1904047.57062165 -517201.304889784
-0.3461 0.00481588937122068 -0.0059851709821547 -5.35414566191485 92.0345501162911 1904100.36081052 -517208.212876418
-0.34615 -0.0211288145118948 0.0149000765866487 -5.36959043670675 92.0275127596527 1903961.34210916 -517216.686515878
-0.3462 0.0146478762655321 -0.00605117555051372 -5.36056205715843 92.0204754030144 1904051.45800327 -517227.901189726
-0.34625 0.00328859892292344 -0.0185550469486222 -5.36041325179677 92.013438046376 1903923.51022993 -517217.170121946
-0.3463 -0.0120549683345557 0.0313266456075404 -5.35119158725965 92.0064006897377 1904191.89044819 -517195.698625627
-0.34635 -0.00379215071797698 -0.01145710460528 -5.35228348733389 91.9993633330993 1903898.78342451 -517224.163612738
-0.3464 0.0254166939393296 -0.00806592395277485 -5.33477415988092 91.992325976461 1904191.50968133 -517222.897067682
-0.34645 -0.0231897730146108 0.00201763267887516 -5.34709643125958 91.9852886198226 1903866.76324782 -517235.879568406
-0.3465 0.00621560852160667 0.0108514345954567 -5.33834435801591 91.9782512631843 1904119.26422505 -517236.485817744
-0.34655 -0.0050203523354153 -0.012375607188371 -5.34665575581845 91.9712139065459 1903829.88758016 -517252.988243651
-0.3466 0.0181764060192183 0.0104516995861381 -5.33467415554504 91.9641765499076 1904195.19594443 -517253.047178025
-0.34665 -0.0189976724832076 -0.00911992054593271 -5.34576918333012 91.9571391932693 1903791.0150479 -517256.91456198
-0.3467 0.0024531984376952 0.0126877816221084 -5.33418534265608 91.9501018366309 1904052.15248664 -517240.756099964
-0.34675 0.00132799770786517 -0.017825858208963 -5.34638027797972 91.9430644799926 1903898.26642612 -517230.972144409
-0.3468 0.0087047940731192 0.0121957368421167 -5.32627918024657 91.9360271233542 1904248.46666596 -517234.301524939
-0.34685 -0.0218390144987124 0.00268166811106035 -5.33621258223044 91.9289897667159 1903887.22778787 -517234.567235152
-0.3469 0.0236309469902279 -0.00845366743331543 -5.32379989454083 91.9219524100775 1904155.95924391 -517242.790215603
-0.34695 -0.0203398679714683 -0.00508436587756915 -5.34434608089269 91.9149150534392 1903839.88840997 -517238.510305637
-0.347 0.00963157288515637 0.0190578885630884 -5.31957483885226 91.9078776968008 1904254.35906137 -517252.759925095
-0.34705 -0.00630018282068041 -0.0260236351642525 -5.35451666477247 91.9008403401625 1903698.51910651 -517256.239277075
-0.3471 0.0150288251037867 0.0271771852342668 -5.33063717520033 91.8938029835241 1904333.84992655 -517252.86696747
-0.34715 -0.0303058025903831 -0.0143551455870428 -5.35887408499577 91.8867656268858 1903548.6144876 -517268.830788509
-0.3472 0.028424892956186 0.0116797488944987 -5.31638177617227 91.8797282702474 1904250.14095975 -517278.974257161
-0.34725 -0.022223651286628 -0.0300728119439486 -5.34119726582285 91.8726909136091 1903618.7170429 -517262.093449121
-0.3473 0.00851972307763098 0.0357113691710506 -5.31390892975869 91.8656535569708 1904315.67227846 -517251.148501414
-0.34735 -0.0224556581756974 -0.0276159508402746 -5.34089109994022 91.8586162003324 1903657.67187716 -517243.622807699
-0.3474 0.0264887297292279 0.0176671711892314 -5.30176349511163 91.8515788436941 1904355.90213768 -517244.660574051
-0.34745 -0.0170232996404435 -0.0293278678669325 -5.33977385430305 91.8445414870557 1903626.04108424 -517262.288027609
-0.3475 0.000635582966937339 0.0365136693417242 -5.31254474460471 91.8375041304174 1904237.44145996 -517262.910944114
-0.34755 -0.0105534537355572 -0.0186874285410578 -5.32859779707107 91.830466773779 1903837.09710563 -517263.612975411
-0.3476 0.0297827848329398 0.00220903686146394 -5.30896474776639 91.8234294171407 1904223.49337676 -517272.185840436
-0.34765 -0.0198863085845897 0.00559763728412306 -5.33904608805433 91.8163920605023 1903755.77296712 -517255.962079269
-0.3477 0.00584318278276147 -0.00490070342855279 -5.31778552488266 91.809354703864 1903925.63183486 -517274.805177894
-0.34775 0.0109860851252381 -0.00966593426766323 -5.30582843817926 91.8023173472256 1904056.92882672 -517269.872449768
-0.3478 -0.0230926365443774 0.00648747456697996 -5.30769574975344 91.7952799905873 1903934.66131637 -517261.999839749
-0.34785 0.0209449205348287 0.00677452467529187 -5.2878400459125 91.788242633949 1904219.478403 -517273.101754669
-0.3479 -0.00444624146806181 -0.0141342523658202 -5.29788453755639 91.7812052773106 1903815.70452247 -517288.36131451
-0.34795 -0.002361788080221 0.0182036945444703 -5.27974048041852 91.7741679206723 1904190.01555168 -517284.80008003
-0.348 -0.0175800550598007 -0.00512675730536066 -5.29216148006772 91.7671305640339 1903942.34666257 -517269.405638456
-0.34805 0.0222747934264339 0.000227915077843698 -5.27706878551486 91.7600932073956 1904273.00727068 -517267.485054597
-0.3481 -0.0208372639089494 -0.00904087163884516 -5.28604231655535 91.7530558507572 1903919.13538946 -517271.560527823
-0.34815 0.00301815863173451 0.0185838217965653 -5.25353226591083 91.7460184941189 1904340.61475597 -517285.583961688
-0.3482 -0.000463894431273008 -0.0243136337603302 -5.28032123360655 91.7389811374805 1903925.63181045 -517300.519627755
-0.34825 -0.0045605698898397 0.0267431410739035 -5.24857715611893 91.7319437808422 1904349.21068016 -517293.542133735
-0.3483 0.000520288353858636 -0.0271648150311008 -5.25985829278036 91.7249064242038 1903977.33648314 -517290.090608212
-0.34835 0.00137151708138737 0.0212075388830343 -5.23503522522379 91.7178690675655 1904367.34421597 -517308.098136897
-0.3484 0.0071869190171422 -0.0240537136583783 -5.2363541316274 91.7108317109271 1904075.5140571 -517314.225814642
-0.34845 -0.00191139449283975 0.0243383223764712 -5.22839083663663 91.7037943542888 1904333.25307259 -517313.03730168
-0.3485 -0.0224028492422034 -0.0101977419201205 -5.24203216209409 91.6967569976505 1903968.59391604 -517306.001198306
-0.34855 0.0357957063416451 0.000205558637247858 -5.21359135814173 91.6897196410121 1904561.12822199 -517307.977260916
-0.3486 -0.0233234210554955 -0.0176817419879895 -5.23622717834603 91.6826822843738 1904002.82795615 -517303.604322887
-0.34865 0.0122301504414735 0.035047019700865 -5.20367281911095 91.6756449277354 1904683.22843856 -517318.680704662
-0.3487 -0.0273626988433975 -0.0311560743800003 -5.24210337610945 91.6686075710971 1903843.87008871 -517304.455750444
-0.34875 0.0507021406832498 0.0059129018873155 -5.20304305073766 91.6615702144587 1904652.78596868 -517329.072373848
-0.3488 -0.0472085910642537 -0.00413514635772111 -5.24474391099869 91.6545328578204 1903788.26118919 -517320.286537311
-0.34885 0.019863744443445 0.0302203785617911 -5.20149822305581 91.647495501182 1904588.5968032 -517318.92860251
-0.3489 0.00300540761290531 -0.0503003298521945 -5.23687567207451 91.6404581445437 1903776.00574216 -517335.812773176
-0.34895 0.00594286556216325 0.0350177836267413 -5.19681063610884 91.6334207879053 1904509.52549191 -517344.668069534
-0.349 -0.0210959749322677 -0.0137319555845532 -5.21978749018219 91.626383431267 1904024.03859786 -517341.124864604
-0.34905 0.0226800165685418 0.00616175908534887 -5.19636639604925 91.6193460746286 1904542.66074835 -517314.675524821
-0.3491 -0.0149055250128259 -0.0127280228367956 -5.22082909961918 91.6123087179903 1904015.76054355 -517333.142328535
-0.34915 0.0107576003985141 0.0252438084490305 -5.19292967740465 91.605271361352 1904589.44877071 -517322.868252449
-0.3492 -0.00652388229222617 -0.0164258845649799 -5.21269282828619 91.5982340047136 1904109.87143349 -517316.68769782
-0.34925 0.0208229135137953 -0.00313205137841374 -5.19725995937894 91.5911966480753 1904470.87486517 -517322.364533035
-0.3493 -0.0218437377930364 0.00522818709157175 -5.20871264104983 91.5841592914369 1904148.42111913 -517340.788841934
-0.34935 0.00763862137090741 -0.00607165344948971 -5.20250012874264 91.5771219347986 1904212.38429045 -517343.404051471
-0.3494 -0.00532829741529045 0.00586214773284177 -5.19435135180721 91.5700845781602 1904247.32060648 -517358.126168095
-0.34945 0.00332031919222398 -0.000280447812521321 -5.19262345146508 91.5630472215219 1904333.84788206 -517334.70568305
-0.3495 -0.00949976425113368 -0.000582202871962403 -5.19486963517971 91.5560098648835 1904256.02525473 -517336.475406891
-0.34955 0.00827328273409933 0.00554521971067735 -5.18956282522326 91.5489725082452 1904371.02561651 -517339.611224786
-0.3496 -0.00384062858556224 -0.00302082326430089 -5.20335994727625 91.5419351516068 1904194.38937626 -517349.171785561
-0.34965 0.00725120987757576 0.00858969547566104 -5.19957229585712 91.5348977949685 1904334.04162529 -517349.305818541
-0.3497 0.00246636197211668 -0.0133137290960745 -5.20817415772795 91.5278604383301 1904122.38979147 -517348.120227012
-0.34975 -0.00484130490117912 0.0158241108389491 -5.19375360501718 91.5208230816918 1904355.83304033 -517341.771245436
-0.3498 -0.00310328272047025 -0.00836008629260655 -5.20946322559893 91.5137857250534 1904197.77054379 -517330.163248558
-0.34985 0.0167335865559611 0.00300375932858618 -5.19103532992297 91.5067483684151 1904500.38841773 -517325.896320665
-0.3499 -0.027870296741937 0.00489361190087005 -5.20850702783784 91.4997110117768 1904115.83001522 -517339.022695129
-0.34995 0.0180356988343361 -0.00209008487284638 -5.19719644098761 91.4926736551384 1904344.59826406 -517348.271338319
-0.35 0.000503109685658776 -0.00446572285991956 -5.2002012033411 91.4856362985001 1904207.29343024 -517354.775261676
-0.35005 0.00385512440330869 0.000537962703235597 -5.19869891284293 91.4785989418617 1904208.21123277 -517351.680968944
-0.3501 -0.00873433847688788 0.00842116390608662 -5.19508690330929 91.4715615852234 1904266.08414561 -517349.058266113
-0.35015 0.0104811692351806 -0.00792876827103665 -5.18985440439157 91.464524228585 1904278.28852809 -517341.954194785
-0.3502 0.0113399257733959 -0.0177153683845231 -5.19052921294261 91.4574868719467 1904183.14852363 -517354.123070416
-0.35025 -0.0285831095616171 0.0337184942039033 -5.17235998864575 91.4504495153083 1904381.40507261 -517366.687905334
-0.3503 0.0122544590076968 -0.0192099496905796 -5.16826926643764 91.44341215867 1904317.4832626 -517351.318072525
-0.35035 0.0186488158013483 -0.0110063687752184 -5.15276907003891 91.4363748020316 1904546.26048261 -517354.918151645
-0.3504 -0.0255814489860845 0.00636645134575958 -5.16319264088573 91.4293374453933 1904235.00847079 -517372.52609401
-0.35045 0.0158284510656117 0.0188719368546554 -5.13588747980886 91.4223000887549 1904702.43736686 -517382.170486201
-0.3505 -0.00215026572130405 -0.0232648650413809 -5.16316240185685 91.4152627321166 1904160.69007819 -517382.783668178
-0.35055 0.00468191853187328 0.0221533475009988 -5.13809529647779 91.4082253754783 1904680.3591431 -517378.070316599
-0.3506 -0.0292141888443173 0.0105911169702403 -5.14745705667874 91.4011880188399 1904383.88534473 -517368.32930477
-0.35065 0.0490737778398563 -0.0268972120133161 -5.13438369467108 91.3941506622016 1904698.79197135 -517364.739777474
-0.3507 -0.0323550959883301 0.00716220214594419 -5.1372118757614 91.3871133055632 1904330.42547245 -517384.978042945
-0.35075 0.00504167636985901 0.0145229070821759 -5.12434457713778 91.3800759489249 1904719.82635724 -517378.535987061
-0.3508 -0.00480114297003491 -0.0186373020759717 -5.13145074730297 91.3730385922865 1904407.34272365 -517364.075041824
-0.35085 0.0197822048263038 0.00417358314403569 -5.1026341456761 91.3660012356482 1904790.8881588 -517378.24175538
-0.3509 -0.0289910801094499 -0.00249468843719492 -5.12232919758017 91.3589638790098 1904368.81012396 -517376.750644761
-0.35095 0.0197894782999851 0.0161831010712862 -5.09636669244017 91.3519265223715 1904931.13153313 -517379.625311328
-0.351 -0.00790651741259225 -0.0322186948234173 -5.11120582682804 91.3448891657331 1904307.03471779 -517386.066693161
-0.35105 0.00820377136255309 0.0238248791734085 -5.08082705754011 91.3378518090948 1904927.25054278 -517390.690672516
-0.3511 -0.0047566732343433 -0.0156782414316676 -5.09326859109766 91.3308144524565 1904517.54436951 -517395.013182413
-0.35115 0.00227421745222606 0.00935853745809732 -5.06728148513979 91.3237770958181 1904846.97730534 -517394.365340454
-0.3512 -0.00398411916179138 -0.00683831020511576 -5.05720352505871 91.3167397391798 1904767.12840423 -517396.10570007
-0.35125 0.00817190567441507 -0.00332263555001048 -5.05372901219417 91.3097023825414 1904851.73436084 -517400.444858166
-0.3513 -0.013473619186618 0.010165819093643 -5.05184991967105 91.3026650259031 1904798.5219226 -517409.714048211
-0.35135 0.00388352981539478 0.000449839666355788 -5.0277880944979 91.2956276692647 1904989.03322451 -517407.666461396
-0.3514 -0.00263582785210815 0.000782475319766167 -5.00991392784966 91.2885903126264 1905037.56738556 -517440.313249408
-0.35145 0.0100006282862011 -0.00426733450634818 -4.99462408113533 91.281552955988 1905138.4291663 -517444.035525359
-0.3515 -0.0137999700479468 0.0018442749435217 -5.00224032210188 91.2745155993497 1904945.59083719 -517441.515342622
-0.35155 0.0015313857672231 0.0211432306632527 -4.9918730340534 91.2674782427113 1905270.49265783 -517424.314189585
-0.3516 0.00816086910141384 -0.0306219596469171 -5.00919741404918 91.260440886073 1904826.82751742 -517439.722353324
-0.35165 0.0144134274010089 0.0158146885826598 -4.9830878285413 91.2534035294346 1905338.16936831 -517449.634711862
-0.3517 -0.0276003431233988 0.0019111872841889 -5.00444029851657 91.2463661727963 1904862.53517577 -517442.447076424
-0.35175 0.0182642184871464 0.00949017804865462 -4.98498956781907 91.239328816158 1905367.2516155 -517457.473399172
-0.3518 -0.0071129332281615 -0.0242567130375462 -5.00621287887713 91.2322914595196 1904838.74182913 -517440.843496191
-0.35185 0.00852130590663061 0.0298891427827622 -4.97450553668906 91.2252541028813 1905395.73325795 -517442.97470362
-0.3519 -0.0170071146068716 -0.0172657394844299 -5.00820657578341 91.2182167462429 1904780.4165924 -517433.071874251
-0.35195 0.0218656408109111 0.00274564313521659 -4.97736716661089 91.2111793896046 1905316.6954668 -517450.322630151
-0.352 -0.0155429291348602 -0.00183556633672722 -4.99241196237671 91.2041420329662 1904911.72537471 -517464.821651864
-0.35205 0.0140219077438354 0.0073648168206618 -4.97158967188075 91.1971046763279 1905295.70297125 -517463.479837882
-0.3521 -0.02148480422172 -0.0127469427739187 -4.98610762721808 91.1900673196895 1904841.03377895 -517464.95139738
-0.35215 0.0226684579256044 0.00895790782080716 -4.96253507073227 91.1830299630512 1905371.62227197 -517483.682456167
-0.3522 -0.0245433172803812 -0.00496680766867793 -4.98835657326499 91.1759926064128 1904793.81126565 -517485.586165815
-0.35225 0.0225017237712288 0.00751772890199114 -4.96054012510844 91.1689552497745 1905483.70104345 -517442.593405699
-0.3523 -0.0252492151695805 -0.0164347889192836 -4.99574191624834 91.1619178931361 1904816.67903162 -517463.270479486
-0.35235 0.00676201187261964 0.0262789283192548 -4.96624262978202 91.1548805364978 1905419.81276799 -517460.397017214
-0.3524 -0.000184554314312849 -0.0330715274360781 -4.98157825660692 91.1478431798594 1904907.57398484 -517478.433184934
-0.35245 0.00538885360023706 0.0295149194534733 -4.95462882355487 91.1408058232211 1905448.66426473 -517486.618335743
-0.3525 -0.0197377139932178 -0.0188137174656819 -4.99217839447224 91.1337684665828 1904834.79678146 -517458.901384351
-0.35255 0.0345129716731996 -0.00704474233523873 -4.96891006475491 91.1267311099444 1905400.9467001 -517459.771599436
-0.3526 -0.0218989284329243 0.00387071201135026 -4.98944415414711 91.1196937533061 1905018.68155647 -517474.312258804
-0.35265 0.000287465710431127 0.0107483037184002 -4.97893327186777 91.1126563966677 1905244.55466158 -517470.41105193
-0.3527 3.35731156602866e-05 -0.0128851441581588 -4.99250204285804 91.1056190400294 1905042.53312666 -517468.151021215
-0.35275 0.0060166494030224 0.00444086184424494 -4.98969474732364 91.098581683391 1905157.89817557 -517462.296992611
-0.3528 -0.0133530116942595 0.00371278662144978 -4.99386293113751 91.0915443267527 1905021.96316683 -517469.938067938
-0.35285 0.00603826170248717 0.015420693468922 -4.98072764719225 91.0845069701143 1905298.2019884 -517483.570138324
-0.3529 -0.00831391384840307 -0.0204520241267555 -4.99658597353451 91.077469613476 1904920.78442373 -517460.938330969
-0.35295 0.0184114875860042 0.0238840974549208 -4.97536109623669 91.0704322568376 1905518.68156184 -517456.687991237
-0.353 -0.0189533788511818 -0.0256282975925412 -5.01817512795665 91.0633949001993 1904759.43221291 -517453.509545724
-0.35305 0.00612289124087836 0.0295011082519188 -4.98714502279979 91.0563575435609 1905379.09275183 -517467.634014027
-0.3531 -0.0174961597966571 -0.0222280685903678 -5.01363507295029 91.0493201869226 1904794.39103893 -517460.553645616
-0.35315 0.0282173879691005 0.00782954853789847 -4.99363668478295 91.0422828302843 1905303.7484501 -517462.681465817
-0.3532 -0.025442616854625 0.00598095465282891 -5.01599490483694 91.0352454736459 1904902.10534293 -517459.118485448
-0.35325 0.01049774788557 0.00486803630810958 -5.00372839021581 91.0282081170076 1905144.76740529 -517474.173275071
-0.3533 0.00129535708188525 -0.00878889116440282 -5.01767084609318 91.0211707603692 1904908.37071962 -517475.188086945
-0.35335 -0.0110198683761214 0.0118449465985286 -5.02012597860026 91.0141334037309 1904970.7157224 -517476.376999618
-0.3534 0.00510762093733165 -0.00234976810633149 -5.01849826536776 91.0070960470925 1905108.55163374 -517445.720456388
-0.35345 -0.00223906271392587 -0.00781944695755776 -5.0260201190737 91.0000586904542 1904942.59240485 -517450.589199521
-0.3535 0.00731531820353209 0.00325027782770689 -5.02719700459691 90.9930213338158 1905017.29725098 -517469.473683816
-0.35355 -0.0149692266244008 -0.00289185026089163 -5.02994409965461 90.9859839771775 1904870.79040801 -517454.672026028
-0.3536 0.0248184825742622 -0.00430247594852575 -5.00998009983592 90.9789466205391 1905183.49273666 -517475.040576858
-0.35365 -0.0243088652248191 0.00746220224944758 -5.03236341722543 90.9719092639008 1904837.45224322 -517463.117142416
-0.3537 0.00428678390854963 0.00337586058463686 -5.0189850483653 90.9648719072624 1905016.45898309 -517472.474674292
-0.35375 0.012408016848673 -0.0182595842145081 -5.0233192160072 90.9578345506241 1904875.83249596 -517483.162316347
-0.3538 -0.00560644322338215 0.00365002615663327 -5.02605406706359 90.9507971939857 1904932.15040861 -517473.645768213
-0.35385 -0.0169804785445018 0.012632091448548 -5.02709283637902 90.9437598373474 1904927.05825798 -517461.812969214
-0.3539 0.0159914040775074 -0.010423655807792 -5.02198435514822 90.9367224807091 1905086.4568434 -517450.439027762
-0.35395 -0.00176708503224306 -0.0129845462720658 -5.03682353186949 90.9296851240707 1904887.04385527 -517454.760445477
-0.354 -0.0064596890645706 0.026724345939251 -5.02370950920435 90.9226477674324 1905092.47488806 -517469.406995842
-0.35405 -0.00931249452202355 -0.0152262277286432 -5.03860467923524 90.915610410794 1904757.59538959 -517466.005064301
-0.3541 0.0264711932944773 0.00529973119339617 -5.02150439688874 90.9085730541557 1905141.05647966 -517483.12251632
-0.35415 -0.025139115395533 -0.000566620822520912 -5.04799382934207 90.9015356975173 1904658.17179623 -517489.933948549
-0.3542 0.01376180919258 0.0195144682222194 -5.03482569232618 90.894498340879 1905014.97109402 -517495.968635894
-0.35425 -0.0172796949934228 -0.017764654126317 -5.05303536924279 90.8874609842406 1904492.41639238 -517502.051641375
-0.3543 0.0356981840458569 0.00746831709105857 -5.02682746115936 90.8804236276023 1905171.93100909 -517493.315185832
-0.35435 -0.0395585027107397 -0.00251882102993475 -5.05788712572926 90.8733862709639 1904484.49453636 -517480.807066824
-0.3544 0.018144578953562 0.0139342483457741 -5.03112718479084 90.8663489143256 1905133.72237003 -517469.463953572
-0.35445 -0.010767866591494 -0.0288369591871805 -5.06438580568191 90.8593115576872 1904549.79615747 -517467.446211887
-0.3545 0.00803963119188241 0.0352862612530763 -5.03649240425135 90.8522742010489 1905121.85809858 -517482.62404426
-0.35455 -0.00861610745541405 -0.0194418604540009 -5.06347432370466 90.8452368444106 1904514.10079287 -517497.380459434
-0.3546 0.032245510024162 0.0051176077844829 -5.03976901607157 90.8381994877722 1905111.29391544 -517488.979916563
-0.35465 -0.0363811931035154 0.00350367732381802 -5.0642633716314 90.8311621311339 1904521.96871556 -517496.202727559
-0.3547 0.0110238279958351 0.0206043382355658 -5.03305754705394 90.8241247744955 1905023.98749411 -517496.05892846
-0.35475 0.0154299375946259 -0.0359559606326587 -5.04996516228664 90.8170874178572 1904562.23118479 -517512.616033379
-0.3548 0.0059009281239387 0.025202535779895 -5.03784908634643 90.8100500612188 1904872.1819236 -517500.337107349
-0.35485 -0.0323990587666596 0.00478790901567591 -5.05698956884404 90.8030127045805 1904541.35561306 -517496.396337602
-0.3549 0.0355904649185394 -0.0116197613616686 -5.03448582182305 90.7959753479421 1904990.50961912 -517492.931626646
-0.35495 -0.0147801147784242 -0.0124459381088275 -5.06050646117588 90.7889379913038 1904593.73672336 -517487.956077284
-0.355 -0.00276841332471626 0.0291757700835196 -5.03994550666256 90.7819006346654 1904959.19810488 -517486.341372586
-0.35505 -0.000194943901127168 -0.0224121625206533 -5.05792828032906 90.7748632780271 1904536.2606735 -517509.482429948
-0.3551 0.0249883664968164 0.00622821973542013 -5.04879690896664 90.7678259213887 1904856.66118299 -517512.93884805
-0.35515 -0.0303218881091376 -0.00452320446324867 -5.07708694956134 90.7607885647504 1904333.87064822 -517521.177722938
-0.3552 0.00310743360989129 0.0202956830248148 -5.04929144261617 90.753751208112 1904819.57388272 -517517.860833408
-0.35525 0.00978877660764043 -0.0237710502938507 -5.06167704631321 90.7467138514737 1904483.15031895 -517537.159764587
-0.3553 -0.00314946685118293 0.0207738858849199 -5.04262448427316 90.7396764948354 1904846.10710535 -517502.481086945
-0.35535 -0.0141247340161628 -0.00125835638000357 -5.06240989226121 90.732639138197 1904593.80527343 -517514.745829738
-0.3554 0.0151719096271615 -0.00445961550330522 -5.04659434549336 90.7256017815587 1904866.3995024 -517505.830587902
-0.35545 0.00718653522046477 -0.00623329379761993 -5.05226156834604 90.7185644249203 1904668.39105917 -517506.00163328
-0.3555 -0.0189161649056322 0.0174395637329974 -5.042277086467 90.711527068282 1904731.28293418 -517516.214194446
-0.35555 0.0153976347425507 -0.00501544127458761 -5.05260221717864 90.7044897116436 1904733.8719545 -517515.485421316
-0.3556 -0.00139417923599833 -0.00658978110582077 -5.06039960264378 90.6974523550053 1904659.86913142 -517513.357502654
-0.35565 -0.00518482074959875 0.0164375448144789 -5.06256206011351 90.6904149983669 1904714.47473734 -517502.769406129
-0.3557 0.000870603539851742 -0.000107865312111909 -5.06702302770207 90.6833776417286 1904601.67280709 -517512.332715373
-0.35575 0.00020171307715134 0.000928172170815801 -5.06297740914149 90.6763402850902 1904645.85886075 -517516.29489549
-0.3558 -0.00700231907611834 0.000241430477873 -5.06593790702041 90.6693029284519 1904573.28712321 -517519.709632637
-0.35585 0.0101817130987211 -0.0100648938667617 -5.07275539428499 90.6622655718135 1904640.48361005 -517503.191808955
-0.3559 -0.0139217683397554 0.00369913505703454 -5.07554906806498 90.6552282151752 1904542.29405863 -517506.970968568
-0.35595 0.00308012255953893 0.0101584821820495 -5.06106807061916 90.6481908585369 1904744.02508552 -517505.713037926
-0.356 0.00721470217092372 -0.0200102942484123 -5.07695036411826 90.6411535018985 1904433.08204749 -517523.153027884
-0.35605 0.00104129676023535 0.0207818251507074 -5.06885072733291 90.6341161452602 1904772.25497957 -517524.894924867
-0.3561 -0.0210743106255241 0.00377281597890011 -5.07224944240486 90.6270787886218 1904522.6054589 -517515.284122437
-0.35615 0.0206740605806366 -0.00314913636259742 -5.07013997664476 90.6200414319835 1904768.98461159 -517501.613290902
-0.3562 -0.000467312843548704 -0.000593297517795152 -5.0887178838207 90.6130040753451 1904610.70278274 -517492.158963333
-0.35625 -0.0115024162371664 0.0100589277836259 -5.08229692802042 90.6059667187068 1904569.45119854 -517511.210766552
-0.3563 0.014771427888242 -0.00951658107441701 -5.08552506343935 90.5989293620684 1904569.06181282 -517510.154393009
-0.35635 0.000574621269788714 -0.00143515016471265 -5.08481644792934 90.5918920054301 1904563.84781095 -517520.545958949
-0.3564 -0.0120140051912394 0.0189301049367308 -5.07993671756472 90.5848546487917 1904587.05618293 -517522.067543064
-0.35645 0.0136724436485939 -0.0142733499063867 -5.07685333581719 90.5778172921534 1904586.7826381 -517521.426127543
-0.3565 -0.00356051744803571 -0.00759317356757914 -5.07212425993281 90.570779935515 1904602.13893758 -517531.260102744
-0.35655 -0.00231143725834325 0.0251511885736018 -5.063623233192 90.5637425788767 1904841.62216381 -517513.610877561
-0.3566 -0.0110958029077896 -0.0165195249300191 -5.0849711410842 90.5567052222384 1904427.8261229 -517524.925995627
-0.35665 0.0184748053365659 0.00340524804261439 -5.07081794271598 90.5496678656 1904807.37491188 -517530.993166456
-0.3567 -0.0172327023938302 -0.000866202095891412 -5.08113311538484 90.5426305089617 1904523.69559889 -517533.808113315
-0.35675 0.00786303983513476 0.00530682169825762 -5.07327369890087 90.5355931523233 1904710.46852259 -517549.769396602
-0.3568 0.00304853992079837 -0.0108337071363335 -5.0856441536778 90.528555795685 1904549.73789161 -517533.444658008
-0.35685 0.00306303078165866 0.00843081454483075 -5.07407621689281 90.5215184390466 1904654.48266296 -517558.050412879
-0.3569 0.00172243708906776 -0.00230396591524819 -5.0738734929792 90.5144810824083 1904620.08011526 -517532.976327424
-0.35695 0.00203478747653705 -0.0091474723998972 -5.06538258146078 90.5074437257699 1904694.84706809 -517527.559621536
-0.357 0.0074298355189916 -0.00611765967807542 -5.06066355425491 90.5004063691316 1904752.74061216 -517512.880031732
-0.35705 -0.00198827305389474 -0.00438437909700292 -5.06880964721488 90.4933690124932 1904633.62465192 -517533.132824182
-0.3571 0.00277127496260819 0.0118947691378046 -5.06263717772565 90.4863316558549 1904790.62063599 -517533.696929605
-0.35715 -0.00788949582273725 -0.00766839003181269 -5.08390963770092 90.4792942992165 1904460.44037346 -517536.461888125
-0.3572 0.00693554014383675 0.00965029260374096 -5.08304456982673 90.4722569425782 1904637.53743305 -517536.935943691
-0.35725 -0.00181671394031704 -0.011223941903075 -5.08771531797796 90.4652195859399 1904351.1651857 -517554.494737502
-0.3573 -0.00118613506146581 0.0128385499697067 -5.07733041311833 90.4581822293015 1904571.33200676 -517559.638384064
-0.35735 -0.00584110416890295 -0.00780434251278124 -5.08402488436034 90.4511448726632 1904403.62790422 -517544.031812771
-0.3574 0.0115424953933438 0.0112051673476028 -5.07215512030327 90.4441075160248 1904731.82339488 -517545.270960778
-0.35745 -0.0109242265519233 -0.000198777686124193 -5.07591237339281 90.4370701593865 1904510.40662628 -517542.975910288
-0.3575 0.000693631798061313 0.0148209565979055 -5.07653258580639 90.4300328027481 1904714.3635977 -517518.146747618
-0.35755 -0.0101129428577664 -0.0180810673896065 -5.07942745700593 90.4229954461098 1904407.23665432 -517528.801272405
-0.3576 0.0104457848378383 0.013072141966228 -5.05890550265811 90.4159580894714 1904805.04368441 -517550.803749154
-0.35765 -0.0149817656273984 -0.0138474297723853 -5.07539357213673 90.4089207328331 1904404.69404327 -517558.045964165
-0.3577 0.01153582377663 0.0164969857227332 -5.05305439288793 90.4018833761947 1904857.66549347 -517545.346046558
-0.35775 -0.00240424444669098 -0.0300160988260864 -5.0759683411797 90.3948460195564 1904398.81215652 -517547.915807306
-0.3578 0.0114042178536765 0.0157469675573375 -5.0542793960018 90.3878086629181 1904842.76726047 -517539.498543927
-0.35785 -0.0187841106472681 -0.00586638921640568 -5.07335938223775 90.3807713062797 1904403.1433882 -517549.633841767
-0.3579 0.0190484081885307 -0.000824045053785661 -5.05758625756085 90.3737339496414 1904751.56552356 -517559.481454473
-0.35795 -0.00266103413120127 -0.00796488766369343 -5.08077590040629 90.366696593003 1904420.56582031 -517547.368562864
-0.358 -0.0100182465324143 0.0054726220584555 -5.07748365749957 90.3596592363647 1904420.21699878 -517572.580825
-0.35805 0.00889921354349735 2.27611172358278e-05 -5.07113618617377 90.3526218797263 1904496.22638467 -517571.180804029
-0.3581 0.000215162267654654 -0.00521444605321837 -5.07591810553649 90.345584523088 1904532.19640928 -517546.962962456
-0.35815 -0.00302613225082959 0.00919980786679153 -5.07310935632544 90.3385471664496 1904604.75645452 -517539.486179457
-0.3582 -0.00166173348888181 0.00106159392825918 -5.08288935944864 90.3315098098113 1904466.49480002 -517546.583175202
-0.35825 0.0102462516572104 -0.00464433279752162 -5.08042545014912 90.3244724531729 1904476.34345402 -517549.949213309
-0.3583 -0.012462376486859 0.0117558350763143 -5.07334493659846 90.3174350965346 1904557.68734355 -517558.379026371
-0.35835 0.00926689108106105 -0.00186314625615939 -5.08587082955781 90.3103977398962 1904548.72187578 -517552.248023849
-0.3584 -0.00177556365412677 -0.00708753200335908 -5.08736156160385 90.3033603832579 1904460.8598212 -517548.969101551
-0.35845 0.00449611379357221 0.00856802876300221 -5.0818627623174 90.2963230266196 1904559.80994677 -517553.477569314
-0.3585 -0.0133584232576901 -0.00486291666584609 -5.09272024257131 90.2892856699812 1904368.79066812 -517551.804461769
-0.35855 0.00458951007356523 0.00385338487000271 -5.08170914621291 90.2822483133429 1904654.25792423 -517545.294726106
-0.3586 0.00109395489731943 -0.00759498847762076 -5.10033738539206 90.2752109567045 1904488.65859738 -517540.943893177
-0.35865 0.0048623453016458 0.0027519852720681 -5.09650615340046 90.2681736000662 1904612.11736541 -517541.339572027
-0.3587 0.00537528463221352 -0.00593021898320941 -5.10178180772593 90.2611362434278 1904449.91110101 -517532.786531533
-0.35875 -0.00430468001675066 0.00748548223061983 -5.09860978704534 90.2540988867895 1904506.93131733 -517543.019287321
-0.3588 -0.00286644867254649 -0.00282721204909832 -5.10996397997308 90.2470615301511 1904468.96616996 -517529.130428996
-0.35885 0.00506408074816728 -0.00853687177086539 -5.09598555497507 90.2400241735128 1904489.10670918 -517539.23556495
-0.3589 -0.00176410146688714 0.00564702035069194 -5.09552133576542 90.2329868168744 1904531.01169228 -517547.813372193
-0.35895 -0.0111203268708384 -0.00204679623170793 -5.11082519051713 90.2259494602361 1904350.40399759 -517551.41249741
-0.359 0.00409219284470645 0.00196188549508052 -5.11098439455269 90.2189121035977 1904421.28377337 -517566.339299716
-0.35905 0.00600453473242158 -0.0122447080720907 -5.125932198794 90.2118747469594 1904309.15415521 -517544.730514967
-0.3591 -0.00344958407976608 0.0134587733843168 -5.12027537983649 90.204837390321 1904500.37528556 -517518.393935468
-0.35915 -0.00205623264666474 -0.00303116680843546 -5.12892594692007 90.1978000336827 1904308.64465539 -517532.492236429
-0.3592 0.0109794477201389 0.0102686123695031 -5.11804967440227 90.1907626770444 1904556.23163684 -517538.183252342
-0.35925 -0.0149921835374647 -0.0026654287762134 -5.13123756184489 90.183725320406 1904267.02092028 -517533.213311743
-0.3593 0.0124409842187338 0.00864099707336422 -5.11218958589301 90.1766879637677 1904578.30952044 -517527.261774379
-0.35935 -0.00327867673137436 -0.016248037711876 -5.13916766860694 90.1696506071293 1904206.0098005 -517510.533561141
-0.3594 0.00616990965808615 0.019489058924786 -5.13481849703739 90.162613250491 1904632.82149931 -517481.642395021
-0.35945 -0.0244192757504589 -0.0103838512395651 -5.16211836194242 90.1555758938526 1904101.87866819 -517499.195922253
-0.3595 0.0268647309946607 -6.83850349279116e-05 -5.14979612915478 90.1485385372143 1904506.19882299 -517505.171485528
-0.35955 -0.0201151800866774 -0.013510941222467 -5.171558198451 90.1415011805759 1903968.15478937 -517517.206226245
-0.3596 0.00749944254026999 0.0202312592016457 -5.15721247055637 90.1344638239376 1904406.23260771 -517512.809028841
-0.35965 0.00308305121196871 -0.014056390580955 -5.17287303410509 90.1274264672992 1904153.85944193 -517517.639519637
-0.3597 -0.00309635614358944 0.013921067905444 -5.1684294606026 90.1203891106609 1904347.58285972 -517503.562020598
-0.35975 0.000719699308507663 0.000825204503894881 -5.17844875354919 90.1133517540225 1904185.65473813 -517484.535964032
-0.3598 0.00155521283722605 0.00112782546086024 -5.18328886142792 90.1063143973842 1904143.53839702 -517499.122351758
-0.35985 0.0157094442008681 0.00276766504354698 -5.17808745627879 90.0992770407459 1904272.39837926 -517514.200913334
-0.3599 -0.0143658771224809 0.00735501660767208 -5.19892533076751 90.0922396841075 1904012.19722842 -517501.30122984
-0.35995 0.0100227377646111 0.00604507671866354 -5.19107648093936 90.0852023274692 1904204.40558348 -517498.874787124
-0.36 -0.00288230086242908 -0.0129220189405343 -5.20879031160825 90.0781649708308 1903987.61957632 -517496.650639529
-0.36005 0.00399570544635639 0.00558438937847405 -5.19749502541361 90.0711276141925 1904214.22060458 -517480.00954479
-0.3601 -0.00617632013087625 -0.00255183117960017 -5.20560258985345 90.0640902575541 1903922.02321801 -517490.270186057
-0.36015 -0.000163739868604352 0.0022312872724269 -5.20721472438192 90.0570529009158 1904066.10685075 -517485.432945968
-0.3602 9.93056267082419e-05 -0.00470016909229891 -5.20855508667963 90.0500155442774 1903976.66695994 -517508.52905951
-0.36025 -0.00713162824513327 0.00346986224296005 -5.21204499685112 90.0429781876391 1904125.7187189 -517473.554284923
-0.3603 0.00240548885823904 -0.000909929962298165 -5.22395574849149 90.0359408310007 1904008.14625121 -517480.160736882
-0.36035 0.00340680153044006 -0.000526047490530067 -5.21286142164903 90.0289034743624 1904180.45244124 -517460.789222527
-0.3604 -0.00438674336339448 0.0042993926025791 -5.21457519570805 90.021866117724 1904063.67571228 -517480.917323958
-0.36045 0.00327900865622261 -0.00190336057864745 -5.22320036632525 90.0148287610857 1904028.34814881 -517483.539278831
-0.3605 -0.00293138280054223 0.000484102063716516 -5.2253943793562 90.0077914044474 1903965.8614141 -517488.451496768
-0.36055 0.00707379508322402 0.00104537855480238 -5.22154537158801 90.000754047809 1904076.13946683 -517480.300956945
-0.3606 -0.00793644753470387 0.00717304695293398 -5.22163307781705 89.9937166911707 1904042.75846422 -517482.284816345
-0.36065 0.00461500037527163 -0.00184396076846675 -5.2329694958992 89.9866793345323 1903938.56920004 -517474.192390132
-0.3607 0.00428399412947411 -0.000985141048643364 -5.2224635388156 89.979641977894 1903971.5467445 -517507.747187966
-0.36075 -0.011731813417393 0.0072043906329554 -5.21542502559505 89.9726046212556 1904002.22954637 -517488.852331114
-0.3608 0.00172202145786476 0.000264742769682807 -5.21800234911075 89.9655672646173 1904081.796684 -517476.07398871
-0.36085 0.00570017056622234 -0.00454717698359414 -5.2337696002353 89.9585299079789 1904010.31308826 -517457.018113345
-0.3609 -0.00444829843669559 0.00417323842278305 -5.22809122098431 89.9514925513406 1904048.66556069 -517463.205054738
-0.36095 0.00449479165600431 0.00358652522894427 -5.23428459137743 89.9444551947022 1904038.73605421 -517471.780418157
-0.361 -0.00506912163985938 0.00163755299506918 -5.23470877171118 89.9374178380639 1903969.07498692 -517474.258179386
-0.36105 0.00353846606950542 0.00107641308856801 -5.24109592417414 89.9303804814256 1903974.54884609 -517473.838791735
-0.3611 0.011198258501333 -0.0111855260825838 -5.24640741575907 89.9233431247872 1903900.17211135 -517467.462398048
-0.36115 -0.00538574701589872 0.00523950427891208 -5.23502071411757 89.9163057681489 1903926.88618029 -517479.805704138
-0.3612 -0.014788792351729 0.00752017641777963 -5.24468431934797 89.9092684115105 1903826.69230311 -517473.008261004
-0.36125 0.0181694893198205 -0.0154618301431972 -5.24090074231796 89.9022310548722 1903859.81794454 -517491.876721373
-0.3613 -0.00926269608859629 0.00484235274937879 -5.24812368195641 89.8951936982338 1903864.40083582 -517457.816003706
-0.36135 -0.00682855563141582 0.00847564214238906 -5.25880060318653 89.8881563415955 1903855.21601711 -517459.868492271
-0.3614 0.00659351842337979 -0.00708350325578302 -5.25582618786547 89.8811189849571 1903845.68827782 -517469.349038327
-0.36145 0.000528493661958367 0.00111676866291839 -5.25832411166263 89.8740816283188 1903813.00552762 -517482.126158994
-0.3615 -0.0186672257345394 0.00919616595828722 -5.25353757581125 89.8670442716804 1903759.98532963 -517477.030459894
-0.36155 -0.00189622053895295 -0.0126350807184898 -5.26486431452912 89.8600069150421 1903612.17097547 -517489.612675511
-0.3616 0.0133999545261113 0.000583946891787484 -5.24472978085272 89.8529695584037 1903981.22891051 -517462.700052995
-0.36165 -0.0178875185086091 0.00118626866012164 -5.26091302328821 89.8459322017654 1903702.44507485 -517465.676438514
-0.3617 0.0154245369607293 -0.00150548935332699 -5.25228544666174 89.8388948451271 1903939.86112355 -517476.491853996
-0.36175 -0.00701867689577816 -0.003810203824779 -5.25259043479888 89.8318574884887 1903727.62060891 -517483.916881978
-0.3618 0.00589325756081866 0.0126784023484811 -5.24244625961596 89.8248201318504 1904014.80155416 -517495.898849761
-0.36185 -0.00578718947295544 -0.00872830406411685 -5.25644103030795 89.817782775212 1903620.20534265 -517503.677659827
-0.3619 0.0130650942951932 0.00604048698570342 -5.24563797761359 89.8107454185737 1903945.45283931 -517488.930039039
-0.36195 -0.0129075661914352 -0.00768569595538975 -5.25986897686713 89.8037080619353 1903692.34585611 -517475.009265928
-0.362 0.0023208116855583 0.0150504600098158 -5.24839098094218 89.796670705297 1904040.2488258 -517447.096034573
-0.36205 -0.00460611195000963 -0.0255951924562285 -5.26111550814213 89.7896333486586 1903599.58973762 -517478.734948944
-0.3621 0.0109016769359768 0.0218055040788514 -5.25002677428776 89.7825959920203 1903995.77908788 -517482.922945466
-0.36215 -0.0138683376928462 -0.0200162404130656 -5.27285610318361 89.7755586353819 1903490.36772482 -517492.120072949
-0.3622 0.0154414689640246 0.0219458645585734 -5.23468355298052 89.7685212787436 1904148.47684727 -517494.975869018
-0.36225 -0.0213217977415475 -0.0189225276996597 -5.27937867768398 89.7614839221052 1903434.6372782 -517474.102952412
-0.3623 0.0161043655047175 0.0231113768025834 -5.24447034628321 89.7544465654669 1904096.80590452 -517487.098575913
-0.36235 -0.0146294534138049 -0.0235858935827618 -5.28570721846673 89.7474092088286 1903472.48871754 -517459.310685538
-0.3624 0.0160603180135516 0.0225423014735285 -5.2523001922996 89.7403718521902 1904158.02840532 -517457.888484005
-0.36245 -0.0290955352940913 -0.0241654659718225 -5.2771810204934 89.7333344955519 1903451.38095282 -517458.062038146
-0.3625 0.0374917420376751 0.0177918441577137 -5.23294436433588 89.7262971389135 1904310.30133358 -517471.092767844
-0.36255 -0.0300563588817977 -0.0235898844695059 -5.27922733445067 89.7192597822752 1903353.92217305 -517480.860639012
-0.3626 0.0125117390163653 0.0363562421906735 -5.26300088587331 89.7122224256368 1904055.51697945 -517465.720385798
-0.36265 -0.0152848177925804 -0.0345152473575605 -5.2993072617798 89.7051850689985 1903329.26553694 -517448.130110865
-0.3627 0.0253879966655611 0.00475011121138172 -5.27462493753554 89.6981477123601 1903973.47915539 -517436.369239319
-0.36275 -0.0271711137992005 0.0012893262545169 -5.29293484213673 89.6911103557218 1903508.55976454 -517455.985835584
-0.3628 0.0180064261148097 0.00583813076054546 -5.2844610497743 89.6840729990834 1903855.72578266 -517458.550132547
-0.36285 -0.00321696337285478 -0.0236168107919015 -5.30528738687705 89.6770356424451 1903426.89418838 -517458.095600484
-0.3629 0.000882926801998216 0.0216479961180376 -5.28660454217816 89.6699982858067 1903788.04467695 -517474.053489932
-0.36295 -0.0187604850729361 0.00451137940291297 -5.31003958777655 89.6629609291684 1903529.60899556 -517442.520564689
-0.363 0.019153917956399 -0.0121645887410278 -5.30141214272175 89.6559235725301 1903745.08536569 -517426.616921194
-0.36305 -0.0109502977993311 -0.00277099352751076 -5.31908376103998 89.6488862158917 1903547.506645 -517427.714900262
-0.3631 -0.000487651409250118 0.0155981213740569 -5.30804966559262 89.6418488592534 1903667.09861367 -517459.302117823
-0.36315 0.00529356031410235 -0.0201973265530641 -5.31866134064023 89.634811502615 1903465.14725387 -517466.035486194
-0.3632 -0.000120120770712279 0.0157912563522661 -5.3204167680517 89.6277741459767 1903642.76251939 -517437.933707271
-0.36325 -0.00869193853571743 -0.00119722005381608 -5.33082515682065 89.6207367893383 1903476.57644495 -517451.737599091
-0.3633 0.0076761001521025 0.00503665146831958 -5.32469546027764 89.6136994327 1903676.18301525 -517424.932456438
-0.36335 -0.0102134750334394 -0.0129074577929024 -5.35638850491642 89.6066620760616 1903321.94231561 -517431.642990121
-0.3634 0.00894423102669677 0.0291564419868329 -5.33370664125943 89.5996247194233 1903763.23093593 -517443.006704039
-0.36345 -0.00646830926328025 -0.0314196596181003 -5.36329453969122 89.5925873627849 1903189.91287815 -517433.339985063
-0.3635 0.0212465156823462 0.024149416226216 -5.33775697208448 89.5855500061466 1903796.57862738 -517445.662779436
-0.36355 -0.0285102100760399 -0.0185985127126533 -5.38509429709151 89.5785126495082 1902883.99563497 -517449.727006253
-0.3636 0.0351396445162267 0.0213613688816399 -5.3415328131421 89.5714752928699 1903863.73813896 -517434.020335906
-0.36365 -0.0325117919996368 -0.0144726584078868 -5.39038695614426 89.5644379362316 1902985.62112319 -517431.611032849
-0.3637 0.0191311550657336 0.0190280262277795 -5.36288516961591 89.5574005795932 1903718.60707488 -517409.395885828
-0.36375 -0.0157206884102269 -0.0232709533464111 -5.390300975655 89.5503632229549 1903026.48026415 -517423.482282185
-0.3638 0.0223806902999592 0.0212611364830919 -5.36038803523555 89.5433258663165 1903648.1743829 -517436.308482201
-0.36385 -0.0226951194318995 -0.0226931492806286 -5.39258400584792 89.5362885096782 1902935.48864196 -517416.283144297
-0.3639 0.0169832700204251 0.0293745916755433 -5.36959372985568 89.5292511530398 1903652.24609822 -517407.24795045
-0.36395 -0.026994568272527 -0.0267462111279971 -5.421340690197 89.5222137964015 1902766.36333617 -517412.655347825
-0.364 0.0422452327334966 0.0167786143246272 -5.3794568146622 89.5151764397631 1903775.68450458 -517387.713662739
-0.36405 -0.0402941761374541 -0.014383846443252 -5.42979072012534 89.5081390831248 1902792.31041948 -517400.022439751
-0.3641 0.0179433137436805 0.0337022982941067 -5.39809004797625 89.5011017264864 1903577.87140224 -517411.684875714
-0.36415 -0.00229269729154018 -0.0456858858997975 -5.45617847220722 89.4940643698481 1902662.80055875 -517414.619816104
-0.3642 0.0102433032792545 0.0352303464486872 -5.42396086981495 89.4870270132097 1903463.67504477 -517390.694636055
-0.36425 -0.0299170953161509 -0.00551249736285373 -5.46793328707602 89.4799896565714 1902718.67355533 -517388.965297822
-0.3643 0.0415963221614152 -0.00756142685012039 -5.440367193997 89.4729522999331 1903349.08043798 -517388.470230095
-0.36435 -0.027672380362648 0.00063259489184419 -5.46241539972374 89.4659149432947 1902851.35135575 -517390.819162486
-0.3644 0.00725850010663099 0.0223152233355673 -5.44852097506836 89.4588775866564 1903248.17788897 -517400.039427204
-0.36445 0.00148163743037323 -0.029521435027846 -5.46665007268919 89.451840230018 1902766.27210857 -517395.396133217
-0.3645 0.0123792845626536 0.0127492590976709 -5.4588698422292 89.4448028733797 1903137.88458434 -517392.579631621
-0.36455 -0.0256603142895329 0.00682352683136885 -5.47950820340671 89.4377655167413 1902738.67353273 -517382.070960224
-0.3646 0.0218995216614297 0.000811406726953473 -5.46558329473744 89.430728160103 1903140.27406952 -517385.777944614
-0.36465 0.00345141551883488 -0.0120589164740693 -5.47877333376371 89.4236908034646 1902937.00060101 -517362.952320127
-0.3647 -0.0200338865468786 0.0197379912623796 -5.46932858273978 89.4166534468263 1903002.62531208 -517360.412699186
-0.36475 0.0163979362975079 -0.0183578290661215 -5.47493688278521 89.4096160901879 1902974.33986168 -517372.133683236
-0.3648 0.00285278182323267 -0.00329931976881027 -5.46975788227457 89.4025787335496 1902992.45968371 -517373.908961845
-0.36485 -0.0234067931302059 0.0167138950101112 -5.46957839670937 89.3955413769112 1902949.61932946 -517377.301577229
-0.3649 0.0144261663030425 -0.0101327078582157 -5.47691825319269 89.3885040202729 1903005.00845669 -517362.165742173
-0.36495 0.00133723103001038 -0.0118156124282261 -5.48836324133051 89.3814666636346 1902885.78054643 -517366.030863498
-0.365 -0.0135198871020007 0.00919120236505747 -5.48665654908687 89.3744293069962 1902868.44388827 -517360.502175185
-0.36505 -0.00351442835309497 -0.00132281950451172 -5.49218808904936 89.3673919503579 1902823.91886948 -517371.260893274
-0.3651 0.0100449408765297 -0.00207140977807102 -5.48655222678214 89.3603545937195 1902954.0916131 -517369.486185445
-0.36515 -0.0165726182634499 0.00788226764862657 -5.49532685058698 89.3533172370812 1902791.33077416 -517350.581969272
-0.3652 0.00729612176557774 -0.00440941627924832 -5.47852735934199 89.3462798804428 1903010.79977621 -517342.029885984
-0.36525 -0.0013157843116009 -0.00493633123368208 -5.47908044659502 89.3392425238045 1903028.79236765 -517333.301892432
-0.3653 0.000845880342032463 0.00793291488117278 -5.48570138499713 89.3322051671661 1903041.86752835 -517347.838062018
-0.36535 0.00185677568346479 -0.00487197639271894 -5.49019709513663 89.3251678105278 1902913.57734026 -517359.136168268
-0.3654 -0.00263328776571245 0.00269490225820913 -5.49375777878468 89.3181304538894 1902899.466116 -517361.785786155
-0.36545 0.0044390846558508 0.00545749764289376 -5.48380131098268 89.3110930972511 1903003.74245034 -517360.475630212
-0.3655 -0.00145889950136586 -0.0126852287667178 -5.50101489783615 89.3040557406128 1902781.09173345 -517356.89187351
-0.36555 -0.00359327233376229 0.0286387960925059 -5.4936739622454 89.2970183839744 1903018.62419111 -517361.5422185
-0.3656 0.000686564247494378 -0.0296894495890487 -5.50829834180947 89.2899810273361 1902658.15123401 -517341.210666853
-0.36565 0.0241051713346748 0.0223829543901209 -5.48836297964517 89.2829436706977 1903267.348205 -517330.186750553
-0.3657 -0.0296047357978117 -0.0142517630694738 -5.52107780216294 89.2759063140594 1902516.40911085 -517328.781473782
-0.36575 0.0226246511798454 0.0066006529918303 -5.48742621083464 89.268868957421 1903065.52931278 -517353.209370374
-0.3658 -0.00609474912768732 -0.0191718925231155 -5.51060968636865 89.2618316007827 1902628.65882846 -517357.454647861
-0.36585 -0.0114808191716939 0.022562499355528 -5.49868155576274 89.2547942441443 1902960.35787301 -517346.35064037
-0.3659 0.00670653779534037 -0.00818796276803534 -5.50524780442492 89.247756887506 1902883.36743707 -517336.233572883
-0.36595 0.00212900371702054 -0.00585947692004883 -5.50962293982613 89.2407195308676 1902856.78980342 -517332.187047238
-0.366 0.000478352543867795 0.000282029534743584 -5.51987727156943 89.2336821742293 1902800.67993358 -517329.278476015
-0.36605 -0.00679127746176843 0.003439587848677 -5.51639481831467 89.2266448175909 1902820.3120643 -517343.755739711
-0.3661 0.00729019793814255 -0.0082369068761115 -5.51326726149398 89.2196074609526 1902780.44744432 -517361.369273838
-0.36615 0.0170562669102603 0.000122594275096528 -5.51725546526823 89.2125701043142 1902885.4705922 -517345.477440246
-0.3662 -0.0286135766747281 0.0141357848647067 -5.53827617806865 89.2055327476759 1902550.63264637 -517353.261122479
-0.36625 0.013287609672237 0.0151717370057516 -5.52307400733302 89.1984953910376 1902975.10101096 -517336.318537979
-0.3663 -0.00859773452427331 -0.0293083184490766 -5.54349692278154 89.1914580343992 1902485.56065842 -517325.757067098
-0.36635 0.014239063903174 0.0112762297319951 -5.51018853822329 89.1844206777609 1903059.78554913 -517330.000190617
-0.3664 -0.0400601939039371 0.00751732272752807 -5.55223919638552 89.1773833211225 1902487.85483277 -517316.91091853
-0.36645 0.0244274826662092 0.00735200867748328 -5.52691691904543 89.1703459644842 1902969.28196694 -517329.031496467
-0.3665 -0.0148574160831978 -0.0293625687250489 -5.56218206563037 89.1633086078458 1902271.223497 -517344.141037131
-0.36655 0.0126298162384684 0.0293576238426676 -5.53327408862364 89.1562712512075 1902923.35675073 -517347.289121981
-0.3666 -0.00470912548898348 -0.0299966354677914 -5.58321402004058 89.1492338945691 1902291.71918165 -517330.600916123
-0.36665 0.00681193480190154 0.0295876429353785 -5.55593287775668 89.1421965379308 1902867.93355646 -517334.186652196
-0.3667 -0.0164828066193928 -0.0140603381787821 -5.57963210636148 89.1351591812924 1902376.32896689 -517303.203174463
-0.36675 0.0277490717436781 0.0136214219552806 -5.55902632794823 89.1281218246541 1902884.65352864 -517314.019733713
-0.3668 -0.0273013115613894 -0.0125561090831473 -5.58426062218007 89.1210844680157 1902238.90684183 -517327.886702418
-0.36685 0.0203951503997424 0.021754714011287 -5.55158547626801 89.1140471113774 1902949.86957074 -517340.549312501
-0.3669 -0.0137254084632397 -0.0302508178440677 -5.59044871015605 89.1070097547391 1902184.96438428 -517338.577337943
-0.36695 0.0169408598823679 0.0284291147332603 -5.5616242664225 89.0999723981007 1902869.8458401 -517331.21343637
-0.367 -0.0292578709442681 -0.0150444978687229 -5.59923917813462 89.0929350414624 1902036.16651672 -517335.892294371
-0.36705 0.0347142029687152 0.0115931289914971 -5.56237873726832 89.085897684824 1902894.3130493 -517319.805769863
-0.3671 -0.0278237164226085 -0.0253556460213652 -5.60787758585538 89.0788603281857 1902018.50715964 -517304.443685409
-0.36715 0.0156812786906654 0.0338102956419304 -5.56691905939201 89.0718229715473 1902864.55883002 -517319.4225648
-0.3672 -0.0291307313581816 -0.0243275731148586 -5.61525759784559 89.064785614909 1901982.24830579 -517325.804192306
-0.36725 0.0406685351392397 0.0126286180998313 -5.56776566561214 89.0577482582706 1902881.98691922 -517326.178755689
-0.3673 -0.044066035487768 -0.0157733363983523 -5.62497109046366 89.0507109016323 1901841.40987803 -517322.892028847
-0.36735 0.0258220336914422 0.0280487781541524 -5.57309030088614 89.0436735449939 1902862.02087405 -517319.044592678
-0.3674 -0.00790686277723037 -0.0476414814376635 -5.60623941834414 89.0366361883556 1901980.44540442 -517333.321616562
-0.36745 0.0174793927522448 0.0388649441514944 -5.5727931126683 89.0295988317172 1902902.78019845 -517316.994650527
-0.3675 -0.0401061758139627 -0.0218629336912514 -5.61989573558579 89.0225614750789 1901902.0452133 -517322.165119036
-0.36755 0.0452968339804084 0.0227948269510502 -5.56626804831148 89.0155241184406 1903015.07231591 -517304.578964797
-0.3676 -0.0397059793933592 -0.0302460048783158 -5.62195818236629 89.0084867618022 1901816.137356 -517332.576893508
-0.36765 0.0247618463509191 0.0343124798497102 -5.5905256686493 89.0014494051639 1902765.31347272 -517322.635837646
-0.3677 -0.0179101335583577 -0.0349521421948711 -5.62952017970909 88.9944120485255 1901845.71582279 -517332.206004587
-0.36775 0.0328413094396231 0.0176318935585815 -5.59662837311547 88.9873746918872 1902697.51035908 -517326.095283598
-0.3678 -0.0422537758515739 -0.0129771327041725 -5.6323682729688 88.9803373352488 1901855.77931639 -517328.062306284
-0.36785 0.0411625739153145 0.0159956028747756 -5.59500018821987 88.9732999786105 1902695.33157341 -517342.711447624
-0.3679 -0.0357111255856081 -0.0232187091422209 -5.64083058024286 88.9662626219721 1901779.51623355 -517327.64699596
-0.36795 0.0250233623191099 0.0281777584212832 -5.60156392915441 88.9592252653338 1902741.40901677 -517310.143391117
-0.368 -0.0196698408623071 -0.0325667986675886 -5.65059322235666 88.9521879086954 1901784.1964834 -517317.570533997
-0.36805 0.0331489081255873 0.0236902030466856 -5.6038279807824 88.9451505520571 1902678.70375544 -517319.825100065
-0.3681 -0.0319667527547646 -0.0254484254302371 -5.65482694705365 88.9381131954187 1901735.41500536 -517325.704017145
-0.36815 0.0210212996807413 0.0292334619406542 -5.61542401228124 88.9310758387804 1902613.49549633 -517316.576350981
-0.3682 -0.0166060455778892 -0.0373848200983892 -5.65764859571263 88.9240384821421 1901749.58510994 -517312.473359591
-0.36825 0.0225096289252675 0.028552621073467 -5.6265009284312 88.9170011255037 1902577.56914659 -517298.292821882
-0.3683 -0.0254253287280824 -0.0286118082215931 -5.67729693838423 88.9099637688654 1901595.21419736 -517318.591751539
-0.36835 0.0196143366897553 0.0346653690734148 -5.63931869472987 88.902926412227 1902437.59425002 -517317.805543679
-0.3684 -0.0306092688040849 -0.0241886240721671 -5.68815298383613 88.8958890555887 1901611.662964 -517292.661323795
-0.36845 0.0375599139414005 0.0186243499793914 -5.64920672531455 88.8888516989503 1902526.79116499 -517279.408467865
-0.3685 -0.0329668855433364 -0.0245123907216984 -5.69784343882846 88.881814342312 1901570.6414792 -517283.008446987
-0.36855 0.0165124195521008 0.0315116344951041 -5.65498170276048 88.8747769856736 1902372.08577411 -517300.392500978
-0.3686 -0.0124417731544397 -0.0333752977148504 -5.69132789360132 88.8677396290353 1901676.8576862 -517306.401494923
-0.36865 0.0288900632458521 0.0186999063271524 -5.65320531418223 88.8607022723969 1902449.68356459 -517290.848874101
-0.3687 -0.0382281408740972 0.000244739838562963 -5.6971367284943 88.8536649157586 1901730.9956806 -517284.388707614
-0.36875 0.0239924564508265 0.0121337043171033 -5.66394487441268 88.8466275591203 1902367.5650325 -517286.181417652
-0.3688 -0.000373241423673591 -0.0255898198907202 -5.69433176077343 88.8395902024819 1901779.30942627 -517289.798771864
-0.36885 0.00890149678122767 0.0158585979259319 -5.67720323984025 88.8325528458436 1902152.76516097 -517289.494188467
-0.3689 -0.0254849542354182 0.00213146245427371 -5.69608497054642 88.8255154892052 1901762.08734176 -517292.19178984
-0.36895 0.033273239124095 -0.00166773615978118 -5.67533058656308 88.8184781325669 1902169.62864535 -517299.689878419
-0.369 -0.0208769492676721 -0.027731561839698 -5.71133371822816 88.8114407759285 1901562.25988824 -517278.134019244
-0.36905 0.00139039246521842 0.0351615450671507 -5.67859249525787 88.8044034192902 1902293.66774622 -517263.979926691
-0.3691 -0.000184668285078533 -0.0364883261941119 -5.70730475278133 88.7973660626518 1901667.55564792 -517268.772820183
-0.36915 0.00867448191347854 0.0138344673376644 -5.69285763203333 88.7903287060135 1902091.93543304 -517265.574664906
-0.3692 -0.0275084266001519 0.00141523903369733 -5.70591617282669 88.7832913493751 1901794.50259321 -517268.534495111
-0.36925 0.0290569024000001 -0.00396959686348171 -5.70462732391806 88.7762539927368 1902098.68942983 -517263.822276805
-0.3693 -0.01808834883974 -0.00534798670756575 -5.72293597012682 88.7692166360984 1901664.39163065 -517268.220448477
-0.36935 0.0047525414947137 0.0231510002009823 -5.71562407476093 88.7621792794601 1901996.72575346 -517277.80834019
-0.3694 0.000553228194031488 -0.0272145555476478 -5.73560677375446 88.7551419228217 1901596.3826563 -517273.539626161
-0.36945 0.00544754666972126 0.00719509379524452 -5.71982634557125 88.7481045661834 1901980.36436714 -517255.914140781
-0.3695 -0.0162033975552462 -0.000674711732340217 -5.74119059617903 88.7410672095451 1901649.61626964 -517261.085664982
-0.36955 0.00391950747285508 0.00931452492634386 -5.72685380169895 88.7340298529067 1902009.35596322 -517239.530977561
-0.3696 0.0089382011095697 -0.02128704416989 -5.74045348118435 88.7269924962684 1901755.36287418 -517240.363195317
-0.36965 -0.00563545290302513 0.00825866930611819 -5.74272922357185 88.71995513963 1901819.88119609 -517238.78772338
-0.3697 -0.012036662878399 0.00226664091597465 -5.75180450083967 88.7129177829917 1901687.59649054 -517243.884831457
-0.36975 0.00795086700693828 -0.0112822009035595 -5.75791485577953 88.7058804263533 1901712.12206352 -517236.733735833
-0.3698 -0.00505535714817073 0.00375530759253683 -5.75808992769519 88.698843069715 1901736.13012783 -517241.308931353
-0.36985 -0.00820520446811478 -0.00522117742078366 -5.76012255801374 88.6918057130766 1901670.27925669 -517227.727238018
-0.3699 -0.00185060918362775 0.000262078717251189 -5.76239008884549 88.6847683564383 1901764.42321933 -517226.732756751
-0.36995 0.0107248494060643 0.00175019003829276 -5.76435835206027 88.6777309997999 1901830.40763348 -517224.24431902
-0.37 -0.0093242242478919 0.00538733573870787 -5.7754788251342 88.6706936431616 1901539.38363682 -517237.84699452
-0.37005 0.000868643987642774 0.00217405378383645 -5.77645182002311 88.6636562865232 1901681.42350651 -517240.072092422
-0.3701 0.0117340210471571 -0.00581787812670933 -5.77412539026443 88.6566189298849 1901690.03620003 -517235.166157041
-0.37015 -0.0187933084073649 0.00816233811165335 -5.78384055790397 88.6495815732466 1901598.38531554 -517207.47960945
-0.3702 -0.000879003081056517 -0.00107539398243268 -5.79556792150245 88.6425442166082 1901647.35241503 -517185.267821158
-0.37025 0.0150511803783144 -0.0194322568691383 -5.7975890675978 88.6355068599699 1901611.21135751 -517198.421407564
-0.3703 -0.0169545390426037 0.0257510361301517 -5.78956175040319 88.6284695033315 1901761.42528366 -517201.571407324
-0.37035 -0.00533872212813247 -0.00187023606604946 -5.80097261103206 88.6214321466932 1901478.06323021 -517226.20806054
-0.3704 0.0308664557110454 -0.0087046400937402 -5.78986318126679 88.6143947900548 1901774.72425427 -517212.799775451
-0.37045 -0.022182833852303 -0.000125457487024436 -5.82217820957971 88.6073574334165 1901259.23831898 -517213.854942863
-0.3705 0.00702141246893449 0.0321084054863872 -5.80286078446163 88.6003200767781 1901794.27844156 -517201.582504355
-0.37055 0.00384941685216343 -0.0420387967552093 -5.83996862407628 88.5932827201398 1901120.86328611 -517192.259664172
-0.3706 0.0214589840159257 0.0116484158370836 -5.81797443747573 88.5862453635014 1901733.02554515 -517161.993492721
-0.37065 -0.0473884005274914 0.0104041692655826 -5.83549605503373 88.5792080068631 1901177.30038837 -517196.756517874
-0.3707 0.0253051658699521 0.00362231574140773 -5.81978119823696 88.5721706502247 1901622.54994154 -517191.603033302
-0.37075 0.00817423980136415 -0.0281626599551627 -5.82568297759181 88.5651332935864 1901276.19593949 -517207.842636805
-0.3708 -0.0132684886601648 0.0361515055551219 -5.81305813376794 88.5580959369481 1901651.24366355 -517192.05748751
-0.37085 -0.00712813638724749 -0.00783880884172254 -5.82584549530377 88.5510585803097 1901335.68508468 -517191.944188928
-0.3709 0.0185089314221566 -0.0149556646399134 -5.81090514179784 88.5440212236714 1901555.61362044 -517191.856602892
-0.37095 -0.0102900665258028 0.0184913534715688 -5.81848907785571 88.536983867033 1901454.12889708 -517205.392274054
-0.371 -0.00904617526328229 -0.00570409542812641 -5.82259258213646 88.5299465103947 1901321.02582575 -517206.801840294
-0.37105 0.0142947028916148 0.00668763040910766 -5.82178180566148 88.5229091537563 1901575.61656799 -517202.971140004
-0.3711 0.00142893434151798 -0.0154881966044426 -5.84422037919074 88.515871797118 1901244.7041717 -517190.584216129
-0.37115 -0.00628616452286489 0.0265220015931251 -5.84108428907402 88.5088344404796 1901498.2852398 -517185.855882435
-0.3712 0.00295961191627052 -0.0208882798391064 -5.85702335143559 88.5017970838413 1901130.87945937 -517191.639833919
-0.37125 0.0136948615094119 0.0197975625100864 -5.84510101476547 88.4947597272029 1901497.98461703 -517190.902455496
-0.3713 -0.0159113119035463 -0.0182623132479758 -5.87006405497099 88.4877223705646 1901043.75479448 -517191.775873361
-0.37135 0.025773309470665 0.00388137286961657 -5.84835535730826 88.4806850139262 1901505.1204516 -517180.778332888
-0.3714 -0.0372932212018375 0.00803725515461674 -5.87063985281291 88.4736476572879 1901067.90932788 -517189.791895968
-0.37145 0.0305969561611419 -0.00665946384201855 -5.84970637410098 88.4666103006496 1901522.1610094 -517194.071430142
-0.3715 -0.00986793888538085 -0.0226885984656436 -5.87784953950869 88.4595729440112 1901066.05266584 -517173.581339431
-0.37155 0.00243609481840562 0.0386038597485293 -5.85833605870247 88.4525355873729 1901639.64396824 -517170.78535642
-0.3716 -0.00672731088462372 -0.0233702334256143 -5.88552221186374 88.4454982307345 1901018.8434694 -517168.699282411
-0.37165 0.0200235884562132 0.00227162301568143 -5.88103289885536 88.4384608740962 1901366.41892185 -517176.187844224
-0.3717 -0.0196507983354176 0.00144946550035841 -5.89804995911932 88.4314235174578 1900964.49747514 -517186.211969936
-0.37175 0.00840429945620043 0.0177111821716831 -5.88065802305473 88.4243861608195 1901345.69846178 -517175.688250992
-0.3718 0.004268047190664 -0.0281314100568658 -5.90508036348273 88.4173488041811 1900948.38300427 -517170.495429312
-0.37185 0.00751972690875509 0.0200047665128136 -5.88673554988835 88.4103114475428 1901317.58821973 -517170.225788847
-0.3719 -0.0220711465814812 0.00589832117967079 -5.90430992751292 88.4032740909044 1900997.89897612 -517185.806522216
-0.37195 0.032875073240711 -0.00220239615602497 -5.89278643223073 88.3962367342661 1901398.19389373 -517162.895164632
-0.372 -0.0103418169046248 -0.0163442145154206 -5.91383997361994 88.3891993776277 1900938.36100878 -517166.102406085
-0.37205 -0.00363242320439872 0.0425282145347 -5.89028328930907 88.3821620209894 1901419.58833769 -517159.70978904
-0.3721 -0.0103221854863081 -0.0092813112344575 -5.91826505415722 88.3751246643511 1900949.17019034 -517165.797930476
-0.37215 0.0325334273571034 -0.019219666925572 -5.9109496091401 88.3680873077127 1901206.6436915 -517148.577577986
-0.3722 -0.0221007039072912 0.00844419773578074 -5.9224760011079 88.3610499510744 1900958.25991143 -517159.974995378
-0.37225 4.0026724867283e-05 0.0214873398192684 -5.90744221536644 88.354012594436 1901289.94345216 -517142.431343446
-0.3723 0.0110039243273394 -0.0286730800991356 -5.92133566130318 88.3469752377977 1900868.88626639 -517162.465032948
-0.37235 0.00766970651842693 0.0177216354908364 -5.91186552170298 88.3399378811593 1901249.17206113 -517146.473489278
-0.3724 -0.0236992164087122 -0.00397731732451742 -5.92947618797627 88.332900524521 1900730.86443205 -517165.655650525
-0.37245 0.0258529955630524 0.00197952058110741 -5.91892573168078 88.3258631678826 1901190.25052301 -517160.150054778
-0.3725 -0.0124657079304634 -0.0172808539258728 -5.94816806199454 88.3188258112443 1900706.11182687 -517143.13954658
-0.37255 0.015554509494315 0.0197218964000723 -5.93229128734786 88.3117884546059 1901210.50336141 -517133.042128826
-0.3726 -0.00692898784265694 -0.0204331524910448 -5.96395098030974 88.3047510979676 1900637.90820848 -517136.448714889
-0.37265 0.0113124812033563 0.0175708019807766 -5.93101124757981 88.2977137413292 1901207.86737802 -517132.946487961
-0.3727 -0.0219120755195234 -0.00051042448529555 -5.95472473116517 88.2906763846909 1900743.9116518 -517142.262775031
-0.37275 0.0163705863436944 0.0116545630862216 -5.93753163714142 88.2836390280526 1901173.70655085 -517129.125773498
-0.3728 0.00179759121992847 -0.0305074008844886 -5.96135766601391 88.2766016714142 1900604.19276863 -517153.016509617
-0.37285 -0.00848767480881924 0.0388198892260653 -5.94229291184313 88.2695643147759 1901173.64372775 -517125.794715928
-0.3729 -0.00503836279118337 -0.0263226350915617 -5.96371700935175 88.2625269581375 1900572.39031253 -517135.788183503
-0.37295 0.0287038290960495 0.00716633020098305 -5.92496638826933 88.2554896014992 1901226.01224875 -517132.357724278
-0.373 -0.0326634895130683 0.00114746405573258 -5.95639797643953 88.2484522448608 1900587.52501267 -517161.773181373
-0.37305 0.0212543984353161 0.0125242136011596 -5.92647297519252 88.2414148882225 1901210.56474286 -517135.928798797
-0.3731 -0.00181111974001626 -0.0321817910493642 -5.95792033279677 88.2343775315841 1900659.86836856 -517127.565119086
-0.37315 0.0100273278365533 0.0243048339024903 -5.93598340570858 88.2273401749458 1901143.33569978 -517120.112025924
-0.3732 -0.0314815431772032 -0.00748876401708406 -5.96445900243782 88.2203028183074 1900534.36737841 -517126.894012261
-0.37325 0.0384232156731122 0.0067652704865339 -5.9336617930886 88.2132654616691 1901184.82865802 -517134.280210114
-0.3733 -0.0232896575404747 -0.0211662478982577 -5.97562337911968 88.2062281050307 1900434.12248726 -517143.382682427
-0.37335 0.00970185217749451 0.047056213938321 -5.93923184370106 88.1991907483924 1901256.3693147 -517128.098810903
-0.3734 -0.0112531451877209 -0.0388919209316793 -5.98788709571435 88.1921533917541 1900290.18386267 -517146.660784935
-0.37345 0.0354371999169331 0.018376792089948 -5.95337664211775 88.1851160351157 1901103.71757456 -517131.882691167
-0.3735 -0.0568130492834912 -0.0056450007938886 -5.98593540871008 88.1780786784774 1900256.93959922 -517126.410803844
-0.37355 0.0449240591045071 0.0163905437755005 -5.94389722992411 88.171041321839 1901275.25248726 -517111.881523319
-0.3736 -0.0226479199225189 -0.0368948090714713 -5.99975187920691 88.1640039652007 1900263.80430547 -517115.64743602
-0.37365 0.0242384977676644 0.0374206755931237 -5.95682650365562 88.1569666085623 1901234.49115454 -517112.356112259
-0.3737 -0.0328275871438896 -0.0294462985139621 -6.00908682247568 88.149929251924 1900108.54059245 -517125.18438976
-0.37375 0.0428540944177028 0.0125892208090816 -5.97242170519672 88.1428918952856 1901051.55121543 -517112.43187032
-0.3738 -0.0301892217810034 -0.0220614082392428 -6.01004894119143 88.1358545386473 1900172.52255343 -517116.475760368
-0.37385 0.014633879673899 0.0281023509198936 -5.96759309367956 88.1288171820089 1901017.06532959 -517111.71186103
-0.3739 -0.00656473624774344 -0.0310386115533185 -6.01294864789432 88.1217798253706 1900243.99816371 -517119.255248712
-0.37395 0.0037615829918052 0.0246245343743708 -5.98983875338121 88.1147424687322 1900832.13355448 -517113.154753064
-0.374 -0.00699741791272663 -0.0155103153732833 -6.01325135371485 88.1077051120939 1900415.11263749 -517097.583273182
-0.37405 0.014263245921079 0.00664198407823606 -5.99324616810176 88.1006677554556 1900865.25862543 -517083.328074159
-0.3741 0.00252487531112905 -0.0113371860071891 -6.00531927075528 88.0936303988172 1900546.15477718 -517098.844280309
-0.37415 -0.0035761209627215 0.0079153535900901 -6.00771639050496 88.0865930421789 1900660.51529461 -517081.586022994
-0.3742 -0.00644511259527301 -0.00703683400317579 -6.01487064909076 88.0795556855405 1900486.34158004 -517096.710787702
-0.37425 0.0150458849839669 -0.0120634899626769 -6.00282574639861 88.0725183289022 1900652.17013141 -517098.130387198
-0.3743 -0.0170491630486055 0.0121970134129293 -6.00517577752104 88.0654809722638 1900489.37463192 -517109.062910764
-0.37435 0.00718587284457107 -0.00333340718554524 -6.0121446895539 88.0584436156255 1900557.36157125 -517103.473366097
-0.3744 -0.00271163954188304 -0.00379277139138194 -6.0260675186091 88.0514062589871 1900460.78495544 -517089.682455592
-0.37445 0.0151694239563674 -0.00481068887797397 -6.01221305698384 88.0443689023488 1900728.2883138 -517082.215532113
-0.3745 -0.0270551381437308 -0.00375095162116213 -6.0281069393647 88.0373315457104 1900408.45858934 -517079.153085011
-0.37455 0.0129152778700627 0.011423409869946 -6.01626660574075 88.0302941890721 1900772.72692176 -517090.533161861
-0.3746 -0.00366737371591415 -0.020216193723153 -6.03525981849087 88.0232568324337 1900411.2170023 -517084.410312159
-0.37465 -0.00843281247851771 0.02931586326446 -6.02702807812914 88.0162194757954 1900620.32132135 -517093.743095342
-0.3747 0.00419548057830257 -0.0110748279728074 -6.04635758920966 88.0091821191571 1900305.11574171 -517104.736205122
-0.37475 0.0120181188468184 0.000579626940239602 -6.04263357400766 88.0021447625187 1900548.67305002 -517066.13870564
-0.3748 -0.0148364203544072 0.00149272209661868 -6.06757073478595 87.9951074058804 1900314.94802974 -517050.855476454
-0.37485 0.00598066218305455 0.00142157362030641 -6.05869877427515 87.988070049242 1900549.97977732 -517060.106794156
-0.3749 0.000641231365156959 -0.00839658683161925 -6.06715197806952 87.9810326926037 1900303.58541431 -517075.162990865
-0.37495 -0.00319432964649932 0.0158895922457257 -6.06395317016192 87.9739953359653 1900460.73410701 -517065.225550962
-0.375 0.00237231233037597 -0.0174103772501276 -6.08122100519255 87.966957979327 1900194.78727121 -517069.381250344
-0.37505 0.00824561962066492 0.00498126813249205 -6.06640053881788 87.9599206226886 1900428.65648016 -517061.085600039
-0.3751 -0.0092161114427936 -0.00243970307329473 -6.08031307483616 87.9528832660503 1900155.92779572 -517073.878743065
-0.37515 0.0118797505787707 0.011740358266259 -6.06256462337521 87.9458459094119 1900538.45743238 -517074.881956949
-0.3752 -0.00278381199582094 -0.0247196312501405 -6.09048418759231 87.9388085527736 1900115.49087775 -517062.682564658
-0.37525 0.0102118165023545 0.0148576078165468 -6.08097937577238 87.9317711961353 1900486.04649099 -517041.65245933
-0.3753 -0.0116164018832265 -0.000154921204243433 -6.09430408915324 87.9247338394969 1900183.77322794 -517044.316955099
-0.37535 0.0182961434457803 0.0134116891382965 -6.08282540829275 87.9176964828586 1900491.89294344 -517051.673064438
-0.3754 -0.0118429644778805 -0.0169724073949264 -6.10244665714221 87.9106591262202 1900064.0751823 -517054.383094702
-0.37545 0.0102127167518489 0.0182262911794569 -6.09147954295675 87.9036217695819 1900458.34468445 -517049.166762938
-0.3755 -0.0268545891265225 -0.00944512333358704 -6.12937329216607 87.8965844129435 1899904.91056897 -517038.964117506
-0.37555 0.0302827037215097 0.00605623956135148 -6.10738054156089 87.8895470563052 1900441.11898655 -517040.906993907
-0.3756 -0.027144584108081 -0.00267480660969778 -6.13059989515278 87.8825096996668 1899972.32534723 -517023.023342995
-0.37565 0.0105565543307259 0.0146647351528494 -6.11940022595368 87.8754723430285 1900380.73518888 -517012.065861669
-0.3757 0.00276081225380688 -0.0203714693433705 -6.1410236052582 87.8684349863901 1899979.93228048 -517011.762633636
-0.37575 -0.0085013241873751 0.0204756723331379 -6.1326043271121 87.8613976297518 1900166.53641177 -517032.064746741
-0.3758 -0.00409268718281464 -0.00335816127774774 -6.1446785344839 87.8543602731134 1899985.96524044 -517025.208650977
-0.37585 0.0161471432076749 -0.00369171730011081 -6.13441081563941 87.8473229164751 1900217.62270238 -517011.864612358
-0.3759 -0.0123634663773035 -0.000791308706221022 -6.15547915482492 87.8402855598368 1899977.32847309 -517006.102850379
-0.37595 0.00483587579672802 0.00659740963626588 -6.15259611864459 87.8332482031984 1900243.68137186 -516979.30527537
-0.376 -0.00957550554733517 0.00049310566725932 -6.16206693169862 87.8262108465601 1900014.39265014 -516989.650898881
-0.37605 0.00157855536660991 -0.000782373288114887 -6.17734238373409 87.8191734899217 1899977.22887615 -517003.993221827
-0.3761 0.00275055699611744 0.000634189717507295 -6.17411742087888 87.8121361332834 1900007.42619311 -517000.635814196
-0.37615 0.00348455322224486 -0.000508675984009415 -6.18168239134944 87.805098776645 1900003.11047757 -516990.705298827
-0.3762 0.000958489875284871 0.0037149410044318 -6.16874105700323 87.7980614200067 1900071.06109697 -516997.196087243
-0.37625 0.00863049092785874 -0.0186079911283045 -6.18827670783719 87.7910240633683 1899907.27751621 -516984.513895797
-0.3763 0.00103023183552207 0.0101157007282947 -6.1753860767073 87.78398670673 1900197.4488614 -516968.250288028
-0.37635 -0.00508025771009688 -0.00617105629619638 -6.19618297520816 87.7769493500916 1899887.34549253 -516972.009746517
-0.3764 -0.005976586239191 0.0121992841151778 -6.19157667891475 87.7699119934533 1900019.14029145 -516968.234542623
-0.37645 0.00320835658824137 -0.0208726672326378 -6.20180474001611 87.7628746368149 1899830.64601138 -516982.891789659
-0.3765 0.00432558512706939 0.00212311057206992 -6.20500879053772 87.7558372801766 1899922.50433191 -516964.35185771
-0.37655 -0.0141393111344887 0.00730725995755254 -6.21585431238368 87.7487999235383 1899794.67890733 -516971.753431933
-0.3766 0.006945310099745 0.00358911638364613 -6.20642889883655 87.7417625668999 1900010.92772687 -516966.513621518
-0.37665 0.00578004202833161 -0.0158024647176805 -6.23173818903826 87.7347252102616 1899736.59298644 -516955.456983846
-0.3767 -0.0110678738527901 0.0240533449397537 -6.2281010253451 87.7276878536232 1899821.33646986 -516968.359654639
-0.37675 -0.0101082806867969 -0.00832039501629883 -6.24633418490991 87.7206504969849 1899493.13905039 -516971.485555576
-0.3768 0.0308030128462429 -0.0133796659417116 -6.21860409785705 87.7136131403465 1899903.00552776 -516962.491649277
-0.37685 -0.020423512555955 0.00850575680694322 -6.24435894294734 87.7065757837082 1899628.63976158 -516949.752888159
-0.3769 0.0110513653532365 0.0100713198376124 -6.23680576331512 87.6995384270698 1899910.04101595 -516955.444123488
-0.37695 -0.00321937699708549 -0.0204952793640312 -6.2515241419396 87.6925010704315 1899640.70235818 -516933.909932472
-0.377 0.0107788566615167 0.0163665815550497 -6.23078044223461 87.6854637137931 1900074.31002451 -516938.51253163
-0.37705 -0.02637850957277 -0.00481335040784217 -6.25666934999267 87.6784263571548 1899531.65354553 -516939.183142745
-0.3771 0.0307838713111969 0.00419619245331521 -6.24412835862987 87.6713890005164 1899980.72486854 -516949.603748605
-0.37715 -0.0222331143160544 -0.00987734228749475 -6.27497467511545 87.6643516438781 1899367.32140076 -516969.73996789
-0.3772 0.0111182670834279 0.0268305579915044 -6.25563632289636 87.6573142872398 1899824.27490571 -516973.12930929
-0.37725 -0.00299661384248163 -0.0216703562657396 -6.27783214085478 87.6502769306014 1899387.6627602 -516956.809734482
-0.3773 0.0149995107375205 0.0132001531363484 -6.26565860059699 87.6432395739631 1899821.42321908 -516936.406400299
-0.37735 -0.025640335642073 -0.00818513685672166 -6.29146042050423 87.6362022173247 1899345.55033569 -516922.602019616
-0.3774 0.0213711206657431 0.0148886239937673 -6.25997844977997 87.6291648606864 1899928.88121244 -516925.250960786
-0.37745 -0.00566102907146938 -0.0380258298983404 -6.29560036789882 87.622127504048 1899200.11009278 -516938.62724293
-0.3775 -0.00559843549365566 0.0371381710636835 -6.26468732194466 87.6150901474097 1899889.76459345 -516924.992715901
-0.37755 -0.0232665236877033 -0.0130262780341098 -6.29735560202686 87.6080527907713 1899314.9449457 -516927.577854977
-0.3776 0.023434596958732 0.00258201281473499 -6.28322264445261 87.601015434133 1899722.70733603 -516927.410008143
-0.37765 -0.00920994703422678 -0.0105022035271384 -6.29859545473226 87.5939780774946 1899385.59499045 -516924.147658875
-0.3777 -5.62504525762458e-05 0.0102497101291725 -6.2834208568245 87.5869407208563 1899660.29424111 -516918.893786088
-0.37775 0.00584627233462269 -0.00869456468486469 -6.28841165557811 87.5799033642179 1899557.69153299 -516916.673718058
-0.3778 -0.00274258390638593 0.00325441291111965 -6.29042473029298 87.5728660075796 1899645.60752734 -516898.711266379
-0.37785 -0.00424890345234572 -0.00170516367761329 -6.30378504036052 87.5658286509412 1899547.57431411 -516903.597122509
-0.3779 0.00481541452370613 0.000696265917440686 -6.29509905433018 87.5587912943029 1899671.75207467 -516903.26637792
-0.37795 -0.00816898744822109 0.00587991556263912 -6.30207520555929 87.5517539376646 1899503.93534244 -516922.393936488
-0.378 0.00561654462968842 -0.0095686226232681 -6.29797604685011 87.5447165810262 1899466.50712833 -516928.510479478
-0.37805 0.0156685922180179 0.00721509260679264 -6.3003453937615 87.5376792243879 1899659.96986458 -516914.41758377
-0.3781 -0.018253139463934 -0.0168240907933834 -6.32309048847886 87.5306418677495 1899210.5599625 -516906.392865551
-0.37815 0.0055479041185931 0.0290065379043886 -6.30089741435017 87.5236045111112 1899823.56428338 -516895.623947076
-0.3782 -0.00903390105098806 -0.0246231187619393 -6.32959540455363 87.5165671544728 1899292.29226791 -516888.640259497
-0.37825 0.0213552244804874 0.00769875136028782 -6.3032650390938 87.5095297978345 1899790.55681594 -516890.836607581
-0.3783 -0.035141833580952 0.00562642153185255 -6.32557815357572 87.5024924411961 1899322.96201939 -516898.254954025
-0.37835 0.0327145025489964 -0.00353036385853955 -6.31744723062713 87.4954550845578 1899689.88684939 -516894.246590694
-0.3784 -0.0123594796412273 -0.0143300696720944 -6.34009408843723 87.4884177279194 1899248.51044293 -516901.76772182
-0.37845 0.00133729442906936 0.0297128471751832 -6.31901273337389 87.4813803712811 1899719.3331121 -516888.003421564
-0.3785 -0.01817279348837 -0.0145292530905942 -6.34277744975829 87.4743430146428 1899240.33564952 -516883.607364418
-0.37855 0.0388191992710709 0.00260123668020429 -6.32482499477132 87.4673056580044 1899785.27344743 -516874.405777052
-0.3786 -0.0345925953946297 -0.0172327231588255 -6.36015479063383 87.4602683013661 1899022.39562579 -516871.374538216
-0.37865 0.0100323643524823 0.0406248637783681 -6.30938032215282 87.4532309447277 1899870.41559461 -516885.647621689
-0.3787 -0.00536735301484583 -0.051966828552982 -6.35974826856708 87.4461935880894 1899022.8682918 -516870.855993438
-0.37875 0.0221744723073406 0.0250485308540672 -6.31696928332689 87.439156231451 1899861.47831999 -516877.738202072
-0.3788 -0.0411227611489013 0.00377043151210278 -6.3500185279131 87.4321188748127 1899169.62079885 -516872.55994813
-0.37885 0.034097681645292 -0.00677579222305041 -6.33496242779514 87.4250815181743 1899612.8983711 -516872.988962625
-0.3789 -0.00817343814269372 -0.0116417203346344 -6.35259535365844 87.418044161536 1899279.75365783 -516870.126687435
-0.37895 -0.00538279372178652 0.0230949276153177 -6.33469401952769 87.4110068048976 1899642.93045314 -516848.781119666
-0.379 -0.00946297860536106 -0.00972478521151021 -6.34141338703928 87.4039694482593 1899438.28062105 -516830.900245295
-0.37905 0.0282306069320831 -0.0118042135206651 -6.33247540476375 87.3969320916209 1899745.4429797 -516844.098202701
-0.3791 -0.0332534994798842 0.0212638087827296 -6.35652604712784 87.3898947349826 1899364.31140043 -516843.555246001
-0.37915 0.00392857521299904 0.0060798356485535 -6.33528976578912 87.3828573783443 1899631.70587231 -516852.18325149
-0.3792 0.0206033578938738 -0.0357277642301421 -6.33726308521807 87.3758200217059 1899503.51700624 -516849.39566364
-0.37925 -0.0101848167595712 0.0197157917641522 -6.32801122565949 87.3687826650676 1899663.47725392 -516831.337395681
-0.3793 -0.0150817234307569 0.00531691937632115 -6.33970841677201 87.3617453084292 1899507.58092321 -516853.223473812
-0.37935 0.0208961731035227 -0.00372943290738761 -6.32319112555921 87.3547079517909 1899726.81970857 -516848.450997556
-0.3794 0.000760861621381196 -0.0116630141721896 -6.34785781003422 87.3476705951525 1899418.90623167 -516861.976151131
-0.37945 -0.0120902099932944 0.0207478874361698 -6.33303844420495 87.3406332385142 1899676.11214712 -516833.926108404
-0.3795 0.0171530852164584 -0.0186888214728509 -6.33254908734157 87.3335958818758 1899652.85915329 -516829.663952007
-0.37955 -0.00729219751231763 0.00345178600585136 -6.32775366277836 87.3265585252375 1899714.96584552 -516817.759612146
-0.3796 -6.87128698991781e-05 0.0103525220633162 -6.31905732836257 87.3195211685991 1899843.18949489 -516820.425422727
-0.37965 -0.00888132715530089 -0.00870215774566824 -6.32462083189722 87.3124838119608 1899635.88046284 -516834.205239194
-0.3797 0.00339656420515613 0.00284522639917393 -6.33437811796553 87.3054464553224 1899660.61484987 -516829.609184145
-0.37975 0.00744757770156188 -0.00939365018599249 -6.32351483530478 87.2984090986841 1899698.28168908 -516835.0042361
-0.3798 0.00243130465624424 -0.00696412948137294 -6.32087219460353 87.2913717420458 1899696.2706549 -516820.451839627
-0.37985 -0.00328955925205738 0.0184128299772044 -6.32854739092094 87.2843343854074 1899756.10563819 -516830.952385307
-0.3799 0.00557370761156418 -0.016310927584177 -6.33582394500028 87.2772970287691 1899631.7197366 -516803.05811739
-0.37995 0.0209247803605634 -0.00237166109295757 -6.3177297294504 87.2702596721307 1899869.03514466 -516816.86736761
-0.38 -0.0164343342234138 0.00745271304929765 -6.32814244597242 87.2632223154924 1899694.3584794 -516825.794745103
-0.38005 -0.000672086610975088 0.00477562858890192 -6.31604729365051 87.256184958854 1899775.73520424 -516834.37002493
-0.3801 0.0140243910906863 -0.00802611222642982 -6.32400877772409 87.2491476022157 1899749.77384005 -516825.254910851
-0.38015 -0.00513608939539563 -0.00104190101705645 -6.32846183106095 87.2421102455773 1899672.01337178 -516809.453673047
-0.3802 0.000123648642894251 0.00458143811278075 -6.32053903778398 87.235072888939 1899834.84492182 -516815.253644243
-0.38025 -0.00436933288030183 -0.00325647601352853 -6.31720635277761 87.2280355323006 1899779.98850891 -516804.388385625
-0.3803 0.013984381636804 0.0021058242058664 -6.30885686694084 87.2209981756623 1899961.24430273 -516803.751460962
-0.38035 -0.0193139715095387 -0.00654158162378608 -6.33097457836301 87.2139608190239 1899554.8489229 -516810.500168587
-0.3804 0.007966734345636 0.0158736860025957 -6.3053856813579 87.2069234623856 1900017.06309167 -516807.858537474
-0.38045 0.00174177817795199 -0.0336905312054332 -6.31503473217652 87.1998861057473 1899666.17530246 -516793.07008061
-0.3805 0.015018179634203 0.0160157526577809 -6.29870869130288 87.1928487491089 1900130.99066672 -516795.466453819
-0.38055 -0.0271640302984149 -0.00625930468470525 -6.32294463299984 87.1858113924706 1899634.25455906 -516777.179792152
-0.3806 0.0265318206615524 0.00181841155993437 -6.30421265979108 87.1787740358322 1900187.63644155 -516776.455507461
-0.38065 -0.00564154523294733 -0.022943678988519 -6.32881868613162 87.1717366791939 1899578.16506489 -516806.055380896
-0.3807 0.00310816361927505 0.0261939341472671 -6.29851681019795 87.1646993225555 1900165.90998473 -516796.518196288
-0.38075 -0.0216173092259862 -0.00783590598436325 -6.33843189069535 87.1576619659172 1899640.1112637 -516777.853151169
-0.3808 0.0312913162351572 -0.00377738233451406 -6.313355124678 87.1506246092788 1900101.98421079 -516770.724116448
-0.38085 -0.0158792032339142 0.00166994059189067 -6.3272045086338 87.1435872526405 1899869.09444428 -516760.58608941
-0.3809 0.000827026360271455 0.0261040993919921 -6.30083919427246 87.1365498960021 1900215.87640528 -516772.929985901
-0.38095 0.00472156642137789 -0.0333611672162738 -6.31971508346654 87.1295125393638 1899777.63655015 -516771.914607621
-0.381 0.00218898244038742 0.0286210425379426 -6.29678560324271 87.1224751827254 1900292.46233868 -516772.517493304
-0.38105 -0.0107868384983993 -0.0145697487740312 -6.33254356147126 87.1154378260871 1899764.54260915 -516772.315647062
-0.3811 0.0149223213902136 0.00751966388979916 -6.31185083828554 87.1084004694488 1900156.30756963 -516762.607448685
-0.38115 -0.00934901095600989 -0.00993455161271029 -6.32380233813467 87.1013631128104 1899846.82033551 -516755.489020717
-0.3812 0.0135961803276296 0.00328152155889336 -6.2978970557398 87.0943257561721 1900202.22211813 -516769.913932548
-0.38125 -0.0187960822154083 -0.0164656889150809 -6.31926028363011 87.0872883995337 1899766.34862723 -516768.960021168
-0.3813 0.0165660997830492 0.00795188095124911 -6.29729718281433 87.0802510428954 1900243.73712363 -516771.84906709
-0.38135 -0.0112802455660571 -0.00746949333371217 -6.31118205406596 87.073213686257 1899949.8924417 -516749.578713752
-0.3814 0.0113505534304692 0.00440305216646602 -6.29606419595937 87.0661763296187 1900333.66867541 -516729.264060355
-0.38145 -0.0114953078302591 -0.00265084447981065 -6.31585265191894 87.0591389729803 1900040.39370578 -516738.316578477
-0.3815 0.00911377622646964 0.00749472385114599 -6.29565420116126 87.052101616342 1900233.26508423 -516751.66915584
-0.38155 0.0107253958118709 -0.0217993177597932 -6.31143691620457 87.0450642597036 1899974.02538833 -516760.904101696
-0.3816 -0.0164452529852516 0.0258542520739949 -6.30757698233948 87.0380269030653 1900056.44334917 -516765.576140258
-0.38165 0.00381931019415495 -0.000865194332013499 -6.31316337777984 87.0309895464269 1900015.38883375 -516756.294841349
-0.3817 0.0149342228589295 -0.0188225200956205 -6.31870122121739 87.0239521897886 1900054.75130058 -516737.783120712
-0.38175 -0.00552728260663969 0.00761068678334373 -6.31099136575871 87.0169148331503 1900160.16911025 -516719.838047677
-0.3818 -0.0156790743674628 0.0176957215179378 -6.30858429521039 87.0098774765119 1900061.09830287 -516734.698293434
-0.38185 0.0188806206058778 -0.0220585890523009 -6.30754790070407 87.0028401198736 1900107.8648827 -516729.069632226
-0.3819 -0.000498201798036682 -0.0115379180322674 -6.31381540125664 86.9958027632352 1900027.85725886 -516729.413324592
-0.38195 -0.0130717870764789 0.0331981457538706 -6.30599578213395 86.9887654065969 1900273.7113477 -516725.333824361
-0.382 -0.00161467367759552 -0.0233301848450857 -6.32326749723434 86.9817280499585 1899916.92823828 -516724.448633104
-0.38205 0.0206893706943202 0.00282107841871097 -6.29668127938526 86.9746906933202 1900322.73697986 -516734.536738831
-0.3821 -0.0232535918122106 0.0048392116062985 -6.30876127034685 86.9676533366818 1899950.50449092 -516735.134095804
-0.38215 -0.00164130954763481 0.0140167122430833 -6.29215392166163 86.9606159800435 1900280.30859528 -516735.533017454
-0.3822 0.0107334882676455 -0.0333737045752894 -6.30946371236261 86.9535786234051 1900048.23296243 -516726.830581571
-0.38225 -0.0046389498537136 0.0207205065316122 -6.29896060892262 86.9465412667668 1900319.99181219 -516707.836306974
-0.3823 -0.0161552202452391 -0.000685846009112295 -6.30679847009339 86.9395039101284 1900107.78295731 -516704.383045861
-0.38235 0.032429219644117 -0.0221786520666617 -6.28640317120508 86.9324665534901 1900340.03874915 -516714.061141305
-0.3824 -0.015598466705968 0.0165613421156801 -6.29628161986898 86.9254291968518 1900240.03676095 -516717.301842147
-0.38245 -0.00832491030862749 0.011949015071708 -6.28902492901948 86.9183918402134 1900265.49032759 -516715.353434876
-0.3825 0.0189945731457188 -0.0252614589432476 -6.30003014748657 86.9113544835751 1900100.31632119 -516726.061395234
-0.38255 0.0083549917556431 0.00718895550975519 -6.27945258480884 86.9043171269367 1900368.88794805 -516731.381439362
-0.3826 -0.0349977498055039 0.0183228908390941 -6.28865811356897 86.8972797702984 1900178.88834642 -516734.712817039
-0.38265 0.0340844618950903 -0.0167899392648479 -6.27019041290229 86.89024241366 1900423.1402136 -516719.409167073
-0.3827 -0.020611349158209 -0.00650737313237468 -6.28125494545557 86.8832050570217 1900222.05939264 -516694.150818485
-0.38275 0.00395616571498422 0.018107232473375 -6.26989183335747 86.8761677003833 1900613.77320771 -516691.444655845
-0.3828 0.00252693565224397 -0.0229378238758195 -6.27390634243088 86.869130343745 1900302.4360982 -516689.855705663
-0.38285 -0.000856895308862489 0.0115498898287117 -6.26790231511161 86.8620929871066 1900512.77991133 -516711.568371637
-0.3829 -0.0211557708567549 0.00976628860541068 -6.26954449942403 86.8550556304683 1900366.44259027 -516701.709697638
-0.38295 0.0133684942734128 0.00416820918102762 -6.25938899405028 86.84801827383 1900616.91290809 -516690.107007542
-0.383 -0.00459560740045711 -0.0151453582345875 -6.2679721065331 86.8409809171916 1900320.42209915 -516688.928065093
-0.38305 -0.0112637597030488 0.0305010157050959 -6.24438658028764 86.8339435605533 1900782.52194016 -516685.956898589
-0.3831 0.00393421751331261 -0.0208002179604587 -6.25649773880449 86.8269062039149 1900494.59621842 -516696.8558653
-0.38315 0.011686349410103 -0.00314101934596537 -6.2510334573662 86.8198688472766 1900643.60550536 -516686.116793817
-0.3832 -0.0213215993542496 0.00561996664866171 -6.26206591857321 86.8128314906382 1900406.35967138 -516706.900564215
-0.38325 0.022893698916949 0.00903454506791466 -6.23853200336625 86.8057941339999 1900818.68175175 -516684.241011453
-0.3833 -0.00376643079845011 -0.0362149312297486 -6.27148543673778 86.7987567773615 1900265.72541899 -516683.450639826
-0.38335 0.00482198305123621 0.0418330089988384 -6.21997409119718 86.7917194207232 1901149.6635286 -516661.482572354
-0.3834 -0.0326367661473875 -0.015521977250052 -6.25272323536749 86.7846820640848 1900388.41793182 -516661.963196562
-0.38345 0.0432240237285425 -0.00571113572500302 -6.22893602032758 86.7776447074465 1901012.46798197 -516678.688743844
-0.3835 -0.0243009372937101 -0.0242240274748376 -6.25234821272306 86.7706073508081 1900356.28540987 -516676.964431032
-0.38355 0.00459949884106233 0.0389636099296602 -6.22237802753265 86.7635699941698 1901072.87852631 -516675.682067794
-0.3836 -0.0086876762143596 -0.0324737599635692 -6.25490042408286 86.7565326375314 1900349.20400205 -516677.490989325
-0.38365 0.0329738967671819 0.0139335638078643 -6.21544107097872 86.7494952808931 1901257.80463193 -516656.958572487
-0.3837 -0.0387523415832623 -0.012559461460929 -6.25997867983016 86.7424579242548 1900399.11585871 -516658.194871511
-0.38375 0.0180403244883676 0.0300035277974358 -6.21570606071724 86.7354205676164 1901165.62701851 -516674.491053215
-0.3838 -0.000314416200486324 -0.0409651297957554 -6.24369008211233 86.7283832109781 1900438.7423772 -516681.540163887
-0.38385 0.0233370756525751 0.025575965782798 -6.20205299579157 86.7213458543397 1901221.18033011 -516661.385165663
-0.3839 -0.0452036534677788 -0.00140571855267337 -6.24884320682352 86.7143084977014 1900332.78625691 -516679.761213492
-0.38395 0.0460721008796123 -0.00717463247282874 -6.21192493374281 86.707271141063 1901061.74818269 -516671.454222454
-0.384 -0.0262579607248087 -0.0139892382221841 -6.24017291378499 86.7002337844247 1900486.02666926 -516664.887115407
-0.38405 0.00901229408248303 0.0145151260004793 -6.20175048335585 86.6931964277863 1901066.70179619 -516670.939399344
-0.3841 -0.00345570225525712 -0.00902036443954199 -6.21196801014605 86.686159071148 1900850.75467402 -516664.062995224
-0.38415 0.00329514613632442 0.00231510911460575 -6.19503468591711 86.6791217145096 1901030.09738452 -516651.548318971
-0.3842 -0.0116669099596125 0.0105494423078986 -6.19871468072202 86.6720843578713 1900923.52429183 -516658.485233956
-0.38425 -0.00100013825098718 -0.001918174895617 -6.20177953432105 86.6650470012329 1900877.043247 -516666.806975886
-0.3843 0.0206943519068398 -0.0171869800316455 -6.19034453293758 86.6580096445946 1901007.82186044 -516666.126716358
-0.38435 -0.0120943021663466 0.0124939002505341 -6.18992774557056 86.6509722879563 1901022.4069976 -516661.830013837
-0.3844 -0.0017875790291873 0.00960205063137887 -6.18079732578694 86.6439349313179 1901116.72258864 -516669.392932152
-0.38445 0.00173957750057723 -0.0255676339506609 -6.18323160643479 86.6368975746796 1900883.75090653 -516674.345184251
-0.3845 0.0051782503469657 0.0240022918702525 -6.14678235194148 86.6298602180412 1901379.76120215 -516679.08034007
-0.38455 -0.0376438388551035 -0.00159880609326189 -6.17460459840696 86.6228228614029 1900829.73869769 -516675.714430665
-0.3846 0.0457401376249665 -0.00267457231115322 -6.13638770344102 86.6157855047645 1901536.53343281 -516679.719313542
-0.38465 -0.0218975998148112 -0.0161538838388887 -6.1607405851972 86.6087481481262 1900923.43267517 -516678.485883708
-0.3847 -0.00313687242497451 0.0348608564828443 -6.12311901332564 86.6017107914878 1901501.0791298 -516686.469055942
-0.38475 0.00799390156287337 -0.0385901825604283 -6.14405195357844 86.5946734348495 1901052.25047075 -516684.919111505
-0.3848 0.0173800680608448 0.0203119797808067 -6.12610439274719 86.5876360782111 1901612.47057934 -516674.836993218
-0.38485 -0.0422676789474223 -0.00120340625151819 -6.14578616297657 86.5805987215728 1901000.00000863 -516660.347985685
-0.3849 0.0304884076604145 0.00785318781033692 -6.10878230327525 86.5735613649344 1901739.42301748 -516659.66926125
-0.38495 0.00355590129939356 -0.0270772040839267 -6.13772260639667 86.5665240082961 1901154.93355345 -516663.550911521
-0.385 -0.0190688686162119 0.0325083161718547 -6.1217908447211 86.5594866516577 1901511.82070419 -516671.551469869
-0.38505 -0.0064540596624288 -0.0236054549599428 -6.13883078560484 86.5524492950194 1901115.14008876 -516668.865818396
-0.3851 0.0279514013660131 0.000287214186638016 -6.11428774026239 86.5454119383811 1901582.86554248 -516681.129985034
-0.38515 -0.0309582433159271 0.00327639087227839 -6.13865175920724 86.5383745817427 1901122.25681886 -516667.919495522
-0.3852 0.0151526202812467 0.0210329177693086 -6.1072372672527 86.5313372251044 1901743.75101012 -516650.457784841
-0.38525 -0.00445247705884264 -0.022745016021398 -6.13273192437966 86.524299868466 1901234.67258021 -516648.247774914
-0.3853 0.0133736815564282 0.00525342003436815 -6.11137954128388 86.5172625118277 1901596.21854723 -516650.771985709
-0.38535 -0.0245073038135031 -0.0127994501789189 -6.12464263832367 86.5102251551893 1901111.94009676 -516665.476538495
-0.3854 0.0275396634721067 0.0205841790705112 -6.08032957469011 86.503187798551 1901889.2070644 -516680.739164535
-0.38545 -0.0289803250643167 -0.0130499275131707 -6.12241927351369 86.4961504419126 1901130.43589877 -516680.361826349
-0.3855 0.0278206857881772 0.0208708073069876 -6.08006532513037 86.4891130852743 1901899.63013924 -516669.641658807
-0.38555 -0.0151307443934699 -0.0242716626568457 -6.10919815761286 86.4820757286359 1901213.58383172 -516665.333702749
-0.3856 0.0222984491327315 0.0155928019543559 -6.07972593899155 86.4750383719976 1901829.06817867 -516672.095693639
-0.38565 -0.030605778487513 -0.0113343176970277 -6.09654020213253 86.4680010153592 1901312.01613177 -516670.15184347
-0.3857 0.0318747282728471 -0.00460277441987671 -6.06940537446816 86.4609636587209 1901804.55417472 -516665.135025543
-0.38575 -0.0172574896927689 -0.0150070960621407 -6.0946558393579 86.4539263020826 1901295.16235468 -516676.558656581
-0.3858 0.00613503423064135 0.0315947911512095 -6.06810643126478 86.4468889454442 1901888.0002797 -516673.78466363
-0.38585 0.00619312728133601 -0.0394456963992325 -6.09333721470157 86.4398515888059 1901263.62744557 -516672.575288779
-0.3859 0.00300604912237645 0.0186869581454493 -6.06533796998068 86.4328142321675 1901837.85489384 -516655.335294609
-0.38595 -0.0196739159114577 -0.0072574114359621 -6.07479159248973 86.4257768755292 1901570.89275626 -516645.044014671
-0.386 0.0311224629665001 0.00313574734314341 -6.06038126272295 86.4187395188908 1901953.47369854 -516652.497553658
-0.38605 -0.0172490688967101 -0.0164064691555597 -6.07134137550584 86.4117021622525 1901477.85033438 -516655.997529917
-0.3861 0.00396861375626545 0.0300734785609532 -6.05199474164537 86.4046648056141 1902001.48637492 -516662.419136706
-0.38615 -0.00719058069472081 -0.0327250098075462 -6.07286173491117 86.3976274489758 1901424.57089479 -516663.474818411
-0.3862 0.0204421293302417 0.0138596091295043 -6.0477036738606 86.3905900923374 1901937.9520432 -516668.566814992
-0.38625 -0.0268289609771342 -0.00697862962963058 -6.06888061310608 86.3835527356991 1901477.95328558 -516675.131475383
-0.3863 0.0220328855571889 0.0155238179664581 -6.03106106937424 86.3765153790607 1902119.72743151 -516658.824925908
-0.38635 -0.00834655069256841 -0.0269166731549326 -6.06448401398636 86.3694780224224 1901535.45775193 -516653.736347786
-0.3864 0.00265305221085095 0.0308123122350518 -6.02936970433644 86.362440665784 1902117.49693421 -516648.541224977
-0.38645 -0.00691209763554972 -0.00472257691586651 -6.04789411786362 86.3554033091457 1901685.25893164 -516664.405073001
-0.3865 0.0109091084432876 0.00157595851052169 -6.02707752511404 86.3483659525074 1901999.04426298 -516650.438839956
-0.38655 0.00110953613468639 -0.0115439821627214 -6.03928420700669 86.341328595869 1901781.28945569 -516664.262733222
-0.3866 -0.0105083758042272 0.015524399553995 -6.04225494509638 86.3342912392307 1901847.24944247 -516656.251223694
-0.38665 0.00388484650737998 -0.00585327203465064 -6.04312398630625 86.3272538825923 1901909.31497066 -516642.996243081
-0.3867 -0.00369991390508894 -0.000674324585152611 -6.04098047776429 86.320216525954 1901808.63151429 -516644.221510591
-0.38675 0.00135309183314551 0.00607093836003234 -6.03442751655197 86.3131791693156 1901861.19015888 -516660.295784235
-0.3868 -0.00379369731107803 -0.00161192752201387 -6.02454276505661 86.3061418126773 1901841.26603442 -516659.249601448
-0.38685 0.014606304909452 0.0050923594469902 -6.0134947369546 86.2991044560389 1902114.17401907 -516659.992495729
-0.3869 -0.00486287059809427 -0.0207951084292078 -6.03293395891924 86.2920670994006 1901756.26523785 -516646.355627044
-0.38695 -0.00499940872962415 0.0233163142254177 -6.00771987328202 86.2850297427622 1902181.30534778 -516630.999440854
-0.387 -0.00198298258062399 -0.0236609152501648 -6.03091065146672 86.2779923861239 1901789.7899538 -516644.130503198
-0.38705 0.0197013683038991 0.0131298971503383 -6.00843369515351 86.2709550294855 1902327.31221804 -516612.251330902
-0.3871 -0.020753676709123 -0.0209109502181464 -6.03526360496555 86.2639176728472 1901720.6476003 -516628.895889485
-0.38715 0.00388913919153976 0.0369917860134313 -6.01303087652169 86.2568803162088 1902215.45587823 -516642.375854582
-0.3872 -0.0167319114867419 -0.0318093317268054 -6.04531494739001 86.2498429595705 1901544.93650749 -516641.838648782
-0.38725 0.0337018148084691 0.0166026376639839 -6.01028118769481 86.2428056029322 1902316.06797614 -516640.179775079
-0.3873 -0.0286156970428145 -0.0128882658139184 -6.03604980584398 86.2357682462938 1901551.974978 -516645.362681524
-0.38735 0.0202194305696984 0.0225100031551385 -6.00743539092799 86.2287308896555 1902335.9843302 -516644.455641612
-0.3874 -0.0190909551399329 -0.0187864369270117 -6.04625650917842 86.2216935330171 1901644.57067108 -516644.108353388
-0.38745 0.0322378520315608 0.010783307209768 -6.01525934649005 86.2146561763788 1902372.93692968 -516637.8806851
-0.3875 -0.033565348377712 0.00336199276164502 -6.03877100416754 86.2076188197404 1901816.28250772 -516627.427243518
-0.38755 0.0185683087531725 0.00810336799270143 -6.0083591566813 86.2005814631021 1902311.8669032 -516630.658767037
-0.3876 -0.00344851641992462 -0.0284689406476729 -6.03662404976003 86.1935441064637 1901772.16398804 -516642.513981281
-0.38765 0.0139659947777393 0.0358879985700741 -5.99297328894976 86.1865067498254 1902424.9072367 -516646.953341471
-0.3877 -0.0207567510727275 -0.0292139246333934 -6.03169976639945 86.179469393187 1901654.30344947 -516648.945197347
-0.38775 0.0271161226947678 0.0139953710785507 -6.00024688639132 86.1724320365487 1902501.56246468 -516618.319465898
-0.3878 -0.0203875505641531 -0.0167026205722679 -6.02715098359807 86.1653946799103 1901890.37994107 -516611.693090629
-0.38785 0.000724760630190952 0.0346222364443856 -6.00418212681101 86.158357323272 1902444.69859711 -516610.235398808
-0.3879 -0.00304682146862621 -0.0287665778370984 -6.02074727376646 86.1513199666337 1901943.08064149 -516612.118385147
-0.38795 0.0163019163259292 0.0137224167644255 -6.0004982768256 86.1442826099953 1902318.82984951 -516633.784008372
-0.388 -0.0298060863554359 -0.00118223776308365 -6.01134306741517 86.137245253357 1901888.68087373 -516635.872073372
-0.38805 0.0213875445887625 -0.000434650350215887 -5.98912283702613 86.1302078967186 1902244.17919943 -516644.344237195
-0.3881 -0.00917532628917894 -0.00473904023998293 -6.00022832706791 86.1231705400803 1902043.96295235 -516636.112646237
-0.38815 0.00872528332396123 -0.00220321584501113 -5.99151084785248 86.1161331834419 1902254.06377044 -516637.14175481
-0.3882 -0.0173292890203172 0.00480820246158839 -5.99528244314852 86.1090958268036 1902043.53085369 -516647.55020913
-0.38825 0.00487374459835138 -0.00594769557325377 -5.98847867337696 86.1020584701652 1902169.50196618 -516654.166872218
-0.3883 0.0152528707888308 -0.0107716126130796 -5.98216671785717 86.0950211135269 1902235.9808955 -516636.112952655
-0.38835 -0.00626277734314464 0.00675047863044766 -5.98971498491524 86.0879837568885 1902189.46049316 -516627.557455752
-0.3884 -0.00639588288448556 0.00141738216167263 -5.99024304196869 86.0809464002502 1902255.56938454 -516626.901440488
-0.38845 0.016988411225125 -0.00870520461419344 -5.98335269989701 86.0739090436118 1902300.18082505 -516641.068146911
-0.3885 -0.0157474017752724 0.00626012101067296 -5.98349449570337 86.0668716869735 1902156.23513763 -516637.330512374
-0.38855 0.0130849827701873 0.00313410668268893 -5.98453169422302 86.0598343303352 1902216.51895577 -516652.306242641
-0.3886 -0.00135756986447009 -0.00900544133375662 -5.995783902168 86.0527969736968 1902057.8337392 -516647.510356279
-0.38865 0.00346119972756371 0.0091202035841937 -5.98176394904898 86.0457596170585 1902181.00635225 -516665.103743382
-0.3887 -0.00199836206611892 -0.0100282504955216 -5.9871359835931 86.0387222604201 1902078.62214728 -516666.567176737
-0.38875 0.00863910014767664 0.00482745366721062 -5.98022177599612 86.0316849037818 1902219.47251742 -516668.036709146
-0.3888 -0.00533709121100899 -0.00676351372598741 -5.97671274263423 86.0246475471434 1902190.09268022 -516656.810647068
-0.38885 -0.00285807527075624 0.0074525638375789 -5.96278989578173 86.0176101905051 1902366.85979327 -516649.767510768
-0.3889 0.00628272603058526 -0.017965670880448 -5.97995858832901 86.0105728338667 1902156.82026548 -516653.696376284
-0.38895 0.0011250855000843 0.0137504160101532 -5.97058340912071 86.0035354772284 1902337.70592745 -516652.074135453
-0.389 -0.0178868635977025 0.00554832483079528 -5.98346687580964 85.99649812059 1902057.16355079 -516669.379598179
-0.38905 0.0222171094011544 -0.00564269093230395 -5.97244500958267 85.9894607639517 1902324.67257525 -516651.726748191
-0.3891 0.00351127009394594 -0.00125425334561853 -5.968840881218 85.9824234073134 1902336.79259948 -516661.228605588
-0.38915 -0.00738108723395605 0.00410169648190676 -5.97498965653071 85.975386050675 1902272.81468169 -516639.176720731
-0.3892 -0.00209022647853157 -0.00125216954912281 -5.95677840218985 85.9683486940367 1902412.45602495 -516637.071461072
-0.38925 0.0172651159853285 -0.0100130195032334 -5.9538525977024 85.9613113373983 1902418.98697096 -516650.460439343
-0.3893 -0.0242678971711268 0.00905769793323491 -5.96106500139069 85.95427398076 1902222.57630058 -516654.456462282
-0.38935 0.00352590709572256 0.00220552231394254 -5.95570556850887 85.9472366241216 1902396.34490323 -516661.765894665
-0.3894 0.0128524967117587 -0.00426518212669782 -5.95495725166201 85.9401992674833 1902374.46959378 -516660.038828737
-0.38945 -0.00618240920516047 -0.00593873888211318 -5.95312935497735 85.9331619108449 1902333.81710185 -516653.519992596
-0.3895 -0.0118216054671738 0.0117884860790247 -5.95665822765323 85.9261245542066 1902330.24160534 -516660.034177287
-0.38955 0.00594771111178055 -0.0154115978896474 -5.96302987817929 85.9190871975682 1902243.34060144 -516681.284952041
-0.3896 0.0126142193683016 0.00473239827427862 -5.95471319284304 85.9120498409299 1902502.12789358 -516648.434132963
-0.38965 -0.0240979960370503 -0.00966061553914566 -5.95702408631693 85.9050124842915 1902246.02308185 -516652.512989829
-0.3897 0.0189131328173284 0.0209661655736866 -5.93475126832735 85.8979751276532 1902827.93063402 -516620.528132516
-0.38975 -0.0241474526629526 -0.0136642771745568 -5.96867600055503 85.8909377710149 1902079.56713279 -516650.960516544
-0.3898 0.0332780221061327 0.0181281119772544 -5.93156656836029 85.8839004143765 1902744.77637051 -516649.953928551
-0.38985 -0.0303566949705695 -0.00952797403623723 -5.95863862332131 85.8768630577382 1902038.29450259 -516665.331477696
-0.3899 0.0238254948058689 0.011892492118474 -5.91871978471427 85.8698257010998 1902765.62144992 -516667.073505742
-0.38995 -0.0121164124795416 -0.0276445560729995 -5.94605808097781 85.8627883444615 1902148.2347103 -516668.979125966
-0.39 0.0211057366309792 0.0252313556142031 -5.90757787736583 85.8557509878231 1902938.96953101 -516652.489224669
-0.39005 -0.0179172029578786 -0.0213280049170366 -5.939868697774 85.8487136311848 1902219.3204435 -516635.656275235
-0.3901 0.0159359758453002 0.0152904460538424 -5.90285961531071 85.8416762745464 1902908.9541114 -516629.782241215
-0.39015 -0.0166981649960143 -0.0168185476740285 -5.93579472896918 85.8346389179081 1902255.54730322 -516654.608549447
-0.3902 0.0141015107431304 0.0188160575748232 -5.89781680246029 85.8276015612697 1902849.74118783 -516663.348941446
-0.39025 -0.00524941474445952 -0.021881245879214 -5.92124914849434 85.8205642046314 1902363.0600317 -516653.998261436
-0.3903 0.0107423416190691 0.0162669017284374 -5.8949944474599 85.813526847993 1902756.54259475 -516672.807434059
-0.39035 -0.0074510133885293 -0.0117299971758483 -5.90479442761266 85.8064894913547 1902414.56227059 -516682.955765255
-0.3904 0.0123338898076943 0.016537300102079 -5.88819401896029 85.7994521347164 1902803.32939692 -516690.742133864
-0.39045 -0.0178173453161897 -0.0177429189640854 -5.90845729779642 85.792414778078 1902386.88660913 -516669.500498849
-0.3905 0.0162021457286738 0.0169952502739208 -5.8873222944742 85.7853774214397 1902892.06470331 -516667.638899967
-0.39055 0.000353140960220059 -0.0193294367252449 -5.89511877217091 85.7783400648013 1902488.14516 -516686.014105721
-0.3906 -0.0063419221905943 0.0206882427204856 -5.89149385191678 85.771302708163 1902710.91356976 -516675.55029825
-0.39065 0.00739704066187064 -0.0115319060346829 -5.89553678412731 85.7642653515246 1902576.00490676 -516670.952822686
-0.3907 0.00832859325466051 -0.00199265526868668 -5.89281593369297 85.7572279948863 1902737.58483135 -516651.114672409
-0.39075 -0.00452066552510714 -0.00406166020070262 -5.89749347935565 85.7501906382479 1902519.55534881 -516665.994629013
-0.3908 0.00147203860374857 0.00373059142528225 -5.89180811140556 85.7431532816096 1902691.11378845 -516666.029221137
-0.39085 -0.00693119271801459 -0.00997300526304379 -5.90269173830312 85.7361159249712 1902519.85334099 -516661.888119121
-0.3909 0.00554019738079151 -0.001551748387808 -5.90679497776677 85.7290785683329 1902601.58341385 -516661.108428668
-0.39095 -0.0153303041639573 0.00344259383790677 -5.91106514046136 85.7220412116945 1902553.13129301 -516642.976700545
-0.391 0.0130204565458789 0.00147340080596023 -5.91491335595514 85.7150038550562 1902676.03618509 -516648.859985951
-0.39105 -0.00567117360819663 -0.00978191170676188 -5.92992134693864 85.7079664984179 1902368.0312992 -516657.345496619
-0.3911 0.00298469433004906 0.0244870351147004 -5.91612096803316 85.7009291417795 1902622.73155269 -516667.030249052
-0.39115 -0.00955969155291823 -0.0136160941953289 -5.93141394434166 85.6938917851412 1902225.82794772 -516682.172498676
-0.3912 0.0178617905640138 0.0168603195327068 -5.90179337158188 85.6868544285028 1902660.57103708 -516693.482962833
-0.39125 -0.00496589247762928 -0.0241778707115218 -5.93113144675241 85.6798170718645 1902193.05931021 -516678.986543123
-0.3913 0.00837874674756045 0.0241258507386753 -5.89776981784917 85.6727797152261 1902688.35723216 -516683.195645921
-0.39135 -0.0203949679548621 -0.0126902859920733 -5.93327857838949 85.6657423585878 1902140.07344302 -516663.280574242
-0.3914 0.0340855646630721 0.00721321225129634 -5.90053769759266 85.6587050019494 1902802.86406604 -516665.087500638
-0.39145 -0.036072405849334 -0.000437107329320697 -5.91442347737782 85.6516676453111 1902259.01836151 -516664.512351386
-0.3915 0.0249710060655764 0.0132191454141214 -5.87285722034967 85.6446302886727 1902896.40269973 -516678.075668918
-0.39155 -0.01117218250366 -0.0387958052958472 -5.91104139002216 85.6375929320344 1902168.77278655 -516677.049885913
-0.3916 0.0238853366291517 0.0290274248724242 -5.87400884596312 85.630555575396 1902935.92346129 -516693.756868322
-0.39165 -0.04471564866095 -0.0103202009916536 -5.89836458780171 85.6235182187577 1902209.44169623 -516685.482353644
-0.3917 0.0448862968467149 -0.0016228868816152 -5.85797158070972 85.6164808621194 1902955.59856963 -516695.864457631
-0.39175 -0.0239875431916539 -0.0152505593783942 -5.89495678510866 85.609443505481 1902211.91096971 -516708.256737657
-0.3918 0.00945334546292033 0.0420255391491873 -5.84191149544094 85.6024061488427 1903006.41528681 -516720.77562306
-0.39185 -0.0127175398610058 -0.0431983984762625 -5.86513371608093 85.5953687922043 1902292.84272938 -516709.437612033
-0.3919 0.043704414922363 0.017730420482146 -5.81739253366594 85.588331435566 1903284.94406333 -516694.308522674
-0.39195 -0.0480882741954254 -0.00355274398787849 -5.86638209284748 85.5812940789276 1902386.24855245 -516702.518756565
-0.392 0.0324330727833134 0.0307363398466457 -5.82346788902176 85.5742567222893 1903210.8974976 -516701.01254618
-0.39205 -0.0162292230059297 -0.0351984762292706 -5.85746137923392 85.5672193656509 1902317.21313739 -516711.197060066
-0.3921 0.0201999082543538 0.0323067180127706 -5.81070950912554 85.5601820090126 1903273.2229145 -516706.712774223
-0.39215 -0.0179408857563876 -0.0152776254683002 -5.84161928370656 85.5531446523742 1902486.19866529 -516720.305359723
-0.3922 0.0162069218918699 5.59217525378271e-05 -5.84043683605597 85.5461072957359 1902766.4221054 -516718.798549179
-0.39225 -0.00978842848245551 0.00555401728435633 -5.84752151493289 85.5390699390975 1902618.22855294 -516718.231006375
-0.3923 -0.00381083266259721 -0.00446246555679192 -5.83277823947837 85.5320325824592 1902795.04115486 -516711.386969915
-0.39235 0.0172782621430392 0.000901519045362442 -5.81987807212433 85.5249952258209 1902980.00796316 -516700.307259283
-0.3924 -0.0109599992188108 -0.0127487897781137 -5.82517059607468 85.5179578691825 1902750.6563159 -516699.865917704
-0.39245 0.00835970152205534 0.0186756511096476 -5.81775793068892 85.5109205125442 1903051.57587277 -516715.20781026
-0.3925 -0.0137157143512645 -0.0120323730196204 -5.83689458004206 85.5038831559058 1902627.65049858 -516714.898107079
-0.39255 0.0165138742850165 0.010171724038636 -5.81544746514727 85.4968457992675 1903111.89693993 -516709.909328617
-0.3926 -0.00696397766807687 -0.0208511711908908 -5.83504661947335 85.4898084426291 1902617.67333783 -516707.779005476
-0.39265 0.00981689635328474 0.0206345272935436 -5.8128361800185 85.4827710859908 1903056.47237419 -516718.02990457
-0.3927 -0.0148844532547189 -0.0171374562477173 -5.84459876511659 85.4757337293524 1902622.74840884 -516687.233537716
-0.39275 0.0134519985608436 0.00251786819237299 -5.82782154521521 85.4686963727141 1902936.74128278 -516698.575730649
-0.3928 -0.00814009387843299 -0.00198131597261485 -5.83383321510594 85.4616590160757 1902766.90211546 -516699.465563137
-0.39285 0.00213096529452545 0.00133819195773923 -5.82887367005318 85.4546216594374 1902807.02338567 -516722.917614518
-0.3929 0.00241450203775122 0.0100370310748237 -5.82454793719392 85.4475843027991 1902957.89848808 -516702.343901844
-0.39295 -0.00308710987254888 -0.0177262036074325 -5.82933305123354 85.4405469461607 1902803.85390426 -516703.553629158
-0.393 0.00487358588637402 0.0188771878875544 -5.80452318735833 85.4335095895224 1903204.3613028 -516698.554419356
-0.39305 -0.0140765961655423 -0.014282482354398 -5.83194911742247 85.426472232884 1902651.19224835 -516716.67476847
-0.3931 0.018788476357407 0.0126082202942564 -5.81490148021478 85.4194348762457 1903071.19395798 -516713.405178938
-0.39315 -0.0193346868712368 -0.0189911525233257 -5.83465747748846 85.4123975196073 1902590.87661826 -516716.901650419
-0.3932 0.0206515304560084 0.0206087176319729 -5.79635538850156 85.405360162969 1903286.38264118 -516732.012751213
-0.39325 -0.0129710084569924 -0.0224744072165284 -5.81932500215243 85.3983228063306 1902708.32368319 -516713.740467112
-0.3933 0.00719399547963085 0.0203529629463784 -5.79682931640121 85.3912854496923 1903133.63827347 -516735.45122245
-0.39335 -0.0140607249156318 -0.0300037590158156 -5.81813291981824 85.3842480930539 1902597.41578759 -516719.265394254
-0.3934 0.028341544660868 0.017467319001896 -5.78115271688028 85.3772107364156 1903342.49601104 -516723.891032271
-0.39345 -0.0371553096976182 -0.0123788605490658 -5.82539026699091 85.3701733797772 1902572.45373367 -516697.759250584
-0.3935 0.0239176278124387 0.0163495628612837 -5.78217261300005 85.3631360231389 1903439.25636818 -516689.512400176
-0.39355 -0.00657660481903024 -0.040791259527082 -5.80971401799277 85.3560986665005 1902681.94489283 -516708.987723121
-0.3936 0.0173412670588097 0.0235510346191238 -5.77801122779357 85.3490613098622 1903406.15148703 -516713.477356388
-0.39365 -0.0280600358739941 -0.00951861261270016 -5.82054839933042 85.3420239532239 1902695.80380368 -516714.037852748
-0.3937 0.0352107763403503 0.0117122759420479 -5.78535923402566 85.3349865965855 1903409.71895196 -516728.320884547
-0.39375 -0.0265873636372767 -0.0151373776952392 -5.82343930445299 85.3279492399472 1902622.83109899 -516723.914856791
-0.3938 0.0201256327010297 0.0197778297788593 -5.78686895722324 85.3209118833088 1903324.88560806 -516717.908853745
-0.39385 -0.0182305706762616 -0.0261331096704502 -5.81707564865012 85.3138745266705 1902635.58454537 -516722.093825274
-0.3939 0.0159946178020759 0.0250717498256461 -5.78017424966885 85.3068371700321 1903429.48615731 -516697.911084667
-0.39395 -0.0255716843838744 -0.0156169199151377 -5.81508129072056 85.2997998133938 1902787.61754915 -516695.825583157
-0.394 0.015969835114331 0.021571139680634 -5.78070760454608 85.2927624567554 1903406.0776324 -516705.203513022
-0.39405 -0.00265371913147402 -0.0345957957451034 -5.80631048124417 85.2857251001171 1902810.12834563 -516710.954356366
-0.3941 8.02242913756574e-05 0.0323150224618145 -5.78640398936337 85.2786877434787 1903360.28000902 -516706.146088074
-0.39415 -0.00825224890212021 -0.0194146735847656 -5.80634468375484 85.2716503868404 1902857.75392925 -516700.521210591
-0.3942 0.0129007026076729 0.00966471477758103 -5.78394434086428 85.264613030202 1903337.44938907 -516696.684383272
-0.39425 -0.0226567671856105 -0.0142092574853709 -5.80151372899107 85.2575756735637 1902819.87541516 -516709.922797689
-0.3943 0.0180748950990425 0.0146000995570469 -5.77698299456033 85.2505383169254 1903346.29392926 -516721.950466474
-0.39435 -0.0189857915441723 -0.0161233983233196 -5.8067458558554 85.243500960287 1902821.57025221 -516713.55028345
-0.3944 0.020408273026728 0.0162783194329357 -5.77472779393591 85.2364636036487 1903370.88750984 -516698.953922192
-0.39445 -0.0219788063290601 -0.0224842103032175 -5.8147388948689 85.2294262470103 1902712.4030734 -516695.957745771
-0.3945 0.0368574484324671 0.0133668811848733 -5.77756334295877 85.222388890372 1903494.64598711 -516694.822540995
-0.39455 -0.0409689699010237 -0.00517200146150412 -5.81033372456042 85.2153515337336 1902743.30723679 -516692.431949052
-0.3946 0.02920651707731 0.0236058923377068 -5.76452165670503 85.2083141770953 1903617.16991514 -516715.004332274
-0.39465 -0.0131885822632304 -0.0323211972913409 -5.80598623587438 85.2012768204569 1902769.95363918 -516722.68428816
-0.3947 0.0276323412945549 0.028175077530717 -5.76846727930236 85.1942394638186 1903605.65262247 -516717.167830432
-0.39475 -0.0428514581849062 -0.0200755372423252 -5.79990182884373 85.1872021071802 1902716.25404348 -516700.853483272
-0.3948 0.040244877080216 0.0146220415304997 -5.77163032572542 85.1801647505419 1903566.6804284 -516724.478959922
-0.39485 -0.00615983422619287 -0.0372729468840549 -5.81169516689524 85.1731273939035 1902701.41007941 -516720.996993641
-0.3949 -0.0020787266612271 0.0546016866646139 -5.77015380983947 85.1660900372652 1903559.29584677 -516723.067249506
-0.39495 -0.0239790663881537 -0.0358118211540495 -5.81339895256718 85.1590526806269 1902696.62184145 -516707.20591579
-0.395 0.0456722274019374 0.0156364699286724 -5.76254396659132 85.1520153239885 1903714.14813647 -516711.47033091
-0.39505 -0.0296334028962152 -0.0210022749286693 -5.81310728338269 85.1449779673502 1902776.59734673 -516692.738114996
-0.3951 0.0182240688365704 0.0307815917419511 -5.77216205213351 85.1379406107118 1903626.92238144 -516700.192812914
-0.39515 -0.0275977233406285 -0.0200191563595301 -5.79726314978833 85.1309032540735 1902768.66542673 -516730.968957955
-0.3952 0.0450095374087004 0.00927549643451195 -5.75161206840817 85.1238658974351 1903701.22612822 -516708.607018673
-0.39525 -0.037626707328292 -0.018280635948832 -5.79204692549247 85.1168285407968 1902789.72115201 -516711.980733165
-0.3953 0.0145901750326651 0.0351458609640281 -5.75932845083654 85.1097911841584 1903650.50163054 -516700.568542528
-0.39535 0.000471550331443867 -0.0301187703226832 -5.7854885428706 85.1027538275201 1903013.86339222 -516710.891237871
-0.3954 0.00823896000965555 0.021403341486812 -5.76290824906454 85.0957164708817 1903508.15047225 -516702.006642038
-0.39545 -0.0309260436962961 -0.00386615488828209 -5.78534332932001 85.0886791142434 1902996.42144098 -516712.203051704
-0.3955 0.0171952157231182 0.00946904097019079 -5.75170689374109 85.081641757605 1903557.72127418 -516714.00053296
-0.39555 -0.00318521548529716 -0.0099302026012108 -5.77837537732955 85.0746044009667 1903151.09931849 -516718.19836838
-0.3956 0.00161146652118751 0.0112375261110916 -5.76560814688061 85.0675670443284 1903371.80847843 -516706.810570883
-0.39565 -0.0110166033848186 -0.00522491309203081 -5.78240155584295 85.06052968769 1903192.42085423 -516691.893432746
-0.3957 0.023006913984982 -0.00464706547074776 -5.76670508869673 85.0534923310517 1903506.26205533 -516684.701460591
-0.39575 -0.0177971732553309 0.00777703153277458 -5.77215162425004 85.0464549744133 1903250.35935976 -516702.653820844
-0.3958 -0.0115844699155614 0.0191808050194197 -5.76861039439774 85.039417617775 1903363.77015816 -516702.087762237
-0.39585 0.0042543515037548 -0.0171456479239569 -5.77377375778729 85.0323802611366 1903238.7721559 -516701.954480017
-0.3959 -0.0155522128295554 0.0157283433063432 -5.77515693850207 85.0253429044983 1903368.30549196 -516681.89097121
-0.39595 0.0124949015857195 -0.00529815894970938 -5.77340372111597 85.0183055478599 1903379.79383041 -516686.775167095
-0.396 0.00185423623798381 -0.0209251373844383 -5.78307781570117 85.0112681912216 1903229.04240538 -516681.585526887
-0.39605 -0.00258353997548875 0.0330133521597161 -5.76923722322308 85.0042308345832 1903561.45563262 -516696.833168221
-0.3961 -0.00677306351311055 -0.0161118917210801 -5.79191203482398 84.9971934779449 1903060.51227171 -516695.823503654
-0.39615 0.00951522434397521 0.00444282528338832 -5.79148089570673 84.9901561213065 1903312.14716031 -516691.596200778
-0.3962 -0.00266132714827085 -0.0015562793863034 -5.8070389337575 84.9831187646682 1903085.48216347 -516681.593783698
-0.39625 -0.00861561723722537 0.00175661961137676 -5.80609727203415 84.9760814080299 1903180.18238528 -516660.73322328
-0.3963 0.012974756907062 -0.0134534272252048 -5.80643450686674 84.9690440513915 1903224.83518882 -516672.270113581
-0.39635 0.00214287224709169 -0.000118473657118938 -5.8067495011514 84.9620066947532 1903196.61776314 -516679.187537359
-0.3964 -0.0101928744891212 0.0185881726092536 -5.80704224639979 84.9549693381148 1903169.17064134 -516683.624676465
-0.39645 -0.00398392920230624 -0.00531188735121518 -5.81220835912333 84.9479319814765 1903137.31627434 -516672.7748452
-0.3965 0.00155549029319528 0.000453555525092841 -5.79868909588644 84.9408946248381 1903275.38629052 -516690.500943491
-0.39655 -0.00403274995768818 0.010555336487627 -5.81578896332547 84.9338572681998 1903194.40848414 -516675.399309972
-0.3966 -0.00402073735523711 0.00206742635050777 -5.81851825727616 84.9268199115614 1903135.36545177 -516677.906107341
-0.39665 -0.00338096776132458 -0.0018017302146826 -5.82702062646394 84.9197825549231 1903113.52991797 -516644.23767252
-0.3967 0.00391025867741369 -0.00762964845395099 -5.83057911879203 84.9127451982847 1903054.43513213 -516673.062420539
-0.39675 0.00113264992806912 0.00645894328087228 -5.81527456466405 84.9057078416464 1903179.62066553 -516673.285185508
-0.3968 -0.00953298700919352 0.00750701386254759 -5.81143379328681 84.8986704850081 1903159.53835782 -516678.582838024
-0.39685 0.00592271152144667 -0.0160410445963627 -5.82075452572085 84.8916331283697 1903101.08235861 -516664.422333539
-0.3969 0.00868551639195784 0.00201419640256848 -5.8197657976945 84.8845957717314 1903228.24633883 -516654.517369223
-0.39695 -0.0142303050647936 0.0132680893474587 -5.82110685324755 84.877558415093 1903137.28364719 -516669.969503386
-0.397 0.020226308738718 -0.00573355498750845 -5.81408259521829 84.8705210584547 1903338.15674955 -516663.298985961
-0.39705 -0.00841951334038508 3.53783603930357e-05 -5.82454270972557 84.8634837018163 1903110.45672386 -516671.902038608
-0.3971 0.000622982654886901 0.0156779353033944 -5.81404888534955 84.856446345178 1903269.25578925 -516667.112547246
-0.39715 -0.00807153054140929 -0.0227483859966982 -5.83437526563195 84.8494089885396 1902876.04349165 -516675.86672369
-0.3972 0.0187037945112104 0.013737837869736 -5.81960987508586 84.8423716319013 1903385.36978783 -516659.202161311
-0.39725 -0.0259604402148229 -0.0115255455323061 -5.85304080692353 84.8353342752629 1902768.7698751 -516647.907976509
-0.3973 0.0307882228200356 0.0184587957596364 -5.81990801812763 84.8282969186246 1903507.69672291 -516646.29117281
-0.39735 -0.00976321806904886 -0.0438690056066818 -5.85052510873727 84.8212595619862 1902663.44413539 -516661.970484467
-0.3974 0.00832433835380069 0.0459936947987895 -5.81063230004805 84.8142222053479 1903594.11875516 -516663.894153893
-0.39745 -0.0236421997809153 -0.0304723672080592 -5.85314850109156 84.8071848487096 1902620.69594515 -516662.6762217
-0.3975 0.0311367396448175 0.0253951584981965 -5.81366112750963 84.8001474920712 1903519.43216988 -516660.862739342
-0.39755 -0.0249772249799616 -0.027039274972595 -5.85323955761386 84.7931101354329 1902660.96318469 -516664.435025701
-0.3976 0.0181247467754636 0.0318148590867697 -5.81558106103262 84.7860727787945 1903444.27991909 -516669.592449758
-0.39765 -0.0133537589460706 -0.0376369219702133 -5.84930981136702 84.7790354221562 1902691.81328172 -516656.352121647
-0.3977 0.0228528117103692 0.0286389309846194 -5.82368352597579 84.7719980655178 1903421.13509085 -516652.445255738
-0.39775 -0.0300884313939753 -0.0111629900992695 -5.86122060392734 84.7649607088795 1902724.70404634 -516635.529282348
-0.3978 0.0187040076651695 0.0130906776526723 -5.82893832623855 84.7579233522411 1903348.40570383 -516632.778425776
-0.39785 -0.00312066404599124 -0.027614784638356 -5.86619723733108 84.7508859956028 1902721.33261441 -516644.230838204
-0.3979 -0.00180258294071577 0.0323857675926498 -5.83486876483282 84.7438486389644 1903286.28154315 -516635.732723987
-0.39795 -0.00884148924991784 -0.0232993524555519 -5.8581886144353 84.7368112823261 1902743.67548827 -516648.336391567
-0.398 0.0175224350172216 0.00114363079777346 -5.84507892511778 84.7297739256877 1903102.78374808 -516652.640845089
-0.39805 -0.0200971312073366 -0.000896101512936254 -5.85668751879726 84.7227365690494 1902790.08443293 -516651.745989337
-0.3981 0.0112639081948473 0.0173861302276606 -5.84242868814089 84.7156992124111 1903214.52863344 -516624.558363986
-0.39815 0.0102973076313782 -0.0247601611104866 -5.85809786081025 84.7086618557727 1902825.18390641 -516638.736044071
-0.3982 -0.00603214724294128 0.0204559883297632 -5.85112653351547 84.7016244991344 1903126.21462475 -516620.1208846
-0.39825 -0.0147494198274448 -0.00886647496310651 -5.86289716296598 84.694587142496 1902806.2142053 -516626.512508949
-0.3983 0.022588520350149 -1.426551137983e-05 -5.84411893066125 84.6875497858577 1903298.78420555 -516613.694749298
-0.39835 -0.0225358921439879 -0.0218755729598165 -5.89100020377251 84.6805124292193 1902572.99415698 -516620.973404693
-0.3984 0.00555869613652569 0.0337571463604109 -5.85748797924636 84.673475072581 1903276.74486143 -516622.003297595
-0.39845 -0.0136574703511741 -0.0314064074770605 -5.8903365669522 84.6664377159426 1902648.50074574 -516611.993424059
-0.3985 0.0102563159238838 0.0271703722286158 -5.86597574751539 84.6594003593043 1903308.78750444 -516606.012330045
-0.39855 -0.0238613023665291 -0.0178259670161572 -5.90463133977752 84.6523630026659 1902669.24164106 -516595.966941444
-0.3986 0.025257347406964 0.0274942578610427 -5.86437889859934 84.6453256460276 1903303.08967273 -516639.308880166
-0.39865 -0.0251099205657731 -0.0243863756503545 -5.90249210686374 84.6382882893892 1902583.26404486 -516610.494238413
-0.3987 0.025500775864833 0.02921222181133 -5.87365523248645 84.6312509327509 1903368.73896373 -516596.144752041
-0.39875 -0.0253262083673563 -0.028191122400745 -5.90919613019081 84.6242135761126 1902502.70005536 -516590.447158458
-0.3988 0.0335033339080599 0.0196078024198164 -5.88269462420212 84.6171762194742 1903369.25831774 -516576.705800929
-0.39885 -0.0266588750350959 -0.0220620393755255 -5.9309080355884 84.6101388628359 1902416.33296167 -516592.410539009
-0.3989 0.0262947765698261 0.025318249569173 -5.90287828854748 84.6031015061975 1903108.53916364 -516601.433930155
-0.39895 -0.0254819499140418 -0.0237800330694404 -5.93626431688286 84.5960641495592 1902412.13423045 -516594.907433333
-0.399 0.0247578083349196 0.0149642430708976 -5.91565926407815 84.5890267929208 1903004.18786104 -516588.77457909
-0.39905 -0.0250697531514467 -0.00631112822038541 -5.94000847704948 84.5819894362825 1902551.40657467 -516577.456266109
-0.3991 0.013310603529922 0.00950598250578238 -5.92192224401716 84.5749520796441 1902917.51498248 -516565.591222256
-0.39915 -0.00386512087045286 -0.021740630290378 -5.93046695439721 84.5679147230058 1902612.53776607 -516581.066011715
-0.3992 -0.00291937953343292 0.0228277841951902 -5.91867107914636 84.5608773663674 1902970.35172293 -516577.69955363
-0.39925 -0.0124627998200851 -0.00795714445812126 -5.93193964322978 84.5538400097291 1902593.1702421 -516590.414910877
-0.3993 0.0259844227968032 0.00273054890629533 -5.92135250260207 84.5468026530907 1903025.55548241 -516577.091741075
-0.39935 -0.0230293053759358 -0.00535422555206726 -5.94833043647898 84.5397652964524 1902504.63318871 -516558.81328697
-0.3994 0.00669867516110585 0.0267112743817326 -5.92258883363078 84.532727939814 1903141.61075524 -516546.233232032
-0.39945 -0.00320247778323136 -0.0317493694366058 -5.95207289442913 84.5256905831757 1902485.69052363 -516577.966436729
-0.3995 0.0135674021412342 0.0176583271501314 -5.94073753443832 84.5186532265374 1902989.46156012 -516560.308327826
-0.39955 -0.0224503746568584 -0.0184604566997565 -5.96517596406764 84.511615869899 1902380.3885873 -516559.625269355
-0.3996 0.0217249607794486 0.0245091845392725 -5.93491554551109 84.5045785132607 1903102.3502724 -516554.13980857
-0.39965 -0.0208055801818832 -0.0227070104190298 -5.96726959370684 84.4975411566223 1902327.77200504 -516563.572380548
-0.3997 0.0329052940845332 0.0304604447408396 -5.93158535167566 84.490503799984 1903172.9654006 -516572.784652719
-0.39975 -0.0233563120735714 -0.0377159599961145 -5.97981622277616 84.4834664433456 1902100.12237744 -516571.670975557
-0.3998 0.0216322871254869 0.0370236352356973 -5.92932965114562 84.4764290867073 1903199.55920112 -516557.542999255
-0.39985 -0.0164460177607635 -0.0371726532580379 -5.97144958410903 84.4693917300689 1902391.50922531 -516551.589608081
-0.3999 0.0245610763879669 0.0315896799937829 -5.92816399023592 84.4623543734306 1903271.64914039 -516537.73499036
-0.39995 -0.0399623578430025 -0.0236880692310926 -5.98435703005988 84.4553170167922 1902237.93271545 -516537.686837172
-0.4 0.0482727362784286 0.00446662564062161 -5.94395070594359 84.4482796601539 1903142.78896579 -516536.913969509
