# Fix print output for fix defprint
0 0.133537080035141 0.134418013213059 -0.274467636925394 469.148778958904 71063194.1348656 -19334097.0266385
-5e-05 -0.0345290083896444 -0.0360143094948444 -0.38446031220586 469.125321519956 70962654.8283646 -19334425.8932765
-0.0001 0.0190949316545279 0.0205869613664389 -0.357216585548937 469.101864081008 70993150.9964295 -19334424.7754103
-0.00015 -0.0109097788940065 -0.0128990934738259 -0.383189711139209 469.07840664206 70972855.3934291 -19334588.2261717
-0.0002 0.00639948940578073 0.0076590241733591 -0.378354770705778 469.054949203112 70982399.3899509 -19334603.6851281
-0.00025 -0.00513731660340944 -0.00515795430120166 -0.392690260817329 469.031491764164 70973988.5369741 -19334622.5504885
-0.0003 0.00241745893977038 0.00413082181612307 -0.394437097686037 469.008034325216 70977428.3653908 -19334613.1105358
-0.00035 -0.00228973966491464 -0.00237574290330845 -0.404568678662536 468.984576886268 70973050.5505844 -19334510.8962251
-0.0004 0.00122973706672719 0.00163024414457926 -0.408839724671125 468.96111944732 70973978.0664808 -19334497.5693725
-0.00045 -0.00154864325668045 -0.00205206454384899 -0.41779838384249 468.937662008372 70970627.6072299 -19334449.566251
-0.0005 0.000603507807050402 0.00116365616059975 -0.422866512890561 468.914204569424 70970372.3523459 -19334608.6856058
-0.00055 -0.00110170378217229 -2.65053900561801e-05 -0.430640967404044 468.890747130476 70968059.9034497 -19334655.8178083
-0.0006 0.00104976227077304 -0.000216559870334541 -0.437373629531248 468.867289691528 70967591.5804981 -19334552.8855858
-0.00065 -0.00111173969488275 3.61106830936174e-06 -0.445054011236917 468.84383225258 70965648.8391451 -19334483.6834497
-0.0007 0.000161635028956853 0.000347472838100196 -0.451436787186194 468.820374813632 70964720.5268832 -19334478.4196126
-0.00075 -0.000996427200781379 9.66703839654568e-05 -0.458425375278152 468.796917374685 70962445.7254729 -19334619.4990495
-0.0008 0.00118688622235806 -0.000167141902432263 -0.46449100572232 468.773459935737 70961647.0070445 -19334617.0168987
-0.00085 -0.000710564458086632 -7.53165527201885e-05 -0.472159974020146 468.750002496789 70959917.9731952 -19334586.897443
-0.0009 0.000364267617224296 4.48410833640855e-06 -0.478260299179869 468.726545057841 70959199.2669508 -19334518.5645875
-0.00095 -0.000507652095532176 -0.000433659289689241 -0.485276883046071 468.703087618893 70957276.2480923 -19334528.3489017
-0.001 0.000707385744823816 -0.000773859018493617 -0.491881614539832 468.679630179945 70955953.8180233 -19334560.847073
-0.00105 -0.0013772794100515 0.000925521608550168 -0.498397150321678 468.656172740997 70954210.6290778 -19334684.0399853
-0.0011 0.00104690850065523 -0.00115641499268698 -0.505538101286366 468.632715302049 70952976.6138268 -19334639.4551146
-0.00115 -0.000568588894722137 0.00152628940849898 -0.51291665983018 468.609257863101 70951815.1638528 -19334600.074234
-0.0012 0.000689364315583113 -0.000787851546747034 -0.51988508999305 468.585800424153 70950442.4428207 -19334550.4188497
-0.00125 -0.000366526626403325 0.000669967150324219 -0.526101414886849 468.562342985205 70949262.8693209 -19334576.565191
-0.0013 0.000766103949975211 -0.000886278053577423 -0.533178499014141 468.538885546257 70947774.5626798 -19334530.723462
-0.00135 -0.00140664475399434 0.000810812535785701 -0.539317668333315 468.515428107309 70946079.6817373 -19334606.0894023
-0.0014 -4.07168702419835e-05 -0.00098580029201092 -0.546753894374286 468.491970668361 70944556.970237 -19334612.0383073
-0.00145 0.000113510707423957 6.81558844116873e-05 -0.553987419467175 468.468513229413 70943549.9241414 -19334557.0404672
-0.0015 -0.000441551496554283 0.000150334180807217 -0.561279254705587 468.445055790465 70941825.0613238 -19334569.4768745
-0.00155 0.000204465481547633 0.000604571549508499 -0.567362613648252 468.421598351517 70940940.6050667 -19334538.442129
-0.0016 -3.83355089678237e-05 -0.00050133813017732 -0.57377930176608 468.398140912569 70939214.86291 -19334575.0726422
-0.00165 0.000961531539987102 0.000316071547098568 -0.580174610141925 468.374683473622 70938157.1013585 -19334636.5706954
-0.0017 -0.00113432881200962 -0.000186233583248044 -0.587838424574016 468.351226034674 70935752.8586675 -19334622.587994
-0.00175 0.000346085517166671 -0.000310425395849636 -0.594220431230405 468.327768595726 70934874.867351 -19334595.8512831
-0.0018 -0.000407496575307287 -0.00134409760774573 -0.601129328539785 468.304311156778 70933372.8568843 -19334548.2575087
-0.00185 -0.000509629828533793 0.00209746017999303 -0.607377597744589 468.28085371783 70932720.6281311 -19334536.4468022
-0.0019 -0.000398205451518866 -0.00153935675608529 -0.616155887763549 468.257396278882 70930588.9590252 -19334411.9055815
-0.00195 0.00111899516785621 -0.000415775317719299 -0.62202708810151 468.233938839934 70930069.5226076 -19334407.9399059
-0.002 -0.00160220373853384 0.000927572522407204 -0.628148991320309 468.210481400986 70927962.9449037 -19334583.1225065
-0.00205 0.000390796777061653 -0.000217152890070554 -0.634778000986021 468.187023962038 70926895.0929516 -19334559.9684102
-0.0021 0.00088910231201326 -0.000707928246257478 -0.641688944180006 468.16356652309 70925293.714064 -19334638.546852
-0.00215 -0.00133935214090502 0.00144132309810822 -0.648832657075638 468.140109084142 70924151.3949815 -19334511.4677403
-0.0022 0.000925175157470781 -0.000809161941143066 -0.655597612172792 468.116651645194 70922863.7473494 -19334496.8032036
-0.00225 0.00123423716533288 -0.000411013415161322 -0.662276505353831 468.093194206246 70921509.1357751 -19334544.652004
-0.0023 -0.0012202385363433 0.00231148851347351 -0.669858371136589 468.069736767298 70920072.8268931 -19334527.6126902
-0.00235 0.000342979373586609 0.000171992465940581 -0.676809814839446 468.04627932835 70918413.3692353 -19334549.788189
-0.0024 0.00243343780255779 -0.00208015567808335 -0.683181623793078 468.022821889402 70917299.4316035 -19334470.1250017
-0.00245 -0.00246472463140071 0.00200719072165315 -0.689878046941928 467.999364450454 70915463.8686152 -19334499.8366783
-0.0025 9.08273143938253e-05 0.00135597996514827 -0.695891150308241 467.975907011506 70914751.2938364 -19334532.4299242
-0.00255 0.00281139646961466 -0.00421949761738051 -0.70404042172046 467.952449572559 70912535.8333151 -19334532.2734135
-0.0026 -0.00149995561666368 0.0034714415665555 -0.71020958906851 467.928992133611 70912143.6204161 -19334468.2883661
-0.00265 -0.00251977449860798 0.000261890500182543 -0.718710172578557 467.905534694663 70909613.6216235 -19334440.5558878
-0.0027 0.00594000821696392 -0.0031113340733477 -0.723670911377492 467.882077255715 70909933.5535561 -19334334.8747445
-0.00275 -0.00227374440422268 -0.00223826426263067 -0.732360284538881 467.858619816767 70906151.9682971 -19334444.4392247
-0.0028 -0.0020372314188172 0.00761706823456733 -0.735994151428618 467.835162377819 70907518.6973379 -19334488.7467685
-0.00285 0.00142633472475599 -0.00766840620002358 -0.747045233493603 467.811704938871 70902843.5048724 -19334415.150859
-0.0029 0.00401641158072567 0.00250241543401494 -0.749931756164264 467.788247499923 70905180.1371681 -19334448.6378164
-0.00295 -0.00759552843433265 0.000651254478203918 -0.760614570108106 467.764790060975 70900072.4644257 -19334382.337934
-0.003 0.00544791704397627 0.00135264391740068 -0.763439612306345 467.741332622027 70902620.2909442 -19334385.926011
-0.00305 -0.000614557872224966 -0.00634841426712182 -0.774460497521246 467.717875183079 70897146.7287304 -19334406.4343987
-0.0031 -0.00167397129655397 0.00751146195759595 -0.777426283690038 467.694417744131 70899441.1427987 -19334444.3071617
-0.00315 -0.00197073272349655 -0.00432066946210287 -0.788198719504469 467.670960305183 70894304.3711842 -19334469.7416732
-0.0032 0.00510198376019983 0.000756572935544294 -0.790522501278637 467.647502866235 70896522.9376665 -19334519.0735307
-0.00325 -0.00463177006181592 -0.000614700781845735 -0.801110982443482 467.624045427287 70892155.2957922 -19334390.722257
-0.0033 0.00128340553921829 0.00289855455795207 -0.805591685304912 467.600587988339 70893470.8789168 -19334338.761202
-0.00335 0.000796295125008861 -0.00478022025551803 -0.815345506137065 467.577130549391 70889866.3558297 -19334280.2170351
-0.0034 0.000236322649025265 0.00277737006851412 -0.819509700455887 467.553673110443 70890311.9154494 -19334358.424461
-0.00345 -0.00221870221753219 -0.000809682814999448 -0.827594987525078 467.530215671496 70887147.7647449 -19334404.1120511
-0.0035 0.00249392175168281 -0.000785623178394584 -0.832965718416297 467.506758232548 70887355.1329813 -19334327.8226252
-0.00355 -0.000565557766277426 -0.0007819573494243 -0.841082596962708 467.4833007936 70884684.9118416 -19334420.0928934
-0.0036 -0.00119069692096405 0.00278025594337013 -0.847298252265491 467.459843354652 70884663.4602813 -19334276.7750762
-0.00365 0.00143856318731788 -0.0035522047387627 -0.854541857037513 467.436385915704 70882214.1635165 -19334347.6576508
-0.0037 0.00103929520995651 0.00149393802711559 -0.859977657878137 467.412928476756 70882138.4527111 -19334311.835434
-0.00375 -0.0027343218468021 0.000545994475298105 -0.867972848379471 467.389471037808 70879294.9482799 -19334363.6653131
-0.0038 0.00190989757809312 -0.000314979438421641 -0.87392283461084 467.36601359886 70878855.0853562 -19334375.4681524
-0.00385 0.000433608092242456 -0.00193561301901709 -0.882257511209958 467.342556159912 70876634.758298 -19334320.2277718
-0.0039 -0.000640712517552407 0.00219458704710759 -0.888522200198413 467.319098720964 70876441.7127194 -19334234.4056134
-0.00395 -0.000791257059294171 0.000181052759721163 -0.895698209747246 467.295641282016 70874307.657988 -19334315.6410134
-0.004 0.00244526013738642 -0.0010989845882468 -0.901861652830245 467.272183843068 70873456.0452849 -19334298.9625916
-0.00405 -0.00160859130640602 0.00119718474874292 -0.909514302832101 467.24872640412 70871501.2502886 -19334270.227704
-0.0041 7.87348052592744e-07 0.000132387795146225 -0.916134552224506 467.225268965172 70870299.3483864 -19334252.6375643
-0.00415 0.000687955874865877 -0.00119703139419652 -0.92291004685828 467.201811526224 70868841.7313846 -19334254.2168479
-0.0042 0.00121066661292521 -0.000299850426784709 -0.929360631965925 467.178354087276 70868029.061736 -19334260.6154733
-0.00425 -0.00109192871550668 0.00101469403707047 -0.936723147939629 467.154896648328 70866749.1345353 -19334085.9559129
-0.0043 0.00200660885172493 -0.00159335080793592 -0.943143688338642 467.13143920938 70865262.4271624 -19334149.1915543
-0.00435 -0.000884821668982757 0.000730137192383492 -0.950122560898626 467.107981770433 70863455.788868 -19334209.6845868
-0.0044 0.000142059907273578 -0.000406966179598272 -0.957192039169812 467.084524331485 70862114.8619788 -19334161.005019
-0.00445 -0.00123644406370792 7.12528429245033e-05 -0.964007614841565 467.061066892537 70860646.6479277 -19334155.2186834
-0.0045 0.00155328599522558 -0.00116336173913693 -0.970292069755507 467.037609453589 70859619.1954126 -19334189.5983253
-0.00455 -0.00190794640212781 0.00189335936912889 -0.977859554892389 467.014152014641 70858494.8659804 -19334021.0942842
-0.0046 0.000414008220455898 -0.000375323564948243 -0.984494733499828 466.990694575693 70856964.407082 -19334093.1700569
-0.00465 0.000765851851691686 -0.000170973677178758 -0.991045982974436 466.967237136745 70855530.7877236 -19334157.9450667
-0.0047 -0.000676088609752699 -0.000603019188269913 -0.998371375092942 466.943779697797 70853704.0184469 -19334113.5018432
-0.00475 -0.000939210011500175 0.00203605531931934 -1.00395803836666 466.920322258849 70852975.6940462 -19334168.456121
-0.0048 0.000985395363616181 -0.00357526494609427 -1.01239473631669 466.896864819901 70850742.3866882 -19334066.8741355
-0.00485 0.000378778624346628 0.00267053221873999 -1.01751359210719 466.873407380953 70850890.1513219 -19334097.4807007
-0.0049 -0.00263461481557374 0.000453967954147695 -1.0259282280577 466.849949942005 70848243.2294579 -19334076.7627738
-0.00495 0.00446327102964308 -0.000608237272756382 -1.0309919312528 466.826492503057 70848443.6035008 -19334067.1683101
-0.005 -0.00210127666697702 -0.00119648615481702 -1.04061938542683 466.803035064109 70844730.2585679 -19334063.8184835
-0.00505 -0.000472794571987418 0.00426177991169765 -1.04544699134795 466.779577625161 70845540.1658042 -19333988.9948232
-0.0051 -0.000940105968060119 -0.00389886872781041 -1.05463201872015 466.756120186213 70841731.2215342 -19334036.4937312
-0.00515 0.00522946420196199 -0.000349369563117317 -1.05793731036048 466.732662747265 70843543.095291 -19333927.3659268
-0.0052 -0.0078990827274603 0.00260191461241789 -1.0678806741952 466.709205308317 70839280.6992476 -19333919.5268507
-0.00525 0.0057755540398202 0.000708403295556474 -1.07158542441751 466.685747869369 70841271.8604863 -19333873.5086249
-0.0053 -0.00188155978706765 -0.0052285981756004 -1.08327773044268 466.662290430422 70835649.2336401 -19333882.3946066
-0.00535 0.00145514809970057 0.00577190139754514 -1.08512999771614 466.638832991474 70838365.7550101 -19333895.8403588
-0.0054 -0.00477269464330279 -0.00233616025563093 -1.09609214342118 466.615375552526 70832905.4731178 -19333975.4127731
-0.00545 0.00893220493405703 -0.000984029644819944 -1.09796186264923 466.591918113578 70835998.8954724 -19333969.7799089
-0.0055 -0.00729393174361527 0.000349567288671872 -1.10957445715869 466.56846067463 70830476.0915771 -19333940.9002795
-0.00555 0.00267393582118254 0.00384396406516192 -1.11256856810131 466.545003235682 70833185.9020787 -19333823.5442853
-0.0056 -0.000298787168205121 -0.00572411722041126 -1.12319603939687 466.521545796734 70827729.7032827 -19333948.6909516
-0.00565 0.00238629294314459 0.00449987250331991 -1.12603911403191 466.498088357786 70830084.554029 -19333933.4284633
-0.0057 -0.00628947617597363 -0.000795243063034697 -1.13694800043241 466.474630918838 70824953.9535903 -19333856.2996456
-0.00575 0.00660583108580269 -0.000826492648812771 -1.14047075133949 466.45117347989 70827295.0946704 -19333845.0965899
-0.0058 -0.00312794881431563 -0.00136132081512086 -1.15031455005049 466.427716040942 70823219.1789695 -19333797.8181674
-0.00585 -0.000759589833036957 0.00398393868723754 -1.15447428485771 466.404258601994 70824126.2039391 -19333747.3716999
-0.0059 0.000905496803001963 -0.00485495406368064 -1.16358164475818 466.380801163046 70820578.7092236 -19333772.6874662
-0.00595 0.00103045664341567 0.00109867085897051 -1.16847896381753 466.357343724098 70820847.5326593 -19333821.166047
-0.006 -0.00206826479547255 0.000185915809471153 -1.17647934677746 466.33388628515 70818172.3173709 -19333872.7665731
-0.00605 0.00110484031883318 -0.00025386404884373 -1.18292169341076 466.310428846202 70817732.0185821 -19333772.6255287
-0.0061 0.00114367725251341 -0.0025257417357954 -1.19071351626021 466.286971407254 70816015.9188855 -19333629.8062235
-0.00615 -0.0026201031252478 0.00329464405861178 -1.19651846182841 466.263513968306 70815324.7062721 -19333649.4984305
-0.0062 0.00245381922478958 -0.00190000923267584 -1.20311742368865 466.240056529359 70813927.1447028 -19333645.2826512
-0.00625 0.000104449722509946 -0.000566040535362141 -1.21082597533007 466.216599090411 70811914.2783718 -19333706.5115605
-0.0063 -1.77453474431482e-05 0.00157561689104505 -1.21727298975843 466.193141651463 70811155.0580262 -19333678.3495144
-0.00635 -0.00171720562695372 -1.30872338214206e-05 -1.22490650288873 466.169684212515 70808792.6663954 -19333681.3942143
-0.0064 0.00311978638901226 -0.00166930803282415 -1.23028975097325 466.146226773567 70808529.8823249 -19333653.4104552
-0.00645 -0.0031373811820903 0.00114007483777082 -1.23791581457199 466.122769334619 70806300.0822002 -19333639.0085003
-0.0065 0.0011652635331804 0.00112925793348367 -1.24364541117967 466.099311895671 70806335.3915303 -19333548.0988406
-0.00655 -0.000314021891977337 -0.00239073842617066 -1.25210114085432 466.075854456723 70803464.3990247 -19333612.5981691
-0.0066 0.00139264987983284 0.00152580516304625 -1.25757956686127 466.052397017775 70803528.4504926 -19333621.0165019
-0.00665 -0.00260561558785896 0.000359396242877598 -1.26589070743767 466.028939578827 70800428.0570486 -19333649.2366747
-0.0067 0.00318241458017629 -0.000177940147828097 -1.27090474247678 466.005482139879 70800932.6087984 -19333580.6909154
-0.00675 -0.00187704625667854 -0.00146860829977014 -1.27976859017325 465.982024700931 70797935.1797173 -19333493.4209718
-0.0068 1.64695142892883e-05 0.00349135719764344 -1.28424582530319 465.958567261983 70798816.3081479 -19333461.1663019
-0.00685 -0.00026782102572616 -0.00378181387472753 -1.29386638602351 465.935109823035 70795395.347223 -19333356.754985
-0.0069 0.00227353008967097 0.00162190119282711 -1.29810917588078 465.911652384087 70796043.8821712 -19333437.2489727
-0.00695 -0.00362297635625934 -0.000127047592981531 -1.30757407252668 465.888194945139 70792384.7020815 -19333448.4438889
-0.007 0.00229712742542995 0.000996085284690465 -1.31204654626878 465.864737506191 70792997.9210715 -19333472.887607
-0.00705 -0.000266842198600391 -0.00355992239465434 -1.32113306581716 465.841280067243 70789430.9336693 -19333510.3664203
-0.0071 4.58997656954905e-05 0.00519134003606554 -1.32499898585903 465.817822628296 70790936.456525 -19333426.5960897
-0.00715 -0.00158100633885947 -0.00226342383495189 -1.33476462926164 465.794365189348 70787275.4358328 -19333344.5351761
-0.0072 0.0051871821442292 -0.00052280657364721 -1.33941790046429 465.7709077504 70788311.454093 -19333293.674073
-0.00725 -0.00384415272183243 -0.000754851486955839 -1.34910215384858 465.747450311452 70784046.3068878 -19333328.4882778
-0.0073 0.00110729136955896 0.00337546773248185 -1.35253810353913 465.723992872504 70785403.1460163 -19333362.0043211
-0.00735 0.000260878332432227 -0.00504219340731475 -1.36198968017912 465.700535433556 70781559.7760369 -19333315.8979761
-0.0074 0.000936431384277835 0.00235294952303636 -1.36658767585433 465.677077994608 70782489.4920635 -19333264.6293622
-0.00745 -0.00407272827340742 -7.41499366597743e-05 -1.3769620494763 465.65362055566 70779085.3768054 -19333169.457684
-0.0075 0.00487257793940893 -0.00147205105719139 -1.38128482266778 465.630163116712 70779985.5167728 -19333127.1640892
-0.00755 -0.00239498763353657 -0.00144889081569916 -1.38977483292323 465.606705677764 70776516.529718 -19333153.9046118
-0.0076 0.000290010002548883 0.00392384126194752 -1.3938963349893 465.583248238816 70777181.8258865 -19333255.0419583
-0.00765 0.00014370686009032 -0.00313752373653123 -1.40292207846511 465.559790799868 70773878.2522865 -19333183.0765333
-0.0077 0.00252014126140369 7.62983096467165e-05 -1.40868033477481 465.53633336092 70774095.889514 -19333165.3596082
-0.00775 -0.00411268413502325 0.00164732788253494 -1.41744617630184 465.512875921972 70771346.6297643 -19333087.6285794
-0.0078 0.0019549699818218 -0.000154607911563308 -1.42241266935786 465.489418483024 70771622.3159256 -19333005.688559
-0.00785 0.00132809340404971 -0.00261407841865953 -1.42998172744535 465.465961044076 70769348.6719483 -19333049.9092575
-0.0079 -0.00156431204823026 0.00326716498491879 -1.43601274398801 465.442503605128 70768448.6192817 -19333132.6335967
-0.00795 -0.000426635031303846 -5.11415489858449e-05 -1.44376325361774 465.41904616618 70766511.1945471 -19333087.0452784
-0.008 0.00170089841688309 -0.00255320043313848 -1.45088605162491 465.395588727232 70765311.8038118 -19332981.2471241
-0.00805 -0.00127598554172753 0.00288242352105317 -1.45691826008741 465.372131288285 70764389.8936055 -19333081.4693361
-0.0081 -0.00103200710721118 0.000454758876503018 -1.46504072389253 465.348673849337 70762997.3890819 -19332901.1863386
-0.00815 0.00363030476476098 -0.00273940784858086 -1.4709785104189 465.325216410389 70762235.4219022 -19332815.0505781
-0.0082 -0.00251139383535726 -2.71266706156452e-05 -1.47895962498371 465.301758971441 70759621.2665352 -19332882.4348767
-0.00825 -0.000445118351299455 0.00350984915737495 -1.48435096353376 465.278301532493 70759675.7453373 -19332902.5816394
-0.0083 0.00220293315179597 -0.00457662658686306 -1.49241104235322 465.254844093545 70756472.6729057 -19333000.6983957
-0.00835 0.00136143068712462 0.00235407537757142 -1.49709034755857 465.231386654597 70757098.4281423 -19332931.0020933
-0.0084 -0.00481214134766396 0.000312444642170263 -1.5062792659048 465.207929215649 70753452.6817912 -19332907.2085785
-0.00845 0.00432649262222089 -0.000808580860237059 -1.51110006298139 465.184471776701 70754800.3545426 -19332702.774968
-0.0085 -0.00133066146096921 -0.00304606483071918 -1.52030142359961 465.161014337753 70751211.9384678 -19332746.397008
-0.00855 -0.000117827069313799 0.00495692897588307 -1.52420660482165 465.137556898805 70752286.7070503 -19332764.5180814
-0.0086 -0.00106236297978466 -0.00442519592751113 -1.53438383272326 465.114099459857 70748209.7455658 -19332663.5693795
-0.00865 0.00318958660328675 0.00125427398422202 -1.53807194263047 465.090642020909 70749605.1472696 -19332665.5419878
-0.0087 -0.00420311559994808 -0.000833475258599657 -1.54805828547145 465.067184581961 70745453.7186823 -19332683.4230996
-0.00875 0.00252324254996073 0.00164950921399015 -1.55262653688816 465.043727143013 70746860.1943425 -19332586.8305832
-0.0088 -0.000503884261736601 -0.00497924354593833 -1.56250103951849 465.020269704065 70742857.9015647 -19332527.6654652
-0.00885 0.000965098800723685 0.00464242185675094 -1.56584691730081 464.996812265117 70744647.8960207 -19332546.30864
-0.0089 -0.00282288744276301 -0.00222880263375397 -1.57596970527384 464.973354826169 70740322.9092565 -19332533.6762702
-0.00895 0.00467685500669815 -0.000103302106596592 -1.57939311414781 464.949897387222 70741485.9983427 -19332651.8988667
-0.009 -0.0032517621969502 -0.00137539826240156 -1.5893937048875 464.926439948274 70737514.135719 -19332645.555393
-0.00905 0.00132796270702599 0.00333222780957794 -1.59280657250611 464.902982509326 70738977.6284505 -19332619.8522577
-0.0091 0.000148083521094662 -0.00527907090537828 -1.60279073437097 464.879525070378 70735110.5312847 -19332447.7011105
-0.00915 0.00250428027569375 0.00211551669680734 -1.60732489638498 464.85606763143 70736800.5574243 -19332319.6486588
-0.0092 -0.00474820285225453 0.000246891565899922 -1.61727591549801 464.832610192482 70732503.3849659 -19332366.5088771
-0.00925 0.00455475509743893 -0.000142229005891878 -1.62154324991473 464.809152753534 70733674.8648279 -19332353.3066955
-0.0093 -0.00115302181192168 -0.00223981056436677 -1.63014586892414 464.785695314586 70729917.7808518 -19332492.2650974
-0.00935 -0.000481012680291037 0.00401938758992373 -1.63449836198714 464.762237875638 70730817.5745205 -19332365.3152711
-0.0094 -0.00134709396268553 -0.00223099171497021 -1.64359405843748 464.73878043669 70727278.0212376 -19332398.8450308
-0.00945 0.0035027563925222 -0.00124585065265932 -1.64904276286837 464.715322997742 70727741.6087717 -19332269.4868384
-0.0095 -0.00377424954462302 0.00162798432631878 -1.65733709307106 464.691865558794 70725356.1815501 -19332239.7619946
-0.00955 0.000991250669100577 0.00143899677445384 -1.66247009261605 464.668408119846 70725394.3754191 -19332219.0277224
-0.0096 0.0017272820129226 -0.00336563193786262 -1.67075505916637 464.644950680898 70722706.1128933 -19332254.2466366
-0.00965 -0.00107309297876931 0.00212680531515401 -1.67702764623055 464.62149324195 70721896.6441405 -19332274.1001426
-0.0097 -0.00108853005259956 0.00143681447367057 -1.68414469496242 464.598035803002 70720381.5995384 -19332241.6501526
-0.00975 0.0022488228116339 -0.0024346798667856 -1.69092002167074 464.574578364054 70719114.2083506 -19332201.6111432
-0.0098 0.000117087447439239 0.000831742108866232 -1.69713862174298 464.551120925106 70718468.8009849 -19332080.6443368
-0.00985 -0.00227069979697279 0.00104602548965134 -1.70437389700769 464.527663486159 70716810.1798447 -19331975.9413122
-0.0099 0.00383047923134852 -0.00157650051857347 -1.7102839351529 464.504206047211 70716475.4392236 -19331968.7811802
-0.00995 -0.00111531742544456 -0.000470672331976873 -1.71872613341064 464.480748608263 70713696.7433458 -19331994.2716327
-0.01 -0.000766705824756537 0.00312968932800701 -1.72408990709965 464.457291169315 70713379.9695382 -19332011.3779793
-0.01005 0.00122525397222413 -0.00375970033312411 -1.73282953919649 464.433833730367 70710489.7890961 -19331978.9960401
-0.0101 0.0019430819490907 0.00148649315187039 -1.73777677921506 464.410376291419 70710668.5344593 -19332051.0959738
-0.01015 -0.00443476607456681 0.000511968246413496 -1.74664002718657 464.386918852471 70707624.0191055 -19331957.2913417
-0.0102 0.00332281341104596 0.000220850994316405 -1.75120516571678 464.363461413523 70708464.9809148 -19331930.820612
-0.01025 -0.000125115173285351 -0.00380883857546039 -1.76066025444011 464.340003974575 70705332.4919273 -19331760.5414133
-0.0103 -0.000953679911799102 0.00461977158345363 -1.7649035447803 464.316546535627 70706082.0958869 -19331763.2922494
-0.01035 -0.00137704547590337 -0.00243860725809972 -1.77411450045191 464.293089096679 70702209.3533269 -19331878.3612131
-0.0104 0.00435130133401809 0.000670098344900975 -1.77816815200492 464.269631657731 70703639.0630365 -19331793.0020571
-0.01045 -0.00444987656473914 -0.00110615268680056 -1.78800978031155 464.246174218783 70699392.9437964 -19331767.8442513
-0.0105 0.00178147572918332 0.00311683186653605 -1.79220609433145 464.222716779835 70701197.9223118 -19331659.5642973
-0.01055 8.9083305949674e-05 -0.00542270523032801 -1.802107371238 464.199259340887 70696856.4668704 -19331721.8051256
-0.0106 0.00196713393036238 0.00423825260858293 -1.8056537802686 464.175801901939 70699105.1134608 -19331571.4907933
-0.01065 -0.00493144305007029 -0.00156003288051664 -1.81625734995628 464.152344462991 70694134.3190894 -19331484.836236
-0.0107 0.00523477995967085 5.56141786862774e-05 -1.81869977428382 464.128887024043 70696129.8401027 -19331555.1247882
-0.01075 -0.00325893111958135 -0.0031684369491714 -1.83005769670622 464.105429585095 70691236.7543978 -19331528.715401
-0.0108 0.000297858445931195 0.00532096208139176 -1.8336886589011 464.081972146148 70693349.4673619 -19331525.4746785
-0.01085 -0.000993756830821498 -0.0042606707946896 -1.84425013176095 464.0585147072 70689151.0861461 -19331414.0126509
-0.0109 0.00295899760265429 0.00203258818151632 -1.84721969057095 464.035057268252 70691293.4676763 -19331287.2269242
-0.01095 -0.00500313292363938 0.000162836261780994 -1.85675679829871 464.011599829304 70686736.3141413 -19331401.8748107
-0.011 0.00417876881708685 0.00119733345096766 -1.86049063308817 463.988142390356 70688242.5498168 -19331403.5506016
-0.01105 -0.00143179342245899 -0.00436777924896725 -1.87138045159244 463.964684951408 70683537.4497817 -19331372.3101864
-0.0111 -0.000464977207698984 0.00554074476182935 -1.87518915013627 463.94122751246 70685363.1813543 -19331298.7439259
-0.01115 -0.000800538093304259 -0.00391506911018874 -1.88465333126063 463.917770073512 70681228.0527182 -19331338.0054014
-0.0112 0.00409556088040332 0.000354735728015334 -1.88840452936601 463.894312634564 70682885.8957461 -19331218.8253386
-0.01125 -0.00470371095611078 0.000264400130287325 -1.89902833541163 463.870855195616 70679045.7443568 -19331129.080694
-0.0113 0.00199619691379763 0.00214520428574197 -1.90348401805119 463.847397756668 70680094.1384901 -19331122.2365583
-0.01135 0.00137261875990337 -0.00551506757350038 -1.91194288936002 463.82394031772 70676178.9317614 -19331213.4930145
-0.0114 -0.000481167739923055 0.00420077523507107 -1.91613919148615 463.800482878772 70677270.9193644 -19331184.5325982
-0.01145 -0.00332489941916306 -0.000349663476450957 -1.92584704811803 463.777025439824 70673864.0192045 -19331070.125871
-0.0115 0.00407013851638456 -0.00108668635215019 -1.93095173755944 463.753568000876 70674638.2411281 -19331029.7339388
-0.01155 -0.00178917817107673 -0.000770845514583465 -1.93917375057925 463.730110561928 70671864.6979116 -19331004.9307461
-0.0116 -0.00138202292814259 0.0025677005074662 -1.9447567553053 463.70665312298 70671904.0977964 -19330898.7575577
-0.01165 0.00124263459444887 -0.0019856741782479 -1.95213492404691 463.683195684032 70669555.113966 -19331021.9022718
-0.0117 0.00096622800208634 -0.000490213135451399 -1.95902023625083 463.659738245085 70668504.453439 -19331003.1804288
-0.01175 -0.00224854621355855 0.00150916163573417 -1.96648040475749 463.636280806137 70666730.8773186 -19330974.4939368
-0.0118 0.00082648612381619 -0.00145580710742583 -1.97312430248164 463.612823367189 70665807.4903964 -19330854.269744
-0.01185 0.000491319184868548 -0.000601999774893421 -1.97952948611356 463.589365928241 70664989.3612578 -19330770.5876879
-0.0119 -0.00102264358058316 0.000608989576987057 -1.98656886405764 463.565908489293 70663506.4847891 -19330737.1711905
-0.01195 0.000166841095610235 0.000457582103695378 -1.9932216052066 463.542451050345 70662184.0246949 -19330773.4384159
-0.012 0.00137044710818382 -0.00201921696273277 -2.00073254408157 463.518993611397 70660176.221514 -19330835.2281196
-0.01205 -0.000851219203288012 0.00293160703628583 -2.00657751917938 463.495536172449 70659795.1086039 -19330798.7192659
-0.0121 -0.000524456310147889 -0.000822306626342045 -2.01452445182308 463.472078733501 70657755.5817063 -19330711.5239221
-0.01215 0.00173261853781865 0.000978405895130594 -2.02033412425705 463.448621294553 70657827.8213399 -19330608.4229315
-0.0122 -0.000759339488423859 -0.00266859242401911 -2.02869254463252 463.425163855605 70654749.1911153 -19330592.626284
-0.01225 -5.60164111983404e-05 0.00336440841917165 -2.03356707054388 463.401706416657 70654917.6737068 -19330642.808868
-0.0123 -9.04807187274183e-05 -0.00297217089960801 -2.04262947451693 463.378248977709 70651880.1960695 -19330643.491613
-0.01235 0.00140693910048571 0.00215886279261406 -2.0473085627953 463.354791538761 70652775.1865853 -19330515.2514537
-0.0124 -0.00288438089975755 -0.00102751458267426 -2.05623554289764 463.331334099813 70649441.810809 -19330467.8501866
-0.01245 0.00206227068263747 0.0020256386964683 -2.06079246032298 463.307876660865 70650650.829971 -19330358.8513497
-0.0125 -0.000566236439685011 -0.0035529200505959 -2.07024941033412 463.284419221917 70646711.8126018 -19330428.5150307
-0.01255 0.00125931920822279 0.00484065622834022 -2.07353757305124 463.260961782969 70648086.5890334 -19330504.3102011
-0.0126 -0.00299231538252987 -0.00298949255379127 -2.08397336588742 463.237504344022 70643567.2082297 -19330387.3561345
-0.01265 0.00529294334715178 0.00143562194306181 -2.08754381883722 463.214046905074 70645703.2659029 -19330304.9555133
-0.0127 -0.0047700907501808 -0.00192189812421832 -2.0994335589489 463.190589466126 70641083.7260682 -19330106.6534854
-0.01275 0.00252820755784231 0.00386956207612427 -2.10182891318082 463.167132027178 70643370.6070202 -19330127.999847
-0.0128 -0.000956706000473388 -0.0054979358462776 -2.11249858039459 463.14367458823 70638550.3334503 -19330046.6448433
-0.01285 0.00242400024194754 0.00426925933446736 -2.11480853270305 463.120217149282 70640931.8326357 -19330120.9133754
-0.0129 -0.00562678628852376 -0.00149338079061572 -2.12633687573224 463.096759710334 70635764.2499666 -19330086.7026649
-0.01295 0.00634676116804844 -0.000968086690945509 -2.12914434392754 463.073302271386 70638097.0444074 -19330012.4682308
-0.013 -0.00358155274341652 -0.00261572046968689 -2.13932891766699 463.049844832438 70633350.236278 -19330069.4449508
-0.01305 2.70961437654418e-05 0.00617029308175483 -2.14237871602162 463.02638739349 70635906.0568494 -19329922.8753031
-0.0131 -0.000361139682540824 -0.00602059139024666 -2.15361792012652 463.002929954542 70630808.9145488 -19329891.1127157
-0.01315 0.00447980081169652 0.00182060477275883 -2.15649936645055 462.979472515594 70632968.8693974 -19329912.694104
-0.0132 -0.00672983936952272 0.00122435615306235 -2.16710459934562 462.956015076646 70628302.3707293 -19329918.0882152
-0.01325 0.00414961021600635 0.000318184910064001 -2.17005155916879 462.932557637698 70629855.7204363 -19329937.194197
-0.0133 0.000802290141892955 -0.00476531209668133 -2.17940911305688 462.90910019875 70626171.48537 -19329915.5393677
-0.01335 -0.0017342055950219 0.00465803350520151 -2.18430071964427 462.885642759802 70627111.857438 -19329764.4593603
-0.0134 -0.00162047592990522 -0.000795499452212303 -2.19395646494379 462.862185320854 70624119.8676732 -19329707.6581519
-0.01345 0.00436130566708746 -0.00281360178765983 -2.19964355430346 462.838727881906 70624117.8676681 -19329631.3239377
-0.0135 -0.00339838367425889 0.00195658066490474 -2.20725285809097 462.815270442958 70621931.7781939 -19329585.7100541
-0.01355 -0.000700033334826928 0.00143120412366044 -2.21317665175815 462.791813004011 70621038.9173968 -19329650.7460093
-0.0136 0.00232588577419117 -0.00263522919802608 -2.22065146702921 462.768355565063 70619314.4036122 -19329671.8141978
-0.01365 -0.000981667516325769 0.000281880688412504 -2.22721209258715 462.744898126115 70618329.6094256 -19329524.4629176
-0.0137 -0.00192223970603092 0.00313176709606868 -2.23387104619009 462.721440687167 70617655.3299148 -19329461.7692465
-0.01375 0.00186280025112801 -0.00363177703546105 -2.24172787013052 462.697983248219 70615646.7425586 -19329388.3594993
-0.0138 0.000906106999313747 0.00130781592129923 -2.24784881107866 462.674525809271 70615263.4494461 -19329357.3249848
-0.01385 -0.00229346617995869 0.00064555848222102 -2.25523405554788 462.651068370323 70612713.7582635 -19329418.6807901
-0.0139 0.00220993825521584 -0.000309482088691078 -2.26045410462716 462.627610931375 70612503.9715516 -19329387.5840097
-0.01395 3.45952299899906e-05 -0.00264537844884964 -2.26893746972744 462.604153492427 70610193.3835053 -19329280.9259093
-0.014 -0.00108049019755708 0.00330012098179292 -2.27514508861908 462.580696053479 70610355.4055782 -19329133.5993571
-0.01405 -0.000177677536709457 -0.00230633407436292 -2.28382679281711 462.557238614531 70607687.2597166 -19329103.9567332
-0.0141 0.00256407899013677 0.000161024675923377 -2.28915008353036 462.533781175583 70607700.4267247 -19329118.1524025
-0.01415 -0.00227396305138101 0.000416459140265937 -2.29636110668976 462.510323736635 70604833.0408297 -19329233.4621801
-0.0142 0.000768894982430849 0.00101493830811532 -2.30242023889357 462.486866297687 70605166.7256459 -19328998.3787296
-0.01425 0.000450608862501408 -0.00295549266808917 -2.31048592928472 462.463408858739 70602429.0884858 -19329043.9682132
-0.0143 -0.000619703178553911 0.00294661079388282 -2.31661319283406 462.439951419791 70602637.2160821 -19328908.1138514
-0.01435 -0.000630378364292694 -0.000635647643619653 -2.3250729044467 462.416493980843 70600060.2077724 -19328893.7735148
-0.0144 0.00273491672387586 -0.000814298561525377 -2.33058091341308 462.393036541895 70599894.3678303 -19328867.6239767
-0.01445 -0.00124296195573949 0.000344760765542321 -2.33766732738031 462.369579102948 70597763.9539662 -19328887.8095113
-0.0145 1.08343596874385e-05 0.00174330030797872 -2.34315581155724 462.346121664 70597527.229403 -19328805.5878744
-0.01455 0.000221792084200015 -0.00193598268877446 -2.3518844129519 462.322664225052 70595191.8964881 -19328727.3984899
-0.0146 0.000550078386818579 0.00141045565649521 -2.35757810302917 462.299206786104 70594665.6851405 -19328787.3538702
-0.01465 -0.00167316746612265 -0.000825450356642689 -2.36587707824802 462.275749347156 70592107.074181 -19328722.8779595
-0.0147 0.00206345377057957 0.00043301490952941 -2.37086011268043 462.252291908208 70592432.1373199 -19328695.2550766
-0.01475 -0.000540858658722271 -0.00112930364337675 -2.3791987550529 462.22883446926 70590301.6948059 -19328572.2664431
-0.0148 -0.000188771676620164 0.0018377153689801 -2.38552562540816 462.205377030312 70589901.0709909 -19328494.0914984
-0.01485 0.000207548917722026 -0.00153011073228444 -2.39355074424275 462.181919591364 70587486.4986465 -19328507.5305894
-0.0149 0.000253072646764991 0.00115723897519833 -2.39910912931131 462.158462152416 70587187.9848468 -19328408.5094226
-0.01495 -0.00118619649741034 7.27936269617476e-05 -2.40572554599369 462.135004713468 70584894.7544531 -19328574.2983813
-0.015 0.00131931820327376 0.00050776641950122 -2.41193664409385 462.11154727452 70584812.5350683 -19328428.2610858
-0.01505 -0.00125803957176642 -0.000994921623245364 -2.42074606562024 462.088089835572 70582575.6805287 -19328277.8877246
-0.0151 0.000253836036537825 0.0013824149989981 -2.42679703042264 462.064632396624 70582390.180348 -19328197.1155169
-0.01515 -8.52195956228516e-05 -0.00113749573988402 -2.43452694257657 462.041174957676 70579972.3131278 -19328283.9940218
-0.0152 0.00139225993324194 -1.18829631389601e-05 -2.44063740266781 462.017717518728 70579557.7476654 -19328185.4008369
-0.01525 -0.00215498438570758 0.000385759626019303 -2.44869605615186 461.99426007978 70577255.118879 -19328175.2098411
-0.0153 0.00161850949370074 0.000911982135494317 -2.45423021137684 461.970802640832 70577548.5919796 -19328022.879665
-0.01535 -0.000105331738623494 -0.0015321636508621 -2.46212645736174 461.947345201885 70575599.4215073 -19327895.5775656
-0.0154 -6.18824145143007e-05 0.000999340416991867 -2.46743626885373 461.923887762937 70574823.3473006 -19327974.8632232
-0.01545 -0.0012416693193492 3.36374095144345e-05 -2.47566173456408 461.900430323989 70572681.8515812 -19327948.4954618
-0.0155 0.00107788875649496 -0.00032184347966255 -2.48202321664208 461.876972885041 70571920.4928066 -19327906.7479712
-0.01555 -0.000754389723309224 -0.000220610751010309 -2.4897187360646 461.853515446093 70570165.6440204 -19327846.8787759
-0.0156 -0.000324866060798924 0.00115974593763602 -2.49519815784843 461.830058007145 70569671.591021 -19327764.5302646
-0.01565 0.00132444231359812 -0.00126960191169914 -2.50295958354987 461.806600568197 70568484.0040647 -19327630.9819714
-0.0157 -0.000240446711696409 0.000471623692341407 -2.50994373176414 461.783143129249 70567144.9934266 -19327604.6453663
-0.01575 -0.000112531396173736 0.00120593377580602 -2.51657264917352 461.759685690301 70565652.8530397 -19327718.4928516
-0.0158 -0.000712235273970243 -0.00125365828520557 -2.52431721904304 461.736228251353 70563734.7930648 -19327622.8845353
-0.01585 0.00332503038558116 5.6060875944626e-05 -2.52903202346675 461.712770812405 70563890.0440952 -19327628.1427159
-0.0159 -0.00411272443564226 0.000169966519122389 -2.53810270259684 461.689313373457 70560669.6156436 -19327538.8572803
-0.01595 0.00380383931630826 0.0022489513751454 -2.54245949341999 461.665855934509 70562218.652438 -19327475.1133661
-0.016 -0.00235022402678736 -0.00482825698123926 -2.55437396101089 461.642398495561 70557253.2640608 -19327348.6550395
-0.01605 0.00368140767181039 0.00510329806244992 -2.5552736982417 461.618941056613 70560659.0764153 -19327330.9275155
-0.0161 -0.00665805011854891 -0.00302992241818148 -2.56707781296905 461.595483617665 70553988.9586328 -19327388.7943377
-0.01615 0.00807891693955573 0.00208295181320478 -2.56778000909294 461.572026178717 70558526.3355949 -19327311.9178943
-0.0162 -0.00671288832784105 -0.00454353391994468 -2.58231373482645 461.548568739769 70550906.7488481 -19327248.2936537
-0.01625 0.00282929208531641 0.00712807813784375 -2.58253933527004 461.525111300822 70556304.663488 -19327000.3142157
-0.0163 -0.00341838864390395 -0.00723632062488975 -2.59624466894455 461.501653861874 70549160.3218828 -19327001.9010621
-0.01635 0.00451824375976653 0.00543967619656171 -2.5957790205077 461.478196422926 70553890.8867814 -19326985.8824656
-0.0164 -0.00624743891387022 -0.00422480900695978 -2.60931113948786 461.454738983978 70546476.1429065 -19327067.6955154
-0.01645 0.00454785372366724 0.00468589860149311 -2.60989968607113 461.43128154503 70550811.0861754 -19327022.3909785
-0.0165 -0.00191846971566644 -0.00702505727002404 -2.62335533158492 461.407824106082 70544012.9974225 -19327036.6510592
-0.01655 0.00234768368025118 0.00698810928803404 -2.62366083760037 461.384366667134 70548312.8440348 -19326956.4832521
-0.0166 -0.00358158023291395 -0.0045141568571361 -2.63623826429025 461.360909228186 70542000.7160404 -19326915.7246767
-0.01665 0.00435100049227248 0.00265777672032352 -2.63845386391746 461.337451789238 70545628.9701285 -19326707.5421489
-0.0167 -0.00432074036627175 -0.00236121305921835 -2.65016745039541 461.31399435029 70540012.000839 -19326724.2997173
-0.01675 0.00408814202570485 0.00289968353958655 -2.6528705971178 461.290536911342 70542603.7166905 -19326697.0971132
-0.0168 -0.003021653631481 -0.00390436914189256 -2.66430921139753 461.267079472394 70537256.5481027 -19326666.9092539
-0.01685 0.00331134723706085 0.0027385996847482 -2.66625421070057 461.243622033446 70539853.9276966 -19326656.2435379
-0.0169 -0.00464718481796011 -0.00187799463183661 -2.67728605160525 461.220164594498 70535267.8267741 -19326540.496845
-0.01695 0.00381315470472543 0.00159407370865165 -2.68023382568387 461.19670715555 70537397.9909441 -19326503.6920703
-0.017 -0.00289820028063333 -0.00111459506237531 -2.69063352862861 461.173249716602 70533459.4541929 -19326378.7932939
-0.01705 0.00232579414390484 0.0022218006741424 -2.69397523173984 461.149792277654 70534811.8074802 -19326365.7081393
-0.0171 -0.00263118863814443 -0.00137191812246196 -2.70440168093528 461.126334838706 70530774.9852968 -19326372.2604572
-0.01715 0.00321364159720276 0.000744083767920939 -2.70904119541947 461.102877399758 70531748.1531577 -19326311.4437921
-0.0172 -0.00201392928076519 -0.00134836094749748 -2.71806201571175 461.079419960811 70528101.0655476 -19326352.3940122
-0.01725 0.00112743472435024 0.00208827273851897 -2.72227225165513 461.055962521863 70529395.0386223 -19326167.7055691
-0.0173 -0.000581904540852387 -0.00220930073582442 -2.7316194841489 461.032505082915 70526510.2541932 -19326054.0869371
-0.01735 0.00151720132993536 0.00216584206008579 -2.73605866424726 461.009047643967 70527138.8113069 -19326031.9857688
-0.0174 -0.00211502729650539 -0.0023448968529947 -2.74547561779145 460.985590205019 70523592.6808247 -19325976.7443966
-0.01745 0.00166718828103043 0.00183314731979064 -2.74939005745408 460.962132766071 70524400.0124445 -19326011.561878
-0.0175 -0.00189228550102989 -0.00246059643002999 -2.75905165254742 460.938675327123 70521009.9955476 -19325811.9670228
-0.01755 0.000383232740718652 0.00213975463214581 -2.76390708914745 460.915217888175 70521858.0536278 -19325750.4603666
-0.0176 -0.000940329229271335 -0.0024614523773518 -2.77264468213131 460.891760449227 70518731.1707742 -19325801.7754809
-0.01765 0.00129700352925012 0.00233543296506559 -2.77739163575239 460.868303010279 70519337.3724632 -19325786.6785666
-0.0177 -0.000810629837483452 -0.00175871069743803 -2.78652634680629 460.844845571331 70516401.7604522 -19325708.2644408
-0.01775 0.00182646764547039 0.00208633781050668 -2.79091618491096 460.821388132383 70516897.9106352 -19325746.8023223
-0.0178 -0.00158025150205422 -0.00240895202219043 -2.80047922325097 460.797930693435 70513355.6611315 -19325666.4382389
-0.01785 0.000453615868999094 0.00270939534242242 -2.80474823133113 460.774473254487 70514402.6146846 -19325562.4909619
-0.0179 -0.000846442089842538 -0.00277737080798822 -2.81392176140803 460.751015815539 70511468.5758731 -19325433.7725228
-0.01795 0.00209735359289233 0.00253835553824625 -2.81833981894214 460.727558376591 70512547.2442994 -19325460.8513823
-0.018 -0.00195031776360248 -0.000615971926672819 -2.82758223777062 460.704100937643 70508939.6696129 -19325492.8089945
-0.01805 0.00279622517601955 0.00162029341007994 -2.8325768915754 460.680643498695 70509706.4962201 -19325392.0974434
-0.0181 -0.00144604325507259 -0.0021303710448874 -2.84165283503243 460.657186059748 70506171.6206345 -19325340.0687219
-0.01815 0.00140961304991522 0.00187105968499277 -2.84627196250157 460.6337286208 70506614.3816563 -19325389.2173442
-0.0182 -0.00249419814696337 1.83694896348108e-05 -2.85500983116813 460.610271181852 70503586.3125656 -19325372.0511831
-0.01825 0.00337056332557849 0.000229396914926883 -2.85924193583805 460.586813742904 70504711.4316148 -19325229.827973
-0.0183 -0.00270219813962803 -0.000963671864247966 -2.86835994161047 460.563356303956 70501744.5101102 -19325043.6845373
-0.01835 0.000400114580767086 0.00191664771786503 -2.87379854022307 460.539898865008 70502104.5634318 -19324983.2421618
-0.0184 -0.000270045087893589 -0.00171081181092718 -2.88253647247869 460.51644142606 70499611.0506244 -19324933.0128094
-0.01845 0.00115573076596128 0.000541049989253116 -2.88823298103057 460.492983987112 70499220.0724422 -19324940.3281816
-0.0185 -0.00136473918089547 0.00110858383891444 -2.89519767604587 460.469526548164 70497391.6564093 -19324933.6164973
-0.01855 0.000226348009665421 -0.00101554793195069 -2.90276670787755 460.446069109216 70495987.3137092 -19324824.1303902
-0.0186 0.0019213044285153 -0.000909061597262617 -2.90910919846487 460.422611670268 70495438.9038326 -19324731.5638711
-0.01865 -0.00237160798270555 0.000773754819612071 -2.9166954926346 460.39915423132 70493280.0436812 -19324771.9840116
-0.0187 0.00110699689596939 0.00158392832525842 -2.92234408527218 460.375696792372 70493593.2438757 -19324581.0617123
-0.01875 -0.00103013754379761 -0.00223612163935281 -2.93094893860408 460.352239353424 70490605.7224191 -19324530.0852071
-0.0188 0.00214197704958325 0.00221074110434547 -2.93527191386935 460.328781914476 70491410.7868901 -19324545.6510813
-0.01885 -0.00390385670330776 -0.000142202503326727 -2.94463951718466 460.305324475528 70487713.8389556 -19324494.1872798
-0.0189 0.00336238741183448 -0.000466696221756531 -2.94927266651836 460.28186703658 70488654.4658112 -19324397.8471446
-0.01895 -0.00281639020643436 -0.00171947517880852 -2.95875919425689 460.258409597632 70485438.1299261 -19324316.0261964
-0.019 0.00120508510814961 0.00295757235202839 -2.96276331157702 460.234952158685 70486903.7376865 -19324233.3587604
-0.01905 -0.00166455493604434 -0.00259510695353368 -2.97298208123455 460.211494719737 70482989.0208765 -19324207.1519361
-0.0191 0.00310820910046525 0.00138496168244547 -2.97595930666889 460.188037280789 70484489.0104147 -19324174.8694253
-0.01915 -0.00352620351947441 -0.00201062776160874 -2.98687732435539 460.164579841841 70480089.8762496 -19324146.4739534
-0.0192 0.00191139043746482 0.00332209095493126 -2.99060329992025 460.141122402893 70481892.8978358 -19324067.4749309
-0.01925 -0.00144320608125167 -0.00355520163141651 -3.00105352206887 460.117664963945 70477648.7085318 -19324044.5243305
-0.0193 0.00130939384402534 0.00353826901007521 -3.00428362009659 460.094207524997 70479573.8403115 -19323923.8868282
-0.01935 -0.00166762467153603 -0.00262108076126542 -3.01403935062573 460.070750086049 70475827.8173215 -19323832.875427
-0.0194 0.0016536190096137 0.00312456630232141 -3.01773628627712 460.047292647101 70477277.1775373 -19323751.2073269
-0.01945 -0.00140769954697265 -0.00275715184626481 -3.02748878165818 460.023835208153 70473126.717422 -19323850.639941
-0.0195 0.00119595314986376 0.00309420964656561 -3.03148898761713 460.000377769205 70474379.6734693 -19323743.8084153
-0.01955 -0.0014620368215609 -0.00264527090025019 -3.04127892709489 459.976920330257 70470786.0901682 -19323695.6252895
-0.0196 0.00150609531411469 0.00230599367209749 -3.04565639267651 459.953462891309 70472128.0876583 -19323553.1356462
-0.01965 -0.00154770007767329 -0.00199195354866032 -3.055307716338 459.930005452361 70468537.4411663 -19323546.0600061
-0.0197 0.00233924038491237 0.00245235758020782 -3.05915309921251 459.906548013413 70469913.8835475 -19323430.3668834
-0.01975 -0.00224876506409227 -0.00238975238433673 -3.06922162620543 459.883090574465 70465859.1575446 -19323406.50706
-0.0198 0.00283880732983391 0.00205712827970014 -3.07272804320328 459.859633135517 70467412.5823641 -19323367.1563097
-0.01985 -0.00395784127703956 -0.000852823930882613 -3.08330612912443 459.836175696569 70463252.4252393 -19323297.891545
-0.0199 0.0038704467697637 0.00126307933603116 -3.08657944453139 459.812718257621 70464914.772996 -19323270.1895919
-0.01995 -0.00205157995454552 -0.00304575362021612 -3.09698629098306 459.789260818674 70460855.0908735 -19323183.5926777
-0.02 0.00189282827060882 0.00329657593516065 -3.10013605842874 459.765803379726 70463063.5937225 -19322995.6290159
-0.02005 -0.00296245956273827 -0.00262748204280679 -3.11110915651505 459.742345940778 70458413.5915673 -19323026.0374559
-0.0201 0.00460396531373093 0.00219468541464802 -3.11420353213365 459.71888850183 70460633.2724138 -19322945.0536525
-0.02015 -0.00349135028569492 -0.00242936055368245 -3.12494895634341 459.695431062882 70455946.6303678 -19322877.0021176
-0.0202 0.00171786174278389 0.00454502135661949 -3.12753491619191 459.671973623934 70458356.5640784 -19322796.6663181
-0.02025 -0.00120532652325606 -0.00505847252686985 -3.1388050973838 459.648516184986 70453200.909214 -19322852.0421416
-0.0203 0.00165405585932423 0.00443653402850388 -3.14148289113012 459.625058746038 70455703.5242971 -19322755.5630817
-0.02035 -0.00456535754896634 -0.00258490796626059 -3.15273158424191 459.60160130709 70450482.7842563 -19322708.4271387
-0.0204 0.00392552177789671 0.00252051015320389 -3.15472976758912 459.578143868142 70453358.9982326 -19322628.9850385
-0.02045 -0.00320865893618733 -0.00556770592144825 -3.16677739030091 459.554686429194 70447764.6660668 -19322547.4494419
-0.0205 0.00166544662819666 0.00632754415726716 -3.16865066337965 459.531228990246 70451412.3948794 -19322450.3709969
-0.02055 -0.00248583435167065 -0.00489290496167809 -3.1805089656615 459.507771551298 70445972.552716 -19322372.204387
-0.0206 0.00400076340176641 0.00359742226118533 -3.18226879957746 459.48431411235 70448998.0183676 -19322310.0710522
-0.02065 -0.00497508864557414 -0.00282346912694361 -3.19468470392859 459.460856673402 70443291.2513075 -19322221.0601498
-0.0207 0.003500069139646 0.00361743104280406 -3.19589268371282 459.437399234454 70446351.795403 -19322214.6328866
-0.02075 -0.00289498917365731 -0.00566622280368875 -3.20797767462431 459.413941795506 70440447.7768755 -19322233.0153561
-0.0208 0.0025785381231755 0.00543205725347695 -3.20918371413546 459.390484356558 70443931.7137579 -19322177.7575628
-0.02085 -0.00503717460674347 -0.00324971411585139 -3.22167838199307 459.367026917611 70438411.6314649 -19322008.2148479
-0.0209 0.00599616555897293 0.00109031158899478 -3.22367528841356 459.343569478663 70441653.0090908 -19321913.2714641
-0.02095 -0.00489972772182279 -0.002177897669018 -3.23591584681466 459.320112039715 70436327.2320373 -19321860.8142712
-0.021 0.00236885854246942 0.0048184246201417 -3.23752995601987 459.296654600767 70439198.9791377 -19321871.5814241
-0.02105 9.40944089442748e-05 -0.00601899659932441 -3.24910878972556 459.273197161819 70433785.4865452 -19321899.3246414
-0.0211 0.00210648265447605 0.00379967936049216 -3.25190205343128 459.249739722871 70436161.584673 -19321764.0270047
-0.02115 -0.00531508952310981 -0.00120322390630957 -3.26340691135186 459.226282283923 70431682.5028632 -19321567.8171079
-0.0212 0.00440002810022072 0.000558581763043466 -3.26592036644149 459.202824844975 70433998.6905012 -19321516.2771881
-0.02125 -0.000917543963652932 -0.00430220788938899 -3.27616230135405 459.179367406027 70429836.0606806 -19321476.3254739
-0.0213 -0.00153519552993146 0.00530535085528036 -3.27986419096639 459.155909967079 70430956.1029228 -19321528.063788
-0.02135 0.000244039493436135 -0.00294654688465144 -3.2892833388641 459.132452528131 70427729.2935141 -19321476.4290373
-0.0214 0.00159552525588908 0.000164693246097514 -3.2942381335918 459.108995089183 70427877.669332 -19321426.8147856
-0.02145 -0.00216183288236 -5.74101703970079e-05 -3.30251823542772 459.085537650235 70425757.8730934 -19321280.4030179
-0.0215 0.000797446842538075 0.00149215944230243 -3.30834586932038 459.062080211287 70425697.5885222 -19321229.4411842
-0.02155 0.00208823635737536 -0.00264321300053006 -3.31663610373008 459.038622772339 70423863.8590856 -19321090.0940913
-0.0216 -0.00233892733169817 0.00192251254686452 -3.32339129566829 459.015165333391 70422751.8927421 -19321038.416445
-0.02165 3.19907512250099e-05 0.00131373685125201 -3.32935768174021 458.991707894443 70421747.7000569 -19321075.9867988
-0.0217 0.00136604642136326 -0.00246713529368032 -3.33690882262511 458.968250455495 70419945.8082187 -19320971.1777353
-0.02175 -0.000727755190190078 0.00148729693138204 -3.34251503814542 458.944793016548 70419411.1443281 -19320944.8377027
-0.0218 -0.00132750262924152 -0.000247337477173431 -3.35054273691612 458.9213355776 70417558.8935001 -19320822.3171101
-0.02185 0.00160614821484133 9.23946611409173e-06 -3.3563121944813 458.897878138652 70417401.5312135 -19320741.7095005
-0.0219 -0.00120816494843977 -0.00214518693071562 -3.36534470724268 458.874420699704 70415075.1046051 -19320492.8376438
-0.02195 -0.000297794333823643 0.00276133374134778 -3.37010087229406 458.850963260756 70415356.1912338 -19320481.6607638
-0.022 -0.000554205570751367 -0.00281052108083119 -3.3797637719731 458.827505821808 70412471.325369 -19320380.1769846
-0.02205 0.00204322395296408 0.00154444746415614 -3.38310588198768 458.80404838286 70413110.7778924 -19320501.9037647
-0.0221 -0.00308570391042548 -0.00106662502101047 -3.39267731426324 458.780590943912 70409708.392267 -19320436.2867098
-0.02215 0.00262279933060812 0.00121007880204051 -3.39704724520066 458.757133504964 70410717.2534464 -19320397.5363781
-0.0222 -0.00185669956907972 -0.00174288960407979 -3.40703988422854 458.733676066016 70407412.9800608 -19320257.331047
-0.02225 0.00229466487250971 0.00275800771863237 -3.41095460519343 458.710218627068 70408897.3331732 -19320159.8673415
-0.0223 -0.00319884151864784 -0.0015469475013133 -3.42091470699568 458.68676118812 70405088.3210937 -19320020.7646235
-0.02235 0.00394208952232059 0.000317456009182828 -3.42450865370072 458.663303749172 70406399.7105253 -19319989.8445117
-0.0224 -0.00436602036167438 -0.000597355566530738 -3.43459048142449 458.639846310224 70402363.7146404 -19319975.6760256
-0.02245 0.0024995207451064 0.00193596337598543 -3.43838996071257 458.616388871276 70404011.5818913 -19319882.2989491
-0.0225 -0.002537039256337 -0.00380308500884643 -3.44947580030013 458.592931432328 70399543.4920541 -19319799.1473896
-0.02255 0.00279780274894423 0.00400660891521496 -3.4521957438207 458.56947399338 70402071.3775931 -19319800.9328316
-0.0226 -0.00355802739557425 -0.00238698586520875 -3.46281043609681 458.546016554432 70397298.6122238 -19319773.7797934
-0.02265 0.00491112739946898 0.00248205939283276 -3.46483295086087 458.522559115485 70400187.2475605 -19319684.1239256
-0.0227 -0.00329573478873554 -0.00412526496121537 -3.47663639062664 458.499101676537 70394501.3034669 -19319685.6963248
-0.02275 0.00234557228774701 0.00569693956907434 -3.47890585520472 458.475644237589 70397855.3006444 -19319536.9433654
-0.0228 -0.00254287000263488 -0.00490053328859555 -3.49064268991267 458.452186798641 70392022.802129 -19319500.8165074
-0.02285 0.0043781833718836 0.00411085365144807 -3.49181925949941 458.428729359693 70395720.3116843 -19319393.6693566
-0.0229 -0.00542515328729548 -0.00258840485291049 -3.50489504615718 458.405271920745 70389570.7480567 -19319327.4717901
-0.02295 0.00509429452929561 0.00279753012913303 -3.50652821967799 458.381814481797 70393320.0014948 -19319170.9345478
-0.023 -0.00262830993562312 -0.00520878807384079 -3.51890763710336 458.358357042849 70387404.1514952 -19319165.4812143
-0.02305 0.00314426779275753 0.00628044087076933 -3.51971126954741 458.334899603901 70391423.2540185 -19319073.0888338
-0.0231 -0.00455894341940262 -0.00440564141549786 -3.53277895173969 458.311442164953 70384566.3567079 -19319035.1579604
-0.02315 0.0072058052635884 0.0025679596412851 -3.5328993220192 458.287984726005 70388826.3552321 -19318986.4836193
-0.0232 -0.00676457390717759 -0.00299843690458208 -3.54625713235016 458.264527287057 70382320.8999065 -19318896.1278988
-0.02325 0.00499399738697724 0.0054416299135353 -3.54678441879676 458.241069848109 70386748.1630298 -19318849.8142398
-0.0233 -0.00267872585594092 -0.00605733046733582 -3.56060203688137 458.217612409161 70380140.1100247 -19318703.439607
-0.02335 0.00440565937329936 0.00508031392411935 -3.56108132314751 458.194154970213 70384726.6758137 -19318496.9749615
-0.0234 -0.00560722457665268 -0.00355374431796987 -3.57414409305418 458.170697531265 70378060.9663514 -19318446.379892
-0.02345 0.00506108170138511 0.00300672699205683 -3.57462123913288 458.147240092317 70381782.1970497 -19318432.0136183
-0.0235 -0.00335191782001466 -0.00490692558381066 -3.58745096413809 458.123782653369 70375545.7393946 -19318479.6744039
-0.02355 0.0021453171570201 0.00674006045178565 -3.58904124113677 458.100325214422 70378944.6842067 -19318429.8205561
-0.0236 -0.00224943486320558 -0.00567996145298542 -3.60173676512895 458.076867775474 70373163.2456608 -19318292.4077876
-0.02365 0.00366911936873464 0.00333748318063491 -3.60295430436479 458.053410336526 70376393.787726 -19318240.2799257
-0.0237 -0.00383573664843025 -0.00327288004423745 -3.61493014093967 458.029952897578 70371586.2082748 -19318038.2053591
-0.02375 0.00213565406762781 0.0039836052642872 -3.61710384860699 458.00649545863 70373966.7293612 -19318014.8972516
-0.0238 -0.000934367996495151 -0.00483801399931708 -3.62829313189847 457.983038019682 70369246.9325241 -19317959.2170318
-0.02385 0.00126159605817973 0.00409390110980247 -3.63148568763407 457.959580580734 70371035.6330875 -19317961.6093048
-0.0239 -0.00232895501293853 -0.00201583752413577 -3.64142308753937 457.936123141786 70367257.9609993 -19317857.8529448
-0.02395 0.00236645603327753 0.000425515807531935 -3.64564449538516 457.912665702838 70368332.33536 -19317727.599081
-0.024 -0.00128997404103912 -0.0012808466466124 -3.65443984204571 457.88920826389 70365539.0724689 -19317686.8092486
-0.02405 0.000324994862183644 0.00128932857160802 -3.65995230276625 457.865750824942 70365989.0492589 -19317503.4080663
-0.0241 -0.000879535372387177 -0.000767482955527433 -3.66819979529754 457.842293385994 70363758.080733 -19317491.4896004
-0.02415 0.00194249918199436 -0.000235206531204231 -3.6739665067376 457.818835947046 70363129.9054032 -19317513.088515
-0.0242 -0.00235170455294616 0.00151299352954617 -3.68174791319177 457.795378508098 70361265.2023563 -19317436.7360958
-0.02425 0.00124345685480195 -0.000376942126247381 -3.68691522002862 457.77192106915 70360708.0099175 -19317430.7420929
-0.0243 0.000553421695615467 -0.00109258421121944 -3.69419968060135 457.748463630202 70359114.7766816 -19317348.924054
-0.02435 -0.000563047926779976 0.000953470377903252 -3.70148363464011 457.725006191254 70358250.5789333 -19317180.3541416
-0.0244 -0.000425992209745923 0.000364801821566295 -3.70910420595494 457.701548752306 70357217.0067452 -19317021.8227183
-0.02445 0.0003557499048565 -0.0010053837178389 -3.71651873129862 457.678091313358 70355649.5613909 -19316990.7682664
-0.0245 0.000892379273895378 0.000628857141767369 -3.72238754530525 457.654633874411 70354695.205636 -19317021.92209
-0.02455 -0.00218733916179724 0.000648794266869644 -3.72987593871819 457.631176435463 70352976.0785165 -19316901.1689124
-0.0246 0.00242080223593944 -0.00123490640948167 -3.73595196413397 457.607718996515 70352626.0388683 -19316811.1151393
-0.02465 -0.00264374429558582 0.000691338072890267 -3.74403720546717 457.584261557567 70350656.6469709 -19316692.5202645
-0.0247 0.00123298056655738 0.000212986209071187 -3.74999371798263 457.560804118619 70350754.66208 -19316532.1825294
-0.02475 -0.00100306304220208 -0.00070387352081059 -3.75781485870663 457.537346679671 70348862.3915814 -19316454.4178519
-0.0248 0.00266996680106788 0.00137870923514662 -3.76249544871273 457.513889240723 70348734.2702297 -19316596.6185105
-0.02485 -0.00235710732164197 -0.00129846763026443 -3.77247449856974 457.490431801775 70345422.14915 -19316416.2212465
-0.0249 0.00115064750156408 0.00190484927511165 -3.77663523154149 457.466974362827 70346087.2361957 -19316430.1776422
-0.02495 -0.0002437369124737 -0.0024037496341375 -3.78557053910531 457.443516923879 70343478.5906803 -19316314.1479871
-0.025 0.000567881961293148 0.00310639460078127 -3.79039769312724 457.420059484931 70344382.3878938 -19316156.6909348
-0.02505 -0.00101210535750795 -0.00222160528489511 -3.80009783352995 457.396602045983 70341195.2978196 -19316038.8529125
-0.0251 0.0017401671206701 0.00221074458108481 -3.80426236915517 457.373144607035 70341825.0189203 -19316056.4068437
-0.02515 -0.00146790207007058 -0.00288237686167854 -3.81351505145848 457.349687168087 70338208.6949181 -19316043.5863978
-0.0252 0.000544200301751906 0.00376514677859924 -3.81735519586823 457.326229729139 70339579.2680706 -19315926.4939762
-0.02525 -0.00102844834436109 -0.00285245100295649 -3.82741132715621 457.302772290191 70336157.1735216 -19315825.3374412
-0.0253 0.00171122906090112 0.00314367512285368 -3.83138716801371 457.279314851243 70337735.2585526 -19315711.6807656
-0.02535 -0.00372053536814176 -0.00129628203418449 -3.84128679583065 457.255857412295 70333693.8556385 -19315606.5674915
-0.0254 0.00443773986878376 0.00160686279370057 -3.84403134374729 457.232399973348 70335433.6101959 -19315641.1120116
-0.02545 -0.00314713272572782 -0.00321970988117842 -3.85483118364127 457.2089425344 70330621.2565453 -19315651.5829141
-0.0255 0.00319959074017457 0.00448340102334813 -3.85736073451369 457.185485095452 70333845.874997 -19315415.9616798
-0.02555 -0.00431851088391797 -0.00366454969443861 -3.87021162638068 457.162027656504 70328151.0347576 -19315336.5990719
-0.0256 0.00678892108903509 0.00196626372763921 -3.87043302514733 457.138570217556 70332061.5802836 -19315239.9214928
-0.02565 -0.00678178163823489 -0.00315050626279986 -3.88353563134313 457.115112778608 70325589.6056602 -19315168.0662566
-0.0257 0.00453026849830543 0.00460089458298809 -3.88367599218465 457.09165533966 70329627.2689032 -19315168.7851565
-0.02575 -0.00374706490740644 -0.00671600909687192 -3.89807373074776 457.068197900712 70322753.9872755 -19315102.133068
-0.0258 0.00480845518909982 0.00592374251135076 -3.89744248999602 457.044740461764 70327787.5610136 -19315008.0312875
-0.02585 -0.00729555064863976 -0.00296547934273875 -3.91216726680812 457.021283022816 70320528.9713684 -19314892.0163115
-0.0259 0.00716682814214338 0.00336790076095559 -3.91104546044766 456.997825583868 70325644.4310265 -19314799.0610169
-0.02595 -0.00438818299984503 -0.00534514577007723 -3.92520006351771 456.97436814492 70318509.3284409 -19314773.6219659
-0.026 0.0018040394367919 0.00815146842114984 -3.9251730938228 456.950910705972 70322916.3113699 -19314733.7015333
-0.02605 -0.00202948716636532 -0.00698186469237462 -3.93908327875104 456.927453267024 70315817.6241195 -19314765.2190469
-0.0261 0.00560415131048005 0.00393663957774567 -3.9390534311127 456.903995828076 70320389.063584 -19314610.9838454
-0.02615 -0.00643693753373995 -0.00183223718027422 -3.95275474465188 456.880538389128 70314163.7109606 -19314443.2886332
-0.0262 0.00503088232162084 0.00368556794461443 -3.95402607033307 456.85708095018 70317982.6751174 -19314341.3036093
-0.02625 -0.00198525895921666 -0.00526365212780289 -3.96607894040534 456.833623511232 70312301.9289604 -19314263.431614
-0.0263 0.00158508219683177 0.00546922270606767 -3.96765288781669 456.810166072285 70315525.4757518 -19314116.9046793
-0.02635 -0.00341754244531841 -0.00211175844130091 -3.97901746540088 456.786708633337 70310433.3455542 -19314136.6089437
-0.0264 0.00529152430043917 0.000247010077003487 -3.9819778556339 456.763251194389 70312699.9121102 -19314011.86078
-0.02645 -0.00382162001716706 -0.00145324505121835 -3.99306123177373 456.739793755441 70307911.6001417 -19314024.4562058
-0.0265 0.00204617953891164 0.00486650254185229 -3.99550593546991 456.716336316493 70310446.1501766 -19313929.6494041
-0.02655 -0.000355003652989037 -0.00499388745775753 -4.00721771236734 456.692878877545 70306197.3421753 -19313656.738505
-0.0266 0.0020555789354441 0.00263995415520922 -4.01045289712812 456.669421438597 70307983.5320217 -19313588.7984442
-0.02665 -0.00382875944944783 0.000329647316903665 -4.02029794642664 456.645963999649 70304095.9280969 -19313621.8302148
-0.0267 0.00442325128764404 0.000150370005801853 -4.02381036387352 456.622506560701 70305321.0450724 -19313560.884542
-0.02675 -0.00185403474404256 -0.00208131250129461 -4.03306921858133 456.599049121753 70301931.03044 -19313493.66228
-0.0268 -0.00115828804297501 0.00299838989967521 -4.03873441270614 456.575591682805 70302605.5539286 -19313282.4919557
-0.02685 0.000322589528489857 -0.00294548109317535 -4.04725197562993 456.552134243857 70300387.8593897 -19313110.308481
-0.0269 0.00114153155018333 0.000340346518239922 -4.0522645977547 456.528676804909 70300437.0182384 -19313056.0140671
-0.02695 -0.00273163214508446 0.000525635183864895 -4.06027423889152 456.505219365961 70297908.0522977 -19313069.4430816
-0.027 0.001195909136492 0.000351034324291851 -4.06625189279219 456.481761927013 70297796.8600286 -19312971.8189067
-0.02705 0.00138632279831551 -0.00284142507830969 -4.07451900294208 456.458304488065 70295525.2250228 -19312904.5259334
-0.0271 -0.000998442009598487 0.00276568209667622 -4.07968784621078 456.434847049117 70295669.0688102 -19312829.8561498
-0.02715 -0.000363583201895077 -0.00137055156333292 -4.08761621099305 456.411389610169 70294018.2304456 -19312604.1368469
-0.0272 0.00222909210600159 -0.00155551953068001 -4.09403341081902 456.387932171222 70293267.9160432 -19312621.3551936
-0.02725 -0.00113155380406454 0.00111156416298311 -4.10133211721724 456.364474732274 70291690.7982232 -19312600.7726359
-0.0273 -0.000737641845298965 0.000190237839652616 -4.10824122094399 456.341017293326 70290321.2458268 -19312547.735575
-0.02735 0.00215805824811259 -0.00164448780319236 -4.1139895922768 456.317559854378 70289715.055833 -19312459.9242934
-0.0274 -0.000838557454733425 -0.000365107909431378 -4.1220205200588 456.29410241543 70288027.7994792 -19312309.4346503
-0.02745 -0.000707013276860364 0.00220989464214832 -4.12832394330979 456.270644976482 70287523.2547477 -19312224.7516959
-0.0275 0.000759165710268842 -0.00296044486742985 -4.13644894818892 456.247187537534 70285336.3693697 -19312158.3749533
-0.02755 0.00114941764011494 0.000450260067380477 -4.14163981017498 456.223730098586 70285390.9138032 -19312140.3528914
-0.0276 -0.00232174761954474 0.00173780561468733 -4.14971867493272 456.200272659638 70283450.0516128 -19312053.2384176
-0.02765 0.0018975953732072 0.000699794736566604 -4.15534048196598 456.17681522069 70283644.9420684 -19311870.4082679
-0.0277 0.00036167125678197 -0.00218984638815428 -4.16413162149849 456.153357781742 70281205.1095325 -19311786.3796665
-0.02775 0.000117333396391769 0.00213483304290985 -4.16958552422581 456.129900342794 70280783.3681479 -19311820.5192723
-0.0278 -0.000867282015987045 0.000373028588696027 -4.17661780015349 456.106442903846 70278843.9923525 -19311813.364995
-0.02785 0.00339900768053694 -0.00183587016281592 -4.18234164650295 456.082985464898 70278810.1429016 -19311587.3981339
-0.0279 -0.00229493881074813 0.000712793714402353 -4.19061121197554 456.05952802595 70276909.1301476 -19311426.7651468
-0.02795 -0.000242522781062105 0.000983718432419629 -4.19749206367872 456.036070587002 70276466.2212345 -19311267.5709528
-0.028 0.00147803271546973 -0.0022200787762167 -4.20497983519206 456.012613148054 70274423.6496275 -19311310.4185242
-0.02805 0.000270079605437857 0.00173125420874834 -4.21043441119108 455.989155709106 70274190.8998192 -19311210.9012587
-0.0281 -0.0024333267538716 -6.1864046992595e-05 -4.21844820621062 455.965698270158 70271767.5954208 -19311179.3372141
-0.02815 0.00221522852024085 4.40057150935071e-06 -4.22383905642854 455.942240831211 70272219.6860026 -19311024.8492645
-0.0282 -0.00116121014479292 -0.00165829384956364 -4.2328430044126 455.918783392263 70269830.2730519 -19310863.8475624
-0.02825 -0.000528020337495703 0.00340087373345904 -4.23746763032839 455.895325953315 70270189.9649346 -19310825.7885483
-0.0283 -0.000666539677173152 -0.00288574544602727 -4.24654323827305 455.871868514367 70267330.0296896 -19310724.495816
-0.02835 0.00218835633942389 0.00121833995136273 -4.25067750628447 455.848411075419 70267999.5653919 -19310704.6893512
-0.0284 -0.00265130912084461 -0.000962855033979782 -4.26056840496582 455.824953636471 70264802.8177903 -19310574.0873058
-0.02845 0.00189182869305577 0.00205860495531208 -4.26503252881378 455.801496197523 70265727.4547939 -19310509.8881071
-0.0285 -0.00109269982769186 -0.00255249997665016 -4.27427973162351 455.778038758575 70262543.5071107 -19310430.9491105
-0.02855 0.000648714581255258 0.00228817080192065 -4.27835559787541 455.754581319627 70263385.4245027 -19310368.8593317
-0.0286 -0.00272882979146696 -0.000562658888407109 -4.28734288628162 455.731123880679 70260425.7421397 -19310299.5608012
-0.02865 0.00422369256249363 -0.000965756617699666 -4.29224980330244 455.707666441731 70261494.6891549 -19310078.7938296
-0.0287 -0.00411705003475368 0.000405545599624234 -4.30219114418546 455.684209002783 70258134.1819367 -19309983.1900548
-0.02875 0.000742193520054901 0.00358856463079999 -4.30616443092909 455.660751563835 70259394.8685005 -19309911.0744187
-0.0288 -6.95681017981794e-05 -0.00597000987519882 -4.31627053697915 455.637294124887 70255027.1515973 -19309926.0689274
-0.02885 0.00283574901297691 0.0031790246779503 -4.31862562479343 455.613836685939 70257470.9166233 -19309852.74538
-0.0289 -0.00680910908687743 -0.000129455027079861 -4.33016518948515 455.590379246991 70252708.4063953 -19309723.1808411
-0.02895 0.00601805458489815 0.00146173162527791 -4.33204598516616 455.566921808043 70255862.6208437 -19309586.7293838
-0.029 -0.00105755174520149 -0.00673946982084367 -4.34474129987962 455.543464369095 70250365.2724682 -19309455.9489951
-0.02905 -0.00109709702468417 0.00906492540367024 -4.34556096596916 455.520006930148 70253465.3449598 -19309443.7268814
-0.0291 -0.00269583849282806 -0.00558110231973441 -4.35805091138147 455.4965494912 70247611.3911835 -19309414.9533833
-0.02915 0.00708685339030192 0.000203952827973981 -4.35897976297877 455.473092052252 70251245.1552845 -19309359.0559659
-0.0292 -0.00608722959409009 -0.00083375399443636 -4.37141739022839 455.449634613304 70246063.4152902 -19309176.7020027
-0.02925 0.00262008311349666 0.00437749473190131 -4.37384715266961 455.426177174356 70249061.6097479 -19309014.0116173
-0.0293 -0.000148698122407433 -0.00694844696971652 -4.38583312890824 455.402719735408 70243792.9491538 -19308927.2261995
-0.02935 0.00243490682544088 0.003945376848873 -4.38787639627931 455.37926229646 70246255.4295753 -19308938.0371145
-0.0294 -0.00563444623616553 -5.16440421957834e-05 -4.39868701896628 455.355804857512 70241560.980872 -19308993.947633
-0.02945 0.00568709415145697 -0.00103223065444886 -4.40143671624681 455.332347418564 70243657.9884157 -19308872.9920019
-0.0295 -0.00241692672891323 -0.00206595792891528 -4.41182957257539 455.308889979616 70239922.6434031 -19308702.6270567
-0.02955 -0.000345267687964479 0.00412509739318869 -4.41631316140084 455.285432540668 70241443.6275986 -19308487.5859141
-0.0296 -0.000671323139960899 -0.00355643513646016 -4.42572653381728 455.26197510172 70238261.83577 -19308337.2625279
-0.02965 0.00280689803804476 0.000362784096174275 -4.42971384624871 455.238517662772 70239136.1984577 -19308303.9894689
-0.0297 -0.00270565562108375 -0.000403816884923855 -4.43929240109722 455.215060223824 70235791.725059 -19308273.6099002
-0.02975 0.00114116825388378 0.00209515649552205 -4.44397413856579 455.191602784876 70236463.6756168 -19308244.6579985
-0.0298 0.000723382557578962 -0.00425124624820205 -4.45315096885742 455.168145345928 70233804.5817893 -19308003.8606976
-0.02985 0.00041375779708002 0.00287858530557772 -4.45730304183554 455.14468790698 70234545.3265449 -19308002.8947469
-0.0299 -0.000949873720594567 -0.00186261007902384 -4.46636066863729 455.121230468032 70231841.0917949 -19307849.1616487
-0.02995 0.00145425797332606 0.000933748895308658 -4.47167086697441 455.097773029085 70232053.0048925 -19307772.3657418
-0.03 -0.000870901012647994 -0.00196058708027424 -4.48025046540799 455.074315590137 70229469.2797958 -19307715.3078362
-0.03005 -0.00060908261915919 0.00246110235539976 -4.48556719972783 455.050858151189 70229727.2145167 -19307611.1228555
-0.0301 1.20389466220833e-07 -0.00134075914082274 -4.49307688489957 455.027400712241 70227511.1483406 -19307616.8575882
-0.03015 0.00277231187425779 -0.000608048448684059 -4.49870732229457 455.003943273293 70227432.3527182 -19307502.5323368
-0.0302 -0.00329602884047142 0.00213750532848902 -4.50773717723932 454.980485834345 70225543.2240945 -19307270.5151446
-0.03025 0.00192257608017544 -0.000167842450412712 -4.51345250432403 454.957028395397 70225377.660784 -19307183.4281966
-0.0303 -0.000137132904470136 -0.0014933241455889 -4.52117124917488 454.933570956449 70223435.32538 -19307074.8003541
-0.03035 0.000669992959493331 0.00175184361147871 -4.52572601015454 454.910113517501 70223364.0904579 -19307073.7374199
-0.0304 -0.0018617910894667 -0.000569090260836645 -4.53479162156754 454.886656078553 70220951.1846096 -19306908.4104353
-0.03045 0.0028404801268327 -0.0011540215928369 -4.54071895578122 454.863198639605 70220997.3371504 -19306803.7767902
-0.0305 -0.00165301697638976 0.000412654035988109 -4.54828539092772 454.839741200657 70218887.8461376 -19306770.6696239
-0.03055 -0.001512306393497 0.00289355083831924 -4.55410803656132 454.816283761709 70219062.0070711 -19306570.3991204
-0.0306 0.00275894750895385 -0.00410213478978509 -4.5614088974745 454.792826322761 70216995.1576503 -19306569.5791219
-0.03065 -3.06716176878244e-05 0.00157186690202681 -4.56794747246323 454.769368883813 70216703.9510533 -19306406.3010019
-0.0307 -0.0025986976319224 0.000969003442464541 -4.57627181760882 454.745911444865 70214417.6627523 -19306353.2987526
-0.03075 0.00181142623372814 -4.15611563964543e-05 -4.58205495685548 454.722454005917 70214195.4562978 -19306266.781671
-0.0308 0.00255442008468256 -0.00320743356214567 -4.58919981018579 454.698996566969 70212469.7762698 -19306237.3218505
-0.03085 -0.00327370241032434 0.00439374902922319 -4.59533920437858 454.675539128022 70212097.4848042 -19306120.7322193
-0.0309 -0.000362873141251041 -0.000483502201839622 -4.60343652560523 454.652081689074 70210656.4255738 -19305911.6858007
-0.03095 0.00350681720828065 -0.00285710819829102 -4.60961074230909 454.628624250126 70210390.2605231 -19305739.613592
-0.031 -0.00362046978401394 0.00332798551572826 -4.61652461092145 454.605166811178 70208814.2637365 -19305669.1856255
-0.03105 -0.000432599481995522 -0.000478840964495447 -4.623659296401 454.58170937223 70207408.2324366 -19305625.0976209
-0.0311 0.00357443227555004 -0.00227175327864346 -4.62928627473177 454.558251933282 70206554.576564 -19305674.9643635
-0.03115 -0.00115256123167165 0.000441265735855448 -4.63686005105638 454.534794494334 70204848.9349006 -19305602.7389345
-0.0312 -0.0028739957191743 0.0038578482267935 -4.64329521859402 454.511337055386 70204413.8270178 -19305419.7868503
-0.03125 0.00329957123307954 -0.00562772680333079 -4.65158895846324 454.487879616438 70202609.8092326 -19305251.1575326
-0.0313 0.000969434909368144 0.000261976074842755 -4.65656678921293 454.46442217749 70202888.1839101 -19305098.3041933
-0.03135 -0.00548056833154732 0.00285903522925065 -4.66520690357325 454.440964738542 70200402.9523669 -19305071.0650076
-0.0314 0.00408696629598721 -0.00104277300034458 -4.6704361949988 454.417507299594 70200526.9312404 -19305042.289312
-0.03145 0.000297219991905116 -0.00363459914190122 -4.67964100446678 454.394049860646 70197682.1323597 -19304902.9240037
-0.0315 -0.00145341954817788 0.00469795247262824 -4.68325397183006 454.370592421698 70198526.4420835 -19304853.1440482
-0.03155 -0.00290380085389283 -0.00167809452998761 -4.69324750104125 454.34713498275 70195502.8854327 -19304631.8282963
-0.0316 0.0063292787998025 -0.00270648091314742 -4.69706708849652 454.323677543802 70196882.7067069 -19304478.8113624
-0.03165 -0.00502998192157387 0.00101110506356881 -4.70745051224105 454.300220104854 70193527.9939457 -19304340.8486526
-0.0317 0.00093188501017576 0.00277925020467991 -4.71144161179243 454.276762665906 70194478.5109148 -19304322.6764466
-0.03175 0.000826415694271586 -0.00514884706817973 -4.72104310801691 454.253305226959 70190930.8760007 -19304312.1286809
-0.0318 0.000822993006806791 0.00245912640617035 -4.72442065897014 454.229847788011 70191973.8747307 -19304286.4686135
-0.03185 -0.00375787998487337 0.000504914387097613 -4.73393737984819 454.206390349063 70189159.0675005 -19304146.390881
-0.0319 0.00375436783475753 -0.000183109461810227 -4.73900205047277 454.182932910115 70190106.4693141 -19303964.350794
-0.03195 -0.000238877011971593 -0.00192203707315542 -4.74774386090646 454.159475471167 70187588.9724509 -19303835.4596631
-0.032 -0.000843479043383829 0.00354440310362532 -4.7528932301785 454.136018032219 70187925.7798184 -19303719.1589438
-0.03205 -0.000559434811054136 -0.0024242217838096 -4.76206471822078 454.112560593271 70184848.809984 -19303724.5590373
-0.0321 0.00199427423804008 -0.000158201424658133 -4.76628982799118 454.089103154323 70185241.5958441 -19303649.9310986
-0.03215 -0.0027831863187601 0.000364672040542049 -4.77458383114611 454.065645715375 70182737.3043553 -19303608.0861389
-0.0322 0.00135920956241397 0.00105283614226665 -4.78052980822371 454.042188276427 70183175.3634721 -19303412.4106157
-0.03225 -0.00015300587139253 -0.00259564001386533 -4.78902337311485 454.018730837479 70180835.5634273 -19303269.288258
-0.0323 0.000520692440652733 0.00152454470335108 -4.79395567062052 453.995273398531 70181261.4447 -19303129.0011775
-0.03235 -0.00240487086273594 7.71791552257767e-05 -4.80190138284432 453.971815959583 70178517.2957672 -19303186.9887937
-0.0324 0.00346837735878464 -0.000877905055158351 -4.80719225664312 453.948358520635 70178822.4399618 -19303106.035714
-0.03245 -0.00259630096817634 0.000435931381843007 -4.81646336215126 453.924901081687 70176214.8691629 -19303015.1851718
-0.0325 0.000908680307218201 0.00255325009261286 -4.8207905466041 453.901443642739 70177269.0139809 -19302782.4862611
-0.03255 0.000598766206289562 -0.00330341473515722 -4.82953616958064 453.877986203791 70174341.1091545 -19302689.8684972
-0.0326 0.000654667949757513 0.00239399228661508 -4.83512166837724 453.854528764843 70174804.5953296 -19302571.0535153
-0.03265 -0.00280336259340685 -0.00117234310711727 -4.84433371062051 453.831071325895 70171410.8034863 -19302560.8289561
-0.0327 0.00224204429622675 0.00132012230928919 -4.84787595613413 453.807613886948 70172761.492548 -19302479.4503197
-0.03275 -0.000823041376303953 -0.00240733284443968 -4.85748541871371 453.784156448 70169750.7028665 -19302328.4475979
-0.0328 -9.34749489896766e-06 0.00410277503019402 -4.86186288752097 453.760699009052 70170997.96698 -19302135.8020927
-0.03285 -0.00136990809155877 -0.00267336925643785 -4.87181181604365 453.737241570104 70167407.4497309 -19302106.5377364
-0.0329 0.0041412500865849 0.000948356827816932 -4.87554904456157 453.713784131156 70168839.7993888 -19301983.8298981
-0.03295 -0.0042127723977425 0.000477216173330999 -4.88528143763582 453.690326692208 70165112.6090469 -19301948.125944
-0.033 0.00225531149281222 0.00239817463035066 -4.88863860409286 453.66686925326 70166689.8010341 -19301842.9760734
-0.03305 -0.000741915334440131 -0.00410502327802931 -4.89924414417926 453.643411814312 70162812.8784194 -19301736.3489576
-0.0331 0.00173327626875482 0.00328955280195205 -4.90216739236722 453.619954375364 70164825.0897995 -19301573.1433733
-0.03315 -0.00441288012280194 -0.00138655045852995 -4.91363155003557 453.596496936416 70160584.7546244 -19301396.3766638
-0.0332 0.00648704837470054 0.00110449387842238 -4.9155015960455 453.573039497468 70163468.6328668 -19301306.9821175
-0.03325 -0.00357842299538887 -0.00428074273461703 -4.927333972674 453.54958205852 70158192.9009617 -19301213.5666341
-0.0333 0.000427943194335105 0.0076335614407133 -4.92851106510922 453.526124619572 70161518.2496602 -19301170.3729583
-0.03335 -0.00163300597920661 -0.00722750342018664 -4.94188355899318 453.502667180624 70155001.3440663 -19301150.6546878
-0.0334 0.00592336449480985 0.00339054132903324 -4.94208727183581 453.479209741676 70159519.0792828 -19300972.2279314
-0.03345 -0.00809864926782824 -0.00215421327578461 -4.95544764634119 453.455752302728 70153105.3681759 -19300840.9325241
-0.0335 0.00458526829963075 0.00469536444618085 -4.95474466868457 453.43229486378 70158180.2847161 -19300652.6105685
-0.03355 -0.00164560056468804 -0.00774067699402064 -4.96913455998563 453.408837424832 70151415.4491058 -19300571.8186853
-0.0336 0.00303899819952699 0.00668707920506958 -4.96938165629559 453.385379985885 70155806.1926716 -19300395.4524891
-0.03365 -0.00645653451193331 -0.00342790667357529 -4.98331409313308 453.361922546937 70148620.6261646 -19300463.1065122
-0.0337 0.00811241505687993 0.00275730959340814 -4.98226564217904 453.338465107989 70153741.1344593 -19300367.4438503
-0.03375 -0.00503137288968156 -0.00348600446947337 -4.99586805702916 453.315007669041 70146692.9870843 -19300334.4465921
-0.0338 0.00309817534885369 0.00536652878079996 -4.99688472478534 453.291550230093 70151011.2412124 -19300070.6186944
-0.03385 -0.00309372280778577 -0.00533980443635283 -5.00981360288318 453.268092791145 70145009.4757029 -19300045.3203948
-0.0339 0.00504905441068794 0.00238812846254703 -5.01038450334377 453.244635352197 70148900.5032908 -19299808.6927324
-0.03395 -0.00575745063850433 -0.00183215456480492 -5.02226828366161 453.221177913249 70143311.5600341 -19299788.1582791
-0.034 0.00244333165687529 0.00224829123693732 -5.02519232801891 453.197720474301 70145569.7217043 -19299719.6280653
-0.03405 -0.000481506611326933 -0.00453293752226782 -5.0359497188408 453.174263035353 70141433.7371588 -19299671.5461017
-0.0341 0.000390549099656248 0.00328396550867289 -5.03903802832936 453.150805596405 70143446.6199244 -19299452.1544764
-0.03415 -0.00180505196753515 -0.00197982688139041 -5.04885819470987 453.127348157457 70140171.0393741 -19299325.2346857
-0.0342 0.00229084555744082 0.000581949234556084 -5.05357372598061 453.103890718509 70141094.2515222 -19299186.7646795
-0.03425 -0.00180671621300911 -0.00137928009500561 -5.06203517229369 453.080433279561 70137982.1984987 -19299245.1608226
-0.0343 -0.000966032913286377 0.00317724345164293 -5.06737127311063 453.056975840613 70138322.530501 -19299090.8566371
-0.03435 0.000892657491377984 -0.00293142534198995 -5.07563946364161 453.033518401665 70136028.6588239 -19299003.98177
-0.0344 0.000626355682119621 0.000602450046507831 -5.08116320010069 453.010060962717 70136400.3142027 -19298824.2710257
-0.03445 -0.00189570394536551 0.00144072423458643 -5.08912668331671 452.986603523769 70134494.1922096 -19298796.0970038
-0.0345 0.00141170168795536 -6.76745080635713e-06 -5.0948114619805 452.963146084822 70134297.8270513 -19298610.8572051
-0.03455 -0.000264193451741507 -0.00116801641457828 -5.10296501059568 452.939688645874 70132093.2886288 -19298533.1332757
-0.0346 -0.000614098766805256 0.000974064964065926 -5.10896834650961 452.916231206926 70131652.3449034 -19298399.7365566
-0.03465 -0.000893438021202613 0.000341092018849363 -5.11589325951959 452.892773767978 70130375.1860459 -19298306.4490102
-0.0347 0.00179013768006045 -0.00120642650638323 -5.12244884956704 452.86931632903 70129849.5843551 -19298159.4637109
-0.03475 -0.000661821533539872 0.000974794515194047 -5.12942200054323 452.845858890082 70128547.3047493 -19298136.8948626
-0.0348 -0.000774570756135634 0.00134599064494434 -5.13632631581123 452.822401451134 70127692.1077007 -19297961.4462553
-0.03485 0.00156700880046251 -0.00110480498539446 -5.14296947103112 452.798944012186 70126253.5756078 -19297968.5791956
-0.0349 9.31645502472866e-05 -7.94630935305974e-05 -5.14929650994737 452.775486573238 70125241.5090692 -19297824.9910526
-0.03495 -0.00134273627591266 0.00168748157255389 -5.15604185210157 452.75202913429 70124338.0691856 -19297726.7504645
-0.035 0.000874998784323696 -0.000369454601811226 -5.16303900543629 452.728571695342 70123624.1765549 -19297533.4135933
-0.03505 0.000793576419864166 -0.00150800247866327 -5.17025238786122 452.705114256394 70122299.5422701 -19297422.0642936
-0.0351 -0.00124784215877148 0.000926038506833851 -5.17738659053781 452.681656817446 70121300.3928549 -19297256.2820118
-0.03515 0.000360634687796788 0.000474349943164717 -5.1835350607218 452.658199378498 70120257.475404 -19297297.8423177
-0.0352 0.00108870811419678 -0.00184596669797476 -5.19147585304142 452.63474193955 70118606.4793363 -19297167.0483969
-0.03525 -0.00062433086466747 0.00157784662493546 -5.1980069250352 452.611284500602 70117795.8674984 -19297138.8684838
-0.0353 -0.000889708290647824 0.000905207570745666 -5.20464778935309 452.587827061654 70117184.5604161 -19296792.8804571
-0.03535 0.00206711815253136 -0.00209572377461606 -5.21116216802295 452.564369622706 70116242.6234938 -19296722.4288228
-0.0354 -0.000588606986416274 0.00109973356735497 -5.21762259312792 452.540912183759 70115242.3968573 -19296695.191356
-0.03545 -0.00207439860262475 0.00166506050700502 -5.22516122589769 452.517454744811 70113970.3942622 -19296491.3008579
-0.0355 0.0020871434215638 -0.00181677932681216 -5.23138053744803 452.493997305863 70112811.2309647 -19296491.9232253
-0.03555 0.000846856251431192 -0.00037649021157187 -5.23816532487111 452.470539866915 70111618.45827 -19296471.6088633
-0.0356 -0.00348107856025435 0.00303746877271537 -5.24577348221785 452.447082427967 70110857.3049356 -19296164.6382242
-0.03565 0.00158029927637687 -0.00163964765483815 -5.25238773792853 452.423624989019 70110007.1796496 -19295991.3563914
-0.0357 0.0018409097518896 -0.00253375014922885 -5.25913797263825 452.400167550071 70108969.9124359 -19295796.5794882
-0.03575 -0.00313183843385846 0.00230777249447473 -5.26601406456647 452.376710111123 70107551.1855727 -19295858.3672028
-0.0358 8.69118317685078e-05 0.000119154563564944 -5.27255766772029 452.353252672175 70106544.9419435 -19295780.609288
-0.03585 0.0026132276644817 -0.00324967746016151 -5.27943938574274 452.329795233227 70105438.1475129 -19295660.0064052
-0.0359 -0.000873343587425624 0.00165369580856805 -5.28562951629206 452.306337794279 70104962.9837586 -19295545.6247163
-0.03595 -0.00295701636699107 0.00201230346527992 -5.29348334389431 452.282880355331 70103388.8620267 -19295383.5936791
-0.036 0.00400524209473672 -0.0032426587027566 -5.29981510880696 452.259422916383 70102851.8106003 -19295299.1070439
-0.03605 -0.00108706352362082 7.90201525155259e-05 -5.30722313514358 452.235965477435 70101195.1600413 -19295232.9205713
-0.0361 -0.00182124215771545 0.00356471769690914 -5.31340643926991 452.212508038487 70100795.3124086 -19295137.6373255
-0.03615 0.00118346573199305 -0.00216898581493596 -5.32103298619892 452.189050599539 70098976.1866499 -19295006.5382292
-0.0362 0.00183073403783596 -0.00136933390979573 -5.32693887411734 452.165593160591 70098512.2947236 -19294884.942011
-0.03625 -0.00405424977990153 0.00323304558021468 -5.3345597826912 452.142135721643 70097326.1142253 -19294728.2068411
-0.0363 0.00144131966124636 -0.000425837889083844 -5.34067704659362 452.118678282695 70096875.8760319 -19294594.9453936
-0.03635 0.00277829203549493 -0.00381128756580677 -5.34873863564669 452.095220843748 70095114.4925079 -19294429.8945294
-0.0364 -0.00305379177772901 0.00408869074511397 -5.35450519271456 452.0717634048 70094621.4604917 -19294395.9016909
-0.03645 -0.00135061743217562 -8.49825676265819e-05 -5.36147363392318 452.048305965852 70093052.6781329 -19294314.2799151
-0.0365 0.00361198391382894 -0.00244917063236118 -5.36741363061242 452.024848526904 70092700.234069 -19294207.630951
-0.03655 -0.00214861528884454 0.000724571180382481 -5.37577461455953 452.001391087956 70090900.2117861 -19294056.7113728
-0.0366 -0.00111916056739572 0.00265029706981009 -5.38195078119243 451.977933649008 70090564.7917759 -19293906.5718737
-0.03665 0.00172598300087378 -0.00288820182374591 -5.38934030379338 451.95447621006 70088478.127343 -19293948.4157051
-0.0367 0.00118115837696886 0.000991037830129351 -5.39468389741729 451.931018771112 70088527.6022352 -19293828.5214406
-0.03675 -0.00267773899980064 0.000865261216250956 -5.40280425895781 451.907561332164 70086726.8019987 -19293595.7563379
-0.0368 0.00230104804625749 -0.000732856585793366 -5.40871948401195 451.884103893216 70086877.1548926 -19293360.9845925
-0.03685 0.000224041288716813 -0.00177818001305288 -5.41676363539633 451.860646454268 70084737.5892949 -19293334.3896695
-0.0369 -0.00176115511746938 0.0023321727460591 -5.42263748923799 451.83718901532 70084202.9063482 -19293268.3956737
-0.03695 -0.000277591034413631 -0.000726261072222805 -5.42988657817587 451.813731576372 70082442.1773082 -19293278.9910946
-0.037 0.00222525346870101 -0.000921352216652561 -5.4353617088724 451.790274137424 70082196.4965494 -19293142.4389046
-0.03705 -0.00164592522699376 0.00072813973874637 -5.44336053946157 451.766816698476 70080861.8077492 -19292915.2219337
-0.0371 -0.000782595910798724 0.00128805602127338 -5.45037622387539 451.743359259528 70080238.0208586 -19292733.5822481
-0.03715 0.00110938918845568 -0.00238758254183506 -5.45759342592826 451.71990182058 70078695.1200639 -19292645.3966067
-0.0372 0.000653543906532019 0.000166562227075227 -5.46347737130047 451.696444381632 70078138.094508 -19292590.6794637
-0.03725 -0.00169140768349089 0.00153017287724343 -5.47065523345201 451.672986942685 70076558.5460617 -19292516.2950006
-0.0373 0.000460024369166043 -0.000698758094348208 -5.47737220915841 451.649529503737 70075813.6488987 -19292340.8604601
-0.03735 0.00107677660030905 -0.00167398543236515 -5.48437131585404 451.626072064789 70075145.6400864 -19292069.4689569
-0.0374 -0.00169137883080601 0.00152811631677511 -5.49154359700395 451.602614625841 70074004.5756444 -19291982.6488138
-0.03745 2.9845345540641e-05 -0.000326944600255516 -5.49826667161758 451.579157186893 70072827.8915809 -19291902.3856573
-0.0375 0.000554928476882353 -0.00125158381504326 -5.50544121627629 451.555699747945 70071416.3372487 -19291883.2479064
-0.03755 -0.000133668752960534 0.000110209992781605 -5.51191462097357 451.532242308997 70070603.8151257 -19291776.2044037
-0.0376 -0.00149922667665514 0.00139941338830344 -5.5185320244901 451.508784870049 70069732.059031 -19291662.694607
-0.03765 0.00172737420090369 -0.000443502595770144 -5.52444562814631 451.485327431101 70069635.650391 -19291426.3609583
-0.0377 -0.000820093189750355 -0.000992252256056328 -5.53264345816898 451.461869992153 70067743.3120217 -19291269.5253394
-0.03775 -0.000831038998235093 0.00132851592414408 -5.53911267576185 451.438412553205 70067014.3813453 -19291202.2673762
-0.0378 -0.000609085575326925 -0.000903311228671636 -5.54636327225416 451.414955114257 70065434.2175301 -19291133.6543716
-0.03785 0.00195631925037784 -0.000436066896130681 -5.5522670673079 451.391497675309 70065029.3108224 -19291063.4710925
-0.0379 -0.00150590999372682 0.000153225839819503 -5.56048847372769 451.368040236361 70063235.2372357 -19290916.1314641
-0.03795 -0.000203438500587143 0.00200610591925063 -5.56662033444774 451.344582797413 70063003.3006153 -19290753.607972
-0.038 0.00133974097575221 -0.00178129010195338 -5.57382907737735 451.321125358465 70061706.9924083 -19290586.8707724
-0.03805 0.000148113805666962 0.000500842886809595 -5.57936708105456 451.297667919517 70061091.8285062 -19290468.5449375
-0.0381 -0.00164528232959999 0.00104995504557526 -5.58698213317409 451.274210480569 70059399.4425528 -19290406.2463597
-0.03815 0.000647719092675136 -0.00048586336786593 -5.59348335748859 451.250753041622 70058738.8494654 -19290238.3869617
-0.0382 0.00108761536931646 -0.00125567551712785 -5.60034639332157 451.227295602674 70057405.7499457 -19290263.0464671
-0.03825 -0.000503920727886192 0.00127758186623997 -5.60687235350561 451.203838163726 70056836.1026882 -19290069.7927514
-0.0383 -0.00066159371400521 0.000470000561255485 -5.61456132535659 451.180380724778 70055414.0718731 -19289953.1966484
-0.03835 0.0023042118325652 -0.000428575525688083 -5.62095315664091 451.15692328583 70055190.1329398 -19289758.0150556
-0.0384 -0.00172083190233478 0.000154212390249139 -5.62843877768973 451.133465846882 70053285.4770067 -19289649.0261708
-0.03845 9.07509248575212e-05 0.00237841021235152 -5.63278569875493 451.110008407934 70053288.3162883 -19289594.6898077
-0.0385 -0.000949999885564285 -0.00130475721356773 -5.64190187730142 451.086550968986 70050666.7117379 -19289529.3997476
-0.03855 0.00231965609305631 -2.29006115977765e-05 -5.64747470549417 451.063093530038 70051026.4027124 -19289327.1081712
-0.0386 -0.00235496513740222 -0.000187887632000663 -5.65646219971917 451.03963609109 70048946.3552135 -19289118.9810299
-0.03865 0.00132914983812712 0.00237715895561359 -5.66017714265608 451.016178652142 70049949.2387373 -19289036.0022588
-0.0387 0.000437666086785208 -0.00417367501766525 -5.66951155569706 450.992721213194 70046709.8652866 -19288948.8682365
-0.03875 0.00104785454978395 0.00353657708792207 -5.67335643366233 450.969263774246 70047821.3319791 -19288860.1497598
-0.0388 -0.00295441174060015 -0.00143272810182711 -5.68407173957866 450.945806335298 70044142.8243249 -19288697.2267942
-0.03885 0.00412874827087338 8.47792052313034e-05 -5.68704203290859 450.92234889635 70045750.2448183 -19288614.3433117
-0.0389 -0.00269290075028582 -0.00215949472180659 -5.69725492225721 450.898891457402 70042204.4218795 -19288495.359092
-0.03895 0.000181148703132482 0.0053141715898121 -5.7001529337149 450.875434018454 70044423.2775172 -19288316.3514051
-0.039 -0.000463334350396761 -0.00502471795391994 -5.71179739022888 450.851976579506 70040069.9391612 -19288135.7226029
-0.03905 0.00410382129070987 0.00192984419822983 -5.7136591964779 450.828519140559 70042271.6121601 -19288097.7705631
-0.0391 -0.00638568945944904 -0.000509910694736333 -5.72564375932759 450.805061701611 70037530.2605174 -19287948.0174918
-0.03915 0.00332723962653443 0.001988618343453 -5.72740342256227 450.781604262663 70040165.1453537 -19287805.9659781
-0.0392 -0.000937829102876087 -0.00581325970746204 -5.73857528428365 450.758146823715 70035769.3387574 -19287697.6218252
-0.03925 0.00114817321597295 0.00494620857621252 -5.74018821549514 450.734689384767 70038784.4991194 -19287507.5495404
-0.0393 -0.00346457473822967 -0.0031678185783994 -5.75224042916965 450.711231945819 70034107.7737665 -19287394.5112941
-0.03935 0.00524211991688488 0.00200664576418533 -5.75406236716618 450.687774506871 70036877.5178981 -19287311.8301179
-0.0394 -0.0027613421402196 -0.00448835083035757 -5.76690421214829 450.664317067923 70031262.0277184 -19287267.4772115
-0.03945 0.000612059090724886 0.00707917996905619 -5.76686115274035 450.640859628975 70034919.6144448 -19287147.2401519
-0.0395 -0.00163924642788133 -0.00621922744673374 -5.78012377400616 450.617402190027 70029406.2578988 -19286956.1131004
-0.03955 0.00488849585667908 0.00277517125142259 -5.78021842968212 450.593944751079 70033108.871602 -19286876.354286
-0.0396 -0.00671638680182574 -0.00181826324124363 -5.79360196839429 450.570487312131 70027501.8398181 -19286685.0224016
-0.03965 0.00507688043024027 0.00298231696481731 -5.79430471119348 450.547029873183 70031177.2372287 -19286614.8841904
-0.0397 -0.00279705377573448 -0.0048491568329097 -5.80713238855806 450.523572434235 70025511.0425316 -19286452.9356578
-0.03975 0.00297125797395914 0.00470555662303817 -5.80794025642664 450.500114995287 70029007.3404503 -19286351.0141193
-0.0398 -0.00542145081974871 -0.00154807427090018 -5.8200778905283 450.476657556339 70023777.6312609 -19286235.3792188
-0.03985 0.00612300343314085 -3.03087981183031e-06 -5.82188306625822 450.453200117391 70026521.7114127 -19286087.1811443
-0.0399 -0.00510358761261398 -0.00134514637280735 -5.83330485802944 450.429742678443 70021704.3169571 -19286080.851456
-0.03995 0.00182196703677214 0.00376035086990861 -5.83530845905439 450.406285239496 70024397.9681949 -19285904.0356938
-0.04 -0.000445572696365826 -0.00485066225994964 -5.84672088776383 450.382827800548 70020332.3188381 -19285721.320014
-0.04005 0.00248555752595422 0.004163004163067 -5.84928895475309 450.3593703616 70022907.6146556 -19285549.6015651
-0.0401 -0.00307700057914277 -0.00185808871953825 -5.86092448798253 450.335912922652 70018343.6108468 -19285443.3003372
-0.04015 0.00234537616310178 0.0026672074445635 -5.86403122415469 450.312455483704 70020043.7471718 -19285382.5874994
-0.0402 -6.03144337554201e-05 -0.00441473290804513 -5.87395808496846 450.288998044756 70016144.4469482 -19285342.3420147
-0.04025 0.000326200166656293 0.00387936793856456 -5.87670625652279 450.265540605808 70018144.7792341 -19285132.9914315
-0.0403 -0.00129829004351913 -0.00249831514341853 -5.88683536868309 450.24208316686 70014863.2605755 -19284953.8375662
-0.04035 0.00336813270019333 0.000417672150848873 -5.89101680219699 450.218625727912 70016199.28333 -19284779.1326468
-0.0404 -0.003195562678992 0.000165505304429072 -5.90071457484164 450.195168288964 70012896.692034 -19284752.2558767
-0.04045 0.00192998426875393 0.00148752968402173 -5.90406204463743 450.171710850016 70014128.6342165 -19284582.2063832
-0.0405 -0.0022967257593116 -0.00114253072671344 -5.91339529693433 450.148253411068 70011178.1218843 -19284452.2553786
-0.04055 0.00325150470824417 0.000568442188909695 -5.9177352555013 450.12479597212 70012016.8871505 -19284366.8380943
-0.0406 -0.00369408977335762 0.000394490815033271 -5.92762870906308 450.101338533172 70008888.5596634 -19284226.4633599
-0.04065 0.00251978066348986 0.00186651249662172 -5.93130575419271 450.077881094224 70009879.5794787 -19284205.7729422
-0.0407 0.000231473873135979 -0.003432398756228 -5.94072380453935 450.054423655276 70007053.7885801 -19284012.7039881
-0.04075 -0.000393141021781606 0.0042350553975959 -5.9454807711418 450.030966216328 70008351.7199628 -19283769.6854754
-0.0408 -0.00119779324883024 -0.00204108574085324 -5.9547003629056 450.00750877738 70005394.0008571 -19283650.1138135
-0.04085 0.00236170264000043 0.000354844562476466 -5.95832343783722 449.984051338432 70006143.6848504 -19283578.9402982
-0.0409 -0.00122583575652544 -0.00121936705435493 -5.96735486121417 449.960593899485 70003450.4086559 -19283490.5925667
-0.04095 -0.00046785806336109 0.00301291816283792 -5.97246947182429 449.937136460537 70003741.0455993 -19283355.3474743
-0.041 -0.000216443035090421 -0.00258051747560477 -5.98158735033629 449.913679021589 70001396.6138112 -19283142.966709
-0.04105 0.00150375254918882 0.00061152817672246 -5.98570962498706 449.890221582641 70002018.0122161 -19283055.6709853
-0.0411 -0.00305050735589476 0.00147242387301801 -5.99416063897929 449.866764143693 70000047.4428933 -19282898.3016243
-0.04115 0.0032622976015777 -0.000416302043142248 -5.99955999541714 449.843306704745 70000374.1616564 -19282738.5929873
-0.0412 -0.000919636527601782 -0.00154980597937068 -6.00872637102132 449.819849265797 69997721.653565 -19282615.0568357
-0.04125 -0.000812059024414109 0.00294754513920746 -6.01299095966754 449.796391826849 69997951.3825034 -19282620.8547473
-0.0413 -0.00125785294568476 -0.0014471888224172 -6.02155861233529 449.772934387901 69995718.2077406 -19282409.1598382
-0.04135 0.00286301890466914 -0.000648011350604436 -6.02652838208755 449.749476948953 69996068.6974082 -19282315.310918
-0.0414 -0.00275259496939208 -0.000301671818194379 -6.03555044553779 449.726019510005 69993964.0497031 -19282057.873465
-0.04145 5.81286768676325e-05 0.00281268804945488 -6.03991536637387 449.702562071057 69994533.296559 -19282008.0426156
-0.0415 0.00118629342600686 -0.00502499911524797 -6.04956820571716 449.679104632109 69991819.9000961 -19281768.9123573
-0.04155 0.00147877278157308 0.0030116754360965 -6.05343561229691 449.655647193161 69992561.9994583 -19281846.9921042
-0.0416 -0.00323734550010011 5.86587726260412e-06 -6.0628568596918 449.632189754213 69989534.4551878 -19281679.1157802
-0.04165 0.00345654456881054 0.000613756307296259 -6.06642945323508 449.608732315265 69990580.6394697 -19281597.8593471
-0.0417 -0.00200963171559036 -0.00249230408210443 -6.07700477290856 449.585274876317 69987360.498747 -19281349.4059585
-0.04175 0.000491724385525085 0.00422949192577794 -6.07990984631623 449.561817437369 69989028.3593329 -19281266.4249559
-0.0418 -0.00124774507287014 -0.00352873173729153 -6.08998383822432 449.538359998422 69985699.8921053 -19281072.3043518
-0.04185 0.00336891515624209 0.0013407002725278 -6.09286096778199 449.514902559474 69987364.9607442 -19280976.0189094
-0.0419 -0.00414826517673435 -0.000255912948862527 -6.10390533499988 449.491445120526 69983345.6071921 -19280835.4314704
-0.04195 0.00230921965884943 0.0021071233698899 -6.10713786697843 449.467987681578 69984939.3406674 -19280766.1908006
-0.042 -0.000639909206790275 -0.00466921262879727 -6.1172608780098 449.44453024263 69981290.5150552 -19280663.3583748
-0.04205 0.00150507504627752 0.00374929306901 -6.11972487419515 449.421072803682 69983488.9508241 -19280474.8106835
-0.0421 -0.00393139065195188 -0.00110996632926659 -6.13108646515498 449.397615364734 69979571.5280822 -19280280.3783514
-0.04215 0.00506203162439652 0.000468239437312709 -6.13423901142526 449.374157925786 69981655.5507573 -19280130.1257591
-0.0422 -0.00286598213302804 -0.00223582429771265 -6.14538197959438 449.350700486838 69977689.9005017 -19279925.4109257
-0.04225 0.000743066519257259 0.00558997776621806 -6.14706487349824 449.32724304789 69979968.6034237 -19279930.7178613
-0.0423 -0.00114369948333345 -0.00463098789879475 -6.15880091432369 449.303785608942 69975396.0914801 -19279766.6646669
-0.04235 0.00457553335095039 0.00127367679884392 -6.16057507916981 449.280328169994 69977861.606982 -19279626.4135755
-0.0424 -0.00711738454656256 0.000141889272439442 -6.17150884515539 449.256870731046 69973254.5642943 -19279582.4997445
-0.04245 0.00462448739035332 0.00250141090537243 -6.1731490614142 449.233413292098 69976634.1594765 -19279316.5449321
-0.0425 -0.000119654342067944 -0.00597193416824485 -6.18617009104999 449.20995585315 69971498.2562765 -19279199.6720185
-0.04255 -0.000169814952291314 0.00669743807314878 -6.18808452967524 449.186498414202 69974302.6241444 -19279039.4856055
-0.0426 -0.00359359296659877 -0.00240095460819174 -6.19956199249489 449.163040975254 69969558.4401011 -19278978.2587271
-0.04265 0.00668316877274793 0.000976563826788773 -6.20071350286502 449.139583536306 69972259.3578631 -19278932.9221915
-0.0427 -0.0044566087006194 -0.00162985868171646 -6.21232806109379 449.116126097359 69967666.3151945 -19278711.2538611
-0.04275 0.000914104174596246 0.00490903210155894 -6.21486710626656 449.092668658411 69970465.8488889 -19278475.7893774
-0.0428 -0.000718580180600907 -0.00531794035771864 -6.22592170892127 449.069211219463 69966285.2208663 -19278304.217571
-0.04285 0.00333053945840167 0.00211557232707311 -6.22847709443441 449.045753780515 69968537.5379988 -19278226.8839628
-0.0429 -0.0061556311637485 0.00082254607046035 -6.23927430784096 449.022296341567 69964172.2901406 -19278163.896105
-0.04295 0.00438473581566865 0.000811461689428382 -6.24191034635711 448.998838902619 69966181.8803899 -19278065.4763644
-0.043 -0.00185843084918481 -0.00379770464351266 -6.25344211964453 448.975381463671 69962326.0167987 -19277759.9669663
-0.04305 0.000692902327885051 0.00394452427100431 -6.25575381602408 448.951924024723 69964185.1973306 -19277728.8014073
-0.0431 -0.00248641707869018 -0.00222430245999058 -6.26587891051341 448.928466585775 69961024.6917371 -19277471.2696751
-0.04315 0.00280790924260774 0.000433521384245516 -6.26947990183701 448.905009146827 69962368.3351631 -19277389.0697415
-0.0432 -0.00127947647812347 -0.00176840427840831 -6.27909395664335 448.881551707879 69959207.8854027 -19277302.7353408
-0.04325 -0.000719560215878468 0.00326791206998691 -6.28326489821904 448.858094268931 69959826.6926693 -19277235.9722012
-0.0433 0.000827057122686078 -0.00359881621609269 -6.29249424974947 448.834636829983 69957423.9606847 -19277050.6832706
-0.04335 0.00133203788345018 0.00116542463773495 -6.29714197224981 448.811179391035 69957643.2840319 -19276990.267902
-0.0434 -0.00240046686392865 -0.000152480409453388 -6.30604274510558 448.787721952087 69955514.8342791 -19276755.1833487
-0.04345 0.00239609720366004 -0.000699016562036462 -6.31126122460537 448.764264513139 69956035.3947372 -19276568.4412374
-0.0435 -0.00182183344553484 -1.05877486589212e-05 -6.31876702025409 448.740807074191 69954092.1839624 -19276429.117065
-0.04355 0.000938450068680854 0.00098213455357183 -6.32397393031283 448.717349635243 69954015.2986738 -19276379.7217873
-0.0436 -0.00168512067667773 -0.000828453282165976 -6.33311515341471 448.693892196296 69951728.0257715 -19276166.826275
-0.04365 0.00204232684417155 0.000337939663960861 -6.33789132567004 448.670434757348 69952006.8977598 -19276087.5880091
-0.0437 -0.000831296902180962 -0.0015534428483569 -6.34609254029783 448.6469773184 69950005.7671778 -19275929.6499532
-0.04375 -0.000735468588248437 0.00268048749263773 -6.35105656845625 448.623519879452 69950346.2343949 -19275771.0743316
-0.0438 0.00113566424411881 -0.00198093710147236 -6.35969664980275 448.600062440504 69948526.8200831 -19275635.0176254
-0.04385 0.000422558277009998 0.00204306460325462 -6.36496782088156 448.576605001556 69948499.1587271 -19275518.5811017
-0.0439 7.62315355448123e-05 -0.00127334593752035 -6.37347777380516 448.553147562608 69946288.2966537 -19275388.0994101
-0.04395 0.00038226480887212 0.000993738957627655 -6.3784474198137 448.52969012366 69946066.2273389 -19275343.0113953
-0.044 -0.000171702135497673 -0.00128206448673521 -6.38618864442957 448.506232684712 69944573.2919262 -19275088.6480435
-0.04405 0.0018183644291906 -0.000417533494108406 -6.391654796147 448.482775245764 69944434.7515343 -19274974.4627534
-0.0441 -0.00279475782041897 0.00153704563182082 -6.39952673091887 448.459317806816 69943169.569765 -19274706.9148442
-0.04415 0.00207568978606697 -0.00136790364201258 -6.40517922273675 448.435860367868 69942686.429662 -19274625.5910842
-0.0442 -0.00111213083664505 -0.000252683590645798 -6.41327611273346 448.41240292892 69940889.213316 -19274502.9712871
-0.04425 0.000867118186315527 0.00108521444659238 -6.4187313811333 448.388945489972 69940649.1209214 -19274457.0994721
-0.0443 -0.000619383983784383 -0.000551984050573662 -6.42713724422653 448.365488051024 69938785.9277951 -19274246.8817681
-0.04435 0.00147759527042777 0.00106875442552337 -6.43167323700976 448.342030612076 69939143.5848646 -19274125.6564576
-0.0444 -0.00100153607640078 -0.00166904616911623 -6.44022839250486 448.318573173128 69937045.1097879 -19273918.0379996
-0.04445 0.000569874824346456 0.00280125122395506 -6.44498424561143 448.29511573418 69937567.7119123 -19273800.5729566
-0.0445 0.000189452376529703 -0.00340885231878515 -6.45431182416441 448.271658295232 69934763.9032373 -19273676.930781
-0.04455 -0.000258664797452716 0.00430564740072582 -6.45743768420342 448.248200856285 69935819.7778547 -19273608.5519596
-0.0446 -0.00144217995463182 -0.002646177794332 -6.46745063063777 448.224743417337 69932481.5918243 -19273499.8447115
-0.04465 0.0044755173809135 -0.0004214415987408 -6.47085174969354 448.201285978389 69934039.4185019 -19273320.8624056
-0.0447 -0.00488042464405021 -0.000642211744827915 -6.48227978431804 448.177828539441 69930513.7331119 -19273011.665709
-0.04475 0.00182442063673511 0.00390544684424635 -6.48403920863776 448.154371100493 69932892.7623037 -19272986.9164669
-0.0448 -0.000998987452422969 -0.00504882107788276 -6.49517976356906 448.130913661545 69928427.4741379 -19272867.5900401
-0.04485 0.00289084760399617 0.00210926855131595 -6.49747299493992 448.107456222597 69930782.7793284 -19272637.2597368
-0.0449 -0.0062561479684962 0.000219782745441855 -6.50868193966942 448.083998783649 69926575.42494 -19272538.7830693
-0.04495 0.00479647561858086 0.000998600461086393 -6.5109471810476 448.060541344701 69928994.8129911 -19272416.6271128
-0.045 -0.000642991331164573 -0.00415945263893219 -6.52218357224415 448.037083905753 69924749.4634251 -19272283.0707536
-0.04505 0.000719371079817483 0.00519386757217078 -6.52431977347959 448.013626466805 69927112.2897317 -19272204.2891795
-0.0451 -0.00272552448159363 -0.0026647728443254 -6.53557188751186 447.990169027857 69922980.6371017 -19271986.4256779
-0.04515 0.00490852970904393 0.000437211780121619 -6.53800915467695 447.966711588909 69925277.9596159 -19271854.0078813
-0.0452 -0.00436022034720395 -0.00124357630326039 -6.54936127330785 447.943254149961 69920981.1414001 -19271727.2788215
-0.04525 0.000834903206376281 0.00383260564093344 -6.55263333006927 447.919796711013 69922965.7345715 -19271568.565016
-0.0453 0.000869777520971992 -0.0041207559115654 -6.56150378664481 447.896339272065 69919806.4255715 -19271468.7871187
-0.04535 0.00156148354979571 0.00269261343265475 -6.5655016948577 447.872881833117 69921148.1152636 -19271293.5621624
-0.0454 -0.00254701056116364 -0.000374099604832428 -6.57557909807059 447.849424394169 69918102.1284676 -19271146.0818219
-0.04545 0.00295447337765227 -0.000206460723182713 -6.57940579952126 447.825966955222 69918845.6038134 -19270991.625629
-0.0455 -0.00132419853784681 -0.00138844220193951 -6.58811848321833 447.802509516274 69916356.9513902 -19270875.5614372
-0.04555 -0.000272222725204788 0.00198837870897216 -6.59221508927254 447.779052077326 69916608.5674513 -19270836.3024384
-0.0456 0.000163402133672782 -0.00183037007949445 -6.60082508091544 447.755594638378 69914661.9863583 -19270634.919401
-0.04565 0.00186629632981981 -7.12726538694616e-05 -6.60660696797384 447.73213719943 69914996.7506235 -19270432.0296868
-0.0457 -0.00181370710629229 -7.69976020157762e-05 -6.61525786188092 447.708679760482 69913026.7566667 -19270227.4548173
-0.04575 -0.000108397189371159 0.00201374605282215 -6.62012373140826 447.685222321534 69912994.646555 -19270174.3923833
-0.0458 0.000805734791179849 -0.00251582854260531 -6.62787543203539 447.661764882586 69911060.0026888 -19270006.39915
-0.04585 0.000515290486173612 0.000687539573172323 -6.63310217553254 447.638307443638 69911033.678238 -19269897.8299621
-0.0459 -0.00209018505582825 0.000627112824770979 -6.64175698901336 447.61485000469 69909426.0218961 -19269685.0483986
-0.04595 0.00251063956530806 -0.000666976471350803 -6.64694763006019 447.591392565742 69909632.9094889 -19269487.6714
-0.046 -0.000222599127523729 -0.00058961030016116 -6.65471358164372 447.567935126794 69907945.7988799 -19269332.3571687
-0.04605 -0.000201521542115295 0.00144174693133162 -6.66090948834203 447.544477687846 69907504.5866929 -19269182.3960782
-0.0461 3.76142196817859e-05 -0.00159107378789937 -6.66816061630436 447.521020248898 69905681.5600968 -19269129.7267621
-0.04615 0.000752593270111905 0.000247816184597287 -6.67362784102508 447.49756280995 69905674.3950144 -19268975.0260773
-0.0462 -0.00164051832179613 0.000197749095611558 -6.68120736693962 447.474105371002 69904005.595911 -19268846.9133309
-0.04625 0.00125775913543123 -0.000196940437678016 -6.68710510183424 447.450647932054 69903947.0174179 -19268617.0604123
-0.0463 -0.000337964737654488 -0.00126459436877886 -6.69537697724881 447.427190493106 69902070.6784409 -19268457.097676
-0.04635 -0.000573205263387 0.00215699604396821 -6.70051041632503 447.403733054159 69902110.9248716 -19268332.7878291
-0.0464 -0.0010752769615386 -0.000985522955892816 -6.70850243838009 447.380275615211 69899785.1568974 -19268316.3684308
-0.04645 0.00169333079584559 -0.00030227485966975 -6.71384254852832 447.356818176263 69900012.3351819 -19268099.5268921
-0.0465 -0.00223504405027528 5.25213906761143e-06 -6.72221273430004 447.333360737315 69898166.9228219 -19267908.9646275
-0.04655 0.00119520529852618 0.00161441769084213 -6.72676662461903 447.309903298367 69898846.8432409 -19267750.2201087
-0.0466 0.000490475925609332 -0.00235218216403772 -6.73554237695032 447.286445859419 69896639.5597929 -19267575.8751733
-0.04665 0.00185154750524129 0.00139982861051761 -6.73963112119805 447.262988420471 69896983.4282728 -19267562.4153971
-0.0467 -0.00256466400373517 -0.000289645368575215 -6.74871868082432 447.239530981523 69894038.2401026 -19267490.1318411
-0.04675 0.00240644290875717 0.00130447289796246 -6.75235685725304 447.216073542575 69895255.2342501 -19267325.9733654
-0.0468 -0.000400496351711677 -0.00259746661709188 -6.76241803871211 447.192616103627 69892567.4610233 -19267085.8569426
-0.04685 0.000501684820929982 0.00462738199074378 -6.76595673478102 447.169158664679 69893975.559684 -19266941.8378195
-0.0469 -0.00197062812426438 -0.0018315400069899 -6.77619727181518 447.145701225731 69890538.1688554 -19266712.3476289
-0.04695 0.00527032890075465 -0.00044759412707394 -6.77917044870281 447.122243786783 69892280.0211884 -19266652.059507
-0.047 -0.00486536851302844 0.000780744427795115 -6.78951011353408 447.098786347835 69888737.2038691 -19266443.0883653
-0.04705 0.00195619421932997 0.00287547256364987 -6.79300484420967 447.075328908887 69890165.7555681 -19266363.2436736
-0.0471 0.00103657955747225 -0.00556568146850647 -6.80317070812945 447.051871469939 69886657.9693301 -19266167.7796106
-0.04715 0.00144278403747616 0.00342624793774182 -6.8055864542255 447.028414030991 69888330.3840089 -19266122.1660537
-0.0472 -0.00469332389744527 0.000196526293765216 -6.81620112215512 447.004956592043 69885146.3076354 -19265826.3816315
-0.04725 0.00393716677835057 -0.00064305212310843 -6.81966237837264 446.981499153096 69886723.3405866 -19265671.783543
-0.0473 0.000367029842445595 -0.00322767478018455 -6.82944196888231 446.958041714148 69883617.6354927 -19265566.6651489
-0.04735 -0.00288691600790034 0.00510790912486252 -6.83394950875872 446.9345842752 69884437.9949043 -19265357.0766984
-0.0474 -0.000141704055222505 -0.00301398425183683 -6.84225391721027 446.911126836252 69881869.6904132 -19265257.2193306
-0.04745 0.00286868986118996 0.000124633701596057 -6.84682245732797 446.887669397304 69882534.2056179 -19265148.5710932
-0.0475 -0.00282123741542303 -0.000207647870582176 -6.85629545317028 446.864211958356 69879924.9957652 -19264955.1959791
-0.04755 -0.000200532501293409 0.00242972186134389 -6.86087351677452 446.840754519408 69880804.6901256 -19264731.8597384
-0.0476 0.000883319541847488 -0.00374432522880196 -6.86929189616325 446.81729708046 69878548.9835107 -19264552.7946808
-0.04765 0.000630539605618567 0.00130102046269051 -6.87415905659662 446.793839641512 69879245.885296 -19264365.8357067
-0.0477 -0.00395170710756348 0.0013155810741786 -6.88233170873156 446.770382202564 69876539.2542725 -19264355.0782432
-0.04775 0.00355483563162858 -0.00107138665747178 -6.88729176823123 446.746924763616 69876941.4773936 -19264230.7638248
-0.0478 -0.000489937539676333 -0.00180955949053736 -6.89548695660374 446.723467324668 69874851.5850102 -19264085.4488364
-0.04785 -0.00109472273880582 0.00278209497052195 -6.90070045777573 446.70000988572 69875237.7156978 -19263880.7816783
-0.0479 -0.000321463178939535 -0.00139559553185449 -6.90894613594112 446.676552446772 69873569.2088316 -19263616.3961537
-0.04795 0.00286553339390912 -0.0011841745632979 -6.91477029888984 446.653095007824 69873405.4070615 -19263516.1072211
-0.048 -0.00162045582705318 0.00098219043119426 -6.92219097085196 446.629637568876 69871797.6789158 -19263363.0193281
-0.04805 -0.00113565556877319 0.0010836724586387 -6.92795769112566 446.606180129928 69870994.1832457 -19263278.8898192
-0.0481 0.00178708272331639 -0.00245073084525506 -6.9352576333204 446.58272269098 69870082.3389417 -19263123.6912275
-0.04815 -0.00042781527213785 0.000762430331412724 -6.94185508593929 446.559265252033 69869391.9160241 -19262982.060253
-0.0482 -0.00140717344321861 0.00180526999434102 -6.94883537015421 446.535807813085 69868438.6382658 -19262768.3692105
-0.04825 0.00173331586745861 -0.00100392729056417 -6.95511507151614 446.512350374137 69867886.1255262 -19262556.055564
-0.0483 -0.000375537716409175 -0.000373434094275482 -6.9623761259936 446.488892935189 69866402.9877361 -19262440.0268043
-0.04835 -0.000859101470531924 0.000941931146896323 -6.96817856830858 446.465435496241 69865654.0038103 -19262422.0447224
-0.0484 -0.000343312207600136 -0.000862319926517211 -6.97519017770914 446.441978057293 69864497.1340111 -19262232.0167592
-0.04845 0.00148635881901703 -0.00115541252058336 -6.98124767455212 446.418520618345 69864306.3107226 -19261990.1124314
-0.0485 -0.00208764584243458 0.00112177147901525 -6.98880981989812 446.395063179397 69863228.4361855 -19261779.9215984
-0.04855 -4.09240456913982e-05 -0.000277335805573035 -6.99511905260898 446.371605740449 69862395.7279108 -19261682.7381772
-0.0486 0.00147835684485379 -0.00142772112244079 -7.00181930435919 446.348148301501 69861311.0830826 -19261632.9855835
-0.04865 -0.00133614253528699 0.0013373461341261 -7.0084606910088 446.324690862553 69860328.2686199 -19261466.2365934
-0.0487 -0.000576643348154869 0.000328051237556784 -7.01548279015128 446.301233423605 69859486.4342004 -19261231.6792844
-0.04875 0.00167690824305937 -0.00156378056070297 -7.02225300624312 446.277775984657 69858643.4131344 -19261100.0406625
-0.0488 -0.000230715619324021 0.000852609258601067 -7.02789196477678 446.254318545709 69858265.4057328 -19260935.6752539
-0.04885 -0.00115131993045111 0.00104585001137373 -7.03507946419294 446.230861106761 69857292.7168031 -19260683.0929938
-0.0489 0.00164010441729293 -0.00112733756060472 -7.04174563585987 446.207403667813 69855990.7145017 -19260696.3204621
-0.04895 0.00121398584924895 -0.000911754969302356 -7.04832906850735 446.183946228865 69854956.7779097 -19260617.2097909
-0.049 -0.00241307115774371 0.00329339491057753 -7.05467115929928 446.160488789917 69854504.8430175 -19260408.4461498
-0.04905 0.00241668881916863 -0.00158748548300391 -7.06177842909813 446.137031350969 69853605.981283 -19260229.2689683
-0.0491 0.00130499807419716 -0.00154293185334772 -7.06902828155084 446.113573912022 69852479.5067482 -19260018.3522841
-0.04915 -0.00327038950986456 0.00346668976633257 -7.07466979766319 446.090116473074 69851873.117383 -19259858.2631633
-0.0492 -0.000140985600418579 -0.00106616529000542 -7.08175345475743 446.066659034126 69850697.5375469 -19259646.1923463
-0.04925 0.00303884051098099 -0.00248540788702234 -7.08761816451876 446.043201595178 69850154.1178664 -19259590.1997875
-0.0493 -0.00168344120738552 0.00109781466718174 -7.09507329507141 446.01974415623 69848657.6599731 -19259473.5074432
-0.04935 -0.00272807303261449 0.00313512828770452 -7.10164617122548 445.996286717282 69848147.2445272 -19259264.2102106
-0.0494 0.00299488412190428 -0.00423023575742515 -7.10885982568808 445.972829278334 69847090.1979509 -19259049.7187874
-0.04945 0.00117342951872395 -0.000673792101583144 -7.11478736521847 445.949371839386 69846858.9360896 -19258892.118642
-0.0495 -0.0049067820284345 0.00397437863125293 -7.1221496352432 445.925914400438 69845397.5320235 -19258763.3459726
-0.04955 0.00293508503856527 -0.00174477135194738 -7.12814741158436 445.90245696149 69844837.650536 -19258671.0171328
-0.0496 0.000974650338635379 -0.00162801722692832 -7.13518159060452 445.878999522542 69843212.799812 -19258575.1748168
-0.04965 -0.00168135515751041 0.00229350610139103 -7.1417571864991 445.855542083594 69842511.5553172 -19258472.9161208
-0.0497 -0.000655714154759876 0.000700927311318903 -7.1478864497423 445.832084644646 69841693.664035 -19258358.2676798
-0.04975 0.00173191839352862 -0.00175160886893696 -7.15450050864736 445.808627205698 69841137.4153709 -19258070.2100666
-0.0498 -3.77998023449791e-05 0.000114966375251209 -7.16211661963898 445.78516976675 69840283.6726758 -19257835.6248921
-0.04985 -0.000804065524280525 0.00134553520583188 -7.16863401432113 445.761712327802 69839569.2096091 -19257651.0198001
-0.0499 0.00125669027242629 -0.00175105048658334 -7.17479081705265 445.738254888854 69838560.0031581 -19257537.0800207
-0.04995 -0.000246952747629896 -0.000317760159751258 -7.18118733281023 445.714797449906 69837573.093387 -19257426.7162995
-0.05 -0.00133443286109758 0.00103838757002222 -7.18820415030968 445.691340010959 69836596.7329404 -19257266.4821421
-0.05005 0.000812539889912269 -0.00116395581494915 -7.19553451032886 445.667882572011 69835898.9444269 -19256994.0883108
-0.0501 6.88975619159767e-05 -0.00052515128283499 -7.20174200334858 445.644425133063 69835037.0973468 -19256867.4521948
-0.05015 -0.000197844808833928 0.000515585270880384 -7.20762390540976 445.620967694115 69834517.4720549 -19256719.2626017
-0.0502 -0.000931695319289246 0.0015311551225051 -7.21465949795338 445.597510255167 69833521.9697384 -19256569.8280357
-0.05025 0.00154934708812473 -0.00080478914836413 -7.221655934715 445.574052816219 69832648.1898732 -19256400.81075
-0.0503 0.000411548157023566 0.000126555488836409 -7.22802876456715 445.550595377271 69831755.8833282 -19256286.5281703
-0.05035 -0.000748874940752108 0.00107948286926343 -7.23474844217791 445.527137938323 69830922.5051274 -19256056.1333025
-0.0504 0.000517333816398602 -0.00104006605661604 -7.24172014949241 445.503680499375 69829761.8577465 -19255976.7047038
-0.05045 0.000554992769367731 0.000423550856240524 -7.24811894403364 445.480223060427 69829523.0545954 -19255691.5012778
-0.0505 -0.00060803218965657 0.000905947590432784 -7.25474648608263 445.456765621479 69828607.7698555 -19255553.1494292
-0.05055 -0.000322789980509194 0.00103289082268919 -7.26204802725028 445.433308182531 69827747.7087251 -19255341.0874881
-0.0506 0.000773226822964045 -0.000737581036329405 -7.26891057260175 445.409850743583 69826273.2471909 -19255295.3244547
-0.05065 0.00102871616915647 -0.000308099392092426 -7.27433528288032 445.386393304635 69825821.1930335 -19255180.1355157
-0.0507 -0.0025003405262367 0.00143563402821442 -7.28172021908475 445.362935865687 69824577.9687883 -19254975.0802017
-0.05075 0.00305542915106928 -0.00149407418059318 -7.28754522979808 445.339478426739 69824301.2822368 -19254839.9142953
-0.0508 0.000179730796601053 -0.000758259006902684 -7.29500229105111 445.316020987791 69823281.2341434 -19254514.3276801
-0.05085 -0.00200401470819624 0.00253864646598151 -7.30135654723886 445.292563548843 69822432.4618018 -19254440.0990039
-0.0509 0.002065065490758 -0.00214216979884443 -7.30835204719773 445.269106109896 69821160.1447073 -19254336.7958786
-0.05095 0.00139757623079268 -0.00109600650009814 -7.31474882298679 445.245648670948 69820466.1717756 -19254185.0971414
-0.051 -0.00139440017146294 0.0012405686663386 -7.32068153955111 445.222191232 69819746.0501376 -19254068.7357034
-0.05105 -0.00105680314355555 0.0020789066154789 -7.32739259242938 445.198733793052 69819454.4191255 -19253785.4573573
-0.0511 0.00335814412333117 -0.00386815842398106 -7.33524054005498 445.175276354104 69817820.5225856 -19253690.6956769
-0.05115 -8.40297007915944e-05 0.0011948507578953 -7.34096660196976 445.151818915156 69817530.7757407 -19253462.1727682
-0.0512 -0.00478019320076393 0.00420688878835856 -7.34850742483544 445.128361476208 69815977.9876851 -19253353.4120906
-0.05125 0.00538966995711945 -0.00408561244766692 -7.35419199229814 445.10490403726 69815658.4977321 -19253222.15678
-0.0513 -0.000146069265937991 -0.000766422432332651 -7.36146165375621 445.081446598312 69814132.2209338 -19253089.2228027
-0.05135 -0.00270770974693571 0.00396043091700974 -7.36718478762434 445.057989159364 69813707.5319529 -19252989.6581413
-0.0514 0.0012047942218222 -0.00192135759153841 -7.3749695564652 445.034531720416 69812623.6535351 -19252682.4490467
-0.05145 0.00275024809542696 -0.00118076444863515 -7.38022428810273 445.011074281468 69812730.0183124 -19252490.6090965
-0.0515 -0.00361243659063111 0.00135740193439395 -7.38864712704174 444.98761684252 69810966.9124434 -19252236.7114615
-0.05155 -0.00168363238989531 0.00271698454896735 -7.39395516073759 444.964159403572 69810569.3405125 -19252190.2249733
-0.0516 0.00391974268664457 -0.00482829409662738 -7.40181453078651 444.940701964624 69808838.1706913 -19252084.0368138
-0.05165 -0.000686623648000155 0.00158626613258704 -7.40744741447031 444.917244525676 69808974.7843723 -19251832.4677065
-0.0517 -0.00349436116877901 0.00221354160330103 -7.41500557697161 444.893787086728 69807377.2680277 -19251700.1372849
-0.05175 0.00383942613402781 -0.00285502560649786 -7.42031812126333 444.87032964778 69807293.8121046 -19251532.2867647
-0.0518 -0.000469029404064895 -0.000772868699807766 -7.42813361195172 444.846872208833 69805948.3167079 -19251314.7244543
-0.05185 -0.00152113854444484 0.00341363940600186 -7.43337818476901 444.823414769885 69805782.5612691 -19251208.2547509
-0.0519 -0.000439778606072771 -0.000424799037728375 -7.4413263267006 444.799957330937 69803676.054347 -19251182.5070896
-0.05195 0.00341643509020875 -0.00222710848937936 -7.44773770959537 444.776499891989 69803500.5355494 -19250905.8696276
-0.052 -0.00126818571718515 0.00134697826700875 -7.45499431818719 444.753042453041 69802698.0059321 -19250657.6882311
-0.05205 -0.00102577710800956 0.00274912616843486 -7.46041953212672 444.729585014093 69802323.5795678 -19250575.8608324
-0.0521 0.00262616342893306 -0.00337755381142292 -7.46711040747255 444.706127575145 69800932.5213806 -19250348.6293033
-0.05215 -0.000930829155134417 0.0017307319081125 -7.47329484820281 444.682670136197 69800621.9355128 -19250174.3593215
-0.0522 -0.00184727639219171 0.000609716064453923 -7.481107240427 444.659212697249 69798994.5357314 -19250016.7532523
-0.05225 0.00138453667355602 -0.00117995422018305 -7.4868651054444 444.635755258301 69798418.4760668 -19249889.2043801
-0.0523 -0.000856433202872667 -0.000644672321057539 -7.49394256570914 444.612297819353 69797144.8866564 -19249760.3715016
-0.05235 0.00016194483307064 0.00136351587646056 -7.49931868223952 444.588840380405 69797406.7162884 -19249573.7788226
-0.0524 -0.00112816932337611 -0.000907733200088802 -7.50744365046915 444.565382941457 69795573.8672073 -19249360.2663012
-0.05245 0.00294979628869351 -0.00153821172387724 -7.51311907650355 444.541925502509 69795662.9361308 -19249132.0733039
-0.0525 -0.00263766522313827 0.00125013128176279 -7.52043511733475 444.518468063561 69794127.2920701 -19249019.0788489
-0.05255 0.0010191465969427 0.00150007859813935 -7.52560908317291 444.495010624613 69794166.0804198 -19248944.4229589
-0.0526 0.00183065953400594 -0.00292937350265104 -7.53368733941222 444.471553185665 69792357.8959682 -19248759.6556915
-0.05265 -0.0011753937216491 0.00213107375613221 -7.53999659662278 444.448095746717 69791900.978395 -19248544.2194481
-0.0527 -0.000538600666240732 -0.000441836255842801 -7.546985777674 444.424638307769 69790555.1923564 -19248390.974089
-0.05275 0.00135584521712815 0.000490906566218083 -7.55234545292593 444.401180868822 69790736.8814904 -19248233.2739108
-0.0528 -0.000570404187093623 -0.000396783705816937 -7.56039883128745 444.377723429874 69789323.9992227 -19247982.178077
-0.05285 0.0011236387302753 0.000827188035868811 -7.56570406565766 444.354265990926 69789036.5649302 -19247889.2955149
-0.0529 -0.000451394346330642 -0.000471124681356404 -7.57315199126979 444.330808551978 69787464.6818966 -19247661.4452916
-0.05295 0.00150939832653555 0.000193699005693674 -7.57851042364218 444.30735111303 69787213.6059416 -19247568.3606327
-0.053 -0.00157076808753206 2.4994954516613e-05 -7.58633907713965 444.283893674082 69785386.7385657 -19247440.7800642
-0.05305 0.000927033711468776 -0.00117846281912233 -7.59214330780573 444.260436235134 69784925.2456982 -19247280.6629371
-0.0531 -0.000887765699390873 0.000235118834490667 -7.5995368183648 444.236978796186 69784180.4617859 -19247016.6057217
-0.05315 0.000679010054683407 0.00182953781885888 -7.60485079622983 444.213521357238 69784260.8034896 -19246857.3374995
-0.0532 0.000954878179030233 -0.00146867791567948 -7.61280141145277 444.19006391829 69782716.5349306 -19246616.7438125
-0.05325 0.000222435559237671 0.00120522367107749 -7.61850394946462 444.166606479342 69782560.1311504 -19246468.3581588
-0.0533 -0.000911336925797274 0.000110857394939965 -7.62596260663781 444.143149040394 69780778.4318938 -19246377.2166746
-0.05335 0.00151435881667296 -0.000407623671042252 -7.63135551281396 444.119691601446 69780492.2372534 -19246245.6958174
-0.0534 -0.000630160446684051 0.000217088872277823 -7.63904969696232 444.096234162498 69779245.7072523 -19246010.9625209
-0.05345 -0.000636763792653647 0.00172316385534265 -7.64471674625559 444.07277672355 69778982.5168526 -19245853.4511969
-0.0535 -0.000357209024261101 -0.000364463793786488 -7.6520601217971 444.049319284602 69777819.6844374 -19245631.0459569
-0.05355 0.00210875392645437 -0.00161591900451191 -7.65836184352075 444.025861845654 69777164.7260218 -19245422.5065365
-0.0536 -0.00167661925255145 0.00170345716591234 -7.66520019218838 444.002404406706 69776062.566498 -19245370.5867949
-0.05365 -0.00102392990869474 0.00208256198325904 -7.67147512410515 443.978946967759 69775409.4467878 -19245238.4536328
-0.0537 0.0033534609188937 -0.00432536555620491 -7.67841101775274 443.955489528811 69774048.3687785 -19245070.9717226
-0.05375 -0.000262951509182194 0.000990230159512887 -7.684013060987 443.932032089863 69773875.3778518 -19244811.4678889
-0.0538 -0.00334852870142688 0.00197088373075495 -7.69184504750888 443.908574650915 69772702.5601592 -19244528.6847309
-0.05385 0.00360336170579496 -0.000723304400014335 -7.6970403811544 443.885117211967 69772997.937842 -19244456.4299322
-0.0539 0.000312885215774717 -0.00210804022971486 -7.70561572333983 443.861659773019 69770767.2542794 -19244261.3223179
-0.05395 -0.00109948177788883 0.00422024796574968 -7.71010332949356 443.838202334071 69771177.0931583 -19244161.0969571
-0.054 -0.00185124005068345 -0.00158512442140075 -7.71896445132083 443.814744895123 69768503.0829362 -19243948.047096
-0.05405 0.00483969116859194 -0.00260329254160723 -7.72336832389595 443.791287456175 69769379.7314739 -19243792.0950046
-0.0541 -0.00484083609315188 0.00277895838519817 -7.73155759668605 443.767830017227 69767301.5413259 -19243631.8975328
-0.05415 0.000339406402874634 0.00197360461260112 -7.73672945470489 443.744372578279 69767966.6453964 -19243387.399619
-0.0542 0.0032080203866573 -0.00541279840239269 -7.74494061079304 443.720915139331 69765761.7262276 -19243245.2021219
-0.05425 -0.00143198087970697 0.00284926200256421 -7.74995114557815 443.697457700383 69766308.0354722 -19242956.6345904
-0.0543 -0.00335064563901269 0.00167108653523948 -7.75833294712677 443.674000261435 69764158.3219909 -19242880.0589717
-0.05435 0.0037951201839087 -0.00237422392497273 -7.76334879678023 443.650542822487 69764402.4191044 -19242695.2590799
-0.0544 -0.000822818936614486 -0.00183914515263127 -7.77073806988827 443.627085383539 69762278.7883502 -19242654.0753671
-0.05445 -0.00212770258882013 0.00317149305715639 -7.77570500473127 443.603627944591 69762942.5836147 -19242371.2923012
-0.0545 -0.000255788151078732 -0.00240033596065583 -7.78392463630581 443.580170505643 69761121.3341654 -19242134.735391
-0.05455 0.00233856954772091 -0.000621950664836959 -7.78919398648508 443.556713066696 69761489.6132852 -19241951.2107456
-0.0546 -0.00395915211529535 0.00102622035285817 -7.79763550677268 443.533255627748 69759290.7430649 -19241831.4069783
-0.05465 0.000876458009576439 0.00064693257776826 -7.80231899043087 443.5097981888 69759668.1622405 -19241666.1448387
-0.0547 0.000893523995827764 -0.00291848376662894 -7.8106686799911 443.486340749852 69757719.0164444 -19241477.4374627
-0.05475 -0.000541259863781158 0.00175478654208621 -7.81600506378258 443.462883310904 69757924.8298203 -19241231.5803784
-0.0548 -0.00170657742924665 -0.000594391470389587 -7.82378565061083 443.439425871956 69756210.6339022 -19241138.2495087
-0.05485 0.00285799559993506 -0.000297992383429727 -7.82846972755955 443.415968433008 69756780.4572576 -19240992.4270753
-0.0549 -0.0010094237435437 -0.000379656206524505 -7.83714599936421 443.39251099406 69754706.1846809 -19240816.2135852
-0.05495 -0.000152417754019271 0.00283144840068525 -7.84178904690088 443.369053555112 69754982.3497415 -19240649.552812
-0.055 -0.000446244475809902 -0.00240799035891296 -7.85028835553504 443.345596116164 69752388.2047954 -19240513.4132543
-0.05505 0.0026033867968576 0.00141182143069591 -7.85391650996846 443.322138677216 69753632.5196223 -19240396.1385594
-0.0551 -0.0031026033537869 -0.000588185578094278 -7.86429688235639 443.298681238268 69750751.1757533 -19240106.2147596
-0.05515 0.00346179258067704 0.00132060959343407 -7.86736242869459 443.27522379932 69752500.8739554 -19239895.6608089
-0.0552 -0.0007988597568962 -0.00273668728156051 -7.87761709475756 443.251766360372 69749193.1198896 -19239718.1669238
-0.05525 0.000542831216507481 0.00403710996745282 -7.88057989392281 443.228308921424 69750684.0679094 -19239603.4808716
-0.0553 -0.00198883844432139 -0.00280498637321715 -7.89065725081456 443.204851482476 69747193.411041 -19239390.1549275
-0.05535 0.00354119432997846 0.000549035521602108 -7.89317932409683 443.181394043528 69749097.3013211 -19239227.6125028
-0.0554 -0.0039757058449408 0.000105872695656169 -7.90323020119275 443.15793660458 69746145.9491057 -19239015.7555576
-0.05545 0.00114631037946631 0.00217870052127267 -7.90640842617058 443.134479165633 69747620.1132775 -19238820.3975224
-0.0555 0.000347845755129015 -0.00361507218215907 -7.91583108694887 443.111021726685 69744458.7699726 -19238708.3048848
-0.05555 0.000711852297658714 0.00252639141218531 -7.91997694787983 443.087564287737 69745661.1172353 -19238509.1655163
-0.0556 -0.00259406476733824 -6.54303475352469e-05 -7.92898836093617 443.064106848789 69742983.4224708 -19238354.2956921
-0.05565 0.00282909597063769 -6.56442411817888e-05 -7.93306214463668 443.040649409841 69744258.4415433 -19238062.1550593
-0.0557 -0.000856854160331038 -0.00237166781288516 -7.94189274865759 443.017191970893 69741520.2066615 -19237971.9980955
-0.05575 -0.000494502177690742 0.00426150792679408 -7.94557356469072 442.993734531945 69742952.9543059 -19237671.2848683
-0.0558 -0.000580314761640661 -0.00268021449565726 -7.95509520333764 442.970277092997 69739809.4278885 -19237594.1128213
-0.05585 0.00315373407675856 -2.33117902911452e-06 -7.95943343561496 442.946819654049 69740905.3333196 -19237385.4394715
-0.0559 -0.00412477477033785 0.000223418144671981 -7.96839948351996 442.923362215101 69737946.3795268 -19237253.9697968
-0.05595 0.00155590194110047 0.00202649940859933 -7.9719973831188 442.899904776153 69739488.5294496 -19237057.9659439
-0.056 0.00034469898656228 -0.00426685882185426 -7.9815258743923 442.876447337205 69736741.1818274 -19236832.0740496
-0.05605 0.000680973511773408 0.00337270529071859 -7.98475711628023 442.852989898257 69738162.8261057 -19236710.9449241
-0.0561 -0.00349334239664542 0.000755760671832448 -7.99469237027993 442.829532459309 69735072.1843151 -19236568.7573651
-0.05615 0.0051202055256623 -0.000609997582445088 -7.99752021991849 442.806075020361 69736598.8129984 -19236343.1743822
-0.0562 -0.0013950333716876 -0.00273355376697101 -8.00807589234159 442.782617581413 69733075.3285075 -19236219.379038
-0.05625 -0.0020752415706646 0.00717147908697403 -8.01042212749832 442.759160142465 69735005.058359 -19236081.3115073
-0.0563 0.000310433854712505 -0.0050675419704807 -8.02169091154706 442.735702703517 69731152.7894075 -19235945.7315791
-0.05635 0.00575170266432647 4.42338173363201e-05 -8.02386513864706 442.71224526457 69733811.2261263 -19235638.3535107
-0.0564 -0.00761501138698124 0.00120445003726929 -8.03547697195985 442.688787825622 69729654.7664457 -19235354.2613684
-0.05645 0.00386366059833485 0.00273836341721639 -8.03643516352298 442.665330386674 69732687.4892592 -19235240.6278498
-0.0565 0.00139490436194484 -0.00694664702240457 -8.04820800508905 442.641872947726 69727878.4781481 -19235158.0463723
-0.05655 0.000381086896889385 0.0051145028841658 -8.04999612462065 442.618415508778 69730267.9586263 -19234929.9932198
-0.0566 -0.00628925688681024 -0.000127049761448026 -8.06226935189717 442.59495806983 69726026.7725141 -19234711.049826
-0.05665 0.00689162747082775 -0.000363643641772377 -8.06229065238973 442.571500630882 69729369.325642 -19234586.3244771
-0.0567 -0.00246525345690941 -0.00321564813224231 -8.07403389337617 442.548043191934 69725117.3026882 -19234333.2227385
-0.05675 -0.00103467323351384 0.0067774713910893 -8.07563750893147 442.524585752986 69727469.9452823 -19234257.6675902
-0.0568 -0.000894538144831434 -0.00428429663639985 -8.0872352243837 442.501128314038 69723296.2382917 -19234066.2771734
-0.05685 0.0046249673394277 -0.000204553537819571 -8.08892492597543 442.47767087509 69725362.8146574 -19233937.3876565
-0.0569 -0.00454426279647006 0.000293474675616204 -8.09997460517659 442.454213436142 69721993.1811858 -19233673.5399115
-0.05695 0.000713244842922804 0.00289187733615906 -8.10333736391933 442.430755997194 69723772.3351352 -19233386.8353118
-0.057 0.0010419274351234 -0.00550094110808783 -8.11287968325447 442.407298558246 69720720.0222176 -19233179.5068757
-0.05705 0.000248286956744509 0.00254737804817677 -8.11599594119197 442.383841119298 69722165.5578484 -19233049.5406131
-0.0571 -0.00369355906176742 -0.000293295889853061 -8.1257590565623 442.36038368035 69719022.954796 -19232927.8184823
-0.05715 0.00321872784762337 -0.000175331155619961 -8.12902641720881 442.336926241402 69720247.2935642 -19232789.4290745
-0.0572 -0.00133614313939053 -0.00170451534546402 -8.13830151850593 442.313468802454 69717635.7778117 -19232631.6839745
-0.05725 -0.000249805788261711 0.00225342832506257 -8.14232091795203 442.290011363506 69718794.1251569 -19232290.8710443
-0.0573 -0.00105262855314591 -0.00220329341248176 -8.15110758880564 442.266553924559 69716277.369868 -19232146.0000813
-0.05735 0.0026389049258983 0.0010553333909507 -8.15480225680202 442.243096485611 69717751.6306419 -19231953.5129328
-0.0574 -0.00278729899889718 -0.000902255298745661 -8.16465400367203 442.219639046663 69714738.899869 -19231795.4545856
-0.05745 0.00143047578043878 0.00221135660543957 -8.16739563583265 442.196181607715 69716048.6701635 -19231703.8379728
-0.0575 -0.000602479978938761 -0.0042213605824656 -8.17745192486983 442.172724168767 69712865.5126125 -19231447.6834907
-0.05755 0.00176321868038947 0.0024780587297492 -8.18048622598454 442.149266729819 69714558.2051289 -19231363.9515856
-0.0576 -0.00323607675779235 -0.00110618118149048 -8.19052294704756 442.125809290871 69711425.1852514 -19231124.614932
-0.05765 0.00361978398869029 0.000740050594676804 -8.19348371598026 442.102351851923 69713325.4156865 -19230881.0137646
-0.0577 -0.00205124823751949 -0.00238371635780568 -8.20378520096337 442.078894412975 69709802.5103036 -19230711.5581963
-0.05775 0.000269708831082616 0.00425610586255282 -8.20675211072786 442.055436974027 69711267.194349 -19230611.9728756
-0.0578 -0.00140125200179944 -0.00248609397792209 -8.21655512982016 442.031979535079 69708174.6490064 -19230435.4670652
-0.05785 0.00369258562309683 0.000419108898436996 -8.21949235339245 442.008522096131 69709979.1792555 -19230196.8878385
-0.0579 -0.00306863783359934 -0.000229977353256043 -8.2296650048832 441.985064657183 69707118.4383639 -19229946.2539944
-0.05795 0.00189388088526876 0.00255899690354729 -8.23303679947894 441.961607218235 69708518.9714958 -19229803.454453
-0.058 0.000145391660392349 -0.00478702062838902 -8.24304308284711 441.938149779287 69705016.8280125 -19229604.3483158
-0.05805 0.000642724171365706 0.0034545361587792 -8.24497443472929 441.914692340339 69706828.1957921 -19229505.6015461
-0.0581 -0.00272842822397716 -0.00127860898637412 -8.25503066944917 441.891234901391 69703736.8717176 -19229294.3546701
-0.05815 0.00360891490706417 0.000857937823793999 -8.25869522178955 441.867777462443 69705320.4619112 -19229132.045779
-0.0582 -0.0025566264296965 -0.00189070162239751 -8.26938010263778 441.844320023496 69702142.0905074 -19228855.5179826
-0.05825 0.00096493308526549 0.00427656044765585 -8.2709633228464 441.820862584548 69704257.5302643 -19228730.3109731
-0.0583 -0.000233100426603952 -0.00392711155351302 -8.2819388741721 441.7974051456 69700635.8171712 -19228518.3609927
-0.05835 0.0029061101580046 0.00212756174615399 -8.28446444347169 441.773947706652 69702500.7244694 -19228349.4943128
-0.0584 -0.00524331297967026 0.00044521762857238 -8.29511726945635 441.750490267704 69698615.9867099 -19228224.6860332
-0.05845 0.00431655320335133 0.00132869783498376 -8.29655173973825 441.727032828756 69701215.5208201 -19227957.0088205
-0.0585 -0.00138149497511105 -0.00436459639773477 -8.30776428496092 441.703575389808 69697155.2772667 -19227796.7112825
-0.05855 -8.31634807745433e-05 0.00556622389991619 -8.30979309930333 441.68011795086 69700006.4491245 -19227499.9753228
-0.0586 -0.00335485605918558 -0.00300262137272776 -8.3211074409089 441.656660511912 69695744.9945545 -19227332.9882475
-0.05865 0.0055717107874728 0.000171889647473739 -8.32256744420862 441.633203072964 69698494.6414771 -19227145.7439409
-0.0587 -0.00358180585180496 -0.0012410122573278 -8.33434581659119 441.609745634016 69693884.9381083 -19227133.1443953
-0.05875 0.000907688289361775 0.00487882300778651 -8.33531936143337 441.586288195068 69696452.1198023 -19226967.6569254
-0.0588 -0.000573898219942984 -0.00481293579600032 -8.34701913148263 441.56283075612 69692589.7927272 -19226734.7117322
-0.05885 0.0029060639991727 0.00220202613451385 -8.34889565745568 441.539373317172 69695230.473774 -19226490.6773567
-0.0589 -0.00468714534898023 0.000323931883399922 -8.35904065620308 441.515915878224 69691774.9979945 -19226246.6374035
-0.05895 0.00255054131313958 0.00110219463154292 -8.36261138895914 441.492458439276 69693281.662652 -19226039.8522217
-0.059 0.000546011516003667 -0.00413586804916076 -8.37273572299475 441.469001000328 69690311.0985831 -19225811.7145062
-0.05905 -0.000472254922692408 0.00391343534692038 -8.37545383836068 441.44554356138 69691474.031923 -19225730.4257573
-0.0591 -0.00360216574660124 -8.21262569660226e-05 -8.38508858299121 441.422086122433 69688624.8066153 -19225546.7866768
-0.05915 0.00371642672697553 -0.000513705258670288 -8.38882494559911 441.398628683485 69689979.7710383 -19225338.173017
-0.0592 -0.00149886129922181 -0.00164656426741139 -8.3976778769899 441.375171244537 69687438.3759755 -19225118.7224259
-0.05925 0.000151746725587138 0.0028237413524452 -8.40178636041976 441.351713805589 69688707.0563864 -19224867.1567273
-0.0593 -0.00155026128976952 -0.000810228739703975 -8.41055187700096 441.328256366641 69686182.4724366 -19224766.9296972
-0.05935 0.00345178882259555 -0.00104163041505571 -8.41534881475952 441.304798927693 69686733.7174234 -19224601.5724073
-0.0594 -0.00188220606931405 0.00120212864049052 -8.422770924126 441.281341488745 69684680.3036549 -19224537.9609421
-0.05945 -0.000342689568589217 0.000789443814828927 -8.42915446563206 441.257884049797 69684488.8427174 -19224240.265696
-0.0595 0.00114437299790127 -0.00341243006132994 -8.43619179615136 441.234426610849 69683426.1126749 -19223931.0085315
-0.05955 -0.000821906361206321 0.000971586444394169 -8.44126855360154 441.210969171901 69683397.6996181 -19223815.8268383
-0.0596 -0.000871514088456762 -0.000356073755523564 -8.44884991584905 441.187511732953 69682254.5503395 -19223559.6232836
-0.05965 0.000140604784353071 0.000166652481399273 -8.45531240554571 441.164054294005 69681758.4499473 -19223349.7614771
-0.0597 0.000340652251415147 -0.00118221096404112 -8.46178323495333 441.140596855057 69680702.2850489 -19223238.1085627
-0.05975 -0.00101972632089508 0.00101617436936921 -8.4679332531872 441.117139416109 69680078.8528594 -19223056.0518227
-0.0598 -0.000981919669154557 -0.000304892933810867 -8.47459981996792 441.093681977161 69678980.0998335 -19222917.2459243
-0.05985 0.00075807268846085 -0.000587006293894986 -8.48028263320106 441.070224538213 69678934.9241007 -19222663.3441195
-0.0599 -0.00147360538933664 0.00133615240729521 -8.48734241282107 441.046767099265 69678047.6658161 -19222462.0758666
-0.05995 0.000948313730416961 -0.000547207655238315 -8.49388837292545 441.023309660317 69677468.6874226 -19222198.3929024
-0.06 0.000701200827194306 -0.000555804441288808 -8.50066702499333 440.99985222137 69676421.566821 -19222094.5561703
-0.06005 -0.000553966546161991 0.000796456549649033 -8.50708145009527 440.976394782422 69675604.2253321 -19221892.4855761
-0.0601 5.04574879713595e-05 0.00100166951512931 -8.51231825618266 440.952937343474 69674979.4499799 -19221839.3011674
-0.06015 6.8740425205766e-05 -0.00108185216145466 -8.51988561328057 440.929479904526 69673592.3810231 -19221641.6449572
-0.0602 0.00131222207941998 -0.00086027903292556 -8.52611913922925 440.906022465578 69673476.8796878 -19221370.1617154
-0.06025 -0.00248824532837511 0.00204843815119575 -8.53305733376821 440.88256502663 69672755.8823401 -19221077.1152402
-0.0603 0.00159096600823635 -0.000284930310458298 -8.53877637258211 440.859107587682 69672482.8112235 -19221007.3034606
-0.06035 0.000584438771512147 -0.0012227458849556 -8.54633658669143 440.835650148734 69671114.3310113 -19220712.1361076
-0.0604 -0.00160558126942997 0.00267691926045762 -8.55157263631426 440.812192709786 69670824.5583993 -19220553.9989447
-0.06045 -9.31286738245131e-05 -0.000459080091934615 -8.55852710751119 440.788735270838 69669324.0114557 -19220489.7051826
-0.0605 0.00203619016168775 -0.000989883686061439 -8.56402073586857 440.76527783189 69669445.7249245 -19220255.5072685
-0.06055 -0.00159690138128878 2.22676813454275e-05 -8.57177075165733 440.741820392942 69668120.1606422 -19219941.1865915
-0.0606 -0.00028117636298014 0.00208671343771559 -8.57724778581314 440.718362953994 69668224.0005437 -19219770.0491849
-0.06065 0.000926008786007968 -0.00145162910718995 -8.58478180093382 440.694905515046 69666724.7835355 -19219603.3649835
-0.0607 0.0023287916878936 5.95922941048232e-05 -8.58986662949628 440.671448076098 69666795.8941407 -19219439.3254735
-0.06075 -0.00371795541435878 0.00253189035093634 -8.59770888638555 440.64799063715 69664896.7110082 -19219217.7552936
-0.0608 0.0013159602198508 -0.000391229061806058 -8.60307622714305 440.624533198202 69664822.5382248 -19219026.7518226
-0.06085 0.00284703708789059 -0.0030747578319796 -8.60999104634586 440.601075759254 69664013.9327362 -19218789.5459049
-0.0609 -0.00220661278867176 0.00414032346370153 -8.61512462996668 440.577618320306 69664155.7302637 -19218578.5913532
-0.06095 -0.00166993678446384 0.00100961599827203 -8.62358005086889 440.554160881359 69662255.628627 -19218460.4014343
-0.061 0.00481354509476911 -0.00322734922010421 -8.62877992798534 440.530703442411 69662276.6229783 -19218190.6601493
-0.06105 -0.00170796198688213 0.000389905916007529 -8.63646261884876 440.507246003463 69660574.9039909 -19218033.1975205
-0.0611 -0.00248557014310096 0.00488578162192571 -8.64111442238976 440.483788564515 69660989.045255 -19217878.9281359
-0.06115 0.00222597205684159 -0.00392157622717938 -8.64965201082062 440.460331125567 69659038.1303384 -19217641.7443146
-0.0612 0.00165571693412255 -0.000399848162047703 -8.65448108412119 440.436873686619 69659363.3720605 -19217460.857963
-0.06125 -0.00476651801970364 0.00303149986918627 -8.66185756014201 440.413416247671 69658001.6479326 -19217192.2598128
-0.0613 0.00151080460994992 0.000170494606663867 -8.66704125768747 440.389958808723 69658264.2992374 -19217003.2444401
-0.06135 0.00338906295003289 -0.00393219170207824 -8.67434064851746 440.366501369775 69656959.3332616 -19216757.3770255
-0.0614 -0.00276042971537313 0.00353055336361858 -8.67984297372169 440.343043930827 69656370.6719992 -19216670.5287332
-0.06145 -0.00272443620061931 0.00157674418348898 -8.68774387920456 440.319586491879 69654905.4638673 -19216429.4978258
-0.0615 0.00497094731698977 -0.00380032228203759 -8.69327281424619 440.296129052931 69654751.7894402 -19216260.5055795
-0.06155 -0.00136559806991227 -0.000277004185206556 -8.70069610637058 440.272671613983 69653635.7271916 -19215965.3742019
-0.0616 -0.0022806168760531 0.00356324421334767 -8.70523489818916 440.249214175035 69654097.4131721 -19215774.2853436
-0.06165 0.0013857196293364 -0.00318135977065447 -8.71296685617995 440.225756736087 69652348.0708862 -19215607.7112352
-0.0617 0.0017604978083954 -0.000944184464287037 -8.71851002002778 440.202299297139 69652215.9101204 -19215431.1354682
-0.06175 -0.00356649443353517 0.00296020290325807 -8.725179061364 440.178841858191 69650871.7807005 -19215345.4753107
-0.0618 0.000648175791484218 -0.00109982877092348 -8.73149715761422 440.155384419243 69650497.9143986 -19215022.1411167
-0.06185 0.00257085686721459 -0.00294134956043981 -8.73813684357235 440.131926980296 69649501.2474325 -19214862.2457677
-0.0619 -0.00308914661770812 0.00249500694909475 -8.74396321885433 440.108469541348 69648756.2979102 -19214735.3180654
-0.06195 -0.000905252683122761 -6.26071973079168e-05 -8.75084868968044 440.0850121024 69648357.3414851 -19214394.3408615
-0.062 0.00288777393594362 -0.00335275128411573 -8.75716527427786 440.061554663452 69647621.6107449 -19214221.0986165
-0.06205 -0.00216260415108163 0.00165493363456183 -8.76420727614365 440.038097224504 69646954.7660066 -19213962.4028664
-0.0621 -0.000520656421721799 0.000124350667005376 -8.77076066724275 440.014639785556 69645848.637227 -19213865.9275066
-0.06215 0.00137868847169504 -0.00136007961582359 -8.77664097544961 439.991182346608 69645416.8621372 -19213679.4229334
-0.0622 -0.000708270041454684 -0.000366902214580555 -8.78304271083301 439.96772490766 69644222.5363069 -19213512.4409157
-0.06225 -0.000160303289723899 0.00143594951827939 -8.78860898159397 439.944267468712 69644376.7464667 -19213289.8012752
-0.0623 -0.000601860987391459 -0.000195944127037495 -8.79559052348171 439.920810029764 69643303.8867399 -19213063.4796536
-0.06235 0.00228606838551879 -0.000610926402686556 -8.80163335647061 439.897352590816 69642997.2616196 -19212932.7893115
-0.0624 -0.00228235246510314 0.000649139660465616 -8.80962110926966 439.873895151868 69641497.2615805 -19212622.9242638
-0.06245 0.000242479257284994 0.000676996112664624 -8.81465472236877 439.85043771292 69641230.9455307 -19212501.5137767
-0.0625 0.00166688081129693 -0.00194465018799606 -8.82146287185945 439.826980273972 69640102.8044692 -19212324.8641021
-0.06255 -0.000365142315087607 0.000795787689553379 -8.82803730394545 439.803522835024 69639661.2288735 -19212122.1765145
-0.0626 -0.000992463806546949 0.00145901430456088 -8.83452973727723 439.780065396076 69639249.6688026 -19211833.5281335
-0.06265 0.000916155800926787 -0.00138063616864541 -8.84059388587219 439.756607957128 69638422.171376 -19211637.3862004
-0.0627 0.00167918944881043 -0.00099731023698929 -8.84615429888764 439.73315051818 69637996.1052929 -19211513.6599295
-0.06275 -0.00268328701561986 0.00214914895514765 -8.85373084146182 439.709693079233 69636759.5611619 -19211261.7075421
-0.0628 0.00107733103121413 -8.84501334640378e-05 -8.85946282453113 439.686235640285 69636213.3128096 -19211138.7054767
-0.06285 0.000729882595330907 -0.00202665195874502 -8.86708448864926 439.662778201337 69634667.502053 -19210994.3400674
-0.0629 -0.000717347476826018 0.00249278007141684 -8.87190352032535 439.639320762389 69634967.1785666 -19210827.4242223
-0.06295 -0.00126083404566992 -3.38891889280795e-05 -8.87842070394955 439.615863323441 69633908.0698484 -19210540.3113704
-0.063 0.00280140591622934 -0.00168789082877751 -8.88417686492408 439.592405884493 69633835.7456671 -19210299.0062452
-0.06305 -0.000511734321732209 -0.000455849218908387 -8.89211106888871 439.568948445545 69632757.0369144 -19210016.486202
-0.0631 -0.00205242392843463 0.00274881849390315 -8.89777360705123 439.545491006597 69632620.213958 -19209780.2693783
-0.06315 0.00126327599373593 -0.00209011780564703 -8.90515746932157 439.522033567649 69630750.6420501 -19209738.9764676
-0.0632 0.00201803667156238 -0.000941703140862804 -8.91089270563425 439.498576128701 69630779.6041092 -19209473.5180838
-0.06325 -0.00340408231032347 0.00194594997615968 -8.91773016345753 439.475118689753 69629617.4539684 -19209278.307134
-0.0633 0.00081092463083908 0.000853401029043631 -8.92285670958078 439.451661250805 69629900.8795184 -19209013.1889568
-0.06335 0.00166736029050774 -0.00257445475206578 -8.93055600716476 439.428203811857 69628246.0486716 -19208831.1770544
-0.0634 -0.000829726085701099 0.00297336679394283 -8.93564515295481 439.404746372909 69628437.9148609 -19208694.8813582
-0.06345 -0.00108473850549544 0.000829140599716537 -8.94288251171284 439.381288933961 69626998.8266957 -19208516.6584135
-0.0635 0.00239416999154367 -0.000762026347313543 -8.94846192857124 439.357831495013 69626705.3769582 -19208312.2740896
-0.06355 0.000180031921704189 -0.00153336099840264 -8.95624177239134 439.334374056065 69625068.6672625 -19208102.3106789
-0.0636 -0.00249820744401367 0.003427405645093 -8.961172455096 439.310916617117 69625395.8103055 -19207811.1103017
-0.06365 0.00177080760677657 -0.00179024240610925 -8.96835307481734 439.28745917817 69624299.3229753 -19207647.4383034
-0.0637 0.00187299432387657 -0.000592008958543197 -8.97412941318247 439.264001739222 69624117.0594498 -19207417.8763083
-0.06375 -0.00231333326845715 0.00208187105203029 -8.98110954602433 439.240544300274 69623222.8567787 -19207201.1587598
-0.0638 3.71575005717e-05 0.000146384641215615 -8.9868617179525 439.217086861326 69622489.6481076 -19207045.1964174
-0.06385 0.00196029935877995 -0.00170271159366764 -8.99360657013426 439.193629422378 69621580.9362333 -19206863.356356
-0.0639 -0.00146051154732465 0.000860838427009068 -9.00036979085406 439.17017198343 69620637.8055298 -19206682.3853937
-0.06395 -0.000887122078093694 0.000886540135487303 -9.00618178430442 439.146714544482 69620491.7084949 -19206398.7500592
-0.064 0.00135103841212471 -0.00117020128838858 -9.01328229620574 439.123257105534 69619501.9248849 -19206238.5606655
-0.06405 0.000821373661641018 -4.64954730987824e-05 -9.01883195160391 439.099799666586 69619344.7745914 -19205998.8425926
-0.0641 -0.00278563846861521 0.00187153357427241 -9.0255711385174 439.076342227638 69618016.4725154 -19205900.750348
-0.06415 0.0018298304479411 -0.000581908298937865 -9.03163163370571 439.05288478869 69617925.7473715 -19205611.0334814
-0.0642 0.000164233175543028 -0.00220067233309135 -9.03890155736332 439.029427349742 69616130.6152689 -19205493.9415832
-0.06425 -0.00142396575084685 0.00417473828151289 -9.04312594298355 439.005969910794 69617145.7425709 -19205188.0715529
-0.0643 -0.000383439783373958 -0.0019113593316007 -9.05096603476215 438.982512471846 69615447.8170824 -19204866.5661999
-0.06435 0.00303497260860582 -0.00182071381146617 -9.05647215485954 438.959055032898 69615367.9458603 -19204726.1564662
-0.0644 -0.00371679452235965 0.00132744271900412 -9.06478413085371 438.93559759395 69613490.7774415 -19204514.1973221
-0.06445 -0.000160153919532238 0.00123142160611641 -9.06906999738516 438.912140155002 69613961.0419777 -19204312.5537321
-0.0645 0.00119411307399973 -0.0031972649972 -9.07660462254787 438.888682716054 69612364.9388333 -19204143.5015953
-0.06455 0.000241900759038571 0.00128615818378447 -9.08196922799208 438.865225277107 69613109.7481996 -19203753.7114582
-0.0646 -0.00298999412953837 7.43706127872549e-05 -9.09035502902295 438.841767838159 69611103.6412282 -19203573.2246827
-0.06465 0.00207352365223946 0.000296635837614534 -9.09347427304343 438.818310399211 69611895.6022943 -19203430.3935117
-0.0647 -0.000427780082162096 -0.00319831349936574 -9.10245583369021 438.794852960263 69609058.8068794 -19203346.870737
-0.06475 -0.000258626314329115 0.00361986566130339 -9.10629483574768 438.771395521315 69610412.8857982 -19203177.7171581
-0.0648 -0.000648715279706337 -0.00193314094811703 -9.11549129138362 438.747938082367 69607989.138898 -19202947.5618802
-0.06485 0.00182032581467416 0.000653825111561123 -9.11914826267656 438.724480643419 69609113.3005501 -19202674.7808776
-0.0649 -0.00222261333816018 -3.01786052149838e-06 -9.12763374304501 438.701023204471 69607000.039739 -19202494.806172
-0.06495 0.00150021166481669 0.00111303271372484 -9.13157101095164 438.677565765523 69607814.150631 -19202264.887774
-0.065 -3.34530557649704e-05 -0.00287833462504483 -9.140564533885 438.654108326575 69605287.5961535 -19202086.5621284
-0.06505 0.0008072754555593 0.00225983941918871 -9.14452727061343 438.630650887627 69606305.1948695 -19201822.1141777
-0.0651 -0.0022784454208142 -0.00183387603172123 -9.1537255933432 438.607193448679 69603678.0436803 -19201613.5343658
-0.06515 0.00182621744194718 0.00148793585025609 -9.1563426350422 438.583736009731 69605163.2820361 -19201443.9291424
-0.0652 -0.00168064933462627 -0.00217202647324433 -9.16622494132858 438.560278570783 69602162.9805987 -19201292.6842194
-0.06525 0.00142205715605691 0.00234100805650662 -9.16950460556818 438.536821131835 69604233.5092934 -19200935.9360202
-0.0653 -0.00275795611839586 -0.00124526387945268 -9.17876712571275 438.513363692887 69601166.3320202 -19200793.4764288
-0.06535 0.00414916633332903 0.000710511784137063 -9.1814178154396 438.489906253939 69602888.6032229 -19200586.6341588
-0.0654 -0.00346572672100015 -0.00306187372391809 -9.1932455609161 438.466448814991 69598683.3357718 -19200408.7196232
-0.06545 0.00203503402977303 0.00384433630802693 -9.19384466307427 438.442991376043 69601842.339276 -19200191.6822612
-0.0655 -0.00285019366558635 -0.00276227175342377 -9.20581888168564 438.419533937096 69597696.8585293 -19199976.1841102
-0.06555 0.00525014996541056 0.00137844719473127 -9.2063110516796 438.396076498148 69600832.0598871 -19199742.09833
-0.0656 -0.00406056319989131 -0.00271191331991156 -9.21926637238024 438.3726190592 69596126.3396669 -19199484.6909901
-0.06565 0.000767634899931003 0.00633806913940522 -9.21835590643423 438.349161620252 69600041.4987842 -19199245.6698231
-0.0657 -0.00122921821587876 -0.00701935852862538 -9.23132281912043 438.325704181304 69594563.0233674 -19199121.8624841
-0.06575 0.00451542952390631 0.00241190646785779 -9.23165614525543 438.302246742356 69598090.8945747 -19198926.2349851
-0.0658 -0.00709324537096202 0.000247540955244335 -9.24423293552636 438.278789303408 69593251.4172578 -19198754.3996595
-0.06585 0.00509227426777953 0.0023593411659841 -9.24420512440833 438.25533186446 69597022.2389656 -19198495.6926638
-0.0659 -0.00153483337810092 -0.00555995682597835 -9.25677879733982 438.231874425512 69592250.561848 -19198213.5906844
-0.06595 0.00154401681717561 0.00597808144253169 -9.25643424593298 438.208416986564 69595965.6864126 -19198093.020099
-0.066 -0.00413180391662712 -0.00233167646173707 -9.2695323155831 438.184959547616 69590963.9047423 -19197850.2787437
-0.06605 0.00649171341500334 0.000882603195220998 -9.26971698057825 438.161502108668 69594124.4531887 -19197702.3062743
-0.0661 -0.00375930736796323 -0.00251982845110723 -9.28132410832252 438.13804466972 69589497.4252301 -19197479.7561409
-0.06615 0.00132634446701881 0.00465189603217087 -9.28245800250999 438.114587230772 69592631.919963 -19197254.6087816
-0.0662 -0.00179221073633023 -0.00330316750181319 -9.29427755736349 438.091129791824 69588477.377899 -19197071.7074619
-0.06625 0.00428665451976876 0.000677793783284137 -9.29553004902418 438.067672352876 69590780.1266768 -19196845.5650473
-0.0663 -0.00458314033864872 -0.000459135031395091 -9.30602114183044 438.044214913928 69587471.0563914 -19196563.7348529
-0.06635 0.00208872786712929 0.00256255194917984 -9.30805330937331 438.02075747498 69589826.8513462 -19196323.1086949
-0.0664 -9.28164983789877e-05 -0.00443264550205642 -9.31841606037263 437.997300036033 69586571.9193222 -19196124.6452236
-0.06645 0.000939781349830385 0.00332555994479277 -9.32085401750907 437.973842597085 69588176.3769075 -19195971.3660954
-0.0665 -0.00274946278414153 -0.000919032169136769 -9.33141889066627 437.950385158137 69584677.7120257 -19195814.683198
-0.06655 0.00260242452206502 0.00140920081901416 -9.33375229577286 437.926927719189 69586580.5471927 -19195606.3445326
-0.0666 -0.000173704748261612 -0.00286310520876043 -9.34287764245435 437.903470280241 69583951.1083025 -19195393.254223
-0.06665 0.000615362944655785 0.0036305446264801 -9.34631026065793 437.880012841293 69585667.0385661 -19195128.4195214
-0.0667 -0.00248053567640191 -0.00084548880414105 -9.35603413116999 437.856555402345 69582652.1607678 -19194888.325843
-0.06675 0.00461764422159622 -0.000287631750330002 -9.3593248533031 437.833097963397 69584149.7683036 -19194673.1057859
-0.0668 -0.00226579130574454 -0.000504597377331102 -9.36885204198069 437.809640524449 69581240.46604 -19194472.3975963
-0.06685 -0.00144264309512986 0.00354195848383922 -9.3724541749397 437.786183085501 69582092.4530329 -19194280.9641422
-0.0669 0.00122486236535148 -0.00319345411082075 -9.37997126674365 437.762725646553 69580278.5105137 -19194178.5948364
-0.06695 0.00193987660002926 0.000509687790197475 -9.38409050712513 437.739268207605 69581253.3336765 -19193863.0889101
-0.067 -0.00282323154341025 0.000117801286623795 -9.39346027998003 437.715810768657 69579120.4836817 -19193595.0758261
-0.06705 0.000316324126723963 0.00192793476684982 -9.3972529096166 437.692353329709 69580017.4364902 -19193357.4936039
-0.0671 0.00106495157494794 -0.00425999186481807 -9.40544245779478 437.668895890761 69578042.1186632 -19193077.1373955
-0.06715 0.000950882764262586 0.00209962031652413 -9.40866125345937 437.645438451813 69579134.2962016 -19192937.4923894
-0.0672 -0.00402149810125227 0.000776781648333476 -9.41859068934638 437.621981012865 69576314.9775802 -19192734.0055702
-0.06725 0.00381403629021261 -0.00145703773166966 -9.42252103686918 437.598523573917 69577008.8649604 -19192587.5680191
-0.0673 -1.08132735138476e-06 -0.00142650644226304 -9.43034731200846 437.57506613497 69575346.3863352 -19192389.7805716
-0.06735 -0.00262633843508642 0.00474045753005985 -9.43527960162139 437.551608696022 69576145.1574855 -19192030.1066216
-0.0674 0.00203979210283134 -0.00338122920145963 -9.44310854723689 437.528151257074 69574513.8932329 -19191789.6887752
-0.06745 0.00253886018042578 -0.000775197819454067 -9.44750092793592 437.504693818126 69574717.8343879 -19191683.9704848
-0.0675 -0.00357540736276982 0.0029537853130975 -9.45496983550911 437.481236379178 69573252.1407841 -19191519.3426292
-0.06755 0.00124720291920851 3.11428468909986e-06 -9.46066099826311 437.45777894023 69573048.3842969 -19191296.1298795
-0.0676 0.00229332074082999 -0.00286619304933961 -9.46712284064309 437.434321501282 69571991.711724 -19191057.6737464
-0.06765 -0.0014341909354304 0.0016006983924635 -9.47290417850594 437.410864062334 69572096.8579299 -19190674.4084851
-0.0677 -0.00214105408760556 0.00223899896186612 -9.47982799410449 437.387406623386 69571367.4240639 -19190471.6731441
-0.06775 0.00324932143990402 -0.0031495021874143 -9.48634616235756 437.363949184438 69570398.5101755 -19190321.1905076
-0.0678 0.000888876907000261 -0.000436884895573914 -9.49183524074376 437.34049174549 69569632.0924707 -19190231.2484425
-0.06785 -0.00467153760195284 0.00404475724978045 -9.49889128828225 437.317034306542 69568686.8780918 -19190005.0310427
-0.0679 0.002897450905333 -0.00171924732682754 -9.50422500956491 437.293576867594 69568753.5030544 -19189761.0978782
-0.06795 0.00212981299684939 -0.00342675229625338 -9.51118607867826 437.270119428646 69567700.8727742 -19189424.7071294
-0.068 -0.00272812223566634 0.00464515718835784 -9.51674372110612 437.246661989698 69568011.5565947 -19189201.0868383
-0.06805 -0.00130369824825982 -0.000568380295736 -9.52539876595301 437.22320455075 69565910.6004108 -19189028.1779006
-0.0681 0.00398568627923956 -0.00118051389137349 -9.52886941639956 437.199747111802 69566671.6440536 -19188841.0270388
-0.06815 -0.0014303661252299 -0.00167889572915338 -9.53696574411482 437.176289672854 69564443.7792081 -19188581.0860447
-0.0682 -0.00203098043318484 0.00403428422522178 -9.54100293297827 437.152832233907 69565265.3316441 -19188440.0861892
-0.06825 0.000229330785260624 -0.00311521233379144 -9.54989143006484 437.129374794959 69563026.3449109 -19188213.2473025
-0.0683 0.00423035928217215 -0.000791530134256525 -9.55296233944881 437.105917356011 69564433.8731253 -19187994.5772545
-0.06835 -0.00569987106004976 0.00245040088211742 -9.56186566419956 437.082459917063 69561976.7786902 -19187723.7299348
-0.0684 0.00215374055407906 0.000255312982557035 -9.5655161067351 437.059002478115 69563248.9694777 -19187514.1598307
-0.06845 0.00188515620946017 -0.00414931896226556 -9.57369793344306 437.035545039167 69560958.0547304 -19187360.2283964
-0.0685 -0.00207968468087352 0.00351705692512049 -9.57893768052555 437.012087600219 69561221.227022 -19187086.9074903
-0.06855 -0.00180356866065528 -0.00040004611051749 -9.58700473713339 436.988630161271 69559408.7933722 -19186900.0099381
-0.0686 0.00254007401570345 -0.00173671901537276 -9.59165391442224 436.965172722323 69560047.4119953 -19186569.0502073
-0.06865 -0.000809446227450296 -0.00121025781889994 -9.5992931125369 436.941715283375 69558506.6429993 -19186387.4811152
-0.0687 -0.00186904631511736 0.00244121210320277 -9.60416419505402 436.918257844427 69558724.6172241 -19186140.528784
-0.06875 0.000480731769230926 -0.000985264082666221 -9.61097404426584 436.894800405479 69557529.0281793 -19186049.5852061
-0.0688 0.00296699265021881 -0.00136007514820389 -9.61656274575861 436.871342966531 69557532.580144 -19185724.3813305
-0.06885 -0.00312357261162909 0.000812389567057225 -9.62465823577614 436.847885527583 69555625.9031399 -19185524.3259844
-0.0689 0.000327301883062744 0.00171879594152966 -9.62827613685145 436.824428088635 69556268.0685737 -19185351.9192485
-0.06895 0.000627214159099291 -0.00334320992933688 -9.63684039017336 436.800970649687 69554346.0638592 -19185180.4787076
-0.069 0.000197211369224624 0.00230969376820232 -9.64036389663682 436.777513210739 69555629.030017 -19184876.5468424
-0.06905 -0.00201233726653968 -0.000402547408113148 -9.64951478960436 436.754055771791 69553386.1103534 -19184624.2560369
-0.0691 0.00298647789346038 0.000197730590499476 -9.6526652871253 436.730598332843 69554561.4652384 -19184423.299756
-0.06915 -0.00153801465237114 -0.00117043410485014 -9.66208987013484 436.707140893896 69551795.7779456 -19184283.2104083
-0.0692 0.000441125491615799 0.00236446963667508 -9.6653328657456 436.683683454948 69552663.2797589 -19184110.885523
-0.06925 -0.000662419623720954 -0.00121346503538395 -9.67376779548596 436.660226016 69550830.0420763 -19183859.9939075
-0.0693 0.00174437294569152 0.000723073850702899 -9.67803389706629 436.636768577052 69551753.0803834 -19183546.6823277
-0.06935 -0.00111348212346632 -0.000141269986505506 -9.6862503709274 436.613311138104 69549884.2079736 -19183342.4606423
-0.0694 0.000357205752050866 0.0012882595698839 -9.69110719692228 436.589853699156 69550507.5732043 -19183016.0077158
-0.06945 -0.000273208599822484 -0.00175185178652951 -9.69852134722799 436.566396260208 69548639.6336873 -19182877.3198893
-0.0695 0.000250422482791114 0.00181301676491705 -9.70305532812926 436.54293882126 69548872.3037011 -19182774.8566043
-0.06955 -0.000697935670543985 -0.000801926624926824 -9.71049245160846 436.519481382312 69547279.199509 -19182610.2968748
-0.0696 0.00267996708127007 -0.000519167594446697 -9.71557821926911 436.496023943364 69547853.4223037 -19182287.8311162
-0.06965 -0.00205007451145062 0.000437377424728217 -9.72344824717403 436.472566504416 69546262.9064788 -19182014.40466
-0.0697 5.3505353167254e-05 0.00199116578258441 -9.72758058365848 436.449109065468 69546814.1336998 -19181778.995271
-0.06975 0.000801977714748874 -0.00311043965513728 -9.7356968351694 436.42565162652 69545202.2007018 -19181458.6523655
-0.0698 0.000920699179711155 0.00154226319965396 -9.73998530847388 436.402194187572 69545597.4029726 -19181363.9371545
-0.06985 -0.00235469094082617 0.00045095786755644 -9.74804982700329 436.378736748624 69543647.9268291 -19181080.1837615
-0.0699 0.00100004076408746 0.000365365763456025 -9.75248523905173 436.355279309676 69543717.4822867 -19181015.7546381
-0.06995 0.00119506737547685 -0.00234494614368426 -9.76008914319837 436.331821870728 69542320.63385 -19180743.4385146
-0.07 -0.000806602346713783 0.00381583607821513 -9.76469790572603 436.30836443178 69543096.4381585 -19180484.1604077
-0.07005 -0.00129456727088129 -0.000750650792000989 -9.7726776737664 436.284906992833 69541575.8227004 -19180175.9100882
-0.0701 0.00440564867130279 -0.00206570395072087 -9.77615223780371 436.261449553885 69542262.1689214 -19180027.6649767
-0.07015 -0.00325551979321774 0.0010003661326298 -9.7855534936338 436.237992114937 69540054.9768136 -19179762.9434058
-0.0702 -0.000433317415670289 0.0034648614075421 -9.78925691618426 436.214534675989 69540943.7412037 -19179578.3134983
-0.07025 0.00114052833745879 -0.00575556636837461 -9.79856066818036 436.191077237041 69538116.8660981 -19179356.2935022
-0.0703 0.00157512085665282 0.00164476324563221 -9.80178386376499 436.167619798093 69539749.2588954 -19179081.1724148
-0.07035 -0.00533758294944937 0.00126218115050277 -9.81098472241194 436.144162359145 69537235.7783888 -19178796.8569349
-0.0704 0.00348046867837084 9.11360603166533e-06 -9.81368873412739 436.120704920197 69539014.6184625 -19178559.4234541
-0.07045 1.02870287651178e-05 -0.00433537728611952 -9.82330685458888 436.097247481249 69536040.053788 -19178361.282957
-0.0705 -0.000517036132799282 0.00340375927998057 -9.82629336047519 436.073790042301 69537478.5329171 -19178152.7525464
-0.07055 -0.00361342671743181 0.00018630055507542 -9.83535564553326 436.050332603353 69534590.5722362 -19178063.4106421
-0.0706 0.0057009236345059 -0.00312382165806895 -9.8390608283865 436.026875164405 69536231.7713118 -19177675.0477635
-0.07065 -0.0019811968350736 -0.00100657560126891 -9.84771258680886 436.003417725457 69534069.8500589 -19177470.1507686
-0.0707 -0.00291212615562235 0.00534149818311694 -9.85072168824398 435.979960286509 69535156.2572787 -19177230.3639551
-0.07075 0.00222071073160226 -0.0047369592532644 -9.85914218279686 435.956502847561 69533063.2301836 -19177065.5387784
-0.0708 0.00161636229994426 2.96474400257147e-05 -9.86409515536397 435.933045408613 69533412.6519904 -19176892.2160737
-0.07085 -0.00419099566519048 0.00184779467282881 -9.87246218146054 435.909587969665 69531634.9850157 -19176557.2612714
-0.0709 0.0024959673718642 7.16496472302791e-05 -9.87678427387549 435.886130530717 69532111.2451182 -19176450.0397871
-0.07095 0.000849290830125293 -0.00154242706759312 -9.88406408512187 435.86267309177 69530702.6275648 -19176167.5206102
-0.071 2.90571966422757e-05 0.00105416274644712 -9.88931979120405 435.839215652822 69531082.22395 -19175819.8261543
-0.07105 -0.00246500384123572 0.00149311757066969 -9.89598191673619 435.815758213874 69529811.4089599 -19175687.0016087
-0.0711 0.00228435462313602 -0.00127670745073691 -9.90084455925765 435.792300774926 69529707.5930017 -19175508.9387759
-0.07115 0.0011801577521081 -0.00259654657262837 -9.90843474090724 435.768843335978 69528281.0022374 -19175263.9869847
-0.0712 -0.0033147270882586 0.00446076835942874 -9.9136314399134 435.74538589703 69528468.9299844 -19175037.695819
-0.07125 0.00121876487044786 -0.0030403462649289 -9.92089531640784 435.721928458082 69527327.3743327 -19174687.2692811
-0.0713 0.00250316354103678 -0.00140403643935425 -9.9252066215259 435.698471019134 69527675.8248123 -19174496.2704775
-0.07135 -0.00375925922189499 0.00275973943993268 -9.93307550249785 435.675013580186 69526325.2084738 -19174241.9326636
-0.0714 0.00145409686450093 -0.00125521202665383 -9.93875286743967 435.651556141238 69525944.568715 -19174105.166339
-0.07145 0.00076129987903527 -0.00133355093614107 -9.94537876201456 435.62809870229 69524673.3360955 -19174020.4348051
-0.0715 -0.00137714647330951 0.00160868089135173 -9.95027570191369 435.604641263342 69524297.9802567 -19173832.1037623
-0.07155 0.00042689485781324 -0.000871736797089288 -9.95719473447858 435.581183824394 69523623.2773326 -19173514.7720311
-0.0716 0.000209352492489232 -7.86213867852531e-05 -9.96378901146483 435.557726385446 69523519.5207724 -19173127.3421508
-0.07165 0.00140963447179498 -0.0012312950506594 -9.96971291704112 435.534268946498 69522884.0756691 -19172913.448628
-0.0717 -0.00194488169127782 0.0013994798988316 -9.97566173977989 435.51081150755 69522534.4752504 -19172628.9961417
-0.07175 0.000355345210209625 0.000333003823524055 -9.98112937988017 435.487354068602 69521940.7049516 -19172572.5083258
-0.0718 0.00281479208019543 -0.00257076582694904 -9.98826143872544 435.463896629654 69520962.9182808 -19172330.5625424
-0.07185 -0.00227983825447788 0.00334328341791152 -9.99345890348289 435.440439190707 69520793.5512399 -19172108.6255687
-0.0719 -0.00111765662426382 -0.00097682520504578 -10.0005159189416 435.416981751759 69519668.4724037 -19171770.374523
-0.07195 0.00348628844711587 -0.00144436156443705 -10.0049605768205 435.393524312811 69520449.9111318 -19171534.3659338
-0.072 -0.00242815409360373 0.000955353160927368 -10.0134233452657 435.370066873863 69518663.7343467 -19171283.8088412
-0.07205 0.00120442295022247 0.00101646605373442 -10.0174299203841 435.346609434915 69518984.7666667 -19171122.0472823
-0.0721 -0.000951453236644901 -0.00166060138035775 -10.0250994545599 435.323151995967 69516954.2252744 -19170922.6562755
-0.07215 0.00190846836352644 0.000742481164151414 -10.0295194376523 435.299694557019 69518026.4386432 -19170669.6969073
-0.0722 -0.00231052110208965 -0.000333934100924627 -10.0387331578076 435.276237118071 69515845.4630244 -19170384.8927762
-0.07225 0.00148750203816379 0.00253416927169997 -10.0412535922261 435.252779679123 69517132.568911 -19170208.4362795
-0.0723 0.00145682671555416 -0.00318157044554868 -10.050412040731 435.229322240175 69514738.5762462 -19170015.8341557
-0.07235 0.000153722888344462 0.00342784545451464 -10.0534469797273 435.205864801227 69516208.4523522 -19169651.2207456
-0.0724 -0.00259582975096874 -0.00125285666083851 -10.0634507503134 435.182407362279 69513155.9059305 -19169463.9195724
-0.07245 0.00488979780111127 -0.000439039344735127 -10.0657551868171 435.158949923331 69515113.0932875 -19169174.8737318
-0.0725 -0.00275469133969869 -0.0011152842339596 -10.0758362727311 435.135492484383 69511933.1085375 -19169015.3768251
-0.07255 -0.000165920729940407 0.00578414243450016 -10.076743150857 435.112035045435 69514378.8667823 -19168825.0819066
-0.0726 -6.06963457240141e-05 -0.00568218220326232 -10.0883691944254 435.088577606487 69510680.4920087 -19168489.4141922
-0.07265 0.00376975143380061 0.00235401344018733 -10.0891814050555 435.065120167539 69513567.9293992 -19168201.0043669
-0.0727 -0.00576135144602526 -0.00106091099871517 -10.1010509685121 435.041662728591 69508985.6070757 -19168059.2255754
-0.07275 0.00241438279615543 0.00435151200567389 -10.1014080830582 435.018205289644 69512224.5905116 -19167931.3586313
-0.0728 -0.000857356627383258 -0.00635552254128964 -10.1141364933006 434.994747850696 69507517.038614 -19167642.6324849
-0.07285 0.00416319574047032 0.00446186620408387 -10.1129141235651 434.971290411748 69511704.8808838 -19167440.1779965
-0.0729 -0.00621286371165835 0.0004183686560427 -10.1257975975292 434.9478329728 69506860.2434841 -19167202.8252061
-0.07295 0.00613873446575478 0.00102674058066739 -10.1260017469861 434.924375533852 69510392.1496489 -19166834.2379041
-0.073 -0.00276338604731652 -0.00497118423893582 -10.1381712218377 434.900918094904 69505137.0756246 -19166780.5406573
-0.07305 0.000855802396192064 0.0073849748795696 -10.1365254009435 434.877460655956 69509634.6164974 -19166481.0868347
-0.0731 -0.00250330633609144 -0.00501847873251779 -10.1507002284223 434.854003217008 69504204.6484714 -19166222.8041254
-0.07315 0.00569978571170253 0.0023131034297412 -10.1500441088117 434.83054577806 69508409.0846626 -19165957.4455838
-0.0732 -0.00444833256203828 -0.00269086639127286 -10.1628060713374 434.807088339112 69503323.8815821 -19165711.2800341
-0.07325 0.00263119856024952 0.00511008448475223 -10.1616026868712 434.783630900164 69507111.0133378 -19165574.5515995
-0.0733 -0.00262812955549069 -0.0043624028312197 -10.1748134978401 434.760173461216 69501973.3095037 -19165331.5220137
-0.07335 0.00478448327462164 0.00145294535399713 -10.1749032802752 434.736716022268 69505637.1114414 -19164985.759645
-0.0734 -0.00502177338665607 -0.00126251209779725 -10.1866496488402 434.71325858332 69501445.2696671 -19164709.0388119
-0.07345 0.000874145614007125 0.00441587294357245 -10.1866920463052 434.689801144372 69504833.746827 -19164379.4226763
-0.0735 0.000800453265951943 -0.00610955767463538 -10.1984212497831 434.666343705424 69500776.4076095 -19164288.5463175
-0.07355 0.000823882535158017 0.00472515080673785 -10.1998972845729 434.642886266476 69503239.5164819 -19164067.7980613
-0.0736 -0.00403868439895244 -0.000546494962627184 -10.2104437217898 434.619428827528 69499685.9187605 -19163817.9638689
-0.07365 0.00498691411128842 -0.00153087913747861 -10.2122455342436 434.59597138858 69501406.9352496 -19163671.8353256
-0.0737 -0.00275420568412809 -0.000520433020504226 -10.2218630801768 434.572513949633 69498584.6352364 -19163471.0376877
-0.07375 0.000100166981395842 0.00250577355537079 -10.225149370483 434.549056510685 69499965.5313075 -19163192.5725052
-0.0738 -0.000678233611122796 -0.00184360183563562 -10.2333184765349 434.525599071737 69498393.5304508 -19162843.3232307
-0.07385 0.00108262277484359 0.000729516563219214 -10.2374488970995 434.502141632789 69498929.0215848 -19162646.6015817
-0.0739 -0.00016042837235038 -0.00138812953421986 -10.2451144109622 434.478684193841 69497246.3167016 -19162468.2992821
-0.07395 -0.00200945490000684 0.00229852818369663 -10.2501977474443 434.455226754893 69497144.5885106 -19162244.9337916
-0.074 0.000439580408558568 -0.00192243892290505 -10.2569089675429 434.431769315945 69496212.2558558 -19161937.4742191
-0.07405 0.00116011867505147 -0.00107773067153922 -10.2625033207237 434.408311876997 69496259.4679708 -19161680.7546408
-0.0741 -0.00295182337481364 0.00279945218214091 -10.2692153341496 434.384854438049 69495697.0848098 -19161365.8505603
-0.07415 0.00270469488290378 -0.00297146112236183 -10.2744635502296 434.361396999101 69494947.3114054 -19161260.2510422
-0.0742 -0.000347043367853173 0.000164326374443682 -10.2805443127709 434.337939560153 69494299.0021766 -19161052.9881266
-0.07425 -0.00283350519628185 0.00219044679313584 -10.2875842234324 434.314482121205 69493407.0085455 -19160799.7987264
-0.0743 0.00301778574881006 -0.00248939199781778 -10.292189136746 434.291024682257 69493469.9507326 -19160602.0897124
-0.07435 -0.00135679287046182 -0.000225998864039605 -10.299876813463 434.267567243309 69492644.8947472 -19160158.9468446
-0.0744 -0.000195377930210882 0.00129862562880053 -10.3047109130347 434.244109804361 69492708.1068688 -19160003.1059938
-0.07445 -0.000320006948744391 -0.000859948412013374 -10.3118891982304 434.220652365413 69491622.3603648 -19159719.5354614
-0.0745 0.000832966510856763 0.000924543961588532 -10.3165322414202 434.197194926465 69491447.2061772 -19159681.5977482
-0.07455 0.00129230712992202 -0.00192723427564025 -10.3241092847915 434.173737487517 69490054.5800202 -19159421.6458266
-0.0746 -0.00225615749824021 0.00276073581473242 -10.3291657760664 434.15028004857 69490308.1542534 -19159082.0088752
-0.07465 1.39863945354747e-05 -0.00125854365600653 -10.3363533767952 434.126822609622 69489243.4324018 -19158855.7611082
-0.0747 0.00280268793603621 -0.00191550776474721 -10.3413877433985 434.103365170674 69489704.8235006 -19158450.6500862
-0.07475 -0.00377825987078374 0.00302659716756976 -10.3478696820816 434.079907731726 69488209.4108794 -19158439.3219168
-0.0748 0.00157398182934873 -6.33729515829089e-05 -10.3525022219873 434.056450292778 69488377.8953096 -19158220.1079161
-0.07485 0.000908168101416619 -0.00196768702860411 -10.3597861373333 434.03299285383 69487007.0767062 -19157965.7657741
-0.0749 -0.000643739626815904 0.00201716401640948 -10.3649810252031 434.009535414882 69487068.8666359 -19157681.018427
-0.07495 -1.19976810600127e-05 -0.000910486396601819 -10.3723032771839 433.986077975934 69486211.8227694 -19157288.5283143
-0.075 -0.000137288291219611 0.00139000319992556 -10.3779396548413 433.962620536986 69486335.7064895 -19157050.0813342
-0.07505 0.000626025768835691 -0.00118742290817929 -10.3839938858123 433.939163098038 69485188.2637813 -19156913.2685276
-0.0751 0.000107088451294147 0.000367152314487754 -10.3891956152086 433.91570565909 69484887.7116978 -19156686.159596
-0.07515 -0.0020174892390611 0.000996131831527586 -10.3961636545831 433.892248220142 69483882.2010711 -19156424.782144
-0.0752 0.00146263102088432 -0.0021041412743807 -10.4022255762408 433.868790781194 69483388.4674983 -19156221.9890556
-0.07525 -0.000810213334963678 0.000409805763502454 -10.4076385689717 433.845333342246 69482896.4901447 -19156008.2699607
-0.0753 -0.00178895164319002 0.00165679575770725 -10.4138924576251 433.821875903298 69482431.2160224 -19155770.9690016
-0.07535 0.00201099420695134 -0.00195821667182297 -10.4199040753259 433.79841846435 69482328.2938046 -19155430.7812114
-0.0754 -0.000364529925960994 0.000685912158450309 -10.4259932624334 433.774961025402 69481727.9576944 -19155236.5040057
-0.07545 -0.000319143135280513 0.000530863519626623 -10.4320367821142 433.751503586454 69480872.7583492 -19155049.5383554
-0.0755 2.11620737522109e-06 -0.000565746610286445 -10.4385439859177 433.728046147507 69480074.7677366 -19154846.4673025
-0.07555 -0.000102356729123892 0.000510349135552178 -10.4437440147581 433.704588708559 69479937.5088882 -19154565.0785826
-0.0756 -0.000729655898193556 -0.000566573374817928 -10.4510051975543 433.681131269611 69479075.8374145 -19154272.2151348
-0.07565 -5.11411961285522e-05 0.000497748998803444 -10.4559513588686 433.657673830663 69479184.8303283 -19154020.599002
-0.0757 -0.00109537176747499 -0.000177855029440388 -10.4624344593129 433.634216391715 69478244.907313 -19153740.1971183
-0.07575 0.000818457650861203 -0.0010014555385788 -10.4684547439061 433.610758952767 69477799.297493 -19153540.1805112
-0.0758 -0.000553183478948777 0.000207179466306306 -10.4743131276234 433.587301513819 69477280.0206192 -19153321.6304167
-0.07585 0.000590762059576626 0.000340547414352314 -10.479344586036 433.563844074871 69477117.1437287 -19153123.5723
-0.0759 -0.000104144214724218 -7.21872664399536e-05 -10.4866715105328 433.540386635923 69476101.0817938 -19152835.9413929
-0.07595 0.00028453956357108 0.000576785213389971 -10.4919291952114 433.516929196975 69476042.9109843 -19152580.4447309
-0.076 -0.000384812297058227 -0.000625982949867623 -10.4990930310287 433.493471758027 69475286.3699213 -19152224.068539
-0.07605 0.000364767882329382 0.000987294769358544 -10.5044688131878 433.470014319079 69475304.0517957 -19152012.0395715
-0.0761 -0.000312055607785266 0.000453735644357254 -10.5106900525327 433.446556880131 69473913.0242786 -19151949.1017575
-0.07615 0.00111116397998688 -0.00030966319560609 -10.5156541410286 433.423099441183 69473906.5016843 -19151709.1710515
-0.0762 -0.00131076090006527 0.00114230543315406 -10.5220934726602 433.399642002235 69473006.1900519 -19151491.3557234
-0.07625 0.000786240197008352 5.01155038599128e-05 -10.5280692773263 433.376184563287 69473004.949934 -19151121.3176524
-0.0763 0.000547431466010021 -0.00148742962718267 -10.5343964019267 433.352727124339 69472386.1072608 -19150755.8232847
-0.07635 -0.000777515128936391 0.00102009294287669 -10.5401643028539 433.329269685391 69472293.5760519 -19150507.6388788
-0.0764 -0.00055074178769324 -8.46105017385522e-05 -10.5461186409304 433.305812246444 69471723.7511308 -19150207.8713626
-0.07645 0.000302690468387719 -0.00168917552519881 -10.5527229746084 433.282354807496 69470535.3500455 -19150029.1518931
-0.0765 0.00052527171966955 0.000555637710462258 -10.5570389231502 433.258897368548 69470790.2354297 -19149830.037113
-0.07655 -0.000710114010864892 -0.000322215482937843 -10.5648972523674 433.2354399296 69469063.3687218 -19149747.7614168
-0.0766 0.000968530056438611 0.00135149709404625 -10.56916664649 433.211982490652 69469619.3747091 -19149545.2339663
-0.07665 2.35083258707731e-05 -0.00138391989815955 -10.5772442976366 433.188525051704 69468223.770041 -19149173.7318103
-0.0767 0.00154914015402635 0.00113252245958808 -10.581167385066 433.165067612756 69469171.8358714 -19148857.5973055
-0.07675 -0.00206131774888672 -0.000426588077123808 -10.5888165864133 433.141610173808 69467275.1081536 -19148630.250878
-0.0768 0.00214277082779434 0.000522632758192217 -10.5923407145574 433.11815273486 69468055.8473872 -19148441.8037378
-0.07685 -0.00184743367145241 -0.00181064446108702 -10.6016832904734 433.094695295912 69465626.9228941 -19148203.7606545
-0.0769 0.000999572964098903 0.00196082247417193 -10.6040900534047 433.071237856964 69467271.7462904 -19147959.2970366
-0.07695 -0.00159402671814397 -0.00121696025340415 -10.6129086782632 433.047780418016 69464805.3437728 -19147746.28533
-0.077 0.00258667096201981 0.000404397796985141 -10.6165270499427 433.024322979068 69466168.7130499 -19147391.3157866
-0.07705 -0.00185941926889592 -0.00123192820512974 -10.6261119559721 433.00086554012 69463588.8288596 -19147191.1314093
-0.0771 -0.000118847616640991 0.0037240351551669 -10.6283379317942 432.977408101172 69465331.0605513 -19146881.537113
-0.07715 -0.000344217241022074 -0.0027781052720427 -10.6379352606379 432.953950662224 69462585.9381533 -19146618.8752952
-0.0772 0.00252497956133089 0.000575326519720823 -10.6409386793018 432.930493223276 69463728.8683284 -19146517.4420735
-0.07725 -0.00358244989880449 0.00137339206588282 -10.6493033778601 432.907035784328 69461570.8809266 -19146309.7923491
-0.0773 0.00144384714929624 0.00097604425946121 -10.653620949847 432.88357834538 69462661.4879215 -19145958.5583351
-0.07735 0.00127366785917228 -0.00291030448641939 -10.6608881322161 432.860120906433 69461383.8995339 -19145591.0826117
-0.0774 -0.000732398179557948 0.00246240367053653 -10.6660674825851 432.836663467485 69461571.8837221 -19145439.0117331
-0.07745 -0.00166383223195532 0.00160181613488119 -10.6724989740813 432.813206028537 69460284.0130473 -19145298.3834811
-0.0775 0.00220690001060541 -0.00311794099650791 -10.6780864996191 432.789748589589 69459616.1557441 -19145037.6801558
-0.07755 0.000754017445101989 -0.000695252386265002 -10.6841270978092 432.766291150641 69459529.2813444 -19144759.0432194
-0.0776 -0.00245960784745709 0.00212206338936665 -10.6898847220293 432.742833711693 69459356.8007465 -19144413.3371811
-0.07765 0.000977907022670642 -0.000763817101715886 -10.6950460583484 432.719376272745 69459023.8704556 -19144160.9422058
-0.0777 0.00108815742201998 -0.00290428011153267 -10.7028122272888 432.695918833797 69457521.5013078 -19143954.8814382
-0.07775 -7.54484429498994e-05 0.00222026575464583 -10.7064870874561 432.672461394849 69458160.245899 -19143755.0210837
-0.0778 -0.00337720049020496 0.00139452735172574 -10.7146280700255 432.649003955901 69456393.6308897 -19143554.7547704
-0.07785 0.00408720956145413 -0.00104627459725051 -10.7183111352385 432.625546516953 69457476.3093504 -19143263.2697276
-0.0779 -0.00079173963217122 -0.00159963445160716 -10.7270426500372 432.602089078005 69455533.1339443 -19142922.7976004
-0.07795 -0.00102857459464323 0.00524672325545072 -10.7300485331775 432.578631639057 69456871.1572548 -19142751.6646673
-0.078 -0.000624321677825508 -0.0023825219121422 -10.739029809501 432.555174200109 69454243.0440188 -19142506.3828743
-0.07805 0.00374642661492088 -0.000870231687982758 -10.7413733058264 432.531716761161 69455605.1225062 -19142245.5374918
-0.0781 -0.00329022503886224 0.000867526389020462 -10.7500082736404 432.508259322213 69453383.084831 -19142056.866869
-0.07815 -0.000164678506088768 0.00236255037091583 -10.7536953126857 432.484801883265 69454584.4709691 -19141714.5002214
-0.0782 0.000550707343811675 -0.00495295459996273 -10.7640709696801 432.461344444317 69452037.0402475 -19141364.3491445
-0.07825 0.00164960399894143 0.00167846349942132 -10.7659356791037 432.43788700537 69453944.5059526 -19141129.9183319
-0.0783 -0.00395478321754278 5.73870594037597e-05 -10.7745489524247 432.414429566422 69451263.5205947 -19140998.7830131
-0.07835 0.00195048561247474 0.000795158845575189 -10.7772560071624 432.390972127474 69452719.84871 -19140750.713379
-0.0784 -0.000153036073414855 -0.00419948103472445 -10.7868198004061 432.367514688526 69449863.5177183 -19140495.975416
-0.07845 8.30133404803777e-05 0.00429187550898289 -10.7887316549281 432.344057249578 69452042.4756191 -19140257.5828613
-0.0785 -0.00288260293879422 -0.00111847759641597 -10.7986031061642 432.32059981063 69449250.5918711 -19139935.0922494
-0.07855 0.0036970832582456 -0.00055426594737912 -10.801261025618 432.297142371682 69451188.1823524 -19139590.9075772
-0.0786 -0.00250099097604773 -0.00136106662202063 -10.8099382679196 432.273684932734 69448346.116456 -19139419.3543248
-0.07865 -0.000492713806267222 0.00271919332922027 -10.8131194879746 432.250227493786 69449515.1136917 -19139165.8931968
-0.0787 -0.000502316148623624 -0.00242719841897737 -10.8220996064464 432.226770054838 69447184.6645705 -19139054.1449466
-0.07875 0.00228555061303841 -0.000194979415168967 -10.8250863462865 432.20331261589 69448581.6619353 -19138749.7164417
-0.0788 -0.00168502577609175 -7.04614805783585e-05 -10.8330605563991 432.179855176942 69446920.0674543 -19138463.0596411
-0.07885 2.51338575891772e-05 0.00144555952593954 -10.8382356919267 432.156397737994 69447447.418604 -19138162.58202
-0.0789 0.000611767837647528 -0.00185473530575188 -10.8448974115268 432.132940299046 69445782.0991799 -19138048.7964656
-0.07895 0.00102788910024276 0.00016781914793561 -10.8494933895611 432.109482860098 69445939.5848172 -19137796.2963703
-0.079 -0.00205014568762068 0.00138675964799874 -10.8574019023385 432.08602542115 69444834.5933429 -19137520.8130455
-0.07905 0.000134101576747341 0.00093665681798755 -10.8624533098462 432.062567982202 69445057.6911788 -19137201.5131467
-0.0791 0.00254824731182466 -0.00306287457883272 -10.8686900649341 432.039110543254 69444307.5378955 -19136939.6232118
-0.07915 -0.000930148007804874 0.00207686303039717 -10.8729558299983 432.015653104307 69444633.6650404 -19136700.0343665
-0.0792 -0.00127388015674786 -0.000295090594845885 -10.8799320729627 431.992195665359 69443320.9289864 -19136395.7382754
-0.07925 0.00163703474311085 -0.00121110407616671 -10.8856242234377 431.968738226411 69442753.4769097 -19136341.6979312
-0.0793 -0.000250604372910393 -0.000834593877723917 -10.8921445736347 431.945280787463 69441964.2542866 -19136049.1495075
-0.07935 -0.000394165798654278 0.00229690899213719 -10.8964839930841 431.921823348515 69442504.7903223 -19135809.6390498
-0.0794 6.86494709657487e-06 -0.000967377341799073 -10.9034831831957 431.898365909567 69441539.5149762 -19135426.8372547
-0.07945 0.000246291961308549 -0.00131196768785694 -10.90933122641 431.874908470619 69441430.8647083 -19135025.9933496
-0.0795 -0.000787870153441057 -0.000612470615463655 -10.9145422101814 431.851451031671 69440642.6239086 -19134902.2036689
-0.07955 -0.00213214042197982 0.00158057285535872 -10.9204789036204 431.827993592723 69440380.1091305 -19134681.4796373
-0.0796 0.00150320833012989 -0.00251967508062159 -10.9271622271576 431.804536153775 69439513.9542211 -19134412.6708935
-0.07965 -0.000640580464926454 -0.00023938364949304 -10.9324324384018 431.781078714827 69438890.5654437 -19134291.8441934
-0.0797 -0.00134950546051842 0.00207367949993514 -10.9379512076289 431.757621275879 69439132.5147825 -19133930.9326128
-0.07975 0.00132913824626596 -0.00206208914521482 -10.9443136687738 431.734163836931 69438566.1760968 -19133573.9741158
-0.0798 0.000285717559248966 -0.000280045162610351 -10.9503490407383 431.710706397983 69438218.4364149 -19133317.2608975
-0.07985 -0.00154038854720024 0.00105837955008055 -10.9565070409951 431.687248959035 69437440.2179115 -19133118.6795847
-0.0799 0.00114687373929092 -0.00165685806638277 -10.9619565603787 431.663791520087 69436961.6444691 -19132825.895946
-0.07995 -0.000306350087781808 -5.93761142007672e-05 -10.9673280988478 431.640334081139 69436175.8728663 -19132750.0417347
-0.08 -0.00177617987096024 0.000786515404459021 -10.9737477017369 431.616876642191 69435841.8898763 -19132365.540023
-0.08005 0.00142686705851501 -0.000811390359553137 -10.9794607330437 431.593419203244 69435847.34734 -19132093.315936
-0.0801 -0.000640326999641218 0.000377368885090275 -10.9854592801321 431.569961764296 69435327.3899317 -19131820.1304073
-0.08015 0.00101587643579547 3.78301277988648e-05 -10.990486566645 431.546504325348 69435212.914276 -19131589.669114
-0.0802 0.000340357289619208 -0.000888132694488743 -10.9974729841847 431.5230468864 69433978.5395915 -19131382.8253861
-0.08025 -0.000431783158620788 0.00201143878369206 -11.0023936332554 431.499589447452 69433935.2648335 -19131209.5195976
-0.0803 0.000793596305896059 -0.00101063652198113 -11.0089824929941 431.476132008504 69433088.7270927 -19130934.2476167
-0.08035 0.000213666588821393 0.00102183945344131 -11.0142701617628 431.452674569556 69433286.1218667 -19130577.4002531
-0.0804 -0.00148608215817735 0.000254667754175575 -11.0210411419453 431.429217130608 69432125.4122056 -19130290.7211473
-0.08045 0.00148150625116922 -0.000510725834955868 -11.0258326753195 431.40575969166 69432443.2095041 -19130041.3708572
-0.0805 -0.00108257336689148 -0.000468256659520122 -11.0328110480469 431.382302252712 69431166.517993 -19129781.7661135
-0.08055 -0.000457285033478961 0.00105955207085813 -11.0372554113763 431.358844813764 69431215.6734374 -19129595.7091755
-0.0806 0.000317635733426793 -0.00136948521688014 -11.0439196677879 431.335387374816 69430156.7180416 -19129400.9865647
-0.08065 6.73520103289008e-05 2.64359501979705e-05 -11.0495457069105 431.311929935868 69430226.4070668 -19129063.300529
-0.0807 9.87976716763228e-05 -0.000414626650834454 -11.0561991496402 431.28847249692 69429672.9322715 -19128751.3263406
-0.08075 0.000465926228907802 0.00058904959448326 -11.0613347242602 431.265015057972 69429648.0085953 -19128474.0806613
-0.0808 -0.000489667550814556 -1.70226843835404e-05 -11.0676538723547 431.241557619024 69428829.8008267 -19128223.8921289
-0.08085 0.000299804694713192 0.000199311652074973 -11.0732915437759 431.218100180076 69428277.8478209 -19128047.8299218
-0.0809 -0.000209103227119738 0.000205847617637071 -11.0789866148998 431.194642741128 69427501.8023282 -19127836.2303675
-0.08095 0.000383978280427887 -0.000341947664737026 -11.0852863271199 431.17118530218 69427114.2737583 -19127553.0560586
-0.081 -0.000269755082259963 -0.000401487007142104 -11.091413288993 431.147727863233 69426742.9320101 -19127201.6552035
-0.08105 -0.00093118929183882 0.00136431280579362 -11.0958310740971 431.124270424285 69426910.8769265 -19126969.2812985
-0.0811 0.00114627347984031 -0.00170831071776059 -11.1020271489492 431.100812985337 69426284.0426716 -19126676.0684016
-0.08115 0.000655932866322996 -0.000402875931177958 -11.1080693190715 431.077355546389 69425946.5530634 -19126404.2820327
-0.0812 -0.00229902211345629 0.00158572178524435 -11.1137154292744 431.053898107441 69425156.78059 -19126193.1876173
-0.08125 0.000175302626394401 -0.00191999092658893 -11.1196711695729 431.030440668493 69424249.7054971 -19125973.5772218
-0.0813 0.00173833133675208 -0.00146084530669124 -11.1252458062502 431.006983229545 69424461.8465772 -19125697.1420508
-0.08135 -0.00253905280945184 0.00207637009012633 -11.1307394409387 430.983525790597 69424261.0503198 -19125358.6725852
-0.0814 0.00131303327278418 -0.00114581089961894 -11.1361474513993 430.960068351649 69423984.3557044 -19125106.4407481
-0.08145 0.00123421308214544 -0.00156718190570877 -11.1431906746339 430.936610912701 69423033.1627288 -19124882.3626439
-0.0815 -0.00131967634429883 0.00146589593008759 -11.1487124011436 430.913153473753 69422762.4070752 -19124591.7148358
-0.08155 -0.000681008539617353 -0.000323901699666769 -11.1547574245866 430.889696034805 69421882.6409996 -19124418.0456478
-0.0816 0.00127520280143923 -0.000221640231737919 -11.1597267518842 430.866238595857 69422038.2515823 -19124202.9188293
-0.08165 8.1408722052145e-05 -0.000321869361570326 -11.166705518193 430.842781156909 69421317.5058849 -19123866.6434619
-0.0817 -0.000423587479747335 0.00179449257659409 -11.1713835483847 430.819323717961 69421558.3622149 -19123529.8259922
-0.08175 0.000938860511433811 -0.000877647117258659 -11.1778719932897 430.795866279013 69420436.0409928 -19123343.1108683
-0.0818 0.00179634867571271 -0.00132524878630143 -11.1839092176406 430.772408840065 69419989.5481013 -19123131.1812169
-0.08185 -0.00225067689715508 0.00148906546553483 -11.1897192264269 430.748951401117 69419369.8848225 -19122818.1697272
-0.0819 0.00023565399917189 0.0017265322210172 -11.1947756496021 430.72549396217 69419483.1430913 -19122664.1986775
-0.08195 0.00336201448347985 -0.00338291132548518 -11.2016795937048 430.702036523222 69418700.9019703 -19122249.802564
-0.082 -0.0015499533688119 0.00151308696951514 -11.2076018297326 430.678579084274 69418368.3716969 -19121961.6165289
-0.08205 -0.00134144122907718 0.00267020007140225 -11.212427893159 430.655121645326 69418284.6570835 -19121827.8554694
-0.0821 0.00190964162122112 -0.00289735046484943 -11.2188552047469 430.631664206378 69417563.4900815 -19121366.6280601
-0.08215 0.000850670974662842 0.000182780739576545 -11.2246465687018 430.60820676743 69417409.9575978 -19121131.549411
-0.0822 -0.00224591265676296 0.000986994022774895 -11.2310056562501 430.584749328482 69416162.6425828 -19120933.1337742
-0.08225 0.00142468360692982 0.0004846209038391 -11.2351356065844 430.561291889534 69416604.4664426 -19120763.2996062
-0.0823 0.000448146589523451 -0.00231268928381924 -11.2431358066563 430.537834450586 69415044.8858069 -19120441.7348277
-0.08235 0.00115280139460761 0.000760816619360104 -11.2467103287143 430.514377011638 69416282.4489066 -19119966.0715754
-0.0824 -0.00334828930317119 0.0010839859827377 -11.2541174110625 430.49091957269 69414516.5776598 -19119831.2154841
-0.08245 0.00292061504746532 -0.000186615856304013 -11.257762298009 430.467462133742 69415512.7963637 -19119623.483128
-0.0825 0.00085298783432949 -0.0039074475009671 -11.2666996403621 430.444004694794 69413055.7212168 -19119330.2114444
-0.08255 -0.00252199410400178 0.00522790356122402 -11.2700878017175 430.420547255846 69414094.4351258 -19119142.5971156
-0.0826 -0.000911470023556932 -0.00244924962026841 -11.277921020721 430.397089816898 69412120.4095932 -19118840.7524606
-0.08265 0.00456054794604548 -0.00172926799355896 -11.28039898555 430.37363237795 69413956.0026661 -19118543.3813932
-0.0827 -0.00421383982716272 0.000706367053386447 -11.2899763085575 430.350174939002 69411582.0873949 -19118228.7125018
-0.08275 -0.00025387766991684 0.00188918437232626 -11.2933401692998 430.326717500054 69412530.0255592 -19117959.1189439
-0.0828 0.00179981817142056 -0.00385272100779923 -11.3007068200385 430.303260061107 69410816.2191498 -19117829.808355
-0.08285 0.0010366331901569 0.00159467111620019 -11.3045317692677 430.279802622159 69411554.7811075 -19117636.3753051
-0.0829 -0.00305399192009168 0.00163989938191888 -11.3122589304245 430.256345183211 69410213.0216506 -19117275.1526385
-0.08295 0.00173515922975184 0.000540682697424061 -11.316244103215 430.232887744263 69410834.1698278 -19117065.6284458
-0.083 0.00229554801823841 -0.00369247924590099 -11.3235403486178 430.209430305315 69409741.1549475 -19116661.2202744
-0.08305 -0.00229750626341614 0.00263100989452173 -11.3280065505191 430.185972866367 69410023.519447 -19116343.0309756
-0.0831 -0.00091888273932448 0.00176717696634787 -11.3345610928553 430.162515427419 69409353.5251393 -19116156.6218497
-0.08315 0.00316053949266763 -0.00350333106080288 -11.3408043865927 430.139057988471 69408446.6368327 -19115919.7086236
-0.0832 -9.99999492088514e-05 0.00117162796074844 -11.3461071616909 430.115600549523 69408322.8015683 -19115672.7278298
-0.08325 -0.00263124597417889 0.00220538802838 -11.3517794966465 430.092143110575 69407533.7242666 -19115491.5429961
-0.0833 0.00270686747859248 -0.00158260875058505 -11.3568560161976 430.068685671627 69407497.6402325 -19115213.7274443
-0.08335 0.000141501572336468 -0.00135202222939788 -11.3644562013856 430.045228232679 69406511.4376651 -19114881.8447078
-0.0834 -0.000883887375637573 0.00267923899525985 -11.3683222460994 430.021770793731 69407438.9116064 -19114510.6796444
-0.08345 -0.00132336329133897 -0.000810624209887178 -11.3756641279789 429.998313354783 69405520.3083588 -19114320.4532557
-0.0835 0.00209630283322167 -0.000568544034309437 -11.3795759825459 429.974855915835 69405959.4723182 -19114115.2993154
-0.08355 -0.00116335996214847 -0.00137846629737227 -11.3872578315806 429.951398476887 69404556.6383223 -19113774.3024232
-0.0836 -4.74656413001402e-05 0.00164572895948963 -11.3914262480799 429.927941037939 69405273.6214394 -19113559.5244117
-0.08365 0.000524212000647062 -0.00239079867726669 -11.3989382165043 429.904483598991 69403885.8345741 -19113257.2591351
-0.0837 0.000388813327240861 0.0005736963524759 -11.4024578794532 429.881026160044 69404643.6891874 -19112938.6776056
-0.08375 -0.00199601834600862 0.000792292075462085 -11.409734440236 429.857568721096 69403284.326548 -19112690.1226354
-0.0838 0.00190014502111694 -0.000421160328804721 -11.4147119727508 429.834111282148 69403306.6959524 -19112540.4574916
-0.08385 0.000405771904771501 -0.00132673540620077 -11.421374418743 429.8106538432 69402193.8026025 -19112300.6792472
-0.0839 -0.00100276769710038 0.00224640934561298 -11.4259796639318 429.787196404252 69402726.0086585 -19111980.9197656
-0.08395 -0.000148017861026918 -0.00109248005399547 -11.4328316921757 429.763738965304 69401549.1959302 -19111738.5895579
-0.084 0.00237331918884667 -0.000426653845979698 -11.4370262710684 429.740281526356 69402264.7408812 -19111370.2184779
-0.08405 -0.0027501926274588 0.00143657029946873 -11.4444954293475 429.716824087408 69400709.6620187 -19111129.9758639
-0.0841 0.00188369602618464 0.000904860994232116 -11.4479458919946 429.69336664846 69401560.3388703 -19110854.254087
-0.08415 -0.000676621369345237 -0.00224012163227158 -11.4563988987754 429.669909209512 69399372.1706035 -19110609.4838487
-0.0842 0.000824031065679631 0.00139510709648856 -11.4590988803673 429.646451770564 69400590.3670355 -19110362.1685093
-0.08425 -0.00144767780617181 -0.0017043842168931 -11.4678342570833 429.622994331616 69398890.3051188 -19109979.0797948
-0.0843 0.00141967696791299 0.00176454429207649 -11.4704415399937 429.599536892668 69400177.7054555 -19109787.5057968
-0.08435 -0.0011241695537399 -0.00241228411090181 -11.4787150247394 429.57607945372 69397994.0001495 -19109476.4224854
-0.0844 0.00175972727756845 0.00174479117692913 -11.4816639361341 429.552622014772 69399480.7516792 -19109309.1393758
-0.08445 -0.00287603314945239 0.00025992776836714 -11.4908496653678 429.529164575824 69396924.1087519 -19109072.776475
-0.0845 0.00261615840528989 -0.000784652067319132 -11.4933493767984 429.505707136876 69397982.2349101 -19108846.4255407
-0.08455 -0.000698851099086429 -0.00181524135918658 -11.5011255781451 429.482249697928 69396279.4350434 -19108561.4276179
-0.0846 -0.000759623482679572 0.00342402088789496 -11.5047753807303 429.45879225898 69397556.4994594 -19108202.5535489
-0.08465 6.88860162684895e-06 -0.00301472056877019 -11.5141215247462 429.435334820033 69395494.4776237 -19107859.9858658
-0.0847 0.00226861159404309 0.00135504442076607 -11.5158938463717 429.411877381085 69397519.5799731 -19107586.4152273
-0.08475 -0.00257330470927284 -0.000538230085682677 -11.5242229616508 429.388419942137 69394965.6543139 -19107359.2879354
-0.0848 0.001003478970393 0.00236611440887899 -11.5272669819358 429.364962503189 69396251.8340484 -19107113.3251916
-0.08485 -0.000351976462167595 -0.00220771354711891 -11.5364761433616 429.341505064241 69393742.2467659 -19106897.8431369
-0.0849 0.00225436295961707 0.00131099306611683 -11.5391773810431 429.318047625293 69395285.6361082 -19106605.4562517
-0.08495 -0.00286774317710711 6.39326748391429e-05 -11.5480116145031 429.294590186345 69393137.0437619 -19106297.1211876
-0.085 0.00212659546419196 0.00210907398593011 -11.5497094153768 429.271132747397 69395109.5307216 -19105976.3297842
-0.08505 0.000539650785566001 -0.00447381736809166 -11.5590765308807 429.247675308449 69392412.7825067 -19105713.51766
-0.0851 -0.00040984366872606 0.00367660923665703 -11.5617716543023 429.224217869501 69393916.2379919 -19105482.7645715
-0.08515 -0.00321648030953059 -0.000698424500459754 -11.57083330712 429.200760430553 69391168.1520475 -19105193.7762125
-0.0852 0.00613881329687871 -0.00235165155781971 -11.572812211944 429.177302991605 69393076.6463619 -19104930.5481536
-0.08525 -0.00398248145575647 0.00111975261826195 -11.581715425674 429.153845552657 69391049.0448577 -19104588.5460414
-0.0853 -0.00155071506909874 0.00405274983726354 -11.5842039470472 429.130388113709 69392603.3155306 -19104276.8677117
-0.08535 0.00180252918635555 -0.00519072097497019 -11.5931201356115 429.106930674761 69390350.798047 -19104022.7260622
-0.0854 0.0026428719446648 0.000926173633634671 -11.5951877511738 429.083473235813 69391608.8835157 -19103873.8291161
-0.08545 -0.00539797593764557 0.00337727757295453 -11.6043266698502 429.060015796865 69389271.7355022 -19103654.3927039
-0.0855 0.000835100327416103 0.00202046439644579 -11.6074676367498 429.036558357917 69390669.5243918 -19103333.1912607
-0.08555 0.00293767549965252 -0.00448571437048012 -11.6150311937449 429.01310091897 69388909.3743083 -19103033.2178113
-0.0856 0.000566888757757209 0.000869417941323456 -11.6193751942755 428.989643480022 69389686.2064531 -19102718.6450515
-0.08565 -0.00599496729750074 0.00401037947503417 -11.6267665090889 428.966186041074 69388357.9157653 -19102402.5927131
-0.0857 0.00190111412238164 -0.00224826103088037 -11.6309288708122 428.942728602126 69388592.7900303 -19102100.3582794
-0.08575 0.00470455838199888 -0.0039187172181145 -11.636183535492 428.919271163178 69388599.5629624 -19101881.4457243
-0.0858 -0.00493509639374415 0.00422004601913015 -11.6427244270143 428.89581372423 69387634.753414 -19101583.1836839
-0.08585 -0.000205201442392071 0.00119976157728904 -11.6477931033305 428.872356285282 69387366.5590849 -19101394.6269928
-0.0859 0.00235829774170272 -0.00408633826608649 -11.6542385620941 428.848898846334 69386349.0389297 -19101114.7162041
-0.08595 -0.00148679793183197 0.0015086777792255 -11.6587534057855 428.825441407386 69386829.2359447 -19100739.9249847
-0.086 -0.00182597792516548 0.000115838590238428 -11.6661392805073 428.801983968438 69385708.4331209 -19100439.8437362
-0.08605 0.0020798731346704 -0.000776349637188668 -11.6699097098093 428.77852652949 69386493.4454305 -19100175.0393751
-0.0861 -0.00106382311279495 -0.000287909434656346 -11.6769056893809 428.755069090542 69385341.346254 -19099904.9512719
-0.08615 -2.2053387296847e-05 0.00129767982869497 -11.6814007637406 428.731611651594 69385461.3052841 -19099705.0282907
-0.0862 -0.00198214374815074 0.000530038881856986 -11.6884612593046 428.708154212646 69384063.9526662 -19099480.4076836
-0.08625 0.00300085464981682 -0.000660712076832522 -11.6921765221536 428.684696773698 69384818.0863458 -19099201.5848967
-0.0863 -0.000807922031827026 -0.00174012562094011 -11.7003460693674 428.66123933475 69383234.1065084 -19098825.6892894
-0.08635 -0.000973479553187514 0.0033297874087786 -11.7031642330434 428.637781895802 69384573.6324076 -19098575.0780997
-0.0864 -0.00053716887667568 -0.00210331604780653 -11.7108442265856 428.614324456854 69382824.3568289 -19098249.6236312
-0.08645 0.00229216483748266 5.77601980795207e-05 -11.714814995882 428.590867017906 69383538.476832 -19098021.4417362
-0.0865 -0.00215086371527357 0.000371818950243356 -11.7224821597121 428.567409578959 69381739.008897 -19097837.7704927
-0.08655 0.00103467584189873 0.00188453486269142 -11.7259248942663 428.543952140011 69382838.888297 -19097527.5595873
-0.0866 0.000500781517626958 -0.0037352494626525 -11.7337769475755 428.520494701063 69380857.3255662 -19097237.5975343
-0.08665 8.98533507250918e-05 0.00156554063835288 -11.736880644669 428.497037262115 69382526.023903 -19096772.8655357
-0.0867 -0.00207945453594298 7.27548380372569e-05 -11.745032774814 428.473579823167 69380832.9753675 -19096535.4468042
-0.08675 0.00247525220647245 0.000974755919201408 -11.7478114266998 428.450122384219 69381886.3734603 -19096321.4627502
-0.0868 -0.00195255493591349 -0.00214542059668378 -11.7567305731764 428.426664945271 69379108.581718 -19096099.5121699
-0.08685 0.00203585088450124 0.001964192420659 -11.7581676816876 428.403207506323 69381300.1476366 -19095849.3282293
-0.0869 -0.00360804064928067 -0.00116598011990967 -11.7683288578181 428.379750067375 69378200.9955533 -19095601.4795202
-0.08695 0.00265024813061901 0.00202545489065134 -11.7694431704426 428.356292628427 69380609.7872147 -19095361.6083128
-0.087 -0.000722870590832135 -0.00469156165895714 -11.7797120055332 428.332835189479 69377292.6010691 -19095004.4111608
-0.08705 0.000163414085627413 0.00438760729792992 -11.78000808507 428.309377750531 69380370.5132501 -19094631.5911082
-0.0871 -0.00289308717972529 -0.00291766018703443 -11.7912817414095 428.285920311583 69376705.4532694 -19094317.9428099
-0.08715 0.00571018344787163 -0.00029925587803437 -11.7911333364537 428.262462872635 69379668.6498563 -19094070.5651293
-0.0872 -0.00504398637559364 -0.000505410115407565 -11.8027797981178 428.239005433687 69375358.1794155 -19093977.2962268
-0.08725 0.00170956906068158 0.00391042219654923 -11.8029823753516 428.215547994739 69378523.1747961 -19093653.4270212
-0.0873 0.00212588861930034 -0.00593980815081152 -11.8136584546133 428.192090555791 69375299.641487 -19093397.5052813
-0.08735 0.00155194732530554 0.00337347058470602 -11.8145254920937 428.168633116843 69377732.6464611 -19093108.8893187
-0.0874 -0.00475092374380521 0.00106553646286976 -11.8240387502974 428.145175677896 69374912.3100207 -19092815.3670436
-0.08745 0.00386437337628287 -0.000283632055212769 -11.8259133964456 428.121718238948 69376932.1564691 -19092532.0465597
-0.0875 0.000552030667364306 -0.00326902664248473 -11.8348819530567 428.0982608 69374427.9598826 -19092246.4814471
-0.08755 -0.00141152114577364 0.0031362007400315 -11.8381324618467 428.074803361052 69375126.0394341 -19091966.9730842
-0.0876 -0.00218082452990134 0.000565137569325948 -11.8450633841805 428.051345922104 69373781.6339592 -19091767.7985732
-0.08765 0.00312051195064763 -0.00233810514838552 -11.849835306152 428.027888483156 69374506.8314913 -19091411.4122501
-0.0877 -0.000159939621532401 0.000167546620031801 -11.8559045712342 428.004431044208 69373809.4174775 -19091131.6908897
-0.08775 -0.00277815450286413 0.00255956753427625 -11.8621381357655 427.98097360526 69373516.4072343 -19090789.6741999
-0.0878 0.00182736922304646 -0.00099473724423935 -11.8675307857131 427.957516166312 69373386.9955358 -19090541.7818942
-0.08785 0.000547817805713193 -0.00219476376501024 -11.8732544319167 427.934058727364 69372199.6520375 -19090332.6371598
-0.0879 -0.00100383527140434 0.00288749305163945 -11.8770971178671 427.910601288416 69372909.8172436 -19090032.3726378
-0.08795 -0.0020304605762759 -0.000852354142939317 -11.8851146734313 427.887143849468 69371345.5131629 -19089621.7742749
-0.088 0.00292505199194892 -0.00128326192869469 -11.8887989347805 427.86368641052 69372213.1549944 -19089371.9703877
-0.08805 -0.00184416258229736 -0.000431173258444256 -11.8954887658873 427.840228971572 69370926.1614092 -19089125.3911655
-0.0881 0.000793861869063102 0.00118370300291586 -11.8998395252562 427.816771532624 69371839.2917954 -19088756.0000804
-0.08815 -0.00138576204459542 -0.000964460312156839 -11.9077179566557 427.793314093676 69369885.3000738 -19088568.2853037
-0.0882 0.00126950092726547 0.000863013105258121 -11.9097755383185 427.769856654728 69371244.880162 -19088339.3832582
-0.08825 -0.00187240935329189 -0.00167387695944193 -11.9184488690314 427.74639921578 69369177.6095289 -19088032.1691734
-0.0883 -0.000238696403105873 0.00241879879997015 -11.9222069999801 427.722941776833 69370356.5022678 -19087711.5228278
-0.08835 -0.000128090318127553 -0.00178411052097409 -11.9294860466152 427.699484337885 69368697.4961283 -19087526.6662046
-0.0884 0.00258841088828589 0.00103442781666454 -11.9319708797078 427.676026898937 69370294.2301073 -19087220.1885901
-0.08845 -0.00282537887484781 -1.33792761124038e-06 -11.9406917829666 427.652569459989 69367909.2712133 -19086881.3464408
-0.0885 0.00267544231594168 -4.1109201080196e-05 -11.943961316684 427.629112021041 69369011.140906 -19086650.9757168
-0.08855 -0.00210984814877849 -0.00181722686228518 -11.9530328629105 427.605654582093 69366406.9026424 -19086403.8841227
-0.0886 4.28182961260403e-05 0.00260692457925437 -11.9545444297592 427.582197143145 69368119.005162 -19086183.358803
-0.08865 -0.000144737854680518 -0.00355118705850936 -11.9633565412264 427.558739704197 69366154.2766595 -19085781.7694046
-0.0887 0.00107318989740148 0.00217883833472396 -11.9659566066918 427.535282265249 69367896.3072708 -19085523.5337888
-0.08875 -0.00266050351231832 -0.000115582160638739 -11.973686501392 427.511824826301 69366172.4821293 -19085155.4334105
-0.0888 0.00156354598816525 9.02476714762037e-05 -11.9773658149388 427.488367387353 69367303.3498044 -19084836.3713284
-0.08885 -0.000748256542893642 -0.00184373713085374 -11.9845618771136 427.464909948405 69365564.1490309 -19084623.7247136
-0.0889 -0.000226189063594757 0.00168198543214669 -11.9881920317728 427.441452509457 69366304.3729612 -19084334.9482479
-0.08895 0.000630768092956513 -0.00271983076389732 -11.9958805409734 427.417995070509 69364570.8298525 -19084184.3394029
-0.089 0.0010372550316461 0.001995684658588 -11.9989667296048 427.394537631561 69366080.248823 -19083766.8524158
-0.08905 -0.00147421813024997 -0.000407942141555254 -12.0067674234455 427.371080192613 69364681.396651 -19083403.1130908
-0.0891 0.00137774652817391 0.000932349782460678 -12.0099053407908 427.347622753665 69365463.2317831 -19083197.1102628
-0.08915 -0.00111228967332649 -0.000672011916164438 -12.0182360007051 427.324165314717 69363632.8515622 -19082941.9979396
-0.0892 0.00165279982837402 0.00140429620836336 -12.0216660117359 427.300707875769 69364520.8744431 -19082713.6406558
-0.08925 -0.00112704536346196 -0.000726052034909338 -12.0297703010122 427.277250436822 69362640.778356 -19082385.9282303
-0.0893 0.000624022707459191 0.000285811111825652 -12.0332161029778 427.253792997874 69363875.8223088 -19081929.3772847
-0.08935 0.00145401960535029 -0.00147995604706084 -12.0397253689747 427.230335558926 69363131.2193772 -19081764.1700616
-0.0894 -0.00186404661269418 0.0016299630880478 -12.0445716287203 427.206878119978 69362809.3845384 -19081424.367898
-0.08945 0.000739297783296283 -0.000709031708786551 -12.0499170883955 427.18342068103 69362304.5455863 -19081208.0793829
-0.0895 0.00228425171712851 -0.00177061947410861 -12.055721665051 427.159963242082 69361871.3849579 -19080959.8134189
-0.08955 -0.0025648634240646 0.0031011249840589 -12.0613524235665 427.136505803134 69361518.8551623 -19080700.077382
-0.0896 0.000265180038630812 -0.000433356706157807 -12.0670324140951 427.113048364186 69361352.1992681 -19080336.5245706
-0.08965 0.0035725839127046 -0.00131132986156658 -12.0711881139482 427.089590925238 69362035.8548107 -19079962.7901393
-0.0897 -0.00261176819809931 0.00106593579705456 -12.0791463213818 427.06613348629 69360188.817652 -19079780.5040302
-0.08975 0.0005674943055388 0.00216681197118134 -12.0815690624182 427.042676047342 69361114.1991081 -19079568.610966
-0.0898 0.000712055588017704 -0.00394919242933999 -12.0900960883165 427.019218608394 69358837.6283983 -19079227.8128635
-0.08985 0.0019176762602052 0.00110367413467759 -12.0930569122226 426.995761169446 69360683.8581382 -19078877.5110058
-0.0899 -0.00349419519824645 0.000477741908821491 -12.10148151597 426.972303730498 69358555.0129966 -19078628.9492492
-0.08995 0.00175860456318321 0.00197987937990921 -12.1031162256457 426.94884629155 69360581.7127989 -19078277.9390835
-0.09 4.97266116775848e-05 -0.00460869646880249 -12.1125631207713 426.925388852602 69357739.4317392 -19077988.2239545
-0.09005 0.00173174912399403 0.00208665003671305 -12.1148091809238 426.901931413654 69359494.0209565 -19077834.9735438
-0.0901 -0.00465026180683015 0.00110526995979289 -12.1238544056649 426.878473974706 69356876.6186696 -19077495.8301136
-0.09015 0.00395926322016781 -0.000639834372560474 -12.1254030688578 426.855016535759 69358920.5256033 -19077118.5501648
-0.0902 -0.000573997513276774 -0.00256751903393999 -12.1340376432811 426.831559096811 69356716.4692215 -19076820.5165182
-0.09025 -0.0012082520401281 0.0037681633480718 -12.1367525624873 426.808101657863 69358305.4110643 -19076538.7965777
-0.0903 -0.000630822756461713 -0.00248612064483699 -12.145034572753 426.784644218915 69355826.867215 -19076342.4757879
-0.09035 0.0039775012678711 -0.00154719925865298 -12.1473954409276 426.761186779967 69357296.8803235 -19076055.6899735
-0.0904 -0.00432326763564278 0.000962810015403146 -12.1558793998676 426.737729341019 69355162.4822219 -19075792.1967087
-0.09045 0.00108518253023642 0.00232030394881852 -12.1581274009787 426.714271902071 69356866.0767008 -19075567.2651996
-0.0905 0.00161455115131313 -0.00383813469757893 -12.1665721535373 426.690814463123 69355105.9324772 -19075146.504776
-0.09055 0.000725314899681628 0.00188627357809816 -12.1691865144392 426.667357024175 69356300.5913502 -19074846.6535941
-0.0906 -0.00353662162204963 0.00145039385431616 -12.1770644724262 426.643899585227 69354432.3547168 -19074631.6285274
-0.09065 0.00280869638267145 -7.7776545519314e-05 -12.1800929603367 426.620442146279 69355121.9603311 -19074475.6635098
-0.0907 0.00146243516104789 -0.0040010312738562 -12.1876393213975 426.596984707331 69353618.0628942 -19074103.5118372
-0.09075 -0.00221137525295359 0.00390948724805884 -12.1923256185559 426.573527268383 69354445.6036188 -19073812.2344122
-0.0908 -0.00147610727356941 0.000688035601088864 -12.1984477814144 426.550069829435 69353578.9113394 -19073482.1806212
-0.09085 0.00510277418497428 -0.00461365419050036 -12.2023512399489 426.526612390487 69354067.2059707 -19073120.3259653
-0.0909 -0.0015635075037253 0.000574245203810403 -12.2090364795435 426.503154951539 69353096.8154983 -19072869.9578724
-0.09095 -0.003253643998532 0.00378080688369393 -12.2136473278756 426.479697512591 69353181.5655263 -19072608.0329077
-0.091 0.00280451981635488 -0.00418203274360193 -12.2197255331498 426.456240073643 69352193.7944646 -19072304.5928571
-0.09105 0.00121076598234138 -0.00095595397978004 -12.2256577804183 426.432782634696 69352257.974604 -19072037.7565195
-0.0911 -0.0031014357316687 0.00245021233543051 -12.23077742038 426.409325195748 69351957.5272138 -19071691.3721303
-0.09115 0.000482558447575827 -0.00102203154575404 -12.2353847700619 426.3858677568 69352053.1376715 -19071321.5469048
-0.0912 0.000287833331317657 -0.00186943941687313 -12.2420858634668 426.362410317852 69351215.5090924 -19071087.5320165
-0.09125 -0.0013609470374197 0.000288521050941893 -12.2465899258472 426.338952878904 69351233.3743071 -19070828.7746539
-0.0913 -0.000295274447210673 -0.000525639931747055 -12.2522300257049 426.315495439956 69350606.7475708 -19070582.0700646
-0.09135 -0.000263750353478814 -0.00165911476401644 -12.2593828975546 426.292038001008 69349517.388399 -19070321.4949672
-0.0914 -4.94461548527178e-05 -0.000728857430335448 -12.2628075804082 426.26858056206 69350236.0739556 -19069986.0108095
-0.09145 -0.000568890702804309 0.000422157636475062 -12.2681431328312 426.245123123112 69350111.1203891 -19069681.1892275
-0.0915 -0.000590591143064673 -0.000396936106987795 -12.2746732493644 426.221665684164 69349547.1843367 -19069343.0083149
-0.09155 0.00162011713010216 -1.01654755847496e-05 -12.2784915610622 426.198208245216 69349982.4196257 -19069147.9050761
-0.0916 -0.000898047634916759 0.000711208512231956 -12.2845731174806 426.174750806268 69349178.6348623 -19068869.3746329
-0.09165 -0.000441374492634218 0.00105941650872271 -12.2906047931408 426.15129336732 69348675.1937063 -19068604.5433902
-0.0917 0.000378398395782912 -0.000669472635109311 -12.295709754914 426.127835928372 69348353.2830085 -19068341.5717963
-0.09175 0.000893740145158162 0.000341952385190436 -12.3005211924541 426.104378489424 69348873.9313225 -19067940.1634928
-0.0918 -0.00193192978650023 0.000443263338600362 -12.3069135552639 426.080921050476 69347991.2651331 -19067603.2338424
-0.09185 0.00050625069967268 0.000739156568372637 -12.3112024399646 426.057463611528 69348304.4827376 -19067347.0874806
-0.0919 0.00096872767176622 -0.00266287855718996 -12.3183684645283 426.03400617258 69346858.6438519 -19067088.8795417
-0.09195 0.000460079938608516 0.000311488330915586 -12.3222635365957 426.010548733633 69347119.0859265 -19066852.6478916
-0.092 -0.00215785643004945 0.000375239376082994 -12.3289883653906 425.987091294685 69346527.1421779 -19066460.5924707
-0.09205 0.00155499387607277 0.0012103255567318 -12.3325507659691 425.963633855737 69347693.1777281 -19066119.8325529
-0.0921 0.00121547670010165 -0.00283177587170557 -12.3395162580661 425.940176416789 69345815.134027 -19065914.5276617
-0.09215 1.9787079847388e-05 0.00216588253669762 -12.3436167605885 425.916718977841 69346585.783808 -19065652.652103
-0.0922 -0.00278200574931687 0.000458731691936335 -12.350905010597 425.893261538893 69344850.3602489 -19065390.1202567
-0.09225 0.0032963504598121 -0.00208064855618644 -12.3539470095529 425.869804099945 69345894.4855711 -19065029.7590202
-0.0923 -0.000501629116630749 -0.00141266787713197 -12.3612780747098 425.846346660997 69344969.4669918 -19064594.0521129
-0.09235 -0.00130753087575915 0.00295463432421597 -12.3649495513732 425.822889222049 69345640.7639339 -19064388.5550352
-0.0924 -0.000156987806928611 8.9708248925544e-05 -12.3717124666411 425.799431783101 69344542.8242996 -19064130.424769
-0.09245 0.00265855949691724 -0.00135421794457003 -12.3762509313696 425.775974344153 69344700.5638584 -19063872.8180792
-0.0925 -0.000543618033865962 0.0011327089357457 -12.3820639754804 425.752516905205 69344149.0166693 -19063574.3782081
-0.09255 -0.00198952019165365 0.0022484693865376 -12.3868625793935 425.729059466257 69343814.5237841 -19063335.4718013
-0.0926 0.00197868834183866 -0.00143373029393962 -12.3927131167053 425.705602027309 69343739.1799657 -19062988.8506866
-0.09265 0.00137340001650833 -0.00141888287458576 -12.3979973649283 425.682144588361 69343393.5236709 -19062664.9090854
-0.0927 -0.00262180092757391 0.00234260166125892 -12.4033471532062 425.658687149413 69343202.9398782 -19062243.4065438
-0.09275 -0.000777800298723864 0.000281795663462656 -12.4080960385714 425.635229710465 69342597.3534617 -19062130.1535069
-0.0928 0.00431631599006995 -0.00377395473835548 -12.4133048046353 425.611772271517 69342913.6358429 -19061712.2380357
-0.09285 -0.00250535609844771 0.000961459915634528 -12.4198824304099 425.588314832569 69341772.6378423 -19061504.7304079
-0.0929 -0.00124031195693335 0.00342067231600519 -12.4237532419135 425.564857393622 69342617.3944043 -19061218.2203004
-0.09295 0.00140267446652925 -0.00351292100268004 -12.4319955422009 425.541399954674 69341063.3306825 -19060824.4099874
-0.093 0.00271233984484415 0.000547834800433985 -12.4336915090237 425.517942515726 69342716.0703745 -19060549.436588
-0.09305 -0.00537605063617139 0.00103367450992394 -12.4427021283242 425.494485076778 69339834.6105203 -19060359.4140507
-0.0931 0.00250935840835993 0.00195121310417726 -12.4433928657342 425.47102763783 69342262.8983464 -19060047.3140288
-0.09315 0.00134407817578032 -0.00678144737928491 -12.4542278632235 425.447570198882 69338845.3523877 -19059729.744821
-0.0932 0.000903114460177829 0.00394209330391925 -12.4537415384985 425.424112759934 69342137.954955 -19059359.334841
-0.09325 -0.00631089654378066 0.000954529979128119 -12.4646354800776 425.400655320986 69338621.7565526 -19059100.0820406
-0.0933 0.00584990507360266 -0.000292825577569222 -12.4641537411809 425.377197882038 69341773.0402411 -19058831.5212007
-0.09335 -0.000260752672756568 -0.00556775371391899 -12.4755455782729 425.35374044309 69337849.378996 -19058521.0936168
-0.0934 -0.00192960855846171 0.00670454366541628 -12.4753649333113 425.330283004142 69340628.18088 -19058307.8194988
-0.09345 -0.00220902350523576 -0.00222060429524696 -12.4856353880382 425.306825565194 69337427.7876959 -19058003.3920271
-0.0935 0.00535701291096868 -0.00245160005670454 -12.4876596112744 425.283368126246 69339604.7992888 -19057638.3534027
-0.09355 -0.00348951834736013 0.00176450918941175 -12.4952090429264 425.259910687298 69337899.0117481 -19057382.4490055
-0.0936 -0.000108078914306805 0.00132981212784104 -12.4989726579523 425.23645324835 69338901.2967823 -19056980.2370892
-0.09365 0.000940070020924975 -0.00234553319101163 -12.5052161414943 425.212995809402 69337757.3323517 -19056698.6902249
-0.0937 -0.000238973535294309 -0.00042705471800134 -12.5096183949258 425.189538370454 69337415.442325 -19056493.5916604
-0.09375 -0.00111619111021617 0.000409643192673502 -12.5149523241135 425.166080931506 69337136.2702948 -19056196.689179
-0.0938 -0.000479253256945277 -0.000228260435987791 -12.5213768910758 425.142623492559 69336996.8860494 -19055845.4651048
-0.09385 9.70614078820957e-05 -0.000510631236867395 -12.5263606522256 425.119166053611 69337003.4218277 -19055540.8867511
-0.0939 0.000323526715897981 -0.000383370706355586 -12.5311940237664 425.095708614663 69337112.1977131 -19055159.5532346
-0.09395 -0.00134008680127764 6.51592883261774e-05 -12.5370585715048 425.072251175715 69336348.1382631 -19054915.3445522
-0.094 0.000703534987575011 -0.000576985727164221 -12.5417061414988 425.048793736767 69336102.8960281 -19054701.3938395
-0.09405 0.000370219548403968 -0.000855072037579557 -12.5466947772318 425.025336297819 69335824.1701705 -19054431.9158675
-0.0941 -0.0015328401425104 0.000728362348100575 -12.5523901614458 425.001878858871 69335740.7659447 -19054005.8602372
-0.09415 0.00134128709499118 -0.000244733587151122 -12.5572188867359 424.978421419923 69335960.6680172 -19053755.342941
-0.0942 -2.90213748653391e-05 -0.000878448846518559 -12.5632811746164 424.954963980975 69335271.1463237 -19053391.5295654
-0.09425 -0.000686623064212902 0.00159375142439075 -12.5683604298935 424.931506542027 69335104.8885424 -19053181.0307128
-0.0943 0.00133598354089478 -0.000996835477547031 -12.5740414995518 424.908049103079 69334455.676847 -19052903.9323409
-0.09435 0.00148804134692646 -0.000529018761145571 -12.578744912722 424.884591664131 69334874.9275474 -19052526.2585393
-0.0944 -0.00120923162561067 0.00136727719742931 -12.5847442258279 424.861134225183 69334277.262026 -19052289.2140649
-0.09445 0.00145703751894338 -0.000336280356658654 -12.5888474939067 424.837676786235 69334639.2330865 -19051913.5676374
-0.0945 0.00107083131025438 -0.00174805524472483 -12.5951616960304 424.814219347287 69333609.1828726 -19051651.345389
-0.09455 -0.00111684642496111 0.00193987538043235 -12.599773462342 424.790761908339 69333727.5226367 -19051381.7720412
-0.0946 -0.000563537504077605 -6.27557917048613e-05 -12.6059808123843 424.767304469391 69332922.3189412 -19051162.9281915
-0.09465 0.00144226654797437 0.000259462299934858 -12.6099935799634 424.743847030443 69333621.0414402 -19050819.7103612
-0.0947 0.000303469949985777 -0.000551157511582418 -12.6165509080107 424.720389591496 69332987.3169419 -19050417.2630142
-0.09475 6.40236332142573e-05 0.00155235220437943 -12.6202754107055 424.696932152548 69333402.8016547 -19050129.4450402
-0.0948 -0.00200880028478518 0.000677093241934659 -12.6267624598401 424.6734747136 69332051.6130552 -19049861.0973378
-0.09485 0.00182256713276674 -0.000779652083971407 -12.6312530569155 424.650017274652 69332463.5556396 -19049548.5831058
-0.0949 0.0010059175597375 -0.000987375037143751 -12.6378449107966 424.626559835704 69331644.8790698 -19049297.0577641
-0.09495 -0.00178299810208944 0.00327669936564547 -12.6417406176612 424.603102396756 69332434.3153144 -19048848.5126484
-0.095 0.000457769936136282 -0.000682808135664934 -12.6472863481752 424.579644957808 69331738.3853936 -19048605.212737
-0.09505 0.0022130499386655 -0.00302851204125765 -12.6529295401945 424.55618751886 69331383.6364071 -19048228.3864264
-0.0951 -0.00259791630308642 0.00269759055289506 -12.6585209686122 424.532730079912 69331043.5756398 -19047952.117968
-0.09515 0.0003488223356761 -0.000106589938191036 -12.6632681342074 424.509272640964 69330680.2912694 -19047786.1399069
-0.0952 0.0026152480881954 -0.00247334884610209 -12.6682123537193 424.485815202016 69330615.7151437 -19047452.830206
-0.09525 -0.00209019887154389 0.00187774308774305 -12.6737694792954 424.462357763068 69330642.9261639 -19047051.7400154
-0.0953 -0.000995584389751353 0.00177565467454837 -12.6788437412471 424.43890032412 69330798.8012656 -19046665.5762445
-0.09535 0.00120246062457241 -0.00287048064058259 -12.685304408629 424.415442885172 69329640.9875462 -19046430.8002856
-0.0954 -3.7921287529253e-05 0.00143083043132492 -12.6882547386936 424.391985446224 69330169.5146929 -19046274.7257059
-0.09545 -0.00152107571153131 -0.000267774843163663 -12.6955424274987 424.368528007276 69329000.0971439 -19045904.3175617
-0.0955 0.00184827479293421 -0.00043192109140896 -12.6989769436653 424.345070568328 69329601.1709137 -19045619.6827531
-0.09555 -0.00154603109632686 -0.000590168438497818 -12.7067222976811 424.32161312938 69328235.8403944 -19045334.4270518
-0.0956 0.00107128284318534 0.000490763042676046 -12.7090482377937 424.298155690433 69329621.7434936 -19044953.9270294
-0.09565 -0.00156880813381025 -0.00141425165317099 -12.7171128414297 424.274698251485 69327807.5674317 -19044647.4558958
-0.0957 0.00183293503730185 0.00140406926512524 -12.7195358385063 424.251240812537 69329237.5595936 -19044394.7603141
-0.09575 -0.00170550349986784 -0.0023214961862577 -12.7285962565039 424.227783373589 69326699.1584835 -19044126.7150428
-0.0958 0.00150166029703587 0.00312644527703681 -12.7293523592889 424.204325934641 69329066.2602068 -19043850.8736962
-0.09585 -0.00238055856816843 -0.00261290297461751 -12.7388679076704 424.180868495693 69326219.2101449 -19043469.1914858
-0.0959 0.00396699106524516 0.000725252866196535 -12.7397998790388 424.157411056745 69329079.0001401 -19043123.957923
-0.09595 -0.00363386279647671 -0.000966444889388976 -12.7499818905591 424.133953617797 69325738.7644251 -19042872.1753939
-0.096 0.00200857399481808 0.00303940284707196 -12.7494271515659 424.110496178849 69328688.1352527 -19042536.990886
-0.09605 -0.000684229286455662 -0.00490026227532018 -12.7607560784821 424.087038739901 69325055.6679104 -19042263.5288629
-0.0961 0.0015118417327147 0.00334576907973787 -12.7603681126435 424.063581300953 69327904.3869303 -19041999.1424019
-0.09615 -0.0022759998165597 -0.00223655403904593 -12.7705572351143 424.040123862005 69324532.0226749 -19041740.1012147
-0.0962 0.003125277927063 0.00129541112476828 -12.7706457557898 424.016666423057 69327527.8317647 -19041347.2858569
-0.09625 -0.00208981610786932 -0.00182848805344461 -12.7806018771031 423.993208984109 69324696.8744109 -19041010.1320541
-0.0963 0.00206871822695646 0.00258335701171824 -12.781669997489 423.969751545161 69326991.5969609 -19040761.8313625
-0.09635 -0.00177123829383326 -0.000597372400180222 -12.7906983784581 423.946294106213 69324666.64369 -19040398.2306737
-0.0964 0.00203737781943397 0.000213556232931138 -12.793125015856 423.922836667265 69325584.2937841 -19040223.0165929
-0.09645 0.00025518051924623 -0.00154053627250486 -12.8000337747578 423.899379228317 69324171.8233445 -19039937.5274807
-0.0965 -0.00186938734006715 0.00255054199585606 -12.8052267403219 423.875921789369 69324646.1324196 -19039549.6137774
-0.09655 0.000629834399107319 6.09825948575931e-05 -12.8090073300123 423.852464350422 69324830.8760703 -19039184.5564983
-0.0966 0.0025121307779609 -0.00431603753385707 -12.8154891573927 423.829006911474 69323845.7900076 -19038920.5368544
-0.09665 -0.00137987390290205 0.00408569829046136 -12.8189464954698 423.805549472526 69325079.4823636 -19038571.1883477
-0.0967 -0.00235029140313302 -0.00121184477763205 -12.8262181114296 423.782092033578 69323324.3815603 -19038226.7727986
-0.09675 0.00386280270147338 -0.000574114654369349 -12.8276266624027 423.75863459463 69324917.1075251 -19038007.3649632
-0.0968 -0.00491327436357386 -0.00118386329941784 -12.8379320040762 423.735177155682 69321535.7645291 -19037763.5870253
-0.09685 0.00257562072058166 0.00365599972562256 -12.8368637327314 423.711719716734 69325291.9487567 -19037412.5540801
-0.0969 -0.00149770428265389 -0.00513860768937791 -12.8490859871987 423.688262277786 69321114.9846936 -19037099.4994371
-0.09695 0.0032746465169189 0.00450464443268001 -12.8469438763131 423.664804838838 69325516.4930943 -19036794.3287352
-0.097 -0.0045371080231595 -0.00334970323760312 -12.8605107833295 423.64134739989 69320370.5957173 -19036435.025124
-0.09705 0.00498364591126275 0.00382072591940817 -12.8567538767602 423.617889960942 69325175.7400645 -19036158.1596565
-0.0971 -0.00415643728100451 -0.00458170011069976 -12.8707058800541 423.594432521994 69319465.0323917 -19035872.473194
-0.09715 0.00548796773019171 0.00284964125061911 -12.8671404526405 423.570975083046 69324390.0606827 -19035653.4260709
-0.0972 -0.00578266786400625 -0.00261510950977639 -12.8812674266684 423.547517644098 69319106.0721309 -19035265.2909865
-0.09725 0.00524924120542998 0.00471385165862927 -12.8769983863156 423.52406020515 69324903.8892034 -19034883.4439413
-0.0973 -0.00255966222177899 -0.00632707784144003 -12.8918041963032 423.500602766202 69318816.3647107 -19034630.7965571
-0.09735 0.00209270724878971 0.00649592790075455 -12.8872310754521 423.477145327254 69324330.2720279 -19034180.7969364
-0.0974 -0.00469358359637438 -0.00481928571344179 -12.9023468730337 423.453687888306 69318069.6936814 -19033962.476843
-0.09745 0.00452406957013625 0.00238504378336419 -12.8982673344728 423.430230449359 69323147.4811325 -19033661.7947425
-0.0975 -0.00520575431929258 -0.00328144034146774 -12.9117613431913 423.406773010411 69317910.6635771 -19033458.118929
-0.09755 0.00265428274664249 0.00422126537268813 -12.9088676715074 423.383315571463 69322670.7126436 -19033072.2457557
-0.0976 -0.00073818409178981 -0.00458593262015455 -12.9209328646658 423.359858132515 69318777.4726163 -19032713.5086844
-0.09765 0.00130091566980102 0.00244682279602934 -12.9211063405801 423.336400693567 69321414.6669564 -19032460.6542708
-0.0977 -0.00129264577049469 -0.000368491023175615 -12.9296580178793 423.312943254619 69319336.1985562 -19032161.9867735
-0.09775 0.00115982234637461 -1.27458507804203e-05 -12.9330218106401 423.289485815671 69319938.1020646 -19031872.357797
-0.0978 0.000148400841990522 -0.000535923798422363 -12.9387689796203 423.266028376723 69319044.947926 -19031632.3141158
-0.09785 -4.53237881952315e-05 -0.000977248998449501 -12.9434453550102 423.242570937775 69319187.6613277 -19031285.4628848
-0.0979 0.00041736887397852 0.000711911434285455 -12.9477861102804 423.219113498827 69319686.8731032 -19030889.4584842
-0.09795 -0.00164222883591128 -0.000156520620161378 -12.9548651993179 423.195656059879 69318422.5771787 -19030613.5958409
-0.098 0.00329092286134254 0.000148263335245029 -12.9575011579292 423.172198620931 69319844.4402816 -19030325.8502066
-0.09805 -0.00208221002386125 -0.00116817914773993 -12.9662025700701 423.148741181983 69317332.3998059 -19030028.1603754
-0.0981 0.000351049050886143 0.00263984535163108 -12.9680106138623 423.125283743035 69318956.6311657 -19029790.277554
-0.09815 -9.52027855633156e-05 -0.00269418509886696 -12.9757033990524 423.101826304087 69317214.1534959 -19029457.6430043
-0.0982 0.00155064847772529 0.00147964814505705 -12.978043085722 423.078368865139 69319225.9084034 -19028960.0314831
-0.09825 -0.00440923161211332 0.000204974102977247 -12.9866854965952 423.054911426191 69316805.3486746 -19028697.5270382
-0.0983 0.00332522480758148 0.000850697048024922 -12.9869025747065 423.031453987243 69319229.2883637 -19028451.2165842
-0.09835 -0.00122744331292985 -0.00224315378143988 -12.9969415564262 423.007996548296 69316201.6039762 -19028191.8152079
-0.0984 0.000822488202436901 0.00307809048709717 -12.9985787133884 422.984539109348 69318231.989399 -19027839.9931284
-0.09845 -0.00131255761977184 -0.00303275177998513 -13.0077086316952 422.9610816704 69315953.3980365 -19027461.1408857
-0.0985 0.00302672613606122 0.00157916296251046 -13.0082809467758 422.937624231452 69318535.5600277 -19027171.8444738
-0.09855 -0.00281428663584849 -0.000526779068403596 -13.0167859686964 422.914166792504 69315897.4844079 -19026821.7121
-0.0986 0.00151295195887039 0.000929719151894288 -13.0182237560189 422.890709353556 69317687.3779789 -19026531.4505156
-0.09865 -0.00143305157967265 -0.00214174502670583 -13.0268681361759 422.867251914608 69315441.7492821 -19026246.8949053
-0.0987 0.00174370351090012 0.00140440393387042 -13.0292408636906 422.84379447566 69316847.1057639 -19025979.4122405
-0.09875 -0.00224637512144621 -0.000700323448329955 -13.0367000966867 422.820337036712 69315509.7901257 -19025539.8147097
-0.0988 0.00129053722735735 0.00252278150850922 -13.0391166419639 422.796879597764 69317053.0477764 -19025346.1315213
-0.09885 0.00122874511019851 -0.00270780803294144 -13.0469599940345 422.773422158816 69315132.1813761 -19025042.9760051
-0.0989 0.000152809821895961 0.00184636123186033 -13.0496599523266 422.749964719868 69316229.597062 -19024714.0728762
-0.09895 -0.00352034557471925 0.0011756754882194 -13.0563770584606 422.72650728092 69314826.5414408 -19024364.8444463
-0.099 0.00334688119635309 -0.00286871725586926 -13.0605496704079 422.703049841972 69315771.7620447 -19023915.5937338
-0.09905 -0.000356706465674125 0.000120535847477975 -13.0660238215261 422.679592403024 69315406.9401291 -19023637.6838998
-0.0991 -0.00357112634705169 0.00242362994081402 -13.0715641077891 422.656134964076 69314835.1335558 -19023339.2615435
-0.09915 0.00268351663719228 -0.00171240304873591 -13.0764887884799 422.632677525128 69315050.3131256 -19023084.8162809
-0.0992 0.00159442497598943 -0.00211660373113701 -13.0822014024005 422.60922008618 69314329.2294207 -19022789.7338697
-0.09925 -0.0021796589900662 0.00447033594663552 -13.0850605044701 422.585762647233 69314880.8146721 -19022557.5927978
-0.0993 -0.000418065758502821 -0.00120361191548933 -13.0929361806854 422.562305208285 69313450.9137163 -19022196.3430933
-0.09935 0.00462369115497582 -0.000610758589585879 -13.0942528275417 422.538847769337 69315841.5193403 -19021617.3637762
-0.0994 -0.00354410111732621 -0.00139477425573247 -13.1038468668628 422.515390330389 69312603.0814442 -19021484.6749078
-0.09945 0.000642541272692652 0.00563720073735619 -13.1030409261533 422.491932891441 69316052.7939054 -19021157.0146403
-0.0995 -0.0015020978867515 -0.00558615383380528 -13.1156377007306 422.468475452493 69311337.842068 -19020853.4953805
-0.09955 0.00632572309558781 0.00190453147088243 -13.112177215123 422.445018013545 69316061.2547472 -19020621.6620076
-0.0996 -0.00652815694745489 -0.00119644673365428 -13.125504596306 422.421560574597 69310646.2762107 -19020386.4811114
-0.09965 0.0025772755820983 0.00684412140746323 -13.122200621215 422.398103135649 69316123.2678866 -19019920.8739726
-0.0997 0.00054702644150094 -0.00781543316012098 -13.1354949567245 422.374645696701 69310984.860442 -19019568.9615934
-0.09975 0.00401066164811088 0.00354708450003333 -13.1321115923691 422.351188257753 69315321.543068 -19019326.8877966
-0.0998 -0.00855335230714151 0.000432552872534771 -13.1464279818447 422.327730818805 69310109.8054796 -19018940.5328907
-0.09985 0.00528933733263917 0.00181080216695452 -13.1437975530873 422.304273379857 69314554.9029822 -19018755.1404199
-0.0999 0.000848143680715162 -0.00621626598070454 -13.1552419399015 422.280815940909 69310326.5740452 -19018459.917404
-0.09995 -0.000785247466798851 0.0053517597850643 -13.154568623361 422.257358501961 69313704.3319427 -19018015.4317972
-0.1 -0.0036628016256902 -0.00168921296881699 -13.1643846304006 422.233901063013 69310882.6879508 -19017590.6462364
-0.10005 0.00527415520160945 -0.00122865851731883 -13.165243422778 422.210443624065 69313458.7660287 -19017331.4908302
-0.1001 -0.00328164687822107 -0.000358596570547679 -13.1733108621498 422.186986185117 69310954.4476338 -19017065.5438082
-0.10015 0.000401960804384903 0.00281395219586506 -13.1756120145037 422.16352874617 69312298.7994435 -19016885.7599341
-0.1002 0.000531067497818969 -0.00279767027319925 -13.1831855769727 422.140071307222 69310437.103499 -19016513.990797
-0.10025 0.000586458107261484 0.00178626235171783 -13.1862632581398 422.116613868274 69311798.1401666 -19016170.0444669
-0.1003 -0.00185149001675714 0.000603105805429968 -13.192514877796 422.093156429326 69310768.8415924 -19015895.88794
-0.10035 0.00123144852604882 -0.000205914557737659 -13.196178200841 422.069698990378 69311522.5595738 -19015462.8280602
-0.1004 2.51780701186429e-05 -0.000614667001752459 -13.2024046097106 422.04624155143 69310883.5292665 -19015168.1588848
-0.10045 0.000130797169771508 -3.14858456673826e-05 -13.206684192587 422.022784112482 69310633.428873 -19014937.963636
-0.1005 -0.000241190100343719 -0.000212838418083886 -13.21237143342 421.999326673534 69310204.9671399 -19014592.3356908
-0.10055 -0.000480675722592678 0.000382564057055549 -13.2172043011895 421.975869234586 69310396.5048142 -19014198.56615
-0.1006 0.00105106970081578 -0.00103452554563704 -13.2220374041879 421.952411795638 69310173.4954479 -19013955.2718892
-0.10065 -0.00043770672832978 0.000189839386399307 -13.2265101255861 421.92895435669 69310215.6223304 -19013620.5650325
-0.1007 -0.000811816858848171 0.00191505500808691 -13.2313314279569 421.905496917742 69310435.0409387 -19013249.1812877
-0.10075 0.00166723201912303 -0.00270388104773925 -13.2380173993179 421.882039478794 69308968.0441273 -19013129.0211729
-0.1008 0.00045314041697552 0.0015402847345401 -13.2408288758201 421.858582039846 69309892.075913 -19012779.5568226
-0.10085 -0.00364425998221082 0.000256916782950076 -13.2482970109037 421.835124600898 69308555.6810469 -19012294.329481
-0.1009 0.00303088101561437 -0.000344157220191594 -13.250228330216 421.81166716195 69310380.3594852 -19011988.1788376
-0.10095 -0.00158126565829619 -0.00194716156354694 -13.2590115860233 421.788209723002 69308135.4480669 -19011686.8035756
-0.101 0.00113945135933733 0.00260914141636126 -13.2598110108199 421.764752284054 69310194.7014509 -19011343.4000441
-0.10105 -0.00191842967397939 -0.00112222998735297 -13.2686648783408 421.741294845106 69307818.2650595 -19011131.3434364
-0.1011 0.00258432289220276 0.000929355487209725 -13.2702625414735 421.717837406159 69309561.321674 -19010781.8610512
-0.10115 -0.00216327338882154 -0.00242052109750942 -13.2793900109461 421.694379967211 69306880.432648 -19010448.5292228
-0.1012 0.00235749421475719 0.00325172826154054 -13.2790199031342 421.670922528263 69310229.8349817 -19010072.5538792
-0.10125 -0.00217031957169551 -0.00303328170924664 -13.2887219533576 421.647465089315 69306924.4703214 -19009780.8321878
-0.1013 0.00330994628231563 0.00236462956351219 -13.2885445084411 421.624007650367 69309832.3744632 -19009597.0931611
-0.10135 -0.00183115314939242 -0.00229819877465217 -13.2993086733368 421.600550211419 69306668.9227179 -19009153.772284
-0.1014 0.00256798279008446 0.00222150878220162 -13.299361319525 421.577092772471 69309251.3803935 -19008819.4537916
-0.10145 -0.00155276551822096 -0.002812994719195 -13.309309436789 421.553635333523 69305841.1508105 -19008605.3847681
-0.1015 0.00192952331805694 0.00405541209683197 -13.308461704696 421.530177894575 69309378.081576 -19008277.4129639
-0.10155 -0.00189559308403551 -0.0026162178441521 -13.3194967402995 421.506720455627 69306311.488175 -19007836.3535573
-0.1016 0.00328988093644658 0.00105461621834102 -13.3191758034326 421.483263016679 69308895.9266737 -19007482.9094199
-0.10165 -0.00193653127293744 -0.00187964014311157 -13.328053639181 421.459805577731 69306173.4926131 -19007220.9326404
-0.1017 0.000710052101236408 0.00271923277142367 -13.329627684526 421.436348138783 69307889.2222061 -19006990.522337
-0.10175 -0.000529284826482096 -0.0019463293046767 -13.3374472778486 421.412890699835 69305800.7542831 -19006687.1400817
-0.1018 0.00240150184749944 -0.000863499576262894 -13.3404242052003 421.389433260887 69307125.9805644 -19006323.9258303
-0.10185 -0.0016816359331041 0.00126440403278655 -13.3458878811468 421.365975821939 69306538.477381 -19005987.8297824
-0.1019 -0.00172215055505958 0.000161023948129571 -13.3514223075185 421.342518382991 69306292.264333 -19005632.3425417
-0.10195 0.00247955783646356 -0.000575096854858127 -13.3545690781512 421.319060944043 69307485.103449 -19005256.0577612
-0.102 -0.00146963852528401 -0.00156118365331547 -13.3618117960953 421.295603505096 69305678.8467752 -19005008.3264011
-0.10205 0.000894459586992298 0.00341812529652573 -13.3635231424792 421.272146066148 69307435.1816707 -19004695.6751553
-0.1021 -0.00289753850332902 -0.00258063385471173 -13.3739762980299 421.2486886272 69304171.1649073 -19004446.0569419
-0.10215 0.00462077056297267 0.0011379382397526 -13.3719794675427 421.225231188252 69307987.0413486 -19004001.6243356
-0.1022 -0.00516470273644732 -0.00344106253071939 -13.3849131116494 421.201773749304 69303344.7883825 -19003634.0622862
-0.10225 0.00273010808987818 0.00484444530414729 -13.3812202320317 421.178316310356 69308403.1366452 -19003299.8998339
-0.1023 -0.00327319126230749 -0.00553587236128448 -13.394851653805 421.154858871408 69302992.4957691 -19002995.4711752
-0.10235 0.00459783749391111 0.00325611121853788 -13.3910331268018 421.13140143246 69308011.5462304 -19002683.0661051
-0.1024 -0.00572739715497686 -0.0031481426486742 -13.4049256277988 421.107943993512 69302481.2000173 -19002452.1995573
-0.10245 0.00423891971874325 0.00460464541124992 -13.4006636796756 421.084486554564 69307697.5710917 -19002164.2418475
-0.1025 -0.00293094892872453 -0.00533430048819415 -13.4147094610149 421.061029115616 69302616.9710394 -19001720.4327478
-0.10255 0.00430347753196533 0.00471529018416958 -13.4103751233806 421.037571676668 69308061.9603029 -19001373.8671926
-0.1026 -0.00534189902329791 -0.00268113780815 -13.4247518864593 421.01411423772 69302346.9673981 -19001117.6014831
-0.10265 0.00517163355031799 0.00286716500926869 -13.4200558131631 420.990656798772 69307181.9320859 -19000835.1652643
-0.1027 -0.00206690050524334 -0.00510798513486253 -13.4332318969333 420.967199359824 69302231.1410177 -19000528.1503963
-0.10275 0.00129628358135223 0.00409852509396111 -13.4311252031851 420.943741920876 69306295.8693941 -19000103.3951642
-0.1028 -0.00258567092352987 -0.00318826939107478 -13.4423961422652 420.920284481928 69302516.54918 -18999885.136708
-0.10285 0.00365981990435142 0.00163356867211879 -13.4407728095939 420.89682704298 69306221.2494565 -18999475.1908609
-0.1029 -0.00230523877716774 -0.00327911706864507 -13.4516712576811 420.873369604033 69302727.1266565 -18999122.1022666
-0.10295 0.00136622320929939 0.0030950226407221 -13.4510424950727 420.849912165085 69305706.4051179 -18998858.8564485
-0.103 -0.000688086795966248 -0.00235221364308665 -13.4608372414866 420.826454726137 69302979.2010836 -18998564.0960068
-0.10305 0.00103639590738451 0.00147113027708202 -13.4617352884735 420.802997287189 69304589.3130046 -18998270.5058367
-0.1031 -0.00121842742269463 -0.00140140189913289 -13.4693945882436 420.779539848241 69302922.0781775 -18997936.4821939
-0.10315 0.00128748873643439 0.000159254362981311 -13.4724941792936 420.756082409293 69304338.5847202 -18997514.8391959
-0.1032 -0.00119662988487189 0.000162628958730827 -13.4783840372551 420.732624970345 69303505.5340292 -18997151.2239987
-0.10325 -0.000559773712159882 -0.000379915037105207 -13.483513471251 420.709167531397 69303400.6887729 -18996844.3122461
-0.1033 0.00189154744227918 5.75968502968091e-05 -13.4866435199073 420.685710092449 69304264.2155247 -18996532.7832318
-0.10335 -0.0027666803892946 -0.000783681209242267 -13.4946697002425 420.662252653501 69302111.4311417 -18996280.02442
-0.1034 0.00257196312107878 0.00158155278043746 -13.4957565743875 420.638795214553 69304126.5503064 -18996033.5158527
-0.10345 -0.00175972481973948 -0.00257978376343684 -13.5058987685424 420.615337775605 69301518.1631644 -18995574.0086331
-0.1035 0.00172690114912476 0.00398369283849363 -13.5045196186355 420.591880336657 69304856.6214656 -18995229.4223627
-0.10355 -0.00214931478905624 -0.00401406142430457 -13.5150320579288 420.568422897709 69301406.8621522 -18994916.7674653
-0.1036 0.0035335686766519 0.00300480596516389 -13.5135125325122 420.544965458761 69304840.0771949 -18994631.4968056
-0.10365 -0.00509519361408075 -0.00242492027231734 -13.5260729056678 420.521508019813 69300213.5812867 -18994328.9415408
-0.1037 0.00455209135414026 0.00243157347093265 -13.5225810830124 420.498050580865 69304543.4975867 -18994074.0911757
-0.10375 -0.00300429667940132 -0.00409159730858722 -13.5361486771334 420.474593141917 69299998.5149962 -18993682.6750908
-0.1038 0.00239941505920919 0.00464173010571506 -13.5322453020513 420.45113570297 69304669.8848739 -18993309.6276855
-0.10385 -0.00406622730837938 -0.00400383411910299 -13.545772814898 420.427678264022 69299877.7504906 -18992932.40645
-0.1039 0.00446584332906379 0.00227536037091266 -13.5422192170407 420.404220825074 69304731.5804846 -18992526.0492925
-0.10395 -0.00359671852318859 -0.00309982690942807 -13.5543609887505 420.380763386126 69300186.6674802 -18992361.7553406
-0.104 0.00316534326340449 0.00511103552327124 -13.5525102341782 420.357305947178 69304464.0115599 -18992032.5704683
-0.10405 -0.00304883052697421 -0.00425736760735427 -13.5643580700311 420.33384850823 69299392.574725 -18991784.6981118
-0.1041 0.00440256508313677 0.00311927164091409 -13.5626196234711 420.310391069282 69303731.0733618 -18991377.20374
-0.10415 -0.00422504248900038 -0.00243563765486787 -13.5749531592817 420.286933630334 69299569.3864816 -18990943.393525
-0.1042 0.00250834296881199 0.0021199519742015 -13.5717450150998 420.263476191386 69303398.179106 -18990675.136176
-0.10425 -0.0022231292802592 -0.0038121631449225 -13.5834469162276 420.240018752438 69299838.5894437 -18990274.4047032
-0.1043 0.00302148527400283 0.00130150345877615 -13.5826706019172 420.21656131349 69302940.0062356 -18990054.2862266
-0.10435 -0.00373358938551914 -0.000193462203018254 -13.5914762968625 420.193103874542 69300335.8980259 -18989683.2215287
-0.1044 0.00106380929619458 0.00102541323369817 -13.5939936066837 420.169646435594 69301687.9992161 -18989427.2127514
-0.10445 0.00119206174395138 -0.00277211851548209 -13.6006075188744 420.146188996646 69300336.6450557 -18989114.3411836
-0.1045 -0.000202307720512493 0.000878908809043992 -13.6037874999046 420.122731557698 69301206.6728769 -18988733.9461621
-0.10455 -0.00125656232874912 0.00143635499608666 -13.6086245059694 420.09927411875 69301280.7181367 -18988407.5592493
-0.1046 0.00134151436987913 -0.00240865076391555 -13.6149030980637 420.075816679802 69300677.2984529 -18987999.4904938
-0.10465 0.000812621262255918 0.00147760750964059 -13.6177066369278 420.052359240854 69301672.2541468 -18987675.8616486
-0.1047 -0.00268373327494343 -0.000671885609880771 -13.6247292693209 420.028901801906 69299604.6385188 -18987475.7768481
-0.10475 0.00167445412941512 0.00147186442662583 -13.6260535736515 420.005444362959 69301746.4020282 -18987144.1233731
-0.1048 -0.000855878946526276 -0.00380155276767851 -13.6355886677761 419.981986924011 69298995.3671636 -18986750.5417234
-0.10485 0.000925015730221198 0.00338588101913957 -13.635594637503 419.958529485063 69301877.2490463 -18986404.7605203
-0.1049 -0.00172729930198502 -0.00135501562497992 -13.6447664836006 419.935072046115 69299615.7715044 -18985995.0179259
-0.10495 0.0028740726914333 0.000506228698349321 -13.6455248448759 419.911614607167 69301544.4571041 -18985708.1643802
-0.105 -0.00257426238288895 -0.00179982542697437 -13.6543384614051 419.888157168219 69298829.2192826 -18985471.9721145
-0.10505 0.00171440243604835 0.0025371991319537 -13.6545593772546 419.864699729271 69301426.5583903 -18985120.0784474
-0.1051 -0.00228569753657564 -0.0026420070333618 -13.6644179208275 419.841242290323 69298191.5687901 -18984834.1570556
-0.10515 0.00281126090322065 0.00222522417450576 -13.6634367958456 419.817784851375 69301495.985133 -18984482.2546904
-0.1052 -0.00177425416161544 -0.00161534081016571 -13.6735393999646 419.794327412427 69298840.0583656 -18984099.8700642
-0.10525 0.00149508546138445 0.00240324120363106 -13.6736249743566 419.770869973479 69301448.58329 -18983685.6053741
-0.1053 -0.000708331257606535 -0.00140156405489085 -13.6811655499397 419.747412534531 69299470.9272429 -18983465.7608765
-0.10535 4.05455095156687e-05 0.00276186571797338 -13.6835478426413 419.723955095583 69300853.0534762 -18983091.4780203
-0.1054 -0.000221516004707671 -0.00251526246729191 -13.6919994137866 419.700497656635 69298574.7393287 -18982780.7237594
-0.10545 0.00199836792934755 0.000792896653908376 -13.6931856485188 419.677040217687 69300355.0750193 -18982493.1664596
-0.1055 -0.00238267467101683 -0.000505258506720077 -13.7003616393177 419.653582778739 69299151.5674699 -18982050.0842678
-0.10555 0.0009945457763668 0.00163267402756483 -13.7028141724546 419.630125339791 69300517.1004531 -18981804.7649518
-0.1056 0.000511077812872938 -0.00139989890537275 -13.7099685966092 419.606667900843 69299259.5463703 -18981436.9115656
-0.10565 0.000993648818332318 0.000701737045164084 -13.713303878904 419.583210461896 69299900.7539613 -18981125.2492527
-0.1057 -0.00204873100592406 0.000764442252267833 -13.7189051057076 419.559753022948 69298837.2929358 -18980887.8267468
-0.10575 0.00120090606159515 -0.00040932759703553 -13.7226423710182 419.536295584 69299590.554789 -18980509.0899274
-0.1058 0.000449502870686778 -0.000919599288207429 -13.7280124416851 419.512838145052 69299494.6742138 -18980055.3079374
-0.10585 -0.00109081154501221 0.00096837682925025 -13.7324311197738 419.489380706104 69299420.4333581 -18979740.060147
-0.1059 0.000180644130893 0.000718825331740406 -13.7368975900407 419.465923267156 69299431.6686704 -18979486.652426
-0.10595 0.000251586081710013 -0.00126631501856147 -13.7428237665213 419.442465828208 69298664.0470616 -18979152.7629251
-0.106 0.0012042565324922 -0.000360708712363065 -13.7461986824032 419.41900838926 69299341.5973043 -18978776.1300808
-0.10605 -0.00165031285108576 0.00134386295800892 -13.7520589634843 419.395550950312 69298737.4676311 -18978507.7372311
-0.1061 0.00158247814788291 -1.94678042796921e-06 -13.7558129604646 419.372093511364 69299537.611213 -18978113.7758846
-0.10615 0.00045260619518045 -0.00240970926668427 -13.7624658078565 419.348636072416 69298092.574137 -18977771.9676372
-0.1062 0.000921026388977486 0.00195312578254443 -13.7634186014663 419.325178633468 69299822.455597 -18977494.6476168
-0.10625 -0.00164894307056009 0.000122046491963689 -13.7719012270094 419.30172119452 69298321.2332081 -18977105.1049103
-0.1063 0.00206866363448331 0.000147290388650458 -13.7740052776301 419.278263755572 69299675.0557496 -18976623.1492432
-0.10635 -2.83675257406572e-05 -0.00267779221049399 -13.7815019529725 419.254806316624 69297853.9515386 -18976348.9181613
-0.1064 -7.43188066619112e-05 0.00442303402297155 -13.7827344828097 419.231348877676 69299595.5135491 -18976175.6991785
-0.10645 -0.00162531561408315 -0.00264890099779584 -13.7916567836414 419.207891438728 69296978.1375452 -18975810.7747653
-0.1065 0.00527513780395671 -0.000299305268889209 -13.7914630686876 419.18443399978 69299983.5506321 -18975454.5701711
-0.10655 -0.00382441930637752 -6.21239866357602e-05 -13.8007105998066 419.160976560833 69297477.5307351 -18975059.0190424
-0.1066 0.000932241173493681 0.00344290822514387 -13.8004485379682 419.137519121885 69300268.9915711 -18974664.8526439
-0.10665 -0.000360645034237733 -0.00453590628174476 -13.8100267329314 419.114061682937 69297035.5172066 -18974426.4255456
-0.1067 0.00292364105056637 0.00172205476086281 -13.8098305464381 419.090604243989 69299752.6676048 -18974101.4057185
-0.10675 -0.00435543233281358 0.000640587465246431 -13.8197155264211 419.067146805041 69296852.8123668 -18973730.8883286
-0.1068 0.00272346089784841 0.000933795719688571 -13.8199311323126 419.043689366093 69299134.2133055 -18973469.099858
-0.10685 0.000547484879884091 -0.00309206300392408 -13.8281953924504 419.020231927145 69297479.2597971 -18972989.4862154
-0.1069 -0.000687554653245046 0.00313073287048582 -13.8293141962712 418.996774488197 69299307.3007118 -18972680.4065534
-0.10695 -4.35937052506437e-05 -0.00146117730974692 -13.8362890880701 418.973317049249 69297654.111949 -18972451.4097196
-0.107 0.00191360068121435 -0.000327438791957803 -13.8406777087311 418.949859610301 69298449.7485034 -18972109.5983418
-0.10705 -0.00083676999455522 0.000967414378782179 -13.8449536777955 418.926402171353 69298043.2770015 -18971825.0845575
-0.1071 -0.00121198262882653 -2.85106919519363e-06 -13.8502670650431 418.902944732405 69297577.759517 -18971458.1815419
-0.10715 0.00238797497704024 1.31589175751998e-06 -13.8529824287168 418.879487293457 69298714.4310879 -18971049.9072227
-0.1072 -0.00151696681112707 -0.000405413429131275 -13.8611272826809 418.856029854509 69297201.5912036 -18970752.7034921
-0.10725 0.00247586116673521 0.00230440948634638 -13.861404701813 418.832572415561 69299190.5166786 -18970430.7583362
-0.1073 -0.00232099178848945 -0.00308074465215761 -13.8711163462796 418.809114976613 69296150.2871359 -18970067.8041618
-0.10735 0.00400744064486374 0.0019993927109631 -13.8689812449068 418.785657537665 69299849.1320503 -18969737.2015634
-0.1074 -0.0040368734700668 -0.00283761203570181 -13.8816716683026 418.762200098717 69295545.9642787 -18969388.7777248
-0.10745 0.00297786720930215 0.00379433720184949 -13.8784750336521 418.73874265977 69300231.7070337 -18968933.9335077
-0.1075 -0.00230871454878545 -0.00360231667138183 -13.890447585749 418.715285220822 69295751.9586309 -18968738.4453452
-0.10755 0.00394310751142025 0.00404985705226528 -13.8878537432719 418.691827781874 69300319.925408 -18968267.8831469
-0.1076 -0.00456878189612806 -0.00417436067894251 -13.9007731294383 418.668370342926 69295043.4007024 -18968001.5211379
-0.10765 0.00377852119601108 0.00371881792854614 -13.8963509297294 418.644912903978 69299807.0483604 -18967785.6720786
-0.1077 -0.0032129505493575 -0.00390795289605599 -13.9097149974375 418.62145546503 69294957.1189289 -18967441.3634932
-0.10775 0.00328748919168409 0.00470828076699128 -13.9060255275801 418.597998026082 69299969.5180054 -18966929.6549921
-0.1078 -0.00387650144714912 -0.00248931354309165 -13.9189688690012 418.574540587134 69295163.8657735 -18966756.4629281
-0.10785 0.00593882793172298 0.00196823845887332 -13.9156400296938 418.551083148186 69299919.7711312 -18966305.7220976
-0.1079 -0.00270166063814315 -0.0040454581597974 -13.9275025393051 418.527625709238 69295425.5504053 -18965980.1978351
-0.10795 0.000657368934556321 0.00550115805298036 -13.924966512025 418.50416827029 69299208.6792462 -18965727.4317079
-0.108 -0.00190819492990884 -0.00337104316887563 -13.9357734823082 418.480710831342 69295532.1066171 -18965424.5641327
-0.10805 0.00345385238024452 -0.000527945051914474 -13.9363532999593 418.457253392394 69298023.2993256 -18965029.437741
-0.1081 -0.00265350712496577 0.00075059846091338 -13.9442685600527 418.433795953446 69296401.9014492 -18964720.5064781
-0.10815 -0.000461606466255224 0.00231146249187759 -13.9460494332329 418.410338514498 69297881.7454218 -18964242.4328989
-0.1082 0.002327440041674 -0.00374578689669373 -13.9528481682203 418.38688107555 69296789.7001628 -18963921.4642084
-0.10825 -0.000262174497710399 0.000313802257404699 -13.9561968882592 418.363423636602 69297432.851114 -18963565.1474731
-0.1083 -0.00185797974675641 0.00275403626309708 -13.9603238097844 418.339966197654 69297225.7087581 -18963399.7169166
-0.10835 0.00052439274247101 -0.00179240051179705 -13.9664120206187 418.316508758707 69296231.6559592 -18963137.4299134
-0.1084 0.00230481135669803 -0.000312344130387175 -13.9691014695838 418.293051319759 69297550.1402041 -18962660.2771188
-0.10845 -0.00233081323100437 -0.00119356939519384 -13.9765097340336 418.269593880811 69295870.5256438 -18962304.8332107
-0.1085 -5.62564850783963e-05 0.00244635212508344 -13.977113837125 418.246136441863 69298093.8063177 -18961921.4588054
-0.10855 -0.000850751471683757 -0.00244054654822283 -13.9858938137368 418.222679002915 69296023.9519914 -18961573.0339529
-0.1086 0.00219008550526408 0.000321823938389834 -13.9875376780156 418.199221563967 69297812.2920205 -18961267.7284154
-0.10865 -0.00289941536668122 -0.000572293536001415 -13.9944307252503 418.175764125019 69296389.6314898 -18960859.0653311
-0.1087 0.000948753565722682 0.00060729647657629 -13.9967902202358 418.152306686071 69297758.5245506 -18960468.8831651
-0.10875 -0.000459973684634171 -0.00188822671084554 -14.0037627346445 418.128849247123 69296088.3909651 -18960289.8633015
-0.1088 0.000497905547832832 0.000792854300984482 -14.0066770750555 418.105391808175 69297195.2812789 -18959886.8957743
-0.10885 -0.00159436095360009 -0.00115114961307361 -14.0128190313676 418.081934369227 69296019.5574163 -18959548.0287045
-0.1089 0.000642808570039375 0.00116607381612233 -14.0152204029677 418.058476930279 69297620.8958388 -18959167.7001341
-0.10895 -0.000357604131575434 -0.00136993384347134 -14.0209626386076 418.035019491331 69296551.0624014 -18958854.3617926
-0.109 0.00020098310640152 0.000680535407860166 -14.024720165979 418.011562052383 69297186.7525109 -18958512.642819
-0.10905 -0.000719452728593167 -0.000292639768149422 -14.0299709996524 417.988104613435 69296762.2513983 -18958183.1133131
-0.1091 8.33157345502925e-05 -0.000459300656093808 -14.0336658423699 417.964647174487 69296785.5003771 -18957911.3189618
-0.10915 2.84841084889744e-06 -0.000506111012112389 -14.038745018113 417.941189735539 69296676.6267662 -18957580.9219043
-0.1092 -0.000516629652165276 0.000711649816797748 -14.0430775017394 417.917732296591 69297272.593946 -18957049.2182328
-0.10925 -4.77979905224782e-05 -0.0005754297054361 -14.0486957510671 417.894274857643 69296844.1191592 -18956740.1128832
-0.1093 -0.000144728296443094 0.000570780866098827 -14.0524933692682 417.870817418696 69296964.1187314 -18956453.1238531
-0.10935 0.000299863209556744 -0.000152128580010591 -14.0577010390981 417.847359979748 69296462.9831613 -18956262.5314266
-0.1094 0.00130209699458599 0.000594755375515237 -14.0613355273799 417.8239025408 69296898.5258859 -18955904.7731817
-0.10945 -0.000926642736305154 0.00052113339824692 -14.0661528491852 417.800445101852 69296552.6800103 -18955529.2536344
-0.1095 0.00146287711079089 -0.000727474933750739 -14.0702529959218 417.776987662904 69297086.6369936 -18955087.1673395
-0.10955 -0.00124164198003172 0.000440015532235404 -14.075743142397 417.753530223956 69296619.3398666 -18954716.972009
-0.1096 0.000620310940240038 0.00155526566343979 -14.078833197164 417.730072785008 69297774.8293106 -18954317.8881589
-0.10965 0.000711041609069042 -0.00163473261137532 -14.0850247056297 417.70661534606 69296760.9214429 -18953993.4529069
-0.1097 0.00133949708963884 7.61884133803645e-05 -14.0874763003788 417.683157907112 69297565.2295223 -18953725.5518575
-0.10975 -0.00152099882853567 -4.68571295297604e-05 -14.0942416546447 417.659700468164 69296346.7216238 -18953448.1584963
-0.1098 0.000426103295416574 0.00179645796819791 -14.0967241045922 417.636243029216 69297374.392418 -18953050.4596277
-0.10985 -0.000193341217646831 -0.0018245799541687 -14.1037969663789 417.612785590268 69296152.13339 -18952723.5451758
-0.1099 0.00140535103089341 0.00141419099622885 -14.1057620200957 417.58932815132 69297893.7174688 -18952305.0559741
-0.10995 -0.00174501774451909 0.000528907207568798 -14.1115585027113 417.565870712372 69296669.1851134 -18952043.018917
-0.11 0.00172951171219948 -0.000570107881250155 -14.1149561061063 417.542413273424 69297575.4018097 -18951598.6551303
-0.11005 0.000953095157281019 -0.00118971208395569 -14.1206357170103 417.518955834476 69296888.7306218 -18951274.1765208
-0.1101 -0.00280192757179729 0.00246803050218274 -14.1249104187732 417.495498395528 69296625.8778956 -18951028.531438
-0.11015 0.00144089312413522 0.00041072910536906 -14.1282777902951 417.47204095658 69297251.0318592 -18950714.3006228
-0.1102 0.00049170707434738 -0.00301854985939469 -14.135336964479 417.448583517633 69296205.3252194 -18950253.2567456
-0.11025 0.000767202524014135 0.002100473474888 -14.13614707014 417.425126078685 69298233.2099483 -18949919.4154391
-0.1103 -0.00253456849172739 -0.000668521660642282 -14.1441969341738 417.401668639737 69296178.4683455 -18949570.5853726
-0.11035 0.00350761478366515 1.99909436646201e-05 -14.1447407422058 417.378211200789 69298118.6339533 -18949257.6784258
-0.1104 -0.00182968657600437 -0.00301110992411956 -14.1543558519727 417.354753761841 69295386.9707411 -18948899.6522529
-0.11045 0.000675208362254169 0.00370687890286256 -14.1531563884958 417.331296322893 69298433.1285053 -18948572.6809768
-0.1105 -0.00256638940821559 -0.00244143900787822 -14.1634109168774 417.307838883945 69295401.3793759 -18948187.5634183
-0.11055 0.00437633681722283 0.00100617530620898 -14.1629210071459 417.284381444997 69298759.2151609 -18947808.1595037
-0.1106 -0.00387141086545931 -0.00216093511262909 -14.1726234834557 417.260924006049 69295443.1609582 -18947455.066075
-0.11065 0.00195069660724981 0.00454450251824333 -14.1708206895461 417.237466567101 69299376.9661967 -18947067.044654
-0.1107 -0.0022226704610125 -0.00308476904962069 -14.1819370981084 417.214009128153 69295569.1068487 -18946731.9068386
-0.11075 0.00371649118067602 0.00114486211087103 -14.1799556280822 417.190551689205 69298733.8648757 -18946493.6445761
-0.1108 -0.00326386566674443 -0.00188338574335917 -14.1897293616713 417.167094250257 69295534.6866063 -18946157.8013754
-0.11085 0.000259456943914742 0.00324271794186476 -14.189779171058 417.143636811309 69298155.9790388 -18945853.3949066
-0.1109 -0.0006539393882424 -0.00214043706948108 -14.1974050466497 417.120179372361 69296450.5067312 -18945450.0220925
-0.11095 0.0028897290266918 0.000317432485680456 -14.198667766841 417.096721933413 69298529.1337162 -18945057.6917475
-0.111 -0.00150524146266517 0.000994447891551732 -14.2060257037285 417.073264494465 69296919.1185539 -18944730.1039979
-0.11105 0.000297966294286816 0.00067475461436999 -14.209195150574 417.049807055517 69297261.4836952 -18944478.9531167
-0.1111 0.00210595077788543 -0.00177103085067442 -14.2134815132618 417.02634961657 69297178.731682 -18944181.9902228
-0.11115 -0.0019856749620729 0.000195015427442949 -14.2192705918731 417.002892177622 69296743.9222827 -18943748.4101519
-0.1112 8.57323584289875e-05 0.0018980217402373 -14.2217607495721 416.979434738674 69298152.5819935 -18943313.539805
-0.11125 -0.000160606359308311 -0.00279270160822712 -14.2286367245747 416.955977299726 69296606.8889868 -18943023.3628892
-0.1113 0.00194004321799091 0.0014129244726202 -14.2300340876026 416.932519860778 69298575.1241703 -18942610.5576155
-0.11135 -0.00254144582169947 -0.00105460080703513 -14.2387826788192 416.90906242183 69295771.9906311 -18942439.8157312
-0.1114 0.00329408873735412 0.00256406402284306 -14.2377528919076 416.885604982882 69298626.6126005 -18942106.2550688
-0.11145 -0.002331212384113 -0.00395917377038877 -14.2483795932703 416.862147543934 69295341.2941045 -18941642.9637485
-0.1115 0.00355893096911572 0.00361358656646806 -14.245230596462 416.838690104986 69299839.9230629 -18941292.7605106
-0.11155 -0.00357675414497765 -0.00369336125522523 -14.2584604758138 416.815232666038 69295110.8894613 -18940987.0689644
-0.1116 0.00440937566371181 0.00529430644552105 -14.2539442086393 416.79177522709 69300271.0544263 -18940673.0843831
-0.11165 -0.00343490695141519 -0.00537435800532136 -14.2685270381251 416.768317788142 69294410.8269656 -18940254.9593925
-0.1117 0.00471824292008891 0.00486177306730575 -14.2622501488232 416.744860349194 69299988.1825919 -18940013.6448766
-0.11175 -0.00587087321246734 -0.00330366724143267 -14.2776853368574 416.721402910246 69294094.7490944 -18939690.546097
-0.1118 0.00538406484846924 0.00379462267146157 -14.2716988555787 416.697945471298 69300490.3969223 -18939161.2023567
-0.11185 -0.00326079403012052 -0.00578141843932896 -14.2858148094462 416.67448803235 69294737.9795626 -18938817.4840643
-0.1119 0.00409761195770503 0.0051538987646652 -14.2794101113655 416.651030593402 69300675.6292463 -18938495.8715864
-0.11195 -0.00631072560964994 -0.00199242599255716 -14.29397932685 416.627573154454 69295174.4192803 -18938075.329506
-0.112 0.00478411791512122 0.00203806725399547 -14.2898054508851 416.604115715507 69300124.0001604 -18937714.2328135
-0.11205 -0.000334324820831396 -0.00450009536494547 -14.3007412122525 416.580658276559 69296025.4085937 -18937521.4330252
-0.1121 -0.00188450228426721 0.0054526821169359 -14.3008298923077 416.557200837611 69298606.862538 -18937144.4402117
-0.11215 -0.00112752322924135 -0.000948438365223648 -14.3083595903864 416.533743398663 69297078.5478905 -18936769.6200693
-0.1122 0.00272141469800842 -0.00269190403794404 -14.310418094733 416.510285959715 69298161.6200235 -18936421.7968222
-0.11225 -0.000413285058408045 0.000963909404235367 -14.3146652619137 416.486828520767 69298412.0344329 -18936015.3856517
-0.1123 -0.00329421631125583 0.000150876092697088 -14.3212618661472 416.463371081819 69297099.0231271 -18935627.506952
-0.11235 0.0027483809452844 0.000163055558784407 -14.3226924680429 416.439913642871 69298830.433488 -18935371.8066301
-0.1124 -0.00146509441958276 -0.00316047992235215 -14.3315134956366 416.416456203923 69296238.1867237 -18935073.6416948
-0.11245 0.0014973400540188 0.0035372030008554 -14.3302464354162 416.392998764975 69299483.7803942 -18934659.9859277
-0.1125 -0.0036472548235041 -0.00315865643567219 -14.3410118338541 416.369541326027 69296205.3294074 -18934213.0764472
-0.11255 0.00332266560956073 0.00178398196495263 -14.3388320773725 416.346083887079 69300084.0954723 -18933891.205101
-0.1126 -0.00312347004663975 -0.00254360185679776 -14.3486554311943 416.322626448131 69296542.5458831 -18933583.7089837
-0.11265 0.00211147603498069 0.00227005818267357 -14.3469168256756 416.299169009183 69299956.7161591 -18933250.0813681
-0.1127 -0.002574253985267 -0.00330998024618484 -14.3581119656602 416.275711570235 69296135.8452705 -18933004.5541922
-0.11275 0.00283336140677534 0.00198585451258558 -14.3564022420107 416.252254131287 69299706.0465985 -18932614.0481612
-0.1128 -0.00205507140748231 -0.0031033544485096 -14.3660402660689 416.228796692339 69297299.6953454 -18932072.9080892
-0.11285 0.000618942866052872 0.00342109910112649 -14.3651706875188 416.205339253391 69300175.1103529 -18931765.0206163
-0.1129 -0.00220922395837307 -0.0021010378821365 -14.3741124934363 416.181881814443 69297330.0045215 -18931510.3817642
-0.11295 0.00339011191317962 -0.000182583654967506 -14.3746927006658 416.158424375496 69299679.4062066 -18931097.2653396
-0.113 -0.00338121341186468 -0.000132390182986351 -14.3832213061871 416.134966936548 69297271.6738301 -18930878.0534729
-0.11305 0.00185225448594287 0.00206100880526346 -14.3836693504748 416.1115094976 69299891.3657659 -18930424.8650358
-0.1131 0.000215825872075422 -0.00292620980722281 -14.3903741454583 416.088052058652 69298290.494859 -18930014.3190069
-0.11315 0.000216115871211697 0.00181391923445083 -14.3923694113249 416.064594619704 69299741.4093513 -18929723.5307398
-0.1132 -0.00161252721862639 0.000647270103790317 -14.3988725519022 416.041137180756 69298529.5829255 -18929399.6777534
-0.11325 0.00190113581194683 -0.000710126869375632 -14.4020407416496 416.017679741808 69299216.0557999 -18929009.1091576
-0.1133 -0.000468980354163497 -0.000783063098931083 -14.4071737665218 415.99422230286 69298655.5053888 -18928669.7290849
-0.11335 -0.00265748159714806 0.00208169627051825 -14.4106174432142 415.970764863912 69299333.9798283 -18928240.5648811
-0.1134 0.00261157390990443 -0.00150777892670565 -14.4148175580285 415.947307424964 69299417.5400131 -18928022.0333421
-0.11345 0.00016943341165542 -0.00064413674461332 -14.4192909078513 415.923849986016 69299242.9360869 -18927625.288794
-0.1135 -0.0024990892515075 0.00260603588919991 -14.4242452807502 415.900392547068 69299446.5112041 -18927214.7178631
-0.11355 -0.000365643070848914 -0.00104368593161384 -14.4293067899924 415.87693510812 69299155.350407 -18926802.5765241
-0.1136 0.00366625057769349 -0.00147655350036525 -14.4318795581007 415.853477669172 69300470.380674 -18926454.2219471
-0.11365 -0.00311952459722795 0.000502270746653215 -14.4384679847537 415.830020230224 69298964.446282 -18926179.3941207
-0.1137 0.000714223463279018 0.00205992976423215 -14.439270460713 415.806562791276 69300565.018138 -18925822.9866465
-0.11375 -0.000456839883233179 -0.00352610950965062 -14.4477226125131 415.783105352328 69298314.5385106 -18925488.2979212
-0.1138 0.0015446133674886 0.00292447898268062 -14.4473556994931 415.75964791338 69301205.8216375 -18925089.5562109
-0.11385 -0.00330153185939574 -0.00226598834919494 -14.4570397735499 415.736190474433 69298166.5973077 -18924734.8469087
-0.1139 0.00284817921573581 0.00266127825920226 -14.4547742921916 415.712733035485 69301950.1191468 -18924345.9436084
-0.11395 -0.00303672934311555 -0.00273874566238093 -14.4658211359115 415.689275596537 69298564.1788909 -18923890.6807396
-0.114 0.00300706504411758 0.00223728707042051 -14.4640153707774 415.665818157589 69301712.7162525 -18923676.4385426
-0.11405 -0.0024173899158209 -0.00216640681948193 -14.4743981047497 415.642360718641 69298345.7665799 -18923403.477004
-0.1141 0.0029616369740009 0.00228249876833861 -14.4721827840711 415.618903279693 69302082.9517217 -18922963.1148696
-0.11415 -0.00260244350506371 -0.00213387005763048 -14.4827082613665 415.595445840745 69298634.1767764 -18922631.717877
-0.1142 0.00217479885960223 0.0014797460079941 -14.4814518006641 415.571988401797 69301613.4528217 -18922297.5322438
-0.11425 -0.0015623145544564 -9.68828626719982e-05 -14.4891818952576 415.548530962849 69300122.9403228 -18921874.5760214
-0.1143 4.85382768252815e-05 0.00104038141900356 -14.4915509337603 415.525073523901 69301031.0430315 -18921523.5166755
-0.11435 0.00157410696642783 -0.00204978996719781 -14.4968643217824 415.501616084953 69300430.2669708 -18921289.8577998
-0.1144 -0.00131056061564202 -0.000475425143105464 -14.5023293594478 415.478158646005 69299917.0627975 -18920858.9990961
-0.11445 -0.000149373076010321 0.00251304300453309 -14.5039070821138 415.454701207057 69301429.4272022 -18920520.6725653
-0.1145 0.000258137964873942 -0.00205973648692393 -14.5107559371191 415.431243768109 69299928.3394373 -18920285.9348968
-0.11455 0.00348475936500286 0.0017222301556702 -14.5104644017791 415.407786329161 69302814.0855573 -18919783.7920868
-0.1146 -0.00456468848211352 -0.00220928866732854 -14.5216384559831 415.384328890213 69299024.3840789 -18919423.9038455
-0.11465 0.00424639226504245 0.00462893009694029 -14.5175054302475 415.360871451265 69303262.0790797 -18919236.4850833
-0.1147 -0.00353666774288002 -0.00609361838631346 -14.5321715076241 415.337414012317 69297472.4500559 -18918853.9276858
-0.11475 0.00572441133397375 0.00630149194566393 -14.5238674103823 415.31395657337 69305050.5861856 -18918393.5877436
-0.1148 -0.00719774779928602 -0.00600466892952758 -14.5425440372974 415.290499134422 69296920.4559756 -18918084.6143429
-0.11485 0.00647423190520184 0.00733226831321499 -14.5309419264301 415.267041695474 69305943.1026047 -18917630.720391
-0.1149 -0.00650186966017184 -0.00787666621234188 -14.5519833298392 415.243584256526 69297001.369439 -18917248.1998783
-0.11495 0.00741139896969296 0.00623582922572211 -14.5397967078692 415.220126817578 69306162.8000623 -18916869.1851592
-0.115 -0.00654873041626424 -0.00585396702635308 -14.5596887831181 415.19666937863 69297210.5931811 -18916685.5606915
-0.11505 0.00547924292827766 0.00622889630696194 -14.5495170215245 415.173211939682 69305204.3856872 -18916260.1234254
-0.1151 -0.00404125093534391 -0.00630867612419703 -14.5665088381203 415.149754500734 69298509.4601235 -18915837.7807262
-0.11515 0.00390338920365227 0.00391161046063618 -14.5595063017534 415.126297061786 69304557.4593585 -18915522.7297907
-0.1152 -0.00421313927709498 -0.0023721262969605 -14.5720581357216 415.102839622838 69300131.009522 -18915093.106615
-0.11525 0.00277577497501377 0.000401905921305926 -14.5706850477484 415.07938218389 69303342.9294283 -18914694.4338815
-0.1153 -0.00115729510045191 -0.00199104068102055 -14.5781527527167 415.055924744942 69301325.2247078 -18914459.2196499
-0.11535 -0.000394860218716827 0.00143759402691136 -14.5805192442559 415.032467305994 69302112.2761046 -18914240.8972546
-0.1154 -0.00131444917470277 0.000448747691522935 -14.5862183533941 415.009009867046 69301640.5566072 -18913837.3432325
-0.11545 0.00145833606730528 -0.00218898107719058 -14.5902766381547 414.985552428098 69302222.9096816 -18913369.0277844
-0.1155 -0.000127910299543391 0.00131633956530179 -14.5928501112467 414.96209498915 69302904.3651609 -18912964.5524958
-0.11555 -0.00263675591306098 0.000455549397615399 -14.599721298043 414.938637550202 69301858.7976259 -18912683.7247277
-0.1156 0.00379664475263242 -7.02656404512571e-06 -14.5995071014235 414.915180111254 69304217.0555436 -18912285.546012
-0.11565 -0.00237787610546411 -0.00135255921167415 -14.6094558241626 414.891722672307 69301365.6114199 -18911959.8363791
-0.1157 0.000473142271178375 0.00462184217505921 -14.6083288103816 414.868265233359 69304355.0009913 -18911625.636099
-0.11575 -0.00107793808100033 -0.00402068124721656 -14.6176554112742 414.844807794411 69301203.1767831 -18911300.8814992
-0.1158 0.00360267727331119 0.00104522079708246 -14.6155820194594 414.821350355463 69304612.0597038 -18911015.5131351
-0.11585 -0.00479979672405313 -0.000662531914522809 -14.6256278579434 414.797892916515 69301729.493012 -18910453.3967597
-0.1159 0.00241322506881385 0.00300826911252714 -14.6237013194461 414.774435477567 69305376.1817217 -18910090.8723636
-0.11595 -0.000943979988866912 -0.00449514287083224 -14.6336757812355 414.750978038619 69302131.6406784 -18909724.4954505
-0.116 0.00141683846423009 0.00282369734287097 -14.6330216079695 414.727520599671 69304765.4724609 -18909471.279377
-0.11605 -0.00303607121717745 -0.00113584381732181 -14.6420159801534 414.704063160723 69302156.4534444 -18909124.2156098
-0.1161 0.0022315878642332 0.0010437996848141 -14.6418200522988 414.680605721775 69304537.1527218 -18908830.2828114
-0.11615 -0.000501273981651072 -0.00324294501521859 -14.6501898258516 414.657148282827 69302811.3236411 -18908299.3051
-0.1162 0.00103420610912645 0.0015141577181336 -14.6502550442554 414.633690843879 69305043.5929056 -18907933.7285454
-0.11625 -0.00264821528801099 -3.12093288912287e-05 -14.6570422945661 414.610233404931 69303678.4245021 -18907540.7315785
-0.1163 0.000525792337822693 0.00030891100306042 -14.6594831324747 414.586775965983 69304553.2392392 -18907293.0524956
-0.11635 0.000345295409033138 -0.000633644420186238 -14.6645226967438 414.563318527035 69304052.4962505 -18906947.2022354
-0.1164 -4.28847398764055e-05 -0.000758061587845962 -14.6690734975545 414.539861088087 69304088.7441609 -18906632.5195053
-0.11645 -0.00174254170357914 0.0014487714125027 -14.6715819214385 414.516403649139 69305023.0511597 -18906099.4644888
-0.1165 -0.000403161828163146 -0.000486167032582596 -14.6766874737641 414.492946210191 69304785.391907 -18905778.4646558
-0.11655 0.00274019518730019 -0.00193715546456204 -14.6799772385467 414.469488771244 69305409.1156637 -18905431.1961379
-0.1166 -0.00266537901936859 0.000729838940006562 -14.685652111799 414.446031332296 69304388.2827676 -18905026.5866138
-0.11665 -0.00026313256919717 0.00180410244489818 -14.688200732088 414.422573893348 69305453.1244877 -18904749.7094219
-0.1167 0.001218950125158 -0.00348948847876806 -14.6938891235758 414.3991164544 69304548.4147621 -18904328.5774257
-0.11675 0.00091990778167085 0.00154302197909272 -14.6957769184943 414.375659015452 69306354.2078487 -18903934.3770236
-0.1168 -0.00338433502022683 0.000940033961741058 -14.7020355054374 414.352201576504 69305023.6148289 -18903580.6277292
-0.11685 0.00262186748346719 0.000892235893552553 -14.7033116369589 414.328744137556 69306639.903888 -18903316.9753762
-0.1169 0.000157815414645935 -0.00270590352891159 -14.7116553438236 414.305286698608 69304488.7896511 -18902975.4321116
-0.11695 0.000241788034831339 0.00316889736984408 -14.7113600187371 414.28182925966 69306793.4810418 -18902611.8138936
-0.117 -0.00151775761780575 -0.00171530176937382 -14.7190926951269 414.258371820712 69305118.3304065 -18902175.5444525
-0.11705 0.0031211867478652 0.00196113603984076 -14.7191874771462 414.234914381764 69307841.8236595 -18901783.9270912
-0.1171 -0.00187395401742434 -0.00229694866470163 -14.7280400651109 414.211456942816 69304957.5944579 -18901459.8846178
-0.11715 0.0018203886060208 0.00279954859294988 -14.7269784140485 414.187999503868 69307885.3368613 -18901165.5732099
-0.1172 -0.00184061339924664 -0.00142238167970743 -14.7372586430084 414.16454206492 69304974.5895002 -18900810.8443419
-0.11725 0.00145927842758073 0.00263234953199358 -14.7355706949821 414.141084625972 69307808.6636535 -18900409.1484457
-0.1173 -0.000754621826396534 -0.00353549638024849 -14.7441211893587 414.117627187024 69305686.7422486 -18899969.6149864
-0.11735 0.00157514255917971 0.00155957320633076 -14.7444106461711 414.094169748076 69308096.3660152 -18899578.3955314
-0.1174 -0.00425666943957736 0.00110506751687454 -14.7515007759687 414.070712309128 69306102.4335607 -18899298.0903586
-0.11745 0.00291786896660375 0.000490011054669502 -14.7528434438186 414.04725487018 69308041.1452232 -18898967.459781
-0.1175 0.0016284878195994 -0.00281450770860847 -14.7594758292467 414.023797431233 69306810.6434594 -18898593.783903
-0.11755 -0.00228350513709997 0.00281093513420745 -14.7625406334549 414.000339992285 69307452.6267843 -18898213.8548522
-0.1176 -0.0013887564216565 0.00240102820766807 -14.7665869455189 413.976882553337 69307740.3471318 -18897796.9956494
-0.11765 0.00373238297568933 -0.00465594097559129 -14.7718490536377 413.953425114389 69307362.0147656 -18897432.0588298
-0.1177 0.000681142785865985 0.00224389159542934 -14.7734281520684 413.929967675441 69308645.3736284 -18897099.9184256
-0.11775 -0.00618604249762854 0.00304886040975513 -14.7813072233961 413.906510236493 69306618.7242809 -18896785.2686512
-0.1178 0.00620515429844794 -0.0019185639035748 -14.7819261675561 413.883052797545 69308882.2050412 -18896414.7789933
-0.11785 -0.000593321571059489 -0.00516205734866327 -14.790632500835 413.859595358597 69305960.8945522 -18896107.0945939
-0.1179 -0.00128528754847804 0.00797046326537776 -14.7877435326095 413.836137919649 69310469.9728814 -18895535.1170559
-0.11795 -0.00223998230399199 -0.00382268031870093 -14.7999496445399 413.812680480701 69306325.5033524 -18895311.2142981
-0.118 0.00724074680085066 -0.00014052323327932 -14.7947545541489 413.789223041753 69310925.3199081 -18894894.2577865
-0.11805 -0.00635088742040233 -0.00138051511660789 -14.8064227116778 413.765765602805 69306139.1923969 -18894573.0102232
-0.1181 0.00156225127874178 0.00470060090177039 -14.8042015527145 413.742308163857 69310536.6042699 -18894260.3211841
-0.11815 0.000548738816246238 -0.00528695236762105 -14.8148862095877 413.718850724909 69307036.8544676 -18893954.158686
-0.1182 0.00223639406763663 0.00334944646483326 -14.8123064377015 413.695393285961 69310961.9072676 -18893452.5400765
-0.11825 -0.00411564224935572 0.000387475764408416 -14.8222950726591 413.671935847013 69307995.3738316 -18893077.7718467
-0.1183 0.00244270261870919 0.00128904400792481 -14.8213480286529 413.648478408065 69310709.7615816 -18892743.7301571
-0.11835 -0.00100649340366037 -0.00284699892173525 -14.8296594213652 413.625020969117 69307993.3928882 -18892477.8634677
-0.1184 8.64930680722577e-05 0.00317618651425704 -14.8292890576175 413.60156353017 69310469.8235537 -18892097.203454
-0.11845 -0.00144847806951022 -0.00199154233606513 -14.8375182331732 413.578106091222 69308601.39824 -18891661.7651637
-0.1185 0.00136913981159786 0.000501419083581164 -14.8379400257184 413.554648652274 69310639.1921884 -18891256.6903229
-0.11855 -0.00118410735645307 -0.000675965727309103 -14.8441205083361 413.531191213326 69309700.9017932 -18890859.8414883
-0.1186 0.000902441414003752 -0.000376529152452232 -14.8475272150146 413.507733774378 69310420.7236254 -18890497.3992601
-0.11865 -0.00063590695073759 0.00177991815577379 -14.8513926620224 413.48427633543 69310831.8108135 -18890126.0000425
-0.1187 0.000136973102811504 -0.000914792234196803 -14.8558567029236 413.460818896482 69310339.2768228 -18889832.996039
-0.11875 -6.75493769472646e-05 0.000883410107090746 -14.8583081359554 413.437361457534 69311142.5936429 -18889457.3793782
-0.1188 -0.00135070827272298 -0.00126712439882549 -14.8655237686797 413.413904018586 69309752.075977 -18889167.7222597
-0.11885 0.00110368735896889 0.00138599505374173 -14.865406072615 413.390446579638 69312042.3587365 -18888661.5678915
-0.1189 -0.000544602977380697 -0.00245387700418054 -14.8725996891163 413.36698914069 69310521.3676936 -18888289.9661659
-0.11895 0.00123225179935829 0.0025415127890588 -14.8734744908662 413.343531701742 69312570.725202 -18887869.944059
-0.119 -0.00421798815379088 -0.000432302397554406 -14.88168896117 413.320074262794 69310098.5243362 -18887643.7694111
-0.11905 0.00399052597374991 -0.000202913502970619 -14.8805099145452 413.296616823846 69312872.9591928 -18887245.2395394
-0.1191 -0.000283968197131432 -0.00494454592451891 -14.8907426596538 413.273159384898 69309686.307912 -18886954.3738542
-0.11915 -0.00112397769180971 0.00675501104104792 -14.8880006707318 413.24970194595 69313712.4361865 -18886580.6725154
-0.1192 -0.00313039969049492 -0.00161823505200683 -14.8981358869771 413.226244507002 69310593.8229561 -18886079.9477117
-0.11925 0.00609442501151769 -0.00204118200832382 -14.8964415875999 413.202787068054 69313959.5696234 -18885670.289355
-0.1193 -0.00310469137112258 -0.000532992747799994 -14.9043610392505 413.179329629107 69311442.4458174 -18885412.7012425
-0.11935 -0.00259982328231585 0.00501122945695358 -14.9050397476435 413.155872190159 69313377.3462447 -18885033.8843859
-0.1194 0.00199009128153722 -0.0048882477991017 -14.91320811263 413.132414751211 69311375.9480715 -18884719.8805448
-0.11945 0.00272956203416879 -0.000255170573713747 -14.9140097054127 413.108957312263 69313348.2847329 -18884387.2214105
-0.1195 -0.00455979448523628 0.00401441620137853 -14.9189219299512 413.085499873315 69312877.4866085 -18883931.0287105
-0.11955 0.0020075309185284 -0.0014848393781348 -14.9231454942909 413.062042434367 69313282.0363311 -18883534.968763
-0.1196 0.00256688011959145 -0.00226835289346433 -14.9259418600811 413.038584995419 69313850.3028446 -18883116.3098621
-0.11965 -0.00348140940096916 0.00169972193345944 -14.9320126099759 413.015127556471 69313243.2702382 -18882691.7669228
-0.1197 -0.000371234610206418 0.000921968802419366 -14.9346341665118 412.991670117523 69313961.0632936 -18882435.9419737
-0.11975 0.00215451138403539 -0.00316482384371862 -14.9400790299887 412.968212678575 69313316.575737 -18882117.1570775
-0.1198 -0.000624239642012964 0.00111698978754559 -14.9419016913685 412.944755239627 69314050.3130656 -18881794.9951513
-0.11985 -0.000769202645066801 0.00131460586050387 -14.9465559805042 412.921297800679 69314396.1410317 -18881356.0622049
-0.1199 0.000983366261877676 -0.00165042287630636 -14.9508080131809 412.897840361731 69314472.8569892 -18880858.9931054
-0.11995 0.000420515505084658 -0.000677574617292984 -14.9543874390369 412.874382922783 69314646.7239191 -18880573.7613276
-0.12 -0.000829635708491887 0.000536390771169086 -14.9581157556794 412.850925483835 69314757.776596 -18880232.9790562
-0.12005 -0.000176372550715651 1.97902808401365e-06 -14.961982241596 412.827468044887 69314679.4244153 -18879940.1365594
-0.1201 7.03671223623992e-05 -0.000982130632136489 -14.9656946849228 412.804010605939 69314737.8053301 -18879544.6210548
-0.12015 -6.72142673027791e-05 -0.000593785640088244 -14.9701491760364 412.780553166991 69315101.9628231 -18879098.0043859
-0.1202 -0.000735760979901798 0.00042747192892881 -14.9734437429931 412.757095728044 69315745.5477842 -18878659.9391717
-0.12025 -0.000466211243490535 0.000167163683057396 -14.9774828257648 412.733638289096 69315824.9536787 -18878350.0949455
-0.1203 0.000826965071301177 -0.000706108442813539 -14.9816551741708 412.710180850148 69315923.7439187 -18878016.7558628
-0.12035 0.00011282021096516 -0.000132300315862351 -14.9853060919746 412.6867234112 69316073.882215 -18877619.8234476
-0.1204 -0.00112073542128571 -0.000407324925559637 -14.9903022370228 412.663265972252 69315456.7003376 -18877298.3560341
-0.12045 -0.000664504969647725 0.000572365440224803 -14.9931248626667 412.639808533304 69316341.1194275 -18876896.6239738
-0.1205 0.0015418571364714 -0.00167349305937461 -14.9977284283297 412.616351094356 69316543.5125376 -18876473.1764654
-0.12055 0.000188397318685829 -0.000245037913441753 -15.0015120592496 412.592893655408 69316863.9744409 -18876078.8256243
-0.1206 -0.000964627215605553 0.00172321546451945 -15.004239348893 412.56943621646 69317451.967653 -18875712.1861526
-0.12065 -0.000308184429034121 -0.00146566055789309 -15.0091136383576 412.545978777512 69316707.0633702 -18875446.9507961
-0.1207 0.0020673758163088 -0.000959483295485959 -15.0120701981324 412.522521338564 69317439.7338551 -18875120.7291931
-0.12075 -0.0024001776472297 0.000814865143049474 -15.0174921855962 412.499063899616 69316821.7516783 -18874713.4623378
-0.1208 -0.000246768671275457 0.00192462638105559 -15.0195686061188 412.475606460668 69318617.9423806 -18874179.0724053
-0.12085 0.000379054861980186 -0.00360210743933776 -15.026018286825 412.45214902172 69317094.4646657 -18873885.8065867
-0.1209 0.00159213021508641 0.000981354861093409 -15.0257716011895 412.428691582772 69319247.0970862 -18873496.6490951
-0.12095 -0.00413114685147654 0.000314179434377254 -15.0337996237229 412.405234143824 69317181.1903252 -18873135.1584634
-0.121 0.00193381228538684 0.00187944829981859 -15.0337670745295 412.381776704876 69319482.4224727 -18872881.9514194
-0.12105 0.00104195842247698 -0.00305609432409026 -15.0420474338963 412.358319265928 69317401.4050774 -18872557.2266218
-0.1211 0.00204591453784467 0.000694589498607538 -15.0422376310599 412.334861826981 69319884.3536643 -18871993.740427
-0.12115 -0.00348047642088893 0.00120462435610809 -15.0477950763522 412.311404388033 69318389.6191883 -18871681.4050698
-0.1212 0.00225151561335563 -5.53472270803502e-05 -15.050165784706 412.287946949085 69319847.2400607 -18871315.6628908
-0.12125 0.00222154013652841 -0.00235039758637701 -15.0551627198996 412.264489510137 69319321.9486887 -18870970.5353847
-0.1213 -0.00120687995252376 0.00153526812193363 -15.0586513015258 412.241032071189 69319565.7967168 -18870637.3633604
-0.12135 -0.00213269298869992 0.00238171157223068 -15.0625382441399 412.217574632241 69319866.3922587 -18870230.4394991
-0.1214 0.00162851057244275 -0.00247433621677003 -15.0671084427048 412.194117193293 69319991.3064759 -18869757.297303
-0.12145 0.00122472795220581 -0.000798095308212108 -15.0707394923993 412.170659754345 69320580.3262299 -18869315.0148748
-0.1215 -0.00229456766230971 0.000448798575919282 -15.0753906395475 412.147202315397 69319847.0190173 -18869005.3787344
-0.12155 0.000412599934396003 0.00188879365131057 -15.0769768516428 412.123744876449 69321204.0963122 -18868739.2616552
-0.1216 0.000516489777404245 -0.00347593192234773 -15.0846360533342 412.100287437501 69319541.1722456 -18868339.2364217
-0.12165 0.00193971959257739 0.000931813757593238 -15.0845912604429 412.076829998553 69321832.8625206 -18867945.9209748
-0.1217 -0.00292131814017932 0.00174589915095689 -15.0903600360416 412.053372559605 69320829.1811497 -18867575.4287679
-0.12175 0.00118951954044666 0.00105570786327396 -15.0923836577323 412.029915120657 69322068.0668984 -18867197.3046584
-0.1218 0.00110029184363741 -0.00266467380925184 -15.0984566421356 412.006457681709 69320849.3473346 -18866838.0061359
-0.12185 2.96019155611833e-05 0.00199678389035206 -15.1003647726506 411.983000242761 69322089.5022693 -18866513.2332115
-0.1219 -0.0016283111554405 5.49129940299451e-05 -15.1060492594619 411.959542803813 69321347.9942707 -18866077.0595837
-0.12195 0.00297077844301487 -0.00015149889474946 -15.106732910077 411.936085364865 69323213.6278365 -18865676.3402379
-0.122 -0.000415500364975625 -0.0016223335735843 -15.1138922522024 411.912627925917 69321962.2773619 -18865176.4488952
-0.12205 -0.00158604262097158 0.00298714711919732 -15.1165983046674 411.88917048697 69323166.9631576 -18864836.2899259
-0.1221 -0.000264313006126906 -0.00113297271249779 -15.1209647817432 411.865713048022 69322260.2426643 -18864701.4481205
-0.12215 0.00277369512063257 -0.00182351626909991 -15.1227760516339 411.842255609074 69323414.3627302 -18864232.193624
-0.1222 -0.00263119040540806 0.000968866697636785 -15.1295079506181 411.818798170126 69322684.425902 -18863788.619669
-0.12225 0.000293977161068394 0.000837695113517426 -15.1303423571111 411.795340731178 69323903.4891676 -18863524.3804842
-0.1223 0.0002997765521064 -0.00212048844932486 -15.1359945741293 411.77188329223 69323207.3232546 -18863078.3038897
-0.12235 -1.64421130736093e-05 -0.000162458764831324 -15.1385561066725 411.748425853282 69324142.5140906 -18862636.1503585
-0.1224 -0.00119473495490315 -0.000314730388623996 -15.1435234437679 411.724968414334 69323826.0939144 -18862301.8341349
-0.12245 0.00125332027911287 -0.00105451332624668 -15.1458246242609 411.701510975386 69324905.8410933 -18861858.5611215
-0.1225 -0.000173648984302239 0.00071764206329933 -15.1493210117739 411.678053536438 69325019.4301691 -18861535.1589079
-0.12255 -0.00249809662956582 0.000915922631538958 -15.1541135078318 411.65459609749 69324460.1426059 -18861213.9959574
-0.1226 0.00273056398495937 -0.00181702012131973 -15.157483700056 411.631138658542 69325244.1906543 -18860815.1345133
-0.12265 -0.000720761539680521 -0.000491908726415212 -15.1624269057091 411.607681219594 69324722.0697004 -18860421.5479567
-0.1227 -0.00125196102343661 0.00157673990966592 -15.1641154090174 411.584223780646 69325847.3963764 -18859984.6749844
-0.12275 0.000484913036747023 -0.00256830684535717 -15.1698305309017 411.560766341698 69325410.8987091 -18859535.4114169
-0.1228 0.00125218199447984 -3.03318414139789e-05 -15.1715039697859 411.53730890275 69326766.7174147 -18859224.1568933
-0.12285 -0.00188332935567854 0.00075257124353361 -15.1766532838187 411.513851463802 69325894.862249 -18858971.3147024
-0.1229 0.000480806666358625 0.000921996075717323 -15.1788066291157 411.490394024854 69326922.0877064 -18858515.945754
-0.12295 0.00129226277712793 -0.00251804032372587 -15.1845674462641 411.466936585907 69326034.5834498 -18858214.5897455
-0.123 0.00101865127985326 0.00106791456917244 -15.1867049699395 411.443479146959 69327254.8274131 -18857891.9549257
-0.12305 -0.00170217832442727 -0.000928199131902872 -15.1929286010493 411.420021708011 69326226.2062467 -18857360.1894367
-0.1231 0.00018354228948997 0.0012222521282062 -15.1940258679772 411.396564269063 69327944.1259171 -18856993.1271466
-0.12315 0.000846480154152484 -0.00164062942418593 -15.1991738666393 411.373106830115 69327518.231012 -18856574.948081
-0.1232 0.000686938903126421 -0.000656447770027569 -15.2024076112092 411.349649391167 69327965.0399641 -18856246.3929067
-0.12325 -0.000964643879448523 0.00215667507436247 -15.2055984802776 411.326191952219 69328096.443643 -18855974.1596303
-0.1233 -0.000338588714256868 -0.00112375720327839 -15.210818660155 411.302734513271 69327357.092824 -18855686.8329184
-0.12335 0.00324865105859226 -0.00125670376320289 -15.2124139232278 411.279277074323 69329049.959456 -18855144.1787257
-0.1234 -0.00201258891947016 -6.00737792033776e-05 -15.2188455292762 411.255819635375 69327842.9347118 -18854719.5884766
-0.12345 0.000259447463433285 0.00200507553862407 -15.2202300895889 411.232362196427 69329560.0545306 -18854359.2539624
-0.1235 -0.000258109283272328 -0.00204590342772161 -15.2259740653547 411.208904757479 69328489.6042278 -18853968.4251918
-0.12355 0.00186888560613007 0.000937351921942497 -15.2270313562664 411.185447318531 69329999.8277767 -18853723.5077922
-0.1236 -0.00290606289243549 4.33475162300431e-05 -15.2339918077576 411.161989879583 69328407.1197194 -18853258.6191716
-0.12365 0.000727019720415707 0.00124570238737496 -15.234101032076 411.138532440635 69330138.159696 -18852944.9938729
-0.1237 0.000357249589626856 -0.00247390207693937 -15.2409817632959 411.115075001687 69329090.1919811 -18852555.8700405
-0.12375 0.00157295087244161 0.000951769931926711 -15.2415628295092 411.091617562739 69331167.0355703 -18852145.1119646
-0.1238 -0.00308712498696273 0.00119571313327597 -15.2477581306264 411.068160123791 69329957.1189928 -18851717.6672905
-0.12385 0.00110583516667714 0.000999177899082864 -15.2500436560054 411.044702684844 69331510.5409122 -18851300.4176927
-0.1239 0.0018346147704495 -0.0031673270991489 -15.2553587806756 411.021245245896 69330423.9658458 -18850970.6610273
-0.12395 0.00026892345305086 0.00197503242723318 -15.2568617513923 410.997787806948 69331603.4552855 -18850632.4066017
-0.124 -0.00411981322499557 0.00151565742661019 -15.2622592709272 410.974330368 69330665.2521107 -18850223.5140701
-0.12405 0.00349469368819314 -0.00194198144182044 -15.264170693402 410.950872929052 69332162.3590051 -18849853.0474566
-0.1241 0.00108105559327054 -0.00243900465497272 -15.2693359550009 410.927415490104 69331693.9691018 -18849424.3166789
-0.12415 -0.00336937443236123 0.00325074967868306 -15.272165882676 410.903958051156 69332386.9455394 -18849011.9679792
-0.1242 -7.3308257650484e-05 1.03347899099005e-05 -15.2756783296078 410.880500612208 69332622.3765227 -18848717.2266336
-0.12425 0.00291891817493848 -0.00275338585270473 -15.2795745858319 410.85704317326 69332559.9522278 -18848434.8933441
-0.1243 -0.000269291459756294 0.00132774142232602 -15.2823114800187 410.833585734312 69333026.3824436 -18848014.9145516
-0.12435 -0.00296213595808005 0.00156041471401862 -15.2883773894739 410.810128295364 69332112.0432152 -18847632.7574604
-0.1244 0.00148668422680975 -0.00115401273709617 -15.2904199859516 410.786670856416 69333458.3361864 -18847138.9488967
-0.12445 0.000883509218676801 -0.00214897313291471 -15.2947851296977 410.763213417468 69333296.8151527 -18846764.5456476
-0.1245 -0.00184207243025183 0.00306861572412775 -15.2971797473729 410.73975597852 69334399.0338671 -18846443.2929113
-0.12455 -0.00110333130575167 0.000101064600034277 -15.3021533409187 410.716298539572 69334000.9869392 -18845993.0794376
-0.1246 0.00319083072635397 -0.0027939570530508 -15.3046430564701 410.692841100624 69334642.7835003 -18845647.1065676
-0.12465 2.58983269134443e-05 0.000289541947677239 -15.308878804164 410.669383661676 69334511.4325427 -18845384.5493888
-0.1247 -0.00303058254452974 0.00176584722739115 -15.3131368496888 410.645926222728 69334260.1767737 -18844922.6853646
-0.12475 0.00186405097367383 -0.00120589497506612 -15.3157157151763 410.622468783781 69335193.0455685 -18844558.3117151
-0.1248 0.000528606724660132 -0.000852406218816834 -15.3197747057453 410.599011344833 69335378.0810036 -18844122.0255557
-0.12485 -5.5915791053764e-06 0.000366610975001813 -15.3235742049321 410.575553905885 69335925.2289376 -18843694.9109139
-0.1249 -0.00171327073523945 -0.000135965084977936 -15.3268011431081 410.552096466937 69335794.625717 -18843344.5195421
-0.12495 0.00143564156335848 -9.09218192923107e-05 -15.3293401237041 410.528639027989 69336607.8397678 -18843021.9605045
-0.125 -0.000958657057506031 -0.000820155521540208 -15.3349184040135 410.505181589041 69335705.2326127 -18842619.8222274
-0.12505 0.000105980815352662 0.000564345522877439 -15.3362668728452 410.481724150093 69337127.6909575 -18842246.6232941
-0.1251 -0.00263101767907607 0.000182178312747453 -15.3423115957458 410.458266711145 69336450.4670858 -18841795.1192243
-0.12515 0.00206983044212228 -0.0014455105329307 -15.343707870281 410.434809272197 69337832.516657 -18841428.3433149
-0.1252 -0.000284380367177114 -0.000206691474313365 -15.3489446877123 410.411351833249 69337364.8443411 -18841052.8975875
-0.12525 -0.00112333301464225 0.00159855657721363 -15.3516564866107 410.387894394301 69337834.5396678 -18840716.7392905
-0.1253 0.000652318872618257 -0.000650882209724371 -15.3553722265986 410.364436955353 69337597.0017392 -18840436.6172606
-0.12535 0.00143468176090391 -0.00124100449772505 -15.3590160396905 410.340979516405 69338116.0485921 -18840062.2926248
-0.1254 -0.00137099970551394 0.00172101115701254 -15.3622152475874 410.317522077457 69338681.4316245 -18839607.5761727
-0.12545 -0.00143028000453461 0.000571411223583036 -15.3670088748082 410.294064638509 69338408.3535204 -18839166.9856506
-0.1255 0.00337484110090861 -0.00117446606435668 -15.368565211206 410.270607199561 69340057.8773395 -18838739.5466299
-0.12555 -0.0018030694451652 -0.000926423759831409 -15.3743389203741 410.247149760613 69338965.2540712 -18838287.8795786
-0.1256 -0.000201106933488202 0.00249065937764354 -15.3753403317175 410.223692321665 69340555.5840084 -18837968.1835859
-0.12565 0.000227871156710299 -0.00308033955848683 -15.3819569533828 410.200234882717 69338767.2729139 -18837700.1426829
-0.1257 0.00194198736817598 0.0019964033597731 -15.38138527245 410.17677744377 69341434.5568536 -18837284.9867993
-0.12575 -0.00334206503229055 0.000456797334543768 -15.3898502009776 410.153320004822 69339284.8248684 -18836881.2465261
-0.1258 0.00281934643285196 0.00137062660157141 -15.3880158716651 410.129862565874 69342278.882385 -18836461.4086436
-0.12585 -0.000714863210285035 -0.00277470289625748 -15.396512907447 410.106405126926 69340052.2485011 -18836079.8795157
-0.1259 0.00138526737550972 0.00277841578925109 -15.3958102024856 410.082947687978 69342728.8168304 -18835647.9702232
-0.12595 -0.00268889875122194 0.000216529122994442 -15.4023901362534 410.05949024903 69340985.8430475 -18835310.3932625
-0.126 0.00354824858978535 -0.000173965098232956 -15.4027502736173 410.036032810082 69342757.9334296 -18835082.2693631
-0.12605 0.000953836180779364 -0.00157776874285325 -15.4089454330454 410.012575371134 69341806.8974065 -18834663.0650389
-0.1261 -0.00321526902197379 0.00337651799491468 -15.4120907991363 409.989117932186 69342639.0958411 -18834172.8562124
-0.12615 0.00154400947783134 0.000365651710271539 -15.4137897090661 409.965660493238 69343831.950651 -18833648.349641
-0.1262 0.000686214391765873 -0.00503380957692675 -15.4203426337205 409.94220305429 69342019.1087304 -18833380.9761973
-0.12625 0.000273285902723963 0.00581570719937941 -15.4178752924702 409.918745615342 69345276.3124871 -18833043.7437787
-0.1263 -0.00602894509470324 -0.00170928793662811 -15.4312879117205 409.895288176394 69340734.2160859 -18832688.7401832
-0.12635 0.00820554511145016 0.000854275361551356 -15.4245471493968 409.871830737446 69346512.773588 -18832338.7056765
-0.1264 -0.00575428061003759 -0.00465554199026471 -15.439073910839 409.848373298498 69340605.7175957 -18831904.1201365
-0.12645 0.00222888716730286 0.00792887285361799 -15.4298419761606 409.82491585955 69348107.5904644 -18831400.9228786
-0.1265 -0.00341389115806068 -0.00795968218191755 -15.4469820582227 409.801458420602 69341071.4564792 -18831059.1907001
-0.12655 0.00537807442118338 0.00444418364043293 -15.437488211983 409.778000981654 69348458.7167783 -18830664.7814229
-0.1266 -0.00554131393332228 -0.00219074845505983 -15.4526776296852 409.754543542707 69342506.2612969 -18830349.3069568
-0.12665 0.00320135627237274 0.003095165541368 -15.4466112305089 409.731086103759 69347471.4696065 -18829994.4993494
-0.1267 -0.00246922018010972 -0.00415353867184453 -15.4588803066388 409.707628664811 69343451.3883348 -18829591.5564141
-0.12675 0.0025787659720722 0.00204551403155379 -15.454782835207 409.684171225863 69347788.439054 -18829116.2032619
-0.1268 -0.00300348166976735 -0.000378635963374982 -15.462678061867 409.660713786915 69345348.5956609 -18828819.666703
-0.12685 0.0012267680526792 0.00152322919824671 -15.4631134486594 409.637256347967 69347783.4975082 -18828327.5159111
-0.1269 0.000164125186169258 -0.00248941749952479 -15.4687222881051 409.613798909019 69346575.7287922 -18827908.4108652
-0.12695 -0.00121975416884365 0.00130467745471034 -15.4713489925977 409.590341470071 69347214.4484169 -18827672.6713932
-0.127 0.000105772607130216 0.00069079075595196 -15.4750829864931 409.566884031123 69347555.8612093 -18827301.705783
-0.12705 0.000475389438829518 -0.0010249789420444 -15.4793421101148 409.543426592175 69347489.1276379 -18826840.1673768
-0.1271 0.000910556872844557 0.00164732451629445 -15.4805245541316 409.519969153227 69349222.14819 -18826388.810167
-0.12715 -0.00169246955274621 -0.00137689893414608 -15.487345209101 409.496511714279 69347690.8221835 -18826018.7667948
-0.1272 0.00125808324235246 0.000923503920583323 -15.4870127270083 409.473054275331 69349736.0569664 -18825619.7648654
-0.12725 -0.00172422871844769 -0.00163863378724413 -15.4938314491173 409.449596836383 69347996.0705513 -18825323.6586609
-0.1273 0.00108810228130946 0.00290358032107725 -15.4937276317052 409.426139397435 69350316.1247205 -18824997.2818033
-0.12735 -0.00172080465549565 -0.00322796626880693 -15.5030293178231 409.402681958487 69347626.3853296 -18824563.6590924
-0.1274 0.0017323613397656 0.00207276294355349 -15.4999303272101 409.379224519539 69351288.0407023 -18824113.8627787
-0.12745 -0.00268754864041913 -0.00176439851828527 -15.5084529741357 409.355767080591 69348909.1863386 -18823694.829544
-0.1275 0.00302402355425767 0.00142933011937223 -15.5067136578477 409.332309641644 69352199.435136 -18823353.9961784
-0.12755 -0.00165900759140139 -0.00287796807917672 -15.5147519613177 409.308852202696 69349764.5217079 -18822933.4659019
-0.1276 0.000872576812090935 0.00289961605524417 -15.5151868487142 409.285394763748 69352382.0828609 -18822579.6615224
-0.12765 -0.00133113670318402 -0.000187189494581974 -15.5206908306343 409.2619373248 69350652.0053313 -18822334.3882365
-0.1277 0.00154754562176605 -0.0005769247755758 -15.522813195824 409.238479885852 69351877.3264058 -18821788.3686277
-0.12775 0.000272665168126502 -0.00139496151246053 -15.5280125404317 409.215022446904 69351818.5484498 -18821326.7788113
-0.1278 -0.00112785786675534 0.00089687083013711 -15.5305070737576 409.191565007956 69352348.2759368 -18821028.6570305
-0.12785 0.000229541313771793 0.000923498267851386 -15.5329057988418 409.168107569008 69353294.0556031 -18820542.3031946
-0.1279 -0.000305965797304359 -0.00265148026651151 -15.5384522736698 409.14465013006 69352134.453916 -18820158.8511711
-0.12795 0.000880043935107322 0.00188245656135815 -15.5386924025271 409.121192691112 69354352.3251296 -18819838.0736252
-0.128 -0.00249621415069126 -0.000768609164203313 -15.5456608065725 409.097735252164 69353036.3230301 -18819360.3526445
-0.12805 0.00313020855168005 0.000705613318333484 -15.5449743799236 409.074277813216 69355580.8271796 -18818995.6900218
-0.1281 -0.00202281542498767 -0.00203714242889041 -15.5525805398602 409.050820374268 69353050.5289001 -18818724.07831
-0.12815 0.000390161020112471 0.00255568284196825 -15.5517764223244 409.02736293532 69355678.2917776 -18818317.8462715
-0.1282 -0.00123868376925178 -0.00213383988901463 -15.5583936054097 409.003905496372 69353855.5281861 -18817998.7178339
-0.12825 0.0028413074453422 0.000506406028336555 -15.5589929776802 408.980448057424 69356331.0196432 -18817525.2927295
-0.1283 -0.00190595753831854 -0.000599176796281059 -15.5650356464958 408.956990618476 69355094.9047582 -18817042.8190585
-0.12835 0.000282225868619944 0.00211436942445155 -15.5657889629045 408.933533179528 69356827.9243481 -18816582.4589765
-0.1284 0.00125037009093892 -0.00264217444623516 -15.5725525142779 408.910075740581 69355668.4208525 -18816370.0543504
-0.12845 0.00140327205468162 0.00180074660247271 -15.5722441840306 408.886618301633 69357573.5990387 -18815995.7816579
-0.1285 -0.00370448927461693 -6.78156954284493e-05 -15.5796819334233 408.863160862685 69355798.5925146 -18815485.3579375
-0.12855 0.00352387884712767 0.000122760968749824 -15.5787347705206 408.839703423737 69358692.6690046 -18815100.4804303
-0.1286 -3.96603641552903e-05 -0.00260692442917107 -15.5852315092772 408.816245984789 69356959.6688355 -18814799.541075
-0.12865 -0.000290989983561375 0.0032090402456618 -15.585422177012 408.792788545841 69359132.9195281 -18814359.0803538
-0.1287 -0.000663946807987111 -0.00108862008193106 -15.5920663139521 408.769331106893 69357485.7411614 -18813973.0322813
-0.12875 0.00183424892062666 0.000297283632646287 -15.5934059581719 408.745873667945 69358932.4636113 -18813661.6594264
-0.1288 -0.000394247146142276 0.00067962394101567 -15.5979902082827 408.722416228997 69358758.9362758 -18813262.2670407
-0.12885 -0.000479511855210019 0.000425862846158426 -15.6014371198069 408.698958790049 69359288.0948406 -18812776.4756811
-0.1289 0.00202112370519858 -7.58333802741881e-05 -15.6024248917299 408.675501351101 69360484.3579076 -18812349.4293548
-0.12895 -0.00220702354943313 -0.00205523260939477 -15.6096516614061 408.652043912153 69358571.7641837 -18811997.5962843
-0.129 0.00159501309095828 0.00439840683960617 -15.6077909198133 408.628586473205 69362008.0485185 -18811706.8248437
-0.12905 -0.00183340484714207 -0.00512298807491474 -15.6193605141835 408.605129034257 69357988.3470072 -18811271.1272917
-0.1291 0.00393554517369758 0.00380772885246766 -15.6127579718126 408.581671595309 69363642.1531347 -18810818.4060017
-0.12915 -0.00582237621077567 -0.00266486107038138 -15.6256844999586 408.558214156361 69358729.0169233 -18810433.0967927
-0.1292 0.00484596624940598 0.00470234816141713 -15.6181983211915 408.534756717413 69364868.6134642 -18810032.2779606
-0.12925 -0.00237126837318097 -0.00640420804548705 -15.6327578537154 408.511299278465 69358943.065312 -18809714.9302277
-0.1293 0.00349319996428762 0.00515426184119899 -15.6263816470981 408.487841839518 69364674.3441173 -18809331.4177404
-0.12935 -0.00574620651520506 -0.00220865965598744 -15.6391380871793 408.46438440057 69359848.3822626 -18808862.9487634
-0.1294 0.00554528550957484 0.00164185325724629 -15.6333368507619 408.440926961622 69365055.4227151 -18808545.6802058
-0.12945 -0.00197687299814841 -0.00329185781833178 -15.6439406161599 408.417469522674 69361430.8110955 -18808171.055618
-0.1295 0.00030643041354639 0.00396360079822888 -15.6413835029775 408.394012083726 69365122.5230429 -18807724.7551409
-0.12955 -0.00198177290846405 -0.00163816925083425 -15.6490817298123 408.370554644778 69363002.7205824 -18807300.0448962
-0.1296 0.00208216415599048 -0.000440409230566096 -15.6492152510506 408.34709720583 69365181.6195934 -18806836.1714535
-0.12965 -0.000434992404181386 -0.000610311147282982 -15.6549113770241 408.323639766882 69364573.6180427 -18806373.3519355
-0.1297 -0.00090648162000049 0.000172710453393441 -15.6578383520333 408.300182327934 69364701.2465847 -18806149.3226236
-0.12975 0.000323049358750531 0.00156131078159836 -15.6592847886566 408.276724888986 69365671.627074 -18805852.4727727
-0.1298 -0.00086545885616017 -0.00317539344795804 -15.665620555367 408.253267450038 69364357.6330564 -18805406.951606
-0.12985 0.00244912167584968 0.00135951057147585 -15.6651217671998 408.22981001109 69367261.9385256 -18804916.200904
-0.1299 -0.00306960690536509 -0.00117586233981675 -15.6733690381501 408.206352572142 69365088.963254 -18804558.8728613
-0.12995 0.00199256809034103 0.00279939800622279 -15.6707455689299 408.182895133194 69368409.9400641 -18804191.3754446
-0.13 -0.00228506481822235 -0.0041574497539227 -15.6808184177672 408.159437694246 69365015.0767388 -18803742.2714674
-0.13005 0.00287894415018483 0.00237966659767309 -15.6762452981086 408.135980255298 69369350.2046682 -18803323.440594
-0.1301 -0.00486642210194369 -0.00171289737864755 -15.6876728176704 408.11252281635 69365422.5945362 -18803025.1031314
-0.13015 0.00314770208578196 0.00138504280714554 -15.6831410292916 408.089065377402 69369698.8750683 -18802612.2262686
-0.1302 -0.000755865676639392 -0.00284321921807406 -15.6915727815496 408.065607938454 69367453.5434543 -18802226.0178476
-0.13025 0.000990942232163283 0.00346800803201715 -15.6907816134168 408.042150499507 69370232.491929 -18801813.5022366
-0.1303 -0.00146453880129077 -0.00075053530406838 -15.6971131091983 408.018693060559 69368509.344136 -18801407.8377493
-0.13035 0.001163293243273 -0.00129932593830645 -15.6993780845014 407.995235621611 69369447.4319458 -18800972.1063266
-0.1304 0.000153654555042143 -0.000270797847200121 -15.7030631870159 407.971778182663 69369601.8967214 -18800678.724165
-0.13045 -0.00163266566374347 0.000476020000246764 -15.7062072233283 407.948320743715 69369708.5953339 -18800314.6764391
-0.1305 0.000768692907382022 0.000519908585161422 -15.7082577877433 407.924863304767 69371228.8817595 -18799782.7439403
-0.13055 -0.000343167729115644 -0.0019799003723666 -15.7143184442412 407.901405865819 69370276.165682 -18799332.471321
-0.1306 0.000178519617055319 0.00107568288998761 -15.7148907166938 407.877948426871 69371829.9717169 -18798981.3273345
-0.13065 6.65524698421266e-05 -0.000852385794883743 -15.7196691466949 407.854490987923 69371197.9507054 -18798655.6690115
-0.1307 0.000962924694861159 0.000141511368256519 -15.7208708334034 407.831033548975 69372005.4764251 -18798375.3143072
-0.13075 -0.00357608098255119 0.00125365994886599 -15.7269113187431 407.807576110027 69371240.4430643 -18797927.8468769
-0.1308 0.00172231303981365 0.000339722351775239 -15.7269890713814 407.784118671079 69373478.5077323 -18797424.079193
-0.13085 -0.000755139866470747 -0.00211327732406058 -15.7325570175244 407.760661232131 69372338.7604268 -18797101.7710248
-0.1309 0.000569366341635471 0.00216981982429145 -15.7321732269391 407.737203793183 69374569.974216 -18796688.2846866
-0.13095 -0.0023723098561067 -6.30347277417176e-05 -15.739886908708 407.713746354235 69373030.1785154 -18796251.8513557
-0.131 0.00196166455050616 -0.00016475272483102 -15.7397174294558 407.690288915287 69374676.4804256 -18795879.053427
-0.13105 7.22881620631912e-05 -0.00167920187639153 -15.7462881529411 407.666831476339 69373520.4181404 -18795576.1436948
-0.1311 -0.000890170101091915 0.00242108779108892 -15.7460800920713 407.643374037391 69375405.7187031 -18795118.5892817
-0.13115 4.83518083845376e-05 -0.000751631650858483 -15.7516671710445 407.619916598444 69374983.9052043 -18794641.1343215
-0.1312 0.000791276776574123 -0.00208552099623789 -15.754434148664 407.596459159496 69375438.8604263 -18794200.7053202
-0.13125 -0.000311193779346342 0.00203601972911205 -15.7559396600815 407.573001720548 69376699.7776729 -18793835.2946814
-0.1313 -0.00146907446700931 -0.00112570638261288 -15.7627725633645 407.5495442816 69375067.5051135 -18793568.9804873
-0.13135 0.00428044871281411 0.00123519120185777 -15.7607879404605 407.526086842652 69377990.8915833 -18793226.688614
-0.1314 -0.00322472816644842 -0.00283765094860802 -15.7709106461136 407.502629403704 69374801.3106966 -18792777.1418769
-0.13145 0.000962121647002654 0.00501922294126655 -15.7655478813926 407.479171964756 69379752.9468918 -18792282.5401479
-0.1315 -0.00163806216945876 -0.00382453625793838 -15.7767063853825 407.455714525808 69375998.2099319 -18791929.6190964
-0.13155 0.00392733202467815 0.00237280082546003 -15.7720116665022 407.43225708686 69380440.6633652 -18791485.2122152
-0.1316 -0.00486316162632314 -0.00183651903619363 -15.7824570059589 407.408799647912 69376601.6326157 -18791083.5782559
-0.13165 0.000970339725435985 0.0036384614166868 -15.7796698736801 407.385342208964 69380298.657998 -18790770.1677169
-0.1317 -0.000234169614967889 -0.00312082679815939 -15.7884546012487 407.361884770016 69377786.3485037 -18790430.329256
-0.13175 0.00128520142287969 0.00112570075913147 -15.7873824520959 407.338427331068 69380446.2078194 -18789976.2497816
-0.1318 -0.00124094765476886 0.00127100916226779 -15.792296655581 407.31496989212 69380121.4174884 -18789478.9959441
-0.13185 -0.00114066343423979 -0.00132944650024829 -15.7955992275759 407.291512453172 69380019.0897763 -18789015.9930409
-0.1319 0.00309748467371512 0.000943326765886918 -15.796131508135 407.268055014224 69382030.6851027 -18788782.6673614
-0.13195 -0.00176424118896515 -0.00244860244124558 -15.8041136414645 407.244597575276 69379573.7993349 -18788432.6856014
-0.132 0.000980599304777692 0.00486051492545682 -15.8014172799851 407.221140136328 69383083.1639395 -18788061.2829386
-0.13205 -0.00199290494507212 -0.00364514650075 -15.8112492592667 407.197682697381 69379865.8178226 -18787640.3928766
-0.1321 0.00399886717247155 0.0025350848912651 -15.8066422127382 407.174225258433 69384765.6487936 -18787072.875246
-0.13215 -0.00358387394395683 -0.00377666258100146 -15.8187134198355 407.150767819485 69380643.5509857 -18786674.4029534
-0.1322 0.00276792816630541 0.00368383334867902 -15.8131270634911 407.127310380537 69385366.2684746 -18786302.4676073
-0.13225 -0.00404792057374432 -0.00432989788438178 -15.8243508934151 407.103852941589 69380820.0505712 -18785933.757488
-0.1323 0.00345289142493032 0.00272673130438262 -15.8192546485386 407.080395502641 69385737.8204942 -18785574.966589
-0.13235 -0.0044836905678237 -0.00225610047730682 -15.8304421963469 407.056938063693 69382074.3224294 -18785143.5563154
-0.1324 0.00326132162727776 0.00274253114179673 -15.8255416268237 407.033480624745 69386824.1236493 -18784733.6964192
-0.13245 -0.00166460474181926 -0.00344410591879395 -15.8356546596714 407.010023185797 69383465.84038 -18784301.9303036
-0.1325 0.00090260022066764 0.00234273744967522 -15.8330048243732 406.986565746849 69386759.5713056 -18783976.5381937
-0.13255 -0.00195895895252313 -0.000703036140931325 -15.8406248369275 406.963108307901 69384631.6955582 -18783626.3249737
-0.1326 0.000788216826316819 0.000864585908964906 -15.8405363063459 406.939650868953 69386762.1214669 -18783159.5916003
-0.13265 0.00129169690511424 -0.00154093962926382 -15.8450395590251 406.916193430005 69386587.7325159 -18782694.6198758
-0.1327 -0.0016946046122225 0.000239708592043104 -15.8483925160927 406.892735991057 69387030.6612559 -18782196.1955989
-0.13275 -0.0002071927680827 0.00176281277505736 -15.8493178314095 406.869278552109 69388288.8535773 -18781881.9628793
-0.1328 -0.000702348423385457 -0.00299927631243248 -15.8557995309187 406.845821113161 69386508.9547893 -18781606.7053734
-0.13285 0.00126967749329804 0.00252090914405784 -15.854909477865 406.822363674213 69389304.8344008 -18781180.9683144
-0.1329 -0.00190579712314501 -0.00251916050551019 -15.8621755873713 406.798906235265 69387150.9953831 -18780773.6925366
-0.13295 0.00295885582081948 0.00123128027657994 -15.8599102756955 406.775448796318 69390572.8249304 -18780362.330284
-0.133 -0.00333278004248929 -0.00235164312158523 -15.8695046918309 406.75199135737 69388017.6951321 -18779852.8727646
-0.13305 0.00235965571171311 0.00182394405565711 -15.8674670909478 406.728533918422 69391340.2738388 -18779462.1282488
-0.1331 -0.00172623003108182 -0.00228736876821883 -15.8751380283795 406.705076479474 69388838.1612053 -18779153.1485212
-0.13315 0.00155760736349446 0.00237246760889748 -15.8733057550457 406.681619040526 69391831.3789761 -18778746.56448
-0.1332 -0.00111875017145389 -0.00295155174720843 -15.8803057484932 406.658161601578 69389674.5966024 -18778354.798409
-0.13325 0.00148702195090982 0.00265252994767134 -15.8793043736945 406.63470416263 69392601.826773 -18778002.9959605
-0.1333 -0.000902723927184654 -0.00187203735621302 -15.8862045198859 406.611246723682 69391003.2619889 -18777541.8628236
-0.13335 -0.000191933394552857 0.000883104893034559 -15.8858950941097 406.587789284734 69393087.3198809 -18777024.283138
-0.1334 -0.00116186448900974 -0.000523930984501728 -15.8910884594239 406.564331845786 69392256.0999796 -18776728.1111719
-0.13345 0.00161023900534361 -0.000653130987338736 -15.8927413252931 406.540874406838 69392973.0326463 -18776509.6247482
-0.1335 0.000694314045057436 -0.000306397079450302 -15.8965153306537 406.51741696789 69393393.9428675 -18776024.342459
-0.13355 -0.00125416396425741 0.000871865166639197 -15.8996395435182 406.493959528942 69393450.3892669 -18775627.9252887
-0.1336 0.000439850810923119 -7.3843407969505e-05 -15.9009296159007 406.470502089994 69394677.9541701 -18775124.5910677
-0.13365 5.0183692459839e-05 -0.00144800349300516 -15.9066203764157 406.447044651046 69394452.0462523 -18774690.0695355
-0.1337 0.00102907740041864 0.00109936420165429 -15.9073295796139 406.423587212098 69396036.8765593 -18774317.0431829
-0.13375 -0.00142994134599341 -0.000250996675723945 -15.9125636050288 406.40012977315 69394989.8487814 -18773945.2937149
-0.1338 -0.000758315067836604 0.000452393860078231 -15.9131817778632 406.376672334202 69395950.1084974 -18773622.5792669
-0.13385 -0.000891379159942218 0.000255005979099621 -15.9179010645741 406.353214895254 69396030.472093 -18773214.0828367
-0.1339 0.000547040115323567 -0.000135038174412024 -15.9202705763811 406.329757456307 69396941.7362992 -18772799.7901824
-0.13395 -8.93002711300995e-05 0.000463879602395486 -15.9235910690367 406.306300017359 69397405.6128941 -18772310.4479965
-0.134 -0.000788226718877765 -0.0017317679069212 -15.9271516303785 406.282842578411 69397444.0792832 -18771803.8784026
-0.13405 0.000339391223277261 0.0010501657313598 -15.9282077995216 406.259385139463 69398910.0135311 -18771472.2851473
-0.1341 -0.000920321426376493 -0.00128886788489168 -15.9334088692608 406.235927700515 69398184.2042988 -18771024.7396321
-0.13415 0.00210911567309931 0.000818913226900447 -15.9328931631368 406.212470261567 69400327.812778 -18770654.0584019
-0.1342 -0.00199018348799701 -0.00015171549849276 -15.9396049626851 406.189012822619 69398752.336637 -18770238.3150186
-0.13425 1.26550239086001e-05 0.00237195339305955 -15.9402555664984 406.165555383671 69400454.9462626 -18769959.9949414
-0.1343 0.000115761644183474 -0.00249360756185078 -15.9457961860718 406.142097944723 69399342.6385507 -18769568.446168
-0.13435 0.00110063397245378 -0.000194996121205423 -15.946169410825 406.118640505775 69401316.8705589 -18769004.1957936
-0.1344 -0.00281761790613833 0.000537669671126767 -15.9511029596862 406.095183066827 69401017.0046367 -18768520.6520939
-0.13445 0.000259782091014896 -5.56084780044788e-05 -15.9520117816536 406.071725627879 69402156.2605134 -18768158.6908962
-0.1345 0.00079157257093931 -0.00102517060496385 -15.9557210465182 406.048268188931 69402236.9747777 -18767794.1351889
-0.13455 -9.94487910129275e-05 8.87665321000417e-05 -15.9589183100528 406.024810749983 69402318.4472155 -18767516.202216
-0.1346 -0.000766866467472166 0.000521598137750458 -15.9616363233856 406.001353311035 69402893.3321584 -18767076.7465796
-0.13465 -0.0008581067790883 -0.00010454875544797 -15.9648043701709 405.977895872087 69403185.949414 -18766609.0257423
-0.1347 0.00180073133024257 0.000611489321671844 -15.9660414115841 405.954438433139 69404786.4251332 -18766223.9608051
-0.13475 -0.000525801777424547 -0.000950251236750693 -15.971479784861 405.930980994191 69403853.2119731 -18765755.068867
-0.1348 0.000591012227731079 0.00197307104377611 -15.9717649951186 405.907523555244 69405372.1352504 -18765508.0597617
-0.13485 -0.00205871720795775 0.000535677447321144 -15.9771310306819 405.884066116296 69404419.4962259 -18765136.5112293
-0.1349 0.00252323897538633 0.000305194155342872 -15.9782096196731 405.860608677348 69406155.3815814 -18764654.5335498
-0.13495 0.00169016530272663 -0.00308085713452294 -15.9825260982109 405.8371512384 69405363.2498708 -18764322.0798018
-0.135 -0.0013189495071989 0.00473112393208236 -15.9835723414645 405.813693799452 69407357.8787036 -18763835.3372719
-0.13505 -0.00151951405941912 -3.27435683888273e-05 -15.9890324553792 405.790236360504 69406437.1781721 -18763328.5704498
-0.1351 0.00419644032090563 -0.00253135357178729 -15.9891691356695 405.766778921556 69408052.8532442 -18763015.0037283
-0.13515 -0.00156044225993321 0.000668850875870158 -15.9938665120716 405.743321482608 69407641.6317864 -18762600.2821686
-0.1352 -0.00251543880780584 0.00394217862958753 -15.9951680061516 405.71986404366 69408566.7004242 -18762276.4137061
-0.13525 0.0019162943785415 -0.00286381657404603 -15.9993053312901 405.696406604712 69408057.0781501 -18761942.125229
-0.1353 0.00380850111382268 -0.0019368641183651 -16.0018301192248 405.672949165764 69409328.3956569 -18761492.6360563
-0.13535 -0.00356002625578984 0.00294917229883077 -16.0045117949888 405.649491726816 69409656.4060543 -18760931.59259
-0.1354 -0.00157188478631155 0.00131615295471337 -16.0075575601106 405.626034287868 69409983.1834786 -18760631.6834912
-0.13545 0.00390807969889283 -0.00270232459983574 -16.0101978756814 405.60257684892 69411009.6812083 -18760103.1347187
-0.1355 0.000174295686510283 -0.000756165904618334 -16.0146615781034 405.579119409972 69410479.5898697 -18759762.9017479
-0.13555 -0.00305956372517457 0.00310379094749798 -16.0167066439704 405.555661971024 69411096.5658756 -18759433.3088024
-0.1356 0.000309527096456531 -0.00117942666554308 -16.0200093302049 405.532204532076 69411055.1962318 -18759083.4357666
-0.13565 0.00206883385390011 -0.00268044383286751 -16.0224849305645 405.508747093128 69411853.5300233 -18758599.0544372
-0.1357 -0.00163406882373422 0.00249041571501898 -16.0249275548055 405.485289654181 69412780.8214792 -18758179.8501077
-0.13575 -0.00155385040258122 0.00138907037211324 -16.0278851866013 405.461832215233 69413217.3887374 -18757697.1612201
-0.1358 0.00260158495854574 -0.00199999957610341 -16.0299820614849 405.438374776285 69413845.4105418 -18757332.7888402
-0.13585 0.000789490881758117 -0.00115486522468625 -16.0340405182317 405.414917337337 69413934.6265602 -18756938.0754273
-0.1359 -0.000961780833539516 0.00301710187586321 -16.0351583844733 405.391459898389 69415106.0894112 -18756582.7232904
-0.13595 -0.0021143195417738 -0.000280797574378264 -16.0409177590864 405.368002459441 69413862.6212619 -18756186.9025127
-0.136 0.00289596837760134 -0.00123435919936678 -16.0413776814615 405.344545020493 69415792.4325394 -18755744.9604963
-0.13605 0.000294953461833563 -0.00147445267523636 -16.0457028744056 405.321087581545 69415475.8604301 -18755276.7921502
-0.1361 -0.0030473864707451 0.00311305551852409 -16.0468330186688 405.297630142597 69416637.3864833 -18754830.3466544
-0.13615 0.00107208409053665 -0.0016257025382451 -16.0505428030591 405.274172703649 69416677.4370183 -18754523.1410284
-0.1362 0.00247060153083562 -0.00157394997505735 -16.0527309308952 405.250715264701 69417405.9798645 -18754171.591633
-0.13625 -0.00100168473252226 0.00122677932739898 -16.0564210619298 405.227257825753 69417291.0838011 -18753805.3291472
-0.1363 -0.00170425439865119 0.000908610065430455 -16.0596690182451 405.203800386805 69417893.881489 -18753220.5169298
-0.13635 0.000825352385481207 -0.00123614881541886 -16.0615265094959 405.180342947857 69418890.2748061 -18752750.7960728
-0.1364 0.000272999502957755 -7.66706350951732e-06 -16.0638008784495 405.156885508909 69419271.1588341 -18752413.0692661
-0.13645 4.99457907287811e-05 0.000163367303869368 -16.0665427032504 405.133428069961 69419864.577846 -18752029.2188797
-0.1365 -0.000736679457309976 0.0015599800042535 -16.0696618233409 405.109970631013 69420198.6296584 -18751700.1827199
-0.13655 0.000986027048789515 -0.00213246679270135 -16.0735052461773 405.086513192065 69419731.3999299 -18751283.8955692
-0.1366 0.000196528494367311 9.38781170853077e-05 -16.0757667565744 405.063055753117 69420664.5147791 -18750895.3299647
-0.13665 -0.00167271781023769 0.00108121321873123 -16.0785177322739 405.03959831417 69421325.6613399 -18750354.4295324
-0.1367 0.00132622953465983 -0.000537844211886349 -16.0802266757797 405.016140875222 69422316.0498744 -18750018.7318287
-0.13675 0.0015230409358148 -0.00159703561298442 -16.0838515916255 404.992683436274 69422589.5835831 -18749569.2191587
-0.1368 -0.000548513842212351 0.00163290292610381 -16.0864049567992 404.969225997326 69423266.2306498 -18749119.1728611
-0.13685 -0.00158167414078072 0.000162049627379357 -16.0899681440366 404.945768558378 69422791.4876135 -18748764.6600614
-0.1369 0.00197812195567146 -0.000531129953022785 -16.0911217668952 404.92231111943 69424203.5472812 -18748415.9100438
-0.13695 0.000856190405634136 -0.00237588255494464 -16.0956404451117 404.898853680482 69423710.18786 -18747962.965461
-0.137 -0.000753579951283968 0.00267064886179744 -16.0961077366593 404.875396241534 69425702.259932 -18747526.8048071
-0.13705 -0.000967987584115155 -0.00011599466088512 -16.1009281694109 404.851938802586 69425112.40087 -18747108.455655
-0.1371 0.00347336532243928 -0.00116661152941475 -16.102047198208 404.828481363638 69426348.2809307 -18746705.6933051
-0.13715 -0.000200956233289117 -0.000179540314339322 -16.1056044600743 404.80502392469 69425958.0350702 -18746353.4137025
-0.1372 -0.00142579910279743 0.00193112206833242 -16.1077955608116 404.781566485742 69426636.55572 -18746040.8467845
-0.13725 0.000899426415441798 -0.00144248271644058 -16.1116591547954 404.758109046794 69426914.7348439 -18745556.3432158
-0.1373 0.00117571791984515 -0.000686818392652801 -16.1121780018884 404.734651607846 69428413.6933255 -18745039.1401164
-0.13735 -0.000680161174452907 -0.000608900771578802 -16.1154245856515 404.711194168898 69428303.5895321 -18744582.3572196
-0.1374 0.000136516668642412 0.000396448076613381 -16.1190021877986 404.68773672995 69429052.7819297 -18744221.0669378
-0.13745 -0.000555309404036614 0.00205346543974712 -16.1217256801919 404.664279291002 69429403.3568708 -18743941.5427261
-0.1375 0.000574430852437776 -0.0024452466519491 -16.1245902947162 404.640821852054 69428891.1941241 -18743551.7521467
-0.13755 0.00200320002922793 0.000722980334372833 -16.1254701160977 404.617364413107 69430978.3090542 -18743070.7384734
-0.1376 -0.00362724593298168 0.000672314511709786 -16.13139828774 404.593906974159 69429454.858023 -18742711.6196641
-0.13765 0.0027554547319189 0.0015619414162042 -16.1299097675113 404.570449535211 69432865.803321 -18742171.1224191
-0.1377 0.000437593686607948 -0.00416931540037953 -16.1368500302439 404.546992096263 69430653.2699639 -18741776.4818336
-0.13775 -0.000547759609614581 0.00390637556624294 -16.1356943805586 404.523534657315 69433514.6509806 -18741356.2170146
-0.1378 -0.00271958551295638 0.00011720766922511 -16.1426061315269 404.500077218367 69432043.4560474 -18740868.054675
-0.13785 0.00425863772310995 -0.00104995998334467 -16.1409283111141 404.476619779419 69434302.2921034 -18740578.2187097
-0.1379 -0.0022244143073744 -0.000693547063345727 -16.1475822959261 404.453162340471 69432504.1873133 -18740153.4636301
-0.13795 -0.00155815064769377 0.00383641714874473 -16.1472978455228 404.429704901523 69434894.5613646 -18739721.2491212
-0.138 7.11812085767275e-05 -0.00235144590828281 -16.1521474773894 404.406247462575 69434143.4879978 -18739291.5905635
-0.13805 0.00297589842265772 -0.00120727271504127 -16.1529185915 404.382790023627 69435849.6403609 -18738855.7631157
-0.1381 -0.00178614687641482 0.00146879461645204 -16.1565837058847 404.359332584679 69435729.1568225 -18738431.3675151
-0.13815 -0.00213496764628452 0.00131162038217682 -16.1599061512454 404.335875145731 69435855.1384537 -18738064.2086025
-0.1382 0.00340745702622354 -0.00189598697407889 -16.1606719420956 404.312417706783 69437130.0402557 -18737742.2078905
-0.13825 -0.0011300012509344 -0.000834807165936851 -16.1657100252305 404.288960267835 69436397.4632118 -18737308.8346937
-0.1383 -0.00137359196135937 0.00255076020363387 -16.1666234171632 404.265502828887 69437969.0536555 -18736859.1340221
-0.13835 -0.000653462049596197 -0.00158059597687787 -16.1706148038508 404.242045389939 69437654.1678488 -18736400.5525028
-0.1384 0.00154865958950188 0.000505897513608529 -16.1707853231886 404.218587950991 69439590.911395 -18735975.7774406
-0.13845 -0.000385593162624354 -0.00259617821243173 -16.1758796107018 404.195130512043 69438535.9919693 -18735609.4409853
-0.1385 0.000275579851098582 0.00201327883358763 -16.1757942055913 404.171673073096 69440563.7773645 -18735220.100193
-0.13855 -0.00202820217316675 4.29247396349951e-05 -16.1828601010234 404.148215634148 69438947.3910026 -18734894.8236853
-0.1386 0.00248989652279592 -0.00107165526803115 -16.1811986743694 404.1247581952 69441002.5792047 -18734497.4909496
-0.13865 -0.000966061601699491 -0.000537511364291876 -16.1862209441299 404.101300756252 69440955.5924446 -18733869.5249186
-0.1387 -0.00130739891652826 0.00172402668358143 -16.1886125765723 404.077843317304 69441832.2080604 -18733534.3577792
-0.13875 0.000861700757802482 -0.000198783449147129 -16.1903574700347 404.054385878356 69442308.6294813 -18733241.7847188
-0.1388 0.00115445199817773 -0.00131400327177703 -16.1930861963606 404.030928439408 69442870.3231584 -18732695.1740143
-0.13885 -0.00223266005736695 0.00141585256399387 -16.1949398413612 404.00747100046 69443380.5312625 -18732282.3578735
-0.1389 -0.00010723553051275 0.000425360213276441 -16.1978430219353 403.984013561512 69444269.067373 -18731819.7848894
-0.13895 0.00221853521783691 -0.00194691586302097 -16.2006327695541 403.960556122564 69444773.9762381 -18731366.3163959
-0.139 -0.00112514838913181 0.00110328778506531 -16.2024436979938 403.937098683616 69444886.6687143 -18731136.572938
-0.13905 -0.00130038518782586 0.00198270169444228 -16.2051619662395 403.913641244668 69445674.678919 -18730667.6699631
-0.1391 0.00170355830632819 -0.00349253114001881 -16.2093207350837 403.89018380572 69445205.7733816 -18730285.8763208
-0.13915 0.00102640171634681 0.000956245486894175 -16.2094936056668 403.866726366772 69447232.5235052 -18729816.5713528
-0.1392 -0.00282275778310288 0.00102104027472044 -16.2142435179558 403.843268927824 69446586.9686853 -18729375.6255598
-0.13925 0.000631316431535313 -0.000115349052277598 -16.2152974363944 403.819811488876 69448032.4074005 -18728954.1533498
-0.1393 0.000388587351799659 -0.00258295598662541 -16.2195977466423 403.796354049928 69447606.2605477 -18728498.9806036
-0.13935 3.95809687336394e-05 0.00205237573900633 -16.2203476651285 403.77289661098 69449140.7602037 -18728193.3621185
-0.1394 -0.00134623645976295 -0.00107579456643013 -16.2243663181911 403.749439172033 69448592.9896532 -18727739.1401535
-0.13945 0.00219264987912881 -7.27986811673723e-05 -16.2244726787793 403.725981733085 69450728.853386 -18727234.9868638
-0.1395 -0.00191303801241586 -0.000615061995308576 -16.2297033680475 403.702524294137 69449869.0416069 -18726735.8661601
-0.13955 0.000519470944008605 0.00149276744460385 -16.2288893207179 403.679066855189 69451699.8965308 -18726455.9403486
-0.1396 -0.000652159405163242 -0.00267099810484321 -16.2358706132187 403.655609416241 69450044.4604613 -18726112.881171
-0.13965 0.0015771580297834 0.00208861252424987 -16.2344536153705 403.632151977293 69452648.908979 -18725800.3362176
-0.1397 -0.00132770460312086 -0.00103412866900541 -16.2399865260085 403.608694538345 69451711.862185 -18725221.1115077
-0.13975 0.000345993414208025 0.00102046568783424 -16.2404257009157 403.585237099397 69453608.4546328 -18724754.4402713
-0.1398 -0.000720178031203799 0.000231355701338105 -16.2444398716608 403.561779660449 69453179.8908912 -18724429.3648929
-0.13985 0.000309101765653918 0.000437001847290567 -16.2455540551742 403.538322221501 69454364.72873 -18724044.094841
-0.1399 0.00080017397334304 -0.000622311308890058 -16.2476155100452 403.514864782553 69454806.2906934 -18723658.3664272
-0.13995 -0.000289703217362087 0.000556918672187441 -16.2508383974662 403.491407343605 69455576.5364985 -18723054.9256546
-0.14 0.000553932253815092 0.000808864021903007 -16.2515610126316 403.467949904657 69456577.8056838 -18722642.5011416
-0.14005 -0.000186979067047994 -0.00161714609160573 -16.2567008439041 403.444492465709 69455649.4084101 -18722357.0696397
-0.1401 0.000461716094839803 0.00267293879409182 -16.2565967107412 403.421035026761 69457831.4987712 -18721894.0251822
-0.14015 -0.00183864277447423 -0.00217637335069956 -16.2627158241476 403.397577587813 69455992.1838362 -18721520.3814841
-0.1402 0.00278901178403833 0.00173632167196374 -16.2591773993029 403.374120148865 69459531.6899746 -18721130.2252433
-0.14025 -0.000960607960216372 -0.00269323038786124 -16.2687345356457 403.350662709917 69456942.7006204 -18720689.2765317
-0.1403 0.00238860386131838 0.00276131033099391 -16.2646004051004 403.32720527097 69460847.0788138 -18720223.9401371
-0.14035 -0.00408209236680164 -0.00118622397951507 -16.2727198922924 403.303747832022 69458106.1051279 -18719795.4718944
-0.1404 0.00230736261672873 0.00274067897741936 -16.2691290329877 403.280290393074 69461859.665265 -18719528.3117526
-0.14045 0.000720762153666248 -0.00379229258650694 -16.2782135411519 403.256832954126 69459535.4145702 -18719023.2713674
-0.1405 1.61628148043371e-05 0.0020454962847884 -16.2760722250283 403.233375515178 69462241.9406808 -18718494.9769048
-0.14055 -0.00262667977678306 0.00116497643970225 -16.2792743554873 403.20991807623 69462016.235806 -18718062.5727281
-0.1406 0.00158985621686471 -0.00201213943552717 -16.2833738864988 403.186460637282 69462150.4346959 -18717730.7860309
-0.14065 0.00141285284385517 0.00172208097629801 -16.28256517435 403.163003198334 69463683.4780908 -18717475.0735555
-0.1407 -0.0034454931459776 -0.00174271147990629 -16.2911713470942 403.139545759386 69461495.0788497 -18716931.0126188
-0.14075 0.00326071376216657 0.00286781157352891 -16.2863466740639 403.116088320438 69466340.2534299 -18716336.6089354
-0.1408 -0.00313136175820907 -0.00396651954906116 -16.2965569716946 403.09263088149 69462167.3561993 -18716091.8142178
-0.14085 0.00348809976878038 0.00450291593215837 -16.2882556496143 403.069173442542 69468117.7054089 -18715671.2471212
-0.1409 -0.00506182987668977 -0.00315604570059066 -16.3007940015909 403.045716003594 69463304.0671404 -18715231.2339315
-0.14095 0.00415436713513241 0.00236550822508297 -16.2944670804806 403.022258564646 69468677.5781848 -18714836.3723988
-0.141 -0.00249641783411778 -0.00245389966885684 -16.3049237033557 402.998801125698 69465244.7342071 -18714382.8373438
-0.14105 0.00125038602466389 0.00224558085525004 -16.2993130418727 402.97534368675 69469327.3583115 -18713903.8694678
-0.1411 -0.000909738484809678 -0.00127402865009634 -16.3063442021604 402.951886247802 69467645.5788489 -18713557.0276655
-0.14115 0.00103691834123234 0.000987465022674869 -16.3066322657007 402.928428808854 69469468.5748739 -18713124.0297595
-0.1412 -0.000544261251661366 -0.000472877941794895 -16.310829812662 402.904971369907 69468819.9098261 -18712799.8921848
-0.14125 -0.00171264638168479 0.00108747682013225 -16.31296978637 402.881513930959 69469522.4688929 -18712358.1365361
-0.1413 0.00172307774505429 -0.000433695028999976 -16.3134773890594 402.858056492011 69470998.1566483 -18711856.6053855
-0.14135 -0.000935478313174279 -0.000833656811335224 -16.3191817983832 402.834599053063 69470222.4435933 -18711501.6003972
-0.1414 0.00191871350404607 0.00183184138941447 -16.3170887783709 402.811141614115 69473010.7691802 -18711044.7617316
-0.14145 -0.00210682333748641 -0.00237649176169982 -16.3247162728035 402.787684175167 69470810.8029751 -18710645.4292545
-0.1415 0.00296480906629399 0.0020937785244716 -16.3205001942773 402.764226736219 69474710.3012667 -18710144.4186824
-0.14155 -0.00215171084644681 -0.0028296730093852 -16.3289562417593 402.740769297271 69472116.8066782 -18709712.878117
-0.1416 0.00257528323936257 0.00260169316221871 -16.3247531359895 402.717311858323 69476303.2057147 -18709273.6672888
-0.14165 -0.00388255963305502 -0.00211252340263225 -16.3352519760453 402.693854419375 69472349.794765 -18708970.4408554
-0.1417 0.00239187608670004 0.00206524680452898 -16.3301472276844 402.670396980427 69476810.9077295 -18708535.1609405
-0.14175 -0.00239091515127409 -0.00113202716467107 -16.3371282791222 402.646939541479 69474558.4512994 -18708164.8981529
-0.1418 0.000944176055370649 0.000585024049125483 -16.3369178983211 402.623482102531 69476851.0256802 -18707725.6860331
-0.14185 -0.00094102274865094 -1.681652951937e-05 -16.3400285965608 402.600024663583 69477057.3978499 -18707163.0430185
-0.1419 3.89264750035853e-05 -0.00198466685711589 -16.3428029246213 402.576567224635 69477661.7143692 -18706629.7997195
-0.14195 0.00031265291060824 0.00179438265829036 -16.3423869750581 402.553109785687 69479442.2626971 -18706311.8146625
-0.142 -0.00112797335206301 -0.00154621132384563 -16.3490400047195 402.529652346739 69477727.0628735 -18706017.4323218
-0.14205 0.00157551120784018 0.00192464660276582 -16.3475132414633 402.506194907791 69480322.9067001 -18705598.5500438
-0.1421 -0.00174904306100655 -0.00125289735759272 -16.3534409166277 402.482737468843 69478679.5321617 -18705234.5365287
-0.14215 0.00174671362439848 0.000394027885643024 -16.3511563014183 402.459280029896 69481413.1388651 -18704765.8889311
-0.1422 -0.00122387160667904 -0.000419673669700636 -16.3561895605656 402.435822590948 69480854.9750974 -18704266.9446072
-0.14225 -5.42943540420422e-05 0.000475951167930785 -16.3551820638911 402.412365152 69482517.0794386 -18703945.5030993
-0.1423 0.00100464470709797 -0.000816889591444341 -16.3603881531998 402.388907713052 69482568.0934238 -18703403.2377923
-0.14235 -0.00143890575538263 0.00134819107910453 -16.3632758891146 402.365450274104 69482759.8856642 -18703090.9107886
-0.1424 0.000580837943661069 -0.000338783207610109 -16.3643061161548 402.341992835156 69483588.7413054 -18702647.750446
-0.14245 0.000712737733656369 -0.000822913868786126 -16.3670805641347 402.318535396208 69484033.106968 -18702282.7737376
-0.1425 -0.00106054725644869 0.000906388462480354 -16.3683792564687 402.29507795726 69484976.4710655 -18701763.5317503
-0.14255 -0.000300380200071474 -0.000175122340249576 -16.3713925421345 402.271620518312 69485571.2343076 -18701354.3820061
-0.1426 0.00222265826575289 -0.000482875112226613 -16.3711674169311 402.248163079364 69486943.4582077 -18700954.379138
-0.14265 -0.00158232822027118 -0.00101694067598706 -16.3773580547379 402.224705640416 69485820.2588853 -18700505.4224661
-0.1427 0.000853674823514884 0.0018897148935918 -16.3755147450829 402.201248201468 69488234.1088326 -18700098.1925392
-0.14275 -0.0016338991536944 -0.0014191498022229 -16.3814078355153 402.17779076252 69487020.8326863 -18699660.9218648
-0.1428 0.00127951009748986 0.000322475982776754 -16.3806117801696 402.154333323572 69489193.7614954 -18699233.5305649
-0.14285 -0.00128902614754808 -0.00126166100020931 -16.3848839432719 402.130875884624 69488624.4770455 -18698782.4227383
-0.1429 -0.00129230319023693 0.00274507582018811 -16.3844479531639 402.107418445676 69491075.5523654 -18698238.782499
-0.14295 0.000163006851248052 -0.00212390927985252 -16.3896482415708 402.083961006728 69490010.1733295 -18697956.0299567
-0.143 0.000667960971630278 -0.000640226602557137 -16.3903621865931 402.06050356778 69490821.8617322 -18697626.7861268
-0.14305 -0.000643959984226191 0.00135407701459814 -16.3917661820432 402.037046128833 69491890.9359976 -18697182.3826071
-0.1431 -0.000767907514127499 -0.000253765827104783 -16.3952725138875 402.013588689885 69491805.3872581 -18696812.4327093
-0.14315 0.00179251073499382 -1.93453529731117e-05 -16.3941436722622 401.990131250937 69493952.4868542 -18696285.639054
-0.1432 -0.00109990135351518 0.000177332332003484 -16.3990118963032 401.966673811989 69493265.5345398 -18695901.8132687
-0.14325 -0.00043662297455474 0.00187776879826676 -16.3996259110299 401.943216373041 69495052.0391477 -18695368.4607237
-0.1433 0.000789237382533132 -0.00204731132349383 -16.4028507537521 401.919758934093 69494683.9582781 -18694958.8661102
-0.14335 0.000649917479191615 -0.000914151197206964 -16.4050734358911 401.896301495145 69495279.350015 -18694656.6616534
-0.1434 -0.000984507344657402 0.00234957744640248 -16.407749126277 401.872844056197 69495902.5452964 -18694306.120789
-0.14345 -0.000460213831899507 -0.000967129175037706 -16.4099577901536 401.849386617249 69496504.8235357 -18693777.4800775
-0.1435 0.00317944390145452 -0.000835103969321481 -16.4086873316808 401.825929178301 69498452.2597704 -18693308.7074965
-0.14355 -0.00285866509745717 -0.000389991243213934 -16.4161905589273 401.802471739353 69496713.3817419 -18693019.3885711
-0.1436 0.00142209062614822 0.00477212822226878 -16.412005987217 401.779014300405 69500697.836204 -18692511.3206224
-0.14365 -0.00231702588621776 -0.00523013890469595 -16.4218578927666 401.755556861457 69496579.4489525 -18692130.3722957
-0.1437 0.00494383446389296 0.00281825692527634 -16.4146294460109 401.732099422509 69502304.8006913 -18691681.5685657
-0.14375 -0.00590944754330135 -0.00299592647377838 -16.4276708793594 401.708641983561 69497382.4430876 -18691295.4511811
-0.1438 0.00457897416712772 0.00452682430559091 -16.4183502428451 401.685184544613 69504355.1993391 -18690746.0152154
-0.14385 -0.00259600427138436 -0.00503593268684991 -16.4303089891113 401.661727105665 69499381.0069079 -18690311.1146719
-0.1439 0.00297895124882692 0.00336645237943292 -16.4242408710708 401.638269666717 69504650.945932 -18689874.5455723
-0.14395 -0.00315056137596728 -0.000429264489988011 -16.432318984786 401.61481222777 69501605.197621 -18689617.9462041
-0.144 0.000945145737648439 0.00101198851884618 -16.431407870922 401.591354788822 69504035.8263946 -18689215.595412
-0.14405 0.00169053741760525 -0.00105908637955553 -16.4340153255319 401.567897349874 69504234.6343558 -18688757.409334
-0.1441 -0.00242584614196435 -0.000597662111121827 -16.4368619770857 401.544439910926 69504246.6441837 -18688252.9632571
-0.14415 0.00272629474604921 0.00223088287190062 -16.4342460995684 401.520982471978 69507544.2185112 -18687795.4856893
-0.1442 -0.00488245247661214 -0.0033808315324026 -16.4441098186491 401.49752503303 69503963.9551215 -18687369.1222623
-0.14425 0.00598915171156876 0.00416653821849488 -16.4350936530013 401.474067594082 69510677.216465 -18686963.4231109
-0.1443 -0.00557202142366281 -0.00506852589084902 -16.4515876676605 401.450610155134 69503961.3136937 -18686556.3991398
-0.14435 0.00484086465194109 0.00565868054273199 -16.4380802057469 401.427152716186 69512126.2283258 -18686078.9387527
-0.1444 -0.00576085490621381 -0.00650863007800578 -16.4546460935498 401.403695277238 69504934.5524762 -18685699.5808085
-0.14445 0.00536598352841187 0.00437924876636496 -16.4434007330381 401.38023783829 69512865.9324356 -18685318.8792282
-0.1445 -0.00534239977300508 -0.0030106244951759 -16.4566922829924 401.356780399342 69507733.3039927 -18684844.1371676
-0.14455 0.0029994914721909 0.00331794901991362 -16.448548541699 401.333322960394 69513636.1544422 -18684321.4272572
-0.1446 -0.00190784469541373 -0.00381910262300947 -16.4584802619475 401.309865521446 69510119.8741042 -18683884.7820086
-0.14465 0.00161123837206217 0.00256005911365174 -16.454135463849 401.286408082498 69513851.4509839 -18683626.2981557
-0.1447 -0.00114320501416143 -0.00159840959540986 -16.4606741323171 401.26295064355 69511648.5945877 -18683296.6504572
-0.14475 0.000267797152672364 0.00150061405564287 -16.461401126501 401.239493204602 69513731.1587975 -18682823.2134046
-0.1448 -0.00077930650066856 -0.000395065812625452 -16.4636793755808 401.216035765654 69514350.4540567 -18682201.8459917
-0.14485 0.000700170777338974 -0.00059084768016532 -16.4648853404146 401.192578326707 69515114.4910751 -18681908.9364704
-0.1449 -1.96553193105265e-05 -0.00048022941893788 -16.467090711638 401.169120887759 69515800.6801137 -18681404.9289474
-0.14495 -0.00151354336159834 -0.000122322821039224 -16.4692324155446 401.145663448811 69516147.9849484 -18680967.1595744
-0.145 -7.4041243618728e-05 0.00158134727032453 -16.4698412739588 401.122206009863 69517611.3001718 -18680564.1840915
-0.14505 -0.000442616688624052 -0.00197697582596865 -16.4750217595839 401.098748570915 69516613.297534 -18680249.5201541
-0.1451 0.00211548129092613 0.000756406883163441 -16.4725046093728 401.075291131967 69519271.4462574 -18679775.0097893
-0.14515 -0.0041468131598584 0.000915483201415546 -16.4774622513476 401.051833693019 69518593.1015318 -18679198.2390553
-0.1452 0.00272042173868025 0.000404764328013521 -16.4748940964486 401.028376254071 69521229.9381691 -18678786.6425632
-0.14525 -0.000497314287636826 -0.00363528165494069 -16.4808556697404 401.004918815123 69519576.5766664 -18678358.8342685
-0.1453 0.0023461293573396 0.0027912833077527 -16.4786371734239 400.981461376175 69522690.0277521 -18678086.4747337
-0.14535 -0.00288448887420746 -0.0015755624265792 -16.483749864777 400.958003937227 69520772.8250759 -18677641.7002389
-0.1454 0.00206292080787474 0.00163973204237194 -16.4815243325204 400.934546498279 69524353.0160303 -18677094.5091206
-0.14545 -0.00179123956539672 -0.002555938380207 -16.4892269344944 400.911089059331 69522135.0761143 -18676711.8224761
-0.1455 0.000667389049382073 0.00253943534808268 -16.4843061867375 400.887631620383 69525949.3183374 -18676263.4911996
-0.14555 -0.00135996839133454 -0.00253847332316738 -16.4919207147272 400.864174181435 69523807.7429341 -18675872.1741515
-0.1456 0.00217023838646081 0.00142555134839066 -16.4890273452951 400.840716742487 69527008.9911819 -18675439.1365377
-0.14565 -0.00224973888989168 -0.00109987036774325 -16.495101847424 400.817259303539 69525531.4121578 -18675020.8989894
-0.1457 0.000214656659826038 0.00164405328936459 -16.4940770877106 400.793801864591 69527882.4912199 -18674492.3801517
-0.14575 7.02617506851594e-06 -0.000274585677205328 -16.4971158676494 400.770344425643 69527933.5751592 -18674079.8832255
-0.1458 0.00115470629095854 -0.001097073330832 -16.4981936495733 400.746886986696 69528712.6414805 -18673691.3153925
-0.14585 0.00023725154357806 0.000949642875827597 -16.4985196866196 400.723429547748 69529835.8028885 -18673308.7432465
-0.1459 -0.00244432759845274 -0.000708953106831685 -16.5036541313344 400.6999721088 69529137.565422 -18672837.3601648
-0.14595 0.00296297814804672 0.000932395002475574 -16.4992104569406 400.676514669852 69532635.3342802 -18672361.929038
-0.146 -0.000648251770824235 -0.00335078413698271 -16.5069184927223 400.653057230904 69530382.4085573 -18671966.4753253
-0.14605 0.00236514054353507 0.00312651559820834 -16.5037640748918 400.629599791956 69534197.4010408 -18671483.3673241
-0.1461 -0.00427249259101123 -0.000799153831755668 -16.5127277329017 400.606142353008 69531006.0644602 -18671148.1967232
-0.14615 0.00278877928940187 0.00214523638348136 -16.5075234503775 400.58268491406 69535151.9443652 -18670764.2072034
-0.1462 0.000298117126826293 -0.00467016443483215 -16.5144581741106 400.559227475112 69532538.4566409 -18670366.9388323
-0.14625 0.000824563065647978 0.00380003114304046 -16.510297979453 400.535770036164 69536883.3219501 -18669853.3540689
-0.1463 -0.00336855770021984 0.000164208523857897 -16.5168340299305 400.512312597216 69535194.0412897 -18669344.3914963
-0.14635 0.00199844334456455 0.000813647998867581 -16.5165934409196 400.488855158268 69537415.8124948 -18668990.6471006
-0.1464 0.000338315489277312 -0.00133852262416308 -16.5181340823298 400.46539771932 69537368.363426 -18668525.6113474
-0.14645 -0.000922377474797699 0.000173305799809272 -16.5198686857393 400.441940280372 69537911.9837258 -18668078.1587507
-0.1465 -0.000107648456067377 0.00162523713588624 -16.5207719045239 400.418482841424 69539398.3587037 -18667681.1212587
-0.14655 -0.00141201252681986 -0.0020633138585837 -16.5244685956258 400.395025402476 69538689.0247772 -18667215.4259845
-0.1466 0.00335515066179821 0.00166743247922913 -16.5209333096862 400.371567963528 69542348.9923162 -18666737.4733248
-0.14665 -0.00387527541185929 -0.00192238307513718 -16.5299082456644 400.34811052458 69539268.8035934 -18666376.280119
-0.1467 0.00379320650000779 0.00507660276029606 -16.5229436989833 400.324653085633 69544957.9466182 -18665891.2026634
-0.14675 -0.00441164826865878 -0.0053061404480355 -16.5347025313895 400.301195646685 69539398.8839219 -18665509.1050734
-0.1468 0.00507082674732241 0.00505919306824169 -16.5233538431813 400.277738207737 69546960.1484919 -18665086.8573623
-0.14685 -0.00545628324570746 -0.00360954612778637 -16.538572224626 400.254280768789 69541190.8714427 -18664638.1452803
-0.1469 0.0041072919657935 0.00253121195694742 -16.5288543200637 400.230823329841 69547581.9588572 -18664150.1277567
-0.14695 -0.00238206012953382 -0.00137693191793905 -16.5362353305405 400.207365890893 69544915.2099075 -18663755.7324724
-0.147 0.0010977841999456 0.00130577272948562 -16.5350881717739 400.183908451945 69547736.8057696 -18663336.1436863
-0.14705 0.00111034559246793 -0.000742827625247717 -16.5373535669793 400.160451012997 69547753.7986279 -18662871.5005959
-0.1471 -0.00250143287733417 -0.00124384166106827 -16.5414649056405 400.136993574049 69546706.0736214 -18662576.3450207
-0.14715 0.000924952834268653 0.00439381376283782 -16.5361821891893 400.113536135101 69550913.457396 -18662080.0465696
-0.1472 -0.00183063915237075 -0.00477156141411744 -16.5472861271942 400.090078696153 69547518.2251386 -18661586.2271831
-0.14725 0.00572564649009032 0.00423856940124087 -16.5381593994178 400.066621257205 69553797.6299846 -18661217.7812846
-0.1473 -0.00687352580231148 -0.00342353294693493 -16.5523246961785 400.043163818257 69547793.5550522 -18660726.6014847
-0.14735 0.00520349128600152 0.00475554020869667 -16.5403779409241 400.019706379309 69555436.3993153 -18660318.7766551
-0.1474 -0.00273637114610261 -0.00588359001999418 -16.5553557923681 399.996248940361 69549417.9912939 -18659993.5582979
-0.14745 0.00363809654311102 0.00484828959516094 -16.5448030008856 399.972791501413 69556355.5198752 -18659485.1609459
-0.1475 -0.00384470322727067 -0.0043625802073042 -16.5544227141871 399.949334062465 69552196.0025661 -18659014.1136556
-0.14755 0.00236245871437897 0.00284659778427278 -16.5474368110962 399.925876623517 69557689.5458928 -18658504.4586983
-0.1476 -0.00288170060144213 -0.00180532361863277 -16.5563750279439 399.90241918457 69554634.7841765 -18658145.6347758
-0.14765 0.00211471097402916 0.00191505710178885 -16.552233206266 399.878961745622 69558249.047656 -18657743.7268217
-0.1477 -0.00103700224674024 -0.000867211764180864 -16.5575377768602 399.855504306674 69557122.0291231 -18657244.5171853
-0.14775 -0.000655080480853532 0.0004342761756501 -16.5578726418501 399.832046867726 69558708.6212881 -18656772.399097
-0.1478 0.00115176317760672 0.000973098932114753 -16.5567880141172 399.808589428778 69560416.9156234 -18656316.4407294
-0.14785 -0.00017856444477932 -0.00189907375722492 -16.5610376377168 399.78513198983 69559656.8360362 -18655960.5375998
-0.1479 -8.79424924207528e-05 0.00285744858855415 -16.5571451081773 399.761674550882 69562359.9500442 -18655480.8597719
-0.14795 -0.00212453783124636 -0.00116458936361828 -16.5643317915782 399.738217111934 69560686.9514029 -18655152.1145454
-0.148 0.00294200736419558 0.000892221397176692 -16.5609458373249 399.714759672986 69563876.9038052 -18654775.5871126
-0.14805 -0.0012161886909326 -0.00289325395413739 -16.5659646839146 399.691302234038 69562593.9291362 -18654132.0607746
-0.1481 -0.000218982350173223 0.0034651523391593 -16.5623721024161 399.66784479509 69566089.4174328 -18653645.4341156
-0.14815 -0.00181822087523814 -0.000732787595354778 -16.5692751556531 399.644387356142 69564378.0192705 -18653321.9465468
-0.1482 0.00286412135585343 -0.000197096001602355 -16.5668270351328 399.620929917194 69566773.7213529 -18652964.9847692
-0.14825 -0.00121304065525188 -0.00111587680585961 -16.5699939877642 399.597472478246 69566327.8470198 -18652466.4735522
-0.1483 -1.04208455237409e-06 0.00201155978409849 -16.5686769774451 399.574015039298 69568482.2511364 -18652109.0465352
-0.14835 -0.000912406985585754 -0.000526964132980332 -16.5717943708026 399.55055760035 69568507.0236401 -18651599.0478469
-0.1484 0.00131447418853676 0.000271060482422808 -16.5714945687592 399.527100161402 69570259.0247917 -18651138.8245008
-0.14845 0.000652418987053758 -0.000892681784450821 -16.5747702526868 399.503642722454 69570198.1999961 -18650721.9771291
-0.1485 -0.000725430798235579 0.000840298050971604 -16.5765078661664 399.480185283507 69570737.2650856 -18650375.4281927
-0.14855 0.000436182365754772 0.000321234513829102 -16.578521407368 399.456727844559 69571361.5808064 -18649988.1400787
-0.1486 8.74466206416263e-05 0.000250684712983453 -16.578926252939 399.433270405611 69572501.4951966 -18649494.7879678
-0.14865 0.00138814222400481 -0.000257187874663595 -16.5789740911545 399.409812966663 69573960.1091582 -18648979.3514562
-0.1487 -0.000529163369604629 0.000737742111180854 -16.5800785959441 399.386355527715 69574624.4719454 -18648482.0844325
-0.14875 -0.000560808050700833 -0.000622434875015767 -16.581337033933 399.362898088767 69575351.172253 -18648014.9365701
-0.1488 0.000889113932855549 -0.000590036445543194 -16.581000937242 399.339440649819 69576720.2465389 -18647574.7815811
-0.14885 -0.00020990559924235 0.000641886662596386 -16.5844028629195 399.315983210871 69576880.9647991 -18647246.1918359
-0.1489 -0.00123052063529581 0.00085136715052593 -16.5845139139337 399.292525771923 69577663.1454529 -18646876.59314
-0.14895 0.00121566987540605 -0.000556725234155871 -16.5832744169071 399.269068332975 69579243.1086392 -18646482.1633051
-0.149 -0.000277835249135803 -0.000430895510520959 -16.5864617634118 399.245610894027 69579714.4879871 -18645871.4132301
-0.14905 4.59962369052328e-05 0.00172484770965913 -16.5867011504651 399.222153455079 69581138.7574698 -18645483.7353246
-0.1491 -0.000185573247868957 3.08018209517085e-05 -16.5876533400282 399.198696016131 69581487.6698703 -18645092.7447062
-0.14915 0.00150259878205873 0.00228355721202986 -16.5846188547927 399.175238577183 69584000.5413494 -18644626.8581334
-0.1492 -0.0011967598166338 -0.00195632498923066 -16.5902472826514 399.151781138235 69582720.0201606 -18644093.2494258
-0.14925 0.00203936415067613 0.00373329112435913 -16.5863146379639 399.128323699287 69586484.7935714 -18643734.7591038
-0.1493 -0.00287624100160317 -0.00136123746592431 -16.5933909859003 399.104866260339 69584068.5954672 -18643243.1860611
-0.14935 0.0051629541784781 0.00149793650454917 -16.5887458962752 399.081408821391 69588434.0763371 -18642835.7231877
-0.1494 -0.00360814252636115 -0.00259541378585131 -16.5971668945857 399.057951382443 69584788.7930329 -18642493.1118961
-0.14945 0.000910703291249446 0.00238611125329668 -16.5913981725933 399.034493943496 69589128.4319261 -18641984.7603956
-0.1495 -0.000507496536508673 -0.00218736700041321 -16.5960138584951 399.011036504548 69587997.971726 -18641570.0622519
-0.14955 0.000750168823969617 0.00229114515819566 -16.5910699839437 398.9875790656 69591262.3850621 -18641132.8546283
-0.1496 -0.000808655440135563 -0.00102865318990708 -16.595802053604 398.964121626652 69590699.4093775 -18640520.4687277
-0.14965 -6.3402942756331e-06 0.000496159589580253 -16.5957859218302 398.940664187704 69592108.5454482 -18640231.9893215
-0.1497 0.00136796320040641 0.00146297514053832 -16.5967247043044 398.917206748756 69593826.8399323 -18639724.7155157
-0.14975 -0.0017443065778631 -0.00301405748529766 -16.6014549026729 398.893749309808 69591999.039209 -18639268.4975053
-0.1498 0.00258262309286574 0.00492431985958475 -16.5939776323554 398.87029187086 69597019.8662917 -18638973.3625823
-0.14985 -0.00427730612180706 -0.00498715139925942 -16.6079314448807 398.846834431912 69591723.1154401 -18638453.7993666
-0.1499 0.00602424581885986 0.00357399452402714 -16.5951442138112 398.823376992964 69599527.2626592 -18638023.2442241
-0.14995 -0.00397713916996144 -0.00396419841714238 -16.6091760561875 398.799919554016 69594076.1188016 -18637558.0115365
-0.15 0.00295050904242791 0.00503907815629471 -16.5961996163126 398.776462115068 69601386.7619765 -18637047.6438488
-0.15005 -0.0026259144912888 -0.0040162525344104 -16.6076182550389 398.75300467612 69597129.3944619 -18636628.2860366
-0.1501 0.00216097444255534 0.00102820491213987 -16.6018622386363 398.729547237172 69601413.2862829 -18636189.8646857
-0.15015 -0.00114276559350371 -0.000271783330242639 -16.6037422105949 398.706089798224 69601501.7679978 -18635679.9198695
-0.1502 -0.00175536687370953 0.000708519962490883 -16.6035394789409 398.682632359276 69602569.4163866 -18635190.380436
-0.15025 0.00173755186813678 0.000516812970603038 -16.6031672955787 398.659174920328 69604173.7842475 -18634896.7165892
-0.1503 -0.000140115578028709 -0.00333805973593537 -16.6077787951824 398.63571748138 69602829.7831361 -18634559.1016142
-0.15035 0.00141318757236908 0.00326222207877558 -16.6023438858526 398.612260042433 69606756.8667253 -18634020.1915942
-0.1504 -0.00452597041145929 -0.00173479600682804 -16.6082808821991 398.588802603485 69604686.3201669 -18633507.0755375
-0.15045 0.00472094099234786 0.00109733076510082 -16.599290177889 398.565345164537 69610175.9244236 -18633049.9466304
-0.1505 -0.00222838031174105 -0.00399927898587683 -16.6112106331153 398.541887725589 69606000.0798955 -18632713.1605254
-0.15055 0.00257390654838154 0.00539110743100117 -16.6003390988606 398.518430286641 69612319.0379251 -18632292.3405998
-0.1506 -0.00453220074818407 -0.00142993904557882 -16.61202347827 398.494972847693 69608125.1236151 -18631763.5272731
-0.15065 0.00381594751886188 0.000711893918094885 -16.602378611647 398.471515408745 69613775.9424219 -18631220.7512447
-0.1507 0.000544515658567741 -0.0020366465325445 -16.6052812583578 398.448057969797 69613042.3033292 -18630820.9183238
-0.15075 -0.00155834407999221 0.0024394649309369 -16.603586222822 398.424600530849 69614752.4244096 -18630400.6676611
-0.1508 0.000690393707380625 0.000773534202590269 -16.604889937146 398.401143091901 69615354.4746019 -18630101.9939306
-0.15085 0.000165635211096661 -0.00340051862586114 -16.6092465660955 398.377685652953 69614526.7480828 -18629660.5624138
-0.1509 0.00177791413603572 0.00148724732964211 -16.6041878013023 398.354228214005 69618311.3865536 -18629114.0083884
-0.15095 -0.00581448487844626 0.000439489248929888 -16.6095365688026 398.330770775057 69616674.2319313 -18628657.1387437
-0.151 0.00449230830250921 0.00130355877659122 -16.6050796788609 398.307313336109 69621110.7889045 -18628190.7992926
-0.15105 -0.00165834679636898 -0.005494896729694 -16.6136042090324 398.283855897161 69617432.8846653 -18627817.4747088
-0.1511 0.00190903657507361 0.00660692795596696 -16.6030118898756 398.260398458213 69624147.7762179 -18627336.0272814
-0.15115 -0.00512233015723528 -0.00374836998700121 -16.6153487646301 398.236941019265 69619490.7807662 -18626699.6902854
-0.1512 0.00531756134286276 0.00144073276249935 -16.6017967484469 398.213483580317 69626454.8795259 -18626375.7774286
-0.15125 -0.00233453369538017 -0.00233038125481139 -16.6108034461524 398.19002614137 69623228.9543054 -18625984.9563628
-0.1513 -0.00197583414455039 0.00491292236481539 -16.6043603787308 398.166568702422 69627014.4055761 -18625549.8976652
-0.15135 -0.000234894915318703 -0.00220885807602342 -16.6103728465018 398.143111263474 69625560.8692878 -18625194.3114015
-0.1514 0.00234114846737799 -0.00200039713254739 -16.6085576979225 398.119653824526 69628165.0792246 -18624492.6390867
-0.15145 -0.000721115292935486 0.00225677604516718 -16.6076691018699 398.096196385578 69629456.6576799 -18624205.073714
-0.1515 -0.00228364237394654 0.00011476607098831 -16.6098910373871 398.07273894663 69629238.011085 -18623825.7089249
-0.15155 0.00366840886457107 -0.000227365067082691 -16.6082318837111 398.049281507682 69631993.4788443 -18623256.0509449
-0.1516 -0.00184209438870706 -0.00501491601681178 -16.6129553626957 398.025824068734 69630185.0226601 -18622771.690586
-0.15165 0.00119226696157309 0.00619334438680263 -16.6032601226709 398.002366629786 69636209.566349 -18622352.3764158
-0.1517 -0.00364077465126443 -0.00177298564195214 -16.6127626808773 397.978909190838 69632574.5819962 -18621915.2363596
-0.15175 0.00471832095675536 0.000998029771445689 -16.6031216477867 397.95545175189 69638028.3560574 -18621444.8226436
-0.1518 -0.00254644755730244 -0.00356656013752118 -16.6128764210621 397.931994312942 69634207.4661095 -18621147.1814089
-0.15185 0.00180348468043046 0.0039338532924334 -16.6034723602403 397.908536873994 69639411.5206762 -18620758.4841743
-0.1519 -0.00239041997691843 -0.00147075599655647 -16.6079284558193 397.885079435046 69637996.0499691 -18620221.9552501
-0.15195 0.00328749390885672 -0.000736604230554674 -16.6012830425941 397.861621996098 69642152.7421298 -18619636.6423325
-0.152 0.000956541753451952 -0.00145723070847985 -16.6026989050846 397.83816455715 69642415.175451 -18619185.6091523
-0.15205 -0.00264042965103774 0.0021346379355849 -16.6035264902256 397.814707118202 69643482.05845 -18618715.7659529
-0.1521 -0.0004195067403717 -1.25140741322708e-06 -16.599937772423 397.791249679254 69645372.7288201 -18618198.4251382
-0.15215 0.00138361451871174 -0.00245088893587182 -16.6011829893707 397.767792240307 69645696.6344705 -18617909.7483225
-0.1522 -0.000746233917870194 0.00156039498792377 -16.5983330536014 397.744334801359 69647607.0078221 -18617542.6486613
-0.15225 -0.0029879373869014 0.00109491869539794 -16.5974032933435 397.720877362411 69648488.3793563 -18617024.4715642
-0.1523 0.00111205028395944 -0.000272668635472776 -16.5949503617739 397.697419923463 69651029.8457162 -18616484.7535839
-0.15235 0.000655598457945452 -0.00303368187434554 -16.5957720608293 397.673962484515 69651477.7039595 -18615990.918484
-0.1524 -0.00105141248307381 0.00331154293323939 -16.590100327553 397.650505045567 69654408.6525698 -18615613.7858764
-0.15245 -0.00310318778407157 -0.000107241999312426 -16.5930813983395 397.627047606619 69653875.882713 -18615131.3227725
-0.1525 0.00371893785748965 1.75568259764177e-05 -16.5870103884571 397.603590167671 69657787.6197963 -18614652.0563137
-0.15255 -0.000970764734669471 -0.00329918030790085 -16.588099264307 397.580132728723 69657108.0897252 -18614198.6457427
-0.1526 0.00050550492439758 0.0040250914594308 -16.5830058601727 397.556675289775 69661134.6230922 -18613736.3871863
-0.15265 -0.00266439571654365 -0.00170280885882173 -16.5857001220323 397.533217850827 69659723.4545045 -18613391.6516965
-0.1527 0.00273975933818318 0.000339950666082363 -16.5766236301059 397.509760411879 69664082.0178566 -18612947.4990546
-0.15275 -0.000957965636549421 -0.00144047393427307 -16.5776850970397 397.486302972931 69663739.190695 -18612493.4424561
-0.1528 -0.00120525078464433 0.00157792681357671 -16.5739202397101 397.462845533983 69666357.6439283 -18612035.7008597
-0.15285 -0.000888480241784459 -0.000245066070135736 -16.5714960845707 397.439388095035 69667874.527145 -18611504.7491221
-0.1529 -5.53836331545146e-05 -0.00031934681485623 -16.5694679044341 397.415930656087 69669504.2077177 -18611178.8560752
-0.15295 0.000749535849854448 -0.000107646328311492 -16.5662451127593 397.392473217139 69671478.0672788 -18610734.9815739
-0.153 -0.00228565030691956 0.00233528632150976 -16.5643259367554 397.369015778191 69672649.5321655 -18610371.4405775
-0.15305 0.000853797350084329 0.000226664357529142 -16.5582808322479 397.345558339243 69675007.0231197 -18610001.7846725
-0.1531 -0.000581115604066227 -0.00235728427308371 -16.5549153785584 397.322100900296 69676115.2653385 -18609536.5341673
-0.15315 -0.000136921999971586 0.00265814709539944 -16.5461987364644 397.298643461348 69680308.003435 -18609063.3634114
-0.1532 -0.00324616921540293 0.000128401851255901 -16.5443293372141 397.2751860224 69680843.0628047 -18608646.8923711
-0.15325 0.0020673689394769 -0.0015276324785763 -16.5349100400655 397.251728583452 69684494.2539261 -18608260.5301574
-0.1533 0.000126659322499505 -0.00147537874652263 -16.5305454424763 397.228271144504 69685875.7244139 -18607993.6698018
-0.15335 -0.00076196540016106 0.000312913274849188 -16.5185164439477 397.204813705556 69689467.2199233 -18607760.9467966
-0.1534 -0.000395278617766719 0.00170366663528283 -16.5085721631564 397.181356266608 69692553.3422792 -18607483.1555643
-0.15345 0.00145152497861409 -0.00361149256659511 -16.4988309821708 397.15789882766 69694585.3265046 -18607250.2817031
-0.1535 0.00121028586127616 0.000332766451858697 -16.4782047879135 397.134441388712 69700538.5951939 -18607012.772009
-0.15355 -0.0037304219956119 0.00121429594332177 -16.4669789560699 397.110983949764 69702776.5353637 -18606810.4715409
-0.1536 0.00191355518582969 -0.00190106726920968 -16.4466311900993 397.087526510816 69708091.7343266 -18606784.7352883
-0.15365 2.49142773596398e-05 -0.00160829137900066 -16.4275876088447 397.064069071868 69712318.3419956 -18606702.476731
-0.1537 -0.00123926179880407 0.000110338392811952 -16.4032642327296 397.04061163292 69717805.8840129 -18606785.3511746
-0.15375 -0.00110491570229667 3.54270460362494e-05 -16.3762991202571 397.017154193972 69723521.2466652 -18607012.4178064
-0.1538 0.00115326290256365 -0.00191846612414544 -16.3451062642655 396.993696755024 69730490.713602 -18607268.545785
-0.15385 0.000776116735834268 -0.00223255690687565 -16.311105655136 396.970239316076 69737105.5594741 -18607678.8287569
-0.1539 -0.00262485818168072 0.000940393064623556 -16.272158443936 396.946781877128 69744791.0491532 -18608292.9955018
-0.15395 0.00186565694167007 -0.000972433204068512 -16.2252444889893 396.92332443818 69754027.776113 -18609182.4908627
-0.154 -0.000728102947397298 -0.00160532137181155 -16.1751835241249 396.899866999233 69763074.5283677 -18610087.7631469
-0.15405 0.000335889257796856 0.00022925251792102 -16.1149875687297 396.876409560285 69774346.7113979 -18611350.7697513
-0.1541 -0.00171513374693579 -0.00171588614432622 -16.0546219241345 396.852952121337 69784135.3717838 -18612861.3644982
-0.15415 -0.00314088798327595 0.000988673163199209 -15.9789625459163 396.829494682389 69797393.8556798 -18614715.0149357
-0.1542 0.00118594649141356 -0.00397969026817648 -15.8952614872548 396.806037243441 69811637.4689458 -18616776.3958932
-0.15425 -0.00194593780342305 -0.00168685900706697 -15.7988623543256 396.782579804493 69827581.8459222 -18619233.4776818
-0.1543 -0.00517455442384606 -0.00136959264189821 -15.6921060089426 396.759122365545 69844166.0297754 -18622183.9973964
-0.15435 -0.00285685636613847 -0.00380691680580253 -15.5747283143117 396.735664926597 69862804.8836993 -18625541.6525529
-0.1544 -0.000727943277275552 -0.00269601433850549 -15.4400234541464 396.712207487649 69884928.771741 -18629435.2782144
-0.15445 -0.00125809927025483 -0.00556121200334187 -15.2940101363829 396.688750048701 69906526.3394452 -18633803.065037
-0.1545 -0.00466160790744301 -0.00261336257187409 -15.1334864060602 396.665292609753 69930767.162576 -18638739.3092906
-0.15455 -0.00361952681577868 -0.00677223119374852 -14.9545375758569 396.641835170805 69956927.2792298 -18644231.7880271
-0.1546 -0.00293708762241651 -0.0099797781276421 -14.7577864978159 396.618377731857 69985602.8568649 -18650392.5609179
-0.15465 -0.0039205637804577 -0.00783957091644444 -14.540514382959 396.594920292909 70017224.3209478 -18657437.1344375
-0.1547 -0.00719242192841558 -0.0100072191634114 -14.3047255066018 396.571462853961 70049528.5117807 -18665232.9530786
-0.15475 -0.00326884137984826 -0.00935086077203194 -14.0498612109124 396.548005415013 70085812.3744482 -18673763.4335058
-0.1548 -0.00484580445373764 -0.0111513879678028 -13.7825961068785 396.524547976065 70120481.5470785 -18683108.834127
-0.15485 -0.0081560250841168 -0.0108509987906191 -13.4929743799226 396.501090537117 70158367.1231104 -18693123.388298
-0.1549 -0.00759561561635594 -0.0130758475491825 -13.1792913415675 396.47763309817 70198597.3069211 -18703960.5590366
-0.15495 -0.00667193014436123 -0.0164792030869417 -12.8514315814116 396.454175659222 70240225.2847629 -18715378.8499004
-0.155 -0.00723935883796504 -0.0175268697706483 -12.510455103526 396.430718220274 70281170.7410034 -18727847.4304875
-0.15505 -0.00677080839035043 -0.017973695931953 -12.151074769131 396.407260781326 70324770.1962054 -18740607.089152
-0.1551 -0.0088818725276819 -0.0196097910135864 -11.7781696478677 396.383803342378 70367624.7423414 -18754067.3678205
-0.15515 -0.00783703660475327 -0.0216375929377351 -11.3921826725008 396.36034590343 70412471.177586 -18768033.824613
-0.1552 -0.00785613949121211 -0.0188378335673315 -10.9990693401175 396.336888464482 70456607.8644867 -18782467.7751137
-0.15525 -0.00622464823118383 -0.0204160946344062 -10.6021784263132 396.313431025534 70498986.1503895 -18797164.7438845
-0.1553 -0.00909592048537781 -0.019313170164497 -10.1960203039869 396.289973586586 70541812.988847 -18811973.3937593
-0.15535 -0.00721590176495908 -0.0185945732712284 -9.7968463337792 396.266516147638 70582213.3706334 -18826776.2526104
-0.1554 -0.00723790125221746 -0.0165078508962388 -9.39994330738018 396.24305870869 70621871.090162 -18841659.6432044
-0.15545 -0.00522404983978682 -0.0172703485440019 -9.00653408057878 396.219601269742 70659587.9715891 -18856286.6993091
-0.1555 -0.00802580163293985 -0.012559322369613 -8.62145585569694 396.196143830794 70695985.0057764 -18870780.9830203
-0.15555 -0.00471202677583795 -0.0139393476908418 -8.24861307253591 396.172686391846 70730611.3120778 -18884631.5886525
-0.1556 -0.0055536851296193 -0.0139869885855803 -7.88508076582701 396.149228952898 70762767.5141548 -18898169.2183943
-0.15565 -0.00483804408493605 -0.0123810516033196 -7.53793688125697 396.12577151395 70793329.6913153 -18911264.6477106
-0.1557 -0.00366326723827932 -0.0123466036303302 -7.20217497798409 396.102314075002 70822038.6928852 -18923836.893539
-0.15575 -0.00377711749264041 -0.00921558407871205 -6.88253025669309 396.078856636054 70849067.8362912 -18935700.9586891
-0.1558 -0.000943233380760154 -0.0106248191517408 -6.58057895148436 396.055399197107 70875124.7692324 -18946917.3759517
-0.15585 -0.00464637075928201 -0.00663323357555231 -6.29845609935421 396.031941758159 70897923.5434405 -18957581.6329453
-0.1559 -0.00149638674628262 -0.00843730133906079 -6.03131937420628 396.008484319211 70919708.0675787 -18967692.6482155
-0.15595 -0.00424857174409251 -0.00593220644124709 -5.78180069847403 395.985026880263 70939282.3021746 -18977257.0132839
-0.156 -0.000297324581065434 -0.00710907964661192 -5.54759370723744 395.961569441315 70957510.7895188 -18986177.1377298
-0.15605 -0.00127202650585722 -0.0058001281767459 -5.33588993443203 395.938112002367 70973231.4069023 -18994346.8136094
-0.1561 -0.00150504455697143 -0.00609924452851219 -5.13974741347436 395.914654563419 70988135.6929243 -19001973.1443803
-0.15615 -0.00206573475718608 -0.00402215390278851 -4.95892109402231 395.891197124471 71000869.6651635 -19009147.2394934
-0.1562 -0.00159335387486571 -0.00431074996760131 -4.79041488051932 395.867739685523 71014183.6093843 -19015696.8229757
-0.15625 -0.000819242389310748 -0.00519725664324458 -4.63968120180391 395.844282246575 71025482.7335776 -19021705.9299263
-0.1563 -0.00131376109456363 -0.00351227086678659 -4.49926700348697 395.820824807627 71035935.8265774 -19027252.6890359
-0.15635 -0.000362383591532587 -0.00166440604757903 -4.37508215882889 395.797367368679 71046214.3923045 -19032102.516502
-0.1564 -0.00142963501232365 -0.00547656550331772 -4.26106715260469 395.773909929731 71054202.8678625 -19036545.0489827
-0.15645 -0.0019610375956268 -0.00268584864883249 -4.1540970156511 395.750452490783 71064413.0001389 -19040302.670703
-0.1565 -5.2096571707507e-05 -0.00256432765022372 -4.05791456749386 395.726995051835 71074395.1877604 -19043775.346134
-0.15655 -0.00136572723150233 -0.00184781526650143 -3.97264130450707 395.703537612887 71082413.444903 -19046795.1385882
-0.1566 -0.000278117832562526 -0.00358074836625485 -3.88911177536157 395.680080173939 71091583.7992046 -19049508.4751067
-0.15665 -0.000177849622161125 -0.000908741641953827 -3.81417733837636 395.656622734991 71100474.424261 -19051820.8886942
-0.1567 -0.00135203104014599 -0.00290871803132155 -3.74863138037334 395.633165296044 71107011.9524675 -19053934.4514764
-0.15675 -0.00076266636208407 -0.00293954797161892 -3.68180339865955 395.609707857096 71114851.9425394 -19056076.3283381
-0.1568 -0.00238179074039323 -0.000190554827784264 -3.62080938434442 395.586250418148 71121671.4345116 -19058053.0787399
-0.15685 0.00154101200892026 -0.00436984788487337 -3.56592131478906 395.5627929792 71127623.0914716 -19059986.9316089
-0.1569 0.00159949562838144 -0.00163449146774257 -3.51217293963933 395.539335540252 71133329.0330061 -19061815.5622328
-0.15695 -0.00228129292554454 -0.00118203626338456 -3.46515237060952 395.515878101304 71137498.978042 -19063481.6444149
-0.157 0.00127317767131733 -0.00183157225105465 -3.41719983360219 395.492420662356 71143854.7287412 -19065054.1553821
-0.15705 -0.00255296709345106 -0.00192688637697753 -3.37266507831381 395.468963223408 71147271.157888 -19066574.1197056
-0.1571 0.00144915005079583 -0.00140176452691556 -3.32937293083887 395.44550578446 71153245.7912208 -19067936.5267313
-0.15715 -0.00135306753015691 -0.00275429563400454 -3.29367148301551 395.422048345512 71155349.67408 -19069331.632404
-0.1572 -0.00060217938019306 -0.000859309345260255 -3.25617573327266 395.398590906564 71160123.5444933 -19070683.7384238
-0.15725 -0.00106870102412451 0.000236961146517605 -3.21860047427077 395.375133467616 71164173.712661 -19071962.1395996
-0.1573 -0.00151171704063393 -0.00142178769323755 -3.18631157428486 395.351676028668 71166913.7345921 -19073151.4270912
-0.15735 0.0011829872811252 -0.00319719312911657 -3.15550415885992 395.32821858972 71170115.0558674 -19074244.2790686
-0.1574 0.00138918532431387 -0.000819391479943116 -3.12359289598299 395.304761150772 71173469.3698989 -19075434.3154891
-0.15745 -0.00248579704900304 -0.000219830650747675 -3.09571520209807 395.281303711824 71175304.9013316 -19076615.6777319
-0.1575 2.59603403109657e-05 -0.000386962453419187 -3.06691604779696 395.257846272876 71178640.8697349 -19077767.9946215
-0.15755 -0.000935954632271313 -0.00317727444602343 -3.03974693851003 395.234388833928 71180478.4388202 -19078797.1908769
-0.1576 -0.000757665660552003 -0.000159400236092003 -3.01301879813193 395.21093139498 71183342.7974176 -19079768.1022038
-0.15765 -0.00115323011793868 -0.00293280183450269 -2.98885344070822 395.187473956033 71184813.9821078 -19080790.6236678
-0.1577 0.0020420148922053 0.00140032289644056 -2.96440846381404 395.164016517085 71188827.8615076 -19081779.1136203
-0.15775 -0.00218090874929249 -0.00396601333108195 -2.94570463576874 395.140559078137 71187007.3630573 -19082787.3356356
-0.1578 0.00197497478248696 0.00193779668960581 -2.92135887231399 395.117101639189 71191958.4054253 -19083799.2168991
-0.15785 -0.00396551012230019 -0.00140119893714025 -2.90215166479734 395.093644200241 71190994.1167764 -19084826.3922996
-0.1579 0.0041442041333666 0.000210156600284683 -2.88022558005035 395.070186761293 71194974.6092652 -19085737.9348389
-0.15795 5.09705950724726e-05 -0.00295292630567589 -2.8644838603826 395.046729322345 71194458.745582 -19086542.352036
-0.158 -0.0032745008847322 0.0013602082004412 -2.84589753765412 395.023271883397 71195564.3950069 -19087391.7918242
-0.15805 0.00182735865990737 -0.000923779646100091 -2.82822002064988 394.999814444449 71196877.6223514 -19088406.2905105
-0.1581 0.000405952242838402 -0.00164794573328112 -2.81541330317343 394.976357005501 71196374.3279423 -19089323.8536668
-0.15815 0.000450959897222803 0.00073378615904438 -2.79935491065511 394.952899566553 71197950.8997467 -19090173.6753769
-0.1582 2.4228614297817e-05 -0.000173089386819828 -2.78432307693572 394.929442127605 71198846.8523235 -19090999.1996097
-0.15825 -0.000851139787326387 -1.96558971757853e-05 -2.77281530703114 394.905984688657 71198948.0958364 -19091849.1619216
-0.1583 -0.00108245602967659 -0.00162208918403366 -2.7580436243119 394.882527249709 71199344.7055291 -19092548.4753415
-0.15835 0.000482518013123288 0.000840665467406368 -2.74592633941167 394.859069810761 71201309.477906 -19093256.9534214
-0.1584 0.000387941995994702 -0.00234589606990726 -2.73649651783188 394.835612371813 71200241.7711637 -19093990.6515825
-0.15845 0.001231579240597 -0.00159534000409757 -2.72788234533483 394.812154932865 71200123.4126312 -19094865.8135137
-0.1585 -0.00187173431501099 0.00229478510736192 -2.71782966076203 394.788697493917 71199733.1781638 -19095543.8217834
-0.15855 0.00194841495997176 -0.00277809422314359 -2.70914598350942 394.76524005497 71199809.4175899 -19096270.2181572
-0.1586 -0.0018800930387582 0.000580883047382684 -2.70164621418696 394.741782616022 71199398.3874787 -19096903.3879914
-0.15865 -0.000775472690258955 0.000420825537745376 -2.69524124160384 394.718325177074 71199574.8367678 -19097440.5807041
-0.1587 -0.000199648606829921 -0.000253862321987877 -2.68816751279398 394.694867738126 71199281.7931146 -19098079.3085243
-0.15875 0.00165006585993615 -0.00310959451912287 -2.67961724667778 394.671410299178 71199130.7146974 -19098691.0054086
-0.1588 -0.000499061329971571 0.00273154344102015 -2.67349479409165 394.64795286023 71199210.6090179 -19099361.1208004
-0.15885 -0.00259286802915486 -0.000850153074557811 -2.66998403363839 394.624495421282 71197004.6223432 -19100046.3207543
-0.1589 0.00277366543240751 -0.000977897427051659 -2.663004274538 394.601037982334 71197994.2550007 -19100550.0801848
-0.15895 -0.000479459718152828 0.000617426085279869 -2.65872337679444 394.577580543386 71196980.358854 -19101096.1410606
-0.159 -9.9315805883296e-06 -0.00155212103845698 -2.65533655027141 394.554123104438 71195452.5049322 -19101715.1736987
-0.15905 -0.0014399965362173 0.00268339088339145 -2.6518498757711 394.53066566549 71195609.4481073 -19102245.910045
-0.1591 -0.000842040258928795 -0.0038558017043368 -2.65123826306941 394.507208226542 71192546.8218614 -19102762.7489418
-0.15915 0.0013398754538461 0.00145507081535515 -2.64340027764285 394.483750787594 71194147.5691657 -19103345.2314816
-0.1592 -0.00444282010755016 0.000126420317122581 -2.64299410269401 394.460293348646 71191056.1353033 -19103946.928808
-0.15925 0.00421873832159865 0.00219618232388728 -2.63730467706289 394.436835909698 71193103.5785061 -19104460.1184312
-0.1593 -0.00260981364028419 -0.00515723617625207 -2.63781879016979 394.41337847075 71189221.639236 -19104917.6910865
-0.15935 0.00126657893054437 0.00316097863037677 -2.6331005470703 394.389921031802 71190552.4884481 -19105362.9804811
-0.1594 -6.61655362251102e-05 -0.00225842512539173 -2.63145271677584 394.366463592854 71187875.9541496 -19105800.9545007
-0.15945 -0.000319847791870943 0.00210569434207579 -2.62750138214107 394.343006153907 71188973.6438271 -19106335.1103233
-0.1595 -0.000860987133711091 -0.000119891883785837 -2.62820224767334 394.319548714959 71186546.3395427 -19106778.9102704
-0.15955 0.000286539960358191 0.00169715386496944 -2.62476512356402 394.296091276011 71186392.0155156 -19107084.0793098
-0.1596 -0.000563267710492113 -0.0052781162820514 -2.62527014649178 394.272633837063 71183550.8301578 -19107541.2809121
-0.15965 0.00198771965662165 0.00336818473072097 -2.61822495674476 394.249176398115 71186249.5333052 -19108008.4313735
-0.1597 -0.00701509786297895 0.000115106644823343 -2.62191953794379 394.225718959167 71181118.0307411 -19108375.5220467
-0.15975 0.00634870307181956 -0.000199990227372236 -2.61608981318218 394.202261520219 71184009.9232484 -19108800.2916983
-0.1598 -0.00287238982893785 -0.00239728563764313 -2.61851979861614 394.178804081271 71180038.3685305 -19109078.6457707
-0.15985 0.000848631626726435 0.0042860427070176 -2.61085408792744 394.155346642323 71182869.6295886 -19109481.5695799
-0.1599 -0.00286266229354288 -0.00299327744844573 -2.61589046972741 394.131889203375 71178304.2584448 -19109864.1105131
-0.15995 0.00395223408660846 0.000452259468673872 -2.61176976766234 394.108431764427 71180698.412547 -19110112.027526
-0.16 -0.00400872581632725 -0.000482285831588763 -2.61254654808828 394.084974325479 71177129.70895 -19110435.7548195
-0.16005 0.00182830791738341 0.00150823572974225 -2.6096807870334 394.061516886531 71179355.4563685 -19110822.8141706
-0.1601 -0.00241922296521922 -0.00384944079622936 -2.60949993605897 394.038059447583 71175845.7991955 -19111122.2166436
-0.16015 0.00288022771473098 0.00167661967855909 -2.60494487442259 394.014602008635 71177875.5756415 -19111499.8072327
-0.1602 -0.00258296119060334 -0.00221134205037848 -2.60299595948356 393.991144569687 71175163.3151658 -19111847.563488
-0.16025 0.00373209501417735 0.00174892591199632 -2.59969941432863 393.967687130739 71177332.4714192 -19112092.1479868
-0.1603 -0.00305045348713211 -0.00149051519334325 -2.59853358651019 393.944229691791 71174659.317902 -19112492.2027242
-0.16035 0.00165954417905208 0.00199369271683289 -2.59362658762931 393.920772252844 71176596.2183626 -19112898.9381413
-0.1604 -0.000274966353734973 -0.00262678510759009 -2.59403882179331 393.897314813896 71174091.1130542 -19113150.4005193
-0.16045 -0.000590572095380186 0.00369205059746494 -2.58978405695656 393.873857374948 71175917.9853259 -19113439.7550325
-0.1605 -0.0019687276366239 -0.00296756831107549 -2.59077480955241 393.850399936 71172335.5500404 -19113798.3895785
-0.16055 0.00210359329339343 0.00244131125378652 -2.58483247110831 393.826942497052 71174748.1143263 -19114134.8410154
-0.1606 -0.00115844127160121 -0.00426911227294296 -2.58801393216119 393.803485058104 71171234.514791 -19114337.0982419
-0.16065 0.00464172446410238 0.00177905417924218 -2.58096854951532 393.780027619156 71174297.8114813 -19114651.1511791
-0.1607 -0.00441537163891745 -0.00150492518451909 -2.58315410110868 393.756570180208 71170151.4073083 -19114945.9791409
-0.16075 0.00176754669433584 0.00252223586275061 -2.5759587796009 393.73311274126 71173448.9202202 -19115219.3675621
-0.1608 -0.00172228245729395 -0.00362217904678602 -2.57933264529941 393.709655302312 71169220.7362846 -19115614.9201639
-0.16085 0.00360911751216258 0.00262711452967727 -2.57524027146296 393.686197863364 71172348.0622808 -19115924.3814147
-0.1609 -0.00318151236273154 -0.00217678772587812 -2.57588805634324 393.662740424416 71168730.1710568 -19116193.3256356
-0.16095 0.00140408239005164 0.00195889757478007 -2.5698239941119 393.639282985468 71171387.3875264 -19116532.6221632
-0.161 -0.00105702355473728 -0.00213292232700012 -2.57021155435478 393.61582554652 71168429.6422028 -19116788.4526591
-0.16105 0.00123355248283078 0.000677547699004632 -2.56843299371328 393.592368107572 71169632.9333515 -19117011.4282033
-0.1611 -0.000750527818446656 0.000481012916809398 -2.56763531977569 393.568910668624 71168501.2183621 -19117285.4592016
-0.16115 0.00113793581922773 -0.000722152716051729 -2.56375568949642 393.545453229676 71169293.9854159 -19117492.7882195
-0.1612 -0.000319752285932854 -0.000924697874503846 -2.56433393940254 393.521995790728 71167514.2728615 -19117847.7237852
-0.16125 0.00142126007359596 0.000781349827531036 -2.56262202060786 393.49853835178 71168224.1163784 -19118112.3909206
-0.1613 -0.00417969117273458 -0.00175601638437714 -2.56517622056853 393.475080912833 71165206.2705334 -19118378.2171133
-0.16135 0.00493530843944206 0.00155346340706679 -2.56139094302135 393.451623473885 71167732.6635482 -19118424.6630834
-0.1614 -0.0058346861507134 -0.00304083536247059 -2.5654824970892 393.428166034937 71162453.5131644 -19118839.7444521
-0.16145 0.00412525233698886 0.00515166349673419 -2.55799052342395 393.404708595989 71167587.0708094 -19118994.7664925
-0.1615 -0.00527842741296754 -0.00370904870230958 -2.56395148837956 393.381251157041 71161580.719015 -19119343.141653
-0.16155 0.00761683397193586 0.000201467667172685 -2.55633424501519 393.357793718093 71166129.8905853 -19119588.5511955
-0.1616 -0.00875870347490817 0.000293389301860203 -2.56102710107596 393.334336279145 71160531.3619409 -19119932.0312919
-0.16165 0.00367276890877068 0.00227958028235935 -2.55477519173517 393.310878840197 71164189.4826944 -19120133.3255523
-0.1617 0.00107504839528292 -0.00481693878064336 -2.55723071498318 393.287421401249 71161128.6875837 -19120309.0746474
-0.16175 -0.00236766312499036 0.00409957400595279 -2.55511234516601 393.263963962301 71162469.6148938 -19120455.022853
-0.1618 -0.000878404038902244 -0.00456020307969285 -2.55532383243749 393.240506523353 71159234.6940512 -19120804.7501177
-0.16185 0.0030895965589818 0.00183355120296038 -2.55503237142612 393.217049084405 71160658.1745134 -19121036.8917878
-0.1619 -0.00443729758317813 -0.000732346319961679 -2.55720208295913 393.193591645457 71157696.3497153 -19121340.4457861
-0.16195 0.00235833526318333 -0.000106093059583071 -2.55298236306305 393.170134206509 71159258.003982 -19121648.6829841
-0.162 -0.000449302630498049 -0.00290643510769972 -2.55411467348866 393.146676767561 71157083.6839333 -19121865.379381
-0.16205 -0.00204006418139059 0.00387530211420388 -2.55278498111585 393.123219328613 71158386.2675434 -19121913.1784733
-0.1621 -0.000861204663734122 -0.00235161305588085 -2.55482438845144 393.099761889665 71155642.03225 -19122268.775491
-0.16215 0.00100729231384562 2.27545846989495e-05 -2.55426382508833 393.076304450717 71155888.2231906 -19122461.1636502
-0.1622 -0.00145264554301365 -0.000444430384328165 -2.5544125035915 393.05284701177 71154689.9471902 -19122746.749782
-0.16225 -4.71816705918312e-05 -0.000590539311803204 -2.55549198830928 393.029389572822 71153451.3040122 -19123027.7710384
-0.1623 0.0012954060240423 -0.00101448068759611 -2.55545229468908 393.005932133874 71153064.5528152 -19123246.9818657
-0.16235 -0.00194666809695108 0.00120632770709253 -2.55568394567306 392.982474694926 71152793.4431558 -19123360.3183837
-0.1624 0.00342000514546016 -0.00440412629349838 -2.55707975710866 392.959017255978 71151950.7791037 -19123527.0368684
-0.16245 -0.00158284853416031 0.00364268280825873 -2.55664264813173 392.93555981703 71151846.9257613 -19123835.692677
-0.1625 -0.00207390358413414 7.31660982104549e-05 -2.55912042675377 392.912102378082 71150046.3746428 -19124019.1335264
-0.16255 0.0023562419797638 -0.00188886113060047 -2.55726111492081 392.888644939134 71149757.3690873 -19124255.5755559
-0.1626 -1.18615275437682e-05 0.000824172092078084 -2.55813631978558 392.865187500186 71149267.6510914 -19124454.7854455
-0.16265 -0.00461049325263597 0.000318829499925077 -2.56199449371096 392.841730061238 71146737.4415146 -19124680.3935929
-0.1627 0.00488597057291041 0.000487121194718105 -2.56039091571912 392.81827262229 71148707.8701735 -19124843.0573724
-0.16275 -0.000952870630215529 -0.00283689329712653 -2.56360100345114 392.794815183342 71145846.1889392 -19124926.8729756
-0.1628 -0.00128012644104289 0.00184866579818502 -2.56489492635194 392.771357744394 71146065.6756789 -19125089.6428446
-0.16285 0.000920004386849904 -0.000783490723409455 -2.56470957323886 392.747900305446 71145310.0751826 -19125217.9579725
-0.1629 0.00105511084954807 -0.000358501261319823 -2.56677126443002 392.724442866498 71144277.2941887 -19125563.6000723
-0.16295 -0.00187510932423632 0.00145918517478159 -2.56730232428849 392.70098542755 71143141.6261036 -19125705.4789523
-0.163 0.0024012298047273 0.00111348995130945 -2.5685670034669 392.677527988602 71142907.8175472 -19125983.3266129
-0.16305 -0.00286869377461521 -0.000890700868763665 -2.57499735452369 392.654070549654 71139873.1723902 -19126079.5208864
-0.1631 0.00239447807091455 7.61093255348445e-05 -2.57351475312456 392.630613110707 71141585.371091 -19126065.1105177
-0.16315 -0.00260021408222848 -0.00219633995244548 -2.57812258795767 392.607155671759 71138763.443043 -19126212.6020337
-0.1632 0.00110776766772972 0.00365394113429226 -2.57613123360669 392.583698232811 71140475.9935625 -19126476.7895715
-0.16325 -0.0020537202801689 -0.0034799710051574 -2.5820265188175 392.560240793863 71136459.556302 -19126604.6928863
-0.1633 0.00076319488967034 0.00346281707908008 -2.57776880053894 392.536783354915 71139244.6535959 -19126870.5425655
-0.16335 -0.000460815146570604 -0.00430261778117003 -2.5838075650601 392.513325915967 71135312.0974435 -19127086.3273178
-0.1634 0.00315843271509069 0.000194940231212689 -2.5827323528853 392.489868477019 71137359.7963486 -19127089.7417242
-0.16345 -0.00525319078252049 0.00141267273168463 -2.58922305412495 392.466411038071 71133456.393749 -19127281.8823004
-0.1635 0.00309439371241083 6.58538043206755e-05 -2.5880659686656 392.442953599123 71134873.6087077 -19127425.6925002
-0.16355 -0.000302918708468505 -0.00262799665183105 -2.59101863272915 392.419496160175 71131990.109431 -19127691.5447714
-0.1636 0.000940999981721026 0.00127897347583337 -2.58985037626606 392.396038721227 71132927.6132481 -19127875.0960054
-0.16365 -0.00419494416864844 -0.000722396109759081 -2.59507171667012 392.372581282279 71129978.48375 -19128056.474784
-0.1637 0.00568482169535605 -0.00213641146990237 -2.59485206009193 392.349123843331 71130854.8725281 -19128203.6756239
-0.16375 -0.00386765940754359 0.00132761443760422 -2.59876326396022 392.325666404383 71128896.487989 -19128338.1742306
-0.1638 0.00169695632530095 -0.00104282896004148 -2.59942207416297 392.302208965435 71129568.3500545 -19128430.5526
-0.16385 0.000857162264046923 -0.000858208115610182 -2.59977457561248 392.278751526487 71129027.9979967 -19128692.2715733
-0.1639 -0.000171866171670891 0.00102206531365504 -2.60368395262712 392.255294087539 71127627.4755547 -19128807.2429786
-0.16395 0.00209772378949948 -0.00169429917030602 -2.60634740710502 392.231836648591 71125998.7219831 -19128954.16088
-0.164 -0.00465820391738529 0.00185753525497375 -2.60730873006574 392.208379209644 71125196.6442392 -19129123.9155481
-0.16405 0.00286044258090707 -1.00172704734011e-05 -2.60923719699836 392.184921770696 71125166.7374673 -19129296.3017507
-0.1641 -0.001539682976298 -0.00123961656995735 -2.61217525790278 392.161464331748 71123646.0108906 -19129278.0805342
-0.16415 0.000954695977232538 0.00215704830041796 -2.61314609459308 392.1380068928 71124224.5249811 -19129394.3646322
-0.1642 -0.00256031610608719 -0.00186675818197575 -2.6182209191586 392.114549453852 71121034.5662608 -19129584.891367
-0.16425 0.00214440433022689 0.000185619638596418 -2.61766417196416 392.091092014904 71122408.6070557 -19129728.3073922
-0.1643 -0.000649633045048288 -0.000693293539640394 -2.62164329642288 392.067634575956 71119657.3563742 -19130079.7645948
-0.16435 0.000508079562018443 0.00234327498657549 -2.6211902533516 392.044177137008 71121058.9672233 -19130093.7098725
-0.1644 0.000245552416548085 -0.00300853166684493 -2.62469358590692 392.02071969806 71118887.9468982 -19130245.7161751
-0.16445 0.00157536947703159 0.00172936856842832 -2.62567694283134 391.997262259112 71119429.2616292 -19130351.7865563
-0.1645 -0.00502721213145167 0.000487437417897659 -2.62858055578765 391.973804820164 71116726.1777473 -19130455.318191
-0.16455 0.0033904212184524 0.000101814789964235 -2.62752595114665 391.950347381216 71118270.6918355 -19130655.4099041
-0.1646 0.000202522605449015 -0.00284586700867353 -2.63167930425561 391.926889942268 71115322.7325793 -19130921.8119397
-0.16465 -0.00108074142622824 0.00283278565126366 -2.63227014925473 391.90343250332 71115551.5104178 -19131009.7925484
-0.1647 -0.00166597536787735 -0.00209532195888056 -2.63742093329619 391.879975064372 71112721.6341365 -19131107.3728079
-0.16475 0.00276277140697119 -6.07047383422829e-05 -2.6369161609125 391.856517625424 71113942.8765635 -19131276.4074792
-0.1648 -0.00106998081550487 0.000822234223460398 -2.64006019054311 391.833060186476 71112231.5801122 -19131378.456127
-0.16485 -0.00140301848452063 0.00160082895984468 -2.64272269481928 391.809602747528 71111399.0736265 -19131492.7277188
-0.1649 0.00152370195958238 -0.000676483964627882 -2.64056266509499 391.786145308581 71111475.6750701 -19131702.0233352
-0.16495 -0.00164811777572576 -0.000887309551347613 -2.64443002827067 391.762687869633 71109859.7899527 -19131760.50134
-0.165 -0.000297345519406764 0.0021848715831107 -2.64575390517648 391.739230430685 71109897.7762104 -19131928.2963961
-0.16505 -0.000450938300901362 -0.00153092846418924 -2.65024024547417 391.715772991737 71107663.411013 -19131959.9727932
-0.1651 0.00184912580705875 0.000934115011555802 -2.64930209601895 391.692315552789 71108841.1811643 -19132123.8079094
-0.16515 -0.00414868514368544 0.000408574728794964 -2.64986169584318 391.668858113841 71106763.1720229 -19132237.5651945
-0.1652 0.00442593920062394 0.000940335115931082 -2.65007551951039 391.645400674893 71108500.1129124 -19132367.7975255
-0.16525 -0.00334392387315331 -0.00289585805254891 -2.65519829534784 391.621943235945 71104160.051916 -19132621.3945744
-0.1653 0.00318932098690306 0.00442780199959296 -2.65511132495877 391.598485796997 71106262.6837845 -19132707.8248627
-0.16535 -0.00310790795444175 -0.00513378722922056 -2.66225958673763 391.575028358049 71101122.3153066 -19132752.2962791
-0.1654 0.00530305763593647 0.00224949836674552 -2.65722733728692 391.551570919101 71105692.894544 -19132875.5655183
-0.16545 -0.0037933867136033 -0.00273154109855607 -2.66466802999388 391.528113480153 71100538.6920106 -19132892.0477582
-0.1655 0.00143760644006048 0.00582197249081265 -2.6610861927507 391.504656041205 71104826.9454296 -19133070.6612957
-0.16555 -0.00190523619127679 -0.00467577361609014 -2.66851985329339 391.481198602257 71099263.0755232 -19133260.2304673
-0.1656 0.00417112693025818 0.00444568155746639 -2.66633249593899 391.457741163309 71102843.5568408 -19133288.5580532
-0.16565 -0.00569613895939706 -0.00476663773154036 -2.67348165799257 391.434283724361 71096685.0977954 -19133600.0968934
-0.1657 0.00654594313969193 0.00456368065192554 -2.66577531489901 391.410826285413 71102723.9244345 -19133671.8886773
-0.16575 -0.00429853322222287 -0.00511938189603555 -2.67595326586541 391.387368846465 71095872.8489688 -19133751.5601025
-0.1658 0.0039982632292472 0.00465254771242243 -2.67121490210649 391.363911407517 71101271.894736 -19133710.4343914
-0.16585 -0.00458380661957572 -0.00546647708281594 -2.68039735154515 391.34045396857 71094393.1711174 -19133904.568485
-0.1659 0.00131599749460004 0.00679963018035544 -2.67707739142764 391.316996529622 71098881.2592261 -19134046.037966
-0.16595 -0.00166287996894172 -0.00468318403063409 -2.68276618056193 391.293539090674 71093810.9723049 -19134283.2124095
-0.166 0.0031680607878139 0.00218698618455953 -2.68225558386181 391.270081651726 71096541.7670243 -19134246.9867747
-0.16605 -0.00415270374278234 -0.00310823799494595 -2.68837400642712 391.246624212778 71092429.9734139 -19134440.6779368
-0.1661 0.0029068793828655 0.00347278020356646 -2.68569053685627 391.22316677383 71095971.8809698 -19134408.6083952
-0.16615 -0.00279119122108912 -0.00318201826828887 -2.69149909908317 391.199709334882 71091137.7809531 -19134582.5834008
-0.1662 0.00230474302204034 0.00215915330875145 -2.69129088369802 391.176251895934 71092919.8981022 -19134667.692932
-0.16625 -0.00445562807884432 -0.00120113624396854 -2.69638335681609 391.152794456986 71089059.111223 -19134830.3214215
-0.1663 0.00193048063643021 0.00189435640610417 -2.69366599919668 391.129337018038 71092036.3871886 -19134945.2305289
-0.16635 -0.000343560551792609 -0.00352173753563251 -2.69830533672922 391.10587957909 71089521.5834391 -19134968.8806726
-0.1664 0.000977213495686412 0.00126127219364623 -2.69582124728331 391.082422140142 71090996.0196002 -19135044.4010051
-0.16645 -0.00310988088471209 -0.00047846581257617 -2.70250120085285 391.058964701194 71087749.2168885 -19135244.8411423
-0.1665 0.00348079270180428 0.000559785974688397 -2.70225649302967 391.035507262246 71089196.4899141 -19135348.4243627
-0.16655 -0.00204522963563305 -0.000683850061654828 -2.70692860015243 391.012049823298 71086445.2685428 -19135453.0806528
-0.1666 0.00134859076337579 0.00208608429407526 -2.70650180830461 390.98859238435 71087884.5099763 -19135592.5182964
-0.16665 -0.000630759178243591 -0.00101968224182475 -2.71213350601719 390.965134945402 71085017.2876624 -19135723.0802507
-0.1667 0.00219144342781269 0.00216318842645534 -2.70992858736247 390.941677506454 71086687.7520235 -19135784.9397365
-0.16675 -0.00225936136730359 0.000287454324484804 -2.71400513983773 390.918220067507 71084453.3847196 -19135774.4751922
-0.1668 0.000690048563398658 0.00147677432988 -2.71434987527916 390.894762628559 71084640.2445062 -19135893.4951165
-0.16685 0.000616856901926893 -0.00162543299738378 -2.71716725120672 390.871305189611 71083257.3683124 -19135985.0057306
-0.1669 0.000790063467036083 -0.00119458919921235 -2.71852691028968 390.847847750663 71082998.3003715 -19136062.7728766
-0.16695 -0.00250527366097219 0.00345291451819504 -2.72207722146253 390.824390311715 71082006.2720716 -19136173.7712603
-0.167 0.00187265578547975 -0.0026482829462283 -2.72358317651683 390.800932872767 71080593.8189007 -19136288.1194556
-0.16705 0.00234749697514018 -0.000863936236062353 -2.72577259268979 390.777475433819 71081068.3836407 -19136338.1758662
-0.1671 -0.00451867172214176 0.00213375580061107 -2.7317058458514 390.754017994871 71078498.0548716 -19136465.742516
-0.16715 0.00324252562334143 -0.000152904811083546 -2.73207818311513 390.730560555923 71078991.1313568 -19136598.7987742
-0.1672 -0.00167653171000912 -0.00137560721844926 -2.73680354877555 390.707103116975 71077134.0185407 -19136666.7302737
-0.16725 0.00232020692084924 -0.00115609149213062 -2.73795688380692 390.683645678027 71077251.9405445 -19136758.5938464
-0.1673 -0.00455572728298461 0.00270683874503774 -2.74090738044315 390.660188239079 71075572.9179099 -19136844.3237443
-0.16735 0.00240637236670459 -0.00102630777615634 -2.74236233566311 390.636730800131 71075730.8235807 -19137072.2599212
-0.1674 -0.00216868885315965 0.00122743076080281 -2.74715351463587 390.613273361183 71074183.7421391 -19137098.514854
-0.16745 0.00277612425755093 -0.00192036722362996 -2.74806813717267 390.589815922235 71074230.4901141 -19137157.2618521
-0.1675 -0.0016276961453618 0.00125146782998959 -2.74994360473612 390.566358483287 71073181.7384198 -19137285.8334379
-0.16755 -0.000631240323518023 0.00116572125360938 -2.75456777896187 390.542901044339 71071508.7788789 -19137488.1882412
-0.1676 0.00505656985241936 -0.00244896400984442 -2.75654031190097 390.519443605391 71071826.670579 -19137508.0055223
-0.16765 -0.00578883471502965 0.00104776402321512 -2.76188581742262 390.495986166444 71069054.9766006 -19137513.0176286
-0.1677 0.00318499788182513 0.00353810179789824 -2.76185680042394 390.472528727496 71070906.0637969 -19137640.1755395
-0.16775 -0.00206670746884885 -0.00511875634187065 -2.76873996624069 390.449071288548 71066261.6710332 -19137681.2923683
-0.1678 0.00512624003038348 0.00350179142594199 -2.76645505449784 390.4256138496 71070144.2441678 -19137825.9094916
-0.16785 -0.00486941210907051 -0.00358884123656831 -2.77545260295965 390.402156410652 71063941.8973149 -19137939.1411948
-0.1679 0.00396300883558214 0.002882197195085 -2.77180092598184 390.378698971704 71068415.4188157 -19137960.784891
-0.16795 -0.00252227641251584 -0.00210625894731931 -2.77928991874909 390.355241532756 71063815.5846837 -19138086.993098
-0.168 0.00149632484738683 0.00310794638638263 -2.77785135794783 390.331784093808 71066339.4591958 -19138101.3660856
-0.16805 -0.000813044203608656 -0.00320216922637414 -2.78433643648768 390.30832665486 71062752.4565349 -19138138.4015005
-0.1681 0.00214479627795367 0.00256064379434421 -2.78523815968429 390.284869215912 71064325.096452 -19138214.2038615
-0.16815 -0.000724182741512516 -0.00210420654744576 -2.79089092784214 390.261411776964 71061088.5507607 -19138342.6847619
-0.1682 -0.00013492440023236 0.0032723113583187 -2.78977076930411 390.237954338016 71062261.9207937 -19138493.4176611
-0.16825 -0.000657079614394729 -0.00103855626824546 -2.79508770158887 390.214496899068 71060197.3456277 -19138439.9034761
-0.1683 -3.1897444011302e-05 0.000175778024345023 -2.79552606985626 390.19103946012 71060018.4198729 -19138522.5063484
-0.16835 2.55031080344624e-05 -0.000707654279481283 -2.79785642490415 390.167582021172 71059410.8885289 -19138615.0374244
-0.1684 -0.000264674378030228 0.00111170383011261 -2.80113704621592 390.144124582224 71058820.7726811 -19138691.9765848
-0.16845 0.00060557492830603 -0.000119301061708708 -2.80553746826834 390.120667143276 71057633.0434449 -19138837.4395782
-0.1685 0.00135365036904009 -0.00107838533053031 -2.8095460791171 390.097209704328 71056986.2315978 -19138797.0812125
-0.16855 -0.000670916489618954 0.00188094549698177 -2.81060200687084 390.073752265381 71056398.3212468 -19138890.3154286
-0.1686 -0.00033688265797196 0.000278087701985966 -2.81656606455799 390.050294826433 71054976.6614974 -19138931.2216112
-0.16865 0.000255080488756116 -0.00119339778819275 -2.81661768377262 390.026837387485 71054213.6712779 -19138998.2719894
-0.1687 0.00144809851478492 -0.000886431539713308 -2.8213479737835 390.003379948537 71053277.5692156 -19139119.9553026
-0.16875 -0.00237642136759074 0.00138784003067009 -2.8220644827767 389.979922509589 71053309.5647871 -19139246.0620652
-0.1688 0.00159392076359544 -0.00132057961091609 -2.82526877134628 389.956465070641 71052539.8841262 -19139301.9221734
-0.16885 -0.000245244931353681 -0.00122433726241397 -2.82950161349984 389.933007631693 71051077.7723854 -19139342.3725987
-0.1689 0.000388048168158932 0.00206416858514793 -2.83162224750192 389.909550192745 71051032.7352299 -19139490.0683077
-0.16895 0.000196715312371285 -0.00233710538011676 -2.83434718214029 389.886092753797 71049601.6753351 -19139514.3606069
-0.169 0.000916719330394644 0.00186135830338755 -2.8330884633836 389.862635314849 71050791.2811531 -19139599.3758463
-0.16905 -0.000425845713222625 -0.00154541781350068 -2.83866050452422 389.839177875901 71048516.2088176 -19139547.0718682
-0.1691 0.000202766712574138 0.000537909247750932 -2.83892568031224 389.815720436953 71048452.7987988 -19139713.1809529
-0.16915 -0.00106070874535426 -0.00058532135448436 -2.84335854042822 389.792262998005 71046859.9749696 -19139697.8220833
-0.1692 -0.00167648112060735 0.00378887533211762 -2.8439791347612 389.768805559057 71047240.4819026 -19139806.6428079
-0.16925 0.0035067852426521 -0.00495423490038174 -2.84720594395077 389.745348120109 71045849.5210664 -19139889.671185
-0.1693 0.000276229640534789 0.0010343107859543 -2.84673613008694 389.721890681161 71046255.0442885 -19139882.5586006
-0.16935 -0.00736254884617224 0.00411397731395581 -2.85162288914792 389.698433242213 71043960.8567948 -19139955.4451614
-0.1694 0.00523248666489079 -0.00199848088435538 -2.85093679418707 389.674975803265 71045500.3971784 -19140121.1357579
-0.16945 -0.000902643079704503 -0.0015981387319601 -2.85680102704926 389.651518364317 71042378.7883125 -19140046.3579907
-0.1695 -0.000707289223713448 0.00249361303515889 -2.8564557780378 389.62806092537 71043005.5771884 -19140278.0489409
-0.16955 -0.000645850604968394 0.00149924963808632 -2.86103444151875 389.604603486422 71041599.8923561 -19140262.4136382
-0.1696 0.00126751565903706 -0.00193184044836077 -2.86288487658147 389.581146047474 71040607.5889698 -19140355.5819945
-0.16965 -0.000516981703175277 -0.00085436401113888 -2.86782210163328 389.557688608526 71039365.5308225 -19140378.4486632
-0.1697 -0.00143027500422485 0.00124325214679414 -2.8693204519138 389.534231169578 71039668.7740797 -19140471.6365701
-0.16975 0.000301584462975344 0.000549736048772834 -2.8736525644073 389.51077373063 71038667.7707441 -19140469.559863
-0.1698 -0.000522688668191638 -8.06891020903777e-05 -2.87583060226306 389.487316291682 71037057.6855393 -19140654.2480681
-0.16985 0.000686715266087863 -0.000698100736276581 -2.87801765018791 389.463858852734 71036791.7074626 -19140742.6347899
-0.1699 -0.000363917491571735 0.000336099718304522 -2.88079590019318 389.440401413786 71035776.3062864 -19140887.7590407
-0.16995 -0.00097085248127083 0.00117816396414602 -2.88250082214676 389.416943974838 71035554.2375157 -19140926.0591227
-0.17 0.00140917724522473 -0.000143132259526131 -2.88635057646539 389.39348653589 71034556.8906158 -19140933.5193863
-0.17005 -0.00211712620248831 -0.000209912683076277 -2.89059384460499 389.370029096942 71033561.5406855 -19140856.5520794
-0.1701 0.000187466983941052 0.000606038050525346 -2.89141429183324 389.346571657994 71033592.4718938 -19141020.6851301
-0.17015 0.000702952024327178 -0.00239114084133035 -2.89442799529882 389.323114219046 71032105.2994674 -19141087.8773495
-0.1702 0.000484225039398045 0.00132034968424369 -2.89512754384851 389.299656780098 71031860.2165982 -19141174.9217084
-0.17025 -0.00391182839162264 -0.000496046724905199 -2.89822142756189 389.27619934115 71029979.1868058 -19141274.5239248
-0.1703 0.00490052120317388 0.00218681371946863 -2.89911973325784 389.252741902202 71032549.6003216 -19141203.4667415
-0.17035 -0.00184971199758407 -0.00424328056051237 -2.90505984031339 389.229284463254 71027820.6110194 -19141350.1222437
-0.1704 0.00122443269060011 0.00658782752974714 -2.90344233711635 389.205827024307 71031343.371189 -19141334.4506824
-0.17045 -0.00486216771734932 -0.00481494431516338 -2.91050035726828 389.182369585359 71025509.3053281 -19141469.3438208
-0.1705 0.00462034577165249 0.00216158081626836 -2.90758288923164 389.158912146411 71029626.616862 -19141579.2849036
-0.17055 -0.00206404589919236 -0.00295024742705885 -2.91344858006938 389.135454707463 71025681.6821361 -19141626.4797693
-0.1706 -0.00174146091853725 0.00473132002138878 -2.91387851188444 389.111997268515 71027011.6953569 -19141688.9476248
-0.17065 0.0020610309760245 -0.00346017932518738 -2.91880906545441 389.088539829567 71025221.4133838 -19141691.6979025
-0.1707 0.00159273739224562 0.000675663363076572 -2.92058817484606 389.065082390619 71025294.1402858 -19141661.8250571
-0.17075 -0.00390830453895187 0.000714598070532863 -2.92394162308494 389.041624951671 71023301.4276714 -19141826.1814854
-0.1708 0.00149300946129142 -0.000221538162440139 -2.92627047619297 389.018167512723 71023580.4972112 -19141925.6512553
-0.17085 0.00206303700368724 -0.00148555550601605 -2.92699886908032 388.994710073775 71022724.3664098 -19141981.9350283
-0.1709 -0.00243296126066713 0.00196781298398264 -2.93260786924203 388.971252634827 71021627.7112527 -19142110.3551403
-0.17095 0.00126690286269745 0.000570122988442069 -2.93461015275808 388.947795195879 71021354.633943 -19142077.9778902
-0.171 0.0016687664208831 -0.00294124976640168 -2.939500151974 388.924337756931 71020018.9472061 -19142089.0532348
-0.17105 -0.000699552351671075 0.00141262917251487 -2.9389896615152 388.900880317983 71019978.6911844 -19142179.9523705
-0.1711 -0.00253236712791769 0.000803251708515547 -2.94148436798919 388.877422879035 71018744.6248181 -19142284.3087051
-0.17115 0.00273403687931656 -0.00171719593046341 -2.94398843762193 388.853965440087 71018392.6734359 -19142302.908273
-0.1712 -0.00112317149119661 0.00048635825391292 -2.94514706900305 388.830508001139 71017800.8623314 -19142403.8433474
-0.17125 -0.00293693465578649 -0.00102609416707994 -2.94980367292 388.807050562191 71016047.5589762 -19142414.2505534
-0.1713 0.00246583747144129 -4.86880180780662e-05 -2.94994718310786 388.783593123244 71017116.7988609 -19142485.3734961
-0.17135 -0.00141489454315855 -0.00222797891452491 -2.95606394557663 388.760135684296 71015068.807758 -19142494.5323096
-0.1714 0.000721478726749269 0.00442652605553645 -2.95521371179136 388.736678245348 71016489.2497062 -19142609.7463326
-0.17145 -0.00102496292189147 -0.00231543946165471 -2.96037361320737 388.7132208064 71013432.0871091 -19142659.3386844
-0.1715 0.00149637682241269 0.001249701156672 -2.96010764332957 388.689763367452 71015081.0912165 -19142616.5848369
-0.17155 -0.00232060462254043 -0.00293304009921968 -2.96448605797072 388.666305928504 71012285.1007974 -19142716.9904021
-0.1716 0.000280009674150617 0.00376412794596293 -2.9634480444507 388.642848489556 71014739.0321434 -19142722.5895833
-0.17165 -0.00116051423765587 -0.00215025117072284 -2.97140986242936 388.619391050608 71010845.2301609 -19142838.1569607
-0.1717 0.00255356413733296 0.00163083717926957 -2.96789278114149 388.59593361166 71013004.2304607 -19142846.5019007
-0.17175 -0.00338770885968914 -0.000985564206669346 -2.97588125105873 388.572476172712 71009872.2341271 -19142844.526827
-0.1718 0.00325103439055338 -0.000213187324407252 -2.97622278252874 388.549018733764 71011408.8812331 -19142838.9593626
-0.17185 -0.00336954062342836 -0.0017772425269333 -2.98157300561747 388.525561294816 71007772.1331389 -19142909.1467651
-0.1719 0.00217572994493625 0.00221390083483832 -2.97961628546047 388.502103855868 71010626.5406629 -19142966.6139398
-0.17195 -0.00260504201809293 -0.00136914288084918 -2.98562404222787 388.47864641692 71007123.3483166 -19143142.9326727
-0.172 0.00296970957971982 0.000397721768460974 -2.986461863639 388.455188977972 71008403.628551 -19143143.6535958
-0.17205 -0.00180516419173507 0.000200972714062743 -2.98998966526177 388.431731539024 71006583.471668 -19143202.5788804
-0.1721 0.00156259648242573 0.00256153930712215 -2.99212849676856 388.408274100076 71007806.2999499 -19143114.9350305
-0.17215 0.000730950928577819 -0.00534836005035201 -2.99797123031226 388.384816661128 71003859.371314 -19143219.5331612
-0.1722 0.000481619460506217 0.00558210212296715 -2.99446662925428 388.361359222181 71006868.238705 -19143336.104159
-0.17225 -0.0033527188980767 -0.00375848773745553 -3.00098752082412 388.337901783233 71002205.7924698 -19143425.4363355
-0.1723 0.0048698454573379 0.00263404411063509 -3.00082186304627 388.314444344285 71005782.6527949 -19143468.705847
-0.17235 -0.0040563475392504 -0.00432881192745835 -3.00868199479743 388.290986905337 71000144.8912916 -19143515.4573342
-0.1724 0.00377759702610633 0.00396741266079624 -3.00667948996827 388.267529466389 71004019.9073179 -19143503.4811111
-0.17245 -0.00334109909393605 -0.00350639178930942 -3.01305727405816 388.244072027441 70999422.2573802 -19143610.4044487
-0.1725 0.00253782115068132 0.00404301177790867 -3.01063742730764 388.220614588493 71002865.6661233 -19143633.0649661
-0.17255 -0.00185160021464346 -0.00346324455556553 -3.01525973512024 388.197157149545 70998954.5165546 -19143760.8083052
-0.1726 0.00441602253672106 -0.000646051080145894 -3.01610275724074 388.173699710597 71000349.8749837 -19143892.4402979
-0.17265 -0.00302335011588546 0.0016353062512779 -3.01824422274628 388.150242271649 70998936.3886734 -19143936.3486787
-0.1727 -0.00124425093230122 -0.000580653208037663 -3.02145302344483 388.126784832701 70997892.7213588 -19143967.4417904
-0.17275 0.00370034287104494 -0.000665435523884272 -3.0238731429919 388.103327393753 70998672.873597 -19143949.1776688
-0.1728 -0.00367433756157744 -0.00137371737330968 -3.02761866025518 388.079869954805 70995809.2382847 -19143944.0554088
-0.17285 6.38084296955217e-05 0.00367368470730215 -3.02940858059824 388.056412515857 70996963.7878819 -19144026.8950975
-0.1729 -0.00106208560314266 -0.00223785510820234 -3.03322741086752 388.032955076909 70994428.6663844 -19144186.4334187
-0.17295 0.00270174381655422 -0.00056937131755128 -3.03382781796596 388.009497637961 70995213.8051402 -19144214.6694285
-0.173 -0.00280359452246445 0.000608329475257101 -3.03744851405171 387.986040199013 70993438.8926959 -19144411.980676
-0.17305 0.00333307567828743 0.000743259411532335 -3.0396832066233 387.962582760065 70994662.3179249 -19144286.7195127
-0.1731 -0.00157811754013433 -0.0014871982920261 -3.04348562085943 387.939125321118 70991838.9090334 -19144280.6957068
-0.17315 0.000647474458342017 0.00235096551927321 -3.04313390495767 387.91566788217 70993291.1378821 -19144308.5109477
-0.1732 -0.00111693082346003 -0.00222920156572117 -3.04820168691953 387.892210443222 70990297.5201357 -19144524.7422675
-0.17325 0.00194932228582494 0.00253113642211862 -3.04716611852815 387.868753004274 70991726.7706478 -19144609.7602999
-0.1733 -0.00225905452904745 -0.000740649510877881 -3.05372378723219 387.845295565326 70988335.8550945 -19144625.2421757
-0.17335 0.000915459523983036 0.000191957938123927 -3.05344555102345 387.821838126378 70990233.7376398 -19144497.1690539
-0.1734 -0.00132956359365856 -0.00244772958798962 -3.05637459740832 387.79838068743 70988029.4303707 -19144563.2864763
-0.17345 0.000179648347313809 0.00400743879064244 -3.05684658128507 387.774923248482 70989425.8156572 -19144679.3323777
-0.1735 -0.00123518268827426 -0.0031325012058962 -3.06406528590943 387.751465809534 70985749.8683394 -19144790.014727
-0.17355 0.000833139683858105 0.00275770425343017 -3.06324820857547 387.728008370586 70987387.1178799 -19144824.8987035
-0.1736 0.00120401487411614 -0.00440841397787818 -3.065420252953 387.704550931638 70985191.8139678 -19144873.6576825
-0.17365 -0.000732612098397081 0.00404708170900182 -3.06758322443766 387.68109349269 70986815.9686584 -19144913.7066689
-0.1737 -0.000363357484804397 -0.00140448840498666 -3.07061636739945 387.657636053742 70984631.58797 -19144887.6654723
-0.17375 0.00106405662215616 -0.000457619694637646 -3.07271825826037 387.634178614794 70984716.8435589 -19144939.4887837
-0.1738 0.000915305266720772 -0.000835266349147964 -3.07517104772342 387.610721175846 70983637.2084867 -19144999.9846182
-0.17385 -0.00160017116502189 0.0020577920001496 -3.07741448181173 387.587263736898 70983364.7468759 -19145062.9745909
-0.1739 0.000735200824118933 -0.00278463472265568 -3.07903880238708 387.56380629795 70982150.5951368 -19145169.7942964
-0.17395 -0.00158252591223182 0.000279033376253765 -3.08029646386712 387.540348859002 70982140.8701976 -19145147.5624906
-0.174 -0.00190645040088157 0.00139581279406385 -3.0833274526922 387.516891420054 70981703.9715506 -19145127.8488609
-0.17405 0.00307454244126139 -0.00347090016348125 -3.08741628219548 387.493433981107 70981011.5027904 -19145171.7623808
-0.1741 -0.00212160179467694 -0.000700878907058857 -3.09118226174794 387.469976542159 70979104.070591 -19145346.7180511
-0.17415 0.000642565965068008 0.00224094266828917 -3.08916369112866 387.446519103211 70980826.7941836 -19145381.1406393
-0.1742 -0.00121175672716249 -0.00242884775218451 -3.09591304398067 387.423061664263 70977343.8560769 -19145586.211211
-0.17425 0.000302482787973237 0.00402792049911619 -3.09553094605542 387.399604225315 70979607.2644287 -19145502.7971806
-0.1743 -0.00226626860623881 -0.00254229676648404 -3.10132218647092 387.376146786367 70976396.5364975 -19145570.536161
-0.17435 0.00384829440183638 0.00123886929700071 -3.10173206538333 387.352689347419 70978867.6068945 -19145571.996577
-0.1744 -0.00375394744071773 -0.00184910989891495 -3.10691600460286 387.329231908471 70974988.3939607 -19145643.4377102
-0.17445 0.000690047247980621 0.00340655343594485 -3.10716121994016 387.305774469523 70976846.103377 -19145658.5750459
-0.1745 0.0010186004595271 -0.00287149996553407 -3.11072546521413 387.282317030575 70974817.3428887 -19145787.9781788
-0.17455 0.00185331913213909 -0.000588165052850706 -3.11400003917156 387.258859591627 70974542.0974888 -19145737.0048836
-0.1746 -0.00278331456368429 0.000919098569843114 -3.11867656850529 387.235402152679 70972862.1106125 -19145797.4152764
-0.17465 0.000820513613249837 0.00202413937430357 -3.11994882974025 387.211944713731 70974169.7381006 -19145797.5276797
-0.1747 0.00153913317334967 -0.00426855387696198 -3.12630791778039 387.188487274783 70970951.8549686 -19145915.66513
-0.17475 -9.50855010307988e-05 0.0052045699637469 -3.12316335161418 387.165029835835 70973301.3544586 -19145892.9839325
-0.1748 -0.00238789228445373 -0.000383490589120954 -3.12772061752338 387.141572396887 70969726.3572029 -19146093.3463298
-0.17485 0.00441823468381076 -0.00171004917498643 -3.12834913639818 387.118114957939 70970980.8186264 -19146001.9894597
-0.1749 -0.00473450410762911 0.000331056362701726 -3.13163034570463 387.094657518991 70968791.3878689 -19146066.3253755
-0.17495 0.0023566292516405 0.00152528261036488 -3.1333389003995 387.071200080044 70970824.6194842 -19146021.7691719
-0.175 -0.00308773599600319 -0.00255812135718214 -3.13978881110748 387.047742641096 70967423.0919966 -19145926.1006442
-0.17505 0.00173338186811242 0.0011122918167163 -3.13801917574036 387.024285202148 70968822.7998209 -19146166.1763722
-0.1751 -0.000972032068370214 -0.00222764417274633 -3.14166487915593 387.0008277632 70966870.4468597 -19146222.8938644
-0.17515 0.00056155277959485 0.00409701766243865 -3.14179123841112 386.977370324252 70968146.9362879 -19146315.4024137
-0.1752 -0.000436884974320778 -0.00404933970137179 -3.14951978050644 386.953912885304 70964885.6759008 -19146254.255742
-0.17525 0.00151276112135905 0.000504344943504419 -3.14907314260906 386.930455446356 70966290.379412 -19146244.3492509
-0.1753 -0.000755509864043054 0.0031903330841806 -3.152691229462 386.906998007408 70965382.7110794 -19146319.013818
-0.17535 0.00120773418096696 -0.00185575233538144 -3.15376424745021 386.88354056846 70964406.1486334 -19146325.8784014
-0.1754 -0.000110927822323822 0.000372124676663486 -3.15626122999492 386.860083129512 70963490.4595148 -19146457.7596868
-0.17545 7.33390715213165e-05 0.00046348794808535 -3.15797553730418 386.836625690564 70962680.9372707 -19146632.3947511
-0.1755 -0.00177489473344074 0.00105726121043023 -3.16327088862964 386.813168251616 70961776.7122548 -19146545.6965671
-0.17555 0.00256539733370402 -0.000394218853024984 -3.1626893565198 386.789710812668 70962281.7617347 -19146568.7901399
-0.1756 -0.000102137249030463 -0.000265032003682837 -3.16670391281872 386.76625337372 70961224.3748652 -19146610.5255032
-0.17565 -0.000420435601993696 0.00145431169693831 -3.16961625749353 386.742795934772 70960891.1632581 -19146565.4341557
-0.1757 7.69573535824997e-06 -0.00323455966010866 -3.17399087243145 386.719338495824 70958647.7444067 -19146657.1360768
-0.17575 0.00220581253072679 0.00389563488535815 -3.17556866180999 386.695881056876 70960209.1092835 -19146764.7746142
-0.1758 -0.0004618602050928 -0.00369322066397004 -3.18052714738242 386.672423617928 70956777.3943604 -19146810.6815991
-0.17585 0.00107588661757621 0.0046019355835798 -3.17987456588908 386.648966178981 70958609.6939799 -19146788.5933992
-0.1759 -0.00437579365596908 -0.00213792666619182 -3.18748730188191 386.625508740033 70954583.2945443 -19146782.7487704
-0.17595 0.00786398873153931 0.00149349236523252 -3.18442034831756 386.602051301085 70958686.2326629 -19146883.1165834
-0.176 -0.00608070607569794 -0.0032966053207741 -3.19294750796903 386.578593862137 70952533.5096775 -19146938.0265284
-0.17605 0.00500651926505411 0.00778487068668622 -3.18806818078033 386.555136423189 70958283.442374 -19146925.9211331
-0.1761 -0.0054653171340265 -0.00699991878497351 -3.19650718263491 386.531678984241 70950308.9312396 -19147049.4698565
-0.17615 0.00702581228894731 0.00667374437009605 -3.19125334065636 386.508221545293 70957647.7674953 -19147005.9447677
-0.1762 -0.00784310862729151 -0.00500248741584117 -3.20361131340393 386.484764106345 70949282.1562517 -19147073.2032349
-0.17625 0.00570112088653162 0.00590389899132543 -3.1970159587533 386.461306667397 70955782.7000047 -19147022.8613271
-0.1763 -0.00298081212164888 -0.00826433014520142 -3.20674482590994 386.437849228449 70948603.072839 -19147120.7437318
-0.17635 0.0034570206839446 0.00588024256143278 -3.20196881444626 386.414391789501 70954208.5043433 -19147249.9682813
-0.1764 -0.00789569903954938 -0.00156876595394353 -3.21001897556065 386.390934350553 70948843.3674073 -19147170.8990457
-0.17645 0.00943964946283093 -0.000918162242673185 -3.20438219538661 386.367476911605 70953410.9125919 -19147267.2993535
-0.1765 -0.00499485649890705 -0.00194875126968967 -3.21303178059459 386.344019472657 70948146.1973342 -19147351.3819781
-0.17655 0.00227713537664181 0.00401767230265684 -3.21041659300271 386.320562033709 70951029.8556562 -19147444.3678704
-0.1766 -0.000584106262655636 -0.00363417805627671 -3.2186039209151 386.297104594761 70947060.8680882 -19147423.1282301
-0.17665 0.00140784850876567 0.00106399169223094 -3.21991454887757 386.273647155813 70948661.9320586 -19147365.3818433
-0.1767 -0.00205478773785012 0.00049919418990026 -3.22207588656267 386.250189716865 70947007.6412646 -19147466.3280872
-0.17675 0.000558316126787873 -0.000556913120590868 -3.22227895012174 386.226732277918 70947813.6311213 -19147438.5052681
-0.1768 0.00107449904200725 0.00069357160787956 -3.22476897763649 386.20327483897 70946877.313806 -19147545.9477898
-0.17685 -0.00206224705439117 -0.0022707036560338 -3.23199909403825 386.179817400022 70944521.5990264 -19147424.526255
-0.1769 0.000912622046103781 0.00179683143818836 -3.23207082310512 386.156359961074 70945696.0365855 -19147587.8036606
-0.17695 -0.00129133293767335 -0.00282007763591503 -3.23591129453752 386.132902522126 70943647.6065061 -19147636.5816027
-0.177 0.00204282729611643 0.000958113960983228 -3.23676784901589 386.109445083178 70945140.250399 -19147576.4979647
-0.17705 -0.00024874204616453 -0.0019770376477414 -3.24193567577766 386.08598764423 70942549.5702708 -19147685.7400721
-0.1771 -0.000481350969624781 0.00152617982142247 -3.24231505622748 386.062530205282 70943343.9646268 -19147650.2454484
-0.17715 -0.00112700014661555 -0.00225025298870443 -3.24738474012123 386.039072766334 70941026.9038146 -19147663.8050331
-0.1772 0.000615578928957669 0.00139948424683947 -3.24740197091713 386.015615327386 70942175.9179427 -19147708.7621356
-0.17725 -0.00190206528190154 -0.000173775529379874 -3.25586634194373 385.992157888438 70939347.7659582 -19147791.7119939
-0.1773 0.0035284762916278 -0.000306554406260101 -3.25351216968451 385.96870044949 70941308.5774135 -19147713.9183579
-0.17735 -0.00444268030433342 -0.000328624175304181 -3.25676444865384 385.945243010542 70938335.8401532 -19147936.0722635
-0.1774 0.00382465029791315 0.00174169323845826 -3.25978282650497 385.921785571594 70940412.393341 -19147808.3997879
-0.17745 -0.00406871586900463 -0.00345701591004657 -3.2653406847948 385.898328132646 70936019.9718555 -19147867.4739756
-0.1775 0.00440997036070152 0.00417555818656985 -3.26113193703809 385.874870693698 70940099.9314837 -19147944.3249157
-0.17755 -0.00308747097010309 -0.00312782211027036 -3.27021706456099 385.85141325475 70935022.4468133 -19147905.1040975
-0.1776 0.00391563857367517 0.00244026386598997 -3.2672969798705 385.827955815802 70938396.0482824 -19147971.9959024
-0.17765 -0.00431482132810692 -0.00190605367745058 -3.27483131333488 385.804498376854 70933671.5930802 -19148034.870993
-0.1777 0.00138341033919185 0.00338728318675132 -3.27258944952775 385.781040937907 70936520.3943986 -19148063.8878306
-0.17775 0.000761699570360206 -0.00575686584379304 -3.27794315874059 385.757583498959 70932996.2066691 -19148083.8681025
-0.1778 -0.000693873841599193 0.00440559605629184 -3.27817907416992 385.734126060011 70935112.9207548 -19148080.6170029
-0.17785 -0.00393445951988006 -0.000170655452705876 -3.28336424664007 385.710668621063 70932427.773588 -19148169.1230649
-0.1779 0.00563632558453756 -0.00172963624383521 -3.28492279422809 385.687211182115 70934288.6975617 -19148121.7286965
-0.17795 -0.00287101384493348 -0.00200304127103566 -3.28903406390199 385.663753743167 70931206.4790973 -19148178.8256094
-0.178 -0.000528461598266157 0.00285506003063032 -3.29084207739605 385.640296304219 70932509.431882 -19148145.5526601
-0.17805 0.000237881578381818 -0.00287694096064682 -3.29106985050432 385.616838865271 70930914.8554876 -19148206.2278837
-0.1781 0.00142653396819339 0.00159152525550874 -3.29315546946136 385.593381426323 70932028.9751794 -19148200.8170276
-0.17815 -0.00251707783244625 -0.00140949658410759 -3.29895168177329 385.569923987375 70928850.9960202 -19148259.4891695
-0.1782 0.00129282567622931 0.00200454781060206 -3.29767610961483 385.546466548427 70930640.6345724 -19148286.6348504
-0.17825 0.000291799321866755 -0.00173487107401604 -3.30194278540314 385.523009109479 70929068.8123497 -19148346.8514181
-0.1783 -0.00228024877509383 0.00182742798632556 -3.30742111578258 385.499551670531 70927709.6359972 -19148378.5836431
-0.17835 0.000333074854606572 0.000226996522029461 -3.30830213131193 385.476094231583 70927423.020605 -19148487.4597358
-0.1784 0.00180801273361735 -0.00238133845674559 -3.31140439043902 385.452636792635 70926604.5066595 -19148482.2043332
-0.17845 -0.00155155021047369 0.00105399455956675 -3.31339077494955 385.429179353687 70926518.9445291 -19148418.6723676
-0.1785 -0.00146233025406334 0.00197673840616695 -3.31630404767802 385.405721914739 70925921.4222264 -19148468.6032867
-0.17855 0.00256145102206945 -0.00252417903843717 -3.31944884674612 385.382264475791 70925203.4212953 -19148401.1464548
-0.1786 -0.00147028097820962 0.000625492724587817 -3.32135326803855 385.358807036844 70924347.7861916 -19148545.390441
-0.17865 -0.000245439445604607 0.000709831011718329 -3.32458333190943 385.335349597896 70924299.6919975 -19148574.1855402
-0.1787 0.00163678546917469 -0.00283452064852056 -3.32651440146499 385.311892158948 70922858.3320658 -19148654.3666394
-0.17875 -0.00149294724171325 0.00265301170449421 -3.32834178596506 385.28843472 70923374.2238537 -19148630.2697205
-0.1788 -0.000922339055504664 -0.00114192125791414 -3.3341146382846 385.264977281052 70921035.9079991 -19148653.35593
-0.17885 0.00351506357259604 -0.000131234047334419 -3.33490276343211 385.241519842104 70922690.6387434 -19148704.2710747
-0.1789 -0.00278365684075546 -0.00139563362503337 -3.3380705928143 385.218062403156 70919989.9376733 -19148675.4968336
-0.17895 0.00111920985438231 0.00308753942365396 -3.33923448257675 385.194604964208 70921329.3328182 -19148796.8664094
-0.179 -0.000177233623178471 -0.00491703143400195 -3.34578438225329 385.17114752526 70917839.4936245 -19148875.1957315
-0.17905 0.001831020747078 0.0063813969234788 -3.34356822743635 385.147690086312 70920805.5883072 -19148825.0251316
-0.1791 -0.00460823874071707 -0.00470826266499465 -3.3514564490608 385.124232647364 70915365.493981 -19148835.2708102
-0.17915 0.00571166801099643 0.00390250082757738 -3.34827558532444 385.100775208416 70920488.0510785 -19148766.3507488
-0.1792 -0.00338744231759925 -0.00487012605573477 -3.35639483404425 385.077317769468 70914527.0148591 -19148848.3600051
-0.17925 0.00191333729469047 0.00553837823075886 -3.35275181458222 385.05386033052 70918917.8058427 -19148894.6331215
-0.1793 -0.00252857515530699 -0.00449305749859674 -3.36121340902785 385.030402891572 70913858.9794665 -19148966.3858094
-0.17935 0.00366343130820455 0.00186135092839602 -3.35848466737562 385.006945452624 70916829.7208936 -19148963.7826773
-0.1794 -0.00429231582071007 -0.000671419303716059 -3.36469411277214 384.983488013676 70913442.4015922 -19148997.5217676
-0.17945 0.00380886898264599 0.00180439067733593 -3.36262332033861 384.960030574728 70916298.0777413 -19148942.3362387
-0.1795 -0.00253653277579925 -0.00341281460358935 -3.37050184979444 384.936573135781 70911900.8094013 -19148914.1014211
-0.17955 0.00179089990951159 0.00347607449547608 -3.37056146114952 384.913115696833 70914173.6299589 -19149010.6949383
-0.1796 -0.00272967967147342 -0.00190166049934508 -3.37432478269415 384.889658257885 70911244.2636514 -19149106.4561977
-0.17965 0.00288856989550605 0.00160499352874636 -3.37442725193443 384.866200818937 70912946.9783583 -19149159.0165681
-0.1797 -0.00119247889517375 -0.00224410329818576 -3.38008220467834 384.842743379989 70909355.9570788 -19149255.0922479
-0.17975 0.00153163865147559 0.00314200941251267 -3.37920237267946 384.819285941041 70912032.3493309 -19149126.6312275
-0.1798 -0.00317287338120162 -0.00156601939217472 -3.38592430904198 384.795828502093 70908737.5424543 -19149135.5899863
-0.17985 0.00427884525773834 0.00135842503235083 -3.38584888594517 384.772371063145 70910816.7070216 -19149073.8282074
-0.1799 -0.0029179204377627 -0.00321482746660043 -3.39103074171571 384.748913624197 70907178.4429499 -19149073.1251475
-0.17995 0.000491606431164428 0.00538098040992822 -3.38871468735399 384.725456185249 70910017.8425364 -19149305.355585
-0.18 -0.00181982481462275 -0.00498268494958118 -3.39517311084893 384.701998746301 70905658.6553284 -19149349.4388651
-0.18005 0.003064642643156 0.000974816415164725 -3.39426355039122 384.678541307353 70908159.7153019 -19149364.2907106
-0.1801 -0.00391048230426337 0.000132939391261238 -3.39972780637248 384.655083868405 70905456.5171214 -19149278.8616987
-0.18015 -0.000115329268701761 0.000956830801854269 -3.40030658141534 384.631626429457 70906641.8200376 -19149279.8918754
-0.1802 0.00322281768653393 -0.00318841040995602 -3.40181545286162 384.608168990509 70905671.3531057 -19149330.5400517
-0.18025 -0.00157462862791322 0.00201048465877214 -3.40554806839754 384.584711551561 70904459.9269869 -19149392.7547582
-0.1803 -0.00100318803781814 -9.19337540890068e-06 -3.40689227283797 384.561254112613 70903419.1158832 -19149460.3066493
-0.18035 0.00120454607295585 -0.00353212822184415 -3.40900130632563 384.537796673665 70902886.4161438 -19149609.7947644
-0.1804 7.87746288735494e-05 0.000385166830464205 -3.41229317557651 384.514339234718 70903334.3665529 -19149455.3435944
-0.18045 -0.00280265347255732 0.00166938944142148 -3.41419483452423 384.49088179577 70902358.8504225 -19149530.3568104
-0.1805 0.00300941026101071 -0.00190406148230936 -3.41533442280256 384.467424356822 70902622.5193549 -19149513.2407032
-0.18055 0.000166801767756135 -0.00172033718754471 -3.42038119881795 384.443966917874 70900699.6614884 -19149661.7319601
-0.1806 -0.00110706348925591 0.00213279546771466 -3.42078306735253 384.420509478926 70900569.0816347 -19149751.6736221
-0.18065 -0.00147814999765079 -0.00124623827892496 -3.4240238768394 384.397052039978 70899478.1886085 -19149728.2018424
-0.1807 0.00356533761273897 -0.000730569503734186 -3.42526846300422 384.37359460103 70900643.2828272 -19149688.3258647
-0.18075 -0.00341799884481378 -0.00145504860971686 -3.4288842775166 384.350137162082 70898274.2508667 -19149611.7578543
-0.1808 0.00167144658472376 0.00320732831414911 -3.4277081597022 384.326679723134 70900500.2840035 -19149610.6575481
-0.18085 -0.00190171642522022 -0.00317024933314192 -3.43344126996023 384.303222284186 70896637.4322407 -19149743.1164911
-0.1809 0.00403802325437895 0.00184286387691595 -3.43157216835616 384.279764845238 70899227.3318714 -19149797.7093907
-0.18095 -0.00229517323544101 -0.0021812717950409 -3.43513921669999 384.25630740629 70895777.9595367 -19149839.5096302
-0.181 7.45716641595537e-05 0.00149781274663622 -3.43386786961067 384.232849967342 70897617.3878772 -19149877.9089012
-0.18105 -0.00141259407149107 -0.000835342641893949 -3.43867138352538 384.209392528394 70895830.977261 -19149857.7585502
-0.1811 0.000315894965937555 4.88648637078888e-05 -3.43893824428535 384.185935089446 70896721.7864789 -19149803.3225195
-0.18115 -0.000141606279945134 -0.000604852308143904 -3.44229734914596 384.162477650498 70895204.5325856 -19149929.2920373
-0.1812 0.000553688987348014 -0.00105537804030858 -3.44252069912254 384.13902021155 70895473.8886104 -19149922.6620691
-0.18125 -0.00225580333196907 0.00143356146859105 -3.4454052628604 384.115562772602 70894116.0678618 -19150038.4075586
-0.1813 -5.28848141985521e-05 -0.000478998682552607 -3.44681323005379 384.092105333655 70894086.2549444 -19150082.1847219
-0.18135 0.00181430719837424 -0.00128470978492677 -3.4481255180315 384.068647894707 70893532.4101881 -19150193.6086616
-0.1814 -0.00132029255825227 0.0017343427355525 -3.45074792097265 384.045190455759 70893309.9510896 -19150094.1952494
-0.18145 0.000114116222244396 3.23126664711549e-05 -3.45247059095113 384.021733016811 70893019.1703674 -19150092.6356993
-0.1815 -0.000255860272371748 -0.000448429428643695 -3.4530861556211 383.998275577863 70892746.6582167 -19150090.211886
-0.18155 -0.000600987762435708 -0.000503272950220549 -3.45717294491169 383.974818138915 70892170.664068 -19150191.3123455
-0.1816 0.00100060989910021 -0.00110400625164955 -3.45848469704379 383.951360699967 70891897.448818 -19150192.9484762
-0.18165 -0.00145733670868123 0.00161552980604748 -3.45850280123694 383.927903261019 70891843.9915809 -19150303.0103315
-0.1817 -0.00229916501263043 0.0009704531295361 -3.46289124540032 383.904445822071 70890866.1516191 -19150177.1007974
-0.18175 0.00329624532278778 -0.00278913866599885 -3.46431966367042 383.880988383123 70890877.0201296 -19150292.8049586
-0.1818 -0.00171857908746345 0.00211616053703251 -3.4651878681576 383.857530944175 70890768.9137428 -19150220.1768549
-0.18185 0.00163422603934039 -0.00152390491945557 -3.47019941297183 383.834073505227 70889276.5918655 -19150234.168331
-0.1819 -0.00149392797249644 0.000571290702309762 -3.47248343829731 383.810616066279 70888769.37949 -19150162.3714062
-0.18195 0.00134413905623916 -0.000588632390421489 -3.4747518117235 383.787158627331 70888397.8761958 -19150304.177737
-0.182 -0.000848451922756813 -0.00180218833742165 -3.47969280454935 383.763701188383 70886850.1292244 -19150219.7616038
-0.18205 0.000756682512338544 0.00145186862123914 -3.47989093911308 383.740243749435 70887673.1709385 -19150333.4316316
-0.1821 -0.00155907373142952 -0.00192454677501876 -3.48438693053531 383.716786310487 70885918.4380112 -19150205.1379646
-0.18215 0.00120808675017878 0.00194482156793993 -3.48143570515939 383.693328871539 70887296.282927 -19150389.7520785
-0.1822 0.00182250645596852 -0.00366586802285015 -3.48818830906253 383.669871432591 70884811.9215871 -19150452.4949186
-0.18225 -0.00255710120048904 0.0036437998897378 -3.4900712245606 383.646413993644 70885089.5233747 -19150457.8187595
-0.1823 -0.000795120372519968 -0.00179900013359794 -3.49223469732381 383.622956554696 70883613.3647954 -19150374.5572506
-0.18235 0.00131556344112994 0.000192693725854355 -3.49232468796213 383.599499115748 70884630.8160186 -19150496.9896048
-0.1824 -0.000358226572887546 4.01294190224329e-05 -3.49548314586621 383.5760416768 70883482.5009418 -19150509.1712337
-0.18245 -0.000184728156370734 -0.000324775078637909 -3.49692407645607 383.552584237852 70883195.874439 -19150479.3780046
-0.1825 0.00161128160781582 -0.000771409232248797 -3.49656434967276 383.529126798904 70883626.8914919 -19150552.3409782
-0.18255 -0.00211846321662567 0.00235705150337331 -3.49841187171686 383.505669359956 70882779.3621581 -19150684.2685109
-0.1826 0.000219553612956069 -0.000721209734805532 -3.49999501395627 383.482211921008 70881823.3759665 -19150725.5445672
-0.18265 -0.00125659591736399 0.000883362057961795 -3.50337008506666 383.45875448206 70881576.2261816 -19150664.6380248
-0.1827 -0.000210317921286511 0.00203149133495118 -3.50385247249081 383.435297043112 70881950.8307538 -19150645.9548233
-0.18275 0.000414729339981234 -0.00371548534225996 -3.508179599935 383.411839604164 70880273.0065569 -19150652.4994668
-0.1828 0.000861274473345881 0.001989520249994 -3.50801231431502 383.388382165216 70881635.1537662 -19150743.6203502
-0.18285 -0.00356552132115299 -0.00139453517816341 -3.5117589807699 383.364924726268 70878989.7586496 -19150726.345433
-0.1829 0.00312276737057013 0.000623215533166773 -3.51159574590108 383.34146728732 70880092.6632234 -19150847.3580595
-0.18295 -0.00179115985914577 -0.00355857442390814 -3.51555217639499 383.318009848372 70877111.5472936 -19150880.2353873
-0.183 0.00211781192910652 0.00544163377960337 -3.51357615616365 383.294552409424 70880888.1328973 -19150884.1801388
-0.18305 -0.00212643212813508 -0.0060942528411017 -3.52233951164035 383.271094970476 70875314.095612 -19150889.1210057
-0.1831 0.00410883012386863 0.00503455743531134 -3.51959328313252 383.247637531528 70879587.1746666 -19150870.0286336
-0.18315 -0.00462662953326892 -0.00429441684688621 -3.52770581560288 383.224180092581 70873691.7813935 -19151031.2457603
-0.1832 0.00413025540551875 0.00571675560724164 -3.5209989656899 383.200722653633 70879191.339643 -19151114.1094266
-0.18325 -0.00271088494256958 -0.00572921264553674 -3.52953042465466 383.177265214685 70873707.3801719 -19151054.1970326
-0.1833 0.00295685228086825 0.00446519279044985 -3.52629146889119 383.153807775737 70877369.6853501 -19151097.5459662
-0.18335 -0.00205786481242007 -0.00270061027366891 -3.53198162647529 383.130350336789 70873459.1505408 -19151097.4702272
-0.1834 0.000991421460895583 0.00199113544591743 -3.5319459874964 383.106892897841 70875344.0234353 -19151139.9171145
-0.18345 0.00077251298242403 -0.00201041161665979 -3.53396364684543 383.083435458893 70873543.6425237 -19151221.2016289
-0.1835 0.000424238881154709 -0.000145936439686072 -3.53750564138553 383.059978019945 70873375.7975792 -19151212.8299899
-0.18355 -0.00216848506140539 0.000858773215877529 -3.53994782519127 383.036520580997 70871562.1262008 -19151283.4103516
-0.1836 0.000429236474675714 -0.00148286354348443 -3.5407163088319 383.013063142049 70872089.0313461 -19151277.5213532
-0.18365 0.00213416668748854 -4.27651458189879e-05 -3.54372959549954 382.989605703101 70872077.8156512 -19151293.0810956
-0.1837 -0.00240233748704867 0.001072069907164 -3.54676363322033 382.966148264153 70870988.7257323 -19151294.1613383
-0.18375 0.0012810055775017 8.44191271285259e-05 -3.54870301347699 382.942690825205 70870945.2311825 -19151266.248187
-0.1838 0.000619537444595156 -0.00195613712100405 -3.55117880612043 382.919233386257 70869311.1926282 -19151363.7069373
-0.18385 0.00189849790287095 0.00117448056698652 -3.55263704354293 382.895775947309 70869801.2596071 -19151444.9438978
-0.1839 -0.00288904541063742 0.00132407256765933 -3.55655998062657 382.872318508361 70868103.9627998 -19151472.427642
-0.18395 0.00131713232175424 -0.0015100128116224 -3.55639554325267 382.848861069413 70868363.9548699 -19151498.8587166
-0.184 0.000534740041703759 -0.000521634621385542 -3.56188614233958 382.825403630465 70867405.1881239 -19151510.0349223
-0.18405 -0.00142360697686319 0.0014694040891559 -3.56243233167177 382.801946191518 70867225.7293002 -19151492.4403916
-0.1841 -5.93775499217874e-05 -0.000355491996990455 -3.56427595265875 382.77848875257 70866521.2488106 -19151518.5729087
-0.18415 0.000681596162108261 0.000923636659607291 -3.56663569063411 382.755031313622 70866676.9182496 -19151542.1853691
-0.1842 0.00272183643679089 -0.00430053634521033 -3.56964081645548 382.731573874674 70865256.5861897 -19151631.7060265
-0.18425 -0.00277269919208079 0.00446693997310317 -3.57148485554275 382.708116435726 70865599.957295 -19151567.4354425
-0.1843 -0.00204535327307763 0.000530076297336945 -3.57629013702215 382.684658996778 70863824.3891301 -19151631.3708194
-0.18435 0.00335933318837373 -0.00345842834840082 -3.57769770521506 382.66120155783 70863575.9045275 -19151611.5948321
-0.1844 -0.000260590426210065 0.0020808217503059 -3.57874004759928 382.637744118882 70863870.575731 -19151687.7797015
-0.18445 -0.00276547589796841 0.000579422535660628 -3.58151826042938 382.614286679934 70862484.1984863 -19151713.9594897
-0.1845 0.00393743889437402 -0.00229528361878051 -3.58388618792791 382.590829240986 70862507.4921823 -19151817.8577512
-0.18455 -0.00139056600517052 0.00126499389963964 -3.58659572630752 382.567371802038 70861457.6331746 -19151794.7401346
-0.1846 -0.000754229757976072 0.0017022329691679 -3.58860132344791 382.54391436309 70861681.2677408 -19151806.1270994
-0.18465 0.00282938883006883 -0.00279123580800691 -3.59102484057941 382.520456924142 70860632.529289 -19151839.3850975
-0.1847 -4.58276078775026e-05 0.0013150265530733 -3.59252981023822 382.496999485194 70860902.830211 -19151754.7072206
-0.18475 -0.00345051942535304 6.31502213306923e-05 -3.59505458918596 382.473542046246 70859003.518432 -19151763.6776937
-0.1848 0.000928153512405876 0.00278035031730754 -3.59571478165165 382.450084607298 70860706.7695566 -19151827.0197215
-0.18485 6.52600562550551e-05 -0.0040440899436958 -3.60053099438057 382.42662716835 70857733.2460499 -19151830.9697755
-0.1849 0.00221551237361802 0.00477091028657028 -3.59804672807125 382.403169729402 70860461.863861 -19151885.4504593
-0.18495 -0.00361920466974222 -0.00340162944205174 -3.6044090534469 382.379712290455 70856163.2429044 -19151815.9099892
-0.185 0.00283786221029639 0.00428587997972443 -3.60269522304446 382.356254851507 70859524.4184371 -19151847.3477313
-0.18505 -0.00298781668969517 -0.00490018171438054 -3.6113153024723 382.332797412559 70854536.252301 -19151871.5464642
-0.1851 0.00213092124490527 0.00234747253795603 -3.60736125028101 382.309339973611 70858312.1347168 -19151848.8251374
-0.18515 -0.00276824286132305 -0.0010120249970925 -3.61160833344405 382.285882534663 70855189.305961 -19151927.0994151
-0.1852 0.00315191424733471 -0.000499112189089308 -3.61400952984518 382.262425095715 70856123.7910107 -19151867.3330912
-0.18525 -0.00142162487874243 -0.00158816427392351 -3.61742159680386 382.238967656767 70854195.8489454 -19151946.7084161
-0.1853 -0.00130753525134276 0.00344885916426321 -3.61849208812199 382.215510217819 70855024.5883754 -19151984.2865613
-0.18535 0.0009410793764834 -0.00440368220886177 -3.62363277755669 382.192052778871 70852561.3510592 -19152010.2183201
-0.1854 0.000696458455878992 0.000770650392659741 -3.62178009580466 382.168595339923 70854514.0787552 -19151973.8116565
-0.18545 -0.00207632652584611 -0.000240060843279712 -3.62602671133814 382.145137900975 70852865.1223635 -19151952.219017
-0.1855 -0.00207845045221652 0.0010419023264696 -3.62903805110735 382.121680462027 70852363.8320226 -19151946.597592
-0.18555 0.00463547562541076 -0.00230666389556589 -3.6314290916794 382.098223023079 70852195.7744318 -19152053.1748634
-0.1856 -0.00324568938604979 0.00186063651912596 -3.63530033620238 382.074765584131 70850588.3232756 -19152154.9029071
-0.18565 -0.000655326932790229 0.00034272436019428 -3.63548023743734 382.051308145183 70851086.3790235 -19152097.5474718
-0.1857 0.00240476541192685 -0.00105401972980393 -3.6380389324286 382.027850706235 70850505.8956412 -19152153.81185
-0.18575 -0.00276745899886096 0.000984652776777784 -3.64189477214376 382.004393267287 70849359.2791514 -19152157.0521581
-0.1858 0.000299424968676825 0.00231743505845675 -3.64163699238877 381.980935828339 70850020.6728869 -19152118.3109881
-0.18585 -0.000621798185241682 -0.00339375444865493 -3.64551173172647 381.957478389391 70847968.2126675 -19152126.4806154
-0.1859 0.00186053736870183 0.0037062579251524 -3.64333080024452 381.934020950444 70850249.2789014 -19152179.8292209
-0.18595 -0.00217867543651224 -0.00228673057459655 -3.64792337738699 381.910563511496 70846843.7497071 -19152207.918154
-0.186 0.00103640819371557 0.00048191602367894 -3.6510870324596 381.887106072548 70848214.2373849 -19152166.6669264
-0.18605 -0.00149865276773132 0.000556567549585095 -3.65328824398523 381.8636486336 70846686.5596983 -19152224.7992168
-0.1861 0.000240841071724666 -0.000259428748531205 -3.6561611156394 381.840191194652 70846477.2301431 -19152089.9770932
-0.18615 -0.000963395898405996 -0.000267272853373331 -3.65867280031559 381.816733755704 70845276.2739754 -19152250.3220182
-0.1862 0.000552982457586633 0.000886424891334507 -3.66077635102628 381.793276316756 70845510.5819707 -19152183.7700648
-0.18625 0.00022711424518161 -0.00200758121255507 -3.66339668358996 381.769818877808 70844346.5552276 -19152264.7630792
-0.1863 6.44597534499998e-05 0.00012152201295026 -3.66550745736177 381.74636143886 70844265.7939147 -19152261.6662081
-0.18635 -0.00336127787000797 0.00256399014026515 -3.6670741481956 381.722903999912 70843537.9318725 -19152225.5206993
-0.1864 0.0030121649756797 -0.0038383374524177 -3.66886502574366 381.699446560964 70843565.0637331 -19152198.7017564
-0.18645 -0.00091685446693084 0.000478693807946632 -3.6729530036982 381.675989122016 70842398.1920888 -19152265.7110644
-0.1865 -0.00243924264730964 0.00439367931901148 -3.67489015441619 381.652531683068 70842685.5851921 -19152263.2867217
-0.18655 0.000924090839379735 -0.0039480114146138 -3.67871119259308 381.62907424412 70840687.6526569 -19152381.8799994
-0.1866 0.00206716228290986 -0.00157040594257461 -3.67850288992533 381.605616805172 70841119.5237637 -19152429.7302824
-0.18665 -0.00209890678699463 0.00292021154075228 -3.68057787126636 381.582159366224 70840769.5944822 -19152495.4320814
-0.1867 0.000528695358299239 -0.00015728817545442 -3.68391998077156 381.558701927276 70839862.5812421 -19152427.3098789
-0.18675 0.00205676923156182 -0.00108220996572232 -3.68644190349396 381.535244488328 70839931.4365516 -19152391.3053914
-0.1868 -0.000816052194906035 -0.00124621408334037 -3.6884564563301 381.511787049381 70839227.2556109 -19152367.9558266
-0.18685 -0.000497341439082508 0.00292568479493179 -3.69099402207735 381.488329610433 70839446.996534 -19152417.3309541
-0.1869 -0.00119578848063222 -0.00221482206671133 -3.69288878778987 381.464872171485 70837700.3978232 -19152483.9045776
-0.18695 0.00257811681537665 0.000834216359833773 -3.69470682951496 381.441414732537 70838402.6877727 -19152581.7749408
-0.187 -0.00323414424769539 0.000235752434888514 -3.699260117716 381.417957293589 70836297.6343396 -19152485.1342373
-0.18705 0.0021530073780017 0.00190501380009635 -3.69812943269027 381.394499854641 70838071.2546139 -19152548.5880104
-0.1871 -0.000164665444810509 -0.00149975323015337 -3.70234903924868 381.371042415693 70836335.7399728 -19152460.4110814
-0.18715 -0.00124016037057753 0.00222162962729486 -3.70318545460445 381.347584976745 70836618.1068112 -19152420.0336027
-0.1872 0.000253996937235945 -0.00288758358545332 -3.70851108468033 381.324127537797 70834445.3754593 -19152502.6008199
-0.18725 0.00035668411588496 0.00240063623871183 -3.70833073047307 381.300670098849 70835218.6814635 -19152606.0456583
-0.1873 -0.000756663073123629 -0.00239237832183067 -3.71164559761307 381.277212659901 70833738.9611367 -19152654.2287556
-0.18735 0.00200901956629573 0.000728468231606931 -3.71066161463953 381.253755220953 70834890.4958252 -19152645.5409258
-0.1874 -0.00253521734973072 0.000224558698998832 -3.71647737523068 381.230297782005 70832986.9299152 -19152580.0764846
-0.18745 0.000702490271349911 -0.000319693048075519 -3.71813305724328 381.206840343057 70833647.750495 -19152608.4286248
-0.1875 0.00120372661704079 -0.00137821108576432 -3.72143512328079 381.183382904109 70832295.2067499 -19152676.6960306
-0.18755 -0.00143567287820553 0.0023829815690673 -3.72369755565237 381.159925465161 70832076.6421727 -19152703.5087054
-0.1876 -0.000886396255246228 -0.000217222446986961 -3.72400754840129 381.136468026213 70831303.2605094 -19152771.8438695
-0.18765 0.00315227290155642 -0.00304714629535787 -3.72637778054008 381.113010587265 70830872.8746159 -19152768.9881606
-0.1877 -0.00215544413410288 0.00294726090710947 -3.7282974222986 381.089553148318 70831233.1625226 -19152745.8161887
-0.18775 -0.0015168768418353 -0.000377919408708296 -3.7313488560388 381.06609570937 70830331.5121122 -19152770.4804614
-0.1878 0.00348650804264958 -0.00103745095777204 -3.73181564092101 381.042638270422 70830516.8892997 -19152810.1828763
-0.18785 -0.002490239408485 -0.000570858941611968 -3.73505224708796 381.019180831474 70828853.246269 -19152769.10088
-0.1879 -9.48401158898706e-05 0.00450796538855065 -3.73301853425668 380.995723392526 70830745.9236968 -19152906.5520748
-0.18795 0.00092102586847667 -0.00394922630544282 -3.73908080281584 380.972265953578 70827446.5535114 -19152852.1832586
-0.188 0.0001839834513819 -0.000765147010934746 -3.74100766743013 380.94880851463 70827873.6894284 -19152880.3591491
-0.18805 -0.00284997341531338 0.00197273824547983 -3.74183452196891 380.925351075682 70827679.162387 -19152945.1309804
-0.1881 0.00177517806955497 0.000245300051698704 -3.74325077448779 380.901893636734 70827648.182108 -19152924.7780557
-0.18815 -0.000727298199396802 -0.0017191096515223 -3.74658580680834 380.878436197786 70826107.5019056 -19152971.2221922
-0.1882 0.00154786904781985 0.00372515457523208 -3.74722199216711 380.854978758838 70827792.8439369 -19152931.9224196
-0.18825 -0.00153379477394975 -0.00170281424232037 -3.75124197077527 380.83152131989 70824558.0870475 -19153071.445906
-0.1883 0.00201769972277965 0.000407237932651711 -3.75003149003456 380.808063880942 70826234.2447758 -19153021.3326731
-0.18835 -0.00140204560263493 -0.00079564372393897 -3.75355750742341 380.784606441994 70824739.181621 -19152952.1972676
-0.1884 -0.00119923389694426 0.00168540440555191 -3.75552962799009 380.761149003046 70824767.7220622 -19153003.7672339
-0.18845 0.00109038058429636 -0.000182725003705249 -3.75762007931122 380.737691564098 70824503.5692726 -19153028.6914633
-0.1885 0.00181898783603431 -0.00336883303909595 -3.75862332962341 380.71423412515 70823619.733856 -19153078.5637548
-0.18855 -0.000854922173017467 0.00471664172792567 -3.75984741416395 380.690776686202 70824399.8090244 -19153132.2991601
-0.1886 -0.0016794509744948 -0.00255621918801559 -3.76556175046169 380.667319247255 70821338.1023114 -19153152.7583173
-0.18865 0.00304878829181116 0.00264325927968196 -3.76239069149287 380.643861808307 70823884.1156579 -19153157.1413462
-0.1887 -0.00300901450493789 -0.00451625048434133 -3.76859934326715 380.620404369359 70820566.0349343 -19153059.2162208
-0.18875 -9.8151668112999e-05 0.00428743040815618 -3.76774951901368 380.596946930411 70822717.2811381 -19153115.6546399
-0.1888 -0.000423699197377359 -0.00158167191132037 -3.77217403908164 380.573489491463 70820486.8196565 -19153073.2606817
-0.18885 -3.09194692195485e-05 0.000788712847084736 -3.77254549985137 380.550032052515 70821202.7938414 -19153109.9857236
-0.1889 -0.00069333262100078 0.000239243558309742 -3.77616259878131 380.526574613567 70819604.7625801 -19153206.0389922
-0.18895 -0.000438882748481082 -0.00134283158854598 -3.77830382296227 380.503117174619 70819015.6142546 -19153235.6955019
-0.189 7.93782170658257e-05 0.00258391394967515 -3.78033907654016 380.479659735671 70819660.1645638 -19153231.3709806
-0.18905 0.00116601343348349 -0.00398026838292641 -3.78471558163722 380.456202296723 70817759.8414786 -19153188.0893815
-0.1891 0.000115493515445374 0.00331935286004414 -3.78297947796863 380.432744857775 70819392.1026279 -19153202.9424129
-0.18915 -0.00110562171782586 -0.000262187844356858 -3.78806572058505 380.409287418827 70817358.9612376 -19153164.2178226
-0.1892 0.00196002059114948 -0.000882029820673315 -3.78950884822855 380.385829979879 70817139.5411971 -19153257.55369
-0.18925 -0.000446473147304982 -0.000790518407787774 -3.79347020741077 380.362372540931 70815732.5212934 -19153345.6659415
-0.1893 0.00125068446420402 0.00094444453427357 -3.79537608173324 380.338915101983 70815704.0516691 -19153369.5713199
-0.18935 -0.000731449625619107 0.000191303822856445 -3.79592686934588 380.315457663035 70815505.8486406 -19153321.978163
-0.1894 0.0014246811275676 -0.00147265366021077 -3.79946350324679 380.292000224087 70815158.712961 -19153339.5957903
-0.18945 -0.00023245313367201 0.0012358075681252 -3.8009376174655 380.268542785139 70814988.1711697 -19153360.4831709
-0.1895 0.000317173134313967 -0.00119724553268698 -3.80337605347883 380.245085346191 70814081.2065794 -19153369.9849599
-0.18955 -0.00100121227669107 0.00377587702413702 -3.80442743375565 380.221627907244 70813683.9312498 -19153587.7040692
-0.1896 0.000496333779237455 -0.00424385972490155 -3.80621766335077 380.198170468296 70812395.6338897 -19153564.7551811
-0.18965 0.00166919898605107 0.00237320548872176 -3.80657234382781 380.174713029348 70814506.467615 -19153534.1096228
-0.1897 -0.0038997403390563 0.00103348685257563 -3.81264506160208 380.1512555904 70811338.3109042 -19153539.1972595
-0.18975 0.0043217723116883 -0.00127940932334115 -3.81411914106132 380.127798151452 70812777.8871474 -19153442.734757
-0.1898 -0.00226333606287959 -0.00109394828261347 -3.81805756036259 380.104340712504 70810526.2653683 -19153427.7150365
-0.18985 0.000924759114766131 0.00294008827229659 -3.81564998326872 380.080883273556 70812372.8501639 -19153469.0774626
-0.1899 -0.0011442563187951 -0.00222977290254107 -3.82256036958576 380.057425834608 70809322.9801505 -19153502.275024
-0.18995 0.00174128480439845 0.00240017932652231 -3.82281510240212 380.03396839566 70810620.0187701 -19153584.0145665
-0.19 -0.000250779933977353 -0.00314013046320086 -3.82893382109323 380.010510956712 70808109.9395401 -19153541.0872065
-0.19005 0.0032066292888285 0.00347793337579606 -3.82750292125589 379.987053517764 70810318.7668549 -19153510.6121378
-0.1901 -0.00526826922496377 -0.000798095714435625 -3.8337037044232 379.963596078816 70806727.8782437 -19153526.7296881
-0.19015 0.00627588981357021 0.00221192001836937 -3.83034808094971 379.940138639868 70810283.0388155 -19153475.5070512
-0.1902 -0.00290287037039257 -0.00618879808041177 -3.83623124304454 379.91668120092 70804858.0698744 -19153625.2813529
-0.19025 0.00242753066488048 0.00652815244663289 -3.83454353422852 379.893223761972 70809161.27081 -19153620.4223419
-0.1903 -0.00764363831483623 -0.00226606720874403 -3.84162967568039 379.869766323024 70804022.4106816 -19153542.4126431
-0.19035 0.00953213470966782 -0.00126938984888312 -3.83806416697527 379.846308884076 70808950.2427043 -19153536.9819357
-0.1904 -0.00604496239578664 -0.00223038765134807 -3.84721988781859 379.822851445128 70803026.6658788 -19153460.8265013
-0.19045 0.00267306554620284 0.00615624352224405 -3.84382920659952 379.799394006181 70807658.8982966 -19153594.1857231
-0.1905 -0.00146731729771294 -0.00668745374868621 -3.85327201239574 379.775936567233 70801662.8949503 -19153619.0986505
-0.19055 0.00451809983688102 0.00277178389144316 -3.84852377169902 379.752479128285 70806226.1853269 -19153694.8147286
-0.1906 -0.00670561826115578 9.0050367391408e-05 -3.85526328439946 379.729021689337 70801784.0297251 -19153619.1809501
-0.19065 0.0044278759303959 0.00223409818905782 -3.85518961218789 379.705564250389 70804368.9491668 -19153640.9545353
-0.1907 -0.00104752661000428 -0.00552937093934667 -3.86285467778351 379.682106811441 70800376.3889769 -19153534.0087379
-0.19075 0.000824673720000727 0.00492074352273409 -3.86254984493626 379.658649372493 70803330.2286694 -19153526.0191875
-0.1908 -0.00401208189853603 -0.00209979576597579 -3.86852267481664 379.635191933545 70799092.5806629 -19153661.6727676
-0.19085 0.00492213770803194 0.000954756669258694 -3.86570483874426 379.611734494597 70802682.7405696 -19153541.6816976
-0.1909 -0.0045530270840519 -0.00371157211296228 -3.87453871995737 379.588277055649 70797364.6413363 -19153607.7623333
-0.19095 0.00256037886571526 0.00361319116108248 -3.8733373685359 379.564819616701 70800767.3257834 -19153619.0500893
-0.191 -0.00151027165596354 -0.00376869318094837 -3.88190505805647 379.541362177753 70796458.9413293 -19153584.3884886
-0.19105 0.00155737884367982 0.00311815883666736 -3.87986251911607 379.517904738805 70799473.3493357 -19153555.6376821
-0.1911 -0.00424558267124149 -0.00255791759522296 -3.88664675979497 379.494447299857 70795398.9691468 -19153535.1363542
-0.19115 0.00454220785619109 0.00210183392378457 -3.88360172777807 379.470989860909 70798734.6522622 -19153618.5049152
-0.1912 -0.0041528257085289 -0.00240904436672912 -3.89160653144552 379.447532421961 70794334.952382 -19153608.3161582
-0.19125 0.0023753663290587 0.00186439845604161 -3.88898983117714 379.424074983013 70797183.3199693 -19153576.5211399
-0.1913 -0.00164818074057303 -0.00205586189250591 -3.8960346807332 379.400617544065 70793981.0540996 -19153455.5166304
-0.19135 0.000488851013091917 0.000646278734488832 -3.89605990252682 379.377160105118 70795143.6336656 -19153522.7052389
-0.1914 -0.00120140810065907 -0.00110993429281556 -3.90165284659614 379.35370266617 70793528.2990246 -19153493.2086467
-0.19145 0.000313437683614415 9.75652793628847e-05 -3.90169453618983 379.330245227222 70793986.8953787 -19153553.7950839
-0.1915 1.74824868111959e-05 0.000237657362240486 -3.90288860210134 379.306787788274 70793401.0047666 -19153560.6922015
-0.19155 -0.00174015512788895 -0.0012082315678295 -3.90616985375688 379.283330349326 70791807.2414634 -19153652.7834094
-0.1916 0.000476321432364072 0.00257475493763128 -3.90520883831325 379.259872910378 70793370.6128414 -19153613.253579
-0.19165 -0.00121315962607617 -0.00385615758000238 -3.90942380644115 379.23641547143 70790882.652737 -19153548.6326714
-0.1917 0.00364298109257953 0.00139020239034483 -3.90892740061409 379.212958032482 70793491.6792059 -19153474.7341766
-0.19175 -0.00330558725990696 -0.00186616758693588 -3.91532999697868 379.189500593534 70790131.8027464 -19153470.5329284
-0.1918 0.00372446356839131 0.00149779356349685 -3.9116739514228 379.166043154586 70793046.633285 -19153552.9796696
-0.19185 -0.00411706674396347 -0.000679916235493107 -3.91848136180977 379.142585715638 70789003.6982731 -19153609.9399577
-0.1919 0.00402489853897126 -0.000562429178671667 -3.91651600505553 379.11912827669 70791404.2413957 -19153629.7669768
-0.19195 -0.00282270992542135 0.000636062070433833 -3.92054068020963 379.095670837742 70788752.9856949 -19153660.0729847
-0.192 0.0020884461157082 -0.00083997725240484 -3.92401602935264 379.072213398794 70789378.8642602 -19153519.6994358
-0.19205 -0.00181163575694244 -0.0010102781779997 -3.92715912523501 379.048755959846 70788119.1244187 -19153491.5725923
-0.1921 -0.000586294846785735 0.00199946075345954 -3.92718189593878 379.025298520898 70788556.66743 -19153569.4806613
-0.19215 -0.000107273738295481 -0.00143420529794359 -3.92840623160018 379.00184108195 70788090.4372712 -19153607.3989814
-0.1922 -0.000652812787554451 0.000980779438736056 -3.92908044110362 378.978383643002 70787934.4982164 -19153647.9522409
-0.19225 0.00209447195397364 -0.00114784649305609 -3.9316520456163 378.954926204054 70787410.9630958 -19153673.0257111
-0.1923 -0.00187732716553068 0.000179490011326579 -3.93629655748468 378.931468765107 70786679.495826 -19153498.2606666
-0.19235 0.000598778373710878 0.00142274405980979 -3.93730855789478 378.908011326159 70786713.6406345 -19153595.9257793
-0.1924 -0.000828868369197947 -0.00194018290399157 -3.94060635191683 378.884553887211 70785305.8561014 -19153573.1036409
-0.19245 0.0011425413828681 0.000659953362609276 -3.94082611736096 378.861096448263 70786218.6088971 -19153517.5282393
-0.1925 -0.00285329556599441 -0.00215955634055454 -3.94437596934212 378.837639009315 70783800.0909445 -19153533.4543488
-0.19255 0.00134510139715937 0.00260827192475039 -3.94324270388971 378.814181570367 70786242.4434052 -19153561.0124363
-0.1926 0.00032233426722753 -0.00499479105703832 -3.94875271932503 378.790724131419 70783348.027623 -19153477.7927598
-0.19265 4.53086859315894e-05 0.00413902095519339 -3.95146359843079 378.767266692471 70784601.524503 -19153501.0100787
-0.1927 -0.00323696356850434 -0.00138586306566416 -3.95452574915689 378.743809253523 70782429.7243889 -19153523.7967981
-0.19275 0.00492512282367577 0.00070551029457467 -3.95299986470651 378.720351814575 70784936.9100846 -19153596.7105018
-0.1928 -0.00440547551024175 -0.00398494601883388 -3.95996377395773 378.696894375627 70779864.128596 -19153600.1186176
-0.19285 0.00411017944757844 0.00734877868757771 -3.95429206087294 378.673436936679 70785479.3426056 -19153649.0791079
-0.1929 -0.0057149506639798 -0.00563360154126199 -3.9647840126287 378.649979497731 70778109.6227605 -19153641.3203573
-0.19295 0.00544823281262119 0.00481004423309304 -3.95898028211874 378.626522058783 70784941.4126716 -19153513.5687752
-0.193 -0.00369961514874073 -0.00484234728990032 -3.96938469474598 378.603064619835 70778286.7367939 -19153567.5899368
-0.19305 0.00392827771301114 0.00334516594001713 -3.96456854511099 378.579607180887 70783402.1133975 -19153480.0353696
-0.1931 -0.00255698650635642 -0.00327236829031977 -3.97293335458187 378.556149741939 70778349.0592771 -19153550.099602
-0.19315 0.00156739651346709 0.00476206026868942 -3.97175933497217 378.532692302991 70780998.9179127 -19153596.9740482
-0.1932 -0.00146715133353071 -0.00222983957580449 -3.97812645615952 378.509234864044 70777383.5500699 -19153638.748223
-0.19325 0.00329373797767645 0.00102354426501337 -3.97755392797413 378.485777425096 70779643.6695757 -19153620.5255488
-0.1933 -0.00287266765875275 -0.00123238960662287 -3.98320419389995 378.462319986148 70776623.4790052 -19153628.2240996
-0.19335 0.00207106770352286 0.00302236064785238 -3.98216068100855 378.4388625472 70778734.8932147 -19153530.7682079
-0.1934 -0.00247759405247271 -0.001860735275326 -3.98694241743601 378.415405108252 70775611.3512843 -19153581.1756876
-0.19345 0.00300954616735976 0.00277680323398088 -3.98723259851275 378.391947669304 70777206.331231 -19153597.0324944
-0.1935 0.000295276324407145 -0.00133268660691575 -3.99215036444217 378.368490230356 70774974.1211447 -19153651.990188
-0.19355 0.00112909223428162 -0.00148063740187567 -3.99346271291957 378.345032791408 70775395.6344921 -19153509.6266554
-0.1936 -0.00209632242799222 0.00368961940825168 -3.99520128101447 378.32157535246 70775593.79235 -19153492.384637
-0.19365 -0.000317553853745712 -0.00134340039282702 -4.0008880618504 378.298117913512 70773381.4199845 -19153535.9848478
-0.1937 0.00252428978854386 -0.000103748627160897 -4.00222511506194 378.274660474564 70773577.8560144 -19153524.8785065
-0.19375 -0.00266494597255614 -8.91164217861445e-05 -4.00577848008161 378.251203035616 70772329.5079566 -19153560.5345447
-0.1938 0.000358147266701622 0.00197968835575375 -4.00778090397139 378.227745596668 70772773.2103628 -19153604.9070379
-0.19385 -0.00134455085716497 -0.00162752692529344 -4.010664297833 378.20428815772 70771025.5158134 -19153581.8114219
-0.1939 0.00305163658569318 -0.000224818803934499 -4.0089566714633 378.180830718772 70772765.0364801 -19153503.6569716
-0.19395 -0.00408406497981689 -0.000191316432794589 -4.01364544121777 378.157373279824 70770322.394074 -19153509.195306
-0.194 0.00337089886243658 0.001956068310189 -4.01284503970117 378.133915840876 70772920.2712088 -19153446.9340982
-0.19405 -0.0017357440013223 -0.0035525446737334 -4.01813698655002 378.110458401928 70769451.2672145 -19153556.6361191
-0.1941 0.000915323511526381 0.00429428004192482 -4.01635125511595 378.087000962981 70771839.9682644 -19153558.7776773
-0.19415 -0.00259804620821771 -0.00200368016955571 -4.02388656647295 378.063543524033 70768009.0364065 -19153609.0405939
-0.1942 0.0042808183335048 -0.00051518085368029 -4.02207288057827 378.040086085085 70770229.5529543 -19153540.3676913
-0.19425 -0.00439882327702934 0.00115032143694594 -4.02698202031324 378.016628646137 70768744.2834174 -19153418.5560113
-0.1943 0.00263690738968966 -0.000581908963259616 -4.02906075584997 377.993171207189 70769023.4529498 -19153437.6310517
-0.19435 0.00132035968224393 -0.00240139694812674 -4.03254096803694 377.969713768241 70767519.2290032 -19153504.1064112
-0.1944 -0.00227098527239546 0.00218875119642202 -4.03274016368982 377.946256329293 70767594.6767455 -19153541.3197448
-0.19445 -0.000311710003552907 -0.00192089670120573 -4.03765825194335 377.922798890345 70766000.0585677 -19153472.3504681
-0.1945 0.0031697741026954 -0.00169408085076997 -4.03611165728007 377.899341451397 70767070.4005076 -19153520.1449268
-0.19455 -0.00245291080283847 0.00165838342127766 -4.03918304449781 377.875884012449 70766150.2858952 -19153419.2078322
-0.1946 -0.000280082580611727 0.000619416006354356 -4.04059475290975 377.852426573501 70766499.0720048 -19153419.3916444
-0.19465 -0.000141008761211083 -0.00184593320537131 -4.04576591663257 377.828969134553 70764869.56092 -19153458.3933462
-0.1947 0.00144685659133902 0.00180459275208485 -4.04482555211008 377.805511695605 70765986.4328401 -19153553.0107477
-0.19475 -0.00326110760858918 -0.000693872792507097 -4.05053572776167 377.782054256657 70762944.6444311 -19153587.2371598
-0.1948 0.00297275685985002 0.000613204487727291 -4.04844890540971 377.758596817709 70765098.9610958 -19153522.0960464
-0.19485 -0.000169152545364858 -0.0021095858031239 -4.05296233217938 377.735139378761 70763376.4146467 -19153485.6783583
-0.1949 -0.000563881060735797 0.00280953316696908 -4.05401927600274 377.711681939813 70764441.8152214 -19153458.2745707
-0.19495 2.63995766951189e-05 -0.00203683867197899 -4.05795059706038 377.688224500865 70762718.6616414 -19153353.3427091
-0.195 0.00234920152600266 -0.000932334635389067 -4.05801039224152 377.664767061918 70762774.8737063 -19153484.6254218
-0.19505 -0.00197031257999234 6.93593569727201e-06 -4.06199308459592 377.64130962297 70761726.8131889 -19153516.3205918
-0.1951 -6.70107683689887e-05 0.00278975270627689 -4.06240540108737 377.617852184022 70762209.1425385 -19153582.0370887
-0.19515 0.000385865459803251 -0.00234532968430529 -4.06506405454547 377.594394745074 70760638.16178 -19153531.8400242
-0.1952 0.000901287069034444 0.00103848143068145 -4.06783258323554 377.570937306126 70761171.4802225 -19153383.8712133
-0.19525 -2.67492877611803e-05 -0.00219218743906067 -4.07008439359761 377.547479867178 70759771.2560666 -19153392.0687233
-0.1953 0.000760425342589594 0.00231227435243524 -4.07149549349052 377.52402242823 70760783.6017252 -19153425.337863
-0.19535 -0.000178786072119758 -0.00290373968210152 -4.07454116240391 377.500564989282 70758422.145178 -19153477.3770175
-0.1954 0.00121502917774657 0.00171048469116059 -4.07757546073821 377.477107550334 70758884.5982981 -19153598.5772188
-0.19545 -0.000817859565646042 -0.00231399884244927 -4.08080115615201 377.453650111386 70757147.4189555 -19153563.3167593
-0.1955 -7.92991968809578e-05 0.00185580269448968 -4.07991680528905 377.430192672438 70758293.7286658 -19153479.0452885
-0.19555 0.0014068500711565 -0.00196670471589334 -4.08491721870084 377.40673523349 70757069.4712698 -19153459.1633905
-0.1956 -0.000474264782772666 -0.00180744702413557 -4.0857657648564 377.383277794542 70756565.3892239 -19153436.8326153
-0.19565 7.1217390745194e-05 0.000139544614866996 -4.08661872063048 377.359820355594 70756668.6570892 -19153469.9771369
-0.1957 -0.00188806795102311 0.00170580646593661 -4.08835852437019 377.336362916646 70756075.4710176 -19153506.3130589
-0.19575 0.00342871946400159 -0.00456901248732154 -4.08972001248568 377.312905477698 70755461.3907153 -19153464.140574
-0.1958 0.000160031632221829 0.00143755056251694 -4.09156019449142 377.28944803875 70756123.2725804 -19153444.8916654
-0.19585 -0.00468540082281255 0.00162474065961422 -4.09397434470246 377.265990599802 70754442.4149929 -19153331.5670138
-0.1959 0.00398480524011767 -0.00107385420334239 -4.09651057875095 377.242533160854 70754997.2070874 -19153390.2388082
-0.19595 0.00051997835850692 -0.003488765092219 -4.09801573045111 377.219075721907 70753353.9858266 -19153409.4423102
-0.196 -0.000364389674446406 0.00379106434035508 -4.0987176874242 377.195618282959 70754841.5826069 -19153495.2045893
-0.19605 -0.00106435441070073 -0.0011016129585273 -4.10421706824006 377.172160844011 70752229.0506882 -19153574.5832637
-0.1961 0.00174458298927737 -0.000625885143749722 -4.10480557858964 377.148703405063 70753005.3100567 -19153534.9318515
-0.19615 -0.000788012745745601 0.000113870346704267 -4.10807043268047 377.125245966115 70752089.3739122 -19153493.967915
-0.1962 -0.00245109944927972 0.00160241909396443 -4.11094951734858 377.101788527167 70751842.3303865 -19153360.2838037
-0.19625 0.00253449645205408 -0.000695301655769877 -4.11341005650184 377.078331088219 70751285.4600867 -19153488.827835
-0.1963 0.00024356575693515 -0.000348370649993907 -4.11672992658803 377.054873649271 70750515.4144278 -19153388.7073581
-0.19635 -0.0042827068075198 0.00155701699962504 -4.1186750323183 377.031416210323 70749516.5318149 -19153487.8352856
-0.1964 0.00261829788587822 0.000721889765441128 -4.11769181613121 377.007958771375 70750457.9666377 -19153515.7016771
-0.19645 0.0002080322271387 -0.00340629066298411 -4.12192264777333 376.984501332427 70748305.8033454 -19153533.1730453
-0.1965 0.00117381031407343 0.00274201716564716 -4.12100951511356 376.961043893479 70750651.0097807 -19153435.327995
-0.19655 -0.000848200679840256 -0.000149795303130601 -4.12676318196283 376.937586454531 70748547.1837901 -19153358.3498299
-0.1966 -7.85155080444007e-07 -0.000694241261853652 -4.12791735795566 376.914129015583 70748579.4847155 -19153322.950947
-0.19665 0.0015345832772815 -0.00106095202719302 -4.13018371505321 376.890671576635 70747879.6345187 -19153467.2534427
-0.1967 -0.00183726511783175 0.00328445387711016 -4.13321903901882 376.867214137687 70747430.1751522 -19153507.793105
-0.19675 0.00134095404737823 -0.0027209275650587 -4.1365059218274 376.843756698739 70745969.7795611 -19153553.2473086
-0.1968 -0.000137011874173115 0.00108166072802821 -4.13757733966163 376.820299259791 70746248.4770905 -19153431.65109
-0.19685 -0.000667823956214565 -0.000451756326106774 -4.13915626122276 376.796841820844 70746136.9632685 -19153435.339068
-0.1969 -9.79363197607704e-05 5.19670261878633e-05 -4.13977741773027 376.773384381896 70746570.0501088 -19153340.121456
-0.19695 0.00137043898108002 -0.00145692289418916 -4.14150014630253 376.749926942948 70746259.8389706 -19153352.6353258
-0.197 -0.00146854940153728 0.00148964489833504 -4.14263296166988 376.726469504 70745641.1363718 -19153400.6085233
-0.19705 -0.00232596233504609 0.000657266121978482 -4.14511372722017 376.703012065052 70744522.5653124 -19153411.1575591
-0.1971 0.00290251046140625 -0.00288597840257244 -4.14565803444705 376.679554626104 70744899.6772256 -19153506.4634258
-0.19715 0.000203754600073513 0.00125421283773353 -4.14676573532204 376.656097187156 70745449.9997575 -19153435.3845928
-0.1972 -0.00285489663152854 0.000392432291391999 -4.14962050523486 376.632639748208 70744098.9870901 -19153426.0126835
-0.19725 0.00251097425459515 0.000980880991927859 -4.14996938786118 376.60918230926 70744875.132515 -19153548.7761735
-0.1973 -0.00185133138001783 -0.00340687418715378 -4.15390189283015 376.585724870312 70742160.909444 -19153348.5492602
-0.19735 0.00197626217346905 0.00385329014473575 -4.15210674038196 376.562267431364 70745017.4020423 -19153510.6189718
-0.1974 -0.00223597753650958 -0.00490694618721737 -4.15911069184551 376.538809992416 70740586.532791 -19153439.110935
-0.19745 0.00359609038771088 0.00335618030756958 -4.15503694297888 376.515352553468 70744272.0049534 -19153459.7968889
-0.1975 -0.00640618005572628 -0.00192176700702946 -4.16228261161673 376.49189511452 70739438.7223494 -19153413.204228
-0.19755 0.00730466765424135 0.00225908601565672 -4.15754307586983 376.468437675572 70744448.3356823 -19153479.7918087
-0.1976 -0.00452207162796998 -0.00388554650519664 -4.16439874346557 376.444980236624 70739164.2880281 -19153435.0259869
-0.19765 0.00325265257001999 0.00414401208564679 -4.15895451685004 376.421522797676 70743982.2808167 -19153433.8403524
-0.1977 -0.0041764941550253 -0.00398009261356021 -4.16588917293267 376.398065358728 70739016.6217588 -19153511.1942287
-0.19775 0.0042133807516366 0.00262192716423253 -4.16179759659617 376.374607919781 70743187.8699932 -19153532.8913953
-0.1978 -0.00427636818584794 -0.00191925435789029 -4.16872410418768 376.351150480833 70738363.2930392 -19153612.3717375
-0.19785 0.00293385581087966 0.00411405185031727 -4.16585933830876 376.327693041885 70742037.6627432 -19153558.7650722
-0.1979 -0.00058893514578513 -0.0052969332008588 -4.17148241844096 376.304235602937 70737701.1328928 -19153554.5450108
-0.19795 0.00118734191493922 0.00310663388722083 -4.1720409041301 376.280778163989 70740184.3608863 -19153513.5446318
-0.198 -0.00195572851991635 -0.0035522579541104 -4.17501612671027 376.257320725041 70737417.311251 -19153528.9593792
-0.19805 0.000989805902363321 0.00237677957515287 -4.17347311486086 376.233863286093 70739529.4557626 -19153574.4828752
-0.1981 0.001238427754956 -0.00244740186106968 -4.17538423917597 376.210405847145 70737914.1386432 -19153612.5497047
-0.19815 -0.0024614994084936 0.00144909688660115 -4.17757020196404 376.186948408197 70737672.194036 -19153620.7145314
-0.1982 0.000260444041147235 0.000438576940110736 -4.1776096902466 376.163490969249 70738157.8341762 -19153601.8236608
-0.19825 -0.000598686886334404 -0.00258321907194349 -4.18090751922599 376.140033530301 70736497.9592211 -19153677.527204
-0.1983 0.00176345166429511 0.00128537483516892 -4.17933528750553 376.116576091353 70738208.9283535 -19153692.174983
-0.19835 -0.00274681427440718 -0.00097943362605145 -4.18563265532035 376.093118652405 70735491.5389037 -19153685.1839145
-0.1984 0.00367289548819553 0.00141250022414772 -4.18499770693164 376.069661213457 70737235.3562905 -19153818.59478
-0.19845 -0.0014001576840846 -0.00246939658354224 -4.19049197625631 376.046203774509 70734067.4102823 -19153756.6702237
-0.1985 0.0019122377997826 0.00134884553949941 -4.19058851499462 376.022746335561 70735855.7403321 -19153658.9780411
-0.19855 -0.00236515895155158 -0.000441212431063956 -4.19396378590136 375.999288896613 70733642.5966219 -19153672.1876273
-0.1986 0.00319551246583534 0.00233465492900007 -4.1935188335181 375.975831457665 70735360.0771965 -19153679.4648754
-0.19865 -0.00234432053390863 -0.00278577839788692 -4.19920684777466 375.952374018718 70731802.9823934 -19153755.0857168
-0.1987 0.0025434583255417 0.00599457625804867 -4.19531353648648 375.92891657977 70735993.9277007 -19153687.6498516
-0.19875 -0.00434845642191407 -0.00556696623449524 -4.20499161934523 375.905459140822 70729649.9882896 -19153705.626025
-0.1988 0.00613147687137951 0.00384283226674201 -4.19977380061694 375.882001701874 70735274.9419402 -19153668.190572
-0.19885 -0.00265424916285029 -0.00688169385313888 -4.20813943453051 375.858544262926 70728764.2640619 -19153708.6459032
-0.1989 0.00222845590620736 0.00770985229111711 -4.20214749825361 375.835086823978 70734836.0195215 -19153608.0872198
-0.19895 -0.0062468723277464 -0.00559356707860946 -4.2103716832448 375.81162938503 70727775.318995 -19153728.1362726
-0.199 0.00728384285015808 0.00463609843880562 -4.20663722080681 375.788171946082 70734027.3685767 -19153735.4706122
-0.19905 -0.00648893943503349 -0.00420801068104047 -4.21641496197193 375.764714507134 70726775.7122897 -19153719.0323519
-0.1991 0.00498979481027789 0.0049883028584131 -4.20830877092525 375.741257068186 70732967.794629 -19153647.4224051
-0.19915 -0.003008750260103 -0.00630689145686373 -4.21931792290657 375.717799629238 70726660.5984533 -19153645.3352078
-0.1992 0.00242444714272293 0.0042999378901016 -4.21507635789457 375.69434219029 70731502.5384134 -19153639.5931493
-0.19925 -0.00547975517279233 -0.00156475151011502 -4.22243211819702 375.670884751342 70727142.0679152 -19153682.5351082
-0.1993 0.00536208292235567 0.000522804482774835 -4.22094277464574 375.647427312394 70729898.0569372 -19153683.9231059
-0.19935 -0.00245921282208014 -0.00356969919030985 -4.22883241161017 375.623969873446 70725588.7629523 -19153622.6643303
-0.1994 0.000493451659218877 0.00398602135165207 -4.2263892430399 375.600512434498 70728387.9598261 -19153704.4816852
-0.19945 -0.00175341810813537 -0.00274730713328791 -4.23163882974297 375.57705499555 70725154.4489594 -19153769.6086201
-0.1995 0.0038763780891805 0.000827975132141522 -4.23072719303363 375.553597556602 70727774.7221878 -19153696.1710271
-0.19955 -0.00455284046682816 -0.000840390298842329 -4.23629449847994 375.530140117654 70724608.8979222 -19153665.8539124
-0.1996 0.00315279999210452 0.00203670364170907 -4.23316430171963 375.506682678707 70727651.0373641 -19153699.7719761
-0.19965 -0.000133466212652642 -0.00435577873485039 -4.24066236065375 375.483225239759 70723930.9460335 -19153648.1611326
-0.1997 0.000410914837524385 0.00400121971337757 -4.2398418589362 375.459767800811 70725540.8414374 -19153770.9041162
-0.19975 -0.00256354488065837 -0.002196300229045 -4.24534198012655 375.436310361863 70722589.8294033 -19153649.1337878
-0.1998 0.00185314257092893 0.00228033230269433 -4.24375796283966 375.412852922915 70724790.1554787 -19153691.0404926
-0.19985 -0.00292368019504924 -0.00230423088936188 -4.24768831285098 375.389395483967 70722261.5441318 -19153625.6167813
-0.1999 0.00541730747704376 0.00147685676220556 -4.24425889635659 375.365938045019 70725611.5854307 -19153666.1150835
-0.19995 -0.00630045028726561 -0.000358793127926917 -4.25002198079183 375.342480606071 70721190.0219912 -19153728.6570738
-0.2 0.00408154929769586 0.00137543431304011 -4.2474887115526 375.319023167123 70724392.6444631 -19153706.5078336
-0.20005 -0.00186070977323754 -0.00408033372614129 -4.25539923257221 375.295565728175 70720118.0836393 -19153693.2380558
-0.2001 0.000857543234788134 0.00424510890059468 -4.25449512678493 375.272108289227 70723038.8659487 -19153568.2074934
-0.20015 -0.00238235934228864 -0.00222849299327847 -4.25825369894506 375.248650850279 70719945.521816 -19153563.141761
-0.2002 0.00279606570717542 0.00310229971099036 -4.25815127738277 375.225193411331 70723034.6104014 -19153584.6771999
-0.20025 -0.000622971671128991 -0.00286724446208015 -4.26315502367847 375.201735972383 70718958.0532575 -19153721.5239274
-0.2003 0.00050664670574537 0.00350242103243935 -4.26125132564693 375.178278533435 70721483.1070694 -19153579.9038356
-0.20035 -0.00215698169394933 -0.00344227462928803 -4.26736342508242 375.154821094487 70717464.7246296 -19153802.7711446
-0.2004 0.0034059234740063 0.00438327765515492 -4.26290052674938 375.131363655539 70721963.1511977 -19153673.334512
-0.20045 -0.00376839212641608 -0.00456527473558697 -4.27259267192178 375.107906216591 70715835.5847211 -19153742.6292003
-0.2005 0.00540338355187739 0.00460906493699125 -4.26818630388219 375.084448777644 70721724.1267265 -19153612.03298
-0.20055 -0.00442002551666818 -0.00598354046523483 -4.27555584975021 375.060991338696 70715579.2585533 -19153670.4619353
-0.2006 0.00614431896406296 0.00656241040044307 -4.26803605230445 375.037533899748 70721870.2901559 -19153736.6849585
-0.20065 -0.00265417032273669 -0.00658857425758796 -4.27827234769059 375.0140764608 70714862.4973691 -19153774.4096845
-0.2007 0.00131654152166659 0.00523863041883325 -4.27606837901545 374.990619021852 70719406.4993181 -19153512.2257773
-0.20075 -0.00306266043231192 -0.00399119690855232 -4.28154765184163 374.967161582904 70714720.9690239 -19153629.6592445
-0.2008 0.00292579294533489 0.00442233842136169 -4.27603608888257 374.943704143956 70719263.6324932 -19153591.8409489
-0.20085 -0.00312663077070946 -0.00459016534978297 -4.28352739480314 374.920246705008 70714626.7824784 -19153625.7834065
-0.2009 0.0011815200045287 0.00550873052358351 -4.27792527966757 374.89678926606 70718993.0217966 -19153573.8199805
-0.20095 -0.00061386767014184 -0.00646694070928194 -4.28330533886572 374.873331827112 70714312.8996933 -19153686.7586306
-0.201 0.00122008993177505 0.00524734878667888 -4.28189449086964 374.849874388164 70717449.4092828 -19153685.3537066
-0.20105 -0.00355738339960444 -0.00403593207290268 -4.28918019077043 374.826416949216 70713212.0217062 -19153717.7580004
-0.2011 0.0049700679317006 0.00119419032479006 -4.285793362738 374.802959510268 70716956.7916981 -19153527.1474092
-0.20115 -0.00307742099854884 -0.00291026481749224 -4.29261550425019 374.77950207132 70712988.2529902 -19153590.1062199
-0.2012 0.00199260017011453 0.00200921426478903 -4.29007436336036 374.756044632372 70715621.9619627 -19153616.0055777
-0.20125 -0.00256825275435766 -0.000422292253973573 -4.2943101902062 374.732587193424 70712592.4026637 -19153789.9278122
-0.2013 0.00124222796456126 0.00125389195732456 -4.29262553929132 374.709129754476 70714205.0311278 -19153738.6000566
-0.20135 -0.00021393292878763 -0.00216996716358096 -4.2972306774923 374.685672315528 70712108.4317591 -19153693.4271636
-0.2014 -9.25295780390136e-05 0.00136138605927614 -4.29870588881374 374.662214876581 70713199.8373303 -19153661.8131266
-0.20145 7.85131171147205e-05 0.000828106545194626 -4.30076733089375 374.638757437633 70712805.1698412 -19153705.3394445
-0.2015 0.00115034953489861 -0.00165070045335773 -4.30249690536949 374.615299998685 70711774.0097312 -19153732.5797339
-0.20155 0.0012584993540937 0.000314948679594197 -4.30242352804999 374.591842559737 70712355.9002995 -19153848.1029465
-0.2016 -0.00189405270731671 0.000206934464784428 -4.30655200698146 374.568385120789 70710491.2886404 -19153852.570718
-0.20165 0.00115538286498796 0.000114566293375937 -4.30807675334828 374.544927681841 70710871.452215 -19153739.3811729
-0.2017 -0.00253600203460536 -0.00222173169578337 -4.31048992899092 374.521470242893 70709714.3142198 -19153675.616854
-0.20175 0.000788771154251993 0.00383798632798779 -4.30934319237406 374.498012803945 70712537.5526108 -19153532.5242958
-0.2018 -0.00102769324060005 -0.00447154564317256 -4.31141007213323 374.474555364997 70709186.0743169 -19153695.3689943
-0.20185 0.002866609123625 0.00343776363852227 -4.30963931214918 374.451097926049 70712028.0226118 -19153782.5258989
-0.2019 -0.00531202258691392 -0.00264726650452722 -4.31399669140076 374.427640487101 70708014.516677 -19153746.0996053
-0.20195 0.00576000254926119 0.00090908231778749 -4.31241569855947 374.404183048153 70711454.052354 -19153779.7052965
-0.202 -0.00278223074117695 -0.00327545615094154 -4.31804574070932 374.380725609205 70707394.8089608 -19153681.8514329
-0.20205 -0.000342586022501667 0.00560742803414911 -4.31615069688875 374.357268170257 70710554.68002 -19153648.2328448
-0.2021 0.000966508513198728 -0.00538505566503357 -4.32138361452806 374.333810731309 70707996.5559843 -19153570.3453976
-0.20215 0.00134202155238861 0.00165855538768982 -4.32121905492964 374.310353292361 70709449.2244233 -19153688.8195563
-0.2022 -0.00378348534264319 0.00259535886733447 -4.32460471297933 374.286895853413 70707149.5558027 -19153798.4905868
-0.20225 0.00273245042222816 -0.00292613942995887 -4.32512229564267 374.263438414465 70707497.0172027 -19153785.542734
-0.2023 0.00215542771897093 -0.00137096082016822 -4.32621700915954 374.239980975517 70707294.9997267 -19153770.8758918
-0.20235 -0.00310228905415391 0.00294489639699599 -4.3296798450187 374.21652353657 70706422.2612907 -19153643.2737507
-0.2024 -0.00164268417925736 0.00161408203943201 -4.33027338063054 374.193066097622 70707062.4823945 -19153596.156049
-0.20245 0.00382325336876128 -0.00633732644211972 -4.33097640235611 374.169608658674 70706535.8376542 -19153587.725787
-0.2025 -0.00234733298479988 0.00545031899079702 -4.33094573344223 374.146151219726 70707273.2485806 -19153702.4925882
-0.20255 -0.0025609509605375 -0.00268827552308026 -4.33708935574114 374.122693780778 70704059.4192614 -19153760.7883395
-0.2026 0.00303076482208462 0.00146305694208181 -4.33439832732482 374.09923634183 70706214.8977331 -19153880.9256236
-0.20265 -0.0024648072653871 -0.00341725722767632 -4.33978065970224 374.075778902882 70703328.0498409 -19153773.4022485
-0.2027 0.00164584981805195 0.00324484103002826 -4.33882116153848 374.052321463934 70706139.8038428 -19153742.711948
-0.20275 -0.00254900233877551 -0.00098064251415998 -4.34302545919593 374.028864024986 70703757.2642746 -19153638.219217
-0.2028 0.00351424275558717 0.00125779566165042 -4.34104581251345 374.005406586038 70705865.4720526 -19153665.3899333
-0.20285 -0.00263024350201126 -0.00307305627733269 -4.34699838688356 373.98194914709 70701638.2392441 -19153842.297096
-0.2029 0.00207513021102806 0.00360135560524542 -4.34368433119288 373.958491708142 70704834.7826518 -19153745.6120821
-0.20295 -0.00363278738340762 -0.00189760290651557 -4.35107961296923 373.935034269194 70700748.7881074 -19153754.8489389
-0.203 0.00386461800042498 0.00127917639519454 -4.34740930597754 373.911576830246 70704477.883578 -19153704.5940933
-0.20305 -0.00511947780420833 -0.00172086212898331 -4.3523848269905 373.888119391298 70700322.6544067 -19153771.5915871
-0.2031 0.0039690406764547 0.00410530627806855 -4.3463573929062 373.86466195235 70705275.8877245 -19153701.6894202
-0.20315 -0.00388233422500452 -0.00406662386862155 -4.35340249876821 373.841204513402 70699591.8076579 -19153858.2829144
-0.2032 0.00107334703546315 0.00446932708465049 -4.35025312860706 373.817747074454 70703308.8005314 -19153804.355652
-0.20325 -0.00241255799020346 -0.00328201130034345 -4.35588187043607 373.794289635507 70700037.2479287 -19153878.5361242
-0.2033 0.00303465034906679 0.00247824460143268 -4.35439222989403 373.770832196559 70703180.7011682 -19153752.3612889
-0.20335 -0.00225902732581205 -0.00356290860701551 -4.36244267140709 373.747374757611 70698518.2070768 -19153791.1042502
-0.2034 0.00192235976719325 0.00479968709762656 -4.35749276434784 373.723917318663 70702580.0159996 -19153743.6968613
-0.20345 -0.00111553234549897 -0.00360783954786634 -4.3613965198993 373.700459879715 70699126.6594337 -19153815.4063901
-0.2035 0.000240756321637979 0.00186826096289793 -4.36010576934503 373.677002440767 70700645.2309863 -19153873.3201834
-0.20355 7.83142422519566e-05 -0.000746540136475907 -4.36498208976751 373.653545001819 70698548.2989865 -19153992.5214303
-0.2036 0.00109875066076761 0.000230591761655354 -4.36688553296578 373.630087562871 70699287.055194 -19153930.0419857
-0.20365 -0.00113745907740527 -0.000539508780058172 -4.36748607156591 373.606630123923 70698634.4294046 -19153917.0323149
-0.2037 0.000946529630619417 0.00137756470018337 -4.36740903654477 373.583172684975 70699600.2279627 -19153909.926891
-0.20375 -0.000678780894616165 -0.0029725733390437 -4.3715148510397 373.559715246027 70697862.502758 -19153842.0985003
-0.2038 -0.000148660279351058 0.00186765214165232 -4.37156027326254 373.536257807079 70698349.7558554 -19153911.965477
-0.20385 -0.00137796194121813 -0.000722315179330135 -4.37597775241888 373.512800368131 70696586.7445133 -19153886.0769574
-0.2039 -0.000236671763376854 0.00159014537489705 -4.37517901510017 373.489342929183 70697366.2446406 -19153885.6269313
-0.20395 0.00128513682754434 -0.00396014662182833 -4.37983673397777 373.465885490235 70695873.0641163 -19153876.5300265
-0.204 0.00209624608382223 0.00105933797022363 -4.37999408986905 373.442428051287 70697420.6756912 -19153769.9278288
-0.20405 -0.00399148533573127 0.00160707653924594 -4.38508918671114 373.418970612339 70694997.5879229 -19153811.0418331
-0.2041 0.0019186898879108 0.000124194411772365 -4.38339085595005 373.395513173391 70696167.4405303 -19153886.9518422
-0.20415 0.00246496568925661 -0.0032640392141284 -4.38549725050043 373.372055734444 70695021.9253764 -19153946.0314971
-0.2042 -0.00328401768932257 0.0030036677836572 -4.38619392079379 373.348598295496 70694769.869942 -19153933.056682
-0.20425 0.00214711630377413 -0.000855268828839747 -4.38453688850054 373.325140856548 70696417.6314164 -19153862.611291
-0.2043 0.000363235135685935 -0.00229257879423298 -4.39004219391656 373.3016834176 70694151.1926122 -19153873.3980666
-0.20435 -0.000618130416562368 0.00404457753376545 -4.38873309943614 373.278225978652 70696220.0245162 -19153730.6470082
-0.2044 -0.00181162930946075 -0.0047520662792241 -4.39276890765142 373.254768539704 70693047.1326727 -19153895.4022185
-0.20445 0.00247053224055901 0.00144772789654001 -4.39025958796435 373.231311100756 70695490.1440291 -19153869.1701392
-0.2045 -0.00296764339564147 -0.00180966144032661 -4.3975052286049 373.207853661808 70691469.6475401 -19154002.9087562
-0.20455 0.00278054086336038 0.00156151251127505 -4.39453978789522 373.18439622286 70694106.8658317 -19153927.2845847
-0.2046 -0.00203768183778837 -0.00239883173470574 -4.39995330927058 373.160938783912 70691248.108146 -19153876.8010318
-0.20465 0.000267131393187085 0.00223092595228097 -4.39874853152352 373.137481344964 70693701.6974538 -19153756.3901952
-0.2047 -9.34533987125035e-05 -0.00229753558662585 -4.39998221069031 373.114023906016 70692554.8802611 -19153740.3178418
-0.20475 -0.000419487118730962 0.00171328026487143 -4.40067896410079 373.090566467068 70692878.0117284 -19153844.5716708
-0.2048 -0.00096459132739283 -0.00111088507296032 -4.40541149721504 373.06710902812 70691122.8039271 -19153973.6883393
-0.20485 -0.000716756696541618 -7.80555057222486e-05 -4.40531886835798 373.043651589172 70691296.75911 -19153978.7731995
-0.2049 -0.000740868260254566 0.00159535988676976 -4.40538256552902 373.020194150224 70691724.4868808 -19153980.7548551
-0.20495 0.000442592759766365 -0.00254191691538676 -4.40620431192645 372.996736711276 70690947.3678082 -19153951.2212108
-0.205 -0.000385309894438731 -0.000338114766910452 -4.4099421609599 372.973279272328 70690578.8212191 -19153837.183172
-0.20505 -0.000403871091720219 0.00121597662662325 -4.41060479175209 372.94982183338 70690373.5131702 -19153943.0839817
-0.2051 -0.000491569880064932 -0.000536843512977362 -4.41329052267684 372.926364394433 70689211.5137179 -19154036.8242108
-0.20515 0.00168777717581476 -0.0001982286845342 -4.41456891228734 372.902906955485 70689835.6444 -19153986.9319526
-0.2052 -0.000938172036541221 -3.29002400528563e-05 -4.41441784519556 372.879449516537 70689468.6253693 -19154085.3418768
-0.20525 0.000697924848995289 -0.000173539241753346 -4.41671348657787 372.855992077589 70689531.5129663 -19153918.4263654
-0.2053 -0.000899968588582426 -0.000613765947761767 -4.41840455050139 372.832534638641 70688568.0354806 -19153873.1307475
-0.20535 -0.000436883854675017 0.00114151156457706 -4.42141104386694 372.809077199693 70688874.8085955 -19153800.9435428
-0.2054 0.0016900983425119 -0.00308523390006226 -4.42152549681083 372.785619760745 70687651.312608 -19154031.4898464
-0.20545 0.00125503141871023 0.00317064570598569 -4.42143244936454 372.762162321797 70688978.8760023 -19154010.8256673
-0.2055 -0.00301791101475451 -0.0018123619210391 -4.42594255799153 372.738704882849 70685741.4652422 -19154065.7754897
-0.20555 0.00228328208216437 0.00175321941834212 -4.42536817693276 372.715247443901 70688330.2323421 -19153913.5178644
-0.2056 -0.00390862633332721 0.00122433021334432 -4.43049845802282 372.691790004953 70685954.7479358 -19153869.3892905
-0.20565 0.00376035687555711 -0.00202558754562712 -4.42947368489107 372.668332566005 70686934.8074251 -19153913.1593202
-0.2057 -0.00374098607914937 -2.26295838275115e-06 -4.43436049632805 372.644875127057 70684861.142452 -19153826.0783177
-0.20575 0.000712722355850394 0.00298596204143728 -4.43449542662174 372.621417688109 70685938.6147003 -19154039.7745814
-0.2058 0.000932666405817232 -0.00288638982085157 -4.43983730446929 372.597960249161 70683889.8238043 -19153985.1236122
-0.20585 0.00242219353465007 0.000575195165832863 -4.4392427865911 372.574502810213 70685324.8163539 -19153980.8980756
-0.2059 -0.00384093014829746 0.00132639292163567 -4.44323152655802 372.551045371265 70683300.2704478 -19153841.9909075
-0.20595 0.00242384081300068 0.00212241450292421 -4.44130495310787 372.527587932317 70685295.9533247 -19153870.1643048
-0.206 -0.00208431518369941 -0.00335970623626616 -4.44932795772098 372.50413049337 70681615.4888103 -19153853.8890663
-0.20605 -0.000371573199432066 0.00343600919725694 -4.4466731942072 372.480673054422 70683925.5232304 -19153860.1693084
-0.2061 -0.000447180049321235 -0.00210263080544385 -4.45031352063786 372.457215615474 70681461.2407983 -19154003.1649981
-0.20615 0.00128836792540904 0.000618490662009667 -4.44953135220686 372.433758176526 70682809.2456196 -19153968.5775045
-0.2062 -0.00200919088773989 -5.97671362662849e-05 -4.45103760870132 372.410300737578 70682062.7689048 -19153975.6657958
-0.20625 0.00156049084375655 0.000831235474415507 -4.4525297771949 372.38684329863 70682723.0111089 -19153973.6223106
-0.2063 -0.00193892072611313 0.00108342530774308 -4.45476417311005 372.363385859682 70681466.7833773 -19153874.126719
-0.20635 0.00267135610523863 -0.00115282636151324 -4.45472704300377 372.339928420734 70681997.5681389 -19153914.8956522
-0.2064 -0.00285021673736551 0.000532707802619434 -4.45757200204416 372.316470981786 70680562.8357211 -19153877.9535247
-0.20645 0.000734234538244499 0.00108281358401113 -4.45708062625049 372.293013542838 70681555.2097059 -19153996.7502659
-0.2065 0.000398193526136218 -0.00185074901640856 -4.45906582964374 372.26955610389 70680226.0972023 -19153955.7112681
-0.20655 0.000766983326059704 0.00140214997602367 -4.46069681518239 372.246098664942 70680837.6016032 -19154012.3206454
-0.2066 -0.00136522356943052 0.000549914364508994 -4.46331850820335 372.222641225994 70679818.0020966 -19153907.0326616
-0.20665 0.00235258900339396 -0.00237560519884758 -4.46471579921427 372.199183787046 70680171.4366582 -19153877.5833744
-0.2067 0.00160513620496385 -0.00077429844698814 -4.46587174231418 372.175726348098 70679827.8605418 -19153908.9259495
-0.20675 -0.00447192916158297 0.0029591714528859 -4.47002761068308 372.15226890915 70678410.941152 -19153935.1596517
-0.2068 0.00117747247143396 -0.000453144651530724 -4.46991998046303 372.128811470202 70678823.1911574 -19154011.5736987
-0.20685 0.00266994390940514 -0.00132725726748319 -4.47033704134436 372.105354031254 70679015.3873007 -19153996.9214696
-0.2069 -0.0018283370875747 0.000865938543603098 -4.47426025352429 372.081896592307 70677494.1946681 -19153990.5887146
-0.20695 -0.000551499000348165 0.0046893207550817 -4.47528971684034 372.058439153359 70678719.7660235 -19154002.2100841
-0.207 0.000307606219192705 -0.0056814848708594 -4.48029036390734 372.034981714411 70675487.1381561 -19153937.3882939
-0.20705 0.0018888008464648 0.00443791681349798 -4.47742570886962 372.011524275463 70678764.8867971 -19153993.9566469
-0.2071 -0.0060255222764602 -0.00180490886895554 -4.48249111077528 371.988066836515 70674581.2794897 -19153996.9298269
-0.20715 0.0052775112199743 0.00202755795130469 -4.47884710292137 371.964609397567 70678329.3270627 -19154002.9708355
-0.2072 -0.00414033190072856 -0.00405518914082898 -4.48445015390958 371.941151958619 70674010.5234767 -19154002.2848371
-0.20725 0.00302065604062989 0.00430796067855299 -4.47933542928123 371.917694519671 70678641.37833 -19153994.7339035
-0.2073 -0.0035016181678813 -0.00298752846121214 -4.48573397521636 371.894237080723 70674361.6665942 -19153921.5797672
-0.20735 0.00370560787553309 0.00200771528596702 -4.48211036711888 371.870779641775 70678005.5808166 -19153980.7920374
-0.2074 -0.0036100097587926 -0.00281859252935266 -4.48812938872808 371.847322202827 70674095.5463935 -19153874.822415
-0.20745 0.00146251279196536 0.000501382816554212 -4.48741238099215 371.823864763879 70675783.2608079 -19154013.2321727
-0.2075 -0.00169810230913383 -0.00080031584108501 -4.48995503337686 371.800407324931 70674534.1945588 -19153934.3256938
-0.20755 0.00162527580376118 0.00123608599290845 -4.49072049016018 371.776949885983 70675841.1862943 -19153913.8229832
-0.2076 -0.00102448558608358 -0.00145884940928646 -4.49418609621459 371.753492447035 70673670.3349067 -19153976.5863423
-0.20765 0.00070435486332596 -0.00050300449681242 -4.49407685291489 371.730035008087 70674717.438011 -19153916.449789
-0.2077 8.49024646848292e-05 0.00173616523135782 -4.49698174924998 371.706577569139 70674252.8698175 -19153929.6070401
-0.20775 -0.000824676657255161 -0.00257302614063887 -4.49958838606197 371.683120130191 70672918.076288 -19153897.0909709
-0.2078 0.000688163480756857 0.00120484017273239 -4.49916729755273 371.659662691244 70673999.9545316 -19153989.909298
-0.20785 -0.00303225448681155 0.000398986618916852 -4.50219427278733 371.636205252296 70672666.6811388 -19153946.5827411
-0.2079 -0.000245557279562214 -0.00134335737182625 -4.50340008084556 371.612747813348 70672676.0198052 -19153875.7895107
-0.20795 0.00240636425698819 -0.000732352189684027 -4.50628944015207 371.5892903744 70672673.3555508 -19153903.2547142
-0.208 -0.00426576286032627 4.8096704330899e-05 -4.50846482890116 371.565832935452 70670582.3772047 -19153900.1188833
-0.20805 0.00460779436591142 0.00207120301443178 -4.5051940471887 371.542375496504 70673740.053177 -19153944.5316365
-0.2081 -0.00384609128595762 -0.00392959644746428 -4.5114616006978 371.518918057556 70669607.9695945 -19153903.0124406
-0.20815 0.00415585120991038 0.00186925681038492 -4.50783004281647 371.495460618608 70673259.49487 -19153995.6907841
-0.2082 -0.00330849045403926 -0.00165438831266882 -4.5144569317108 371.47200317966 70669532.3891552 -19153896.9142478
-0.20825 0.00208714821694488 0.000964908902208329 -4.51311484506925 371.448545740712 70671879.9906091 -19153871.5244118
-0.2083 -0.000448429719997231 -0.00235643524518023 -4.51786281270358 371.425088301764 70669104.1153302 -19153911.6412619
-0.20835 -0.00101787314575559 0.0039219069332775 -4.51840389987574 371.401630862816 70670355.2421807 -19153883.895476
-0.2084 3.59954293255288e-05 -0.00308957530151506 -4.52350227853901 371.378173423868 70668311.3997972 -19153864.2225091
-0.20845 0.0025185294116434 8.45128642526908e-05 -4.52244222980266 371.35471598492 70669257.2282861 -19153872.5591927
-0.2085 -0.00220889873517091 0.00255575666693856 -4.52579766688898 371.331258545972 70668371.4105013 -19153865.7740482
-0.20855 -0.000135206709799583 -0.00266557467766811 -4.52826377626217 371.307801107024 70667134.2243837 -19153794.9517453
-0.2086 0.00164804561573645 0.000554801076346987 -4.52751754821236 371.284343668076 70668217.5293178 -19153917.910303
-0.20865 0.000211150754644587 -0.00166150307825551 -4.52981401136317 371.260886229128 70666905.1707209 -19153960.623139
-0.2087 -1.17439804211724e-05 0.00225713977328075 -4.53181907375649 371.237428790181 70667209.328005 -19153886.659001
-0.20875 -0.00122618302213166 -0.000902959403697197 -4.53281309577062 371.213971351233 70665962.7145748 -19153958.0042786
-0.2088 0.00209771023615381 0.00122602919299449 -4.53397576119071 371.190513912285 70667725.8019244 -19153852.4049573
-0.20885 -0.0012000572727187 -0.0035250833541956 -4.5375043881903 371.167056473337 70664556.0558569 -19153920.7583692
-0.2089 0.00194397262743678 0.00235199813957904 -4.53601521901889 371.143599034389 70666955.6791771 -19153894.8259138
-0.20895 -0.00230695970362019 -0.000633183773449267 -4.53916560159981 371.120141595441 70665067.8369051 -19153935.9116153
-0.209 0.00028406010046821 -0.000197206538108228 -4.53974505727612 371.096684156493 70665733.5104205 -19153928.1047921
-0.20905 -0.00311662821261741 0.00190312913770522 -4.54225038205288 371.073226717545 70664892.2966749 -19153898.3094105
-0.2091 0.00299671321914299 -0.00217185416605416 -4.54322883775116 371.049769278597 70665326.0146755 -19153869.0369315
-0.20915 0.00163600444942734 -0.00182392986831972 -4.54524351752555 371.026311839649 70664415.5769019 -19153874.8886126
-0.2092 -0.0010467670123516 0.00439126405093308 -4.54389111739859 371.002854400701 70665374.0318958 -19153922.6438683
-0.20925 -0.00143142462257863 -0.00245517535030119 -4.550034218349 370.979396961753 70662198.5531724 -19153929.695437
-0.2093 0.00385401171205886 0.00245712871181487 -4.54704111056422 370.955939522805 70665172.7628536 -19153972.690099
-0.20935 -0.00278018906158379 -0.0034817068075517 -4.55433000979655 370.932482083857 70660910.8834217 -19153999.6688355
-0.2094 0.000678327858794325 0.00691891098339076 -4.55178757997269 370.909024644909 70664816.1490024 -19153824.3786683
-0.20945 -0.00225330245506246 -0.00698076833019995 -4.55996433930146 370.885567205961 70659472.4476869 -19153860.3606253
-0.2095 0.00648983824282584 0.0048792522850643 -4.55303069038744 370.862109767013 70665832.9083247 -19153844.8261692
-0.20955 -0.00920236287187415 -0.00386537682711183 -4.56499252837855 370.838652328065 70657211.2465949 -19153966.2226016
-0.2096 0.00840902278372823 0.00662992708942472 -4.55773770715604 370.815194889117 70665121.1073831 -19153895.0602035
-0.20965 -0.00592792746899695 -0.00832321451802192 -4.57117846694239 370.79173745017 70655346.326803 -19154002.7364855
-0.2097 0.00501907069854845 0.00845719305689183 -4.55898107568854 370.768280011222 70664447.2822747 -19153853.149204
-0.20975 -0.00630564552417925 -0.00528394629829881 -4.56997790912676 370.744822572274 70656760.8308688 -19153901.8453637
-0.2098 0.00842238312660221 0.00377412475415063 -4.56287749403475 370.721365133326 70663738.827646 -19153851.7208073
-0.20985 -0.00512847542389271 -0.00574398010099722 -4.57342810047305 370.697907694378 70656139.7264089 -19153918.0723139
-0.2099 0.00276797398808697 0.00817960047575147 -4.56683076010776 370.67445025543 70662170.4395394 -19153975.417995
-0.20995 -0.00218630856577601 -0.00664212678360879 -4.57529648094201 370.650992816482 70656082.8025465 -19154008.6837655
-0.21 0.00428225224785197 0.00289926722751747 -4.57149494168544 370.627535377534 70660532.4912689 -19153885.5616457
-0.21005 -0.00583485572880785 -0.00122308609919741 -4.578931635981 370.604077938586 70655794.4587803 -19153861.104446
-0.2101 0.00415408233179491 0.0013745340339264 -4.57574489463818 370.580620499638 70659369.6862038 -19153805.75588
-0.21015 -0.00196125782078496 -0.00468383595835672 -4.5816354000421 370.55716306069 70655326.827766 -19153837.6990551
-0.2102 0.00103452570643385 0.00425273852118183 -4.58014052753299 370.533705621742 70657928.9213811 -19153937.4602857
-0.21025 -0.00411622906005218 -0.000867471153684111 -4.58434471290894 370.510248182794 70655066.1100316 -19154006.4188631
-0.2103 0.00403805095538376 -0.00221530079432507 -4.58389320261127 370.486790743846 70657064.1013975 -19153915.7652966
-0.21035 -0.00307659195158888 0.000399920862000001 -4.58826992909773 370.463333304898 70655217.1908122 -19153929.7560594
-0.2104 -0.000555558506545092 0.00281924435413789 -4.58859551672685 370.43987586595 70655973.761751 -19153887.9393886
-0.21045 0.00159598075731565 -0.00198098509052025 -4.58916113898308 370.416418427002 70655555.3457453 -19153899.7097937
-0.2105 0.000216683814233673 0.00087807650550994 -4.59099222670659 370.392960988054 70654870.588014 -19153966.7972379
-0.21055 -0.00174717280873661 0.00172813920987597 -4.5906863602462 370.369503549107 70654800.8765266 -19153921.281022
-0.2106 -0.000567739119918915 -0.00233936655540057 -4.59254201785858 370.346046110159 70654086.7816578 -19153972.3602229
-0.21065 0.00281964845541682 0.000545356006682029 -4.59424819260504 370.322588671211 70655112.0415885 -19153825.7095812
-0.2107 -0.00247876083472267 0.000137336184049021 -4.59813113157179 370.299131232263 70653430.6976131 -19153684.1727194
-0.21075 -0.000524725843132236 0.00223504079264137 -4.59605156170228 370.275673793315 70654539.9320418 -19153801.1173454
-0.2108 0.00266773037508573 -0.00452661834002203 -4.5990914658006 370.252216354367 70652861.1041893 -19153893.1213378
-0.21085 -0.000748444459364522 0.00309629917096342 -4.59820624753007 370.228758915419 70653922.6470948 -19153844.1002554
-0.2109 -0.00280372600927807 0.000320779620238331 -4.6019049262289 370.205301476471 70652398.471348 -19153835.9285114
-0.21095 0.00199198846121244 -0.00190891090759433 -4.60177674090951 370.181844037523 70653098.7276911 -19153856.7815507
-0.211 -0.000409760084358444 -0.00138927962022794 -4.60429566314229 370.158386598575 70652472.9184781 -19153786.808263
-0.21105 -0.000756131908547618 0.0035580832201764 -4.60749973927749 370.134929159627 70652438.7264799 -19153816.3309804
-0.2111 -0.00197535096022798 -0.002084685188763 -4.60901618473818 370.111471720679 70650606.1166843 -19153829.1999913
-0.21115 0.0039590419499259 -0.00022691628087241 -4.6080856109308 370.088014281731 70652649.3674544 -19153792.1496488
-0.2112 -0.00259344094239924 0.000384841528097726 -4.60869516947375 370.064556842783 70650676.3467624 -19153951.9962633
-0.21125 0.000833873090691015 0.00142730460637111 -4.61041915486502 370.041099403835 70651780.208725 -19153798.7894753
-0.2113 0.00103167828204281 -0.000333531492828327 -4.61350851197994 370.017641964887 70651036.6396406 -19153792.2181974
-0.21135 -0.00123970137515809 0.000532797687934089 -4.61242568958864 369.994184525939 70651648.7916185 -19153729.6369673
-0.2114 0.00187669504247941 -0.000858705975266014 -4.61665539988049 369.970727086991 70650584.1493236 -19153738.4424502
-0.21145 -0.00239235357071442 -0.000486672540316094 -4.61666545274566 369.947269648044 70649363.8902312 -19153878.2549119
-0.2115 0.00206075308441987 -1.07644687986692e-05 -4.61597748172151 369.923812209096 70650519.3207515 -19153889.1284661
-0.21155 -0.000204819050224893 -0.00121291182715987 -4.61775809230151 369.900354770148 70649687.7437827 -19153836.0340889
-0.2116 -0.00340292642759146 0.000934190151764793 -4.61909018692393 369.8768973312 70649221.9181336 -19153813.643774
-0.21165 0.0019264491049428 -8.09454482195168e-05 -4.61895847762425 369.853439892252 70650043.8411621 -19153799.5608396
-0.2117 -0.0022920105814089 -0.00217399837273822 -4.6233067044178 369.829982453304 70647867.5223544 -19153786.4637481
-0.21175 0.00200994419723508 0.00380943228747981 -4.61977517993065 369.806525014356 70650547.3936357 -19153859.6637319
-0.2118 -0.00300558082722581 -0.00571675438525175 -4.62561470295879 369.783067575408 70646013.5800731 -19153809.0441402
-0.21185 0.00259794389238993 0.00601979706652845 -4.62123745819003 369.75961013646 70650726.1538357 -19153896.0285446
-0.2119 -0.00460469626119463 -0.00542534067525759 -4.62979932332301 369.736152697512 70645093.1251118 -19153820.5626768
-0.21195 0.00521160147209853 0.00291907308344674 -4.62516422547209 369.712695258564 70650059.8190808 -19153825.9148884
-0.212 -0.00510306676283958 -0.00272725047041603 -4.63069127391071 369.689237819616 70646026.9708581 -19153720.4004134
-0.21205 0.00286175634790657 0.00335037978007296 -4.62617395589092 369.665780380668 70649573.8016786 -19153850.358493
-0.2121 -0.00312956017086372 -0.00204372603057018 -4.62945087322572 369.64232294172 70646445.5000415 -19153773.8667441
-0.21215 0.00329452441449351 0.00110580109193575 -4.62737155031975 369.618865502772 70648512.3447531 -19153872.0790972
-0.2122 -0.00488499579541282 -0.00127065698114933 -4.63172573439488 369.595408063824 70645485.037981 -19153860.7808557
-0.21225 0.00263887108509694 0.00178118659648496 -4.62853709922459 369.571950624876 70648066.7024613 -19153788.5075326
-0.2123 0.00081111093286558 -0.00448447624115143 -4.63308498654745 369.548493185928 70645602.9910288 -19153796.1702524
-0.21235 -0.00265974942192931 0.00579768114489553 -4.63131874093806 369.525035746981 70647868.6965597 -19153873.4554183
-0.2124 0.000170522529030924 -0.002443587566468 -4.63491418903214 369.501578308033 70645269.1250601 -19153904.3969259
-0.21245 0.000652392111276895 0.00071360289165184 -4.63459130831278 369.478120869085 70645974.055953 -19153918.1220971
-0.2125 0.000972908206528103 -0.000445841384551816 -4.63630279032118 369.454663430137 70645438.237869 -19153941.9861528
-0.21255 -0.00330696759537606 0.00300453406947529 -4.63406261962001 369.431205991189 70646002.6202032 -19153871.6197268
-0.2126 0.00251601422447143 -0.00127748470586857 -4.63659954189358 369.407748552241 70645706.6553807 -19153968.7533196
-0.21265 0.00125395944587586 -0.00155798913928191 -4.6377153955371 369.384291113293 70645442.0357348 -19153861.9052463
-0.2127 -0.00228526137855717 0.00384251567572804 -4.63647595133914 369.360833674345 70646833.2701834 -19153853.0988135
-0.21275 0.000536589653964204 -0.000749239069365978 -4.6396354942847 369.337376235397 70645149.6304772 -19154021.0846094
-0.2128 0.00323757669756728 -0.000980226448460743 -4.63930358803281 369.313918796449 70645610.148154 -19154063.7995058
-0.21285 -0.00464437950257915 0.000214049355766826 -4.64162179920471 369.290461357501 70643769.5562333 -19154012.8425179
-0.2129 0.000980169059267861 0.00323947894425264 -4.63850386989041 369.267003918553 70646320.3734923 -19153940.4779499
-0.21295 0.00126542429481913 -0.00353000233194181 -4.64229955288727 369.243546479605 70643897.0507824 -19153992.3850723
-0.213 -0.000744330874980922 0.00334087291693653 -4.64023050329141 369.220089040657 70645867.0392634 -19153943.5377705
-0.21305 -0.00133307459650162 -0.00199974301351463 -4.64273026361452 369.196631601709 70643995.1815067 -19153961.5790269
-0.2131 0.00117374010365577 0.000147510609184985 -4.64151976612132 369.173174162761 70644916.1812362 -19154063.591878
-0.21315 -0.00205697286080971 0.000547830299444369 -4.64501654698573 369.149716723813 70643132.2547204 -19154068.2166569
-0.2132 -0.00011061946711944 0.00123090169879837 -4.6445569017028 369.126259284865 70644092.7162616 -19154034.5649536
-0.21325 0.00105401665679248 -0.00276146951070111 -4.64651425286447 369.102801845917 70643160.9468066 -19153971.9148799
-0.2133 0.00314156600957494 0.000979784358734834 -4.6451952520207 369.07934440697 70644765.2209484 -19153987.7360947
-0.21335 -0.00561201263815239 0.00139684637592184 -4.64928767756099 369.055886968022 70642402.4096271 -19153963.5499268
-0.2134 0.00389024991677468 0.000670174937571548 -4.64708430295902 369.032429529074 70644476.0203436 -19154048.0604617
-0.21345 -0.00135975901631785 -0.00392559066480114 -4.65184190328042 369.008972090126 70641188.2798817 -19154117.9600381
-0.2135 0.00133642308914246 0.00524552876771115 -4.64914726718939 368.985514651178 70644036.7987155 -19154203.3717376
-0.21355 -0.0026034491869134 -0.00193979659101201 -4.6536021992808 368.96205721223 70641180.494264 -19154107.0996527
-0.2136 0.0045737057455294 -0.00044400904626616 -4.65207734834192 368.938599773282 70643261.6074433 -19154066.4726085
-0.21365 -0.00333354652951255 0.0012873321042055 -4.6564447471588 368.915142334334 70641135.8777229 -19154097.2783205
-0.2137 0.00237239079674014 -0.000236966586020355 -4.65421177828369 368.891684895386 70642925.3791129 -19153968.7106052
-0.21375 -0.00133656761209281 -0.0039588374268391 -4.65927824909699 368.868227456438 70639727.2425747 -19154092.667847
-0.2138 0.00105929756445457 0.00435085856678363 -4.65694652768248 368.84477001749 70642713.0279633 -19154057.5545369
-0.21385 -0.00324646836369367 -0.00364208072527932 -4.66252461640473 368.821312578542 70638715.3696485 -19154109.5809239
-0.2139 0.00378583920151758 0.000779508570671876 -4.65798089380762 368.797855139594 70642181.3873055 -19153979.6994568
-0.21395 -0.00405502063913055 -0.00132236859129257 -4.66390570921223 368.774397700646 70639061.0095402 -19154046.5590358
-0.214 0.000623713069612391 0.00410961546321562 -4.66225101673399 368.750940261698 70641360.1845159 -19154007.9536282
-0.21405 -0.000894915477374853 -0.00191921277288353 -4.66847936796907 368.72748282275 70638275.6829678 -19154073.691807
-0.2141 0.00224606704253751 0.00160179346378304 -4.66566490929037 368.704025383802 70640263.7103432 -19154012.4702544
-0.21415 -0.00193938210290222 -0.000966938630092111 -4.66935580330921 368.680567944854 70637976.7803396 -19154053.9510208
-0.2142 0.00109668493009437 1.51728620940005e-05 -4.66868867998626 368.657110505907 70639015.0358394 -19154052.6295174
-0.21425 -0.00246941532758753 0.00175399396487064 -4.67052170730463 368.633653066959 70638400.1263055 -19154013.0572929
-0.2143 0.00260971398621413 -0.00116416388763262 -4.67027594494283 368.610195628011 70638803.8011681 -19154070.0643074
-0.21435 -0.000479850062329133 -0.00154487038445405 -4.6737703280441 368.586738189063 70637305.514412 -19154065.380269
-0.2144 -0.00155462711488054 0.00426143617014194 -4.67253265392844 368.563280750115 70638693.175389 -19154052.2171182
-0.21445 0.00156605158092335 -0.00271879979738604 -4.67383062130214 368.539823311167 70637629.8322769 -19154133.2994197
-0.2145 -0.000284951129487615 -0.00112458449528949 -4.67470713695746 368.516365872219 70637516.0942332 -19154080.4944762
-0.21455 -0.0019767288425274 0.00340629994124339 -4.67619175868897 368.492908433271 70637850.2091925 -19154017.7160911
-0.2146 -0.000654255563056593 -0.00199851195941724 -4.67659224503804 368.469450994323 70637027.656823 -19153973.2211503
-0.21465 0.00324640397910479 4.17274368855765e-05 -4.67595266054327 368.445993555375 70638299.5881438 -19154021.1971103
-0.2147 -0.00349260695015681 0.0012134289723235 -4.67812112932447 368.422536116427 70636874.5917052 -19153993.0381946
-0.21475 0.000247690034777676 0.00160681031616867 -4.67725925508855 368.399078677479 70637636.5987302 -19154054.8943295
-0.2148 0.00163781892321252 -0.00351386918560981 -4.6815016077843 368.375621238531 70636077.8339781 -19154084.6044581
-0.21485 0.00142256111052294 0.00219512943078214 -4.6795152071162 368.352163799583 70637907.3614631 -19154031.9403389
-0.2149 -0.00238405882524802 -0.00175279930497661 -4.68436588635253 368.328706360635 70635183.4882313 -19153966.9241024
-0.21495 0.00257591825463628 0.00138936500386497 -4.68252407203763 368.305248921687 70637358.2009878 -19153986.334138
-0.215 -0.00283215273360663 -0.0010912484842498 -4.68729376824727 368.281791482739 70635009.683644 -19153863.9521417
-0.21505 0.0022730508790972 -0.000119694727096852 -4.68580742813699 368.258334043791 70636263.2309687 -19153908.2585385
-0.2151 -0.00217979903117361 -0.00122814503520292 -4.69099993197808 368.234876604844 70634168.5529914 -19153941.6808365
-0.21515 0.000740059818748455 0.00247242752696322 -4.68595922155835 368.211419165896 70636813.4943709 -19153916.2107071
-0.2152 -0.00143145583518719 -0.00291193737483161 -4.69038148502013 368.187961726948 70634542.5307193 -19153989.0053023
-0.21525 0.00258351971236229 0.0024129055825679 -4.68972658649789 368.164504288 70636681.6156633 -19153874.8869865
-0.2153 -0.00310660109561728 -0.00238681857942653 -4.69504959248212 368.141046849052 70633383.6999711 -19153960.1207803
-0.21535 0.00208298381371884 0.00300136399647852 -4.69254408156183 368.117589410104 70636023.1041282 -19153889.646176
-0.2154 -0.00118284501311127 -0.00262946793496473 -4.69635302994627 368.094131971156 70633104.3319134 -19153991.6782452
-0.21545 0.00229527359653143 0.000533805186927266 -4.69281317727522 368.070674532208 70635552.9144848 -19153911.2671415
-0.2155 -0.00231761661754556 -0.0008038964453981 -4.69703505054173 368.04721709326 70633464.6442432 -19153879.4111521
-0.21555 0.000430245806624849 0.00233904620399858 -4.69458176219141 368.023759654312 70635124.9488145 -19153828.8869837
-0.2156 0.000562403585931606 -0.00468694084035027 -4.69859542267197 368.000302215364 70632993.9406932 -19153901.7408172
-0.21565 0.000562533877163786 0.00163869943384447 -4.69608725637039 367.976844776416 70635033.7498495 -19153898.3514092
-0.2157 -0.00333599888664757 0.000304352097535927 -4.70063398485611 367.953387337468 70632339.4962752 -19153914.3422858
-0.21575 0.00266237634993546 -0.00128618938054574 -4.70025819393123 367.92992989852 70633915.1816908 -19153884.080471
-0.2158 0.00145456921998531 -0.000836299176629178 -4.70067161873929 367.906472459572 70633530.558113 -19153927.261055
-0.21585 -0.00184622157319637 0.00165259284586086 -4.70148241712899 367.883015020624 70633258.612518 -19153827.0547567
-0.2159 -0.000701712797436103 0.000442726403051548 -4.70235140483071 367.859557581676 70633163.6253751 -19153873.156051
-0.21595 0.00200438777459431 -0.00125397758634433 -4.70352975486246 367.836100142728 70632922.9678542 -19153947.1995056
-0.216 0.000589737049713853 0.000362234515154908 -4.70375630260377 367.812642703781 70633044.8653835 -19153912.0784779
-0.21605 -0.00370853048594794 0.00122835455457792 -4.70775953661558 367.789185264833 70631537.7184866 -19153904.5417386
-0.2161 0.00598897058684618 -0.00241262344716262 -4.7066121200321 367.765727825885 70632667.9212614 -19153957.9096842
-0.21615 -0.0039026838845509 0.00012019796074129 -4.70857692961801 367.742270386937 70630997.7615342 -19153885.1670625
-0.2162 0.000185010694639584 0.00187818518757156 -4.70729090159314 367.718812947989 70632868.6892598 -19153902.6920721
-0.21625 0.00171268662939457 -0.00310484426725769 -4.70936301694948 367.695355509041 70631677.1015465 -19153924.4667777
-0.2163 0.00020552083183414 0.00172402679601286 -4.70978645725512 367.671898070093 70632460.7230965 -19153854.8087692
-0.21635 -0.00189032325885493 0.000995355162272893 -4.71408435146109 367.648440631145 70630621.8444605 -19153977.8970317
-0.2164 0.00244705003191863 0.000827987535033009 -4.71214381703352 367.624983192197 70632232.3346771 -19153897.6335932
-0.21645 -0.00279564743768196 -0.00323115224144509 -4.71404951447781 367.601525753249 70629836.3519861 -19153894.9817937
-0.2165 0.00273388022968958 0.00259882977351505 -4.71182378422915 367.578068314301 70632430.6182517 -19153923.6484582
-0.21655 -0.0030712383066689 -0.000777149141705812 -4.71798027079638 367.554610875353 70628936.7861671 -19154035.3738632
-0.2166 0.00204853584834904 0.00191674968268894 -4.71463222225854 367.531153436405 70631891.8290571 -19153992.2634318
-0.21665 -0.00114455726887414 -0.00254478676043569 -4.71952468822379 367.507695997457 70629577.7871295 -19153909.7675683
-0.2167 -0.00128790849064786 0.00288731317042733 -4.71968562965566 367.484238558509 70630092.6445969 -19153960.9593543
-0.21675 -0.00158123622886697 -0.00202629114917701 -4.72118392188984 367.460781119561 70628894.8927311 -19154002.7552065
-0.2168 0.00142885855908239 -0.000582810671424774 -4.72032255559307 367.437323680613 70630012.072243 -19153945.3754247
-0.21685 -0.00152879795740707 -0.000321313306649047 -4.72374358995858 367.413866241665 70628333.4882328 -19153925.0289244
-0.2169 0.000761912332648127 0.000853776205938993 -4.72135808932157 367.390408802718 70630350.6478599 -19153948.5452155
-0.21695 -0.000289600660548767 -0.00064679790057607 -4.72369400753624 367.36695136377 70628764.9226743 -19153963.6082866
-0.217 0.00108540916941215 0.000550589017368599 -4.72269469029045 367.343493924822 70629800.4320266 -19153941.7785459
-0.21705 -0.00138849071783692 0.000133333294447576 -4.7245519153184 367.320036485874 70628958.936424 -19153893.5647245
-0.2171 0.000135621018287711 -0.000429319531134527 -4.72536471866783 367.296579046926 70628943.5920362 -19153888.0496959
-0.21715 0.000135487980440134 -0.000156263108752686 -4.72638604227652 367.273121607978 70628343.1938101 -19153914.5754312
-0.2172 0.000122785593681516 -0.00154675194421737 -4.72552670211427 367.24966416903 70628764.3020431 -19153876.5647719
-0.21725 0.000491658910361103 -0.000343570824900061 -4.72557457449999 367.226206730082 70628736.1274169 -19153963.6070032
-0.2173 -0.00169512893976304 0.00120914743506982 -4.72639928545071 367.202749291134 70628719.6819953 -19153985.6391819
-0.21735 -0.000250026446802652 -0.00147737778583506 -4.72795253942662 367.179291852186 70628285.2621459 -19153929.6031109
-0.2174 -8.31137748591433e-05 0.00132906321976721 -4.7273251464804 367.155834413238 70628423.6795934 -19154002.6468598
-0.21745 0.00132815337990101 -0.00145919671518568 -4.72947361602867 367.13237697429 70628016.8821693 -19153990.7364429
-0.2175 -0.00103559476560213 0.00137162811811546 -4.73234202702479 367.108919535342 70627819.9996854 -19153959.6439361
-0.21755 -0.00144142128744562 0.00112848427931633 -4.73107267503713 367.085462096394 70627939.1200208 -19154002.2173562
-0.2176 0.00348261220160513 -0.00282685083563573 -4.73381092872931 367.062004657446 70627379.4224067 -19153945.397034
-0.21765 -0.00183748553914263 0.000911578245519331 -4.73559171240315 367.038547218498 70627113.1217888 -19153961.865954
-0.2177 -0.000564407604768332 0.000777856056223116 -4.73495633423128 367.01508977955 70626739.0132081 -19154104.7078346
-0.21775 9.33277493016542e-05 -4.55107918236216e-05 -4.73441888198096 366.991632340602 70626966.6617288 -19154125.9732102
-0.2178 0.00174035625676515 -0.00199286141618306 -4.73672580023542 366.968174901654 70626771.3351594 -19154052.7359745
-0.21785 -0.0027678027941782 0.00162999751356598 -4.73841917404202 366.944717462707 70626426.2821886 -19153931.6863831
-0.2179 0.000244576985902792 -0.00078973173737301 -4.74079861205579 366.921260023759 70625568.5170867 -19153921.6518773
-0.21795 0.00359449039478995 -0.00215149808494711 -4.73978305381605 366.897802584811 70626401.5001173 -19153932.3572637
-0.218 -0.00430468595361559 0.00165755253373959 -4.74291552170808 366.874345145863 70624803.128888 -19153962.105908
-0.21805 -4.27267478689316e-06 0.00134804688004858 -4.74097753766572 366.850887706915 70625585.1931259 -19154005.5457362
-0.2181 0.00150016637333923 -0.00517620465154443 -4.74453573935608 366.827430267967 70624000.891901 -19154096.7978331
-0.21815 -0.000774583260523736 0.00344634138275228 -4.74439663426345 366.803972829019 70625566.3631335 -19154059.0988759
-0.2182 -0.00480894295445356 -0.000337626600045729 -4.74747744401164 366.780515390071 70623531.0419974 -19153995.7570488
-0.21825 0.00651178976041331 -0.00079564759073911 -4.74502322973402 366.757057951123 70626338.2425777 -19154004.1749379
-0.2183 -0.00388610942529632 -0.000478175125613083 -4.7497683838931 366.733600512175 70623069.5687044 -19153986.5173816
-0.21835 -0.000145744465150559 0.0039409998502737 -4.74708961578433 366.710143073227 70625309.1248413 -19154083.4288293
-0.2184 0.00102555280561386 -0.00251706497497528 -4.7508787869982 366.686685634279 70623317.5944859 -19154125.0523644
-0.21845 0.00142773177917782 0.000579040920020971 -4.74924321437558 366.663228195331 70624667.9146184 -19154018.0047061
-0.2185 -0.00136020099806085 -0.000707808364562143 -4.75300684619989 366.639770756383 70622857.3850783 -19154081.0629286
-0.21855 0.000418337481484439 0.00184804101958205 -4.75297373582297 366.616313317435 70624396.6812141 -19153971.6098491
-0.2186 0.00110336870951367 -0.00215885567556444 -4.75515233539776 366.592855878487 70622902.7171494 -19154010.1285283
-0.21865 -0.000647876234505971 0.00271405211056687 -4.75414729671329 366.569398439539 70623875.5575115 -19154003.4666933
-0.2187 -0.00167647456952556 0.000116604943967153 -4.75643012127282 366.545941000591 70622178.0198753 -19154176.9736193
-0.21875 0.00583992031937589 -0.0025746072832241 -4.75502722476762 366.522483561644 70623654.9106585 -19154149.9173104
-0.2188 -0.00515089191187434 0.0018752868800855 -4.75701787654033 366.499026122696 70622155.7441338 -19154068.143323
-0.21885 0.000381956309367521 0.00316634774643666 -4.75763894919073 366.475568683748 70623676.9179989 -19154007.2083077
-0.2189 0.00221663496322615 -0.00551932556149958 -4.76268056919412 366.4521112448 70620982.7175557 -19153963.9187135
-0.21895 -0.000995148919579384 0.00212967841435837 -4.76354723635125 366.428653805852 70621732.2119679 -19153970.3178008
-0.219 -0.00108587658212924 -0.00105416097499125 -4.76516289600983 366.405196366904 70620842.5046096 -19153999.9223294
-0.21905 0.00163575864262074 3.61499810058286e-05 -4.76510652943235 366.381738927956 70621986.6912054 -19154022.7912687
-0.2191 -0.00111999875197973 -0.00232941799171755 -4.76978471028453 366.358281489008 70619930.1401147 -19153974.4196302
-0.21915 -0.00121993779031559 0.00305007589167318 -4.76690600413512 366.33482405006 70621581.0975669 -19153981.2519322
-0.2192 0.00173343103564044 -0.00287592978906158 -4.77115203933208 366.311366611112 70620158.2703379 -19153971.6649152
-0.21925 0.000347148888994178 0.000844160119122011 -4.77257974417166 366.287909172164 70620518.4635306 -19153880.5674516
-0.2193 -0.00379253603676485 0.00122351776053815 -4.77521257961965 366.264451733216 70619309.3943178 -19153900.0673093
-0.21935 0.00425848573771406 -0.00127970293952229 -4.77505640840471 366.240994294268 70620221.1109297 -19153935.5504388
-0.2194 -0.00239411437688455 0.000116813342528044 -4.77647468177533 366.21753685532 70618931.1946631 -19153997.6853642
-0.21945 0.00105817267468618 0.000516233156470792 -4.77650442306432 366.194079416372 70619825.7101278 -19153883.3653846
-0.2195 -0.000915670717392653 0.00152367858938383 -4.77763050860507 366.170621977424 70619795.9216401 -19153869.187154
-0.21955 0.000223413112194668 -0.00188797809931566 -4.77917528404505 366.147164538476 70619037.2114547 -19153803.5642087
-0.2196 0.00130284985625081 0.00271918420721409 -4.77902269030768 366.123707099528 70620381.5962475 -19153806.2292149
-0.21965 -0.0038236299192885 -0.00272735474738851 -4.78476117555394 366.100249660581 70616779.1772981 -19153768.7418608
-0.2197 0.00514125149552655 0.00310207524902024 -4.78238159332058 366.076792221633 70620350.518955 -19153847.6435269
-0.21975 -0.00470271765618885 -0.00396705464677139 -4.79057524440872 366.053334782685 70615033.8850231 -19153897.8528443
-0.2198 0.00433983137628994 0.00481833286834781 -4.78686188128437 366.029877343737 70619893.4585964 -19153791.9991952
-0.21985 -0.00255435288567177 -0.00505489081396233 -4.79466752366691 366.006419904789 70615109.5166295 -19153718.0812537
-0.2199 0.00438013270189342 0.00337233222519309 -4.79034644092917 365.982962465841 70619145.2434492 -19153833.2917034
-0.21995 -0.00374436378774752 -0.00241158689672683 -4.79787864020788 365.959505026893 70614140.269907 -19153828.6964997
-0.22 0.00357821910081007 0.00431461813039508 -4.79278799822499 365.936047587945 70618675.2410593 -19153778.2946412
-0.22005 -0.0026889768990718 -0.00386473396432045 -4.79929232896282 365.912590148997 70613590.9374787 -19153878.9406714
-0.2201 0.00181291813782901 0.00416061655096089 -4.79718742732716 365.889132710049 70617612.0637818 -19153630.8096457
-0.22015 -0.00265511083079636 -0.0048874534869089 -4.80337505769773 365.865675271101 70613086.6367718 -19153664.3033388
-0.2202 0.00394379748965596 0.00508687628144029 -4.80055600167186 365.842217832153 70617835.7255 -19153537.9595573
-0.22025 -0.00732741427069817 -0.00402012967188373 -4.81094804964307 365.818760393205 70611014.7264174 -19153556.0728095
-0.2203 0.00880627590528879 0.00146033038042196 -4.80512666319899 365.795302954257 70617043.0119551 -19153578.4675447
-0.22035 -0.00652110119297249 -0.00282811645312439 -4.81181274184185 365.771845515309 70611404.0102751 -19153730.6961784
-0.2204 0.00226731865089023 0.00628514398541405 -4.80715678628356 365.748388076361 70616316.4126718 -19153706.6895305
-0.22045 -0.00157189241059252 -0.00599246840879295 -4.81621056326837 365.724930637413 70611159.7585333 -19153591.8913616
-0.2205 0.00469226787901334 0.00185591304524658 -4.81083659286785 365.701473198465 70615842.4303992 -19153510.1307485
-0.22055 -0.00672013731365001 -0.00160903352866559 -4.81921680772201 365.678015759518 70610788.5089305 -19153507.207516
-0.2206 0.00513904453137623 0.00349791055958739 -4.81503211157062 365.65455832057 70615144.5785504 -19153498.2322572
-0.22065 -0.00345514137635411 -0.00543382578397669 -4.82430174232473 365.631100881622 70608871.873141 -19153558.2297518
-0.2207 0.00262447530367581 0.00470860034623166 -4.81830804629991 365.607643442674 70614102.5273522 -19153499.3910666
-0.22075 -0.00413077313331794 -0.00279785801426795 -4.82571588851228 365.584186003726 70608947.2014977 -19153573.4339152
-0.2208 0.00595382818951079 0.000697689693865643 -4.82507114735116 365.560728564778 70612577.0789638 -19153426.390443
-0.22085 -0.00432955927958164 -0.00287550099060903 -4.83097965699817 365.53727112583 70608626.0206411 -19153451.35906
-0.2209 0.00154964717863711 0.00582863648337466 -4.82696591172474 365.513813686882 70613192.4942771 -19153319.9551895
-0.22095 -0.00133091229476754 -0.00553095229995438 -4.83415474585878 365.490356247934 70608050.0398082 -19153474.3641988
-0.221 0.00308225723895075 0.00309067262625923 -4.83051582725631 365.466898808986 70611299.3218633 -19153542.2162003
-0.22105 -0.00500332846251405 -0.000711589760614169 -4.8362986279006 365.443441370038 70607564.5716288 -19153537.279391
-0.2211 0.00310928642036946 0.00322857680996506 -4.83479422253592 365.41998393109 70610867.877843 -19153482.9206577
-0.22115 -0.00293532084298878 -0.00481696598487103 -4.83975412341511 365.396526492142 70607213.6919884 -19153354.2381553
-0.2212 0.0041599866197647 0.00238651781263248 -4.83697729579373 365.373069053194 70611346.6664293 -19153267.224209
-0.22125 -0.00493978474066655 0.000924669216175905 -4.84061315024485 365.349611614246 70608124.3990916 -19153354.1874101
-0.2213 0.00549585895830973 -0.00106569357758827 -4.84129321276404 365.326154175298 70609627.4041837 -19153246.2448368
-0.22135 -0.00296021701786971 -0.00150625649960957 -4.84657920695178 365.30269673635 70606287.1980385 -19153309.9933982
-0.2214 0.0013545020038287 0.00308277580138679 -4.84382681859997 365.279239297402 70609216.9585461 -19153318.45687
-0.22145 -0.00216798347254458 -0.0028876491601573 -4.84938742826524 365.255781858454 70605843.9571115 -19153288.1519646
-0.2215 0.00277728539795752 0.000336235469947638 -4.8478673887511 365.232324419507 70607908.8069465 -19153303.3361637
-0.22155 -0.00321736608051151 0.000609596664738868 -4.85119543962698 365.208866980559 70605912.7729887 -19153250.5411114
-0.2216 0.00258093665162658 0.00159015101903102 -4.84832296546513 365.185409541611 70608018.9533901 -19153296.1812173
-0.22165 0.00131767990965183 -0.00220833631661538 -4.85478389015963 365.161952102663 70605301.7536217 -19153284.9256465
-0.2217 0.000812800928022224 0.00233727206989043 -4.85197069785937 365.138494663715 70607220.9768003 -19153315.4494513
-0.22175 -0.00192688071201118 -0.000814736914684256 -4.85626009396386 365.115037224767 70605060.714604 -19153222.6403641
-0.2218 0.00278653153447632 6.14181584378965e-05 -4.85634540399943 365.091579785819 70606633.5819463 -19153170.6104815
-0.22185 -0.00241916987771158 0.00153088171623725 -4.85866189831398 365.068122346871 70605112.7259207 -19153169.8434582
-0.2219 -0.000294069954206863 0.0011269230829946 -4.85989793673964 365.044664907923 70605323.4779918 -19153165.9271402
-0.22195 0.00165131291530638 -0.00368640132595704 -4.86207458734256 365.021207468975 70604037.191192 -19153106.4533337
-0.222 -9.02841189611534e-05 0.000496812911217364 -4.86081553291123 364.997750030027 70604935.0510419 -19153152.7515045
-0.22205 -0.00213547886075878 0.00188870546624703 -4.86408452550409 364.974292591079 70604512.2562714 -19153178.4571498
-0.2221 0.00243314272863862 -0.00189599739229913 -4.86442555004096 364.950835152131 70604341.5991539 -19153166.9587928
-0.22215 -0.00143189418100876 -0.00104016721248695 -4.86635597738002 364.927377713183 70603797.8229618 -19153093.659761
-0.2222 6.18413623979981e-05 0.00324019143819667 -4.86420567146879 364.903920274235 70605325.9696671 -19153086.7639267
-0.22225 -0.000988868255495834 -0.00191770776621114 -4.86642627054417 364.880462835287 70603625.3893325 -19153057.8611993
-0.2223 0.000849167941617613 -0.00108933077426061 -4.86831649028099 364.857005396339 70603654.140582 -19153103.5508863
-0.22235 -0.00136560417529413 0.00113910468162136 -4.8680502680807 364.833547957391 70604187.9935848 -19153055.7874222
-0.2224 0.000589858364483655 -0.000918266713509418 -4.8695802128685 364.810090518444 70603592.8749733 -19153062.7800791
-0.22245 -0.00015875797332046 -0.000614313380356201 -4.87207724479307 364.786633079496 70603106.3747329 -19152997.2883201
-0.2225 -3.0988977362166e-05 0.00129544512286238 -4.87204126721296 364.763175640548 70603620.3940032 -19152943.1908269
-0.22255 -1.67143125210092e-05 -0.000665528418004546 -4.87425858625467 364.7397182016 70602961.2224106 -19152936.4016071
-0.2226 0.001347885459685 -0.000236288812608456 -4.8765355558488 364.716260762652 70602638.0107939 -19152991.8172002
-0.22265 -2.13997458723368e-05 0.00066945180704608 -4.87802992049526 364.692803323704 70601843.0397631 -19152966.8417568
-0.2227 -0.000174101690661972 0.000452252030978462 -4.87746576524836 364.669345884756 70602345.8729108 -19152949.1737778
-0.22275 -0.00123242149559527 0.000428325340265693 -4.87934739370838 364.645888445808 70601964.2076312 -19152922.1945123
-0.2228 -0.000175822093140309 -0.00153379189800001 -4.88003815489954 364.62243100686 70601840.4833721 -19152972.6449303
-0.22285 0.00047335375122092 0.000771409533378409 -4.88148109476197 364.598973567912 70602005.578911 -19152908.7197483
-0.2229 -0.00104833420177111 -0.0029624631350138 -4.88352065189395 364.575516128964 70600480.623427 -19152842.7846467
-0.22295 -0.00015376765370867 0.00300140359996252 -4.88107231568957 364.552058690016 70602737.3220509 -19152969.4504997
-0.223 -0.00192727064036524 -0.00114359385042835 -4.88555881953123 364.528601251068 70600402.1395775 -19152871.1295746
-0.22305 0.00279433221744882 -0.000159941088361758 -4.88557121455337 364.50514381212 70601701.5715135 -19152959.9336154
-0.2231 -0.000311681235278449 -0.00131656296447142 -4.88916796452921 364.481686373172 70600169.6154571 -19152915.1984022
-0.22315 -0.000966366278600845 0.00228127929169233 -4.88825181842912 364.458228934224 70601198.1501316 -19152871.1520532
-0.2232 0.000975908255808448 -0.00222267350780867 -4.88843845660171 364.434771495276 70600495.5475101 -19152962.9678039
-0.22325 0.000440320552014686 0.00156463151333134 -4.8887868346221 364.411314056328 70600979.7432119 -19152888.7028534
-0.2233 -0.00136894467215159 -0.00108789790568457 -4.89241134753869 364.387856617381 70599267.8637865 -19152875.3246232
-0.22335 0.00208450117225602 0.000792856816964643 -4.89196368562952 364.364399178433 70600354.6791261 -19152866.3430014
-0.2234 0.00121893236576825 -0.00304705718653074 -4.89232741499738 364.340941739485 70599711.9641736 -19152806.8734941
-0.22345 -0.00171828448481464 0.0023452529942466 -4.89433262767871 364.317484300537 70599990.5632841 -19152783.6928721
-0.2235 0.000607159306181927 -0.00274717382200673 -4.89726771071103 364.294026861589 70598868.8630066 -19152738.9569917
-0.22355 0.00143046803793063 0.00206794895158309 -4.89568364561081 364.270569422641 70600406.9205854 -19152745.8911466
-0.2236 -0.00101371533223691 -0.00108147260902183 -4.89828374100182 364.247111983693 70598868.2447923 -19152682.4779174
-0.22365 0.000936512639534577 0.00100995663317016 -4.90034178868624 364.223654544745 70599176.9895508 -19152670.2016238
-0.2237 -0.000815155488910719 -0.000162314803630767 -4.9017222582527 364.200197105797 70598444.0995288 -19152695.7633627
-0.22375 0.000424021975376287 -0.000274594193035878 -4.90219921527175 364.176739666849 70598586.2689348 -19152735.7945394
-0.2238 0.00111991375352364 -0.000678313198846907 -4.90469139748979 364.153282227901 70598636.8436324 -19152587.2304564
-0.22385 -0.0016394122506844 0.000149404475966561 -4.90666538323189 364.129824788953 70597373.96173 -19152658.610134
-0.2239 0.00131221664833733 0.000405056512041508 -4.90558074041386 364.106367350005 70598446.7029336 -19152574.158737
-0.22395 -0.00224417984885639 -0.00103603980592719 -4.90918108259002 364.082909911057 70596803.0188297 -19152644.1302322
-0.224 0.00207623303176097 0.0022830810181919 -4.90816800821045 364.059452472109 70598358.9478372 -19152676.9125797
-0.22405 -0.00103122687566624 -0.00290413999062659 -4.91333647954527 364.035995033161 70595903.4026588 -19152511.3394283
-0.2241 0.00243772277287057 0.00187604192580601 -4.91271719096948 364.012537594213 70597853.5273928 -19152524.6593111
-0.22415 -0.00287171666900501 -0.00208773632871583 -4.91722381449478 363.989080155265 70594723.2348865 -19152489.5480351
-0.2242 0.00175061409771173 0.00402405907288586 -4.91717772266442 363.965622716318 70597122.6408058 -19152536.9668786
-0.22425 -0.00472924435560935 -0.00277975996274525 -4.92251386990512 363.94216527737 70593264.3597973 -19152533.5243316
-0.2243 0.00530221829831935 0.00151057493982658 -4.91797454682372 363.918707838422 70597749.5585765 -19152446.3280109
-0.22435 -0.00323245980685405 -0.00413111849176121 -4.92480168564733 363.895250399474 70593058.4581496 -19152550.2993834
-0.2244 0.00117200422624537 0.00606707207540378 -4.92159943417372 363.871792960526 70597118.9553235 -19152357.7289914
-0.22445 -0.00257719879315039 -0.00416447962979756 -4.93170936370587 363.848335521578 70591671.5355537 -19152416.0389387
-0.2245 0.00428165708374233 0.00285830148977578 -4.92720974642818 363.82487808263 70596102.8615163 -19152372.5680684
-0.22455 -0.00567734544328562 -0.0018430753912631 -4.93093678082884 363.801420643682 70592018.4542325 -19152386.6303564
-0.2246 0.00404670623157415 0.00188721375913233 -4.92787181904732 363.777963204734 70595434.8682641 -19152380.3299985
-0.22465 -0.00281128719560713 -0.00384020276781591 -4.93234157998337 363.754505765786 70592090.3713653 -19152331.7071877
-0.2247 0.000836891670320734 0.00301823306371387 -4.92968304860226 363.731048326838 70595397.8782222 -19152325.9734557
-0.22475 -0.00280587279491817 0.000140843675257999 -4.93503164962855 363.70759088789 70592664.3949545 -19152278.3528796
-0.2248 0.00368368881280474 -0.00154255721181765 -4.93338641090062 363.684133448942 70594197.569229 -19152296.0177028
-0.22485 -0.000732080307768513 9.85695606691972e-05 -4.93628216868386 363.660676009994 70592706.0909605 -19152330.8596487
-0.2249 -0.00253388144483938 0.00221386365446375 -4.93796178019853 363.637218571046 70592494.9458864 -19152302.3843781
-0.22495 0.0013377197601645 -0.00121693232909115 -4.93919031046607 363.613761132098 70592328.3106041 -19152300.7773345
-0.225 5.62171637736792e-05 -0.00176186992761469 -4.94079047744028 363.59030369315 70591906.3103164 -19152176.1508621
-0.22505 -0.00281558672812296 0.00114955281927046 -4.9420498020727 363.566846254202 70591877.5710268 -19152158.3309569
-0.2251 0.00132477721557776 -0.000165487531266907 -4.94240862690119 363.543388815255 70592513.2806119 -19152072.8194144
-0.22515 0.000101002895144613 -0.00203216272190718 -4.94294774789298 363.519931376307 70591608.091636 -19152093.0182409
-0.2252 -0.000540885286280641 0.00345317680662142 -4.94306594703331 363.496473937359 70592395.1115409 -19152151.4667509
-0.22525 -0.00321005514333875 -0.000373431099778977 -4.94616920542722 363.473016498411 70590635.3118299 -19152101.1477961
-0.2253 0.00335203013071982 -0.00264397842492761 -4.94541916491884 363.449559059463 70591858.4642148 -19152081.5192443
-0.22535 -0.00103771374510923 0.0015939671945758 -4.94975767383131 363.426101620515 70591161.1492302 -19151999.7704713
-0.2254 -0.00169945655810993 -0.000291751013455251 -4.95126211506695 363.402644181567 70590757.9731918 -19152028.2642058
-0.22545 0.000683242872302395 -0.000157561022359779 -4.9522377372268 363.379186742619 70590991.3692072 -19151962.7433227
-0.2255 -0.000646292295068089 -0.000353952234505097 -4.95457194985333 363.355729303671 70589589.2207279 -19152082.1531707
-0.22555 1.49523883992114e-05 0.00180139058834139 -4.95714279870672 363.332271864723 70589720.6125746 -19152019.6571664
-0.2256 -0.000356652593114006 -0.00236441040332224 -4.9581702940579 363.308814425775 70589043.0887076 -19152050.5652136
-0.22565 -6.84241543039669e-05 0.00171486073773354 -4.95851050365022 363.285356986827 70590195.3909432 -19151995.144574
-0.2257 9.22652604447877e-05 9.21031762421422e-05 -4.96101409847153 363.261899547879 70589814.8333192 -19151863.5957127
-0.22575 0.00257467138043055 -0.0035913840365509 -4.9621166638535 363.238442108931 70589270.8775405 -19151916.5088941
-0.2258 -0.00236091700750366 0.00322391013966182 -4.96247836416388 363.214984669983 70589142.0687647 -19151919.4138414
-0.22585 -0.00156513339517564 -0.00305119182146056 -4.96582369741308 363.191527231035 70587663.1024098 -19151875.2753037
-0.2259 0.0036658448299534 0.000548675518753121 -4.96382343282623 363.168069792087 70589687.0465193 -19151975.3557442
-0.22595 -0.00382530047873873 -0.00161642577766064 -4.96959695538917 363.144612353139 70586796.2343281 -19151837.5663212
-0.226 0.00213891289323325 0.00306474457527028 -4.967856413199 363.121154914191 70590149.2764552 -19151740.6941938
-0.22605 -0.00244855276417639 -0.00365032588394531 -4.97378671413939 363.097697475244 70586037.1894409 -19151783.7034312
-0.2261 0.00325243100244872 0.0028744356121397 -4.96920942545089 363.074240036296 70589700.8979653 -19151845.3369924
-0.22615 -0.0047519904017251 -0.00325710354143506 -4.97585438683574 363.050782597348 70584763.9339586 -19151952.2669449
-0.2262 0.00627033563503675 0.0020189552055484 -4.97312983874835 363.0273251584 70588966.4164919 -19151873.3923841
-0.22625 -0.00515101105294014 -0.00254418118610962 -4.98072999334692 363.003867719452 70584391.826143 -19151813.6321673
-0.2263 0.00276033575179755 0.0036337338027152 -4.97698377165874 362.980410280504 70588660.6115931 -19151671.2886585
-0.22635 -0.0020664384655388 -0.00433181467606863 -4.98224137975805 362.956952841556 70584534.7761733 -19151650.7943381
-0.2264 0.00253590393720992 0.00152959462062009 -4.97968605301272 362.933495402608 70587145.0738958 -19151721.518788
-0.22645 -0.00419681526731191 0.000628524267527922 -4.98384066498634 362.91003796366 70584386.5867444 -19151786.7471407
-0.2265 0.00301432013325933 -0.000861944369992153 -4.98373668580533 362.886580524712 70585787.6955663 -19151826.3560061
-0.22655 0.00102113389426499 -0.00180307072352215 -4.98573164068124 362.863123085764 70584704.0749912 -19151759.209566
-0.2266 -0.00429563750676061 0.00315266830813502 -4.98582641307316 362.839665646816 70584974.1954993 -19151622.1763935
-0.22665 0.00315429080307027 -0.00263347066138445 -4.98819245387926 362.816208207868 70585039.1036033 -19151600.0465647
-0.2267 0.00267712155284094 -0.00328273161445067 -4.98910524868301 362.79275076892 70584693.3309829 -19151589.1345346
-0.22675 -0.00354783822776154 0.00423746406734609 -4.98988428425897 362.769293329972 70584703.2563209 -19151649.2599062
-0.2268 -0.000587923623954521 -0.000815916056908405 -4.9911901707347 362.745835891024 70583717.3847768 -19151733.9431009
-0.22685 0.00316833560050266 -0.00209554868696445 -4.9931656240306 362.722378452076 70584063.8242402 -19151667.821751
-0.2269 -0.000905020939807295 -0.00055769273624263 -4.99485498609173 362.698921013128 70583035.1803498 -19151613.8092829
-0.22695 -0.00241542690487637 0.00344232308610859 -4.99392203768886 362.675463574181 70584536.7934298 -19151514.1546099
-0.227 0.000829807084981762 -0.00374744121752991 -4.99677155849148 362.652006135233 70582968.2813713 -19151508.2579959
-0.22705 -0.000428827061018567 0.00220435472870984 -4.99676554804452 362.628548696285 70583926.8005213 -19151498.4711909
-0.2271 -0.00166018064109919 -0.00211660452681123 -4.99924670637584 362.605091257337 70582288.4021067 -19151469.3571694
-0.22715 0.00166292650321456 0.000659219822726633 -4.99735047247175 362.581633818389 70583748.8052179 -19151631.7134058
-0.2272 -0.00219120738039212 -0.00053099759490237 -5.0017633660451 362.558176379441 70581979.7931942 -19151508.1218352
-0.22725 0.00265655690200937 -6.77819338639415e-05 -5.00208005560459 362.534718940493 70583317.6725648 -19151527.758049
-0.2273 -0.00380603029909382 0.000213197533774708 -5.0029764755062 362.511261501545 70581732.152499 -19151467.7238054
-0.22735 0.00316076661488782 0.00153608897222996 -5.00166275047846 362.487804062597 70583660.9644842 -19151467.2112335
-0.2274 -0.00191751189188794 -0.00311821799083596 -5.00562866490132 362.464346623649 70580649.8260822 -19151460.1490174
-0.22745 -0.00142366813147357 0.0040711058366131 -5.0031549840978 362.440889184701 70583014.423948 -19151433.0398188
-0.2275 0.000551276846926987 -0.00311344583399163 -5.00802765481086 362.417431745753 70580481.8890374 -19151516.2415495
-0.22755 0.00183794091016834 0.00202782108614564 -5.00490230848196 362.393974306805 70582422.9346753 -19151574.3230881
-0.2276 -0.000831685768153124 -0.000255912103324575 -5.0084547622574 362.370516867857 70580657.5129621 -19151535.8545721
-0.22765 -0.00105648129729309 0.00152628414924714 -5.00853637940817 362.347059428909 70581400.2780432 -19151455.196754
-0.2277 0.00123112513425343 -0.00171524797679278 -5.01055396975132 362.323601989961 70580531.1851852 -19151512.6938149
-0.22775 0.00190572538035979 -0.000358797143359168 -5.01004369223869 362.300144551013 70580849.8176443 -19151426.7423602
-0.2278 -0.00249531789366674 0.0016089126232743 -5.01181446766913 362.276687112065 70580128.1229407 -19151442.7039885
-0.22785 -0.000732177382578495 2.13532797737558e-05 -5.01257036942216 362.253229673118 70580368.2129995 -19151422.3723422
-0.2279 0.000744262355741139 -0.000721927986100649 -5.01253448593184 362.22977223417 70580631.5150508 -19151399.73855
-0.22795 0.000472026875247424 6.20550468402218e-05 -5.01309289657624 362.206314795222 70580437.4347487 -19151439.3932609
-0.228 -0.00179517464743174 0.000183938276412725 -5.01539162695931 362.182857356274 70579573.1900528 -19151412.0573557
-0.22805 -0.0013885896383519 -0.00134766932983815 -5.01642874114392 362.159399917326 70579166.4668715 -19151423.5055176
-0.2281 0.00153599960930698 -0.00180006902285424 -5.01805585007135 362.135942478378 70579153.6932209 -19151472.1439084
-0.22815 -0.00114839208259295 0.00164354300776784 -5.01926201334653 362.11248503943 70579018.9936315 -19151396.8784734
-0.2282 -0.00141005957543694 -0.000162554685632507 -5.02207088088801 362.089027600482 70578204.6767475 -19151441.1342943
-0.22825 0.00194551358047043 0.000353681771545799 -5.02125552015366 362.065570161534 70578984.4665669 -19151347.4839778
-0.2283 0.000265178411754335 -0.00160229034037187 -5.02458325659021 362.042112722586 70577909.9618473 -19151364.0934673
-0.22835 -0.00180533117346821 0.00389947660287517 -5.02348343313845 362.018655283638 70578736.2869413 -19151379.1699053
-0.2284 0.00134048602355233 -0.00475391730814714 -5.02761952449011 361.99519784469 70576703.0006071 -19151399.5498215
-0.22845 0.00140236713527333 0.00286307376899828 -5.02438384963651 361.971740405742 70578637.0470582 -19151427.8055182
-0.2285 -0.00620723803794357 0.00202654265385497 -5.02846402550809 361.948282966794 70576341.151876 -19151318.1573106
-0.22855 0.00722740008050443 -0.00354250184620072 -5.02890892174317 361.924825527846 70578182.264815 -19151285.0475577
-0.2286 -0.00302719067622916 -0.00371280099353431 -5.03340111955264 361.901368088898 70575183.7977889 -19151255.146271
-0.22865 -0.00148599648278519 0.00781636843739024 -5.03002639052984 361.87791064995 70578818.0942418 -19151238.1661957
-0.2287 -0.000848429076915448 -0.00633340969708347 -5.03773513177741 361.854453211002 70573890.659548 -19151247.2445357
-0.22875 0.00424908654260175 0.00184491992950157 -5.03386462669356 361.830995772055 70577512.5674966 -19151324.5752799
-0.2288 -0.00658678404127017 -0.000787680233308177 -5.04022828132411 361.807538333107 70573538.0213261 -19151353.2361574
-0.22885 0.00360902219053412 0.000308311685794382 -5.03772135346524 361.784080894159 70576907.2036537 -19151271.3043598
-0.2289 -0.000478556563165029 -0.00228076826188725 -5.04210693823249 361.760623455211 70574307.6676825 -19151270.7244586
-0.22895 -0.000299156819280703 0.00239438929014231 -5.04170810400808 361.737166016263 70575764.6507489 -19151088.7053186
-0.229 -0.00175062365217218 -0.00245135723607388 -5.04481658416169 361.713708577315 70573582.7971778 -19151175.7632879
-0.22905 0.00171938648855121 0.00129813189993129 -5.0418410547726 361.690251138367 70575877.7442824 -19151237.298693
-0.2291 -0.00149640209301472 -0.00169719245478297 -5.0468130315817 361.666793699419 70573430.628469 -19151215.7831886
-0.22915 0.00178669843386138 0.00149243729042513 -5.04426185425445 361.643336260471 70575354.5674443 -19151265.631587
-0.2292 -0.00256132850753243 -0.0017031329167341 -5.04920334375692 361.619878821523 70572987.5023363 -19151160.5691524
-0.22925 0.00285075499075558 0.00226619747526019 -5.04668832494296 361.596421382575 70575700.3604154 -19151134.7103549
-0.2293 -0.00116170253626212 -0.00239036765689433 -5.05106404618754 361.572963943627 70572888.2849211 -19151092.5917846
-0.22935 0.00254035879961079 0.00197832851077183 -5.04970982276579 361.549506504679 70574684.6348211 -19151134.4877064
-0.2294 -0.00279332584631145 -0.00119971899392567 -5.05376184301155 361.526049065731 70571777.6596326 -19151213.4872533
-0.22945 0.00241526893636928 0.00455069921600313 -5.05029286297164 361.502591626783 70574784.3837964 -19151151.2487799
-0.2295 -0.00157985001065302 -0.00462500830755469 -5.05412908200409 361.479134187835 70571627.9209918 -19151080.0470973
-0.22955 0.0021521678574973 0.00271904144575873 -5.05203470286753 361.455676748887 70574782.7178456 -19150906.3740798
-0.2296 -0.00205834752442768 -0.00220856942519744 -5.05620076594508 361.432219309939 70571773.6724586 -19151009.2302661
-0.22965 0.00288471370357244 0.000889984127408586 -5.05420409699562 361.408761870991 70573802.7591672 -19151000.3213478
-0.2297 -0.00237404283756051 -0.000608068414344429 -5.05840703276618 361.385304432044 70571161.3006297 -19151131.1800907
-0.22975 0.00147786785320607 0.00166617441562268 -5.0559651616241 361.361846993096 70572935.3874441 -19151175.8298179
-0.2298 0.000847940585817714 -0.00306030606529072 -5.05904255543518 361.338389554148 70571184.3843525 -19151058.1380043
-0.22985 -8.91940318235915e-05 0.0021053347533271 -5.05833119235999 361.3149321152 70572852.7139851 -19150918.7350254
-0.2299 -0.00372185695731278 0.00163629521231317 -5.0620923575153 361.291474676252 70571314.8094243 -19150851.6536407
-0.22995 0.00365638831127707 -0.000933288956796276 -5.06200607565588 361.268017237304 70572567.2732316 -19150908.3875119
-0.23 -0.000748732659748046 -0.000824741869283894 -5.06567495035322 361.244559798356 70570374.1579001 -19150932.1046985
-0.23005 -0.00188543561623797 0.00551245772569411 -5.06272100752279 361.221102359408 70572175.2860014 -19151056.0416525
-0.2301 0.00252333735470549 -0.0052169937599434 -5.06753695060242 361.19764492046 70569745.630488 -19151005.2333483
-0.23015 0.00101719129738396 0.00247566392006029 -5.06786088093719 361.174187481512 70571399.4573856 -19150803.8903592
-0.2302 -0.00265529808589123 -0.000527987844930463 -5.07158218411562 361.150730042564 70569510.5260701 -19150638.733213
-0.23025 0.000246552499489486 0.000847994821473941 -5.0698371536213 361.127272603616 70571098.187424 -19150534.6964788
-0.2303 -0.00117632708499124 -0.000661536655010997 -5.07149881957282 361.103815164668 70569770.676868 -19150671.0932264
-0.23035 0.00165697099714827 -0.00151304687069341 -5.07319635314177 361.08035772572 70569882.5803493 -19150754.2175758
-0.2304 -0.00178803449636921 0.00129656170215812 -5.07617608027321 361.056900286772 70568726.0436279 -19150718.8356845
-0.23045 0.00148396701789476 -0.00144711640608538 -5.07591775379296 361.033442847824 70568874.7609487 -19150758.3520619
-0.2305 0.000883323642506615 -0.00126123093106754 -5.07716567273979 361.009985408876 70569074.3126523 -19150622.3157761
-0.23055 -0.00128742366667561 0.00292087506460232 -5.07724584208988 360.986527969928 70569669.7976736 -19150521.004615
-0.2306 -0.00134430924138383 6.3422724205622e-05 -5.07820818649558 360.963070530981 70569019.014806 -19150540.0199696
-0.23065 0.00324375415898339 -0.00297324761905432 -5.07927699850687 360.939613092033 70569403.1344978 -19150541.6623982
-0.2307 -0.000660869585028104 -0.000455333676041903 -5.08108368078745 360.916155653085 70567835.8290718 -19150751.6601386
-0.23075 -0.00314489659799639 0.0027999120734411 -5.08333089715286 360.892698214137 70567783.5545317 -19150594.2012984
-0.2308 0.00159431568583706 -0.00382405015378445 -5.08553052712588 360.869240775189 70566998.9490592 -19150514.0429318
-0.23085 -0.000907305410399463 0.00087509935706869 -5.08487648165612 360.845783336241 70568037.2219343 -19150484.0009073
-0.2309 -0.000240110255142345 -2.30615894711519e-05 -5.08821377140437 360.822325897293 70567154.8345312 -19150567.069471
-0.23095 0.000824690781958288 0.000409689892052334 -5.08806438214964 360.798868458345 70567331.1609851 -19150525.0766769
-0.231 -0.000738874214479081 -0.00091058251666448 -5.08988861171274 360.775411019397 70566378.8395814 -19150529.61531
-0.23105 0.00198998522144342 0.000114463004968058 -5.09214083453602 360.751953580449 70566620.7488982 -19150579.977785
-0.2311 -0.00295772385089424 -0.000131029612837591 -5.09572939220561 360.728496141501 70564853.5881985 -19150588.1084519
-0.23115 0.00280561082825083 0.0017587374720171 -5.0936765580404 360.705038702553 70567251.6098243 -19150491.399988
-0.2312 -0.000675884059194949 -0.00275470764809099 -5.09821576784158 360.681581263605 70564980.374569 -19150502.3411635
-0.23125 0.000139287157105706 0.0030969871027967 -5.0974563237394 360.658123824657 70566219.1493157 -19150510.6847401
-0.2313 -0.00112003813622502 -0.00147538102675302 -5.09825175517369 360.634666385709 70565043.5733496 -19150466.0252932
-0.23135 0.0024754950688466 -7.21671917713021e-05 -5.09985282706246 360.611208946761 70565345.0059633 -19150497.5205919
-0.2314 -0.0017334267696593 -0.000288525639082567 -5.10261987758693 360.587751507813 70564328.6928658 -19150394.0751041
-0.23145 0.00214488241036923 -0.000125437539285066 -5.09995528042058 360.564294068865 70565649.9563718 -19150477.4639795
-0.2315 -0.00150960019190309 -0.00133704749931566 -5.10483221305857 360.540836629918 70563797.2494493 -19150370.0117453
-0.23155 0.000344214121523539 0.00224643569591574 -5.10363806505128 360.51737919097 70565279.7791945 -19150360.3318164
-0.2316 -0.00148099175201044 -0.00193137522722726 -5.10848532314303 360.493921752022 70562726.8201396 -19150338.4399211
-0.23165 0.00308932614105964 0.000282478375645321 -5.10764558380793 360.470464313074 70564415.2939171 -19150357.1986403
-0.2317 -0.00619541065252546 -0.00058779108278395 -5.11103484941082 360.447006874126 70561680.7345998 -19150259.4984486
-0.23175 0.00268916256431491 0.00176098055546739 -5.10677714717721 360.423549435178 70564978.4064374 -19150285.0429314
-0.2318 -0.00126946340107431 -0.00518122948215665 -5.10897403675027 360.40009199623 70562518.0450423 -19150250.9263462
-0.23185 0.00157823699868356 0.00430834492218743 -5.10439478835971 360.376634557282 70565790.5963379 -19150278.5395594
-0.2319 -0.00157987045134263 -0.00411835123085486 -5.11087910843871 360.353177118334 70561991.4569339 -19150257.7327321
-0.23195 0.00271736918791458 0.00363913975945915 -5.10753724175693 360.329719679386 70565023.0072377 -19150337.5157405
-0.232 -0.00229130841582106 -0.00236339234229357 -5.11256170270581 360.306262240438 70561782.2218156 -19150342.4469176
-0.23205 0.00187951889799047 0.00142694813679114 -5.11049651320751 360.28280480149 70563837.8498727 -19150336.4424955
-0.2321 -0.00120389230793177 -0.000783345816654995 -5.11282844639608 360.259347362542 70562656.7884094 -19150244.6745047
-0.23215 0.00118838546223933 0.00138592309569931 -5.11173069510231 360.235889923594 70564370.950611 -19150140.0006747
-0.2322 -0.00178613504764828 -0.00167632928045481 -5.11504664657641 360.212432484646 70562067.7286705 -19150209.2803836
-0.23225 0.00380667003200182 -0.00050517502616328 -5.11245356116539 360.188975045698 70563830.8856774 -19150219.8959003
-0.2323 -0.00338016631357166 -0.00152926185541345 -5.11718027422077 360.16551760675 70561243.9385415 -19150228.7440565
-0.23235 0.00161290071645931 0.00290611031077544 -5.11370674262639 360.142060167802 70563700.0788026 -19150231.4020116
-0.2324 -0.00413562865906717 -0.00159251341717602 -5.11953056871834 360.118602728855 70560333.9597876 -19150213.5790071
-0.23245 0.00406279246677485 0.00224532325305177 -5.11237310309926 360.095145289907 70564841.1159621 -19150157.6419077
-0.2325 -0.00357869196982699 -0.00300390649888907 -5.11879933387148 360.071687850959 70560670.5576984 -19150136.66758
-0.23255 0.0018930056915014 0.00470060007396487 -5.11333323579624 360.048230412011 70564488.8540565 -19150163.6931829
-0.2326 -0.00363614221846542 -0.00417188646760434 -5.11948829743508 360.024772973063 70560574.3635747 -19150195.5222033
-0.23265 0.00319581865539918 0.00120198286755177 -5.11560516157901 360.001315534115 70564075.9144681 -19150146.563731
-0.2327 -0.00450273964886292 -0.00101835521465531 -5.12003378113341 359.977858095167 70560695.7261926 -19150147.4636799
-0.23275 0.00368847992092654 0.000175213567620566 -5.11748040493096 359.954400656219 70563620.4693797 -19150065.1983866
-0.2328 -0.00237734584118222 -0.000679208243204744 -5.12175603722363 359.930943217271 70560921.4121509 -19150152.805087
-0.23285 -0.0016111410978786 0.00317890783298827 -5.12125977388511 359.907485778323 70562053.4798557 -19150115.4513251
-0.2329 -0.000100499017878072 -0.00268432539950409 -5.12403860233534 359.884028339375 70560830.5920091 -19150088.4513548
-0.23295 0.00211580667267112 0.00131843443577804 -5.12340890082206 359.860570900427 70562230.3126615 -19150141.2237596
-0.233 -0.00196420534012491 -0.00276278209003293 -5.12770755664096 359.837113461479 70560117.0432482 -19149962.0722045
-0.23305 0.0016153402418286 0.000748568872380626 -5.1265228585035 359.813656022531 70561896.341319 -19150087.0167343
-0.2331 0.000552806940612212 -0.00057930750280618 -5.12847083287943 359.790198583583 70560746.8405215 -19150022.8004762
-0.23315 -0.000676848354744642 0.00210999998503583 -5.12837717348447 359.766741144635 70561149.7510929 -19150000.6303368
-0.2332 -0.000308254289975484 -0.00128626870015039 -5.13087909587841 359.743283705687 70559295.4470442 -19150067.5292029
-0.23325 0.000288023190261957 0.00118605187302468 -5.12964993076055 359.719826266739 70560582.9541683 -19150001.9913764
-0.2333 -0.00103380543964136 -0.00039258500921463 -5.13369810205306 359.696368827792 70559354.2007062 -19149985.3678271
-0.23335 0.0017709873199837 -0.00120571476362352 -5.13445568369741 359.672911388844 70559676.2809152 -19149908.3274049
-0.2334 -0.000171194338499182 0.00104020652356593 -5.1350359494529 359.649453949896 70559953.0686738 -19149888.0474102
-0.23345 0.000154901090185919 0.000425856109556864 -5.13558198143845 359.625996510948 70559528.5046725 -19149890.5254197
-0.2335 -0.00150342433802414 0.000855251155035436 -5.13896376478132 359.602539072 70558662.8617028 -19149874.3487035
-0.23355 0.00294007156496802 -0.000592434043562957 -5.13852176746043 359.579081633052 70559482.2048791 -19149917.7263464
-0.2336 -0.000551880140920311 -0.000551249052032456 -5.13894861328068 359.555624194104 70558656.088636 -19149879.3941177
-0.23365 -0.00104899603154908 0.00177293409532233 -5.14018407539981 359.532166755156 70558977.2410072 -19149796.6823608
-0.2337 -0.000254884433896253 0.00178472327335418 -5.14091039691753 359.508709316208 70559013.4359315 -19149895.4410109
-0.23375 -0.000332912239113455 -0.00110827227085638 -5.14367482001864 359.48525187726 70557926.7930329 -19149831.3678929
-0.2338 0.00291095280546944 -0.000751653408004323 -5.14251768920757 359.461794438312 70559018.690339 -19149762.6933409
-0.23385 -0.00347154537085557 0.00187304250702928 -5.14413218823824 359.438336999364 70557566.8079484 -19149743.6072165
-0.2339 0.00367351580387915 -0.000950518896052875 -5.14077862945427 359.414879560416 70559661.3330583 -19149755.4008649
-0.23395 -6.70263873410696e-05 -0.00254554969436743 -5.14594690958423 359.391422121468 70557132.9548104 -19149728.3762121
-0.234 -0.000897096169045648 0.00433346238411808 -5.14553812482251 359.36796468252 70558747.9878761 -19149642.5247187
-0.23405 -7.92155330020799e-05 -0.00343500305650624 -5.14767356092422 359.344507243572 70556727.0354961 -19149671.7732877
-0.2341 0.00245714922771123 0.0014842522752519 -5.14667001996808 359.321049804624 70558871.9413514 -19149614.6169779
-0.23415 -0.0053849983477671 0.000756152246767402 -5.15089896276047 359.297592365676 70555894.6398109 -19149637.323134
-0.2342 0.00484260918722471 0.000566247013660533 -5.14758378689411 359.274134926728 70558856.756568 -19149676.7421533
-0.23425 -0.00171035171553145 -0.00434551009378551 -5.15232454275828 359.250677487781 70555681.9023958 -19149577.6060008
-0.2343 -0.000359262673677435 0.00461958234713362 -5.15045038155729 359.227220048833 70558461.1740754 -19149584.35928
-0.23435 -0.000184961423408865 -0.00306829918535776 -5.1541423710178 359.203762609885 70556177.035409 -19149552.0720798
-0.2344 0.00244087213263934 -0.000196625967277037 -5.15228987884516 359.180305170937 70557817.6897214 -19149569.2956828
-0.23445 -0.0035090944257064 -0.00071293511001361 -5.15338280160127 359.156847731989 70555824.4194942 -19149567.0417601
-0.2345 0.00323816444552097 -5.00632178993699e-05 -5.15322834266574 359.133390293041 70557396.8834365 -19149596.3070176
-0.23455 -0.00266359190649753 3.62906883266348e-05 -5.15639832403167 359.109932854093 70555638.7087864 -19149538.3824628
-0.2346 0.00298294387197234 0.00099613379110646 -5.15395727189561 359.086475415145 70557646.6240075 -19149496.8671673
-0.23465 -0.00350137154122849 -0.00202640645865215 -5.15950648794754 359.063017976197 70554782.840222 -19149402.0789332
-0.2347 0.00310892431402455 0.00248330936706546 -5.15899960241367 359.039560537249 70557169.6398631 -19149439.533707
-0.23475 -0.0032716277012433 -0.00345514482507381 -5.16480190904696 359.016103098301 70553027.5734123 -19149439.8208369
-0.2348 0.00209739126615944 0.00399619053641767 -5.15854301106231 358.992645659353 70557174.1422691 -19149508.373096
-0.23485 -0.002000521810576 -0.0060351574376355 -5.16561294131088 358.969188220405 70552675.0606222 -19149470.3664847
-0.2349 0.00239210850946992 0.00607747560145354 -5.16156983108129 358.945730781457 70557206.744263 -19149379.9966824
-0.23495 -0.00319210028319598 -0.00426263118592308 -5.16916365833208 358.922273342509 70552195.2113656 -19149325.6279305
-0.235 0.00238025637980634 0.00347985808922417 -5.1663020490707 358.898815903561 70555629.8206548 -19149308.8751999
-0.23505 -0.00267149558623983 -0.00268847628707284 -5.17060868237157 358.875358464613 70552370.7766163 -19149354.374684
-0.2351 0.00253413977412002 0.00406535648808931 -5.16752885041397 358.851901025665 70555823.4120367 -19149317.9665122
-0.23515 -0.00269953076741576 -0.00562390536648755 -5.17485285549453 358.828443586718 70550982.8265896 -19149275.7114739
-0.2352 0.00300541280821702 0.00395794895862656 -5.17011249797724 358.80498614777 70555748.0828944 -19149208.6089407
-0.23525 -0.00480461327266896 -0.00170137439450563 -5.17509292574515 358.781528708822 70551869.9009695 -19149226.1667254
-0.2353 0.00287711069561725 0.00209905838842439 -5.17243581107522 358.758071269874 70554762.766431 -19149213.3682097
-0.23535 -0.00313179072205882 -0.00334577390197976 -5.17827044605351 358.734613830926 70551052.1415091 -19149223.4158591
-0.2354 0.00384134273275689 0.00324899962423459 -5.17380254703038 358.711156391978 70554631.0429854 -19149311.2242514
-0.23545 -0.0034227861239545 -0.00450559995177387 -5.18121272064275 358.68769895303 70549968.199196 -19149269.9553738
-0.2355 0.00379330852390177 0.00443467342390298 -5.17564112679627 358.664241514082 70554953.1353395 -19149220.6596865
-0.23555 -0.00411196053436826 -0.00365997135461732 -5.18311424171731 358.640784075134 70549816.6677064 -19149177.584969
-0.2356 0.00544858292614933 0.00207823223643422 -5.17808135530391 358.617326636186 70554687.8346451 -19149033.3551626
-0.23565 -0.00275352968566688 -0.00444065138592272 -5.1845026232321 358.593869197238 70549906.171916 -19149077.1153418
-0.2357 0.00200862349524039 0.00543309515513555 -5.18168481732216 358.57041175829 70553439.9117169 -19149197.9280841
-0.23575 -0.00249282687949584 -0.0038203316679114 -5.18712128450541 358.546954319342 70549291.7510238 -19149174.9774448
-0.2358 0.00477198356871438 0.000703344137039946 -5.18418144347794 358.523496880394 70552867.5521823 -19149138.1967307
-0.23585 -0.00549277138157991 0.000226491929952329 -5.1884189669589 358.500039441446 70549861.1018444 -19149042.2920972
-0.2359 0.00195392605982055 0.00309628597783631 -5.18580960716288 358.476582002498 70553169.8627613 -19148984.7411276
-0.23595 -0.00116257694150568 -0.00445736813044259 -5.19085637537658 358.45312456355 70549434.20757 -19149016.7126773
-0.236 0.000641455040020035 0.00509214509543469 -5.18628603558564 358.429667124602 70552606.5882774 -19149013.4853158
-0.23605 -0.00279327821808123 -0.00305392958330566 -5.19041925092839 358.406209685655 70549094.4774116 -19149112.0457631
-0.2361 0.00518775982731692 0.00056128031472236 -5.18637932056095 358.382752246707 70552920.7059263 -19149033.4928619
-0.23615 -0.00283584200522397 -0.00273496656094993 -5.1923573137339 358.359294807759 70549358.8018144 -19149009.3903453
-0.2362 -0.000137724685422902 0.00649154416796544 -5.18910110320757 358.335837368811 70552590.8505703 -19148857.2807777
-0.23625 -0.000511724992959324 -0.00725914055292469 -5.19433334534003 358.312379929863 70548366.0447664 -19148975.7102389
-0.2363 0.00334951802304269 0.00354020560948089 -5.1902685957597 358.288922490915 70552520.2940084 -19148822.135292
-0.23635 -0.00682520703041326 -0.00197761915213465 -5.19745689144321 358.265465051967 70547264.9175809 -19148983.8184079
-0.2364 0.00405272294924292 0.00234354094271393 -5.19154207814925 358.242007613019 70552419.7520452 -19148941.9955874
-0.23645 -0.00281848108437407 -0.00258876678634424 -5.19632414346048 358.218550174071 70548935.1209666 -19148886.5998186
-0.2365 0.00146202109170359 0.00327206220991239 -5.19563967489156 358.195092735123 70551628.0057298 -19148755.2161911
-0.23655 -0.000371024399025472 -0.00426178349452995 -5.19948021868651 358.171635296175 70548899.2658045 -19148851.8714357
-0.2366 0.000869263076014873 0.00404127953201717 -5.19517948018331 358.148177857227 70551626.0836915 -19148802.8212891
-0.23665 -0.00289929400332529 -0.00267654633162841 -5.19951913511011 358.124720418279 70547732.7383576 -19148917.8258458
-0.2367 0.00308523873556736 0.00298871116159479 -5.1976321892905 358.101262979331 70550739.1068924 -19148882.4986973
-0.23675 -0.000776742504829222 -0.0050238184173261 -5.20280421802323 358.077805540383 70547346.9337631 -19148805.6580697
-0.2368 -0.000720404073032203 0.00440486407930183 -5.20017487615088 358.054348101435 70550195.8151883 -19148770.5272531
-0.23685 -0.000572909560552325 -0.00090789841296733 -5.20327593412469 358.030890662487 70548389.0129558 -19148814.5339561
-0.2369 0.0041188831896313 -0.00156022854628861 -5.20328889357082 358.007433223539 70549178.617955 -19148775.58842
-0.23695 -0.00241830190794944 0.000146736767125094 -5.2034118574585 357.983975784592 70547692.4761651 -19148801.2732692
-0.237 -0.00072370215929105 0.00286445332773298 -5.20393627197519 357.960518345644 70549074.7203614 -19148784.9517777
-0.23705 0.000179281474501461 -0.00136615246616858 -5.20538032823575 357.937060906696 70548286.404307 -19148770.3354018
-0.2371 0.00337622544275079 0.000627128500061978 -5.20421592936817 357.913603467748 70549928.1664075 -19148725.3892796
-0.23715 -0.00318278835655293 -0.00121000197421707 -5.20774266498754 357.8901460288 70547359.7038389 -19148729.6933086
-0.2372 0.000464657582861675 0.00377907808296875 -5.20314828484939 357.866688589852 70550379.8262519 -19148698.5148279
-0.23725 -2.5085551932374e-05 -0.00446934853205122 -5.20732971233209 357.843231150904 70546929.8223891 -19148783.2985769
-0.2373 0.00184239787056604 0.0033180353129282 -5.20477773853767 357.819773711956 70549702.7352319 -19148738.5568885
-0.23735 -0.00634590905947666 -0.00171819517402513 -5.21115171883538 357.796316273008 70545676.7310475 -19148729.7218834
-0.2374 0.0052387169427455 0.000715258152253677 -5.2051790453449 357.77285883406 70550314.1143537 -19148712.3597007
-0.23745 -0.0011642954689535 -0.00372591938611273 -5.21101348140925 357.749401395112 70546642.1243282 -19148777.3718783
-0.2375 0.000516533655345527 0.00640187825871327 -5.20696129285822 357.725943956164 70550344.0899061 -19148658.6058629
-0.23755 -0.00451929154384563 -0.00584551130956601 -5.21251680750454 357.702486517216 70544977.369378 -19148782.9817514
-0.2376 0.00634198705866296 0.00293069440610104 -5.20842853378573 357.679029078268 70549957.758884 -19148793.7032719
-0.23765 -0.00588049532536603 -0.003373978054726 -5.21519032074065 357.65557163932 70544626.6821075 -19148809.5237642
-0.2377 0.00356487837634793 0.00568664400126706 -5.20779221821279 357.632114200372 70550669.6746727 -19148719.5052325
-0.23775 -0.00357799384962234 -0.00546096012734055 -5.21536282377644 357.608656761424 70545498.9816699 -19148657.2374205
-0.2378 0.00312126883875483 0.00543538536920651 -5.21079634836965 357.585199322476 70549663.5230219 -19148680.5072949
-0.23785 -0.00213990980731406 -0.00488289532222474 -5.21729365265147 357.561741883528 70544884.408018 -19148720.4643581
-0.2379 0.0029145949567699 0.00232665841228807 -5.21480928602197 357.538284444581 70547933.8961046 -19148733.2435397
-0.23795 -0.00270222065565335 -0.00163121137998412 -5.21667063997898 357.514827005633 70545618.1917236 -19148676.898611
-0.238 0.00248968609833574 0.000576549353984926 -5.21677878345355 357.491369566685 70547494.2625822 -19148571.1553437
-0.23805 -0.00165600941624828 0.000791465068359283 -5.21845731297297 357.467912127737 70546445.1075238 -19148532.9683654
-0.2381 0.000646788557169312 -0.000887059235622819 -5.21880803615435 357.444454688789 70547162.5048044 -19148450.5613418
-0.23815 0.000949866128577915 -0.00161538822452285 -5.21912538493836 357.420997249841 70546587.7021361 -19148556.97266
-0.2382 -0.00217445713413501 7.5558390252899e-06 -5.2201046315117 357.397539810893 70545879.2078478 -19148578.7973493
-0.23825 0.00188735010132609 -0.000601348279241082 -5.22126245420989 357.374082371945 70546369.690039 -19148586.7036166
-0.2383 0.000984127201821036 -0.000576194673246253 -5.22304337562932 357.350624932997 70546289.2270368 -19148475.6241948
-0.23835 -0.00237427623993416 0.00046646242477543 -5.22674197918514 357.327167494049 70545211.3669749 -19148359.9325897
-0.2384 0.00136873045056241 -0.00113144129092605 -5.22696374515989 357.303710055101 70545640.3551404 -19148351.0682533
-0.23845 0.000114926086211051 -0.00109776598622385 -5.22730165168234 357.280252616153 70545319.3432473 -19148370.423588
-0.2385 0.000995723917412201 0.000565272170413988 -5.22682394034013 357.256795177205 70545469.1585308 -19148504.7131977
-0.23855 -0.00151867407619675 -0.000257336729835871 -5.23054580773836 357.233337738257 70543953.0334056 -19148512.1118612
-0.2386 0.000993548562371506 0.00163565947324815 -5.22849839619609 357.209880299309 70545636.6226845 -19148534.696743
-0.23865 -0.000748322702099306 -0.00196655555143678 -5.23024463569193 357.186422860361 70544354.073074 -19148417.2845626
-0.2387 0.000904483542663729 1.13150969846418e-05 -5.23154878105198 357.162965421413 70545631.8446468 -19148256.5617137
-0.23875 0.0015621485070693 -0.00054956744521575 -5.23303719083169 357.139507982465 70544410.7563918 -19148359.8882739
-0.2388 -0.000574446189568855 0.000416959477536667 -5.23449968938785 357.116050543518 70543598.6687891 -19148436.8224246
-0.23885 -7.87077034276202e-05 0.00132312106176558 -5.23468613509985 357.09259310457 70543967.3780846 -19148431.8900849
-0.2389 -0.000409035247056735 -0.00254543087606732 -5.23468414035135 357.069135665622 70542938.8653227 -19148455.9673616
-0.23895 0.00190011767981548 0.00303711053015471 -5.23416070841914 357.045678226674 70545147.3130776 -19148254.3882436
-0.239 -0.00209204899107098 -0.00264690682957176 -5.23852722130851 357.022220787726 70542384.0903905 -19148214.4528587
-0.23905 0.00429521249908003 0.00234408218674924 -5.23522011321897 356.998763348778 70545924.3233261 -19148179.85459
-0.2391 -0.00424546758641795 -0.0044455992178392 -5.24184270567173 356.97530590983 70540955.4430871 -19148146.139778
-0.23915 0.00289653814559947 0.00448990437188955 -5.23626122310078 356.951848470882 70545189.9897145 -19148352.6333021
-0.2392 -2.42964516098337e-05 -0.00445506969589975 -5.24096025143199 356.928391031934 70541895.1251346 -19148404.6792661
-0.23925 0.00077503519626404 0.00261396130724717 -5.23895350997696 356.904933592986 70543971.0787679 -19148290.5488018
-0.2393 -0.00209914304252717 0.000263277465977033 -5.24074975549903 356.881476154038 70543061.6091229 -19148190.9258416
-0.23935 0.000281721185271375 0.000296673733166356 -5.24203178564268 356.85801871509 70542945.6678009 -19148152.7170624
-0.2394 0.00288154079690001 -0.00204823610337255 -5.24277558485921 356.834561276142 70542644.4784678 -19148246.7963538
-0.23945 -0.00377232208882354 0.00346713680892889 -5.24346398677509 356.811103837194 70542400.4431038 -19148226.19651
-0.2395 0.00233687522695896 -0.00190320330755163 -5.24519481981313 356.787646398246 70542088.7348201 -19148213.9157459
-0.23955 0.000159344547997232 -0.00384172635111788 -5.24638388270324 356.764188959298 70541402.032702 -19148144.834159
-0.2396 -0.0018505216919953 0.00718916175348337 -5.24244765014364 356.74073152035 70544291.620239 -19148091.5097159
-0.23965 -0.00139113107204593 -0.00556759306474147 -5.24849202518203 356.717274081402 70540613.8368715 -19148077.8307219
-0.2397 0.0063998548339039 0.000335672473440774 -5.24460529904402 356.693816642455 70544157.6613552 -19148115.8072231
-0.23975 -0.00644562324330505 0.000554721895211095 -5.24982701334306 356.670359203507 70540734.5866386 -19148126.9465046
-0.2398 0.00270157000440788 0.00345087887852251 -5.24598255940104 356.646901764559 70544048.4081534 -19148135.327481
-0.23985 0.000227500939842683 -0.00668062042374656 -5.25169055789473 356.623444325611 70539410.7430487 -19148136.8059213
-0.2399 -0.000785181553128836 0.00610312393508244 -5.24704601933771 356.599986886663 70543131.7819033 -19148129.4796464
-0.23995 -0.00390488031436564 -0.000721252941649661 -5.24986308684412 356.576529447715 70540812.4230109 -19148081.8134189
-0.24 0.00502119574208285 -0.0010989333112987 -5.24875820163308 356.553072008767 70543258.244532 -19148041.0260122
-0.24005 -0.00241741345814687 -0.00156732203237179 -5.25268502556506 356.529614569819 70540058.33373 -19148013.5525959
-0.2401 0.00124400261923057 0.00246809954970747 -5.24907495283686 356.506157130871 70542873.0176197 -19148081.5050732
-0.24015 -0.00159635215432306 -0.00212725471208927 -5.25195515381259 356.482699691923 70540537.4797946 -19148088.6594527
-0.2402 0.00320465972199498 0.000771429324819312 -5.2503884938418 356.459242252975 70542813.6815153 -19148096.4539217
-0.24025 -0.00349887382152648 0.000592097873028524 -5.25488088010192 356.435784814027 70540205.1994454 -19147972.0477708
-0.2403 0.00182331926763403 -0.00088129663538417 -5.25132338020061 356.412327375079 70541867.1624131 -19147922.1869494
-0.24035 -0.000649677454324023 -0.000511812340459058 -5.2520546537856 356.388869936131 70541174.5102942 -19147992.6265066
-0.2404 -0.00149065295631046 0.00076357666172818 -5.25321116830283 356.365412497183 70541037.5056203 -19147859.3784073
-0.24045 0.00122687817063199 -0.00136706791012606 -5.25179254139893 356.341955058235 70541379.8753057 -19147989.0057124
-0.2405 -0.0021734342742107 0.00175745127824102 -5.25199848866979 356.318497619287 70541550.5238531 -19147957.5267778
-0.24055 0.00117231977389427 -0.000658406631968562 -5.25346015488867 356.295040180339 70541551.513347 -19147963.0176524
-0.2406 -0.00259405256821224 0.000959113040589469 -5.25400829050087 356.271582741392 70540924.5807125 -19147908.2413738
-0.24065 0.00481664850618983 -0.00213951549485291 -5.25232890166505 356.248125302444 70542654.3806844 -19147964.501683
-0.2407 -0.00221435926928815 -0.0024130518004993 -5.25669622241919 356.224667863496 70539770.1647268 -19147960.0009008
-0.24075 -0.000940775946189554 0.00556584911791038 -5.2529297775817 356.201210424548 70542765.0580141 -19147944.920967
-0.2408 -0.00173014988420714 -0.00469846042754437 -5.25638372374783 356.1777529856 70539783.3715208 -19147858.109138
-0.24085 0.00330966540995491 0.00116845870350345 -5.25330734226979 356.154295546652 70542728.9933548 -19147920.1239574
-0.2409 -0.00127941145627019 -0.00158854931323433 -5.2562148313927 356.130838107704 70540628.5751906 -19147899.6388448
-0.24095 -0.00211879110531737 0.00111222755899128 -5.2552435755875 356.107380668756 70541207.5987034 -19147906.4398989
-0.241 0.00327468826703114 -0.00107061243452204 -5.25572790842077 356.083923229808 70541888.6244926 -19147895.7590974
-0.24105 -0.00242777262278607 2.45521812776676e-05 -5.257667500199 356.06046579086 70540522.3702455 -19147863.1966849
-0.2411 -0.000185997490202485 0.00241024062711156 -5.25827583256848 356.037008351912 70541758.4913698 -19147871.8664286
-0.24115 -0.000615247653081629 -0.00194034089793468 -5.258092870809 356.013550912964 70540785.7582841 -19147873.1462023
-0.2412 0.00194868906639693 -0.000277047339721518 -5.25801893630928 355.990093474016 70541833.8022508 -19147815.8842247
-0.24125 -0.00199206218728228 -0.00028489958703472 -5.25915742309627 355.966636035068 70540664.3196552 -19147823.7982986
-0.2413 -0.000862421936364193 0.00323564713004071 -5.25916516800975 355.94317859612 70541618.8254942 -19147816.4593593
-0.24135 -1.54762931108888e-05 -0.00222692132235614 -5.26021023575406 355.919721157172 70540442.3584874 -19147749.8282866
-0.2414 0.00313483339955019 -0.000494333104945895 -5.25989259636211 355.896263718224 70541958.9157866 -19147716.7172475
-0.24145 -0.00243114003257285 0.000231677403795005 -5.26213961137712 355.872806279276 70539965.1844802 -19147765.4906459
-0.2415 -0.000597942570118944 0.00186108268171252 -5.25888401678563 355.849348840329 70541552.7679911 -19147819.6921407
-0.24155 0.00215719754799323 -0.00260224075502 -5.26015475922592 355.825891401381 70540870.3562523 -19147755.5987056
-0.2416 -0.00272407643087046 0.00311038358075786 -5.25991390747753 355.802433962433 70541413.0495178 -19147749.6991449
-0.24165 0.000138702815522861 -0.000154498081963955 -5.26147244122419 355.778976523485 70540785.531918 -19147698.0837362
-0.2417 0.00140282496544542 -0.00230483699365756 -5.26006573306511 355.755519084537 70541120.4007661 -19147730.2709413
-0.24175 -0.000228698781975011 0.000584645860895916 -5.25981715053512 355.732061645589 70541213.8554993 -19147772.9276215
-0.2418 -0.00222889051066196 0.00149002786354332 -5.26086186108502 355.708604206641 70540889.2373243 -19147749.8536427
-0.24185 0.00149286902842947 -0.00173073265262924 -5.26214102318086 355.685146767693 70541151.0720722 -19147681.7940995
-0.2419 -0.000221131853563962 0.00132612690373478 -5.26144703884204 355.661689328745 70541684.7466814 -19147662.3500581
-0.24195 -0.00128683966625701 -0.000425263502233941 -5.26175744454111 355.638231889797 70540892.4407048 -19147615.6119726
-0.242 -0.00039594425455048 0.000508537918183525 -5.26070742777602 355.614774450849 70541372.4476522 -19147698.9599372
-0.24205 0.00235073133477771 -0.00280552153275488 -5.26355499756298 355.591317011901 70540680.168069 -19147717.1072749
-0.2421 -0.00180206516280695 0.00029285915918676 -5.26652625798513 355.567859572953 70539782.8934933 -19147658.3385291
-0.24215 -0.00115289607152054 0.00328818824254025 -5.2643603583048 355.544402134005 70541265.8692876 -19147642.6112392
-0.2422 0.0031023478927778 -0.00346417461372805 -5.26483595088704 355.520944695057 70540285.8834073 -19147689.5161297
-0.24225 -0.000723363118729275 0.00171349142425803 -5.26458439221782 355.497487256109 70541060.152498 -19147623.5103706
-0.2423 -0.00351399770002681 0.00272189767925083 -5.26645960300401 355.474029817161 70539867.0922393 -19147759.7128967
-0.24235 0.00403739508467897 -0.00275347242071979 -5.26587122694842 355.450572378213 70540460.5806383 -19147727.4632432
-0.2424 0.000130194408373636 -0.000814192230291571 -5.26601347663655 355.427114939265 70540229.4822294 -19147702.6531434
-0.24245 -0.00275887474803067 0.0034864564473198 -5.26687207974522 355.403657500318 70540395.9422349 -19147644.9169804
-0.2425 0.00264360187435812 -0.00287034949057357 -5.2664703977665 355.38020006137 70540388.2803313 -19147541.9999321
-0.24255 9.84475965383067e-05 0.000167680216584064 -5.26622495477217 355.356742622422 70540715.2595379 -19147456.554745
-0.2426 -0.00162946067981003 0.000998209888577346 -5.26622289988253 355.333285183474 70540180.7583306 -19147562.050818
-0.24265 0.000518533456134811 -0.000775214751655709 -5.26552617394061 355.309827744526 70540559.1883806 -19147580.0523279
-0.2427 0.000929076574913372 -0.00203282240258992 -5.26511651720723 355.286370305578 70540175.2349923 -19147632.4638505
-0.24275 -0.000243715276661804 0.00183246026780455 -5.26665344598904 355.26291286663 70540289.0617564 -19147628.5257913
-0.2428 -0.00136695557757564 -0.000739554405104079 -5.26854551895724 355.239455427682 70539452.4606606 -19147535.5881502
-0.24285 0.00193986386232525 -0.000477743214555942 -5.2697231338548 355.215997988734 70540385.1750978 -19147443.6553744
-0.2429 -0.00275932219832105 0.00165520732958497 -5.27104931369878 355.192540549786 70539178.4378763 -19147486.0456685
-0.24295 0.00198945538943717 -0.000780388300249367 -5.26840731059686 355.169083110838 70540539.2627869 -19147539.3730608
-0.243 -0.000424712464122464 0.000581680276617785 -5.26807919272842 355.14562567189 70539808.5962616 -19147681.492397
-0.24305 0.000711349818802904 0.000421029950732149 -5.26926720989956 355.122168232942 70540343.4369404 -19147582.5486868
-0.2431 -0.000655974396889864 -0.000159726387091833 -5.2707228860298 355.098710793994 70540122.8345362 -19147439.1599006
-0.24315 -0.00040981750785587 -0.000317587666145287 -5.26967722468775 355.075253355046 70540177.9501556 -19147463.2559125
-0.2432 0.00139796547821762 0.000415538843757552 -5.27011897359605 355.051795916098 70540809.281935 -19147407.4155979
-0.24325 -0.000901303671324617 0.00220561729644685 -5.27213038183334 355.02833847715 70540036.5654276 -19147519.6147182
-0.2433 0.00230300242904448 -0.0018624693940192 -5.27392540355012 355.004881038202 70539555.301821 -19147530.6100118
-0.24335 -0.000931893379799756 -0.000390555405082622 -5.27534776837341 354.981423599255 70538793.5298807 -19147460.2704732
-0.2434 -0.000939701081354523 0.000975324202548677 -5.2738922878401 354.957966160307 70539510.7305283 -19147414.7780938
-0.24345 0.00149974837042709 -0.00191854679609328 -5.27314869252279 354.934508721359 70539945.7788582 -19147337.7859004
-0.2435 -0.00104189452179153 -0.000281367301674395 -5.27618098232367 354.911051282411 70539386.9023784 -19147320.3003674
-0.24355 -4.99936722312096e-05 0.00270420125419002 -5.27425051243033 354.887593843463 70540841.852669 -19147286.1914305
-0.2436 0.000981727967667269 -0.00329701429375398 -5.27820669677597 354.864136404515 70538765.0159437 -19147341.4204622
-0.24365 -0.00074040114933294 0.00355715842175675 -5.27545539635809 354.840678965567 70539907.9500692 -19147363.648241
-0.2437 -0.00359925016145079 -0.00216201860063997 -5.27769221803875 354.817221526619 70537950.3901183 -19147311.5687204
-0.24375 0.00649441644209228 -0.00124167256080042 -5.27546535068891 354.793764087671 70540601.5974849 -19147298.0821552
-0.2438 -0.00551847021657651 0.00122327046233438 -5.28090275044148 354.770306648723 70537954.5057489 -19147240.3981285
-0.24385 0.00116942453100489 0.00285237053497394 -5.27773189314355 354.746849209775 70540893.2810789 -19147198.5090697
-0.2439 0.00143861206719539 -0.00644199785211536 -5.28240928142412 354.723391770827 70537280.1637289 -19147312.130958
-0.24395 0.00114263576938551 0.00675955210036237 -5.27692729711387 354.699934331879 70541158.6613281 -19147386.4527749
-0.244 -0.00404673410068146 -0.00261127771494516 -5.28408170149065 354.676476892931 70536420.0670808 -19147316.1053391
-0.24405 0.00495487305608718 0.00128445799766102 -5.27892715447445 354.653019453983 70540612.5923887 -19147186.2394944
-0.2441 -0.00255184713220822 -0.00310030195721459 -5.28506235763749 354.629562015035 70537006.7270214 -19147265.4928918
-0.24415 0.000203475241691755 0.00502570975215333 -5.28254335952396 354.606104576087 70540078.9504286 -19147121.0130504
-0.2442 -9.84078745489339e-05 -0.00332116765070751 -5.28670817289112 354.582647137139 70537243.2400762 -19147194.586059
-0.24425 9.25592538439494e-05 0.00226760767518746 -5.28355648106939 354.559189698192 70538871.2819566 -19147250.9776433
-0.2443 -0.00129996784350163 -0.00220351822669945 -5.28515014806957 354.535732259244 70537633.6872672 -19147192.2484472
-0.24435 0.00161513885549204 0.0011525372087884 -5.28516569731221 354.512274820296 70539012.6796567 -19147234.3715658
-0.2444 -0.00248613581813764 -0.000248446655343827 -5.28797224545356 354.488817381348 70537499.8073412 -19147157.2349228
-0.24445 0.00182957616416258 -0.000984705451349869 -5.28672285771111 354.4653599424 70538665.091213 -19147077.9451701
-0.2445 -0.00110918717918679 -0.000105928226384416 -5.28705530232553 354.441902503452 70538226.5181227 -19147082.6324383
-0.24455 -0.000871209423716719 -0.000513168072046534 -5.28928043603424 354.418445064504 70537792.9820927 -19147109.0637846
-0.2446 -0.000812643678899188 0.0011382949962762 -5.28878265511559 354.394987625556 70538154.5550628 -19147122.5349305
-0.24465 0.000727238675879437 -0.0017589101754631 -5.29141197812913 354.371530186608 70537383.5181088 -19147034.5493771
-0.2447 0.0011102919624114 0.00152724331577802 -5.29074426134571 354.34807274766 70538245.5704932 -19147120.811192
-0.24475 -0.00118572247701849 -0.00121145083033354 -5.2933410022387 354.324615308712 70537245.6653592 -19146992.4410763
-0.2448 0.00120144471852088 -0.000176854873259647 -5.29248249359159 354.301157869764 70538036.8051841 -19147014.4880829
-0.24485 -0.000430385812548541 0.000213838644911647 -5.29071550889383 354.277700430816 70538112.4105096 -19147046.971235
-0.2449 -0.00154814078056884 -0.000471146807562973 -5.29251432240996 354.254242991868 70537208.105432 -19146981.4142774
-0.24495 0.00107265581271722 0.00212572958453252 -5.29076865363364 354.23078555292 70538624.7866627 -19147081.4416494
-0.245 -0.000291481284386859 -0.00202118979678378 -5.29451903003915 354.207328113972 70537049.235008 -19146966.2029763
-0.24505 -0.000375583415846373 0.00154268906774623 -5.29447860579325 354.183870675024 70537682.2097314 -19146927.5939608
-0.2451 0.000554770604118579 -0.00356157872186041 -5.29695814491028 354.160413236076 70536547.4462051 -19146821.1420625
-0.24515 -8.39378987898009e-05 0.00245274110283525 -5.29342695353012 354.136955797129 70538265.512612 -19146828.2196705
-0.2452 -0.0016567540599156 -0.00146157655068083 -5.29672318009282 354.113498358181 70536556.7741687 -19146920.0746426
-0.24525 0.00407079399754764 -0.000264700972897095 -5.2957442734635 354.090040919233 70538220.1615309 -19146972.2498726
-0.2453 -0.00329946624546082 0.000325650453836793 -5.30028701333634 354.066583480285 70535731.3436149 -19146895.5254577
-0.24535 0.00185154110158585 0.00244059467373707 -5.29964109130911 354.043126041337 70537783.7029412 -19146783.2248001
-0.2454 -0.00177077591755372 -0.00242917853964468 -5.30235153224411 354.019668602389 70535746.0508987 -19146761.624702
-0.24545 0.00313321512992546 0.00171498490503359 -5.30129992739751 353.996211163441 70537588.7245931 -19146777.5800084
-0.2455 -0.00371461282828916 -0.0017053104335501 -5.30550097092599 353.972753724493 70534438.9526695 -19146809.0487365
-0.24555 0.00319918407096842 0.000908807806914008 -5.30301509924502 353.949296285545 70537521.429385 -19146726.4441418
-0.2456 -0.00183398127987314 -0.00401948561608043 -5.3071020677907 353.925838846597 70534389.4239878 -19146727.594883
-0.24565 0.00201629925101954 0.00421954743069221 -5.30406942364665 353.902381407649 70537645.0060599 -19146701.8525434
-0.2457 -0.00325809993174005 -0.0025345751371999 -5.30826887211879 353.878923968701 70534728.2733574 -19146593.1971631
-0.24575 0.00270783316134111 2.15133389030097e-05 -5.30668116822903 353.855466529753 70537129.8917428 -19146571.6645888
-0.2458 -0.000999683981555593 -0.00299347353963175 -5.30897084181505 353.832009090805 70534669.0059154 -19146578.1007329
-0.24585 0.000289625449744833 0.00328426658917067 -5.30791395129327 353.808551651857 70536902.7269374 -19146632.2605381
-0.2459 -0.00280200742949084 -0.0013006685579622 -5.30919396581337 353.785094212909 70534928.7068662 -19146635.228511
-0.24595 0.00383984398099985 0.000319998761051004 -5.30587060037176 353.761636773961 70537892.7381152 -19146566.1680563
-0.246 -0.00323609818513053 -0.00232477935975015 -5.31031261458069 353.738179335013 70534766.1236212 -19146543.588349
-0.24605 0.00219637621201704 0.00396941661147152 -5.30762176363154 353.714721896065 70538004.5808534 -19146493.4773307
-0.2461 -0.00212540276173046 -0.00323947660109647 -5.31484969249483 353.691264457118 70533925.3180182 -19146534.278701
-0.24615 0.00189844565603029 0.00213350744764615 -5.31137081775064 353.66780701817 70536360.5665517 -19146496.6353801
-0.2462 -0.00298403716238521 -0.00218616340630215 -5.31420601183767 353.644349579222 70533812.9666986 -19146528.9336716
-0.24625 0.00102941531623238 0.00136141482535042 -5.31309024611349 353.620892140274 70535794.0530103 -19146469.5364454
-0.2463 -0.00168975073583419 -0.000963477613812579 -5.31467108319428 353.597434701326 70534300.8954361 -19146493.276046
-0.24635 0.00199093626178616 0.00233722439617005 -5.31293708984989 353.573977262378 70536460.4373585 -19146391.7189421
-0.2464 7.27476201491812e-05 -0.00137243341437234 -5.31560895468375 353.55051982343 70534900.7696084 -19146354.5699069
-0.24645 -0.000514448433238345 0.00125920590446672 -5.31555908599495 353.527062384482 70535208.7963353 -19146415.6769752
-0.2465 -0.00016595642360371 0.00190563047269403 -5.31635046057881 353.503604945534 70535244.764478 -19146393.78771
-0.24655 0.00147684090933949 -0.00431384162980993 -5.31735681053552 353.480147506586 70534467.7924507 -19146352.3822874
-0.2466 0.000349884958660228 0.00337935061975958 -5.31264272373488 353.456690067638 70536533.477013 -19146407.0976931
-0.24665 -0.000948025119497183 -0.00149871005491979 -5.31471022395464 353.43323262869 70534801.8550958 -19146343.2479611
-0.2467 0.00199429090523889 -0.000341514570483583 -5.31305297624755 353.409775189742 70535846.2935045 -19146378.893576
-0.24675 0.000387948252459305 -0.00152193022867947 -5.31574497160444 353.386317750794 70534911.21845 -19146402.8332924
-0.2468 -0.00213679223842695 0.00242766302667779 -5.31632017170998 353.362860311846 70535188.8860459 -19146277.9082389
-0.24685 0.00236546277299401 -0.00221521413639869 -5.3156801007766 353.339402872898 70535133.2793122 -19146295.9017254
-0.2469 -0.00100148959412428 -0.000834137609938133 -5.31605160420911 353.31594543395 70534671.0089107 -19146278.1176703
-0.24695 -0.000558247136321895 0.00221083324185987 -5.31569516458697 353.292487995002 70535622.7670064 -19146273.0809249
-0.247 0.000769234362252236 -0.000721208923357515 -5.31877342795795 353.269030556055 70534337.9385812 -19146307.349224
-0.24705 0.00135319506886947 -0.000281888548299452 -5.31845970133236 353.245573117107 70535177.6145552 -19146244.583169
-0.2471 -0.00150388128450363 0.000273616885960659 -5.31798465955019 353.222115678159 70534594.946298 -19146245.5080456
-0.24715 0.00130865552688779 -0.000643039572488776 -5.31747605877181 353.198658239211 70535624.986883 -19146225.339977
-0.2472 -0.00029982928173688 -0.0011338469129997 -5.32050450162687 353.175200800263 70534454.504268 -19146278.7796343
-0.24725 -0.00192649604589962 0.00248857286839293 -5.3198386625798 353.151743361315 70534921.0845928 -19146185.383973
-0.2473 0.000331248482196612 0.000330175136985983 -5.32201962779404 353.128285922367 70534246.7217424 -19146284.3484966
-0.24735 0.00272093955319864 -0.00215316179082709 -5.32277632377558 353.104828483419 70534148.7699157 -19146152.5301315
-0.2474 -0.00348756992483622 0.00300993697079966 -5.32324349887641 353.081371044471 70533616.460835 -19146262.1640632
-0.24745 0.00143179006732432 0.000803474660601554 -5.32216784305873 353.057913605523 70535085.6780834 -19146180.1898932
-0.2475 -0.00175895197927274 -0.00095253510800886 -5.32439955045785 353.034456166575 70533166.6970058 -19146207.9487604
-0.24755 0.00365175264245751 -0.000201306820477936 -5.32184668820072 353.010998727627 70535200.782618 -19146119.4119669
-0.2476 -0.00405548154630841 0.00113258248168046 -5.32551971548831 352.987541288679 70533063.0105424 -19146112.988009
-0.24765 0.00220364266841945 0.000993378895285923 -5.32401868180872 352.964083849731 70535000.6469635 -19146177.1802674
-0.2477 0.00149243398682295 -0.0043506972224379 -5.32675702378556 352.940626410783 70533017.5651404 -19146128.7238481
-0.24775 -0.00205933157294515 0.00455316577831801 -5.32488199497186 352.917168971835 70534741.8112335 -19146124.9761573
-0.2478 -0.000614221269526087 -0.00244899990012133 -5.32525095402098 352.893711532887 70533650.1989386 -19146035.2316625
-0.24785 0.00256599739660856 0.000342397088801825 -5.32272455367825 352.870254093939 70535428.5115921 -19146047.2876743
-0.2479 -0.00334502333157615 0.000139478594941494 -5.32504174273326 352.846796654992 70533760.7602489 -19146032.0476667
-0.24795 0.00338704808640523 -0.000415102038539293 -5.32240905569966 352.823339216044 70534946.7325298 -19146082.2154735
-0.248 -0.00101492205303987 0.000118688157783323 -5.32514040536874 352.799881777096 70534574.0141388 -19146033.1387782
-0.24805 -0.000866859611137436 -1.57472853916921e-05 -5.32491900196669 352.776424338148 70534320.6484357 -19146054.2745456
-0.2481 0.00088171623931817 -0.00247358470486238 -5.3248051429825 352.7529668992 70534353.5129497 -19145998.8789429
-0.24815 -0.00118410166411744 0.00247730359046679 -5.32520440222864 352.729509460252 70535152.4228473 -19146052.7865263
-0.2482 0.000423493986032191 0.000353002290247445 -5.32524802656527 352.706052021304 70534530.658507 -19146047.4578852
-0.24825 -0.000350889316347457 -0.00212054426901793 -5.32743741150258 352.682594582356 70533843.0686005 -19146010.4467077
-0.2483 -0.000753005622984191 0.00160206412700787 -5.32530505952756 352.659137143408 70534872.3555549 -19146027.6544469
-0.24835 -0.00025705217305531 -0.00168616778673803 -5.3272305723572 352.63567970446 70534381.5076354 -19145996.9991309
-0.2484 0.00103314149105866 0.00105802794158455 -5.3283257076008 352.612222265512 70534873.0948221 -19145925.2813305
-0.24845 -0.0032364936641932 0.00225943979345265 -5.32823542574006 352.588764826564 70534076.4794839 -19145905.8324127
-0.2485 0.00187359127288588 -0.00168653790441913 -5.32850465441195 352.565307387616 70534544.3419703 -19145916.695301
-0.24855 0.00123076191369051 -0.00136949375484104 -5.32871025007574 352.541849948668 70534254.5834255 -19145879.736556
-0.2486 -0.000186157789555829 0.0021074204449445 -5.32662951782552 352.51839250972 70535412.1066208 -19145861.2434107
-0.24865 -0.00380522720950919 -0.00102548020095397 -5.32980726269077 352.494935070772 70533187.2421856 -19145827.3512235
-0.2487 0.00401466041398113 0.00161676536473558 -5.32800070184013 352.471477631824 70535824.1026537 -19145862.3467592
-0.24875 -0.00187550410850932 -0.00348321210999205 -5.33090069894809 352.448020192876 70532695.2795499 -19145851.1593303
-0.2488 0.00123627000375967 0.00469826479700048 -5.32648914865026 352.424562753929 70536056.3803046 -19145889.8822953
-0.24885 -0.00266157909662831 -0.00205437266568157 -5.32899388764992 352.401105314981 70533200.2877568 -19145862.3230524
-0.2489 0.00502477481299114 -0.000653661586267589 -5.32508259585044 352.377647876033 70536058.5647375 -19145755.567345
-0.24895 -0.00541267406156663 0.000300780089026118 -5.32816482504123 352.354190437085 70532964.7923699 -19145839.4305604
-0.249 0.00208892038649769 0.0017822363432446 -5.32415717264803 352.330732998137 70536050.3306647 -19145792.1215224
-0.24905 -0.00046866985331422 -0.00523277949827773 -5.32815094320484 352.307275559189 70533118.2219336 -19145817.4697194
-0.2491 -0.00108299582803932 0.00305069472367694 -5.32345714281011 352.283818120241 70535873.583647 -19145817.4498713
-0.24915 -0.000289848256853887 0.00067883905473404 -5.32319795719264 352.260360681293 70535027.9369656 -19145902.0088539
-0.2492 0.00128815947419051 -0.00404505617175282 -5.32467589703825 352.236903242345 70534434.0919769 -19145850.0413371
-0.24925 -0.000123345898838922 0.00275136096259617 -5.32255268441234 352.213445803397 70535882.1769062 -19145832.7036635
-0.2493 -0.00205147445277864 -0.00250988328951582 -5.32556285013014 352.189988364449 70533833.6748057 -19145876.7558528
-0.24935 0.00470875129797054 0.000627367106789887 -5.32028261623066 352.166530925501 70537412.3359096 -19145843.9838944
-0.2494 -0.00402437374358867 -0.00081167102493537 -5.32313381543807 352.143073486553 70534601.3156586 -19145893.6325518
-0.24945 -0.000286101463093887 0.00372822557531269 -5.32003769894193 352.119616047605 70537033.0140349 -19145815.9607285
-0.2495 0.000638659563253156 -0.00596031818596693 -5.3197498227563 352.096158608657 70535101.8830663 -19145861.3476633
-0.24955 0.00206612744727734 0.00238937302278067 -5.31700651197815 352.072701169709 70537806.5167105 -19145809.813861
-0.2496 -0.00499302338166069 -0.000618019923260987 -5.32116594450475 352.049243730761 70534946.3472898 -19145816.13381
-0.24965 0.00435140427140748 0.000688911537025702 -5.31759233105242 352.025786291813 70537647.2272408 -19145833.7711421
-0.2497 -0.00239800238761731 -0.00318935289153536 -5.32110737895295 352.002328852866 70535079.9262183 -19145815.6349315
-0.24975 0.00129709991184612 0.00336041048657031 -5.31577796387061 351.978871413918 70538085.4337594 -19145823.4022754
-0.2498 -0.00121071872995391 -0.00197509258926952 -5.31800827357043 351.95541397497 70535925.1693782 -19145860.5803351
-0.24985 0.00146601017856418 -0.00188380592144721 -5.3177255682262 351.931956536022 70537049.6308545 -19145768.9413104
-0.2499 -0.00276769551071606 0.00177859234736365 -5.31731206117907 351.908499097074 70536630.9580998 -19145827.2551657
-0.24995 -0.000549653415568466 9.20177481301761e-05 -5.31626198484879 351.885041658126 70537251.2661864 -19145746.0848617
-0.25 0.00206085472105404 -0.00266754802801038 -5.31498547028255 351.861584219178 70536935.3764803 -19145917.644532
-0.25005 2.46704793260312e-05 0.00230793933520616 -5.3132928583148 351.83812678023 70538355.0737084 -19145860.5616529
-0.2501 -0.00197895561246764 0.000673434621305863 -5.31225061027329 351.814669341282 70537313.148665 -19145900.0668621
-0.25015 0.00126234905016422 0.000295368564068843 -5.31285793501404 351.791211902334 70538234.4958544 -19145826.3999233
-0.2502 -0.000378221667575177 -0.00125912513826421 -5.31305552271903 351.767754463386 70537424.0975589 -19145889.463508
-0.25025 0.00091916795376999 -0.000370076962441365 -5.31282751463856 351.744297024438 70538232.9215217 -19145844.3719311
-0.2503 -0.00199882496940761 0.000444647803622849 -5.31493532746828 351.72083958549 70536625.172926 -19145892.869218
-0.25035 0.000947824825966236 -0.000276197811850575 -5.31452063390068 351.697382146542 70537232.9754774 -19145789.8962704
-0.2504 0.00106727198567552 -0.000322110986279708 -5.31342084548472 351.673924707594 70537403.842644 -19145849.6441504
-0.25045 -0.00222235651552736 0.00150985167757916 -5.31449589524837 351.650467268646 70537085.391531 -19145839.2714385
-0.2505 0.000636041159679819 0.000509011571490296 -5.31185604973925 351.627009829698 70537841.0346657 -19145841.2959387
-0.25055 0.000320856622705119 -0.00328654201174932 -5.31395163423894 351.60355239075 70536823.6806907 -19145816.6670542
-0.2506 -0.000437598606734203 0.00312789389545126 -5.31203434794908 351.580094951802 70538157.7351338 -19145888.0197865
-0.25065 -0.00230215715843173 0.000731689133064911 -5.31295073835344 351.556637512855 70537011.3033838 -19145830.7166365
-0.2507 0.00511556513779767 -0.00193305623725477 -5.30966457817793 351.533180073907 70538898.4622009 -19145829.3788574
-0.25075 -0.00336889968178831 -0.000985228674806485 -5.31217019068108 351.509722634959 70536971.9592431 -19145831.4835915
-0.2508 0.00116257248339914 0.00219680109197404 -5.30829919269784 351.486265196011 70538961.905551 -19145859.677536
-0.25085 -0.000915373302454222 -0.00198393580168319 -5.31233655716506 351.462807757063 70536707.1291461 -19145834.0903577
-0.2509 0.00191297829742334 0.00352092924136648 -5.30850850904521 351.439350318115 70539609.7865325 -19145791.9503981
-0.25095 -0.00163197982173125 -0.00411557639904249 -5.31283110156887 351.415892879167 70535836.7400987 -19145901.0347358
-0.251 0.00169780464010328 0.00395087175471934 -5.30666562716345 351.392435440219 70540131.5117072 -19145802.659523
-0.25105 -0.00393134446107567 -0.00343007231820795 -5.31349984552251 351.368978001271 70535817.5506923 -19145821.0625737
-0.2511 0.00612971787642125 0.0020263462806168 -5.30824187417029 351.345520562323 70540445.3758031 -19145831.8128843
-0.25115 -0.00643369631058096 -0.00286388706237899 -5.31502958156418 351.322063123375 70534541.4430482 -19145867.5648906
-0.2512 0.00617727459557343 0.00486141098100234 -5.30744354716269 351.298605684427 70541070.4621083 -19145755.1159426
-0.25125 -0.00507430200537109 -0.00723494373334377 -5.31794944142695 351.275148245479 70533984.5400787 -19145771.1824131
-0.2513 0.00372192218705512 0.00525047019633067 -5.30842740958308 351.251690806531 70540675.5027469 -19145845.7503587
-0.25135 -0.0055232215492017 -0.00228226966063754 -5.31336214499833 351.228233367583 70536241.3382623 -19145827.7497161
-0.2514 0.00435325518479 0.000304127611575658 -5.31019061217033 351.204775928635 70539443.367262 -19145832.3422382
-0.25145 -0.00337071848664649 -0.00156484079076491 -5.31392056394781 351.181318489687 70536153.801237 -19145857.1494982
-0.2515 0.0020612393644476 0.00209030251565728 -5.3092630177945 351.157861050739 70539545.6166048 -19145850.2636914
-0.25155 -0.00151869401311813 -0.00230399469863014 -5.31155929274776 351.134403611792 70537074.3724267 -19145876.5523864
-0.2516 0.00199280605909864 0.00109962122508931 -5.30682547100986 351.110946172844 70539798.7750073 -19145867.7852713
-0.25165 -0.00262337059878299 -0.00124673638086681 -5.31137916280014 351.087488733896 70537380.7261461 -19145886.4542301
-0.2517 0.00113331717759595 0.000431849868493736 -5.30979754757481 351.064031294948 70538929.4350591 -19145845.6115831
-0.25175 -0.00168270968368969 -0.00143147429904451 -5.3118286507312 351.040573856 70537643.8857327 -19145824.2046863
-0.2518 0.000687742302568055 -0.000930060901103284 -5.31108659314683 351.017116417052 70538213.9606919 -19145849.7815028
-0.25185 -0.00232577215944399 0.000739212602207239 -5.30994982577374 350.993658978104 70537940.2925198 -19145918.686956
-0.2519 0.00234335562916601 0.00190495894387938 -5.30757973852325 350.970201539156 70540053.4269778 -19145888.4241294
-0.25195 0.000131946668223945 -0.00381604157993524 -5.30970902792136 350.946744100208 70537891.8479585 -19145898.4814281
-0.252 0.00136401867090634 0.00268032319079318 -5.30653485420773 350.92328666126 70540377.1379628 -19145806.1150493
-0.25205 -0.00611361655975736 0.000834393355582459 -5.31018775521467 350.899829222312 70537814.9368112 -19145764.9402623
-0.2521 0.00564073002904847 -0.00214968835445063 -5.30608432045472 350.876371783364 70540442.9337326 -19145799.3581506
-0.25215 -0.0036094869298851 6.95079961348015e-05 -5.30899334729809 350.852914344416 70538305.409436 -19145807.0600262
-0.2522 0.000621348404120976 0.00261110377469556 -5.30799971185981 350.829456905468 70540125.5233636 -19145744.1233333
-0.25225 0.000750015550464353 -0.00250405628400948 -5.31043996670172 350.80599946652 70538224.461567 -19145807.2673316
-0.2523 0.000921591377293599 -0.000356690240191281 -5.31114035179345 350.782542027572 70538771.5827205 -19145714.7924722
-0.25235 -0.00317686792653613 0.00277257463024339 -5.31240267923235 350.759084588624 70538117.8926824 -19145692.0680186
-0.2524 0.000601781664479773 -0.00299071772801093 -5.3116243374548 350.735627149676 70537885.884488 -19145681.0434627
-0.25245 0.0022038108938424 0.000204231437952697 -5.31066695637628 350.712169710729 70539308.2565072 -19145742.6806424
-0.2525 -0.0033468860360175 0.00202890208500987 -5.31144344920195 350.688712271781 70538047.0933418 -19145784.4329327
-0.25255 0.00318605320876481 -0.000124195458205403 -5.308401049152 350.665254832833 70540098.3905644 -19145685.5385476
-0.2526 -0.00414635658372926 -0.00153453980623396 -5.31166384857538 350.641797393885 70537411.0113804 -19145716.4303678
-0.25265 0.00318975548703005 0.00438507873183044 -5.30699895598045 350.618339954937 70541301.3678084 -19145696.7857121
-0.2527 -0.00313002325367818 -0.0041895934164775 -5.31265481765908 350.594882515989 70537125.0607516 -19145717.908914
-0.25275 0.00410183260663662 0.00128257642123399 -5.30829263478384 350.571425077041 70540733.8142467 -19145601.252332
-0.2528 -0.00483770081141961 -0.001023875013104 -5.31157793216802 350.547967638093 70537534.6648861 -19145608.407959
-0.25285 0.00181503372323902 0.00120984578703058 -5.31018168184926 350.524510199145 70539972.445439 -19145596.3702618
-0.2529 0.000236410217114373 -0.00280185349914288 -5.31136090826029 350.501052760197 70538215.857769 -19145703.2873181
-0.25295 0.000999924878604366 0.00274935571746818 -5.30966609079201 350.477595321249 70540440.8922717 -19145515.1581573
-0.253 -0.00366487382645038 -0.000437002861688827 -5.31168602385542 350.454137882301 70538293.4898608 -19145504.6668644
-0.25305 0.00314690141887658 -0.00013273943949837 -5.30829302705074 350.430680443353 70541075.7019481 -19145444.1618404
-0.2531 -0.00130444572811204 -0.00270192463291905 -5.31317491665428 350.407223004405 70537996.1192592 -19145603.9899312
-0.25315 -0.00016194928703732 0.00434228449969932 -5.30928732431107 350.383765565457 70540660.1058405 -19145539.5154269
-0.2532 -0.00361031017224812 -0.00229932546246439 -5.31307663781014 350.360308126509 70537738.2914746 -19145545.8597727
-0.25325 0.0057320316469013 0.000551272275352862 -5.30890183577201 350.336850687561 70541375.7966566 -19145485.3650779
-0.2533 -0.00411811847733667 -0.00435245913022411 -5.31556183196129 350.313393248613 70536481.6367159 -19145551.0414869
-0.25335 0.000355506131865453 0.0055471080570393 -5.30941990279625 350.289935809666 70540777.1394288 -19145486.624197
-0.2534 -0.00107728097920597 -0.00475543713571717 -5.31456478494629 350.266478370718 70537204.4527929 -19145540.6627143
-0.25345 0.00268506306786216 0.00129290231850219 -5.31105585679561 350.24302093177 70540379.4036688 -19145548.2774015
-0.2535 -0.00312901395343418 0.00106505428883063 -5.31463694978987 350.219563492822 70537798.4747417 -19145542.6866701
-0.25355 0.00181359836446016 -0.000408353888302586 -5.31273825252448 350.196106053874 70539508.4600054 -19145490.7699673
-0.2536 -0.00201504093532116 -0.000645302003459841 -5.31431867198358 350.172648614926 70537823.3380216 -19145496.0050459
-0.25365 0.00170461732421923 0.00205564461609843 -5.31328217974746 350.149191175978 70539474.527819 -19145484.8779741
-0.2537 -0.000941129182846653 -0.00392619042084168 -5.31492382313013 350.12573373703 70537500.1191889 -19145500.1188948
-0.25375 0.0018931402156801 0.00283777805187497 -5.3123826654697 350.102276298082 70540300.2548968 -19145444.1407745
-0.2538 -0.00238028811770114 -0.0023873470735829 -5.31367342777856 350.078818859134 70537612.9206015 -19145565.7653334
-0.25385 0.00231364725559422 0.00255868468689428 -5.31036916165034 350.055361420186 70540771.6129582 -19145463.1573379
-0.2539 -0.00248264180139888 -0.00200376414543201 -5.31484554212029 350.031903981238 70537333.0624395 -19145544.0806697
-0.25395 0.00346252107703009 0.00158520134951839 -5.31005040589287 350.00844654229 70540675.3835087 -19145472.4493186
-0.254 -0.00605142594055293 -0.00125484031302901 -5.31541919349481 349.984989103342 70536802.083766 -19145479.5828453
-0.25405 0.00298302605969891 0.00384113641466653 -5.30935072617949 349.961531664394 70541287.7820625 -19145456.8954801
-0.2541 -0.000804691275441845 -0.00558562042505217 -5.31515243837063 349.938074225446 70537056.8146062 -19145482.292195
-0.25415 0.00117588715107769 0.00402871328227266 -5.30960661543883 349.914616786498 70541246.2767477 -19145506.1969612
-0.2542 -0.00333723959894577 -0.000727220872040058 -5.31405916307436 349.89115934755 70537853.1114706 -19145615.5682971
-0.25425 0.00394176045474817 -0.00240810382735955 -5.31258303647131 349.867701908602 70539218.5888391 -19145470.8329795
-0.2543 -0.00233094927134953 0.00190994804792696 -5.31401298631555 349.844244469655 70538434.0873252 -19145526.3191307
-0.25435 0.00130516421464676 0.000295871962390266 -5.31378275778186 349.820787030707 70538872.0318813 -19145478.2676594
-0.2544 -0.00241095283494476 -0.00032788392324871 -5.31600574319678 349.797329591759 70537605.8245137 -19145441.391178
-0.25445 0.00226657312783089 0.000625595468368832 -5.31275737817198 349.773872152811 70539249.2644875 -19145538.9168711
-0.2545 -0.000697423683814853 -0.00277779777160132 -5.31612386509038 349.750414713863 70537586.8198624 -19145468.6280708
-0.25455 0.00108384674163155 0.00393421378456042 -5.31366589806695 349.726957274915 70539878.9986687 -19145473.9408327
-0.2546 -0.00153404903333464 -0.00241050440477019 -5.31510854726748 349.703499835967 70537796.7892501 -19145445.5191587
-0.25465 0.003347546278942 0.00164360370132489 -5.31064863139245 349.680042397019 70540441.7333337 -19145495.2149636
-0.2547 -0.00192720577261922 -0.00210942074163142 -5.31444341651449 349.656584958071 70537698.6185781 -19145432.921421
-0.25475 0.000975543175914174 0.000791632694095936 -5.31195038345051 349.633127519123 70539818.999688 -19145491.4220446
-0.2548 -0.00084690842040073 -0.0011156473648661 -5.31345359755969 349.609670080175 70538531.6253026 -19145444.2626044
-0.25485 0.00289628633570871 0.00171481449648776 -5.31002381670191 349.586212641227 70540777.0493211 -19145410.5816876
-0.2549 -0.00182411146123643 -0.00322728086767368 -5.31320472130679 349.562755202279 70537995.5336667 -19145373.1742151
-0.25495 0.00179889881839366 0.00367056707878435 -5.30934444339166 349.539297763331 70541116.863166 -19145426.9478724
-0.255 -0.00269653890673127 -0.00512611319552958 -5.31574013211183 349.515840324383 70536972.6385282 -19145465.6266867
-0.25505 0.00628669287391915 0.00296400157493029 -5.30910940379635 349.492382885435 70542083.6297552 -19145397.4050693
-0.2551 -0.007446848100918 -0.00214567215260702 -5.31569678966553 349.468925446487 70536225.5472164 -19145466.6015207
-0.25515 0.00588475945373895 0.00571408601198183 -5.30725630113282 349.445468007539 70542944.0828547 -19145419.6181497
-0.2552 -0.00337861752654338 -0.00744070147242226 -5.31624134001905 349.422010568592 70535984.6926962 -19145467.694618
-0.25525 0.00320238824679966 0.00753448108813663 -5.3080411541982 349.398553129644 70542537.8870184 -19145419.3641966
-0.2553 -0.00644812242975814 -0.00539395585768042 -5.31447976365128 349.375095690696 70536305.4255274 -19145442.1737134
-0.25535 0.00734438103636804 0.00365754945176885 -5.30776163495847 349.351638251748 70542880.2850811 -19145450.3090376
-0.2554 -0.00527379396363312 -0.00477301247377185 -5.3134906839929 349.3281808128 70537363.4239089 -19145393.5429328
-0.25545 0.00304597398392673 0.00500991481163286 -5.30831013516658 349.304723373852 70542236.7532167 -19145374.4792354
-0.2555 -0.00249969855123774 -0.00596560532297434 -5.314522582383 349.281265934904 70537382.2595648 -19145410.4406418
-0.25555 0.0022305054552207 0.00399523470209231 -5.30847651789493 349.257808495956 70541728.2782154 -19145397.6095369
-0.2556 -0.00452749242199221 -0.00335281071251715 -5.31447824398474 349.234351057008 70537744.1871232 -19145369.2540058
-0.25565 0.0025070774152069 0.00363027139105209 -5.30696381463664 349.21089361806 70542169.7165319 -19145399.3156349
-0.2557 -0.00154407806841486 -0.0046805456440181 -5.31378260756119 349.187436179112 70537953.3012727 -19145418.691191
-0.25575 -0.00176338193207545 0.00607452071661012 -5.30867321685642 349.163978740164 70541736.9134939 -19145444.760612
-0.2558 -0.000632450679076675 -0.00423752908500501 -5.31248307146911 349.140521301216 70538641.7521766 -19145458.2911295
-0.25585 0.00391902144323223 0.00145518179028835 -5.30882973932364 349.117063862268 70541726.2665409 -19145445.1007438
-0.2559 -0.00418706492161233 -0.00227713715273396 -5.31341137953203 349.09360642332 70538101.2398364 -19145485.9911492
-0.25595 0.00344894318881747 0.00387702226501783 -5.30844646953719 349.070148984372 70542395.6851294 -19145375.5301097
-0.256 -0.0035628955759356 -0.00458932186784648 -5.31518744863693 349.046691545424 70537415.77043 -19145391.8296536
-0.25605 0.0038621514856296 0.00352253616721407 -5.30881238390805 349.023234106476 70542161.3659652 -19145426.0109317
-0.2561 -0.0049218337419111 -0.00333609705373212 -5.31610122648079 348.999776667529 70536966.2885654 -19145447.5383978
-0.25615 0.00380431493869279 0.00260059376528521 -5.30930662705328 348.976319228581 70541626.3490646 -19145375.5094727
-0.2562 -0.00324565928584317 -0.00336105300665212 -5.31653198130445 348.952861789633 70537213.2169273 -19145372.3648316
-0.25625 0.00136939175018897 0.00514753874082199 -5.31102534735982 348.929404350685 70541403.3672887 -19145421.5271442
-0.2563 -0.00155733162290139 -0.00348982573975081 -5.3148805641255 348.905946911737 70537869.9158232 -19145477.363658
-0.25635 0.005439149834297 0.00200859220559494 -5.31114016011487 348.882489472789 70541561.1143648 -19145466.9281025
-0.2564 -0.00411479512657446 -0.00520946169638154 -5.31655232763425 348.859032033841 70536673.2834715 -19145391.2921953
-0.25645 0.00205060075241366 0.00676193272010973 -5.31077963737325 348.835574594893 70541477.2892438 -19145461.3468694
-0.2565 -0.00135215098911732 -0.00598989033630629 -5.31635938590083 348.812117155945 70536794.2349244 -19145439.4460394
-0.25655 0.00268104300039649 0.00349022817625593 -5.31021783680139 348.788659716997 70540928.1581806 -19145437.8221611
-0.2566 -0.00381483867034 -0.00268745668495224 -5.31759214235578 348.765202278049 70536805.3042646 -19145420.2833525
-0.25665 0.000289916231760611 0.00407438650860525 -5.31519067002798 348.741744839101 70540010.6302734 -19145405.8162937
-0.2567 -0.00132343432540129 -0.00435575647082437 -5.31779190494868 348.718287400153 70536934.0299641 -19145374.995107
-0.25675 0.00325590463931382 0.00251967041587609 -5.31385002599247 348.694829961205 70540802.6907918 -19145400.4663046
-0.2568 -0.00428335061185133 -0.00289740358583262 -5.3186431015992 348.671372522257 70536825.3970702 -19145349.0429198
-0.25685 0.00441930455550893 0.00353381498630957 -5.31521267889262 348.647915083309 70540574.3883138 -19145384.7920935
-0.2569 -0.00310835944177368 -0.00490196656110047 -5.31979758214091 348.624457644361 70536254.4578348 -19145339.4416311
-0.25695 0.00327076347156139 0.00467860486961595 -5.31529670473715 348.601000205413 70541274.9772821 -19145299.0178244
-0.257 -0.00386268520787819 -0.00492385411597201 -5.32043686284179 348.577542766466 70536233.9297163 -19145326.3740667
-0.25705 0.00279684933249043 0.00343800271863254 -5.3144215054925 348.554085327518 70541227.4675922 -19145297.0564713
-0.2571 -0.0032242854408119 -0.00174723836137521 -5.31935197186845 348.53062788857 70537208.6143894 -19145344.5469108
-0.25715 0.00269639253610315 0.00251237842319916 -5.31598377412444 348.507170449622 70540372.6877824 -19145238.9503895
-0.2572 -0.00366723831169226 -0.00286924327778272 -5.32167708093491 348.483713010674 70536875.910187 -19145223.7316794
-0.25725 0.0034664255415211 0.0017469783409042 -5.31852668626089 348.460255571726 70539874.245558 -19145271.987219
-0.2573 -0.00496539502144668 -0.00287996272711199 -5.32297786002258 348.436798132778 70535989.4048481 -19145246.0066119
-0.25735 0.00124380279346565 0.00466787429977496 -5.31811197482647 348.41334069383 70540228.9892529 -19145311.9498601
-0.2574 -0.000751909743800806 -0.00572204925930218 -5.32420396373627 348.389883254882 70536394.6449816 -19145261.6023637
-0.25745 0.00183074555421214 0.00105753477660312 -5.32240438764643 348.366425815934 70538748.7489797 -19145161.6387089
-0.2575 -0.00260354869864483 -0.001050435700989 -5.32470752053654 348.342968376986 70537151.925906 -19145244.5284266
-0.25755 0.000367434545043737 0.000967111763752032 -5.32364514640072 348.319510938038 70538130.6202386 -19145197.6426584
-0.2576 0.00142238023275399 -0.00177898651835333 -5.32435204789061 348.29605349909 70537732.2724374 -19145238.2221924
-0.25765 -0.00252158344308984 0.00222113107842274 -5.32689128950347 348.272596060142 70537003.7794118 -19145201.1885942
-0.2577 0.00213547721811696 -0.00229550681994097 -5.32608119970155 348.249138621194 70537413.1272395 -19145245.0293303
-0.25775 0.00022589301450896 -0.000587868263905036 -5.32707019444569 348.225681182246 70536953.0996809 -19145197.3340554
-0.2578 -0.000216527530958826 0.00030174546698254 -5.3266056138836 348.202223743298 70537677.2346274 -19145176.9239154
-0.25785 -0.000913130767475394 0.000250453410901518 -5.32632614567762 348.17876630435 70537365.775779 -19145271.1950994
-0.2579 0.00186460004210532 0.00171485229653069 -5.32592601668101 348.155308865402 70538822.4447383 -19145186.8182954
-0.25795 -0.000531495817008908 -0.00367712448342317 -5.32935180230245 348.131851426455 70536265.3175523 -19145153.6304948
-0.258 -0.00120809014148563 0.00357446560356652 -5.32820098930974 348.108393987507 70537921.0156292 -19145192.7741985
-0.25805 0.000293598592207691 -0.00170608563162145 -5.32950139207524 348.084936548559 70537118.7192585 -19145146.413913
-0.2581 -9.51100218979178e-05 -7.33137495492854e-05 -5.32886893280268 348.061479109611 70537133.0494932 -19145145.8950527
-0.25815 0.00165967335337887 0.000292936179692933 -5.3283199648934 348.038021670663 70538061.8941932 -19145163.0663796
-0.2582 -0.00232950025817105 0.000543700617118959 -5.33098373084289 348.014564231715 70536802.4086933 -19145052.0884211
-0.25825 0.00209906343116121 -0.00192989930105793 -5.32940572659641 347.991106792767 70537633.8303371 -19145048.4176106
-0.2583 0.00013972772710179 0.000779801208852814 -5.33064303768876 347.967649353819 70537192.9350092 -19145090.3579193
-0.25835 -0.000130572170785186 0.00031394740459939 -5.33238381191929 347.944191914871 70536736.3322356 -19145171.4619818
-0.2584 0.000676957782110354 0.00239300507807961 -5.3314123306548 347.920734475923 70537905.3124307 -19145056.9627684
-0.25845 0.000792261356240178 -0.00132532553310615 -5.33185995851164 347.897277036975 70537023.3151526 -19145092.2598957
-0.2585 0.000230833835155511 0.000426243753972155 -5.33123053279727 347.873819598027 70537730.7703945 -19144974.392795
-0.25855 0.000485295297646044 -0.00124164409124318 -5.33216822612694 347.850362159079 70537232.1217713 -19145041.659485
-0.2586 -0.000266324566512525 0.00214244977069162 -5.33114543228864 347.826904720131 70537834.2983897 -19144979.9927892
-0.25865 -0.000777173643676855 -0.00019165324650724 -5.33446790781036 347.803447281183 70536699.7265723 -19145006.4781513
-0.2587 0.000651473106216824 -5.8937562900883e-05 -5.33358024954522 347.779989842235 70537662.3294784 -19144973.9753279
-0.25875 -0.00148422546002256 -0.00150932314966508 -5.33715239564438 347.756532403287 70536014.1211643 -19144925.8417409
-0.2588 0.00255908826340224 0.00130839038667517 -5.33350882994866 347.733074964339 70538347.4957869 -19144979.7662883
-0.25885 -0.00307809607889543 -0.00246349347404668 -5.33895317942398 347.709617525392 70534952.9291978 -19144879.0895491
-0.2589 0.00346751109576786 0.00135976723359788 -5.33497605856649 347.686160086444 70538375.4814701 -19144944.9718721
-0.25895 -0.00354914433683924 -0.00291979954402813 -5.34090295455365 347.662702647496 70534931.2970612 -19144895.4138355
-0.259 0.00460401069088623 0.000944562692859502 -5.33679264027523 347.639245208548 70538736.2880227 -19144838.9383037
-0.25905 -0.00553008048684286 -0.000431224883850272 -5.34209912968919 347.6157877696 70534690.2729847 -19144827.1940797
-0.2591 0.00390356710697907 -0.000750867873910983 -5.33975795466552 347.592330330652 70537146.9011549 -19144844.8880174
-0.25915 -0.00207601581582501 -0.000499880097939496 -5.34294449532683 347.568872891704 70535401.4586864 -19144843.862008
-0.2592 0.0013526964718124 0.00163433402373002 -5.34108072698584 347.545415452756 70536606.0669335 -19144907.9236132
-0.25925 -0.000680466278604824 7.19216242510845e-05 -5.34480964385803 347.521958013808 70535250.5560956 -19144788.3481412
-0.2593 -0.000308464773230763 0.00209519405402719 -5.34463376638106 347.49850057486 70535831.0882482 -19144775.8895335
-0.25935 -0.0013734315216652 -0.000258890425199891 -5.3448488929243 347.475043135912 70535858.3564476 -19144740.0633787
-0.2594 0.0026063979448558 -0.00164872966120318 -5.34768275531835 347.451585696964 70535063.5814471 -19144744.0438204
-0.25945 -0.000821155891493018 -0.000281132897470956 -5.34884863899764 347.428128258016 70534790.2940772 -19144703.9819449
-0.2595 -0.0010968205163977 0.00230067882040517 -5.34887718074568 347.404670819068 70535361.6477157 -19144675.0417208
-0.25955 0.00137846044550274 -0.00341638638150046 -5.35146468930528 347.38121338012 70534485.5498327 -19144642.8964193
-0.2596 0.00251929765518564 -0.00102157701783071 -5.35187392210653 347.357755941172 70535009.1653595 -19144636.6010507
-0.25965 -0.00499672681978227 0.00300923165431153 -5.35340139727162 347.334298502224 70533911.7828543 -19144630.1830132
-0.2597 0.00375021426937386 -0.00196769280174518 -5.35191566356927 347.310841063276 70535025.8416206 -19144637.5399393
-0.25975 -9.92963846137095e-05 -0.00162562163591136 -5.35270795460495 347.287383624328 70534322.8817552 -19144583.1907234
-0.2598 -0.000694955778374817 0.002442857015203 -5.35303634972156 347.263926185381 70535159.6517677 -19144666.8519577
-0.25985 0.00033060933097018 -0.00117047643091134 -5.35299547183446 347.240468746433 70534403.5364862 -19144558.5534846
-0.2599 6.05025709177995e-05 0.000520100636193142 -5.35449631911918 347.217011307485 70534719.8420237 -19144524.2033044
-0.25995 -0.000673301725623394 -0.000533516599582922 -5.35660326256502 347.193553868537 70533585.4719842 -19144570.235779
-0.26 0.000256244289514219 0.00010619058541958 -5.35512681545254 347.170096429589 70534726.314935 -19144504.0939641
-0.26005 0.00228923511492488 -0.00360216039626789 -5.35581123536843 347.146638990641 70533996.7198341 -19144512.5724191
-0.2601 -0.0021892281377221 0.00471559405950025 -5.35502513936875 347.123181551693 70534860.7911891 -19144477.7253201
-0.26015 -0.000474020524919161 -0.00175682723502672 -5.35854983134943 347.099724112745 70533131.6723501 -19144482.3082768
-0.2602 0.00287238129220793 -0.000883462862397552 -5.35648517080086 347.076266673797 70534994.1814173 -19144414.5700596
-0.26025 -0.00313835969796774 -0.00108178743261499 -5.35911097569066 347.052809234849 70533097.2011999 -19144474.619164
-0.2603 0.00107605306870553 0.00374527181383925 -5.35603334439061 347.029351795901 70535855.1423425 -19144432.1201844
-0.26035 -0.00248797953055417 -0.00392103727804726 -5.36296411712132 347.005894356953 70532035.3670597 -19144438.1312706
-0.2604 0.00380974322482929 -0.000655824876609772 -5.359698472906 346.982436918005 70535009.5532249 -19144348.2815327
-0.26045 -0.00424726204184602 -0.000289767314794281 -5.36379808224356 346.958979479057 70532502.2369995 -19144413.9890335
-0.2605 0.00124062189748272 0.00184430699034627 -5.36142496401027 346.935522040109 70534607.4484662 -19144373.843925
-0.26055 -0.000274856300746731 -0.00344374720759512 -5.36336373066368 346.912064601161 70533139.051576 -19144399.4728641
-0.2606 0.00174897109180116 0.00127856252748313 -5.36042339163413 346.888607162213 70534853.1100608 -19144366.2310819
-0.26065 -0.00318383755523779 -0.000968993423425293 -5.36445779707533 346.865149723266 70532781.1534776 -19144341.0111727
-0.2607 0.00183540958357262 0.000795683807169404 -5.36346615369239 346.841692284318 70534438.9940449 -19144260.8070956
-0.26075 -3.15819286991439e-05 -0.00135378802398233 -5.36720594316034 346.81823484537 70533000.2104342 -19144230.1555255
-0.2608 -0.00057290142319501 0.00102058441732234 -5.36900335044093 346.794777406422 70532931.0202842 -19144270.9193909
-0.26085 -0.00260828676477099 0.0001963604318082 -5.37200456070936 346.771319967474 70531909.9651208 -19144199.5011282
-0.2609 0.0043870402177336 -0.00240459633164514 -5.3699019980062 346.747862528526 70533510.597465 -19144087.7627271
-0.26095 -0.00308449635069608 0.000635609312625826 -5.37283910360307 346.724405089578 70531825.430823 -19144156.7039347
-0.261 -0.000806608963742872 0.00338319559577482 -5.37092609809906 346.70094765063 70533598.6728151 -19144093.8118269
-0.26105 0.00223514467254939 -0.00460064857444816 -5.37232790350079 346.677490211682 70532255.8367357 -19144176.6869571
-0.2611 0.0019452407816959 -0.000799683694963943 -5.37124977699106 346.654032772734 70533463.5292094 -19144060.1627316
-0.26115 -0.00394730841105614 0.00442745111195948 -5.37442812893606 346.630575333786 70532402.2277059 -19144100.0832445
-0.2612 0.000951605534590233 -0.00198677333774444 -5.37253180051401 346.607117894838 70532598.474548 -19144100.9678694
-0.26125 0.000416774558296405 0.000657956027490429 -5.37510338538094 346.58366045589 70532293.6678454 -19144077.8495994
-0.2613 -0.000761687254919749 -0.000325246761631606 -5.37430514111713 346.560203016942 70532100.8918498 -19144032.0268849
-0.26135 -0.00137106246568932 0.00131928912692574 -5.37441010205495 346.536745577994 70532566.3474119 -19144018.2053874
-0.2614 0.00186945925239116 -0.00133788801180394 -5.37677305842032 346.513288139046 70532334.1728261 -19143955.0783363
-0.26145 -0.00131759290764343 0.000544511020321397 -5.37622686591285 346.489830700098 70532037.6544239 -19144006.0699432
-0.2615 0.000168910729681987 0.000848080103949749 -5.37737257638969 346.46637326115 70532010.6805889 -19143913.8028777
-0.26155 0.00142950136191829 -0.0016364251276481 -5.37974842879777 346.442915822203 70531401.1993946 -19143936.4126457
-0.2616 -0.00108814849522709 0.00240112521656918 -5.38079899623619 346.419458383255 70531944.7784809 -19143898.1259245
-0.26165 0.00109016826029891 -0.00284343646295993 -5.38013001418896 346.396000944307 70530908.3953788 -19143928.5880862
-0.2617 0.001084619305291 -0.000161217839695755 -5.37805863861242 346.372543505359 70532453.8322743 -19143855.7391329
-0.26175 -0.00369805106763105 0.00218598390590363 -5.38041622462001 346.349086066411 70531203.9927244 -19143934.226797
-0.2618 0.00256943878882933 -0.000782241668401814 -5.38122758533071 346.325628627463 70532339.4000982 -19143808.0145781
-0.26185 -0.000187445381225891 -0.00308086797914155 -5.38239000826849 346.302171188515 70531067.5457363 -19143885.2411684
-0.2619 -0.000565833768091456 0.00339382943750191 -5.379317856334 346.278713749567 70533151.5338447 -19143796.1796937
-0.26195 -0.00322628540137037 -0.00054588390245032 -5.38408152787669 346.255256310619 70530225.8030083 -19143918.6910193
-0.262 0.0059993871194341 -0.000957127364504638 -5.38351261521259 346.231798871671 70532981.0793293 -19143735.8753765
-0.26205 -0.00311851727751513 -0.00197319386394608 -5.38692173502863 346.208341432723 70529666.5583557 -19143793.3648095
-0.2621 -0.00110006562555041 0.00383201073729144 -5.38633350364895 346.184883993775 70531557.935018 -19143764.2300126
-0.26215 0.00137484939124624 -0.005466874071121 -5.38830138957854 346.161426554827 70529278.5689421 -19143758.4861703
-0.2622 0.00163307649060052 0.00161748713490755 -5.38500570835894 346.137969115879 70531868.9414419 -19143753.952871
-0.26225 -0.00498788422564255 6.79941623995923e-05 -5.39076652153239 346.114511676931 70529513.5331995 -19143679.1871683
-0.2623 0.00411273722430478 -0.000183049575095177 -5.38772781309678 346.091054237983 70531404.7095134 -19143723.2951656
-0.26235 -0.00139192812121189 -0.00377382712920516 -5.39050405905113 346.067596799035 70529538.0361447 -19143635.143102
-0.2624 -0.000127420002930581 0.00416284604833197 -5.39004379313764 346.044139360087 70531338.9986296 -19143583.6322254
-0.26245 -0.00188263926335917 -0.0016135355111054 -5.3935133583218 346.020681921139 70529130.6139611 -19143508.1659416
-0.2625 0.00456042018346167 -0.00270774703493547 -5.39240107983285 345.997224482192 70530779.454676 -19143585.0383113
-0.26255 -0.00419189864100722 0.00242454600051733 -5.39400876052912 345.973767043244 70529622.6558762 -19143515.060382
-0.2626 -0.000841479994276455 0.000565589905814782 -5.39328918919394 345.950309604296 70530371.2159366 -19143510.3522762
-0.26265 0.00187666988685581 -0.0017095911900588 -5.39328148081843 345.926852165348 70530569.2789044 -19143543.0835117
-0.2627 -0.00139157017683995 0.000305164514162092 -5.39282730016752 345.9033947264 70530229.8083599 -19143557.331035
-0.26275 -0.000285124272698588 -0.000325478819484081 -5.39261967122277 345.879937287452 70530644.0735423 -19143468.6478914
-0.2628 0.000194367477397919 0.000591962667740062 -5.3916484526868 345.856479848504 70531132.5187063 -19143499.4574859
-0.26285 -0.000324143381684375 -0.00161934267834264 -5.39447742315719 345.833022409556 70530235.6873496 -19143452.2650174
-0.2629 -0.000452733502192145 0.00113559010690423 -5.3934794109451 345.809564970608 70530606.4735166 -19143434.9203642
-0.26295 0.00242305097543144 0.000430552474137218 -5.39339471229151 345.78610753166 70531339.6657022 -19143445.7207352
-0.263 -0.000724575741634067 -0.00169389173177856 -5.39345289785172 345.762650092712 70530173.2796654 -19143507.4346914
-0.26305 0.000558123108972302 0.00129687738718485 -5.39139982888182 345.739192653764 70531682.7134624 -19143445.3257893
-0.2631 -0.00358611405920872 -0.000161449886691518 -5.39415759860365 345.715735214816 70530036.7819592 -19143425.123514
-0.26315 0.00286971324574666 -0.000527764858155215 -5.39215323385258 345.692277775868 70531546.3426626 -19143410.4673241
-0.2632 -0.00291507700673756 0.000106420243709123 -5.39261971929993 345.66882033692 70530798.7135731 -19143380.4049941
-0.26325 0.00117181743089638 -0.000336810028808027 -5.39193282314468 345.645362897972 70532000.2600023 -19143293.7854242
-0.2633 0.000954639338597463 -0.00158166932900014 -5.39407950463769 345.621905459024 70530819.7130463 -19143357.9881211
-0.26335 -0.00207195273026991 0.00373205171402862 -5.3929960505532 345.598448020076 70531813.0916938 -19143343.6861872
-0.2634 -0.000435439343128641 -0.00231848112543106 -5.39336740114374 345.574990581129 70530506.0528102 -19143353.3200934
-0.26345 0.00201260405797498 -0.000494555166802835 -5.39305888504951 345.551533142181 70531571.9877762 -19143307.8542481
-0.2635 -0.00293174154912198 0.000584294094116844 -5.39435154708048 345.528075703233 70530174.9701786 -19143336.9493619
-0.26355 0.000219554629995703 0.00213858400298186 -5.39381205179867 345.504618264285 70531422.1195539 -19143242.7722657
-0.2636 -0.000974388907001866 -0.00114599126252741 -5.39498908510129 345.481160825337 70530436.7281677 -19143402.0116205
-0.26365 0.00292464398271366 -0.000727711062071062 -5.39248447222441 345.457703386389 70532226.8739729 -19143299.3553227
-0.2637 -0.00109511838047434 -0.00156082935102174 -5.39481192970755 345.434245947441 70530463.3607015 -19143273.0401573
-0.26375 -0.00240317480156959 0.0033459721398656 -5.39429087981588 345.410788508493 70531535.8595585 -19143249.3220928
-0.2638 -0.000680766565816295 -0.00154911562134514 -5.39538140816079 345.387331069545 70530469.7619607 -19143300.6208252
-0.26385 0.00276723168187796 -0.000289118131414881 -5.39317904837134 345.363873630597 70532339.3581207 -19143259.7613504
-0.2639 -0.00309927986607084 0.00149981585369058 -5.39373755763515 345.340416191649 70531302.6408092 -19143292.7335148
-0.26395 0.00443299491054016 -0.0013351025493021 -5.39301325747411 345.316958752701 70531945.0024141 -19143308.021586
-0.264 -0.00324909077896672 -0.000696756896915674 -5.39522673921456 345.293501313753 70530441.7831954 -19143221.4694344
-0.26405 0.000428058266217457 0.00204293851540451 -5.39205868413027 345.270043874805 70532560.6299519 -19143236.7021262
-0.2641 -0.00270902348565426 0.000560479944949922 -5.39327562662038 345.246586435857 70531326.0428324 -19143243.2867587
-0.26415 0.00585551043627456 -0.00316924022543481 -5.39268967184006 345.223128996909 70532654.4978206 -19143305.0320806
-0.2642 -0.00478800153361987 0.000287397928201919 -5.39570311308023 345.199671557961 70530400.909207 -19143183.2998515
-0.26425 -0.000100796257506835 0.00482403613547988 -5.39008718810736 345.176214119013 70533360.6751058 -19143254.2724069
-0.2643 0.0033864363001404 -0.00726436191040993 -5.39357972462286 345.152756680066 70530829.6751461 -19143206.3221602
-0.26435 7.30190416343617e-05 0.0035801401896222 -5.39155091109225 345.129299241118 70532673.4375684 -19143177.0604976
-0.2644 -0.00402447267376422 -0.000689599425309976 -5.39361105325052 345.10584180217 70530601.2193058 -19143135.319955
-0.26445 0.00312761383118041 0.000228493455422457 -5.39117773030436 345.082384363222 70533136.3508644 -19143140.5366164
-0.2645 0.000666325041419616 -0.00382792447091072 -5.39353431163998 345.058926924274 70531079.3563259 -19143220.5766284
-0.26455 -0.00152765717247477 0.00407358430587055 -5.390705966311 345.035469485326 70532669.4885711 -19143130.8448777
-0.2646 0.00033352789912102 -0.00429084831340277 -5.39549679450963 345.012012046378 70531218.0602159 -19143084.5469501
-0.26465 0.00106797562674828 0.0012670925109053 -5.39513191799992 344.98855460743 70532191.7424108 -19143145.9820176
-0.2647 -0.000808407775404666 0.000206719099179479 -5.39321918879513 344.965097168482 70532410.9873208 -19143057.5515859
-0.26475 -0.00253054848501787 -0.000367356409935094 -5.39389790598457 344.941639729534 70531579.0349405 -19143022.5934875
-0.2648 0.00329166369367726 -0.000514772282077071 -5.39252216373912 344.918182290586 70533160.2491014 -19143058.1895926
-0.26485 -0.00301166885712419 -0.000800049919792518 -5.39539121657974 344.894724851638 70531087.1276804 -19143094.3804177
-0.2649 0.00102669936820021 0.00266004152139575 -5.39128330789324 344.87126741269 70533624.3858409 -19143014.7085878
-0.26495 0.000608564808603575 -0.00376598297683636 -5.39230369402537 344.847809973742 70532036.7052071 -19143034.1205098
-0.265 -0.001999008635715 0.00443773543826161 -5.39093319584714 344.824352534794 70533764.9272575 -19143027.7533518
-0.26505 -0.00132413647793046 -0.00222898258552492 -5.39401862757915 344.800895095846 70531651.1067532 -19142964.842098
-0.2651 0.00206783665512922 0.00271795140086093 -5.39035646241918 344.777437656898 70533904.7596397 -19142955.3709638
-0.26515 -0.00222555822455362 -0.00343078994858132 -5.39420652378788 344.75398021795 70531446.4438173 -19142935.6476531
-0.2652 0.00193846203612148 0.00379810277447557 -5.39077848878311 344.730522779002 70534622.1700241 -19142937.8462442
-0.26525 -0.00168430777286631 -0.00314748480006407 -5.39174204112266 344.707065340055 70531997.110973 -19142955.8770494
-0.2653 0.000581371303312554 0.00112065589709751 -5.38915201499658 344.683607901107 70534083.888183 -19142893.6166836
-0.26535 -0.0020210050075423 -2.23706995572114e-05 -5.39019663655001 344.660150462159 70532782.3579803 -19142905.9346518
-0.2654 0.00080714495330803 0.00144130179652049 -5.38893342972169 344.636693023211 70534290.1719441 -19142822.4375672
-0.26545 0.000457011565923033 -0.00231975907457183 -5.38816749734131 344.613235584263 70532853.1911373 -19143014.4362559
-0.2655 0.00104158112233982 0.00153763219656568 -5.38872255338339 344.589778145315 70534662.49618 -19142830.4371735
-0.26555 -0.0027787826228306 0.0010169913219732 -5.3898543458182 344.566320706367 70533340.6759446 -19142850.9463538
-0.2656 0.00358839435711112 -0.00113046451956858 -5.38795888406595 344.542863267419 70534585.696829 -19142882.3430467
-0.26565 -0.00150028265942412 -0.00149054178288865 -5.38879734112722 344.519405828471 70533329.713327 -19142839.1684561
-0.2657 -0.000645400395145474 0.00405267334604365 -5.38597315648277 344.495948389523 70535315.2860216 -19142857.4577138
-0.26575 -0.000301086475217801 -0.0010338472483787 -5.38716853039039 344.472490950575 70534155.3568715 -19142839.5864592
-0.2658 0.00415924443880821 -0.00146235456667476 -5.38629911949983 344.449033511627 70534973.9019496 -19142854.1660137
-0.26585 -0.00426501630981164 0.00154136356529981 -5.38759934075851 344.425576072679 70533569.4176455 -19142887.7141886
-0.2659 0.00132122450531885 -0.000209743209394601 -5.3850399316806 344.402118633731 70534893.4876895 -19142839.6029278
-0.26595 -0.00018497753317425 -0.00129298716487895 -5.38635549322344 344.378661194783 70534378.7548177 -19142842.4277375
-0.266 -0.000239845044399906 0.00101554981084353 -5.38427018153891 344.355203755835 70535497.4765527 -19142824.7811068
-0.26605 -0.000570400530580386 0.000554254916333236 -5.38581999093346 344.331746316887 70534899.5550549 -19142828.4228326
-0.2661 -0.000140497379170243 -0.000966919965576436 -5.38403610619425 344.308288877939 70534534.5473267 -19142896.2182817
-0.26615 -0.000995138152126169 0.00137313446941949 -5.38292754804846 344.284831438991 70535633.9857021 -19142845.6976987
-0.2662 0.000201151298808782 -0.00152104514908439 -5.38600351036775 344.261374000044 70534487.7089936 -19142794.3958844
-0.26625 0.00141156911689945 0.000654555763331933 -5.38331190756763 344.237916561096 70535784.5460946 -19142870.3733699
-0.2663 -0.00191743132669632 0.00178298048368609 -5.38613002933438 344.214459122148 70534367.2613201 -19142810.7910259
-0.26635 0.00261999374217943 -0.000734554053100588 -5.38497804514757 344.1910016832 70535146.4462703 -19142863.9072568
-0.2664 -0.00158581552852509 0.000387259442315004 -5.38537178536162 344.167544244252 70534704.2307695 -19142812.4842082
-0.26645 0.00190980486313474 0.00088186180585162 -5.38296949885495 344.144086805304 70535846.3506338 -19142895.2762817
-0.2665 -0.00159773860482667 -1.29150638587498e-05 -5.38311924593001 344.120629366356 70535356.3410311 -19142849.9389935
-0.26655 0.00131886699803489 0.000798754642652168 -5.38132000965683 344.097171927408 70536247.8283674 -19142887.153868
-0.2666 0.000427141877977595 -0.00252485458141914 -5.38383307046125 344.07371448846 70535192.9918061 -19142843.4002346
-0.26665 -0.00151363975694506 0.00303033530986679 -5.38162466382094 344.050257049512 70536116.3482484 -19142861.157867
-0.2667 0.000328637282144112 -0.00305242376752147 -5.38140081256278 344.026799610564 70535366.7268283 -19142809.6711898
-0.26675 0.000104685428442563 0.00282366142586878 -5.37931772626102 344.003342171616 70537184.3397408 -19142860.1261678
-0.2668 -0.00165083327645733 -0.00109271219214322 -5.38432354526993 343.979884732668 70535234.6198115 -19142743.53093
-0.26685 0.00176631656691134 0.000303374749074602 -5.38312586703878 343.95642729372 70536132.616548 -19142835.9333713
-0.2669 -0.000774014651363401 0.000253853696654457 -5.38555366299926 343.932969854772 70534877.8933443 -19142836.9737025
-0.26695 -0.000351737068773059 1.86366286241736e-05 -5.3841369505135 343.909512415824 70535250.9071667 -19142833.8358912
-0.267 -0.00108429073491991 0.000716615584291 -5.38392128469519 343.886054976876 70534992.5225544 -19142870.0294848
-0.26705 0.00285187221216425 -0.00226773639576386 -5.384328856502 343.862597537928 70535357.4811976 -19142836.6017905
-0.2671 -0.00156951292117148 0.000314228237873764 -5.38751515862472 343.839140098981 70534712.4806533 -19142749.6276008
-0.26715 0.00139796376824988 0.000115604119155263 -5.38674221783997 343.815682660033 70534899.6776136 -19142878.0081046
-0.2672 -0.00110349247063678 -9.9087043988369e-05 -5.38616075920804 343.792225221085 70534761.2536992 -19142720.5868641
-0.26725 0.000316441067349913 0.000129148203797572 -5.38676286288209 343.768767782137 70534990.604905 -19142828.9289417
-0.2673 -0.00107367645732482 0.00175759297366118 -5.38653164271412 343.745310343189 70535242.4191603 -19142826.6650475
-0.26735 0.00167034740165319 -0.00136315642865265 -5.3861195062777 343.721852904241 70535204.9467865 -19142869.8085889
-0.2674 0.000199145327600935 0.00103032046833163 -5.38478040861375 343.698395465293 70535692.2315772 -19142796.172698
-0.26745 -0.00119522444537107 -0.000399658815241234 -5.38767056646024 343.674938026345 70534524.1961224 -19142759.3530856
-0.2675 0.00133102426562742 0.000587217133068355 -5.38518735978687 343.651480587397 70535815.6682994 -19142769.6265181
-0.26755 -0.00259428641560893 -0.00074257830494645 -5.38747979672456 343.628023148449 70534294.2211106 -19142663.2196157
-0.2676 0.00137096193417987 0.00207728305697633 -5.38348804482114 343.604565709501 70536377.8629827 -19142678.1953922
-0.26765 -0.000868087760056856 -0.0035085459668361 -5.38700917856813 343.581108270553 70533832.8679418 -19142747.879454
-0.2677 0.00220794711905462 0.00262172342453464 -5.38430604554254 343.557650831605 70536972.0375289 -19142669.9639391
-0.26775 -0.0050682788733501 -0.00221518853887073 -5.38863624874439 343.534193392657 70532918.0335183 -19142762.4469305
-0.2678 0.00751530265093795 0.00243688772366181 -5.38229832650708 343.510735953709 70538242.5278988 -19142756.7391489
-0.26785 -0.00620841704446614 -0.00392826566838881 -5.39129524933703 343.487278514761 70531875.8784122 -19142725.0761513
-0.2679 0.0050112571106951 0.00664183477233405 -5.38296358099851 343.463821075813 70538850.5937181 -19142740.3983239
-0.26795 -0.00476853949959361 -0.00688470128466491 -5.39136015922038 343.440363636865 70531986.8049098 -19142691.5701335
-0.268 0.00636919009784529 0.00696468800210556 -5.38460396348471 343.416906197918 70538385.0508144 -19142692.612301
-0.26805 -0.00701385649400495 -0.00613917788929393 -5.39263969919835 343.39344875897 70530894.9033117 -19142711.1980458
-0.2681 0.00512579122170998 0.00829805674858776 -5.38283455825738 343.369991320022 70538873.4306263 -19142761.8770348
-0.26815 -0.00310791803226903 -0.00846320164594932 -5.39348989015014 343.346533881074 70530780.8243228 -19142741.7723742
-0.2682 0.00325152187633255 0.00683075484441037 -5.38404752561103 343.323076442126 70537852.7758313 -19142684.0975523
-0.26825 -0.00677750700970651 -0.00329171773141084 -5.39171647928094 343.299619003178 70532003.3919861 -19142636.0087995
-0.2683 0.00558834763992538 0.00221317209563142 -5.38364916615473 343.27616156423 70537499.554765 -19142639.0062334
-0.26835 -0.00568565431201705 -0.0031590077710441 -5.39044697779281 343.252704125282 70532412.4459668 -19142648.8620912
-0.2684 0.00311580486763683 0.00548978399451175 -5.38459451152026 343.229246686334 70537760.1920497 -19142655.2504016
-0.26845 -0.00253825933584182 -0.00590473910347491 -5.39217667981993 343.205789247386 70532106.2523652 -19142646.5266777
-0.2685 0.00464562644506285 0.00318362119782902 -5.38456041350031 343.182331808438 70537629.9968309 -19142640.3553009
-0.26855 -0.00625361647875864 -0.000787656137073411 -5.39095681507248 343.15887436949 70532895.7501895 -19142672.7524717
-0.2686 0.00256062340606086 0.00284207250274126 -5.38785976200523 343.135416930542 70536357.4232734 -19142630.3057215
-0.26865 -0.00134850774661709 -0.00590816708110985 -5.39587659256565 343.111959491594 70532039.9858784 -19142593.5033
-0.2687 0.00277755479912023 0.00390631567421281 -5.3893116560053 343.088502052646 70536767.2418281 -19142520.836749
-0.26875 -0.00411293761249923 -0.00289356274787775 -5.39604734730951 343.065044613698 70532176.6357103 -19142546.3249865
-0.2688 0.0036867448757519 0.00103264599619095 -5.39225649469744 343.04158717475 70535533.4080981 -19142532.9210892
-0.26885 -0.00137311904668383 -0.0029575273995494 -5.39365253921241 343.018129735802 70533563.2549488 -19142540.1463427
-0.2689 0.000678976205005063 0.00457655566030327 -5.38926944342169 342.994672296855 70536517.6376859 -19142511.0291224
-0.26895 -0.000710420600015263 -0.00385566188159199 -5.3930794947434 342.971214857907 70533648.8744844 -19142579.4539543
-0.269 0.00172811723331566 0.00168739468001822 -5.38893735314525 342.947757418959 70536409.6589986 -19142472.7332762
-0.26905 -0.00290137688086262 -0.00145240671922197 -5.39175345499127 342.924299980011 70533597.9431188 -19142540.1174329
-0.2691 0.00403240437856906 -0.000534669977245433 -5.38952876484144 342.900842541063 70536015.3719694 -19142409.4582528
-0.26915 -0.00369290043572271 1.01838529620115e-05 -5.39332244199123 342.877385102115 70533637.3649525 -19142486.4880697
-0.2692 0.00316348739836649 0.00196369890517351 -5.38904739207841 342.853927663167 70536399.9129878 -19142532.20345
-0.26925 -0.00236945912571703 -0.00270048004220616 -5.39301951861644 342.830470224219 70533012.3457554 -19142488.2561844
-0.2693 0.00266339208839854 0.000960710271997044 -5.38946522554248 342.807012785271 70535958.9424976 -19142477.3893323
-0.26935 -0.00236844811447762 -0.000876866849280507 -5.39065455065882 342.783555346323 70534695.6327143 -19142422.0600117
-0.2694 0.00209250294874657 0.00156114601833228 -5.38898811277407 342.760097907375 70535870.0501837 -19142554.917704
-0.26945 -0.00115680379472944 -0.00108187539136398 -5.38941494777432 342.736640468427 70534483.392467 -19142539.0330728
-0.2695 0.00122061888617737 0.000962358337946171 -5.38996577661898 342.713183029479 70535434.2448968 -19142570.5255766
-0.26955 0.00204964488690403 -0.00188459653573527 -5.38935464579333 342.689725590531 70535160.2340126 -19142567.1673271
-0.2696 -0.0020149869677778 0.0025672715875655 -5.3904156341661 342.666268151583 70534870.9952286 -19142516.3445719
-0.26965 0.000377123201020109 -0.00160082016250681 -5.38891231917634 342.642810712635 70534933.2197998 -19142465.5770143
-0.2697 0.0011594306368702 0.00209423926621854 -5.38699208298883 342.619353273687 70536047.6289394 -19142559.5305964
-0.26975 -0.00160421589730551 -0.00255562333677282 -5.3894982681187 342.595895834739 70534017.6857151 -19142532.0861409
-0.2698 0.000816489920108268 0.000543657241881674 -5.38457033951583 342.572438395792 70536409.839986 -19142523.4097963
-0.26985 -0.00133935066964726 0.000288067609883041 -5.38612126089526 342.548980956844 70535610.4355209 -19142461.9904778
-0.2699 0.00380176161031565 0.000475066349379047 -5.38288146552094 342.525523517896 70536872.4669109 -19142590.1257311
-0.26995 -0.00198733393628215 -0.00199349952675214 -5.38653904414397 342.502066078948 70534538.6649244 -19142505.7528401
-0.27 -0.000352985762851986 0.0049117449770792 -5.38276515787137 342.47860864 70537377.008363 -19142568.2289906
-0.27005 2.33988715837103e-05 -0.00464358641616733 -5.3835493684975 342.455151201052 70535116.0238148 -19142517.5064723
-0.2701 0.00372833349438483 0.0012596077776054 -5.37996203532364 342.431693762104 70537806.564739 -19142543.4859131
-0.27015 -0.00602626053512695 -1.47505568756273e-05 -5.38587387541939 342.408236323156 70534203.8959378 -19142548.7038207
-0.2702 0.00330814515261384 0.00201033248606576 -5.38130367040692 342.384778884208 70537782.9137811 -19142577.0601237
-0.27025 -0.00090371573714151 -0.00431966381179184 -5.38438274955093 342.36132144526 70534905.4333964 -19142566.0112517
-0.2703 0.000686538229120166 0.00455160204840236 -5.37996162442303 342.337864006312 70538071.6354539 -19142590.060851
-0.27035 -0.00222881001961516 -0.00078036679105545 -5.38275942421403 342.314406567364 70535311.1554431 -19142568.5292515
-0.2704 0.0035175364177632 -0.0016883047042466 -5.38088416638104 342.290949128416 70537285.9298377 -19142520.9740376
-0.27045 -0.00218500214684373 0.00036560700211073 -5.38295205275608 342.267491689468 70535506.2413165 -19142618.1344194
-0.2705 -0.000317201094591349 0.00287533128580293 -5.38098379297567 342.24403425052 70536904.6680314 -19142540.9817697
-0.27055 0.00100360347869673 -0.00501259450639225 -5.38315749540963 342.220576811572 70534879.6492551 -19142626.2848291
-0.2706 0.00116360087748172 0.00323033439720627 -5.37910275828346 342.197119372624 70537522.3135806 -19142629.3501957
-0.27065 -0.00315267242451335 0.000211242385616458 -5.38242632620845 342.173661933676 70535086.0791586 -19142553.7978206
-0.2707 0.0016926749027851 0.000637481726458226 -5.37838947026267 342.150204494729 70537581.2859683 -19142476.6063576
-0.27075 -0.00183823145932674 -0.00112623081657028 -5.37858003045198 342.126747055781 70536215.5674736 -19142607.3299496
-0.2708 0.00135441667910273 -0.000170130959961169 -5.3775484345122 342.103289616833 70537203.6821708 -19142577.6354611
-0.27085 -0.00153770821495877 -0.000410861452362943 -5.37687820233317 342.079832177885 70536945.6738441 -19142586.497364
-0.2709 0.000325545869399176 -0.000204686957111799 -5.37601819872346 342.056374738937 70537111.2950535 -19142649.7804567
-0.27095 -0.000768387192664002 -0.00091133946214841 -5.37717870347134 342.032917299989 70536574.9386307 -19142612.8137947
-0.271 -0.00143987806683228 0.0029354099652502 -5.37522204087771 342.009459861041 70537307.4609591 -19142700.036543
-0.27105 0.00102199872073145 -0.00214064245489063 -5.37512308512454 341.986002422093 70537369.986065 -19142609.9749528
-0.2711 0.000395194552375186 -0.00150559808173123 -5.37706451262444 341.962544983145 70536315.5750005 -19142638.2586107
-0.27115 -0.00203332269288313 0.00249602862234575 -5.37509122173478 341.939087544197 70537024.433469 -19142691.8077104
-0.2712 0.000669914882727593 -0.000553232886988686 -5.37595528937771 341.915630105249 70536722.6375617 -19142705.5972318
-0.27125 0.0015204259373509 0.000690931586544316 -5.37564953896961 341.892172666301 70537454.7460375 -19142788.1310639
-0.2713 -0.00147157848098425 -0.000591328282842958 -5.3764633947609 341.868715227353 70536677.5786572 -19142652.7216528
-0.27135 0.000325665577391709 0.0011523561999366 -5.37557339053889 341.845257788405 70537561.6050449 -19142744.2603829
-0.2714 -0.000205979214396402 -0.00299209940738483 -5.37828271734772 341.821800349457 70536056.1198655 -19142643.9314932
-0.27145 0.00141568034313486 0.00113141822369159 -5.37587464385412 341.798342910509 70537522.2056699 -19142745.5757255
-0.2715 -0.00329427534151458 0.0028550983128361 -5.37581739867724 341.774885471561 70537066.5085774 -19142748.8968252
-0.27155 0.00189785846519669 -0.00230263760756991 -5.37626052868703 341.751428032613 70536466.0982034 -19142748.6903867
-0.2716 0.000122720299322733 -0.000746330610617896 -5.37690836699355 341.727970593665 70536696.4356451 -19142759.6066573
-0.27165 -0.000648269152564643 0.000844928807123274 -5.3765488991056 341.704513154718 70536436.3044557 -19142785.8712149
-0.2717 0.0010192129007071 -0.000769201588962889 -5.37713589563545 341.68105571577 70536709.6869072 -19142769.2620243
-0.27175 -0.00117710726863985 0.00099541705253646 -5.37662489011212 341.657598276822 70536393.8686852 -19142796.9506285
-0.2718 0.00260030305616002 -0.00175981317913149 -5.37479022695813 341.634140837874 70536623.3109576 -19142794.9692641
-0.27185 -0.00201138482025773 0.00183861080101751 -5.37461619727902 341.610683398926 70536928.8501653 -19142664.7157037
-0.2719 0.000512505532178951 -0.00141888834649465 -5.37545785350898 341.587225959978 70536381.1955801 -19142806.085505
-0.27195 0.000984417296445276 -0.00119959150367676 -5.37411429145263 341.56376852103 70537269.7127429 -19142655.6816943
-0.272 -0.00112821807159545 0.00153003812816889 -5.37463215820613 341.540311082082 70537279.653115 -19142781.0006435
-0.27205 -0.000156896006941705 0.00209154012732646 -5.37569865239323 341.516853643134 70537685.045382 -19142681.2319092
-0.2721 -0.00175515714955734 -0.000504844144322911 -5.374894666876 341.493396204186 70536569.5010118 -19142757.570651
-0.27215 0.00437772285761711 -0.000903160697590627 -5.37405288716761 341.469938765238 70538083.761556 -19142728.6077507
-0.2722 -0.00393995045341343 0.000622805890614169 -5.37688030970726 341.44648132629 70535794.238442 -19142744.6644364
-0.27225 0.00115748698909004 0.000982500845496427 -5.37700871268289 341.423023887342 70536978.0980433 -19142686.2135536
-0.2723 4.13137583364988e-05 -0.0030467971558506 -5.37748543278898 341.399566448394 70535964.4564347 -19142740.3096032
-0.27235 0.00262493353690846 -0.000233670956695276 -5.37395308054031 341.376109009446 70538055.3780562 -19142611.7667688
-0.2724 -0.00296314901205253 0.00133564231506759 -5.37548794272447 341.352651570498 70536386.7240227 -19142755.3553485
-0.27245 -0.000524549642669185 0.000242482479908002 -5.37390591608025 341.32919413155 70537466.7305251 -19142632.7162355
-0.2725 0.00164273008532954 -0.00244892379701258 -5.37328423187319 341.305736692602 70536928.9279126 -19142737.0305872
-0.27255 -0.000537257783199785 0.000710703204170903 -5.37404677697973 341.282279253655 70537281.7988279 -19142818.1865962
-0.2726 -0.000549076120811283 0.00104150333091985 -5.3753462097828 341.258821814707 70536743.4026184 -19142862.6442434
-0.27265 0.00116517147522635 -0.0022220669872233 -5.37684922961676 341.235364375759 70536437.3108749 -19142749.1778278
-0.2727 -0.00247197567492231 0.00178341632879351 -5.37772240117313 341.211906936811 70536566.2823016 -19142727.7236112
-0.27275 -0.000113282946278827 -0.000520723059515036 -5.37621911566849 341.188449497863 70536952.5206715 -19142782.0405273
-0.2728 0.0038486316471266 0.000720885071057326 -5.37470216254275 341.164992058915 70538083.8803582 -19142779.9415111
-0.27285 -0.00360755050406004 -0.00217718795121879 -5.37928420646909 341.141534619967 70534596.0196149 -19142781.0453452
-0.2729 0.000723870706860189 0.00355256657198571 -5.37454928954768 341.118077181019 70538263.6914074 -19142772.5044797
-0.27295 -0.000925328129553914 -0.00238969235133792 -5.37857477960573 341.094619742071 70535934.9109499 -19142662.0304944
-0.273 0.00271263955925174 6.91337374842868e-05 -5.37835491378367 341.071162303123 70537500.5977708 -19142718.5873871
-0.27305 -0.00427386226908061 -0.00040115378627677 -5.37939594575784 341.047704864175 70535520.0641398 -19142685.7293253
-0.2731 0.00289086725449781 0.0017253164435466 -5.37587428897621 341.024247425227 70537680.8454298 -19142782.5738117
-0.27315 -0.000143425195466528 -0.00293901180490195 -5.38091998751986 341.000789986279 70535273.1047599 -19142692.3041102
-0.2732 0.000291883051609597 0.00186960008080543 -5.3781639922621 340.977332547331 70536909.2594096 -19142783.6557801
-0.27325 -0.000806838237949546 -0.00127130598906142 -5.37929905463196 340.953875108383 70535577.4448907 -19142695.6215537
-0.2733 0.0010606824747108 0.000273071392515061 -5.37986637697725 340.930417669435 70536205.8964005 -19142739.6956758
-0.27335 -0.00150827966058265 7.60132180805891e-05 -5.38184891767556 340.906960230487 70535600.4890145 -19142678.2852533
-0.2734 0.000235896595020112 -0.00024603757246642 -5.38045678330779 340.883502791539 70536373.6296565 -19142687.5924962
-0.27345 0.00127976663773304 -0.00197420538887771 -5.38093669143662 340.860045352591 70535756.5136209 -19142708.7453748
-0.2735 -3.04738880952076e-05 0.00175067275261039 -5.37969434672849 340.836587913644 70536705.5886224 -19142669.1385847
-0.27355 -0.000680995069077843 -0.00158464905229534 -5.38444384688713 340.813130474696 70535132.9109329 -19142539.4725592
-0.2736 0.00160780134063647 0.00127632738426097 -5.38304662503307 340.789673035748 70536524.0734247 -19142577.5717702
-0.27365 -0.00112467253682566 -0.00196142618180271 -5.38517525311796 340.7662155968 70535438.0262018 -19142554.172865
-0.2737 0.00250688559796536 -9.38103265999503e-06 -5.38456457588557 340.742758157852 70536495.9038266 -19142590.9905488
-0.27375 -0.000482727794849488 -0.00107680916635121 -5.38453963828605 340.719300718904 70535433.6279889 -19142626.7087045
-0.2738 -0.00190179420458932 0.00196472213047821 -5.38557843866755 340.695843279956 70535921.2626406 -19142542.7647082
-0.27385 0.00162344300926409 -0.00100542479083037 -5.386461080136 340.672385841008 70535565.384022 -19142528.3128826
-0.2739 0.00024340302592541 -0.00180528557591109 -5.38632401389486 340.64892840206 70535715.3531889 -19142527.9758117
-0.27395 -0.00194581986312029 0.00455662942923155 -5.38588018768325 340.625470963112 70536696.2413239 -19142546.0749355
-0.274 -0.00182873638315618 -0.00167280770181045 -5.38820910707022 340.602013524164 70534920.6113728 -19142542.3876668
-0.27405 0.0051383864362151 -0.000226560156088505 -5.38703614809385 340.578556085216 70536894.6830813 -19142463.217298
-0.2741 -0.00743747932317507 0.00090325679574189 -5.39276356333602 340.555098646268 70532971.019944 -19142443.138737
-0.27415 0.00359500104821573 0.00299776002203126 -5.38988118984588 340.53164120732 70536516.4763905 -19142563.2425882
-0.2742 0.000275084595446169 -0.00586843579085706 -5.39505702161754 340.508183768372 70533265.099972 -19142375.7404081
-0.27425 0.00122393308699177 0.00468326491355487 -5.39054480404406 340.484726329424 70536113.0881424 -19142482.0150205
-0.2743 -0.00320725216258343 -0.00163335857913493 -5.39512940235076 340.461268890476 70533342.3740848 -19142442.6459844
-0.27435 0.00166750071463645 -0.000340443323346727 -5.39056157448699 340.437811451528 70536085.6844787 -19142396.2862927
-0.2744 0.000993151536343679 -0.00169111675515566 -5.39210123278733 340.414354012581 70534677.7428593 -19142504.6980448
-0.27445 -0.00257872723594762 0.00226147383314037 -5.39239083446325 340.390896573633 70535038.4382103 -19142358.4398221
-0.2745 0.00189664441713611 -0.00250356949219245 -5.39316043998626 340.367439134685 70534672.3232346 -19142386.0434642
-0.27455 -4.08068288395951e-06 -0.000654290882465673 -5.39266419577006 340.343981695737 70535141.8157662 -19142335.2524419
-0.2746 -0.00284934300589263 0.00245808891572546 -5.3946004174442 340.320524256789 70534241.0733529 -19142458.1880839
-0.27465 0.0002760043655188 2.47226325009196e-05 -5.39493461746697 340.297066817841 70535000.9882722 -19142334.5987658
-0.2747 0.000300053157670405 -0.00144245125348851 -5.39518317391719 340.273609378893 70534579.583218 -19142327.3816894
-0.27475 -0.000320739583961666 -0.000283717521456204 -5.39638116904097 340.250151939945 70534470.0259905 -19142391.9945372
-0.2748 -0.00107645780289242 0.00143407349795945 -5.39766247569397 340.226694500997 70533846.3448981 -19142290.586571
-0.27485 -0.000532187157042718 -0.00172552158375534 -5.39696071543078 340.203237062049 70533398.0106871 -19142350.6924078
-0.2749 -0.000611811088008318 0.000883566874179211 -5.39408878519964 340.179779623101 70534698.1471682 -19142350.9100587
-0.27495 5.88407791819274e-05 -0.000541047893828515 -5.39614390890463 340.156322184153 70534571.8114424 -19142317.7627662
-0.275 -6.45061109415111e-06 -0.00155848269905962 -5.39754734762934 340.132864745205 70533727.9116373 -19142335.5101752
-0.27505 0.00170997394160899 0.00116228246560247 -5.39935124298119 340.109407306257 70534438.7262478 -19142312.4669302
-0.2751 -0.000141275533792761 -0.00145055220647177 -5.40058781261212 340.085949867309 70532953.9090993 -19142235.8413282
-0.27515 -0.00144080390067954 0.00232963318573646 -5.39792452274567 340.062492428361 70534552.3815561 -19142190.7959308
-0.2752 -0.00191613265551204 -0.0022427059029838 -5.40018630363099 340.039034989413 70533288.3513066 -19142146.0695691
-0.27525 0.00299587889322931 0.000229018821082626 -5.40003801942795 340.015577550465 70534673.1277004 -19142150.0659554
-0.2753 -0.00397842108921496 -0.00220921916642488 -5.40420256206511 339.992120111518 70532181.5508546 -19142099.6249276
-0.27535 0.00304286408734538 0.00149431009061051 -5.40157123372688 339.96866267257 70534796.054032 -19142160.3633481
-0.2754 -0.00356659342934189 -0.000165777024566715 -5.4068944600535 339.945205233622 70532228.8088042 -19142073.7698794
-0.27545 0.00504870820343477 -0.000405280695631505 -5.40360589745051 339.921747794674 70534674.6498171 -19142098.5119145
-0.2755 -0.00366256372265776 -0.000616915421287078 -5.40569558681897 339.898290355726 70532506.8005056 -19142130.6708432
-0.27555 0.00233764897385875 0.00257633133271552 -5.4038509865377 339.874832916778 70534704.608011 -19142046.2872891
-0.2756 0.000133936379910017 -0.00364441664190058 -5.40801011210311 339.85137547783 70531904.380918 -19142120.2535828
-0.27565 0.00112267803381886 0.00351645009673431 -5.40539564244904 339.827918038882 70534341.0581593 -19142047.8757382
-0.2757 -0.00245533351408326 -0.000274537187059606 -5.40663202776067 339.804460599934 70532775.9729951 -19142017.6438263
-0.27575 0.00367987795606048 -0.00128556161301265 -5.40622606472744 339.781003160986 70533802.6636978 -19141883.4062816
-0.2758 -0.00294684835275826 0.00351986652414797 -5.40902055163907 339.757545722038 70533074.8225464 -19141913.7036809
-0.27585 0.000767341283880157 -0.0020510584800136 -5.40989315944959 339.73408828309 70532519.6571256 -19141856.1058165
-0.2759 0.00353178348814045 -0.000580245988834777 -5.40867303087688 339.710630844142 70533529.879828 -19141906.4322246
-0.27595 -0.0069213254333095 0.00198642467033886 -5.41232500114702 339.687173405194 70531457.7455318 -19141936.8465606
-0.276 0.00519825934262531 -0.0001654264556896 -5.40996214832738 339.663715966246 70534150.9470142 -19141917.5594713
-0.27605 -0.000669375888593914 -0.00276644768039884 -5.41490621060328 339.640258527298 70531263.9840051 -19141857.1318445
-0.2761 -0.00079210894208215 0.00432675409971916 -5.4109659588833 339.61680108835 70534069.779324 -19141833.1647683
-0.27615 -0.00123253745908805 -0.0013667824049388 -5.41587624284818 339.593343649402 70531338.6896634 -19141853.3544145
-0.2762 0.00349332167034412 0.00038477363490582 -5.4119707991828 339.569886210455 70533863.5303119 -19141817.9385638
-0.27625 -0.00141487559409673 -0.00113569159207087 -5.41616336514199 339.546428771507 70531826.1585575 -19141838.3771375
-0.2763 -0.000390551893756726 0.00272422957938923 -5.41374774327195 339.522971332559 70532968.7647082 -19141818.3330446
-0.27635 0.00105278264698992 -0.00204651859378654 -5.41502204737523 339.499513893611 70532270.7437907 -19141860.967767
-0.2764 0.00252385529363957 -0.0011668037612589 -5.41342694695695 339.476056454663 70533224.1552697 -19141751.0522197
-0.27645 -0.00417879097139667 0.00247932046037298 -5.41480726436371 339.452599015715 70532589.8641411 -19141717.7830885
-0.2765 0.00163931357405988 -0.0015430547995155 -5.41726733068993 339.429141576767 70531867.4013308 -19141729.1009368
-0.27655 0.0011952881203119 -0.000992365012622405 -5.41366223563549 339.405684137819 70532975.9394489 -19141775.9284244
-0.2766 -0.00091840890773318 0.000546359855185814 -5.41437212990327 339.382226698871 70533020.0139327 -19141713.7152794
-0.27665 0.000827756459689258 -0.000455075006760586 -5.41353236395593 339.358769259923 70533260.742886 -19141731.6031297
-0.2767 -0.00356045564297193 0.000662327987632328 -5.41744544023304 339.335311820975 70531881.1160321 -19141644.7558543
-0.27675 0.00319589451802459 -0.00103837151063977 -5.41441389015288 339.311854382027 70533592.5518505 -19141688.0540561
-0.2768 -0.0025527916796486 0.00132976840657059 -5.41581464654017 339.288396943079 70532816.95252 -19141717.4973838
-0.27685 0.000346341990276123 0.000265761142393068 -5.41423307936446 339.264939504131 70533649.3651982 -19141591.1799129
-0.2769 0.000162301232633911 -0.00364512145684057 -5.41513930240596 339.241482065183 70532134.5258172 -19141675.8731114
-0.27695 -0.00031583418814166 0.00378306416182378 -5.41335008932654 339.218024626235 70534459.2438963 -19141639.01414
-0.277 -0.00256852490662295 -0.00134004794943391 -5.41610821294409 339.194567187287 70532051.5471649 -19141592.3799899
-0.27705 0.00265364229264376 0.00134746071565613 -5.416306593893 339.171109748339 70533949.1776044 -19141666.5036932
-0.2771 0.000594561195020981 -0.00137159226582353 -5.41936609159714 339.147652309392 70531703.4352499 -19141617.0711126
-0.27715 -0.00133682977528772 0.00191483498981355 -5.41818485934727 339.124194870444 70532644.0970619 -19141567.8403647
-0.2772 -0.00087849656678648 0.000329335442331964 -5.41895192653857 339.100737431496 70532506.322289 -19141507.6351474
-0.27725 0.00249528286633629 -0.00135846832774793 -5.41689117024522 339.077279992548 70533354.341771 -19141498.2875357
-0.2773 -0.00150245157992948 -0.000225031669526483 -5.41933565592486 339.0538225536 70532095.9395898 -19141439.2065733
-0.27735 -0.00324038184952713 0.00199346758701339 -5.41946801909143 339.030365114652 70532257.7378291 -19141449.8318449
-0.2774 0.00282483147382206 -0.00101961051359009 -5.41698784372419 339.006907675704 70533549.7865574 -19141474.4097311
-0.27745 -0.000105540075298439 -0.00112101990226357 -5.41839717933208 338.983450236756 70532652.3569115 -19141400.3819111
-0.2775 -0.000598882494268737 9.85052786954628e-05 -5.4158036602037 338.959992797808 70533149.9529696 -19141421.9381706
-0.27755 0.000308966460867858 0.00173162700673433 -5.41727498877688 338.93653535886 70533419.9590814 -19141426.9210019
-0.2776 -0.000783118173559478 -0.000568429087641991 -5.41731585465546 338.913077919912 70532739.6925554 -19141347.225484
-0.27765 0.00056896330345889 -0.000370905300182203 -5.41838805487749 338.889620480964 70532767.5505406 -19141392.8043605
-0.2777 2.95903922613144e-05 -0.000440902978699694 -5.41740255235524 338.866163042016 70533009.0777684 -19141356.9740411
-0.27775 -0.000334412921227375 0.000651258908672744 -5.41821941940869 338.842705603068 70532833.2884797 -19141470.9522277
-0.2778 0.000601434940817118 -5.10173170374613e-06 -5.415276326138 338.81924816412 70533245.6342124 -19141498.3584185
-0.27785 -7.30524787761983e-05 -0.000249743061340707 -5.41550867415245 338.795790725172 70533129.998862 -19141406.1408036
-0.2779 0.000349494022337349 -0.00188759654525208 -5.41582237976102 338.772333286224 70533005.3635766 -19141322.6122986
-0.27795 -0.00195229865746956 0.00402494451035506 -5.41266420815317 338.748875847276 70534762.191513 -19141274.6269304
-0.278 0.000597974757349481 -0.00348312893963617 -5.41446813100607 338.725418408329 70532902.7785335 -19141329.4705565
-0.27805 0.00150882786261349 0.00132213262853096 -5.4119452593781 338.701960969381 70534919.1135847 -19141373.1893126
-0.2781 -0.00147729974263222 -0.00161486840971634 -5.41367169816317 338.678503530433 70533197.5549453 -19141374.9529049
-0.27815 -0.00012162667926648 0.00481163448659139 -5.40979758454094 338.655046091485 70535533.6462305 -19141332.1373993
-0.2782 -0.000727713040690559 -0.00604903685714409 -5.41398972716445 338.631588652537 70532806.713451 -19141362.7501775
-0.27825 0.0035581008261896 0.00274465964690385 -5.40784816117935 338.608131213589 70536546.5493785 -19141372.660353
-0.2783 -0.00741444342591887 0.00116930548973462 -5.41434800604615 338.584673774641 70532674.1183414 -19141281.5535635
-0.27835 0.00456747958677932 -1.87710074183696e-05 -5.41003205907456 338.561216335693 70536016.9711418 -19141285.9655533
-0.2784 -0.000388015296996703 -0.00668886147227056 -5.4151464056766 338.537758896745 70531982.162126 -19141333.6869748
-0.27845 -0.00302251709811835 0.00781381489821833 -5.40953594692787 338.514301457797 70535991.0010205 -19141271.531022
-0.2785 -0.00164698349913194 -0.00378106818600346 -5.41321646471709 338.490844018849 70532868.4747674 -19141316.9040114
-0.27855 0.00508349490842149 -0.000191133867388756 -5.40769793333645 338.467386579901 70536346.1933539 -19141295.9416412
-0.2786 -0.00431748758903388 -0.00191034033717971 -5.41030768760391 338.443929140953 70533264.4958477 -19141292.4923741
-0.27865 5.83600990676793e-05 0.00325651847444001 -5.40588342300515 338.420471702005 70536354.0251096 -19141253.3161639
-0.2787 0.000984510244752353 -0.00268130916046294 -5.40747417757845 338.397014263057 70534901.2144619 -19141307.3302549
-0.27875 -0.00152744643036968 0.00106088149784452 -5.40647269568015 338.373556824109 70535631.478841 -19141272.7709501
-0.2788 3.77234810798654e-05 0.00128037360160945 -5.40444537159635 338.350099385161 70536039.4151793 -19141179.9352501
-0.27885 0.000833822575892652 -0.00473255122031369 -5.40571558190268 338.326641946213 70535175.684478 -19141239.3410051
-0.2789 0.00125322355116564 0.00317593198220175 -5.40192872784892 338.303184507265 70537631.1075329 -19141282.6389394
-0.27895 -0.00317698131904635 -0.000108643020398057 -5.40508965457879 338.279727068318 70535093.3595545 -19141368.9965352
-0.279 0.00246402785188905 -4.20632306482954e-05 -5.40312898854174 338.25626962937 70537029.0551282 -19141314.7977086
-0.27905 0.000224867844431627 -0.00393483353021586 -5.4035651980417 338.232812190422 70535489.898319 -19141319.3341327
-0.2791 -0.0034553742177206 0.0038212460185291 -5.40107040603742 338.209354751474 70536928.6841545 -19141296.2143684
-0.27915 0.0017809431944614 -0.00298980863892684 -5.40171880921994 338.185897312526 70536111.3358049 -19141339.3664679
-0.2792 -0.000622197226258253 0.000666650315481847 -5.3993686930211 338.162439873578 70536827.2268476 -19141310.2561277
-0.27925 -0.00180211326529218 0.00177170065834233 -5.40142310793059 338.13898243463 70536033.4830792 -19141409.4471673
-0.2793 0.00192021632802901 -0.00197237982913582 -5.40018140472903 338.115524995682 70536626.8970715 -19141322.3321531
-0.27935 8.18258677938503e-05 -0.000287423713085446 -5.40079933186299 338.092067556734 70536784.9864752 -19141344.4737821
-0.2794 -0.00247506290395651 0.00282916847559267 -5.39762578196186 338.068610117786 70537460.1964788 -19141324.1543039
-0.27945 0.0019605551044974 -0.00234441208694486 -5.39578704296819 338.045152678838 70537511.9854441 -19141329.2927871
-0.2795 0.00144068085597681 -0.0005167863241562 -5.39489596243507 338.02169523989 70537771.3970514 -19141362.6113049
-0.27955 -0.00064759047249441 0.00151139657688732 -5.39428926100348 337.998237800942 70537947.4709552 -19141346.1155
-0.2796 -4.21065880752946e-05 -0.000341696840487561 -5.39269463093771 337.974780361994 70538390.3823022 -19141346.7561297
-0.27965 0.00308999176848198 -0.00278900222793109 -5.39232072129915 337.951322923046 70538532.6740054 -19141411.5824661
-0.2797 -0.00376595284976771 0.00159721855536229 -5.39439564332649 337.927865484098 70537377.4538573 -19141373.7357649
-0.27975 -0.00166481591849151 0.00165861590969654 -5.39317060653607 337.90440804515 70538146.9723002 -19141335.3482235
-0.2798 0.00327307754666767 -0.003373045307788 -5.39266245781034 337.880950606202 70538346.3180792 -19141335.0985757
-0.27985 -0.00075915100244116 -0.000497593765579234 -5.39400405242543 337.857493167255 70537791.1932658 -19141393.7638225
-0.2799 -0.00340980244266588 0.0038707808656342 -5.3913884512304 337.834035728307 70538403.1236649 -19141411.9586297
-0.27995 0.00439414842275196 -0.00449903534573577 -5.39203747166618 337.810578289359 70538868.7825837 -19141322.6422132
-0.28 -0.00213074249701662 -0.00101489313890685 -5.3930254325324 337.787120850411 70537669.4489169 -19141374.1443015
-0.28005 -0.000515596471695727 0.00271867395880227 -5.3905497493442 337.763663411463 70539801.5818641 -19141283.2912387
-0.2801 -0.000285361700348148 -0.0011927589684383 -5.39356692755047 337.740205972515 70537681.0628347 -19141411.0000427
-0.28015 0.00320889830108814 -0.00182842583216184 -5.3907450434159 337.716748533567 70539153.284385 -19141352.1205137
-0.2802 -0.00327494916492733 0.00148652581185287 -5.39163823407478 337.693291094619 70538129.5880447 -19141369.5922985
-0.28025 0.00145087679943629 0.00129861092506026 -5.39056708657648 337.669833655671 70539413.1798251 -19141402.0471482
-0.2803 -0.000230562635196716 -0.00363110505783881 -5.3939353392082 337.646376216723 70537645.0504728 -19141337.2118328
-0.28035 0.00120987593805415 0.00316573831549004 -5.39118576169452 337.622918777775 70540047.2798612 -19141390.4984256
-0.2804 -0.00111391618352126 -2.96371236989827e-05 -5.39196185822822 337.599461338827 70538235.1673643 -19141436.3580326
-0.28045 0.00225388571513093 -0.00167376117469589 -5.39082972844839 337.576003899879 70539471.8725895 -19141348.4974053
-0.2805 -0.00126789830263837 0.000678156097905088 -5.39275275876697 337.552546460931 70538593.8625761 -19141314.387903
-0.28055 0.00093098885313321 0.000205018536094335 -5.39118097759709 337.529089021983 70539064.6916456 -19141341.1626255
-0.2806 -0.000914614710760343 -0.00309803775722401 -5.39439901183084 337.505631583035 70537506.5962263 -19141253.6364434
-0.28065 0.00264861365585436 0.0013848677848051 -5.39238901748013 337.482174144087 70539667.7735623 -19141375.4944498
-0.2807 -0.00495832669173969 -0.000307988827010719 -5.39534414218255 337.458716705139 70537074.1917816 -19141270.4529314
-0.28075 0.00373465478258911 0.000501142066609869 -5.39137253681967 337.435259266192 70540132.6314408 -19141347.2576785
-0.2808 -0.000567629522905135 -0.00185450334639015 -5.3951116791699 337.411801827244 70537577.6126402 -19141286.4797177
-0.28085 -0.00143520392808173 0.00417219433622426 -5.39426681321604 337.388344388296 70538381.6529496 -19141218.6698403
-0.2809 0.00245405458206513 -0.00244823719808595 -5.39587125692898 337.364886949348 70537983.4543293 -19141248.7649179
-0.28095 0.000151407079980256 0.00129154050612601 -5.39542781046134 337.3414295104 70538824.3505534 -19141210.0274756
-0.281 -0.000731426027561513 -0.00113899178014919 -5.39729016335886 337.317972071452 70537521.5825482 -19141243.8093041
-0.28105 -0.000326039010475598 0.000310465465449365 -5.39730922072764 337.294514632504 70538156.5670131 -19141201.8282379
-0.2811 0.000105614875635137 -0.000121471853959589 -5.39633935454193 337.271057193556 70538302.2509688 -19141177.0204683
-0.28115 -9.71986671573118e-05 0.00140436825902045 -5.39631672831704 337.247599754608 70538439.2604665 -19141293.0679613
-0.2812 0.000786895213238981 -0.00159704575663407 -5.39665062260136 337.22414231566 70537779.2219546 -19141191.4703746
-0.28125 -0.000231203309017032 0.000344503864981201 -5.39579037737074 337.200684876712 70538721.0426492 -19141143.9512703
-0.2813 -0.00108202560357434 3.03142730284169e-05 -5.39630868705103 337.177227437764 70538331.5449246 -19141168.7771814
-0.28135 9.29731300967103e-07 0.00168402654994488 -5.39460301052982 337.153769998816 70538868.3576109 -19141243.2337307
-0.2814 0.000174059352094028 -0.00200000294002216 -5.39628199746634 337.130312559868 70538103.524161 -19141159.7358912
-0.28145 0.001635993250405 -5.08807445074564e-05 -5.39531266204291 337.10685512092 70539132.1438149 -19141127.5482779
-0.2815 -0.00362954831942175 0.00064724109411972 -5.39739618052327 337.083397681972 70537435.4580881 -19141154.7116941
-0.28155 0.003624139686336 0.000501140333492145 -5.39609332033607 337.059940243024 70539421.7767892 -19141094.982192
-0.2816 -0.00429560590044569 -0.000520836970326328 -5.39887770030437 337.036482804076 70536436.0641169 -19141118.641422
-0.28165 0.00332375090926843 0.0017406760839226 -5.39455872221569 337.013025365128 70539528.2356963 -19141067.1731808
-0.2817 -0.00293711159127705 -0.00195217610716806 -5.39807843735348 336.989567926181 70536893.6785059 -19141017.7718757
-0.28175 0.00249398186368871 0.00135835656947739 -5.39658816913405 336.966110487233 70539147.6882916 -19141001.4164711
-0.2818 -0.0014580742173568 -0.00283256671151736 -5.39990153607278 336.942653048285 70536941.4765174 -19140959.9590886
-0.28185 -0.000646476912887796 0.00168163739581554 -5.39556483776995 336.919195609337 70539159.4452831 -19141004.8272525
-0.2819 -0.000843591357188232 -0.000459932884055096 -5.399465921142 336.895738170389 70537879.1866935 -19141042.3745752
-0.28195 -0.000487883347764093 0.000186238026030911 -5.39894687858182 336.872280731441 70537931.1056732 -19141015.1232834
-0.282 0.00180797419053131 -0.00247106299045095 -5.39666799250223 336.848823292493 70538396.6400097 -19141084.685165
-0.28205 -0.00216481616629523 0.00204415910777687 -5.39592367029427 336.825365853545 70538893.4624371 -19141081.0737484
-0.2821 -0.000790790443662477 -0.000752768388864695 -5.39770047709113 336.801908414597 70537710.5256247 -19141116.6448039
-0.28215 0.00283945676243404 -0.00191463100146052 -5.39716342294965 336.778450975649 70538987.9729233 -19140959.8826422
-0.2822 -0.00171477779588713 -0.00142885388423049 -5.39783788640795 336.754993536701 70537560.7096057 -19141077.6469243
-0.28225 -4.30060009399075e-05 0.00207352722385387 -5.39567708717485 336.731536097753 70539011.8418209 -19140967.9407343
-0.2823 -0.000463737249542254 -0.00240539181333534 -5.3980201155268 336.708078658805 70537657.7169751 -19141028.900246
-0.28235 0.000335594151060854 0.00224004223605246 -5.39431572120331 336.684621219857 70539334.1128352 -19141058.356866
-0.2824 -0.000132572389893101 -0.0015600634154135 -5.39554524701714 336.661163780909 70538194.6173893 -19141068.3024596
-0.28245 0.0013006547185197 0.000379132200688103 -5.39507859241979 336.637706341961 70539291.3664301 -19141066.2151926
-0.2825 -0.00207273297097664 -0.000289346011558928 -5.39622205978183 336.614248903013 70538389.5739111 -19141029.607693
-0.28255 0.000143352305376613 -0.000114515442980814 -5.39483339970306 336.590791464065 70538946.3433529 -19140995.7859412
-0.2826 -0.000824931840716163 -0.00256145905205278 -5.39708948483443 336.567334025118 70537871.7156056 -19140973.7345829
-0.28265 0.000934762255958895 0.00199301664863168 -5.3941660657572 336.54387658617 70539752.9410289 -19140948.0603575
-0.2827 -0.0031336431328804 -0.00220576897353672 -5.39716980022095 336.520419147222 70537771.5543751 -19141010.6187095
-0.28275 0.00179771763047085 0.00180910557126139 -5.39489471786456 336.496961708274 70540064.7708758 -19141010.3732334
-0.2828 -0.00118716502381956 -0.00230503813704199 -5.39820995966969 336.473504269326 70537958.5491626 -19141023.6215042
-0.28285 -0.000186304781915349 6.46237380991148e-05 -5.3964250867754 336.450046830378 70538842.3769117 -19140970.4010457
-0.2829 -0.00179929640655244 0.00143425316930574 -5.39718384530597 336.42658939143 70538571.6020986 -19141002.1107659
-0.28295 0.000110428807148662 -0.00161323111619521 -5.39705828693551 336.403131952482 70538626.8143706 -19140988.2270753
-0.283 0.0011639465422047 0.00208600493908077 -5.39655135204963 336.379674513534 70539632.2001966 -19141049.2047609
-0.28305 -0.000976497113341786 -0.00280397136869884 -5.39832497848166 336.356217074586 70537641.8647372 -19141027.5150493
-0.2831 0.00152678176637647 0.00444343563704836 -5.39551485879497 336.332759635638 70540596.3659944 -19140914.3467073
-0.28315 -0.00293664715338365 -0.00367343138485407 -5.40007866185082 336.30930219669 70536490.7597996 -19140985.2113006
-0.2832 0.00433735558292709 0.000855550427689728 -5.39633493939131 336.285844757742 70540108.7481274 -19140918.0948384
-0.28325 -0.00442209538636767 -0.00114643447748173 -5.40180840420888 336.262387318794 70536278.2293336 -19140993.2964694
-0.2833 0.00274830714588316 0.00312033046721813 -5.39900984628636 336.238929879846 70539815.6766864 -19140825.0077143
-0.28335 -0.000784469288746373 -0.00541934281402915 -5.40185948273193 336.215472440898 70536669.5732104 -19140818.3974545
-0.2834 0.00110989381240318 0.00358014355527019 -5.39856549479869 336.19201500195 70539477.3906326 -19140786.2936693
-0.28345 -0.00318697910871987 -0.0015845235779087 -5.40121975106199 336.168557563002 70537615.8589654 -19140757.4076054
-0.2835 0.00393201491381902 0.000796303190170026 -5.39876924511332 336.145100124055 70539965.7357914 -19140756.654829
-0.28355 -0.00373422518116203 -0.00259293762300162 -5.4050828628719 336.121642685107 70535977.5084313 -19140736.3280619
-0.2836 0.00353674356836529 0.00305481214214946 -5.40078054238682 336.098185246159 70539692.5012647 -19140764.3132373
-0.28365 -0.00248674275885416 -0.00333636229173248 -5.40620926115786 336.074727807211 70535916.0022627 -19140724.8929887
-0.2837 -8.45433396781637e-05 0.00324774746725276 -5.40447799618009 336.051270368263 70538370.69957 -19140741.2139828
-0.28375 0.000328334568112008 -0.00342449013611571 -5.40682561757632 336.027812929315 70536713.7966424 -19140779.4500888
-0.2838 0.000909576804773842 0.00130463679275006 -5.40590837519306 336.004355490367 70537828.7767509 -19140789.8749807
-0.28385 -0.00322881832988389 0.000187424658896679 -5.40597309745014 335.980898051419 70537104.3309533 -19140665.2309377
-0.2839 0.00338568685724527 -0.00183338497511883 -5.4037859864634 335.957440612471 70538479.5166092 -19140706.5406112
-0.28395 -0.00257619861299374 -0.00120087447927776 -5.40591643738729 335.933983173523 70537201.4647045 -19140663.4494843
-0.284 0.00131324197830313 0.00017096634433661 -5.40512571198362 335.910525734575 70538006.0657975 -19140645.2187602
-0.28405 -0.00102512166408843 -0.000994087339735768 -5.40693353698746 335.887068295627 70536860.7619416 -19140727.73691
-0.2841 0.00020096986925098 -0.000500186749014551 -5.40543867101504 335.863610856679 70538144.3330841 -19140615.2466544
-0.28415 -0.00258343158334595 0.00126948394077685 -5.40635769041497 335.840153417731 70537501.1278155 -19140715.7676844
-0.2842 0.000946731261140858 0.000487401039266316 -5.40544805895189 335.816695978783 70538325.0677122 -19140681.2483689
-0.28425 0.000776685458475457 -0.00180975584579972 -5.40746895781807 335.793238539835 70537307.9889418 -19140638.4668825
-0.2843 -0.000491641745241146 0.00126138715057534 -5.40761890694259 335.769781100887 70537442.1969759 -19140570.0704707
-0.28435 2.8320249346894e-06 0.00028014698378845 -5.40553654695739 335.746323661939 70537931.6070533 -19140542.9539263
-0.2844 -0.00122528230059787 -1.09540116659056e-05 -5.40593687540799 335.722866222992 70537786.8267709 -19140532.4282475
-0.28445 0.00337170460165746 -0.000711049770461586 -5.4036521637804 335.699408784044 70538919.8471998 -19140510.741792
-0.2845 -0.000544616752350075 0.000606318902198632 -5.40465301801467 335.675951345096 70538456.5097712 -19140536.6514236
-0.28455 -0.000851073115517454 -8.75076146658154e-06 -5.4050585415957 335.652493906148 70538145.4868257 -19140503.5602698
-0.2846 0.000188755988273062 0.00208654037702334 -5.40265073270365 335.6290364672 70538997.5867758 -19140592.5391849
-0.28465 -0.000143083503397252 -0.00290116546215218 -5.40458293762471 335.605579028252 70537709.9312658 -19140499.3026307
-0.2847 0.0015105791982318 0.00110782267567981 -5.40336893840603 335.582121589304 70539175.1390477 -19140549.326278
-0.28475 -0.001987091381966 -0.00113056025059784 -5.40668144228981 335.558664150356 70537447.1111138 -19140522.0259396
-0.2848 0.00211201931835428 0.000748323014259994 -5.40485212100437 335.535206711408 70538841.7847799 -19140489.8410853
-0.28485 -0.00295133126068314 -0.000514662625293753 -5.40718863637895 335.51174927246 70537627.9439627 -19140393.6498367
-0.2849 0.000613337082805284 0.00122880062776502 -5.40615010127969 335.488291833512 70538566.4362179 -19140473.3892733
-0.28495 2.62168708921632e-05 -0.00212324207943066 -5.40726082568841 335.464834394564 70537412.6282473 -19140443.6090316
-0.285 -0.000504509767812722 0.0028472253954231 -5.40680556303563 335.441376955616 70539000.9156415 -19140358.6970755
-0.28505 0.000505653384480324 -0.00261315866746016 -5.40762773742646 335.417919516668 70537842.7269224 -19140467.8132966
-0.2851 -0.00127186405733024 0.00215709790297288 -5.40628808570349 335.39446207772 70538643.9167835 -19140424.7789823
-0.28515 0.00160257161721447 -6.11492486786755e-05 -5.40752036045442 335.371004638772 70538383.3217231 -19140423.4152497
-0.2852 0.000525198696444099 -0.00132046301321612 -5.40720302630036 335.347547199824 70538427.6561789 -19140337.5438394
-0.28525 -0.000676874199448598 0.00113751406665059 -5.40728317717993 335.324089760876 70538618.7249963 -19140364.0336718
-0.2853 -0.000201248910657768 0.000890453757893053 -5.40655938616156 335.300632321929 70538973.6731695 -19140355.9027308
-0.28535 0.00125562723584128 -0.000927736512352683 -5.40686783923929 335.277174882981 70538636.2257268 -19140330.9541289
-0.2854 0.00153941133150481 -0.00108113447472566 -5.4074208098465 335.253717444033 70538766.6167037 -19140348.3909034
-0.28545 -0.0026328416547832 0.00438987385642046 -5.40550420900988 335.230260005085 70539460.3319005 -19140381.8339486
-0.2855 0.00149169750991038 -0.00247820325310459 -5.40576979427715 335.206802566137 70538727.9347855 -19140407.7127342
-0.28555 0.00280585486410816 -0.00162078206070869 -5.40567169113429 335.183345127189 70539254.2624816 -19140331.618842
-0.2856 -0.00557053095671274 0.00311376139192686 -5.40686760174537 335.159887688241 70538142.4525235 -19140354.7332399
-0.28565 0.00251274162574265 -0.000298066497317093 -5.40444950301087 335.136430249293 70539854.2032686 -19140310.4701471
-0.2857 -0.000597647182570842 -0.0035506500724084 -5.40749848498726 335.112972810345 70537490.3305683 -19140365.0960736
-0.28575 0.000439592984700331 0.00452666551958469 -5.4019786845914 335.089515371397 70540423.9355183 -19140379.3017259
-0.2858 -0.00338025973828219 -0.000888472850349747 -5.40510437887182 335.066057932449 70538045.6846085 -19140321.4236845
-0.28585 0.00522744169602847 -0.00195393145249824 -5.40188678606541 335.042600493501 70540199.4223476 -19140331.983796
-0.2859 -0.00419060290943642 0.00251825620975447 -5.40495337786651 335.019143054553 70538518.2585413 -19140343.1433595
-0.28595 0.000862352452656895 0.000222518332978888 -5.40255553119154 334.995685615605 70539754.4750181 -19140342.0573649
-0.286 0.00229830140855121 -0.00369322442891727 -5.40288253834221 334.972228176657 70539246.5711307 -19140228.2331159
-0.28605 -0.0014618829323008 0.00062621581023903 -5.40330559894287 334.948770737709 70538854.2280961 -19140328.2857072
-0.2861 0.000100830793465448 7.68910724816026e-05 -5.40128524274878 334.925313298761 70539565.0728322 -19140283.5434525
-0.28615 -0.0017507650760031 0.00102377709975237 -5.40229524153294 334.901855859813 70539089.7910818 -19140348.8950029
-0.2862 0.00303656703292923 -0.00226863080767324 -5.40125663895226 334.878398420865 70539577.7714511 -19140268.2201516
-0.28625 -0.00131946266927355 0.000474799690727382 -5.40302414742026 334.854940981918 70539100.904082 -19140293.0237968
-0.2863 -0.00172405136576658 5.80954478658806e-05 -5.40169387449787 334.83148354297 70539284.2039529 -19140263.5206446
-0.28635 0.00202408856391498 0.000558614830867126 -5.40168867627219 334.808026104022 70540528.98462 -19140285.4350009
-0.2864 0.000302210016301405 -0.00267446203568274 -5.40310866848521 334.784568665074 70539110.0180814 -19140287.1955635
-0.28645 -0.00180601317887332 0.00331826872002515 -5.39862241362551 334.761111226126 70540950.3868009 -19140270.5131751
-0.2865 0.00127500821487449 -0.00463672010282898 -5.4009020434066 334.737653787178 70539496.9191404 -19140239.7694874
-0.28655 0.000754335737463129 0.00154828418165497 -5.39781249961456 334.71419634823 70541144.1006041 -19140262.1011815
-0.2866 -0.0024641580517623 0.00117108066681527 -5.39901462048528 334.690738909282 70539854.0086673 -19140248.4134004
-0.28665 0.000858845093066556 -0.00162012020238944 -5.39815556644628 334.667281470334 70540211.7998018 -19140269.154031
-0.2867 0.000684951571047122 -0.00148052125251723 -5.39805972206159 334.643824031386 70540280.7952234 -19140296.3775324
-0.28675 -0.00118455196216583 0.00118119356921933 -5.39772811843925 334.620366592438 70540336.0334834 -19140299.2881184
-0.2868 -0.000375038832986531 -0.000570079023005373 -5.39958298492493 334.59690915349 70539449.1496136 -19140313.4168005
-0.28685 0.0014702758485688 -0.002405085996181 -5.39823423143083 334.573451714542 70539911.5358796 -19140225.2746499
-0.2869 -0.00287330827278197 0.00181469086170458 -5.39655591031965 334.549994275594 70540617.399624 -19140290.9980996
-0.28695 0.00225494693356898 -0.000759085581518579 -5.39548635182854 334.526536836646 70541390.1717364 -19140284.6738404
-0.287 0.000334356346399025 -0.00124540950027035 -5.39458090715283 334.503079397698 70540740.4853818 -19140348.9903767
-0.28705 -0.0018555014598534 0.00232691855909945 -5.3954518957023 334.47962195875 70541013.9979216 -19140374.4638093
-0.2871 0.00162739425977138 -0.0021430439067302 -5.39442810610725 334.456164519802 70541222.5526329 -19140304.9928433
-0.28715 9.95968469024298e-05 -0.000316673281958955 -5.39519472359014 334.432707080855 70540589.1346739 -19140319.2590807
-0.2872 -0.00108531775037533 0.00195423995227853 -5.39199437499589 334.409249641907 70541454.2458979 -19140352.5854681
-0.28725 -0.00137840726533428 -0.00051140022569757 -5.39326069853877 334.385792202959 70540583.8964292 -19140338.3707931
-0.2873 0.00191680814255215 -0.00190276238412938 -5.39245457887761 334.362334764011 70541151.1367763 -19140348.3782418
-0.28735 -0.000305335128004719 0.00154862622830307 -5.3911859374085 334.338877325063 70541755.5696451 -19140390.7997727
-0.2874 -0.00312840943775289 0.00122629214455932 -5.39275873061642 334.315419886115 70540457.2166881 -19140373.1891849
-0.28745 0.00443852607745705 -0.00377596042309179 -5.39042285245396 334.291962447167 70541572.6444591 -19140381.0974554
-0.2875 -0.000971347154099351 0.00125770584992594 -5.39000077890308 334.268505008219 70542218.8590798 -19140332.1114491
-0.28755 -0.000863077975144842 0.000992622041339566 -5.38941919650639 334.245047569271 70542242.7591583 -19140381.2342493
-0.2876 0.000210413996818994 -0.000227795119195479 -5.39179116063788 334.221590130323 70541634.4641732 -19140349.7006557
-0.28765 0.00106951538907177 -0.00146453738565054 -5.38858554486904 334.198132691375 70542439.9136019 -19140294.0208226
-0.2877 0.000888721601668411 -0.000615042529067352 -5.38946960421876 334.174675252427 70542551.8227478 -19140353.233677
-0.28775 -0.00290519052549281 0.0016198468218888 -5.38881615242158 334.151217813479 70541973.079753 -19140417.8168138
-0.2878 0.00402614050117937 -0.00332225426122917 -5.38841940302708 334.127760374531 70542480.7551003 -19140422.4567158
-0.28785 -0.00224643387626918 5.81396885744082e-06 -5.39043519239642 334.104302935583 70541698.3797312 -19140306.5723229
-0.2879 0.000760877943286145 -0.000354779506575236 -5.39007103612278 334.080845496635 70542468.718516 -19140362.1752439
-0.28795 -0.00298642073732798 0.00115768616846413 -5.39044504320761 334.057388057687 70541698.6926743 -19140379.1685779
-0.288 0.00157598058078175 -0.00189654308803303 -5.38934637682245 334.033930618739 70542418.658022 -19140319.5878275
-0.28805 -0.000693603106019447 0.0008339154291802 -5.38784950222941 334.010473179792 70542624.4036603 -19140400.3560916
-0.2881 -0.00041742286790221 0.00076639166534766 -5.38706843836045 333.987015740844 70543280.8484668 -19140340.1557781
-0.28815 0.00056969782831648 -0.000834730814784791 -5.38642452300011 333.963558301896 70543243.9486479 -19140327.6644899
-0.2882 -0.000248841179734357 -0.00165353865558619 -5.38855378605823 333.940100862948 70542500.3606851 -19140310.6480372
-0.28825 -0.00205328961139348 0.000954856826356379 -5.38618529396826 333.916643424 70543238.9636201 -19140321.521506
-0.2883 0.000697307475928638 0.000190118082243266 -5.3864229951956 333.893185985052 70543465.518645 -19140299.9389905
-0.28835 0.000129536035541169 -0.00199874948612026 -5.38707150549465 333.869728546104 70542486.3958124 -19140289.3879201
-0.2884 -0.000351918445929461 0.00367904463683877 -5.38376086574121 333.846271107156 70544531.2853768 -19140333.8088086
-0.28845 -0.00204679673608154 -0.00356110474287882 -5.38593928112569 333.822813668208 70542050.1379127 -19140312.0542279
-0.2885 0.00622676028236799 0.00147746045407832 -5.38330287609688 333.79935622926 70545493.2061443 -19140357.2170902
-0.28855 -0.00669683105345627 -0.000774878454469688 -5.38676447659992 333.775898790312 70541675.1333186 -19140358.7882352
-0.2886 0.00453304864663908 0.00330563109726263 -5.38111902817057 333.752441351364 70546289.9299641 -19140343.4255368
-0.28865 -0.00286447527801671 -0.00514831877439097 -5.38492414228633 333.728983912416 70541989.311964 -19140372.0680503
-0.2887 0.00199571242350755 0.00421844533907425 -5.37907907512086 333.705526473468 70546110.3742522 -19140361.2036784
-0.28875 -0.00234252400152256 -0.00295665952168164 -5.3845637933648 333.68206903452 70542703.5090039 -19140308.34769
-0.2888 0.00331144797629938 0.00152224164301954 -5.3790482226478 333.658611595572 70545766.0665791 -19140354.9224573
-0.28885 -0.00542307282366488 -0.00118249689323033 -5.38439244767904 333.635154156624 70542665.4121832 -19140328.9727348
-0.2889 0.00440355199471975 0.000587684285806282 -5.37738175297583 333.611696717676 70546255.1065163 -19140400.6182319
-0.28895 -0.00279729864613703 -0.00251659083065639 -5.37970529472844 333.588239278729 70543544.0352734 -19140359.5896458
-0.289 0.00214951115803024 0.00281902760419124 -5.37675163533258 333.564781839781 70546534.6823214 -19140339.2147097
-0.28905 -0.00123635388970382 -0.00249125251197582 -5.37945715766069 333.541324400833 70543622.1850929 -19140489.7909049
-0.2891 0.00233689696201659 0.000880077314936944 -5.37487734425537 333.517866961885 70546303.0370678 -19140421.0057405
-0.28915 -0.00258801539466408 6.30701347546811e-06 -5.37707901688342 333.494409522937 70543979.185152 -19140461.1380234
-0.2892 0.00273144649383544 0.00136234670644929 -5.3736060716718 333.470952083989 70546546.4257117 -19140460.353416
-0.28925 -0.00105108203238885 -0.00201565509895189 -5.37536002426725 333.447494645041 70544387.5076855 -19140509.2640309
-0.2893 -0.000204030802730167 0.00318991769815247 -5.37305459965046 333.424037206093 70546391.3940797 -19140424.468278
-0.28935 5.84648027853782e-05 -0.00400708115157167 -5.37442822596945 333.400579767145 70544303.0996191 -19140475.8524548
-0.2894 0.00216314572912705 0.00160533026464092 -5.37172731083881 333.377122328197 70546780.0099877 -19140397.9307274
-0.28945 -0.00556156447998159 -0.00125680725231914 -5.37585904312433 333.353664889249 70543419.6806629 -19140368.03192
-0.2895 0.00523700351181234 0.00152028544962858 -5.37005393360722 333.330207450301 70547822.4185927 -19140480.4921092
-0.28955 -0.00257964163469435 -0.00569219835320125 -5.3760213354496 333.306750011353 70543248.9460621 -19140489.305153
-0.2896 0.00237625167491323 0.00609043669221616 -5.36791923912703 333.283292572405 70548587.4308564 -19140460.6078916
-0.28965 -0.00529312070340452 -0.00322256704175748 -5.3755063587358 333.259835133457 70543232.514871 -19140506.1537957
-0.2897 0.00719751122347814 0.00233360269271061 -5.36987036346784 333.236377694509 70548356.5743584 -19140406.7406757
-0.28975 -0.00503730136050341 -0.00158410269933116 -5.37608370220832 333.212920255561 70543332.2826947 -19140451.3492687
-0.2898 0.000882687983974867 0.00271841848580209 -5.36980709228669 333.189462816613 70547208.5975203 -19140322.214201
-0.28985 -0.00122100146529417 -0.00310246726387307 -5.37309287495726 333.166005377665 70544479.5365847 -19140370.0651606
-0.2899 0.00259827961817488 0.00284264817953172 -5.36970805574816 333.142547938718 70547005.2278481 -19140498.275058
-0.28995 -0.00251744177276014 -0.00336893991220959 -5.37464788592678 333.11909049977 70543905.9941097 -19140443.6919716
-0.29 0.00146537096522668 0.00478359441581541 -5.36935595619502 333.095633060822 70547495.1316399 -19140439.8966925
-0.29005 -0.00183684970567388 -0.00517896554421015 -5.37362033153115 333.072175621874 70543699.5616118 -19140360.1090177
-0.2901 0.00278137336362187 0.0038403942953562 -5.36741966536435 333.048718182926 70547881.5579028 -19140451.6748167
-0.29015 -0.00353746524707533 -0.000575312951992246 -5.37066181925934 333.025260743978 70544592.6940831 -19140552.4410253
-0.2902 0.0027569226195558 -0.000421677853228699 -5.3661771623984 333.00180330503 70547380.7799358 -19140449.7295295
-0.29025 -0.00115852444657763 -0.00168514993425072 -5.3673171751803 332.978345866082 70545903.907925 -19140404.4736571
-0.2903 0.00319230923764973 0.00098900881490631 -5.36497674769563 332.954888427134 70547532.8317374 -19140525.14339
-0.29035 -0.00291761160175608 -0.0015044394392554 -5.36648901193303 332.931430988186 70545843.5405978 -19140385.6650195
-0.2904 0.000160197340693322 0.00193238404904614 -5.36366779238578 332.907973549238 70547502.0470822 -19140453.2935469
-0.29045 -0.000569622531250662 -0.00115620308163311 -5.36418890456613 332.88451611029 70546091.2740846 -19140491.7150451
-0.2905 -0.000393373103225617 -7.08268267433305e-05 -5.36255556844931 332.861058671342 70547011.3938145 -19140394.9630442
-0.29055 0.00233172766192738 -0.0023138971117724 -5.36330359614654 332.837601232394 70546652.7702437 -19140558.1603305
-0.2906 -0.00261132350992672 0.00285538454392095 -5.35933886492153 332.814143793446 70548016.7892724 -19140492.2708948
-0.29065 -0.000301199366605136 0.00016905971378262 -5.36031695612634 332.790686354498 70547672.7656447 -19140507.8915082
-0.2907 0.00149653264477199 -0.00165653585788807 -5.35958177142328 332.76722891555 70547667.2791819 -19140539.7246888
-0.29075 -0.00138238522619118 -7.90061617510752e-05 -5.36106809637926 332.743771476602 70547098.5562327 -19140571.5945994
-0.2908 -0.00100240845859531 0.00253463809246346 -5.3577490131141 332.720314037655 70548517.6323206 -19140566.7895828
-0.29085 0.00132881817011902 -0.00293094792032689 -5.35853618743218 332.696856598707 70547147.0370841 -19140564.986354
-0.2909 -1.73549026647361e-05 -2.19402737934366e-05 -5.35723222892464 332.673399159759 70547833.9890222 -19140572.0041136
-0.29095 -0.00228386450221702 0.00203671697936939 -5.35870695248998 332.649941720811 70547450.0547869 -19140573.6842519
-0.291 0.000694525065980547 -0.0015040861177127 -5.35731452656924 332.626484281863 70547574.9646745 -19140558.1597673
-0.29105 0.000843512636022302 -0.00132052788772632 -5.35554704930744 332.603026842915 70548144.8482521 -19140523.8885869
-0.2911 -0.000134056845015245 0.00026084582183137 -5.35377317256401 332.579569403967 70548899.1393915 -19140587.6856727
-0.29115 -0.00158896416832803 -0.00018460574328049 -5.35285487074044 332.556111965019 70548435.0224619 -19140620.4062623
-0.2912 0.00348855987108855 -0.00102469822728198 -5.35076240882829 332.532654526071 70549823.9282669 -19140654.5144156
-0.29125 -0.00330688412304657 0.00065448576928089 -5.35103909824383 332.509197087123 70548359.092798 -19140590.0867423
-0.2913 0.000367619201414921 0.00124315612716368 -5.35012992355356 332.485739648175 70549744.0925412 -19140651.0782057
-0.29135 -0.000147701601577785 -0.00313949319522011 -5.34986363272832 332.462282209227 70548935.4657578 -19140520.3813943
-0.2914 -0.000163388603358541 0.00133824929038245 -5.34780953981419 332.438824770279 70549838.4957824 -19140661.1871204
-0.29145 -0.00291245885613918 0.000616586347734743 -5.34912267240481 332.415367331331 70549074.503248 -19140612.2810996
-0.2915 0.00200622481063891 -0.000204972619823111 -5.3472305833864 332.391909892383 70550494.1893876 -19140661.0983001
-0.29155 0.000322413154206885 -0.00204857462964401 -5.34692800584159 332.368452453435 70549462.6685073 -19140678.4060997
-0.2916 0.000763444540468686 0.00107358746951047 -5.34434160540015 332.344995014487 70550758.0379443 -19140734.2251434
-0.29165 -0.00155496182959943 0.000325115242340999 -5.34292432743691 332.321537575539 70550201.2241973 -19140796.2493156
-0.2917 0.00195652841386207 -0.00146376893384891 -5.34326593595673 332.298080136592 70550651.1741484 -19140755.3831282
-0.29175 -0.00113803688829569 -0.00163257935669882 -5.34198681401534 332.274622697644 70550124.4421481 -19140724.8516817
-0.2918 -0.00214250509794945 0.00530512403036937 -5.34189304305464 332.251165258696 70551454.4965927 -19140747.4703889
-0.29185 0.00103223644409886 -0.00495068497409687 -5.34277374911783 332.227707819748 70549353.5799105 -19140841.0301622
-0.2919 0.00387825655325074 0.00146465370366405 -5.33914999911188 332.2042503808 70552556.1498453 -19140609.6841624
-0.29195 -0.00477361782740216 -0.000952985268033873 -5.34349353941339 332.180792941852 70549172.8326784 -19140762.6525715
-0.292 0.0017613460198341 0.00236185176039916 -5.34017090649007 332.157335502904 70551993.0018739 -19140747.3294132
-0.29205 -0.0012330445185767 -0.00185744129143807 -5.34004276613198 332.133878063956 70550158.2007912 -19140789.1288465
-0.2921 -0.000166430378444508 0.00158649530321155 -5.33784080590695 332.110420625008 70551667.9857625 -19140815.0201716
-0.29215 0.000537451349520074 -0.00131364323694679 -5.33820830226559 332.08696318606 70551160.7903008 -19140757.7168979
-0.2922 0.000775161192559439 -0.000969883041283588 -5.33792530534277 332.063505747112 70551082.6483485 -19140822.4834712
-0.29225 0.000680177900860805 -0.000531281840348017 -5.33618500014376 332.040048308164 70551948.7159328 -19140771.7701187
-0.2923 0.000779783334840439 -0.000161776011540255 -5.33595633594488 332.016590869216 70552196.1003499 -19140806.2398571
-0.29235 -0.00275399717376855 -0.00112535407340491 -5.33997055871098 331.993133430268 70550122.1130858 -19140757.3954262
-0.2924 0.00026032374545235 0.00225815842395486 -5.33500068829071 331.96967599132 70552409.76224 -19140741.9389944
-0.29245 -0.00153146262234027 -0.00317816868039281 -5.33496159209015 331.946218552372 70550888.713221 -19140773.5715783
-0.2925 0.00245407361657194 0.00082548730713261 -5.33097423307786 331.922761113424 70553186.2258037 -19140797.9832814
-0.29255 -0.00292108557281559 -0.000802997850111314 -5.33297854642949 331.899303674476 70551036.0757065 -19140900.0283001
-0.2926 0.003085015561009 0.00259777872861642 -5.32737591764017 331.875846235529 70553984.7334131 -19140951.6913077
-0.29265 -0.000444750476456878 -0.00471485603641616 -5.33113799423914 331.852388796581 70550850.6447124 -19141001.0406641
-0.2927 0.00199003475599457 0.00489640848014235 -5.32425023327762 331.828931357633 70555155.3697048 -19140940.1637518
-0.29275 -0.00456193732608263 -0.00240130055298794 -5.32999085795508 331.805473918685 70550424.5834097 -19141024.3548514
-0.2928 0.00475263420941814 0.00151522201655582 -5.32243823868077 331.782016479737 70555301.0509337 -19141044.0741346
-0.29285 -0.00232087486340891 -0.0035507622328781 -5.32719476860596 331.758559040789 70551172.20952 -19141041.9260922
-0.2929 0.00249752183951956 0.00353311617157864 -5.32124044481836 331.735101601841 70555419.2580985 -19141040.9109396
-0.29295 -0.00402288245076036 -0.0030313591481848 -5.3233840360782 331.711644162893 70551816.5122499 -19141029.9763915
-0.293 0.00510513781223134 0.00369670968032707 -5.31653590669651 331.688186723945 70556624.6586072 -19141097.0813389
-0.29305 -0.00490108690797148 -0.0041880055237933 -5.32211187403094 331.664729284997 70551516.7564737 -19141095.736754
-0.2931 0.00245962629316127 0.00528042488409388 -5.31441513874021 331.641271846049 70557039.7492602 -19141144.7800494
-0.29315 -0.00145201768022658 -0.00566380633799953 -5.32116756991333 331.617814407101 70551920.155017 -19141207.2896932
-0.2932 0.00146411301157555 0.00382203446968886 -5.31472606051421 331.594356968153 70555897.9188284 -19141199.594246
-0.29325 -0.00403458893156684 -0.00323857749405736 -5.3166592948763 331.570899529205 70552499.6998072 -19141249.0848553
-0.2933 0.00612745211516513 0.00258715582090513 -5.3109909137333 331.547442090257 70557458.1385304 -19141287.7254183
-0.29335 -0.00472971412004739 -0.00194623557112712 -5.31738258761007 331.523984651309 70552734.6651475 -19141305.3457327
-0.2934 0.00172754082180318 0.00341351101182228 -5.3104975989818 331.500527212361 70556787.7325218 -19141348.3686056
-0.29345 -0.00118001934460983 -0.00569644590374508 -5.31152875911107 331.477069773413 70554298.0199396 -19141240.517722
-0.2935 0.00195341733352568 0.00258656872704694 -5.3075464942177 331.453612334466 70557152.5920504 -19141364.6820245
-0.29355 -0.0030475249551028 -0.000305144497164953 -5.3084195632803 331.430154895518 70555151.0655682 -19141425.5070077
-0.2936 0.001759391223558 0.000634440357295721 -5.30677325548665 331.40669745657 70556605.0247334 -19141430.4025293
-0.29365 0.000647872391391868 -0.00257679552323853 -5.30821449937724 331.383240017622 70555283.4169922 -19141464.8701482
-0.2937 -0.00224212595669575 0.00360940089091096 -5.30636970435144 331.359782578674 70556653.0966153 -19141471.7557886
-0.29375 0.000744154979290756 -0.00165235555896229 -5.3071191185862 331.336325139726 70555190.6516058 -19141499.1819447
-0.2938 0.00287624001396237 -0.00210472299603961 -5.30788889994408 331.312867700778 70555571.1952966 -19141531.4908809
-0.29385 -0.00263261415363018 0.0018858305929192 -5.30613851742806 331.28941026183 70555462.2027587 -19141536.9194082
-0.2939 -0.000131690245287431 0.00233336921378535 -5.30407738235954 331.265952822882 70556680.4178399 -19141518.1537102
-0.29395 0.00198306888983952 -0.00302018930341011 -5.30495905308365 331.242495383934 70555107.8651478 -19141653.5878908
-0.294 0.000972018691794455 0.000275531164668082 -5.30413503864336 331.219037944986 70556383.7720245 -19141560.7507875
-0.29405 -0.0034421735360828 0.00305981211315036 -5.30555407357863 331.195580506038 70555483.685704 -19141630.180284
-0.2941 0.00506145495610693 -0.0044865393503123 -5.30165826684648 331.17212306709 70556631.0076426 -19141645.6935892
-0.29415 -0.00189210192824514 0.000959473453345336 -5.30254210764629 331.148665628142 70555890.2693415 -19141648.64892
-0.2942 -0.000742041548079182 0.00171697346345718 -5.30177017466604 331.125208189194 70556640.9887362 -19141634.8461102
-0.29425 0.000575016486015364 -0.00356342605598348 -5.30206601723245 331.101750750246 70555636.9006501 -19141702.3691397
-0.2943 -0.000100497817169783 0.00154977805292948 -5.30085921388259 331.078293311298 70556738.1307651 -19141616.4318241
-0.29435 -0.00168594279669082 -0.00110325482853608 -5.30126490811748 331.05483587235 70555661.0735188 -19141742.7134331
-0.2944 0.000922429331729542 -3.35044145930163e-05 -5.30075470094657 331.031378433402 70556354.0927042 -19141748.6439487
-0.29445 -0.000152560461398905 -0.00192777303798925 -5.30120753065279 331.007920994455 70555595.4978105 -19141714.1372803
-0.2945 -0.000646569033267752 0.000992476718519871 -5.30181381507745 330.984463555507 70556110.2614052 -19141648.4608688
-0.29455 9.15514946604633e-05 -0.00142081282783291 -5.30114671076243 330.961006116559 70556098.6424287 -19141725.1558215
-0.2946 -0.00160121474754526 0.00118113346073866 -5.30060491929691 330.937548677611 70556444.3326844 -19141752.4964683
-0.29465 0.000800855921877571 -0.000849310676336167 -5.29996450831775 330.914091238663 70556496.9027162 -19141765.9672829
-0.2947 0.000250749282397798 -0.0010092029006016 -5.30042554693492 330.890633799715 70555943.167638 -19141824.1701054
-0.29475 0.000116574437141119 0.00082786986046113 -5.30075543605738 330.867176360767 70556123.4163411 -19141824.8790874
-0.2948 -0.000383802983353172 -0.00114481082461701 -5.30111666716568 330.843718921819 70556007.3917108 -19141813.4146686
-0.29485 0.00205656673199313 0.00170377915701546 -5.30090273030265 330.820261482871 70556753.0492377 -19141784.2075975
-0.2949 -0.0036163845328697 -0.000969014283935401 -5.3037432114784 330.796804043923 70554595.1005222 -19141813.1000695
-0.29495 0.00477091530861395 0.00198935039301507 -5.29930058535962 330.773346604975 70557479.1299284 -19141811.8106984
-0.295 -0.00279868597802438 -0.00388743212215641 -5.30524317782041 330.749889166027 70553765.5750591 -19141772.6297386
-0.29505 0.00303622021792202 0.0040007112799436 -5.29792977008862 330.726431727079 70558539.1024178 -19141779.9983684
-0.2951 -0.0022815049969027 -0.00372544545729896 -5.30567193932869 330.702974288131 70553847.8119082 -19141817.0454076
-0.29515 0.0016134691607455 0.00381529092077483 -5.30037851509737 330.679516849183 70557589.3265132 -19141767.9209105
-0.2952 -0.00116970449136579 -0.00442482431366702 -5.3021547704002 330.656059410235 70554801.2797744 -19141819.8797149
-0.29525 0.000537902613416504 0.00295247707817008 -5.29974303746916 330.632601971287 70557332.0611933 -19141766.0153915
-0.2953 -3.95322135352568e-05 -0.00319384057043767 -5.30272256323092 330.609144532339 70555129.8746124 -19141809.7674702
-0.29535 -2.17100162304178e-05 0.00321088556588498 -5.29947573630393 330.585687093392 70556604.1147661 -19141906.1920088
-0.2954 -0.00121713685744606 -0.00342508498983328 -5.30562995918801 330.562229654444 70554099.1195495 -19141753.1843802
-0.29545 0.00200259128413749 0.00231853092347302 -5.30037641194702 330.538772215496 70556817.9791875 -19141821.0904498
-0.2955 -0.00368440099103544 -0.00178115915097707 -5.30216529840921 330.515314776548 70554841.5124115 -19141821.6178915
-0.29555 0.00341792128262408 0.00296748997142131 -5.29927383230223 330.4918573376 70557634.8104116 -19141846.1728585
-0.2956 -0.00290083452229541 -0.00298444286777102 -5.3046506003121 330.468399898652 70554327.8530423 -19141831.3408961
-0.29565 0.00375660882867762 0.00152774354222955 -5.30003280620182 330.444942459704 70557615.6049229 -19141877.9598709
-0.2957 -0.00411915250797729 -0.00189266779977177 -5.30536007522669 330.421485020756 70553788.2412048 -19141812.8312132
-0.29575 0.00183857949737043 0.0019866820949976 -5.30199267680471 330.398027581808 70556354.8232486 -19141902.7009575
-0.2958 -0.00172781818114583 -0.000681854483978339 -5.30524152577284 330.37457014286 70554640.5924881 -19141820.2379579
-0.29585 0.00170789825527009 -0.000850564471804358 -5.30429931020868 330.351112703912 70555537.7755734 -19141826.2842297
-0.2959 -0.00149752565940623 0.0014545328133271 -5.30359838672193 330.327655264964 70555557.2015021 -19141905.072494
-0.29595 -0.000193172454301258 -0.00124955907252456 -5.30552040352389 330.304197826016 70554923.8131252 -19141845.0329506
-0.296 0.00229890327708847 -0.000615588084367686 -5.30424608355678 330.280740387068 70555399.59386 -19141918.9681968
-0.29605 -0.00305443050917451 0.00135163348521265 -5.30740855437638 330.25728294812 70554539.8221495 -19141882.2844503
-0.2961 0.00114596328126309 -0.00118278455617701 -5.30667584837371 330.233825509172 70554719.1029681 -19141904.9799902
-0.29615 0.00303225882865623 0.000244310051920665 -5.30477413311972 330.210368070224 70555846.0632729 -19141956.3426331
-0.2962 -0.00324422721781897 -0.000382726865323444 -5.30702662128703 330.186910631276 70554067.0656371 -19141890.4811289
-0.29625 0.00354676421220487 0.00138826751237869 -5.30354977274821 330.163453192329 70556812.4478582 -19141921.3783693
-0.2963 -0.00428676324796798 -0.0019070215174024 -5.30716754986007 330.139995753381 70553652.6993111 -19141883.6544427
-0.29635 0.00413608736916905 0.00195351689367462 -5.30256198706139 330.116538314433 70557068.3932172 -19141992.3264217
-0.2964 -0.0042346929977077 -0.00173921362704051 -5.30666223719125 330.093080875485 70553628.518754 -19141918.0505989
-0.29645 0.0018494990555126 0.00119436556199257 -5.30341642161955 330.069623436537 70556464.0453272 -19141915.3751721
-0.2965 0.00103511509403522 -0.00325788895198092 -5.3041753357053 330.046165997589 70554794.9539762 -19141944.9128662
-0.29655 -0.000385067926785417 0.00280639014733492 -5.30229921894383 330.022708558641 70556160.8427841 -19141975.2830827
-0.2966 -0.0037780672175216 0.00168864321259105 -5.30495753454929 329.999251119693 70554989.5292953 -19141952.7730756
-0.29665 0.00382318548492095 -0.00499678333175468 -5.30440530289628 329.975793680745 70555128.6236309 -19141973.8270629
-0.2967 -0.00142449558194998 0.000656753430882693 -5.30362513405904 329.952336241797 70555488.4483425 -19141937.9465485
-0.29675 -0.00299015582522341 0.00216141800403259 -5.30418094684746 329.928878802849 70555539.4750361 -19141980.6824971
-0.2968 0.0032547122978136 -0.00399659826698624 -5.30392183195229 329.905421363901 70555313.1427002 -19141951.3359398
-0.29685 -0.00100411987216696 0.00103519268309098 -5.3046684047929 329.881963924953 70554938.6338089 -19142023.3029519
-0.2969 -0.00179999586140797 0.00112637858757215 -5.30685275580423 329.858506486005 70554495.3327954 -19141974.9986564
-0.29695 0.000269265710062526 0.000209565864832513 -5.30903003956461 329.835049047057 70554435.0214449 -19141943.8173028
-0.297 -3.3025583814921e-05 -0.00175379607915612 -5.30915992821492 329.811591608109 70553605.0145579 -19141977.2881556
-0.29705 -0.000456089520810068 0.00225632776007511 -5.30884469551347 329.788134169161 70554516.6754254 -19141975.669273
-0.2971 -0.000101366045742242 -0.00207388950080214 -5.31120424406014 329.764676730213 70553364.3371293 -19141985.7494822
-0.29715 0.00151002889965265 -0.00147980198796374 -5.31082109617782 329.741219291266 70554019.6950921 -19141925.8964783
-0.2972 -0.00423316970352188 0.00465983828074278 -5.31085550205057 329.717761852318 70554060.4461317 -19142025.7296998
-0.29725 0.000392091556372239 -0.00213170507954363 -5.31194627770357 329.69430441337 70553514.59113 -19141914.2782539
-0.2973 0.00332385782775184 -0.00211359901334084 -5.31095751422367 329.670846974422 70554504.8722156 -19141921.8287809
-0.29735 -0.0034632558062365 0.000957298765678645 -5.31344189186601 329.647389535474 70553101.3415439 -19141889.7869029
-0.2974 -0.000415576454180433 0.00183181191590724 -5.30978944978152 329.623932096526 70554647.941942 -19141904.6339257
-0.29745 0.00113677959553699 -0.00169078366394589 -5.31066653826685 329.600474657578 70554134.0234536 -19141938.9301676
-0.2975 0.000188232965266915 -0.000441274087767569 -5.31012665218091 329.57701721863 70554780.7143462 -19141820.5851552
-0.29755 -0.00127135724137902 0.000873411428391278 -5.3122842147855 329.553559779682 70554232.0602253 -19141906.4428922
-0.2976 -0.000629106410551458 0.0018123408697927 -5.31053923614592 329.530102340734 70555096.2322885 -19141845.6085481
-0.29765 0.000804472797537073 -0.00222309101424044 -5.31295450409449 329.506644901786 70553889.7571205 -19141820.6426406
-0.2977 0.00161542392258734 0.000755962216992214 -5.30965564539735 329.483187462838 70555436.3882648 -19141826.5240637
-0.29775 -0.00301720602467499 -0.000732196807956833 -5.31118699686035 329.45973002389 70553737.3942645 -19141876.0464481
-0.2978 0.00268716599272634 0.00138473619600012 -5.30863305808447 329.436272584942 70555819.1841294 -19141785.3342816
-0.29785 -0.00107620040538747 -0.00424689611107208 -5.31138501274899 329.412815145994 70553383.7508726 -19141831.3314783
-0.2979 0.000624012010248666 0.00374472763130931 -5.30864306089256 329.389357707046 70556314.8355329 -19141784.597839
-0.29795 -0.00355579176747745 -0.00189329491053486 -5.31322300374441 329.365900268098 70553181.0992218 -19141780.3317675
-0.298 0.00430411671212376 0.000972129671023932 -5.31065667898255 329.34244282915 70555811.3183356 -19141840.2522027
-0.29805 -0.00309521452471715 -0.00170124654296627 -5.31492803680108 329.318985390202 70552678.0037799 -19141873.0556598
-0.2981 0.0025656550943672 0.00253270008428358 -5.31045999367159 329.295527951255 70555912.067115 -19141744.2326423
-0.29815 -0.00284884565824857 -0.00235381349786552 -5.31540891390242 329.272070512307 70552789.6771544 -19141800.5496594
-0.2982 0.00393054419390238 0.00319279966614898 -5.31170565811589 329.248613073359 70555954.2179771 -19141857.4273621
-0.29825 -0.00188019000650617 -0.00502673529273135 -5.31753162187647 329.225155634411 70552264.7982435 -19141807.4078693
-0.2983 0.000572491834846914 0.0047997306728029 -5.31155357923407 329.201698195463 70556073.621673 -19141764.451842
-0.29835 -0.00410012866479513 -0.000972312568037217 -5.315513714304 329.178240756515 70552753.7084765 -19141697.4258908
-0.2984 0.00386253254701637 0.000413579323474583 -5.31065208647558 329.154783317567 70555789.5749348 -19141784.4268836
-0.29845 -0.00114235828781783 -0.00262844886981133 -5.31484258035547 329.131325878619 70553570.688793 -19141633.5563569
-0.2985 -0.00141943096759843 0.00461079611826214 -5.31211689554554 329.107868439671 70555560.4742083 -19141758.6522507
-0.29855 0.000481429884083881 -0.00578191067570169 -5.31691240324762 329.084411000723 70552982.9251116 -19141692.2712971
-0.2986 0.00314700089356197 0.00148684787449135 -5.31516934145383 329.060953561775 70555061.6602159 -19141714.2302799
-0.29865 -0.00444938401101744 0.000198515446055804 -5.31845766762251 329.037496122827 70552512.098933 -19141763.3322493
-0.2987 0.0021402738145061 -0.00106668413167648 -5.31666680069242 329.014038683879 70554233.9038421 -19141702.225635
-0.29875 -0.00031983435092511 -0.000966416725860748 -5.31839982175038 328.990581244931 70553512.317474 -19141706.9512548
-0.2988 -0.000747174434316301 0.00115348925439097 -5.31824938194507 328.967123805983 70553644.0942763 -19141664.5058835
-0.29885 0.00199607934516965 -0.00225170984648327 -5.32032394822779 328.943666367035 70553595.5546884 -19141643.4057225
-0.2989 -0.00214073348300153 0.000829501852962154 -5.32292701077648 328.920208928087 70552527.1492063 -19141640.2113233
-0.29895 0.00229390402755629 0.000389185335998046 -5.32234983717585 328.896751489139 70553311.1135272 -19141608.465206
-0.299 -0.000629689440510381 -0.00146593798008168 -5.32416084013422 328.873294050191 70552090.6249663 -19141572.4911004
-0.29905 -0.00025211653246119 -0.000421767428180436 -5.32593638959211 328.849836611244 70552161.8920594 -19141579.095262
-0.2991 -0.000595200598451021 0.00109139728910642 -5.32703688525606 328.826379172296 70552008.2515233 -19141611.1070622
-0.29915 0.000837964525217658 -0.00123022816895078 -5.32796765024688 328.802921733348 70551912.7401462 -19141527.3070246
-0.2992 0.00203169034712048 -0.000626823622832082 -5.32856879930835 328.7794642944 70551910.9113225 -19141546.972291
-0.29925 -0.00272195825229457 -0.00101122289434949 -5.33135174303225 328.756006855452 70550834.5446215 -19141514.3925062
-0.2993 0.00261969922854381 3.2275402234814e-05 -5.3305093138398 328.732549416504 70551995.5880352 -19141493.1136898
-0.29935 -0.00234142527415554 -0.00123662321962597 -5.33576494364153 328.709091977556 70549256.1504724 -19141462.0777202
-0.2994 0.0015710792582715 0.00223019664183257 -5.33142259492882 328.685634538608 70552105.9628115 -19141491.2007928
-0.29945 -0.000956207242539842 -0.0018762752910074 -5.33552812899738 328.66217709966 70549829.0615596 -19141490.5854656
-0.2995 0.000488211606655874 0.00320068708067124 -5.33246420024556 328.638719660712 70552293.7087047 -19141428.3935513
-0.29955 -0.00174641855704536 -0.00384377117591536 -5.33656248653692 328.615262221764 70548969.1818671 -19141506.2704079
-0.2996 0.00260855928899115 0.00215810079889318 -5.3341242060748 328.591804782816 70551857.9514831 -19141477.6051216
-0.29965 -0.0026425996162933 -0.00291461038166372 -5.33654948976453 328.568347343868 70549289.48506 -19141414.0278456
-0.2997 0.000228519508615226 0.00359670954998645 -5.33381998240339 328.54488990492 70551506.0916524 -19141501.3808843
-0.29975 -0.00118780549352449 -0.00124333387148134 -5.33830233037038 328.521432465972 70548943.3245529 -19141484.5794905
-0.2998 0.00340248639623437 -0.000281431393008979 -5.33651588297698 328.497975027024 70550596.1131152 -19141496.0836928
-0.29985 -0.00233840603243481 -0.000106133214925909 -5.33846185838555 328.474517588076 70549638.5412414 -19141357.1491073
-0.2999 0.000386922101677971 -0.000105871344123328 -5.33547609286182 328.451060149128 70550603.0222962 -19141498.3014497
-0.29995 -0.0017377417616396 -0.00169915875419785 -5.33806999065269 328.427602710181 70549311.689671 -19141338.50387
-0.3 0.000203887498042059 -0.000106135517407904 -5.33738594612931 328.404145271233 70550091.5488773 -19141428.7798086
-0.30005 -0.00166297181815754 0.00212445123603355 -5.33589062783992 328.380687832285 70550773.4301428 -19141457.4178322
-0.3001 0.00193945129894566 -0.00151562889135733 -5.3361498911725 328.357230393337 70550452.3502575 -19141362.9990205
-0.30015 -0.00118922853045883 -0.000379186806981355 -5.33645038092553 328.333772954389 70550411.670887 -19141435.3439296
-0.3002 0.000606053433510824 -0.00072311240979045 -5.33660854370979 328.310315515441 70550139.6841435 -19141481.6447637
-0.30025 6.24464537979566e-05 0.00024566484461183 -5.33787093994009 328.286858076493 70550263.5602947 -19141464.7629252
-0.3003 -0.000725612959840529 0.00192989045092102 -5.33589300936859 328.263400637545 70550668.0486188 -19141497.9071012
-0.30035 0.00116952847665822 -0.00146498759706446 -5.33638798789444 328.239943198597 70550402.961533 -19141455.9797458
-0.3004 -2.25829817096075e-05 0.00105461670397396 -5.3372903945041 328.216485759649 70550695.7343815 -19141426.1024728
-0.30045 -0.00118130291528086 -0.000165376244862576 -5.33826976155901 328.193028320701 70549785.6864331 -19141395.6596428
-0.3005 0.000605939405502884 0.000947065785595291 -5.3392711884146 328.169570881753 70550682.3082601 -19141292.5165817
-0.30055 0.00213825544950415 -0.00334043584330404 -5.34163280987184 328.146113442805 70549087.7996604 -19141373.6590243
-0.3006 -0.0022301651678935 0.00299857429548657 -5.34180505514996 328.122656003857 70550032.9902429 -19141242.9931452
-0.30065 0.000106711284897937 -0.00236206748667878 -5.34192581161334 328.099198564909 70549378.1071899 -19141328.0104275
-0.3007 0.00350954225660666 -0.00098140485221008 -5.34100088385462 328.075741125961 70550293.1375222 -19141242.7752241
-0.30075 -0.00327912978692863 -0.000981135423338623 -5.34394674619806 328.052283687013 70548482.8650381 -19141267.6237403
-0.3008 0.00207484895736202 0.0024083639697718 -5.34190324489864 328.028826248065 70550670.8104694 -19141272.0377047
-0.30085 -0.00297854299621434 -0.00265504486858045 -5.34587609051785 328.005368809118 70548071.4572818 -19141221.1584726
-0.3009 0.00240297840903222 0.000203971750357675 -5.34347971573169 327.98191137017 70550330.2041658 -19141166.7533445
-0.30095 -0.0031824797795594 0.00105196287242096 -5.34605404733316 327.958453931222 70548508.2831972 -19141214.4996561
-0.301 0.00240863570288722 -0.000819626193408281 -5.34537650849805 327.934996492274 70549444.9431128 -19141196.6985178
-0.30105 -0.000891312032115762 -0.000218380504780002 -5.34625068655363 327.911539053326 70548908.2834351 -19141247.0754251
-0.3011 0.000983304412193105 0.00075398494925745 -5.34576926483269 327.888081614378 70549788.1959035 -19141230.4165408
-0.30115 -0.0008074546601377 -0.00213481416558589 -5.34805162714605 327.86462417543 70548536.6440673 -19141163.8745382
-0.3012 -0.000526023094431576 0.00234171833692925 -5.34560799720352 327.841166736482 70550101.5096399 -19141180.3213195
-0.30125 0.00198215247914001 -0.00241169287608866 -5.34775394134238 327.817709297534 70549454.7482363 -19141137.6172692
-0.3013 -0.000968971208087009 3.3432023066781e-06 -5.34772822156677 327.794251858586 70548947.6930927 -19141157.366648
-0.30135 -0.0012846178304916 0.0036331733813854 -5.34607073847648 327.770794419638 70549849.0122616 -19141189.6653287
-0.3014 -8.90187471651197e-05 -0.00213933786181252 -5.34761317530511 327.74733698069 70548688.4729558 -19141205.5740392
-0.30145 0.00281498427367063 -0.00138467537346873 -5.34621964450449 327.723879541742 70549598.9460291 -19141166.3058013
-0.3015 -0.00286278137206441 0.0010845732631551 -5.34791430462517 327.700422102794 70548809.7649503 -19141161.0102364
-0.30155 -0.00140586446410588 0.000902654822531746 -5.34816203416866 327.676964663846 70548733.6888242 -19141226.3831709
-0.3016 0.00344217544575125 -0.00224306976601686 -5.34840915707784 327.653507224898 70549314.3363432 -19141181.6396459
-0.30165 -0.00202881086451238 0.000971191345799574 -5.35190605831783 327.63004978595 70547877.3383662 -19141183.1718134
-0.3017 -0.0010497845834281 0.000248564002861898 -5.34980508934059 327.606592347002 70548610.5449427 -19141160.4676688
-0.30175 0.000704406294183032 -0.000360581494881131 -5.35010976160997 327.583134908055 70548733.4795434 -19141225.6690243
-0.3018 0.000955324743744624 -0.0036552914860029 -5.35113689586217 327.559677469107 70547875.5065731 -19141166.6130507
-0.30185 -0.000836859826262153 0.00303693086051877 -5.35179033902193 327.536220030159 70548362.8649049 -19141210.9941327
-0.3019 -0.00121734049622792 0.0019433584115856 -5.35127532454417 327.512762591211 70548310.340599 -19141240.708817
-0.30195 0.00269294741490023 -0.00295344340669591 -5.35152781363872 327.489305152263 70548484.1377314 -19141160.0697065
-0.302 -0.00259656306830205 0.00313208776102789 -5.35125692437448 327.465847713315 70548413.7693387 -19141180.3944802
-0.30205 0.000294862807517472 0.00031686381890851 -5.35233456821359 327.442390274367 70548186.9791251 -19141148.8893743
-0.3021 0.00289514614104934 -0.00185124668267673 -5.35091114360373 327.418932835419 70548844.8157655 -19141119.6095039
-0.30215 -0.00294397715217396 0.00248544426185528 -5.35128828876789 327.395475396471 70548179.6913311 -19141160.1296031
-0.3022 0.000699025972613144 0.000214370928897519 -5.35149184685512 327.372017957523 70548935.9177802 -19141124.1163697
-0.30225 -0.00104138352392303 -0.00163113675763968 -5.35433853933359 327.348560518575 70547337.2612429 -19141083.3252893
-0.3023 0.000260002423731566 0.00184405665359591 -5.35192606085704 327.325103079627 70548701.0467873 -19141123.1350734
-0.30235 -0.000664389460003463 -0.000700350734209062 -5.35323156544534 327.301645640679 70547999.6523995 -19141068.1933465
-0.3024 5.30692024982707e-05 -0.000639196841654408 -5.35538380911953 327.278188201731 70547483.464316 -19141064.3303698
-0.30245 -0.00102354853289651 -0.000588313881568026 -5.35557619143173 327.254730762783 70547586.912334 -19141003.4752384
-0.3025 0.000299628168364357 0.000893213858412196 -5.35424640924291 327.231273323835 70548347.5741868 -19141026.0622167
-0.30255 0.00098602200220263 -0.0012838032965509 -5.3546992361211 327.207815884887 70548001.0067938 -19141090.4327858
-0.3026 -0.000200479214078421 -0.000257534795584915 -5.3569600852534 327.184358445939 70547599.3826769 -19141057.2995332
-0.30265 0.000613874619957855 0.000286543248526374 -5.3560070464266 327.160901006992 70547951.1461776 -19141099.5861749
-0.3027 -0.00126482330060638 0.00170289821899563 -5.35647080849059 327.137443568044 70547977.4318757 -19140981.4989064
-0.30275 0.0011501500938842 -0.00324769453004057 -5.35825077239282 327.113986129096 70547126.5830065 -19140904.8701826
-0.3028 0.000807145206980034 0.00159012842882743 -5.35795797473801 327.090528690148 70548179.1048195 -19140958.4355008
-0.30285 -0.00300940582581142 0.00158910785348731 -5.35911389305487 327.0670712512 70547141.5128075 -19140939.5054565
-0.3029 0.00343177861885592 -0.00106968527143184 -5.35728035887473 327.043613812252 70548356.3431623 -19140962.7743962
-0.30295 -0.00147625921167581 -0.00258825178516618 -5.35948863605729 327.020156373304 70546724.8270846 -19140984.9000632
-0.303 -0.00233296259878949 0.00487114760481883 -5.35835251321032 326.996698934356 70548386.34383 -19140905.190018
-0.30305 -0.000118383275964643 -0.00210195496983548 -5.35981155266056 326.973241495408 70547458.0558714 -19140835.6509122
-0.3031 0.00361298228998129 -0.000264976887382694 -5.35712231776427 326.94978405646 70548855.7029046 -19140885.4240254
-0.30315 -0.0017682669635074 -0.00224978020327856 -5.35798263103919 326.926326617512 70547279.7799012 -19140845.8406034
-0.3032 -0.00118524952483584 0.00394396242886596 -5.3566287461919 326.902869178564 70549077.5113093 -19140840.9808536
-0.30325 -0.000137768059697407 -0.00352847319401341 -5.35854241886381 326.879411739616 70547061.2284189 -19140900.1955641
-0.3033 0.00130928477458612 0.00159218613931934 -5.35644911184101 326.855954300668 70549052.2371245 -19140862.8960329
-0.30335 -0.0037571164915422 0.0008790305643236 -5.35735731995747 326.83249686172 70547593.8994314 -19140903.7517052
-0.3034 0.00240414416031819 -0.00022933444804153 -5.35510026906354 326.809039422772 70549428.5687134 -19140857.7500415
-0.30345 0.000133012542819085 -0.0013380513842833 -5.35589063198608 326.785581983824 70548219.7325196 -19140876.8003255
-0.3035 -0.000790173760430402 0.00149906927728495 -5.35433126044364 326.762124544876 70549282.1019775 -19140778.7361568
-0.30355 -0.000724831671387831 -0.00147914877743384 -5.35806571984467 326.738667105929 70547689.9995932 -19140823.8318998
-0.3036 0.000697371193590011 6.22990575237063e-05 -5.35669538712754 326.715209666981 70548679.609395 -19140769.6686925
-0.30365 -0.000721183255660372 -0.000733324031977903 -5.35624492318629 326.691752228033 70548226.87923 -19140926.5314473
-0.3037 0.00165837715164447 0.000802418914960139 -5.35568071382145 326.668294789085 70549403.2082047 -19140850.2432891
-0.30375 -0.000532871339081406 -0.00294607337979281 -5.35791060889285 326.644837350137 70547552.5134088 -19140856.7679584
-0.3038 -0.000109825944476502 0.00183207110956846 -5.35403491397383 326.621379911189 70549265.1963569 -19140890.4335496
-0.30385 -0.000797858967229626 -0.000618938367422203 -5.35523273725688 326.597922472241 70548388.6080024 -19140916.0338386
-0.3039 -0.000134392987305967 -0.000930282590362645 -5.3563484503862 326.574465033293 70548064.9363496 -19140826.074674
-0.30395 -0.000810087824045483 0.000512329097661495 -5.35572787311567 326.551007594345 70548239.0860435 -19140864.758334
-0.304 -0.000445169802046576 0.00049491023552265 -5.35691093735313 326.527550155397 70547970.8040366 -19140846.2817026
-0.30405 -0.000273850910492308 -0.000547264106362815 -5.3544207963491 326.504092716449 70548655.1554285 -19140864.8733687
-0.3041 0.000781911117419593 0.00166132792242315 -5.35592971803657 326.480635277501 70548726.1979215 -19140830.3726584
-0.30415 -0.00275593739994909 9.98116983641914e-05 -5.35826266300946 326.457177838553 70547213.8404734 -19140870.2126287
-0.3042 0.00297304963237599 -0.000770032228450673 -5.35571335596337 326.433720399605 70548891.7522363 -19140895.164155
-0.30425 -0.00201408439016314 -0.000774041904417857 -5.35631797122584 326.410262960657 70547641.0542706 -19140937.0640246
-0.3043 0.00164608550725979 0.00181806580377431 -5.35415875666326 326.386805521709 70549784.2095134 -19140873.7179569
-0.30435 -0.00244297450928844 -0.0015266061725152 -5.35589834953537 326.363348082761 70547547.7510206 -19140839.5972114
-0.3044 0.00159255863457957 0.00246676727833124 -5.35428453926683 326.339890643813 70549690.9956866 -19140890.3043854
-0.30445 -0.000310290384639995 -0.00385989202907864 -5.35737552721534 326.316433204865 70546828.3460685 -19141000.5003074
-0.3045 0.0021687733064567 0.00357807450900085 -5.35365497982609 326.292975765918 70550147.2973556 -19140843.4149843
-0.30455 -0.00301640274006349 -0.00240826152485832 -5.35845992642697 326.26951832697 70546648.5600891 -19140908.8257092
-0.3046 0.00222152765152003 0.00287856002862844 -5.35336654290356 326.246060888022 70550148.9734181 -19140880.3306284
-0.30465 -0.00190727395165867 -0.00318040046923512 -5.35630387197001 326.222603449074 70547093.2123619 -19140910.5963276
-0.3047 0.00470309383120012 0.00230658422188818 -5.35243437043997 326.199146010126 70550668.1835694 -19140984.165717
-0.30475 -0.00697909352401305 0.000820016106756684 -5.35843570292017 326.175688571178 70546501.2780408 -19140907.6014951
-0.3048 0.00709665218255524 -8.19458403065845e-05 -5.35128522465637 326.15223113223 70551020.5574841 -19140917.5453343
-0.30485 -0.00300348461263164 -0.00406037219583809 -5.35672389410697 326.128773693282 70546554.2828013 -19140929.0924564
-0.3049 -0.00026887862965184 0.00599745580270079 -5.35028298973957 326.105316254334 70551188.3475764 -19140824.4425828
-0.30495 -0.00322324779301239 -0.00320309296817633 -5.35671164070779 326.081858815386 70546928.6179324 -19140913.2523606
-0.305 0.00598281464490682 0.000314425864013457 -5.35085815732517 326.058401376438 70550673.8822352 -19140891.699969
-0.30505 -0.00517813140155588 -0.0020659725583228 -5.35681794997483 326.03494393749 70546529.404829 -19140927.9658259
-0.3051 0.000674880928036172 0.00560921322018251 -5.35155224318398 326.011486498542 70550610.1078319 -19140910.3254723
-0.30515 -0.000411738015802186 -0.00504615596851462 -5.35569142483364 325.988029059594 70547331.4806401 -19140951.1809128
-0.3052 0.00164794875552869 0.00251758511572516 -5.3517092119835 325.964571620646 70550381.8250869 -19140948.1406736
-0.30525 -0.00255655998145771 -0.00296522279195916 -5.35365337551967 325.941114181698 70547561.6178593 -19140995.7690527
-0.3053 0.00525994236228869 0.000613847063434472 -5.34949509985945 325.91765674275 70550707.6540485 -19140972.8988356
-0.30535 -0.00498134423845873 -0.00106873324911359 -5.35514350364345 325.894199303802 70546807.1739351 -19141008.3742811
-0.3054 0.00241407000715497 0.00302706961116324 -5.3487323814751 325.870741864855 70550466.1693828 -19141053.0477812
-0.30545 -0.00209006753749006 -0.00204122821977179 -5.35249758349593 325.847284425907 70548058.4033389 -19141089.3075672
-0.3055 0.00183104099463503 0.00274889074065568 -5.35038214737613 325.823826986959 70550319.3443471 -19140979.642582
-0.30555 -0.00409365423722863 -0.00203332825653586 -5.35423673561991 325.800369548011 70547279.4388232 -19140953.0125614
-0.3056 0.00128905524678698 0.00261843540241408 -5.351094347684 325.776912109063 70550174.4908284 -19141036.4178302
-0.30565 0.000250809313197704 -0.00364146804940432 -5.35299239131797 325.753454670115 70547944.4565933 -19140980.1171103
-0.3057 0.000308586867550144 0.00230715416567651 -5.35301596664547 325.729997231167 70548846.6832595 -19141126.5746516
-0.30575 -0.000760090264791847 0.00101051912965487 -5.35183111239506 325.706539792219 70548546.4961914 -19141085.6933966
-0.3058 0.000316563578409522 -0.000402265757138316 -5.35137700603512 325.683082353271 70548965.2982894 -19141098.6813128
-0.30585 -0.000137305539500399 -0.000312449856821049 -5.35291895630347 325.659624914323 70548266.7474256 -19141140.447913
-0.3059 0.00198944641856788 -0.00141268579913838 -5.35225519360302 325.636167475375 70548759.7006289 -19141109.3721492
-0.30595 -0.0018636847158683 0.00134303248374219 -5.35251059619554 325.612710036427 70548365.009031 -19141115.5649737
-0.306 0.000674192391494005 0.0011322262130586 -5.35400837699801 325.589252597479 70548432.9494544 -19141043.4206115
-0.30605 0.00218989328038135 -0.00220494207628674 -5.35303846287063 325.565795158531 70548519.5568987 -19141048.4272784
-0.3061 -0.00118971591395187 0.000634976781623589 -5.35303276623244 325.542337719583 70548761.57526 -19141055.2679116
-0.30615 -0.000792170884912257 0.00135868258605216 -5.35388905290816 325.518880280635 70548323.1871723 -19141042.9138702
-0.3062 0.0015545427037892 0.000185071943595173 -5.35256015428739 325.495422841687 70549390.8376319 -19141080.6469675
-0.30625 -0.000617011942155344 -0.00261491444876148 -5.35500102998444 325.471965402739 70547995.2144358 -19141001.9667494
-0.3063 -0.000867180912780545 0.00297211659471731 -5.3543899760604 325.448507963791 70549254.277425 -19141021.2237436
-0.30635 -0.000283603580391867 -0.000146928092297297 -5.35754545809832 325.425050524844 70547690.1484773 -19141043.5431221
-0.3064 0.00186843928807116 -0.000818125447852701 -5.35809941955642 325.401593085896 70548142.661279 -19141050.7735383
-0.30645 0.000373032702209871 0.00110727063370702 -5.35851341016951 325.378135646948 70548299.3468776 -19140968.9972001
-0.3065 0.000478861179289752 -0.000267469336213732 -5.35771210116388 325.354678208 70548341.499254 -19140991.9924408
-0.30655 0.00145421171700213 -0.000645031293572165 -5.35911014433337 325.331220769052 70548136.1514944 -19141054.2820502
-0.3066 0.00119468737360702 -0.00101886836804998 -5.35801037565078 325.307763330104 70548275.4771122 -19140992.3159006
-0.30665 -0.00151599280947376 -0.000128165405297023 -5.36048267372292 325.284305891156 70547175.9267532 -19140887.5937113
-0.3067 0.000250216947073314 0.00194083122480497 -5.3590052655454 325.260848452208 70548299.2080755 -19140963.367498
-0.30675 -0.00034653316079033 -0.00227808992733067 -5.36036605151997 325.23739101326 70546657.0520972 -19141029.9900358
-0.3068 0.00114585610912584 0.000855431755619985 -5.35735108541351 325.213933574312 70549013.3863264 -19140931.9216751
-0.30685 -0.00367741176550055 0.00128748302777262 -5.35957289487714 325.190476135364 70547533.3602231 -19140960.0232343
-0.3069 0.00347682955275365 -0.000983606426900213 -5.36000099433567 325.167018696416 70548728.4083418 -19140938.7814047
-0.30695 -0.000784140402010552 -0.00207941664375135 -5.36092985735535 325.143561257468 70547050.4407548 -19140981.0120193
-0.307 -0.00112371946956738 0.00208019723587945 -5.36243190374662 325.12010381852 70547733.333666 -19140973.7168579
-0.30705 -0.00057355180915978 -0.00207726989415574 -5.36568100351706 325.096646379572 70546157.611637 -19140917.5975721
-0.3071 0.00327348910514548 -0.000492674357148401 -5.36141740041187 325.073188940624 70548079.5694303 -19140915.3389643
-0.30715 -0.00459336698798114 0.00144514904098863 -5.36486188923085 325.049731501676 70546374.1740554 -19140873.4420656
-0.3072 0.00397763721108001 0.000331113209568098 -5.36275099936802 325.026274062728 70548205.1101094 -19140960.1018094
-0.30725 -0.00244450198679446 -0.00256771942175059 -5.36649933751274 325.002816623781 70545653.0107012 -19140882.3022167
-0.3073 0.000719087433920325 0.00304595380173513 -5.36368010317255 324.979359184833 70548112.3607783 -19140878.6094529
-0.30735 -0.00134994660787873 -0.00317786756954767 -5.36608412071408 324.955901745885 70545705.5569302 -19140947.2880564
-0.3074 0.00141111045653457 0.0040323667830232 -5.36290401696984 324.932444306937 70548799.0119597 -19140864.295923
-0.30745 -0.00098474062175233 -0.00363691025392559 -5.36684153734806 324.908986867989 70545413.0596657 -19140908.0722578
-0.3075 -0.000313434992997028 0.0029489255663545 -5.3624694640477 324.885529429041 70548415.9378603 -19140865.4662277
-0.30755 -0.00200657605029826 -0.00214441721220005 -5.36514269512569 324.862071990093 70546281.4087891 -19140881.8495097
-0.3076 0.0014865799669555 0.00094571823682667 -5.36340253092515 324.838614551145 70548448.8653742 -19140886.1269188
-0.30765 -0.00023560545882559 -0.00225197509846372 -5.36462249133427 324.815157112197 70547105.4286921 -19140878.0068236
-0.3077 -0.00109212323823754 0.00183072971233132 -5.36391734962987 324.791699673249 70548093.1394729 -19140868.6494355
-0.30775 -0.00144438006065906 -0.00190107295679771 -5.3654509431386 324.768242234301 70546873.7574503 -19140898.6394352
-0.3078 0.00265720898724172 0.00131354723222206 -5.36524720328835 324.744784795353 70548407.0457837 -19140917.8287225
-0.30785 -0.00351372572243815 -0.00291679882219361 -5.36945741244343 324.721327356405 70544867.8495195 -19140939.0550521
-0.3079 0.0030851502712417 0.0039692130219241 -5.36437693255603 324.697869917457 70549073.3693028 -19140911.3230338
-0.30795 -0.00430794788122531 -0.00390929069774137 -5.37128053733969 324.674412478509 70544362.8581359 -19140827.8704944
-0.308 0.00267386248789637 0.00333426867732312 -5.36548998499378 324.650955039561 70548676.0771288 -19140871.1298617
-0.30805 -0.00283286439736879 -0.00108055092867163 -5.37123027552846 324.627497600613 70545181.8926083 -19140835.5582297
-0.3081 0.00470343941639602 0.000226788634894739 -5.36709385258123 324.604040161665 70548171.5816703 -19140879.9658083
-0.30815 -0.00348411722239114 0.000399370717416329 -5.37197692285768 324.580582722718 70545658.1164428 -19140812.3354253
-0.3082 0.000876521096835219 0.00111147691376593 -5.37167941589054 324.55712528377 70546465.3203431 -19140815.0260569
-0.30825 -0.000848962197208255 -0.00112568411923534 -5.37227791552984 324.533667844822 70545646.9472704 -19140834.7980385
-0.3083 0.00233330744225295 -0.000777100972808756 -5.37174894679778 324.510210405874 70547151.8983172 -19140841.6976613
-0.30835 -0.00237409560285904 0.00180974899447617 -5.37479352834068 324.486752966926 70545761.8118748 -19140810.6960598
-0.3084 0.00140380526662378 -0.000869471483168678 -5.37227356621782 324.463295527978 70546736.8357648 -19140748.3383927
-0.30845 -0.00136456724783573 -0.000588496835388816 -5.37491878300861 324.43983808903 70545616.7329056 -19140769.7646432
-0.3085 0.00125609163401579 0.000899342316496673 -5.37357707761523 324.416380650082 70546719.7483575 -19140803.327572
-0.30855 -0.00276685430038704 -0.0020557933427624 -5.37665765982816 324.392923211134 70544359.1475371 -19140758.9330265
-0.3086 0.00328184432386794 0.00169840411306684 -5.37400832681917 324.369465772186 70547391.5952702 -19140794.0231951
-0.30865 -0.00192459530830595 -0.00401768708787035 -5.37905716946039 324.346008333238 70543765.3882117 -19140838.7358158
-0.3087 0.000645213555793633 0.00422130980894257 -5.37644968564809 324.32255089429 70546724.1763831 -19140828.0122232
-0.30875 -0.00132197383421988 -0.00280529830472709 -5.37850762786871 324.299093455342 70544245.6814768 -19140813.393566
-0.3088 0.000687723520885066 -0.000399788244886055 -5.37972002763334 324.275636016394 70545201.1990691 -19140759.5574298
-0.30885 -0.000502260646947211 -0.00190791987405249 -5.37971542414436 324.252178577446 70544484.2264272 -19140803.0669546
-0.3089 0.000511816174954362 0.00250415046512609 -5.37816095768214 324.228721138498 70546041.2164646 -19140763.8914923
-0.30895 -0.0016430057800449 -0.00162481534194371 -5.37983748593473 324.20526369955 70544247.7840155 -19140731.7807954
-0.309 0.00295994449523954 -0.000310522007482429 -5.37872736201261 324.181806260602 70545886.0910018 -19140816.1864614
-0.30905 -0.00231630267522536 0.00107954596101775 -5.38171614889117 324.158348821654 70543999.9166714 -19140746.9006671
-0.3091 -0.000744785195038327 0.00193888465167421 -5.38205305586299 324.134891382707 70545068.7250276 -19140720.1474093
-0.30915 0.00116722040921909 -0.00278848921957038 -5.38307138695094 324.111433943759 70543951.1865217 -19140729.9858919
-0.3092 0.00120789353024816 0.00126577513288236 -5.3839424179215 324.087976504811 70544606.491285 -19140653.3955392
-0.30925 -0.00190833704865435 -0.000973587209487143 -5.38516794359176 324.064519065863 70543330.0609345 -19140673.4171309
-0.3093 0.00189898271869126 1.61473360236465e-05 -5.38452736930946 324.041061626915 70544356.3706059 -19140661.7347722
-0.30935 -0.0021679046159328 -0.00204939748799789 -5.3891198142084 324.017604187967 70542180.1609032 -19140701.488513
-0.3094 0.000385755153084704 0.00232136845342167 -5.38654727912034 323.994146749019 70544526.740466 -19140651.1394806
-0.30945 -7.06574985144692e-05 -0.00264584434716287 -5.38964389127289 323.970689310071 70542601.8183353 -19140637.9265864
-0.3095 0.000848968785312473 0.00119200395995002 -5.38845000247259 323.947231871123 70544094.449565 -19140643.1218866
-0.30955 -0.0032842668468053 0.00248964268010495 -5.39080653034081 323.923774432175 70542930.8203972 -19140603.3974418
-0.3096 0.00322134587193544 -0.00466906259476132 -5.39010011757663 323.900316993227 70543245.0250249 -19140618.7602862
-0.30965 -0.000231353415605862 0.00143248540574534 -5.39036269132391 323.876859554279 70543545.3121797 -19140574.8768586
-0.3097 -0.00183926433008161 -0.000890465405844903 -5.3914213429078 323.853402115331 70542330.6874276 -19140576.0124003
-0.30975 0.0013851147827237 0.00180402957371055 -5.39081868081129 323.829944676383 70543987.7498845 -19140596.4301982
-0.3098 0.000354871246237265 -0.00244135846913742 -5.39471129164411 323.806487237435 70542356.671175 -19140614.8285167
-0.30985 0.00220755742311694 0.00209523661335836 -5.39130657152097 323.783029798487 70544202.2518864 -19140547.9818936
-0.3099 -0.00345082977123611 -0.00150093350179543 -5.3957657053097 323.759572359539 70541764.243077 -19140427.6010534
-0.30995 0.00116712221264508 0.00256295285937797 -5.393973151107 323.736114920592 70543759.8523191 -19140507.9311916
-0.31 0.000163413685765423 -0.00433557432862021 -5.39808982490181 323.712657481644 70541029.1959833 -19140584.1978822
-0.31005 0.00102127923623592 0.00320314679006786 -5.39608679199387 323.689200042696 70542942.7498298 -19140537.4935641
-0.3101 -0.00254448077917255 -0.00148415863544531 -5.40011485588743 323.665742603748 70540517.5742987 -19140460.9265863
-0.31015 0.00406642777838765 4.16402270569645e-05 -5.39766200205806 323.6422851648 70543273.6907616 -19140459.1000856
-0.3102 -0.00315526385992144 -0.00101573723665571 -5.40223762829526 323.618827725852 70540032.0661748 -19140428.6751037
-0.31025 0.00191301082749714 0.0022893375697852 -5.39966352806366 323.595370286904 70542611.0613652 -19140430.344157
-0.3103 -0.000825025724317592 -0.00265289797316265 -5.40410972011222 323.571912847956 70539931.2946497 -19140431.8329149
-0.31035 0.000493002339498133 0.00338456372611878 -5.40197085753287 323.548455409008 70542284.447954 -19140450.8165859
-0.3104 -0.000951116295153048 -0.00336662243463703 -5.40506078168077 323.52499797006 70540169.7119704 -19140375.2439874
-0.31045 0.00241049828807836 0.00161749891604567 -5.40366347889921 323.501540531112 70542050.1466687 -19140373.358733
-0.3105 -0.00341619052323095 -0.00164647257281295 -5.40830750103789 323.478083092164 70539028.1648167 -19140370.4240353
-0.31055 0.00352858022709153 0.00538587685637155 -5.40365944996329 323.454625653216 70543214.8589267 -19140293.0275053
-0.3106 -0.00232929802692787 -0.00598605712200819 -5.41128375542115 323.431168214268 70537807.2068369 -19140306.3883172
-0.31065 0.0050154726407161 0.00418714838330382 -5.40482689800584 323.40771077532 70543035.7755783 -19140280.9136704
-0.3107 -0.00665499610013322 -0.000674912002179167 -5.41144304168455 323.384253336372 70538328.2628701 -19140223.2434696
-0.31075 0.00535083831931561 0.000496964177120417 -5.40707565015591 323.360795897424 70542020.9026258 -19140237.9930078
-0.3108 -0.00230317270668856 -0.00318431301792405 -5.41114039664736 323.337338458476 70538635.0183321 -19140210.8818638
-0.31085 0.000349151949415228 0.0041982921988949 -5.40902113013499 323.313881019529 70541411.7130448 -19140257.5630791
-0.3109 -0.00174881766154166 -0.00230804448306304 -5.41227781229909 323.290423580581 70538725.9995478 -19140240.73892
-0.31095 0.00335453478687837 -0.000658650846898336 -5.40773431805352 323.266966141633 70541134.2045694 -19140265.1144363
-0.311 -0.00523049628538655 0.00104660010742871 -5.41456046844759 323.243508702685 70538432.0025351 -19140116.9985806
-0.31105 0.00205652421479989 0.00209082830320152 -5.40909466793793 323.220051263737 70540871.5464898 -19140223.3257407
-0.3111 -0.000402351236641255 -0.00385868044038326 -5.41277942062323 323.196593824789 70538340.0367137 -19140189.1470806
-0.31115 0.00205026271615412 0.0020984107280295 -5.4085058727013 323.173136385841 70541054.9940232 -19140150.3098727
-0.3112 -0.00383301831770833 -0.00112512554780025 -5.41393930513314 323.149678946893 70538203.4687969 -19140197.4287316
-0.31125 0.000447686151559465 0.00268819222102274 -5.41071153878968 323.126221507945 70540712.6530164 -19140143.5849883
-0.3113 -0.00025986391392077 -0.00366403634222139 -5.41392496026474 323.102764068997 70538684.4512364 -19140192.407806
-0.31135 0.00199787325742369 0.000892257716992236 -5.4121796188706 323.079306630049 70540416.645416 -19140042.1073617
-0.3114 -0.00331971296857441 0.000243858159856341 -5.4143117689971 323.055849191101 70538673.2709689 -19140102.0028059
-0.31145 0.00307139661388115 -0.00136924720105506 -5.41101624679231 323.032391752153 70539995.220419 -19140059.960961
-0.3115 -0.000507045482032301 -0.000711791799598454 -5.41245915987842 323.008934313205 70539550.4025858 -19140059.2709229
-0.31155 -0.00136825797441826 0.00293898165002413 -5.40821253965176 322.985476874257 70541001.3803123 -19140164.9988454
-0.3116 -0.000437111576134079 -0.000519923090068516 -5.40960941849651 322.962019435309 70540042.3968803 -19140129.7537004
-0.31165 0.000954795195018527 -0.000556965988457945 -5.41065829013551 322.938561996361 70540244.635404 -19140103.3194749
-0.3117 -0.00164192914181945 -0.00106398423307352 -5.41233234640961 322.915104557413 70539267.6764384 -19139998.3632775
-0.31175 0.00155537886819226 0.000948569541571972 -5.41043783289977 322.891647118465 70540393.3183773 -19140095.5428009
-0.3118 -4.83327664392812e-05 -0.000600738839762244 -5.41006367325647 322.868189679518 70539979.8547663 -19140073.4116582
-0.31185 -0.000799504957516747 -0.000243145808759863 -5.41004818316356 322.84473224057 70540297.0792432 -19140017.652744
-0.3119 0.00104050662789237 -0.000567713122463328 -5.40988371366382 322.821274801622 70540612.7305563 -19140073.342271
-0.31195 9.54177124043335e-05 -0.00102847546787199 -5.41098430967304 322.797817362674 70540256.4932141 -19139960.3505998
-0.312 -0.00139269646063506 0.00304618144294772 -5.4105470599981 322.774359923726 70540580.856042 -19140019.6122291
-0.31205 0.00127534382582913 -0.00401601348422072 -5.41109725993993 322.750902484778 70539665.9764651 -19140039.3469155
-0.3121 -0.00170078563279634 0.00337602589052512 -5.41039391109072 322.72744504583 70540645.5777293 -19140002.2259018
-0.31215 -0.00036647522729278 -0.000869799231925742 -5.41175902991394 322.703987606882 70539970.1810524 -19140080.5770287
-0.3122 0.00347284142590715 -0.000912380870928341 -5.40872792788078 322.680530167934 70541680.4050526 -19140039.71422
-0.31225 -0.00467445827650825 -3.56296122934456e-05 -5.41109857229099 322.657072728986 70539444.0736665 -19140055.8084201
-0.3123 0.00192595431497302 0.000162470994509394 -5.40810165527188 322.633615290038 70541464.6123777 -19139974.1236388
-0.31235 -0.000635988143719176 -0.00303867536992574 -5.41083376427566 322.61015785109 70539112.9178582 -19140096.9596113
-0.3124 0.00284621653168282 0.00303855512376287 -5.40651002724504 322.586700412142 70542103.7515828 -19140040.8202664
-0.31245 -0.00464574731691062 -0.00104551970114601 -5.40909940642451 322.563242973194 70539798.3158188 -19139978.4043891
-0.3125 0.00522003022172633 -0.000589861136245413 -5.40596252540719 322.539785534246 70542400.6324055 -19140008.2299458
-0.31255 -0.00255500528593319 0.000167448507429442 -5.406468644403 322.516328095298 70540833.0055326 -19140062.6939193
-0.3126 -0.00367248598405588 0.00216632031292572 -5.40743853649187 322.49287065635 70541118.6078635 -19139964.7319145
-0.31265 0.00315966991253382 -0.00420820507284 -5.40685502056687 322.469413217402 70541409.2215335 -19139979.6390712
-0.3127 -0.00157917043039402 0.00152520342601705 -5.40419429123414 322.445955778455 70542059.4723593 -19140057.8593132
-0.31275 -0.0012200718820156 0.00183384618422184 -5.40468741306703 322.422498339507 70542019.0922313 -19140025.366985
-0.3128 0.000642891623840168 -0.00271630812900837 -5.40573118414561 322.399040900559 70541013.5314068 -19140035.3335757
-0.31285 0.000428304203409827 0.00128553345992386 -5.40547803198426 322.375583461611 70541887.6071305 -19140023.5901918
-0.3129 -0.00145455903954635 -0.00181520081253171 -5.40626181593084 322.352126022663 70540628.7404419 -19139973.185346
-0.31295 -0.000214691704385245 0.00143224206699913 -5.40479208176792 322.328668583715 70541988.8530408 -19139982.981287
-0.313 -0.00135197017373729 -0.00167104960190716 -5.40458260661882 322.305211144767 70541093.9916395 -19139987.9323143
-0.31305 -0.00147426851669948 0.00122406937278276 -5.40545851675391 322.281753705819 70541567.9903122 -19139953.7982327
-0.3131 0.00173287248061994 -0.00138057979032864 -5.40568246450652 322.258296266871 70541347.8272486 -19139999.7582561
-0.31315 -8.45274972683658e-05 -0.00119837875003292 -5.40475019345268 322.234838827923 70540824.6003943 -19140091.0218537
-0.3132 -0.00215754403172411 0.00454178147973597 -5.40339330544342 322.211381388975 70542218.701873 -19140007.4998156
-0.31325 -0.000348979841255809 -0.00145107949491958 -5.40490885103157 322.187923950027 70540896.1440326 -19139994.5709052
-0.3133 0.00235519598977871 -0.00211098189853166 -5.40411612384529 322.164466511079 70541786.2970035 -19139937.1847247
-0.31335 -0.00100942856419725 -0.000297711599284445 -5.40493903495768 322.141009072131 70541827.7503146 -19139962.4978504
-0.3134 -0.00131349427774251 0.00114161065924811 -5.40626679490054 322.117551633183 70541722.0309191 -19139925.2964401
-0.31345 0.00237914732860541 -0.00173721269484804 -5.4069325057836 322.094094194235 70541677.5440001 -19139912.5837632
-0.3135 -0.000686183310651475 0.000377159717107374 -5.40899136453001 322.070636755287 70540794.278147 -19139955.8346312
-0.31355 -0.00112708115141631 0.00197475057924047 -5.40687600982552 322.047179316339 70541714.825897 -19139872.3369175
-0.3136 0.00169126352911662 -0.00210370074214428 -5.40793539281585 322.023721877391 70541340.8735512 -19139868.5769977
-0.31365 -0.000915067076489584 0.00139093014191565 -5.40784093882948 322.000264438444 70541526.0344198 -19139863.5300265
-0.3137 -0.00174556425520144 -0.0004849414298761 -5.4079624138738 321.976806999496 70540890.1578383 -19139854.3993211
-0.31375 0.000720720911343684 0.00209597254830767 -5.40734376908646 321.953349560548 70542486.7477033 -19139854.7464731
-0.3138 -0.000623343056772901 -0.00438984848823496 -5.41099143062762 321.9298921216 70540086.1350288 -19139829.278625
-0.31385 0.000770800457758313 0.00160424106437845 -5.40806593074518 321.906434682652 70542117.9736888 -19139898.673377
-0.3139 -0.00429876939066935 0.00170872418526148 -5.40910723545539 321.882977243704 70540827.0092178 -19139848.3886697
-0.31395 0.00274480237992675 -0.00165857846025832 -5.40800070835798 321.859519804756 70541985.7862187 -19139824.3614958
-0.314 -0.00122525396685506 -0.000832132315730629 -5.40976092769106 321.836062365808 70540977.0197313 -19139813.2594366
-0.31405 -3.8103297208848e-05 0.00137850531692406 -5.40861075184675 321.81260492686 70541800.9895285 -19139828.4797297
-0.3141 -0.002185500907153 2.9789616855351e-06 -5.41017822701637 321.789147487912 70540913.7238378 -19139751.6229169
-0.31415 0.00240590525915613 -0.00152039302182012 -5.41023461245531 321.765690048964 70541281.9909001 -19139783.1232766
-0.3142 -0.00238693149427279 0.00242795081586146 -5.40811323734689 321.742232610016 70541736.7733364 -19139778.1311558
-0.31425 -0.000414645337447329 -0.000883579059091014 -5.4100824400297 321.718775171068 70540734.8462498 -19139765.0968983
-0.3143 0.00153103406309738 0.000972223141978636 -5.41042597963476 321.69531773212 70541998.4522 -19139667.4097006
-0.31435 -0.000582349264902341 -0.00245949683398512 -5.41211377049441 321.671860293172 70540102.7714315 -19139770.5176317
-0.3144 0.00124347179311623 0.00040158575652144 -5.41048833311354 321.648402854224 70541549.0277718 -19139781.0457577
-0.31445 -0.00212032171428867 0.00115699187416325 -5.41111533468639 321.624945415276 70540784.3442763 -19139766.3655572
-0.3145 0.00253568971304705 -0.00156002193589375 -5.41144388416075 321.601487976328 70541399.5083522 -19139729.000071
-0.31455 -0.000226492662214443 -0.000432963438311626 -5.41316509145337 321.578030537381 70540369.6971252 -19139724.8716864
-0.3146 -0.00247787525220272 0.00419106314633533 -5.4118663284458 321.554573098433 70541696.9423166 -19139673.4638248
-0.31465 0.000746538931183818 -0.00273507253217084 -5.41167394650998 321.531115659485 70540933.7354443 -19139708.1844603
-0.3147 0.00320671811059749 -0.00141791536340631 -5.4111385059397 321.507658220537 70541807.1941606 -19139739.5536394
-0.31475 -0.00324090542538763 0.00280506856186118 -5.4118831048634 321.484200781589 70540981.7033928 -19139627.191369
-0.3148 -0.000196241302723259 0.000494618363326278 -5.40818954399688 321.460743342641 70542263.5626055 -19139653.2312088
-0.31485 0.0015373787780929 -0.00234419410151286 -5.41198374330071 321.437285903693 70541527.6037888 -19139625.0983186
-0.3149 -0.000695104694945093 0.00240258492167379 -5.41096118571224 321.413828464745 70542114.7399758 -19139664.7458748
-0.31495 0.000403963736452741 -0.00164923138490693 -5.41291584957088 321.390371025797 70541353.5033329 -19139621.9055484
-0.315 -3.59848993366978e-05 0.000855133495952013 -5.41176577696299 321.366913586849 70542017.8239284 -19139692.6635229
-0.31505 -0.00014712735280929 -0.000827869784475535 -5.41280879779543 321.343456147901 70541307.7378421 -19139619.0946162
-0.3151 0.00048107440110016 0.00129543397054742 -5.4119258750345 321.319998708953 70542427.2711339 -19139594.8697115
-0.31515 0.000433811803186616 -0.00274945105700627 -5.41344212549287 321.296541270005 70540708.1531977 -19139644.3920833
-0.3152 0.0010309393043312 0.00266171390445758 -5.41188314954313 321.273083831057 70542704.9496308 -19139535.5711773
-0.31525 -0.00143994660515702 -0.00169593598629025 -5.41565024666064 321.249626392109 70540326.8499088 -19139558.6356934
-0.3153 0.00243558276069069 8.30456141594899e-05 -5.41139722454988 321.226168953161 70542523.2702826 -19139514.3768503
-0.31535 -0.00382693493931569 -0.00128828822658788 -5.41459075484342 321.202711514213 70540177.4433312 -19139549.0481894
-0.3154 0.00306673820135464 0.00338578551824776 -5.40907162221557 321.179254075265 70544521.0646045 -19139425.4617713
-0.31545 -0.00160233387712786 -0.00641664850517784 -5.41647689212127 321.155796636318 70539158.3656296 -19139466.3795229
-0.3155 0.00432051565531267 0.00391865471690812 -5.41050167610613 321.13233919737 70544006.6494917 -19139513.7946116
-0.31555 -0.00558912692623018 -0.00140632867319557 -5.4166533657526 321.108881758422 70539684.0008584 -19139487.6893113
-0.3156 0.00455620407579353 0.0012197728871495 -5.41302463423492 321.085424319474 70542782.5280823 -19139515.2706422
-0.31565 -0.00100062777747749 -0.00106859885486436 -5.41270229779335 321.061966880526 70541300.7404668 -19139527.0103155
-0.3157 0.00092740886703182 6.25025013364693e-05 -5.41169058341398 321.038509441578 70542335.6622185 -19139385.8963469
-0.31575 -0.00226440942726164 0.00018331161479668 -5.4127748125519 321.01505200263 70541256.2471813 -19139479.5738923
-0.3158 0.00259692926508722 0.00141287500613037 -5.41272723103107 320.991594563682 70542331.1678596 -19139478.382254
-0.31585 -0.00410758958324467 -0.00258674860572963 -5.41484333003103 320.968137124734 70540172.4249822 -19139521.5493164
-0.3159 0.00226139149653073 0.00570275415816495 -5.4093698756995 320.944679685786 70544213.4054223 -19139465.1478021
-0.31595 -0.00200297068381014 -0.00682088563345277 -5.41485805730695 320.921222246838 70539885.7302705 -19139450.9027479
-0.316 0.00511192069241868 0.00392912370014665 -5.40919561106353 320.89776480789 70544727.2394196 -19139441.4895585
-0.31605 -0.00569357003677102 -0.00388423726662208 -5.41639533076077 320.874307368942 70539349.3810099 -19139446.7670732
-0.3161 0.00253914557169902 0.00369243778209363 -5.41188016530386 320.850849929994 70543891.3563272 -19139315.3305767
-0.31615 -0.00107409955425837 -0.00476809649380428 -5.41536308548517 320.827392491046 70540308.853168 -19139414.7275323
-0.3162 0.00123520472188239 0.00491030352959749 -5.41149694307555 320.803935052098 70543900.3508903 -19139415.3512456
-0.31625 -0.00258799312498519 -0.00258750199171009 -5.41695730753968 320.78047761315 70539851.42674 -19139414.8049107
-0.3163 0.00301589555699774 0.00119836235358427 -5.41194341100782 320.757020174202 70543705.6501907 -19139335.6733073
-0.31635 -0.00238108176590267 -0.00305128036309882 -5.41696782748816 320.733562735255 70540196.077413 -19139364.4884433
-0.3164 0.000406580245772743 0.00471279362943089 -5.41200519437882 320.710105296307 70543480.2739042 -19139340.9106286
-0.31645 -0.00317794565121781 -0.00356547976497459 -5.41750034360808 320.686647857359 70539999.7888376 -19139296.0674355
-0.3165 0.00248107714749062 0.00167777352084346 -5.41231749397856 320.663190418411 70543103.3655464 -19139322.0413786
-0.31655 -0.00329210081628219 -0.00242563102752368 -5.41923146109168 320.639732979463 70539674.4506048 -19139304.383991
-0.3166 0.00292661185042219 0.00239929704613687 -5.41366130519221 320.616275540515 70542993.2906839 -19139258.3761582
-0.31665 -0.00345423703315787 -0.00239630445686069 -5.42028046384584 320.592818101567 70539370.3082279 -19139360.4615681
-0.3167 0.00399427974332325 0.00355120596793269 -5.41406457714622 320.569360662619 70543673.9460489 -19139273.2418009
-0.31675 -0.00446054739152238 -0.00226174858102258 -5.41927032596386 320.545903223671 70539171.7485576 -19139274.5289928
-0.3168 0.00498295331593315 0.00220203461639357 -5.41346740792431 320.522445784723 70543668.1286813 -19139225.6789048
-0.31685 -0.00202852014374973 -0.00562571347858497 -5.41960727302097 320.498988345775 70539302.8319501 -19139250.9110907
-0.3169 0.00156441302821976 0.0064740890669576 -5.41286376657742 320.475530906827 70544095.5013318 -19139257.7233906
-0.31695 -0.00268706598562557 -0.00490087234398851 -5.41977684685744 320.452073467879 70538937.1146894 -19139280.6163808
-0.317 0.00518889121259883 0.00241288437062183 -5.41260904848018 320.428616028931 70543938.5388718 -19139230.9759052
-0.31705 -0.00488295926859081 -0.0046347806883544 -5.42065788349407 320.405158589983 70538651.5191567 -19139215.2891536
-0.3171 0.00304495220364981 0.00495144642068101 -5.41490427290562 320.381701151035 70543861.7771084 -19139150.2584681
-0.31715 -0.00180811785607787 -0.00640909180791603 -5.41955986185996 320.358243712087 70539125.6970941 -19139215.3638841
-0.3172 0.00251032734374934 0.00496844629164063 -5.41386126363599 320.334786273139 70543798.8258632 -19139180.6616514
-0.31725 -0.00436153944319015 -0.00290034599004055 -5.42026067042904 320.311328834191 70539058.9034456 -19139209.1742776
-0.3173 0.00400205991088463 0.00220438319451291 -5.41492769518485 320.287871395244 70543340.0046321 -19139195.6847447
-0.31735 -0.0030479738923056 -0.00360381309821932 -5.41904933201341 320.264413956296 70539873.3469561 -19139214.5989086
-0.3174 0.000908017386315803 0.00513723130391724 -5.41437133121736 320.240956517348 70543358.3570313 -19139141.3917595
-0.31745 -0.00208945285420302 -0.00461726251241909 -5.41841334500938 320.2174990784 70539761.571298 -19139173.5595321
-0.3175 0.00438979174348507 0.00289203197442356 -5.41327373263258 320.194041639452 70543922.386823 -19139079.5223279
-0.31755 -0.00492931900607354 -0.00168066357960878 -5.41984330970831 320.170584200504 70539551.7311054 -19139142.2712971
-0.3176 0.00384195617004275 0.00267756557937292 -5.41307029725637 320.147126761556 70544073.7843603 -19139157.547498
-0.31765 -0.00181609074035988 -0.00414796246173263 -5.41907175869167 320.123669322608 70539749.6754754 -19139153.1303447
-0.3177 0.00198685920518557 0.00523069896773494 -5.41445936188727 320.10021188366 70543870.5412948 -19139051.7063149
-0.31775 -0.0035922472145209 -0.00335035133893339 -5.41988171747095 320.076754444712 70539883.9337799 -19139019.005553
-0.3178 0.00474285698660389 0.00220793615982151 -5.41450105743831 320.053297005764 70543875.2868781 -19139058.6415312
-0.31785 -0.00539815363402141 -0.00301955373653369 -5.42065866907916 320.029839566816 70539417.0712947 -19139066.9897426
-0.3179 0.00505412427164738 0.00225389259365953 -5.41506285194017 320.006382127868 70543946.4547226 -19139011.9800794
-0.31795 -0.00518261648874596 -0.00232690134682594 -5.42121224668218 319.98292468892 70539623.1681425 -19138974.9655823
-0.318 0.00522287610098133 0.000786667574329652 -5.4146525257639 319.959467249972 70543777.3998855 -19139057.6111599
-0.31805 -0.00295969818259357 -0.00382324178958056 -5.42136348875904 319.936009811024 70539561.950971 -19139065.5400481
-0.3181 0.000229472277910774 0.00597183955705288 -5.41286458785827 319.912552372076 70544431.8307351 -19138999.838455
-0.31815 -0.00154957791955223 -0.00584877349202006 -5.41984882997581 319.889094933128 70539950.8856001 -19139095.2501274
-0.3182 0.00312818486083186 0.00201931944863353 -5.41548205248333 319.865637494181 70543883.5862969 -19139010.6801718
-0.31825 -0.0036849565339964 -0.000124081957551475 -5.42042413948299 319.842180055233 70540818.9432736 -19139007.5003079
-0.3183 0.00117473030691552 0.000917203351814901 -5.41688334725288 319.818722616285 70542952.5854038 -19138961.2953717
-0.31835 0.00106616734264092 -0.00234908385025591 -5.41814584013205 319.795265177337 70541752.4104728 -19138961.8000291
-0.3184 -0.000623082681276526 0.00122824841723198 -5.41876862405751 319.771807738389 70542368.4781869 -19138938.4969448
-0.31845 -0.000998349896637623 0.000437494036182783 -5.41751680665621 319.748350299441 70542059.9594628 -19139035.838048
-0.3185 0.00156493904098015 0.00105525688180294 -5.41872581316422 319.724892860493 70542672.7359578 -19138979.0897767
-0.31855 -0.000252676945093752 -0.00275349845411881 -5.41992568871317 319.701435421545 70541259.5131987 -19138915.0888972
-0.3186 0.000646903416652923 0.00197325824777447 -5.41900215976911 319.677977982597 70542270.9853433 -19138930.2018401
-0.31865 0.00011511079064099 -0.000953673300591508 -5.41935392893126 319.654520543649 70541518.2247594 -19138951.018537
-0.3187 0.00184028123414789 0.000946494241084764 -5.41893295672187 319.631063104701 70542615.0013693 -19138886.5952161
-0.31875 -0.002899672392843 0.00165332098305989 -5.41869814270432 319.607605665753 70541654.1580735 -19138925.5587579
-0.3188 0.00367956331848396 -0.00163610470244794 -5.41633069985401 319.584148226805 70543036.2053562 -19138925.8680387
-0.31885 -0.00287830011545001 -0.0011822354213329 -5.41893403670562 319.560690787857 70540954.8104327 -19138902.3238267
-0.3189 0.00192623948774302 0.00226874188205883 -5.41505336554705 319.537233348909 70543828.9762067 -19138905.1619547
-0.31895 -0.0013416712322035 -0.00254505951833295 -5.41803949446544 319.513775909961 70541566.0814119 -19138871.0833908
-0.319 0.000987398358692888 0.00138301324828939 -5.41811263924122 319.490318471013 70542692.1876215 -19138887.9015772
-0.31905 -0.00110228109324906 -0.00239562753193916 -5.41840207409774 319.466861032065 70541630.1813566 -19138833.5603343
-0.3191 0.000793343128664472 0.0016688900365505 -5.41676223443695 319.443403593118 70543190.5843031 -19138930.7095536
-0.31915 9.51934943902015e-05 0.000427529079575258 -5.41591122189125 319.41994615417 70542644.1520937 -19138873.4186939
-0.3192 -0.000837529264552735 -0.00165618645940554 -5.4145782043033 319.396488715222 70542633.1245109 -19138806.1546996
-0.31925 0.00132196610503986 0.000568878810483345 -5.41273665605851 319.373031276274 70543604.2724712 -19138895.596106
-0.3193 -0.00273988886911337 -0.00048776115116082 -5.41347223542706 319.349573837326 70542387.5875618 -19138921.7297782
-0.31935 0.00109552855257304 0.00124034351075613 -5.41181168423912 319.326116398378 70543853.2630958 -19138918.9437374
-0.3194 0.000533000791167548 -0.00327015093345387 -5.41310622048229 319.30265895943 70542319.2020666 -19138985.4261214
-0.31945 -0.000682582497805394 0.00471693767065578 -5.41094307360988 319.279201520482 70544332.2642217 -19139054.2613101
-0.3195 -0.00252848125948679 -0.000366757100503714 -5.41245241241159 319.255744081534 70542416.3762985 -19139098.6568276
-0.31955 0.00416068270380677 -0.0016700917827185 -5.41145342460882 319.232286642586 70544117.6621782 -19138916.6380397
-0.3196 -0.00333039272477905 0.00185447971642588 -5.41288337415619 319.208829203638 70542687.2431999 -19139067.2215407
-0.31965 0.00115588477071292 0.000186544126318581 -5.41172404521526 319.18537176469 70543856.4911061 -19139011.6796367
-0.3197 0.000697622470033007 -0.00311554914871838 -5.41260670516413 319.161914325742 70542770.2586845 -19138917.722848
-0.31975 -0.000525184292503057 0.00028721347068058 -5.41257262011049 319.138456886794 70543345.9556852 -19139008.3802358
-0.3198 -0.000705756500847408 0.00261327037612613 -5.41160019329574 319.114999447846 70543648.0552972 -19139102.0474411
-0.31985 -5.57217126158031e-05 -0.00259228520979878 -5.41194154574212 319.091542008898 70542921.1719971 -19138993.9905707
-0.3199 0.00225758776567717 -5.82033498126598e-05 -5.41127828880816 319.06808456995 70543702.6749332 -19138921.0512087
-0.31995 -0.00348324460611539 0.00072778005541505 -5.41190302329831 319.044627131002 70542493.0724376 -19139049.6647275
-0.32 0.00253479218228464 0.000823267595939318 -5.408348753664 319.021169692055 70544506.5336939 -19139017.7008763
-0.32005 -0.000428869023811099 -0.0023002187343419 -5.41113869894476 318.997712253107 70542832.9881902 -19139094.3584885
-0.3201 -0.000497447118245979 0.00420966462564748 -5.40871501136969 318.974254814159 70544901.7904801 -19139083.5545037
-0.32015 -4.86589800892056e-05 -0.00228131915522741 -5.4122678783515 318.950797375211 70542982.0242803 -19139064.0340377
-0.3202 0.00221761235520732 -0.000348717721012795 -5.41284411689119 318.927339936263 70543512.147635 -19139115.1477697
-0.32025 -0.0007765973273944 0.00240137499816501 -5.41300625218083 318.903882497315 70543288.7629815 -19139108.5428122
-0.3203 -0.000390769469038126 -0.00195787988159238 -5.41330848618042 318.880425058367 70542463.3967636 -19139107.642699
-0.32035 0.000268719924486225 0.00217836051204038 -5.4123921047799 318.856967619419 70543934.2080539 -19139021.5830881
-0.3204 0.000921451909280965 -0.00377882744589513 -5.41450249012236 318.833510180471 70542175.2877831 -19139125.594737
-0.32045 5.94273473130285e-05 0.0037791805210416 -5.41267882662699 318.810052741523 70544026.0654748 -19139065.1605461
-0.3205 -0.00204397635421208 -0.000548921240941841 -5.41633978037952 318.786595302575 70541982.8296021 -19139082.0326245
-0.32055 0.00246454796988803 0.000603223301775825 -5.41444045999835 318.763137863627 70543968.7030485 -19139026.9284627
-0.3206 -0.00154440675828113 -0.00399622767433828 -5.41887135488883 318.739680424679 70540940.7079858 -19139053.9929349
-0.32065 0.0020778680729046 0.00521996562603436 -5.414057690676 318.716222985731 70544703.6918331 -19139086.9241869
-0.3207 -0.00433465709883801 -0.00295198220680138 -5.42048952530058 318.692765546783 70539927.5797968 -19139052.5243994
-0.32075 0.0077517147809779 0.00242823967577883 -5.41355466596005 318.669308107835 70545243.2460884 -19139072.8964918
-0.3208 -0.00574018388852394 -0.00269825279606561 -5.42057763906651 318.645850668887 70539957.396251 -19139042.449166
-0.32085 0.00304225803404807 0.00462450629062398 -5.41539286759426 318.622393229939 70544209.143776 -19138970.357733
-0.3209 -0.00195495112935552 -0.00505501806242746 -5.42013997617557 318.598935790992 70540514.8840523 -19138909.3905253
-0.32095 0.00171219067885413 0.00368631127139422 -5.41747280531569 318.575478352044 70543485.3259314 -19139013.6117157
-0.321 -0.000486111768433135 -0.00182228497776918 -5.4201588565128 318.552020913096 70541232.398862 -19139056.0100141
-0.32105 -0.000135643884256642 -0.000122489981559055 -5.41912215589223 318.528563474148 70542179.8659088 -19138997.5952384
-0.3211 0.000694154203948436 0.000455453527957044 -5.42183761881163 318.5051060352 70541593.9844521 -19138979.6712026
-0.32115 0.000436633426672199 -0.000974473432352563 -5.42186349964395 318.481648596252 70541709.7911171 -19138966.4272895
-0.3212 -0.000820132028483695 0.00096040974210565 -5.42223077726617 318.458191157304 70541781.6644687 -19138999.1224515
-0.32125 -1.14248232460113e-05 -0.00256334339072902 -5.42034367251965 318.434733718356 70542048.8016005 -19138977.5301247
-0.3213 3.07376651933182e-05 0.0024542501696951 -5.42102169842554 318.411276279408 70542588.1827733 -19139072.9993525
-0.32135 0.00200521651803484 -0.000771506289402007 -5.42323870583482 318.38781884046 70542061.962077 -19139003.9234924
-0.3214 -0.00134734287497597 0.000178276846643626 -5.4239246603017 318.364361401512 70541321.7115642 -19138986.5552187
-0.32145 0.00128323592338532 -0.000538825303594378 -5.42296357978897 318.340903962564 70541875.516636 -19138938.4124477
-0.3215 0.000508268125115364 -0.000541865610999368 -5.42471462299827 318.317446523616 70541232.1767735 -19139005.1107249
-0.32155 0.0028139661020291 0.000152872870691183 -5.4253942346816 318.293989084668 70542094.9481047 -19138915.7206065
-0.3216 -0.00295491903623879 0.0022589194813004 -5.42781716310333 318.27053164572 70541271.5292666 -19138869.5367396
-0.32165 -0.000411550754911867 -0.0012211306485887 -5.42735547369726 318.247074206772 70540719.1340921 -19138837.8452701
-0.3217 0.00110496344300046 0.00063905844124582 -5.42584268092705 318.223616767824 70541881.5922583 -19138829.9995629
-0.32175 -0.000921281349535923 0.000163586843816896 -5.42834911323712 318.200159328876 70541057.5242777 -19138889.0069071
-0.3218 0.000295951787264873 0.00029120265642079 -5.42807728968917 318.176701889928 70541434.3043298 -19138834.1402485
-0.32185 -0.00102898443800647 0.00118263919058348 -5.42780169359205 318.153244450981 70541202.0534403 -19138817.4014994
-0.3219 -8.66847758402568e-05 0.000383708185794256 -5.42852544400475 318.129787012033 70541114.1167094 -19138812.8045876
-0.32195 0.00202590248094817 -0.00352787836735236 -5.42959959786165 318.106329573085 70540820.4428259 -19138777.969518
-0.322 -0.00148894464850639 0.00219617299557486 -5.43008532648736 318.082872134137 70540781.776739 -19138819.293828
-0.32205 -0.00136797359888168 0.000398239481489577 -5.43202473433586 318.059414695189 70540552.1431385 -19138695.297839
-0.3221 0.00283390606093625 -0.00112550642059338 -5.43145458352788 318.035957256241 70541327.2796816 -19138729.230327
-0.32215 0.000140588988176155 1.44416744099602e-05 -5.43144197830695 318.012499817293 70540554.9785528 -19138802.9007077
-0.3222 -0.00335991614181379 0.00187803128045581 -5.43284690004809 317.989042378345 70540467.1729809 -19138665.0322226
-0.32225 0.00224276375582223 -0.00312768558241251 -5.43452544353866 317.965584939397 70540296.3937467 -19138690.6985541
-0.3223 0.000290756315662141 -0.000922046859531552 -5.43444278646446 317.942127500449 70540299.6113388 -19138639.801266
-0.32235 -0.00358918306855974 0.00424806177815287 -5.43430360941611 317.918670061501 70540512.6692587 -19138691.0697521
-0.3224 0.000885982946594073 -0.00106815800403367 -5.43603891888055 317.895212622553 70539812.1233685 -19138662.8284539
-0.32245 0.00257074761048999 -0.00155448993491761 -5.43605475685964 317.871755183605 70540316.5987738 -19138693.6373893
-0.3225 -0.00469906487427846 0.00335341783985807 -5.43676944319455 317.848297744657 70540221.7639785 -19138583.4731821
-0.32255 0.000588220387700814 -0.000962597172745652 -5.43716394717965 317.824840305709 70540457.3927621 -19138586.5714414
-0.3226 0.00116673007300652 -0.00396254536999649 -5.43719025938501 317.801382866761 70540000.7295128 -19138505.082399
-0.32265 -0.00111317936865594 0.00518457178032405 -5.43633993795342 317.777925427813 70541369.9899416 -19138521.0978278
-0.3227 -0.00138622624966548 -0.00446385630170543 -5.43956248808178 317.754467988865 70538846.3860713 -19138533.766325
-0.32275 0.00255154447962586 0.00234436154813483 -5.43775177880464 317.731010549918 70541810.02078 -19138420.7248664
-0.3228 -0.00244029694897026 -0.00281738412189846 -5.44231636592021 317.70755311097 70538567.953845 -19138503.4654488
-0.32285 0.00179129930517088 0.00171127622501028 -5.44012071372434 317.684095672022 70541070.6937465 -19138438.8255905
-0.3229 -0.00291088527361695 -0.00229360625810743 -5.44376292166638 317.660638233074 70538430.3121192 -19138468.8671625
-0.32295 0.00227143027887593 0.00232669001018991 -5.44013851748749 317.637180794126 70541376.4075586 -19138459.4337505
-0.323 -0.00188010554290969 -0.00294063664349372 -5.44407445185554 317.613723355178 70538347.1745232 -19138373.1225976
-0.32305 0.00163908952242944 0.0025805157121988 -5.44113914702017 317.59026591623 70540596.995903 -19138472.2518638
-0.3231 -0.00161238378138501 -0.00214388696506924 -5.44652819467597 317.566808477282 70537663.369105 -19138445.218862
-0.32315 0.00169884123307758 0.00339188642639934 -5.44206999881841 317.543351038334 70540673.8788636 -19138372.7244437
-0.3232 -0.000426358160900353 -0.00304974580353055 -5.44809367435009 317.519893599386 70538056.9292424 -19138353.7190284
-0.32325 -0.000337473044309324 0.0031547939875132 -5.44568246357334 317.496436160438 70539870.3060882 -19138307.5722957
-0.3233 -0.00134552213816721 -0.00198702483741275 -5.44908749842879 317.47297872149 70537937.8158492 -19138335.4571389
-0.32335 0.00278431425161931 0.000311306315401414 -5.44560641218471 317.449521282542 70540241.8459166 -19138385.3880798
-0.3234 -0.00325223665833182 0.00114467701955043 -5.4512504810422 317.426063843594 70537481.1293788 -19138353.4793283
-0.32345 0.00166912824944056 0.00340712901543879 -5.44813279422409 317.402606404646 70539924.3136441 -19138380.2719028
-0.3235 -0.00044786595765436 -0.00400292417007087 -5.45138027287862 317.379148965698 70537363.6761153 -19138230.2987395
-0.32355 0.00165885643842192 0.00194994648160413 -5.4490010101934 317.35569152675 70539680.576796 -19138205.7749457
-0.3236 -0.00247540696305785 -0.000836788971231539 -5.45142308566133 317.332234087802 70537741.1551244 -19138189.1501371
-0.32365 0.00220492658301638 0.00164410112390662 -5.44979283805966 317.308776648855 70539910.8465955 -19138157.6981437
-0.3237 1.71301556437768e-05 -0.00254715793954763 -5.45171596485464 317.285319209907 70538124.3276305 -19138253.3746232
-0.32375 0.000736638024091325 0.00234173591682308 -5.44931807516021 317.261861770959 70539695.3612792 -19138183.3568695
-0.3238 -0.00255047333831828 -0.00151681441902634 -5.45208483390957 317.238404332011 70537726.5240456 -19138122.5312568
-0.32385 0.00524540379850918 0.00128300275116556 -5.44962609775421 317.214946893063 70540375.7412015 -19138178.7191415
-0.3239 -0.00376177952030362 -0.000567507954506995 -5.4534324907153 317.191489454115 70537354.4560165 -19138194.3291822
-0.32395 0.00303822590600183 0.00218508358840442 -5.45047656707523 317.168032015167 70540460.6607566 -19138155.4153162
-0.324 -0.00150238133039773 -0.00426012015545053 -5.45565424499892 317.144574576219 70536772.8817045 -19138196.0036007
-0.32405 0.000924068651009471 0.00350518403829835 -5.45240508092352 317.121117137271 70539735.5847825 -19138183.912528
-0.3241 -0.00206597853918745 -0.00213919696352304 -5.45370421551976 317.097659698323 70537630.1995531 -19138147.9853283
-0.32415 0.00346088405542102 0.000856841794614106 -5.45026283754894 317.074202259375 70540156.6846679 -19138148.2034466
-0.3242 -0.001995849052212 -0.0017553146344633 -5.45520114986223 317.050744820427 70537380.0282008 -19138117.4628508
-0.32425 0.000237180730512841 0.00306189504015863 -5.45240152750536 317.027287381479 70539923.7048265 -19138092.8894799
-0.3243 -0.00150092030254955 -0.00465305788424157 -5.45759010932862 317.003829942531 70536536.839185 -19138033.7876969
-0.32435 0.00439714831088312 0.00281761032944423 -5.45257518005534 316.980372503583 70540543.8106122 -19138006.5025556
-0.3244 -0.00417177248172813 -0.00408849103781969 -5.459428935559 316.956915064635 70535606.6577678 -19137991.2263716
-0.32445 0.00229567541157771 0.00449043339159002 -5.45551713051007 316.933457625687 70539858.4001939 -19138005.2173068
-0.3245 -0.00144389168046493 -0.00261368839679066 -5.45915444418224 316.910000186739 70536813.5962685 -19137974.7568402
-0.32455 0.00159647633216785 0.00029052623198719 -5.45881878342543 316.886542747792 70538345.6266935 -19137962.6900629
-0.3246 -0.000109597036996021 0.000319446108423724 -5.45974787966296 316.863085308844 70537611.3910713 -19137961.4971812
-0.32465 -0.00100845844282251 0.000395577406264733 -5.46237396681587 316.839627869896 70536876.0678872 -19137886.8350439
-0.3247 0.000251491192469378 -0.000323977116401695 -5.46211622468843 316.816170430948 70536818.0790734 -19137952.9546937
-0.32475 0.000956445266360658 -0.00096338244343232 -5.4620444173478 316.792712992 70537122.9070746 -19137859.3775555
-0.3248 -0.00328291959888476 -0.000892576305739246 -5.46251599397591 316.769255553052 70536524.295786 -19137874.041569
-0.32485 0.00107205517507714 0.00240202483268549 -5.46122335360049 316.745798114104 70537870.6232847 -19137943.0686168
-0.3249 -0.000934166136572302 -0.00307665484924649 -5.46414194637556 316.722340675156 70535989.7678544 -19137853.0014452
-0.32495 0.00291444530145724 0.00164480813467659 -5.46165761720449 316.698883236208 70538064.1611568 -19137891.9436527
-0.325 -0.00352072569808078 -0.00105007097943637 -5.46454493462018 316.67542579726 70535358.1891334 -19137846.7188251
-0.32505 0.000893865283133235 0.00179310935918325 -5.46041465226795 316.651968358312 70537853.9548295 -19137859.4340651
-0.3251 -0.00191348954236689 -0.00160031688349822 -5.46349568004991 316.628510919364 70535890.3154145 -19137860.8521236
-0.32515 0.00314958318904297 0.00116426240990325 -5.46187136290395 316.605053480416 70537660.7313936 -19137883.8957407
-0.3252 -0.00355152522787641 -0.000649275574085726 -5.46460135727212 316.581596041468 70535432.8180234 -19137843.9948963
-0.32525 0.000628988860743739 0.00312625798847914 -5.46399644746597 316.55813860252 70536946.3202146 -19137884.517941
-0.3253 -0.00159275228134085 -0.00229507393821965 -5.46409353341363 316.534681163572 70535584.4049886 -19137876.9287006
-0.32535 0.00156758831930315 0.00111433386587748 -5.46128198089051 316.511223724624 70537956.1648185 -19137808.1184037
-0.3254 -0.000823343310323532 -0.00227440905930611 -5.46239434229406 316.487766285676 70536084.4330832 -19137928.8780259
-0.32545 -0.000606966493404048 0.00259357061707285 -5.46205085006309 316.464308846728 70537678.8481454 -19137792.3070036
-0.3255 0.000976545651261245 -0.000882176036199053 -5.46371818865621 316.440851407781 70536897.4695646 -19137871.9826722
-0.32555 -0.000279024914347743 -0.00180987464809965 -5.46381018637655 316.417393968833 70536295.6469547 -19137827.4349242
-0.3256 -0.000572265743401871 0.00483802016495408 -5.46321371057206 316.393936529885 70537333.2155763 -19137828.9310435
-0.32565 -0.00116213607835033 -0.0035725721392838 -5.46560826581145 316.370479090937 70535098.0119718 -19137893.2899836
-0.3257 0.00395648758111949 0.000298820822723164 -5.46351275029425 316.347021651989 70537560.1300438 -19137882.5454015
-0.32575 -0.00300637753461654 -0.00132313900364603 -5.46533506930967 316.323564213041 70535641.7531644 -19137826.5095466
-0.3258 0.000446764756464685 0.00304692052286794 -5.46332163027293 316.300106774093 70537581.8002449 -19137871.4778073
-0.32585 -6.48180564681814e-05 -0.00554374866424356 -5.46528464642145 316.276649335145 70535232.0081812 -19137810.8000711
-0.3259 0.00130587425390251 0.00299531012761828 -5.46407557183619 316.253191896197 70537043.7951551 -19137935.4226944
-0.32595 -0.00372076399540164 9.08496119598541e-05 -5.46719499339794 316.229734457249 70535565.445742 -19137832.1788416
-0.326 0.0042610273327971 0.000641571264729266 -5.4640739864954 316.206277018301 70537946.6606742 -19137848.9693246
-0.32605 -0.0035963178974354 -0.00163173476733662 -5.46696563338777 316.182819579353 70534917.3113255 -19137797.9302936
-0.3261 0.00186290106643816 0.00339446538337017 -5.46274487421956 316.159362140405 70537981.2199487 -19137853.4649678
-0.32615 -0.00182024709021705 -0.00316063519663739 -5.46855752121674 316.135904701457 70534591.4635264 -19137778.3633126
-0.3262 0.00202168650230681 0.00119849512840348 -5.46822188043413 316.112447262509 70536439.9961646 -19137736.9275943
-0.32625 -0.00204396351153529 -3.12579311938422e-05 -5.46814241187772 316.088989823561 70535541.0965376 -19137797.9870084
-0.3263 0.000841481320829176 0.000642831088788172 -5.46639815885396 316.065532384613 70536617.9936773 -19137779.9242017
-0.32635 0.000512603849108623 -0.00141496393959725 -5.4691290211026 316.042074945665 70535322.1322276 -19137781.8933009
-0.3264 0.000321430332796407 0.000592387059976239 -5.46861030469818 316.018617506718 70536054.9434342 -19137736.9442375
-0.32645 -0.000717972059666779 -0.000519270215821446 -5.46969999053429 315.99516006777 70535225.7044742 -19137715.6031705
-0.3265 -0.000601853773116294 0.00175134037132725 -5.46746074053997 315.971702628822 70536177.3824938 -19137704.6480211
-0.32655 0.000107503521223421 -0.00390637930579318 -5.46939220415099 315.948245189874 70534855.985119 -19137699.6689819
-0.3266 -0.000279176851250282 0.00459829615382611 -5.46931971210628 315.924787750926 70536799.3119144 -19137575.0414896
-0.32665 -0.00419647308984785 -0.00220191928541299 -5.47272245486812 315.901330311978 70533715.7763223 -19137620.6495727
-0.3267 0.00554898924832544 0.000382038967444514 -5.46747538933812 315.87787287303 70537120.6463028 -19137708.3745448
-0.32675 -0.00580221242180819 -0.00106456737860809 -5.47220115861324 315.854415434082 70533252.260467 -19137735.6823317
-0.3268 0.00340386535940938 0.000989069021132238 -5.46764453480439 315.830957995134 70537188.6447484 -19137617.0163192
-0.32685 -0.000797019015499373 -0.00441666479508032 -5.47059853001438 315.807500556186 70534167.4153127 -19137662.0706648
-0.3269 -0.00107694832770128 0.00360824287778781 -5.46665709357927 315.784043117238 70536816.4770475 -19137665.1257656
-0.32695 -0.000243062272929799 -0.00387615565168836 -5.46761605954681 315.76058567829 70534986.6637533 -19137668.3988792
-0.327 0.00227883622502768 0.000823442559348672 -5.46476583883409 315.737128239342 70537139.4600488 -19137689.0531767
-0.32705 -0.00191598626843696 -0.000545606519899811 -5.46977496053271 315.713670800394 70534736.3726479 -19137689.8742504
-0.3271 0.0015253795900631 0.00166381545106677 -5.46592419703432 315.690213361446 70537029.1818353 -19137706.4595961
-0.32715 -0.00193887110993748 0.00029073886711947 -5.46668658586728 315.666755922498 70535547.2429016 -19137770.5877364
-0.3272 0.00121709161260957 -0.000905990864713208 -5.46689729616579 315.64329848355 70536578.0046243 -19137627.0791272
-0.32725 -0.00133982132123084 0.000901196113108809 -5.46636157086563 315.619841044602 70536104.3407933 -19137662.9147466
-0.3273 0.00153470987425727 -0.00215374777542118 -5.46541277825242 315.596383605655 70536318.9713538 -19137734.1963435
-0.32735 -0.00181514400371313 0.00254445041168896 -5.46823266867883 315.572926166707 70535939.3809896 -19137613.6095125
-0.3274 -0.000303956854094694 -0.00247222587499761 -5.46610633607013 315.549468727759 70536077.993344 -19137604.6231874
-0.32745 -0.000146939993884246 0.00225941128587966 -5.46508276872116 315.526011288811 70537417.008172 -19137674.2323571
-0.3275 0.00077792560501811 -0.00229841594380015 -5.46624184336629 315.502553849863 70536373.8524376 -19137693.2428596
-0.32755 -0.000452511432667014 0.00103291577841825 -5.46407145930432 315.479096410915 70537542.7746902 -19137575.0972936
-0.3276 -0.001985018391459 0.00125470877544314 -5.46579403155165 315.455638971967 70536642.251569 -19137661.1128246
-0.32765 0.00276035058642719 -0.00220062095686309 -5.46407101173151 315.432181533019 70537367.5603781 -19137687.4707991
-0.3277 -0.00156838454241387 0.000713995745763198 -5.4652120786038 315.408724094071 70536519.1674241 -19137731.5332181
-0.32775 0.00175663673887235 -0.00135747541605265 -5.46610463032695 315.385266655123 70536879.0157224 -19137643.7672512
-0.3278 -0.00147272105172188 0.000349706825993114 -5.46607049968013 315.361809216175 70536579.5678005 -19137692.910338
-0.32785 -0.000315808995096251 0.000639970940350051 -5.46372934066582 315.338351777227 70537226.0673828 -19137700.5984715
-0.3279 0.00199610357548056 -0.00105957287927215 -5.46442242554106 315.314894338279 70537126.543093 -19137751.1305807
-0.32795 -6.01813067514463e-05 0.000532086272086795 -5.46456066788722 315.291436899331 70536995.5781565 -19137705.759533
-0.328 -0.0013909157253806 -0.00146369124747533 -5.46433104589865 315.267979460383 70536443.4162452 -19137722.7486522
-0.32805 0.000810057601731544 0.00214030933346487 -5.46303394111447 315.244522021435 70537908.5122608 -19137672.0215306
-0.3281 -0.00207661637833653 -0.0021691205233603 -5.46568783571075 315.221064582487 70535638.9061513 -19137720.441935
-0.32815 0.00246031294095774 0.000522298798353641 -5.46117844653721 315.197607143539 70538413.0657588 -19137768.6679482
-0.3282 -0.00207106964175157 -0.000639049526901575 -5.46538173447168 315.174149704592 70536094.1761397 -19137824.2015469
-0.32825 -0.000282998509345354 0.00108275051596947 -5.46309773883238 315.150692265644 70537487.4188077 -19137743.9532625
-0.3283 0.00202481771203383 -0.00255797114326689 -5.46242367310339 315.127234826696 70537388.9271068 -19137800.8727944
-0.32835 1.68655040591298e-05 0.000255500869559966 -5.46048610521429 315.103777387748 70537792.6148417 -19137801.6857516
-0.3284 -0.00252815183515414 0.00156741628517472 -5.46010758991711 315.0803199488 70537601.4667284 -19137786.6610689
-0.32845 0.00167986872026852 -0.00397208853797258 -5.45811457326704 315.056862509852 70537694.5684599 -19137913.9345357
-0.3285 0.000289623823117107 0.00294965977478772 -5.45606627867594 315.033405070904 70539562.1103518 -19137867.8867593
-0.32855 -0.000101745668041459 -0.0010199963349082 -5.45764655110854 315.009947631956 70537996.7565402 -19137973.0023097
-0.3286 0.00217301989720939 0.00134889100576712 -5.45771787791467 314.986490193008 70539227.2644151 -19137854.1096772
-0.32865 -0.00169058228192643 -0.000747776202598969 -5.45873419603574 314.96303275406 70537455.8793497 -19137926.1558
-0.3287 0.000605775709592102 0.0016908028364972 -5.45589511149781 314.939575315112 70539035.8950554 -19137884.5038172
-0.32875 -0.00118424495658429 -0.000969797740807783 -5.45862507960357 314.916117876164 70537440.0249949 -19137943.651861
-0.3288 0.00198850603907639 -0.000131007988831083 -5.45631830732094 314.892660437216 70539276.6494341 -19137910.126985
-0.32885 -0.00201605589072628 0.000276281641685599 -5.45642273292661 314.869202998268 70538201.2975593 -19137928.4979796
-0.3289 0.000703329292963456 -0.000194208158869751 -5.4559660218808 314.84574555932 70538959.0532372 -19137893.081507
-0.32895 -0.00259195510950404 0.00160919067251725 -5.45653780582583 314.822288120372 70538334.2841444 -19137894.8923396
-0.329 0.0010858372332634 -0.00113704507181977 -5.45703851093373 314.798830681424 70538602.7932451 -19137885.620192
-0.32905 0.00128478853786463 -0.00253520654108595 -5.45802247978424 314.775373242476 70537932.8527118 -19137930.7907904
-0.3291 -0.0019639783863825 0.00239192360721073 -5.45658008110308 314.751915803529 70538860.9841042 -19137954.7965186
-0.32915 -0.000294344828072695 -0.000897914082349416 -5.45535556045288 314.728458364581 70538534.7706228 -19137928.2885391
-0.3292 -0.000350547328472051 0.00063002160262959 -5.45583896543011 314.705000925633 70539017.4576559 -19137920.9994339
-0.32925 0.000740061764847033 -0.00243265212810999 -5.45588167265921 314.681543486685 70538404.9136279 -19137936.7453796
-0.3293 -0.00182874355296273 0.00253455742137097 -5.45512217200446 314.658086047737 70539252.7092327 -19137902.3716079
-0.32935 -0.000296080035741813 -0.00220108538882032 -5.45519283376179 314.634628608789 70538519.550234 -19137962.2367857
-0.3294 1.36182576305795e-05 0.0022818841640676 -5.45259047177709 314.611171169841 70540266.9121769 -19137898.4498877
-0.32945 0.000902027887918605 -0.00299243285896091 -5.45636966330532 314.587713730893 70538443.4827426 -19137892.8418645
-0.3295 1.16925350601758e-05 0.00091913128483882 -5.45552815018982 314.564256291945 70539313.7695154 -19137956.9443504
-0.32955 -0.00389608292543459 0.00150379136128359 -5.45634981702072 314.540798852997 70538294.0445123 -19137993.1994977
-0.3296 0.00344248487505426 -0.00282578062317035 -5.45203704929097 314.517341414049 70540087.3788545 -19138018.0268903
-0.32965 8.20811613858982e-05 -5.92513403705263e-05 -5.45424141805353 314.493883975101 70539890.2277779 -19138012.0648842
-0.3297 -0.0023636359054369 0.00201996892966226 -5.45428835258575 314.470426536153 70539468.1278358 -19138040.5288637
-0.32975 0.000475026179097889 -0.000844797285201283 -5.45512919181298 314.446969097205 70539103.1218796 -19138059.5465749
-0.3298 -0.000646864817510018 0.000713937353927138 -5.45642373521419 314.423511658257 70538984.6701701 -19137984.2654244
-0.32985 0.000686625749969487 -0.000760084281899396 -5.45613457120469 314.400054219309 70538881.9420627 -19138002.1983323
-0.3299 0.000906027082857232 0.00120539291213239 -5.45431897094319 314.376596780361 70539711.2968325 -19138063.2925936
-0.32995 -0.00218365493935799 0.000982661035260518 -5.45618369593558 314.353139341413 70538400.921076 -19138090.5905274
-0.33 0.000832348847625237 -0.00116031804112265 -5.45558233484167 314.329681902465 70539308.4810154 -19138009.1297241
-0.33005 -0.00106075663790459 0.000817714259724363 -5.4554623687309 314.306224463518 70539089.093365 -19138045.5710245
-0.3301 -7.3153122838241e-05 0.00104270555336539 -5.45539937714654 314.28276702457 70539323.6473306 -19138113.5510494
-0.33015 0.00159662623923882 -0.00211367587794597 -5.4540643017429 314.259309585622 70539661.3902156 -19137958.5877446
-0.3302 -0.00151977043319642 0.000576591576137291 -5.454459275523 314.235852146674 70539427.3363592 -19138094.6269932
-0.33025 -0.00213378428029351 0.00137544102819725 -5.45374928554954 314.212394707726 70539431.9501537 -19138013.3331693
-0.3303 0.00212385114945317 -0.000789069607178281 -5.45228089324542 314.188937268778 70540370.0305745 -19138048.9822301
-0.33035 -0.00147181272994226 -0.0014979696045573 -5.45463157367374 314.16547982983 70538715.1139335 -19138072.710627
-0.3304 -0.00136471140173109 0.00313606969119768 -5.45211328849144 314.142022390882 70540406.8811984 -19138062.866026
-0.33045 0.00048970112073257 -0.00306407980100992 -5.45642110252124 314.118564951934 70538598.1999604 -19138118.5117694
-0.3305 0.0010417214627033 0.00327184389929029 -5.45442868363794 314.095107512986 70540561.2371666 -19138096.7227564
-0.33055 -0.00279163433697308 -0.0029899847450948 -5.45781422162583 314.071650074038 70537654.31281 -19138096.2016308
-0.3306 0.00228707068768646 0.00293262062139891 -5.45408841057317 314.04819263509 70541291.0471076 -19137957.8528185
-0.33065 -0.00322759091516961 -0.00339156096506704 -5.45708455834926 314.024735196142 70537759.6218973 -19138117.2272024
-0.3307 0.00246267064734156 0.00261907725814719 -5.45297700617337 314.001277757194 70541256.7206512 -19138157.1711528
-0.33075 -0.00245471799354112 -0.00392944467773415 -5.45655672962383 313.977820318246 70538242.2930738 -19138114.3230041
-0.3308 0.00139659738891345 0.00337589103055954 -5.45428673303324 313.954362879298 70541342.1611988 -19138047.5665605
-0.33085 -0.00089982145955484 -0.00262023754446367 -5.45608994093347 313.93090544035 70538706.0865346 -19138194.5930448
-0.3309 0.00194836718224062 0.000726596558809288 -5.45319909942303 313.907448001402 70540880.3457311 -19138131.4298752
-0.33095 -0.00335900802575598 0.000690469096253178 -5.45397869026076 313.883990562455 70539713.8772395 -19138099.1942402
-0.331 0.000997570127019755 0.0017946806077419 -5.45321858542984 313.860533123507 70541028.6369493 -19138164.7610957
-0.33105 -0.00151594341596636 -0.00153232480005948 -5.45440548354149 313.837075684559 70539330.7194134 -19138142.2200715
-0.3311 0.00175119708347458 -0.00024786478446706 -5.4518401633482 313.813618245611 70541285.0801869 -19138111.3613788
-0.33115 -0.00136330097293504 0.00111947339910274 -5.45235332419744 313.790160806663 70540371.7616177 -19138170.5659893
-0.3312 0.000337639165558714 -0.000341038775858942 -5.45319246464288 313.766703367715 70540911.7455113 -19138043.647076
-0.33125 -0.000931074111293498 -0.000803978680214986 -5.45499537236144 313.743245928767 70540133.5629727 -19138074.4814754
-0.3313 0.00128867370056283 0.000993440349687088 -5.45213579406212 313.719788489819 70541697.4703034 -19138109.0850024
-0.33135 0.000858525312487208 -0.00279846321335916 -5.45479683380099 313.696331050871 70539899.3359516 -19138140.2978295
-0.3314 -0.00104892534134351 0.0016589548839208 -5.45397538731097 313.672873611923 70540583.3355815 -19138098.5253269
-0.33145 -0.000256748372399315 -8.64632978328458e-05 -5.453074077533 313.649416172975 70540634.6643945 -19138188.625192
-0.3315 0.000710979403928997 -0.00157599552024503 -5.4548981345923 313.625958734027 70540072.6782086 -19138098.2501961
-0.33155 -0.000403519025327596 0.0029989697678435 -5.45331600358019 313.602501295079 70540740.7167324 -19138097.8478888
-0.3316 -0.0017169048212759 -0.0021856707021716 -5.45527864884772 313.579043856131 70539074.1242498 -19138149.6344572
-0.33165 0.00468592238167486 0.00133047231014997 -5.45465830366987 313.555586417183 70541695.8900385 -19138195.8423539
-0.3317 -0.00185398863511761 -0.00333883322685627 -5.4566978412003 313.532128978235 70538478.122555 -19138177.7996589
-0.33175 0.000806377375807785 0.00666850805390219 -5.45220420942937 313.508671539287 70542547.5565177 -19138093.1356906
-0.3318 -0.00203236720927568 -0.00634662233243575 -5.45801131469856 313.485214100339 70537590.4929663 -19138146.7050883
-0.33185 0.00522756432966308 0.00513708859157777 -5.45089067760756 313.461756661392 70543324.3903794 -19138111.0203186
-0.3319 -0.0060960263679522 -0.00312599330501979 -5.45774596625193 313.438299222444 70537402.3510971 -19138188.5205442
-0.33195 0.00754290371771889 0.00299136578032071 -5.45274497700885 313.414841783496 70543299.6429602 -19138122.3942743
-0.332 -0.00624331418376025 -0.00399446396006153 -5.46035362139607 313.391384344548 70536703.2974198 -19138186.6534109
-0.33205 0.00430372037423262 0.00734313241964688 -5.45571655394262 313.3679269056 70542606.0334137 -19138019.8131249
-0.3321 -0.00498768143537404 -0.00839672509304954 -5.46296584514907 313.344469466652 70535762.4002131 -19138081.0355283
-0.33215 0.00687362685235861 0.00438754796697523 -5.45377479754834 313.321012027704 70543152.2442462 -19138119.290487
-0.3322 -0.00682951681361113 -0.00449080130905534 -5.46626958853198 313.297554588756 70535420.6745609 -19138126.8236832
-0.33225 0.00290119988750515 0.0069132680485802 -5.45691501864408 313.274097149808 70542504.8919881 -19138090.4309236
-0.3323 -0.0017268947828088 -0.00910563574881527 -5.46412693720302 313.25063971086 70536243.1263785 -19138102.0972983
-0.33235 0.00264732224422055 0.00550706012596165 -5.45832918979299 313.227182271912 70541909.0472241 -19138074.9433953
-0.3324 -0.00611783395228209 -0.00426197198275942 -5.46597114212423 313.203724832964 70536287.8153443 -19137972.0689638
-0.33245 0.00502095824495474 0.00208811193220739 -5.45856722406025 313.180267394016 70541380.0665196 -19138037.1833412
-0.3325 -0.00265263897368635 -0.00328102688340962 -5.46496578061434 313.156809955068 70537208.0901691 -19138073.2165352
-0.33255 0.000815187118136436 0.00568038881665135 -5.4613126937253 313.13335251612 70540874.9770991 -19137983.9068091
-0.3326 -0.00318208345074069 -0.00622580835372654 -5.46896946641378 313.109895077172 70535966.4075595 -19137946.0895764
-0.33265 0.00622832689629977 0.00379396494033263 -5.46060321141817 313.086437638224 70541915.9668313 -19137998.2820322
-0.3327 -0.00790836331854095 -0.00343709976051857 -5.46865620878168 313.062980199276 70535389.6217292 -19137960.2602884
-0.33275 0.00374515228107118 0.00510151769266841 -5.4618208453324 313.039522760329 70541300.8097119 -19137948.9508777
-0.3328 -0.00300216664246884 -0.0048089633435173 -5.46874006631062 313.016065321381 70536485.0940868 -19137931.2887171
-0.33285 0.00336440037383681 0.0030115645713773 -5.46422826672139 312.992607882433 70540683.8761967 -19137923.1849524
-0.3329 -0.00443763697029603 -0.00167744461396898 -5.46855030788789 312.969150443485 70537155.1657923 -19138014.5777213
-0.33295 0.00415517135322882 0.00221683239561016 -5.46281497961873 312.945693004537 70541461.8110135 -19137952.0919734
-0.333 -0.00171089132838626 -0.00368930079211049 -5.46674466869698 312.922235565589 70538122.4910606 -19137955.3803005
-0.33305 0.00233368027355077 0.00316391996223142 -5.46454939563095 312.898778126641 70540708.39506 -19137874.0417591
-0.3331 -0.00682968870071403 -0.0021862909039142 -5.46857387360156 312.875320687693 70536745.8622544 -19137921.590982
-0.33315 0.00714869658280933 0.00284363089707603 -5.46473282835946 312.851863248745 70541724.8451713 -19137917.6965456
-0.3332 -0.00545388542364318 -0.00503605522268255 -5.47033761620227 312.828405809797 70536413.388211 -19137889.6624712
-0.33325 0.00353398830563993 0.00297173966115631 -5.46420254673127 312.804948370849 70541005.4633031 -19137909.5134853
-0.3333 -0.00299767972888517 -0.00298105386061069 -5.47055847526831 312.781490931901 70537415.4539468 -19137953.9307488
-0.33335 0.0033414633133846 0.00240413234440845 -5.46620608394429 312.758033492953 70540815.4273039 -19137896.7092893
-0.3334 -0.00234153184342189 -0.000512050533025277 -5.47101116411514 312.734576054005 70537487.8164387 -19137959.7472059
-0.33345 0.000581834601385906 0.000136660023456413 -5.4700783207589 312.711118615057 70538879.5196881 -19137950.4011728
-0.3335 -0.00196572933329446 0.00199489869203982 -5.47122346917299 312.687661176109 70538367.4114826 -19137896.6447184
-0.33355 0.000554255078595053 -0.000782987858528486 -5.47078469947392 312.664203737161 70538812.2389472 -19137812.7394934
-0.3336 -0.00138066885378234 -0.000351666459021723 -5.47177763527595 312.640746298213 70538345.0801162 -19137805.5578269
-0.33365 0.00204069952924617 0.000277148766758984 -5.46910182373392 312.617288859265 70539691.9760215 -19137888.4713546
-0.3337 -0.00214670321560578 -0.000733322271094945 -5.46957413143468 312.593831420318 70538858.9168484 -19137842.603742
-0.33375 0.00212059595524975 -0.000637974671797034 -5.46924583045307 312.57037398137 70539905.3243751 -19137812.1493106
-0.3338 -0.000966150774549106 -0.000635129556654518 -5.47320949897203 312.546916542422 70538178.8828923 -19137843.7783046
-0.33385 -0.00181566542457447 0.00381146485121674 -5.47070361109226 312.523459103474 70539341.1504212 -19137894.4963818
-0.3339 -0.00045264823140741 -0.00198852304083525 -5.4716747576862 312.500001664526 70538410.1485981 -19137862.5047154
-0.33395 0.00280761202577475 0.00017831271200569 -5.47058628861029 312.476544225578 70540198.6234006 -19137814.3148575
-0.334 -0.00226899144746821 -0.000895341612949274 -5.47364002247131 312.45308678663 70538287.2112319 -19137816.6351066
-0.33405 0.000766361352500605 0.00187406812722731 -5.47287819681357 312.429629347682 70539722.2718439 -19137776.3835735
-0.3341 0.000264356296856129 -0.00511208099185513 -5.47539963735551 312.406171908734 70537593.7631157 -19137716.1292545
-0.33415 -0.000570621231356744 0.00307527344568833 -5.47305688763879 312.382714469786 70539928.4038295 -19137781.8554932
-0.3342 -0.00304329889955469 -0.00151431318768531 -5.47523575237812 312.359257030838 70537707.7855547 -19137758.3544684
-0.33425 0.00353094089250219 -0.000104243067232014 -5.47404548824695 312.33579959189 70539962.322588 -19137816.6689165
-0.3343 -0.00136119223570151 -0.0036734744154185 -5.47800052370139 312.312342152942 70537447.9888508 -19137738.9350623
-0.33435 -0.000220312356856908 0.00423675598021211 -5.47537905334387 312.288884713994 70539798.6703089 -19137803.0698631
-0.3344 -0.00273847060210353 -0.00111063587494121 -5.47849270674912 312.265427275046 70537573.5020157 -19137814.6011723
-0.33445 0.00401031220759983 -2.474260266774e-05 -5.47567387040922 312.241969836098 70539863.0012333 -19137799.605742
-0.3345 -0.00426002130042917 -0.000813161254163552 -5.47891693741743 312.21851239715 70537324.4289357 -19137779.5233795
-0.33455 0.0023060137040028 0.00384069570407694 -5.47704841468922 312.195054958202 70539920.3091323 -19137872.0998876
-0.3346 -0.00170801511915233 -0.00625298720072037 -5.48138262476941 312.171597519255 70536462.1589493 -19137798.7860036
-0.33465 0.0022898473128044 0.00373370036979104 -5.47791012114151 312.148140080307 70539861.4304237 -19137807.5404612
-0.3347 -0.00427686774084597 -0.000762324066940531 -5.48309095131872 312.124682641359 70536563.4854137 -19137744.1801375
-0.33475 0.00261841215214565 0.00139223342756394 -5.4788498560016 312.101225202411 70539110.5981055 -19137761.6271877
-0.3348 0.000246927039809937 -0.00223710538892091 -5.48128447984031 312.077767763463 70538031.0966795 -19137743.6556535
-0.33485 -2.22713804469304e-05 0.000696640689924695 -5.48216393519475 312.054310324515 70538198.2862368 -19137781.8004289
-0.3349 -0.000671228697596364 0.00204837533031827 -5.48155263051736 312.030852885567 70538755.1894506 -19137754.0483697
-0.33495 0.00114014968647065 -0.00272286754721617 -5.48278929527034 312.007395446619 70537831.9472003 -19137759.2835068
-0.335 -1.12531800206676e-05 0.00288163400292321 -5.48336602769316 311.983938007671 70538496.3075278 -19137764.8472195
-0.33505 -0.00191599733004678 -0.00028770682851098 -5.48545880770232 311.960480568723 70537189.7168758 -19137727.6635765
-0.3351 0.00299359662780883 -0.00259909686425959 -5.48397393828313 311.937023129775 70538247.8576276 -19137708.9942211
-0.33515 -0.00113043316071819 0.00225069580804448 -5.48589199690229 311.913565690827 70537840.0180838 -19137697.3979203
-0.3352 -0.00211592335207239 -0.000164943602939295 -5.48506948335054 311.890108251879 70537105.2678181 -19137696.0156306
-0.33525 0.00460666387309832 -0.00133018293073718 -5.48461798371932 311.866650812931 70538829.6941866 -19137662.7822312
-0.3353 -0.00434222123353495 2.68817257032332e-05 -5.48698989108361 311.843193373983 70536478.211501 -19137700.7908366
-0.33535 0.00204641002350667 0.00324474320085459 -5.48353311138923 311.819735935035 70539505.1101743 -19137719.3843183
-0.3354 0.000308621403177437 -0.00596160387312859 -5.4875276829765 311.796278496087 70536426.0589473 -19137628.8046738
-0.33545 0.00132205558612134 0.00337751477903399 -5.48566495311935 311.772821057139 70538524.6904794 -19137716.5067466
-0.3355 -0.00561186286723096 0.000401722894500439 -5.48987362264556 311.749363618192 70535902.6200161 -19137683.7016051
-0.33555 0.00633193088049288 -0.000970089928426392 -5.48727467452337 311.725906179244 70538910.2441355 -19137639.1536268
-0.3356 -0.00290576940981778 -0.00128596597384058 -5.49207033841512 311.702448740296 70535863.7112204 -19137604.4316575
-0.33565 -0.000903785347415067 0.00290704027931583 -5.48997822209842 311.678991301348 70537768.0219184 -19137585.1749747
-0.3357 0.00179835195832866 -0.00486394411274847 -5.49154611135036 311.6555338624 70536562.3788603 -19137574.7866477
-0.33575 1.86449730602834e-05 0.00329732025617913 -5.49086189235962 311.632076423452 70538046.2777728 -19137486.2244769
-0.3358 -0.00244055462178002 -0.000886266228455759 -5.49421696310108 311.608618984504 70535380.9082989 -19137604.7599463
-0.33585 0.00232953331527197 0.000450850590524226 -5.49364275631121 311.585161545556 70537415.6731211 -19137556.2472543
-0.3359 -0.00225235906309915 0.000956190113760164 -5.49437939873886 311.561704106608 70536223.8051914 -19137507.142307
-0.33595 -0.000154925908606626 0.000483460239316832 -5.4959670170495 311.53824666766 70535927.0264501 -19137504.5510062
-0.336 0.00329523668975994 -0.00169146599858972 -5.49614100768612 311.514789228712 70536629.5758773 -19137500.104574
-0.33605 -0.00287803683895415 0.000841533500894575 -5.49881401229626 311.491331789764 70535255.4035414 -19137474.4621533
-0.3361 -0.0010954342673744 0.00210303083513544 -5.49796998572903 311.467874350816 70535948.3790245 -19137384.0019566
-0.33615 0.00145213443895675 -0.00143176529550083 -5.49889619186077 311.444416911868 70535760.4657479 -19137368.4748085
-0.3362 0.00153728641230575 -0.00239717463259898 -5.49934753801053 311.42095947292 70535837.8427698 -19137350.3717599
-0.33625 -0.00431493837751742 0.00284076052639088 -5.4985703489629 311.397502033972 70536167.3400242 -19137354.5268963
-0.3363 0.00140619713944635 -0.00128706035304798 -5.49874280927953 311.374044595024 70536204.2460884 -19137344.8359392
-0.33635 0.00047844007729734 -0.00187281384867215 -5.49975792585766 311.350587156076 70535911.8919975 -19137271.2517823
-0.3364 -0.00164321451339591 0.00249887026524664 -5.49896972840923 311.327129717129 70536179.3180749 -19137340.8894755
-0.33645 0.000830337860256923 -0.0015947929970959 -5.50063314589817 311.303672278181 70535295.133975 -19137393.5591361
-0.3365 -8.1089438921679e-05 0.000791064348748306 -5.50197792943295 311.280214839233 70535452.9447558 -19137287.6547501
-0.33655 -0.000193280117404279 -0.0013006178388722 -5.50269436872041 311.256757400285 70535220.6651183 -19137282.968902
-0.3366 0.00095285445178866 -0.00039277613449919 -5.50366497815837 311.233299961337 70535399.6181751 -19137273.8089277
-0.33665 -0.00120732690290621 0.0010796771013634 -5.50516601062879 311.209842522389 70534830.7338628 -19137263.7428887
-0.3367 -0.00233382401103009 -0.000212588455207664 -5.50600781192189 311.186385083441 70534419.8287262 -19137286.8550209
-0.33675 0.00311861690978457 -0.00176733577582302 -5.50353843042585 311.162927644493 70535500.6370066 -19137361.594857
-0.3368 -0.00180705994254689 -0.00128701524428066 -5.50581574038978 311.139470205545 70534483.4163506 -19137258.211491
-0.33685 -0.000641659616287149 0.00197477603283674 -5.50580619511703 311.116012766597 70535400.7530956 -19137184.1530595
-0.3369 -0.000892040704382563 -0.00120671414323581 -5.50649024425629 311.092555327649 70534112.9134722 -19137312.5071813
-0.33695 0.00316156762146853 -0.00252577485953516 -5.50720303643078 311.069097888701 70534532.8790519 -19137266.6454225
-0.337 -0.00384033846848584 0.00129271072960417 -5.50781778477688 311.045640449753 70533741.9937706 -19137318.4717506
-0.33705 4.26914882366281e-06 0.00266416539201584 -5.50608688384744 311.022183010805 70535245.8385729 -19137251.895697
-0.3371 0.00153723893752783 -0.00277956268022223 -5.50786466360208 310.998725571857 70533898.1194783 -19137330.2325672
-0.33715 -9.52627870717065e-05 0.00143712518914079 -5.50828764731202 310.975268132909 70534626.2867835 -19137311.4345836
-0.3372 -0.00148793845314851 0.00158745685915052 -5.50926524805698 310.951810693961 70534097.0532412 -19137336.5022254
-0.33725 0.00113365729774708 -0.001333443067446 -5.50926496777023 310.928353255013 70534195.4043621 -19137305.2877791
-0.3373 0.00253319182217197 -0.00158112970230056 -5.51065822008608 310.904895816066 70533818.3035772 -19137307.0715482
-0.33735 -0.00197812114435176 0.00212563652560735 -5.51153754551609 310.881438377118 70533691.6611102 -19137313.4312407
-0.3374 0.00186800713671859 -0.000567923585786629 -5.51183654299527 310.85798093817 70533869.8065861 -19137273.912564
-0.33745 7.48739768826315e-05 -0.000836141376762137 -5.5117133214913 310.834523499222 70533258.3619866 -19137227.0782196
-0.3375 -0.00204691712225686 0.00252531411254725 -5.51228210743821 310.811066060274 70533613.5377122 -19137274.9833391
-0.33755 0.0009606776442101 -0.00205999970395438 -5.511471829333 310.787608621326 70533602.9613625 -19137271.6417824
-0.3376 2.04261373880658e-05 0.000321756248909014 -5.51077305517796 310.764151182378 70534037.6673345 -19137300.3536535
-0.33765 -0.000367866979998626 0.000177588153844223 -5.51155204945017 310.74069374343 70533861.0852206 -19137246.9497659
-0.3377 -0.00109935658105686 0.00169342455963932 -5.51331873961375 310.717236304482 70533949.6539746 -19137252.4924036
-0.33775 0.00175898080390918 -0.00237740757789643 -5.51222844701743 310.693778865534 70533588.4242138 -19137219.9215956
-0.3378 -0.00173446558523486 0.00164073266669488 -5.51168883475813 310.670321426586 70534174.1186673 -19137240.281853
-0.33785 -0.00033507757733548 -0.00100682183191995 -5.51168970970398 310.646863987638 70533680.6808997 -19137319.1279438
-0.3379 0.00237540760323545 -0.000987067213417215 -5.51098171835233 310.62340654869 70534247.5187583 -19137259.5311198
-0.33795 -0.00251820822859015 9.93717525777482e-07 -5.5131000710578 310.599949109742 70533219.7828607 -19137202.9771325
-0.338 -0.000301385625018489 0.00176437946222523 -5.51003693626857 310.576491670794 70534436.362855 -19137318.6424692
-0.33805 0.00132726281045465 -0.0017313891583423 -5.51226042409101 310.553034231846 70533942.1401918 -19137320.0059854
-0.3381 0.00075281646565877 0.000473334308797434 -5.5115378263731 310.529576792898 70534525.5360416 -19137261.4371692
-0.33815 -0.000664525573348644 -0.00188914188720344 -5.51451804049025 310.50611935395 70533424.1711259 -19137186.0807593
-0.3382 0.000496830484454213 0.00231963937019335 -5.51262465553108 310.482661915002 70534879.8108699 -19137300.1748945
-0.33825 -0.000699651174110327 -0.00312465673255258 -5.5124612263804 310.459204476055 70533448.5391319 -19137235.7943279
-0.3383 0.00199984431364763 0.00070480503447407 -5.51105052234501 310.435747037107 70535270.617315 -19137208.4996795
-0.33835 -0.00350424211662811 0.00185741412539084 -5.51285444066181 310.412289598159 70533861.2568953 -19137184.7693289
-0.3384 0.00156157626709568 0.000148662605733361 -5.51141660939086 310.388832159211 70534920.5479275 -19137176.209913
-0.33845 0.00369999063332969 -0.00411939771897856 -5.51329866592457 310.365374720263 70534262.4690042 -19137188.7582579
-0.3385 -0.00431816627678375 0.00270680945728851 -5.51317248592502 310.341917281315 70533895.2557747 -19137180.5846178
-0.33855 0.000612298539883419 0.00229938046874013 -5.51010112884423 310.318459842367 70535868.0943377 -19137168.1615539
-0.3386 0.000382445320681412 -0.00337289758398622 -5.51292507884394 310.295002403419 70533827.0285946 -19137132.1362539
-0.33865 0.0001242478746783 0.00138968330588119 -5.51270430742809 310.271544964471 70535390.6491284 -19137068.8196557
-0.3387 -0.00087819399096101 -0.00105270526986054 -5.51523950963189 310.248087525523 70533683.2470829 -19137064.9433184
-0.33875 0.00069682546366848 -0.00122406727132907 -5.51514405218078 310.224630086575 70534352.2937587 -19137052.9092863
-0.3388 0.000467692689270634 0.00168001506058127 -5.5147540962375 310.201172647627 70534948.867126 -19137178.0321749
-0.33885 -0.00263109377104115 0.000829895367863569 -5.51590219950527 310.177715208679 70533625.9400136 -19137073.1592643
-0.3389 0.00308382364441699 -0.000871287763046348 -5.51407030816104 310.154257769731 70535276.0348954 -19136999.6806437
-0.33895 -0.00319870095591538 -0.000325085770755105 -5.51525576290533 310.130800330783 70533553.3916183 -19137064.2957988
-0.339 0.00303299839648455 0.00157675432027698 -5.51251854332312 310.107342891835 70535986.5703332 -19137101.1164807
-0.33905 -0.00128953236436625 -0.00255867067768785 -5.51559853168293 310.083885452887 70533730.7395394 -19137026.9698318
-0.3391 0.00154468005866977 0.00204110714343891 -5.51337325068871 310.060428013939 70535904.1884983 -19137028.8173892
-0.33915 -0.00494881659270933 -0.000818404039424609 -5.51654157589649 310.036970574992 70533262.537856 -19136983.2584805
-0.3392 0.00415234806348262 0.0030077237799315 -5.5113256094615 310.013513136044 70537094.6919985 -19137028.0285591
-0.33925 -0.00298954846344217 -0.00302775292177248 -5.51815573165577 309.990055697096 70532894.2117166 -19137006.0505568
-0.3393 0.00373663313564877 0.0040838609056754 -5.51325086073491 309.966598258148 70537002.774235 -19137032.3041642
-0.33935 -0.0037387730252471 -0.00401145035754867 -5.51901054613427 309.9431408192 70532701.9948725 -19136990.4341654
-0.3394 0.0034992774473751 0.00545833118736604 -5.51249563273403 309.919683380252 70537534.3473529 -19137003.9490157
-0.33945 -0.00373470733370947 -0.00377912582470969 -5.52051624855556 309.896225941304 70532560.7395394 -19136942.9947362
-0.3395 0.00448110269752692 0.00194948704504057 -5.51334860630035 309.872768502356 70537070.6470017 -19136946.1047974
-0.33955 -0.0018585313824675 -0.004665419017427 -5.51693718813324 309.849311063408 70533255.5171403 -19136961.009015
-0.3396 -0.000909474259413221 0.00667941429000911 -5.51352838876055 309.82585362446 70537052.9564928 -19136984.2693792
-0.33965 0.00196174150406729 -0.00463654171845293 -5.51580876072564 309.802396185512 70534438.2492267 -19136920.2668633
-0.3397 0.00123915815961081 0.00233850140306652 -5.51276756120265 309.778938746564 70536879.6703399 -19136942.0580848
-0.33975 -0.00567833865401934 0.000960771407922404 -5.51482235284185 309.755481307616 70534378.2781154 -19136850.1234039
-0.3398 0.00415579478394222 0.000743065850068886 -5.51160057630451 309.732023868668 70537055.9054269 -19136908.8152635
-0.33985 -0.00163742128382959 -0.00401888210264942 -5.51611598518261 309.70856642972 70534027.3369483 -19136847.0557562
-0.3399 0.000108194752319382 0.00406937601346145 -5.51291823363526 309.685108990772 70536905.2996468 -19136795.896723
-0.33995 -0.00225556785102405 -0.0012143671233421 -5.51590456102616 309.661651551824 70534302.7563479 -19136886.1650525
-0.34 0.00509891366583586 0.000185992215012554 -5.51339623522796 309.638194112876 70537102.49757 -19136830.1584772
-0.34005 -0.00389212128055252 -0.00253980298352856 -5.51759184184693 309.614736673929 70533772.7478335 -19136765.7889406
-0.3401 0.00186045713621585 0.00462202393005111 -5.51208366272033 309.591279234981 70537519.5179089 -19136824.6486372
-0.34015 -0.000613835369173992 -0.00502544304797216 -5.51657446686491 309.567821796033 70534439.6486353 -19136809.3025782
-0.3402 0.000103757621166728 0.00300873244003475 -5.51227932308207 309.544364357085 70537166.0501304 -19136747.6356603
-0.34025 -0.00164096061749405 -0.000313874544891383 -5.51268493611721 309.520906918137 70536080.469804 -19136848.8998556
-0.3403 0.000403642238735365 0.000474786870773434 -5.51263490353284 309.497449479189 70536697.8770434 -19136875.2407234
-0.34035 0.00183528955978696 -7.03998264188244e-05 -5.51255596372997 309.473992040241 70536741.2740258 -19136837.5331128
-0.3404 -0.00278930867122705 0.000317166718457805 -5.5156550821763 309.450534601293 70535230.3387251 -19136720.0904834
-0.34045 0.000357011233366814 0.00294827112325231 -5.51437462382768 309.427077162345 70536837.3493037 -19136731.9894894
-0.3405 0.000490627042304889 -0.00329504907608052 -5.51564042974612 309.403619723397 70535314.9718276 -19136759.9630493
-0.34055 0.00139722693446065 0.00229295474041585 -5.51269104172936 309.380162284449 70537966.5412363 -19136695.9332547
-0.3406 -0.00448342058085759 0.00107784794301467 -5.51584260638121 309.356704845501 70535454.7242242 -19136678.6948167
-0.34065 0.00449704948470869 -0.000142860228200271 -5.51427403314958 309.333247406553 70537233.4231002 -19136677.4572406
-0.3407 -0.00220061841506909 -0.00117983693421001 -5.51588163296592 309.309789967605 70535700.2097234 -19136631.8516393
-0.34075 0.000321018789999423 0.00204815996566448 -5.51425784515041 309.286332528657 70537307.8455687 -19136550.7560736
-0.3408 -0.00152518609472014 -0.00105404449837523 -5.51521802253788 309.262875089709 70535843.7845309 -19136659.8624776
-0.34085 0.00265728698873912 0.000756238536030483 -5.51480707374531 309.239417650761 70537482.1385774 -19136579.4792636
-0.3409 -0.00152113162100346 0.000531567106916991 -5.51652205886076 309.215960211813 70536113.5106744 -19136531.0321884
-0.34095 -0.00116784742124122 0.00181341451369485 -5.51539196003921 309.192502772866 70536718.2408081 -19136542.7135554
-0.341 0.00264039994878686 -0.00360999471553433 -5.5176271352705 309.169045333918 70535852.863828 -19136517.6354052
-0.34105 0.00053629146086643 0.00218325350737189 -5.51716418064664 309.14558789497 70536719.0890031 -19136545.3519575
-0.3411 -0.00391998269023533 0.00160013765349308 -5.51818850209945 309.122130456022 70535920.7787996 -19136498.1536799
-0.34115 0.00319040697205515 -0.0023741486730469 -5.51402836062688 309.098673017074 70537508.8755689 -19136581.1242204
-0.3412 0.00134750407030186 -0.00254315820290896 -5.51600618948301 309.075215578126 70536353.4945613 -19136539.5871264
-0.34125 -0.00438717485056301 0.00336617225268417 -5.51728613530126 309.051758139178 70536153.8419299 -19136507.8080708
-0.3413 0.00284912736582321 -0.00365944609792091 -5.51591028717511 309.02830070023 70536510.5978813 -19136450.6555313
-0.34135 0.000695993257630897 0.000521939601442481 -5.51734899700825 309.004843261282 70536686.4274156 -19136405.7784978
-0.3414 -0.00108168061533397 -0.000779899017193978 -5.51826856716282 308.981385822334 70535918.9301899 -19136413.2714778
-0.34145 -0.000326816761505064 0.000965829390594903 -5.51667738983165 308.957928383386 70536784.364744 -19136425.9093496
-0.3415 0.00117253388463287 -0.00211907934824367 -5.51633272327622 308.934470944438 70536755.0969356 -19136446.741958
-0.34155 0.000280737410836093 0.0015272888048448 -5.5151907684758 308.91101350549 70537792.4733139 -19136385.5616697
-0.3416 0.000561434635123206 -0.0021462008381603 -5.51901504887679 308.887556066542 70536118.5802516 -19136361.7513641
-0.34165 0.00120937257650415 0.000203849695808833 -5.51656822385024 308.864098627594 70537329.342829 -19136369.9163736
-0.3417 -0.00222566103985779 0.0026497206703421 -5.51743321690501 308.840641188646 70537062.7830702 -19136370.3693637
-0.34175 0.00250143474059602 -0.00265076099278711 -5.51745640130715 308.817183749698 70536757.8127617 -19136357.2666904
-0.3418 -0.000817705153780172 0.000916977508518599 -5.51569839995393 308.79372631075 70537420.7761484 -19136346.8205725
-0.34185 0.000311807840561037 -8.59193378104525e-07 -5.51534603015131 308.770268871803 70537766.2052784 -19136360.4683342
-0.3419 -0.000630368273362128 0.000318008517707583 -5.51631056469489 308.746811432855 70537372.3700752 -19136278.5032591
-0.34195 0.000849973686341192 -0.00011155274881764 -5.51800781420212 308.723353993907 70537475.7724232 -19136260.9721221
-0.342 -0.00101601525882751 -0.000522770558878178 -5.51782905405348 308.699896554959 70536744.1705914 -19136287.7417111
-0.34205 0.000781419653117733 0.00147865605299062 -5.51665566493905 308.676439116011 70537871.8674049 -19136262.0556215
-0.3421 0.000995320269101092 -0.00257361533910094 -5.51884566762841 308.652981677063 70536521.0732944 -19136223.9104946
-0.34215 -0.00049147734321013 0.0027598628016251 -5.51574975900658 308.629524238115 70538148.937912 -19136139.6955587
-0.3422 -0.00370054226912326 -0.000723940184541117 -5.5188495609978 308.606066799167 70535736.808788 -19136199.7334605
-0.34225 0.00570215289699478 -0.000569419380728378 -5.51570949719691 308.582609360219 70538776.0705034 -19136108.5740437
-0.3423 -0.00358174890620207 0.000281201139360118 -5.5172502748934 308.559151921271 70536369.1043946 -19136145.3641367
-0.34235 -0.00141861242653249 0.00171929025034328 -5.51395379591785 308.535694482323 70538116.3808361 -19136095.4109531
-0.3424 0.000318541027583833 -0.00175157349224507 -5.51592363477567 308.512237043375 70537228.9213902 -19136105.3726294
-0.34245 0.00292439596629666 -0.00214408437312715 -5.51510565021082 308.488779604427 70537915.0728743 -19136111.2284656
-0.3425 -0.00443512816696298 0.00286026329694283 -5.51639667748338 308.465322165479 70537496.3853105 -19136106.7919753
-0.34255 0.000399818245146005 -0.00151122000295002 -5.51622933416986 308.441864726531 70537445.1115752 -19136056.1049347
-0.3426 0.00448657769754202 -0.00223655343317204 -5.51489382291513 308.418407287583 70538897.4206493 -19136091.2174589
-0.34265 -0.0039685808853172 0.00145552048932493 -5.51470436042195 308.394949848635 70537980.2711994 -19136112.4229687
-0.3427 0.000531363487539999 8.47399557390406e-05 -5.51410088345602 308.371492409687 70538921.4454284 -19136081.8073547
-0.34275 0.000454636504892787 -0.00326194147433301 -5.51567674193456 308.348034970739 70538078.1129221 -19136028.7621221
-0.3428 0.00193759118347815 0.00113178905836353 -5.51258056429364 308.324577531792 70539882.110906 -19136014.9969614
-0.34285 -0.00359039354876652 -0.000802595390948941 -5.51534151462231 308.301120092844 70537368.9014234 -19135993.0284087
-0.3429 0.00286058701726394 0.00193148133796273 -5.51041254717878 308.277662653896 70541019.1475167 -19135927.4644138
-0.34295 -0.00399739344064676 -0.00303237471861815 -5.51528115350073 308.254205214948 70537179.7196049 -19136000.0455971
-0.343 0.00378133530849248 0.00309321658188569 -5.50872058633975 308.230747776 70541780.9356075 -19135971.3507348
-0.34305 -0.00245715632476436 -0.00298792672102377 -5.51279278467695 308.207290337052 70538384.0837624 -19135932.5658896
-0.3431 0.000970187554914912 0.00164620221516312 -5.50959140850446 308.183832898104 70541219.8900865 -19135875.213301
-0.34315 -0.00152199251374747 -0.00200747930456526 -5.51187198983877 308.160375459156 70538941.7827888 -19135934.8993381
-0.3432 -1.87657864445757e-05 0.000936900611200307 -5.50691480796311 308.136918020208 70541189.7835231 -19135922.2961678
-0.34325 0.000305878633744661 -0.00212774842119006 -5.50911079686562 308.11346058126 70539860.2089102 -19135992.5876988
-0.3433 -0.000251525345327339 -8.62534322926434e-05 -5.50779358587719 308.090003142312 70540667.5233906 -19135932.9796517
-0.34335 -0.00246794927200466 0.00190863395646376 -5.50917402814601 308.066545703364 70540316.7607724 -19135873.6643701
-0.3434 0.00246257756109286 -0.000248812530205535 -5.50667114448811 308.043088264416 70541355.5750213 -19135926.6293097
-0.34345 -0.00102016422755962 -0.00116945528919278 -5.50887569447481 308.019630825468 70540098.0239027 -19135912.7012299
-0.3435 0.00109610543598712 0.0023278666501711 -5.50829583223722 307.99617338652 70541245.2596739 -19135942.5245365
-0.34355 -0.00129805382800001 -0.00386184447301975 -5.50940890234093 307.972715947572 70539640.4273128 -19135821.7106858
-0.3436 0.00309394571796912 0.00238347754313401 -5.50660368907433 307.949258508624 70542147.3352416 -19135874.4408251
-0.34365 -0.00422504994503362 -0.00215035327101125 -5.5114904159643 307.925801069676 70538755.149045 -19135796.6657809
-0.3437 0.0032991246787541 0.00219604747853115 -5.50697989259616 307.902343630729 70542593.2687816 -19135809.8285736
-0.34375 -0.00175310101178235 -0.00492286939567267 -5.51156998862851 307.878886191781 70538899.2174523 -19135856.5421559
-0.3438 0.000261357756945812 0.00582579536785876 -5.50586100137408 307.855428752833 70542647.7864735 -19135838.799465
-0.34385 -0.00100308895409693 -0.00325734334538424 -5.51013497745842 307.831971313885 70539614.4614061 -19135825.5770889
-0.3439 0.00234885374226444 0.00166771426840661 -5.50834321700495 307.808513874937 70542249.8620167 -19135648.4185278
-0.34395 -0.0031118887558171 -0.00020548463806955 -5.5103314716464 307.785056435989 70539849.4076963 -19135833.6055998
-0.344 0.00181332317915088 0.000908397937301304 -5.50830065309277 307.761598997041 70541987.5962425 -19135672.1214441
-0.34405 0.000487951534637514 -0.00353461169245775 -5.51031682639858 307.738141558093 70540011.9074364 -19135677.6698386
-0.3441 0.0015283171104915 0.00238206605154699 -5.50675792328441 307.714684119145 70542272.0310992 -19135700.9945457
-0.34415 -0.00613203614638862 0.000886991905251582 -5.50843359807631 307.691226680197 70540071.2456786 -19135649.4321378
-0.3442 0.00567978260723395 -0.00288182298097185 -5.50460903192239 307.667769241249 70542518.6696181 -19135648.8238871
-0.34425 -0.00143537006742427 2.58626309974498e-05 -5.50849716402088 307.644311802301 70540799.3499004 -19135671.5294791
-0.3443 -0.000425896492652506 0.00143139090068255 -5.50619026551019 307.620854363353 70541997.4938279 -19135581.6921636
-0.34435 0.000577368878211906 -0.000827653888825679 -5.50665705255575 307.597396924405 70541582.4980972 -19135613.1512959
-0.3444 -0.000120063058988973 -0.000511265347585737 -5.50689725090301 307.573939485457 70541354.8436492 -19135673.3797336
-0.34445 0.00121052717233946 -0.000637295819952307 -5.50566740129031 307.550482046509 70541560.4503775 -19135668.3705838
-0.3445 -0.000551235473266693 0.00246674941297314 -5.50559880063841 307.527024607561 70541907.2015672 -19135723.2668464
-0.34455 0.00158825845382893 -0.00172643413536767 -5.50559139820909 307.503567168613 70541664.8503285 -19135709.1696997
-0.3446 -0.000185531068534035 -0.00111633240074701 -5.50604297227516 307.480109729666 70541427.5037231 -19135680.4506965
-0.34465 -0.000594030841413856 0.00215349942672848 -5.50471528534941 307.456652290718 70542024.636493 -19135735.4102617
-0.3447 0.000187188357033461 -0.000774536844575503 -5.50553999777991 307.43319485177 70541653.4350695 -19135640.4686886
-0.34475 0.000258011554683113 5.26896362266617e-05 -5.50399338880688 307.409737412822 70542062.26774 -19135604.28206
-0.3448 0.000713423327280465 0.000235575910966579 -5.50314366239877 307.386279973874 70542509.298974 -19135570.0230017
-0.34485 -0.00123979740146068 -0.000973747769676322 -5.50448828135164 307.362822534926 70541507.3582055 -19135630.2369279
-0.3449 0.0020696435826929 0.000542932240431595 -5.50286406886482 307.339365095978 70543116.9649606 -19135569.3048497
-0.34495 -0.000918425248430503 -0.00145055157561224 -5.50395350394342 307.31590765703 70541542.6217221 -19135608.8818441
-0.345 0.00228756855039339 -0.000222358958069141 -5.50230813177206 307.292450218082 70542883.3750078 -19135506.2351512
-0.34505 -0.00286389774604958 0.000495400019308054 -5.50344611468006 307.268992779134 70541923.8464283 -19135631.5439949
-0.3451 0.00100221937754523 9.31862774186841e-05 -5.5044094996602 307.245535340186 70542493.7476959 -19135539.0917865
-0.34515 5.31053173342339e-05 -0.000929212400266549 -5.50350949269575 307.222077901238 70542454.3546773 -19135564.0445447
-0.3452 7.90690574304928e-05 0.00131373236813796 -5.50285659129622 307.19862046229 70543082.237574 -19135451.4460776
-0.34525 -0.00110953118401816 -0.000586328139122182 -5.50496254193876 307.175163023342 70541934.1633015 -19135499.7691382
-0.3453 0.000794504814400791 8.15327046827063e-05 -5.50477671737837 307.151705584394 70542582.3326205 -19135455.4946974
-0.34535 -0.00119373705949097 0.000397024335452167 -5.50639809449626 307.128248145446 70541991.0154682 -19135444.7573115
-0.3454 0.000237966670426042 0.000405539073407648 -5.50604401012264 307.104790706498 70542339.993702 -19135475.7116958
-0.34545 0.00149964783576011 -0.0018314839750278 -5.50679588109284 307.08133326755 70542201.8304691 -19135403.147727
-0.3455 -0.00279172337238394 0.00145531701449074 -5.50504747460256 307.057875828603 70542101.3174198 -19135454.6751612
-0.34555 0.00113069193152441 -0.000582851450737765 -5.50583280009782 307.034418389655 70542829.0200981 -19135367.723564
-0.3456 0.000474913672912929 -0.000455830173032802 -5.50540539499599 307.010960950707 70542631.0747423 -19135401.2956183
-0.34565 -0.0016854433035395 -0.0004638424008041 -5.507029349325 306.987503511759 70541812.7214355 -19135312.8607425
-0.3457 -0.000385792986729855 0.000940253448533156 -5.50475107753558 306.964046072811 70542949.9338701 -19135294.7865632
-0.34575 0.00152263624817597 -0.00243292421118243 -5.50778547634622 306.940588633863 70542069.4655841 -19135265.9051774
-0.3458 0.000109225101567928 0.000683273126582139 -5.50700632872636 306.917131194915 70542918.3760813 -19135340.6818634
-0.34585 -0.00134414649858585 0.000649203553787826 -5.50606584920911 306.893673755967 70542596.9060697 -19135205.1629881
-0.3459 0.00126641845728511 -0.00134022887732034 -5.50655909267094 306.870216317019 70542529.8919647 -19135189.2892835
-0.34595 -8.88123762918143e-05 0.000483344991476797 -5.50571534551062 306.846758878071 70542506.7779138 -19135300.703398
-0.346 -0.00152769724558041 0.000553687906371193 -5.50506094119437 306.823301439123 70542688.0921287 -19135313.8003881
-0.34605 0.00190848395806963 -0.00276705630555096 -5.50447511223308 306.799844000175 70543183.3095862 -19135235.0208176
-0.3461 -0.00149890974789071 0.00123250693501662 -5.50347652969494 306.776386561227 70543252.5650485 -19135256.8365256
-0.34615 0.000797677906181433 -0.00148227289921542 -5.50681954878371 306.752929122279 70542359.6514627 -19135291.1476368
-0.3462 -7.73748509173994e-05 -0.000563640874992051 -5.50531274624873 306.729471683331 70542716.9888607 -19135265.842132
-0.34625 -0.000574317454843111 0.000111402060605383 -5.50478148457017 306.706014244383 70543035.1882834 -19135175.4695807
-0.3463 0.00163680171091417 -0.000722788027792472 -5.50281513745835 306.682556805435 70543887.6088964 -19135252.6254665
-0.34635 -0.000667161280960394 -0.000962486398912587 -5.50409693928798 306.659099366487 70542770.8936015 -19135246.6922129
-0.3464 -0.00141213778010928 0.00318454903056537 -5.50134761375927 306.635641927539 70544530.4728538 -19135182.5992981
-0.34645 0.000311953719938191 -0.00291732687221825 -5.50265363363225 306.612184488592 70542985.1967022 -19135279.2303302
-0.3465 0.00272844269353735 0.000838893012806993 -5.50073087827281 306.588727049644 70544853.6815744 -19135256.9797106
-0.34655 -0.00446109394037081 -0.000198043792423339 -5.50402999158803 306.565269610696 70542167.8700596 -19135252.7479536
-0.3466 0.00368326576034881 0.000809401493775068 -5.50024744047289 306.541812171748 70545143.9346254 -19135209.8393333
-0.34665 0.000143182084802093 -0.00577996276171699 -5.50359735692817 306.5183547328 70542335.4599668 -19135281.1906702
-0.3467 -0.000655762088575703 0.00658408997498607 -5.50299190537617 306.494897293852 70544669.989596 -19135254.7491143
-0.34675 -0.00142182954247279 -0.00298271819580376 -5.50450385891033 306.471439854904 70542397.3525079 -19135230.5045836
-0.3468 0.00398928156672521 -0.000691085863211419 -5.50112546568311 306.447982415956 70544509.9283715 -19135150.9416831
-0.34685 -0.00406368316210782 0.000760552489588696 -5.50351153752825 306.424524977008 70542581.7198055 -19135212.5385614
-0.3469 0.00281296162075755 0.000796793184833865 -5.50073430242744 306.40106753806 70544729.0242841 -19135307.2254936
-0.34695 -0.000188858180878596 -0.00357291320823716 -5.50571780877768 306.377610099112 70542193.5681703 -19135206.5706119
-0.347 0.000238156303395641 0.002918105802582 -5.50236294267714 306.354152660164 70544500.6847942 -19135262.4829023
-0.34705 -0.00180461923538336 -0.000301459249777624 -5.50437570691701 306.330695221216 70543246.572104 -19135214.3479402
-0.3471 0.00418859392615982 -0.00121290924130824 -5.50382134090853 306.307237782268 70543906.1688765 -19135213.2626865
-0.34715 -0.00391316517888182 -6.55605268174159e-05 -5.5062470335544 306.28378034332 70542449.5354026 -19135163.6613444
-0.3472 0.00199188797981081 0.00167727593728547 -5.50245451851659 306.260322904372 70544434.9526159 -19135148.8578649
-0.34725 -8.74735010394138e-05 -0.00311132152825418 -5.50477373552023 306.236865465424 70542895.026367 -19135140.4305492
-0.3473 0.000677638954252549 0.00362655212645722 -5.50364818109821 306.213408026476 70544676.8653644 -19135092.2268729
-0.34735 -0.00170008145675808 -0.00260001063929579 -5.50679531542095 306.189950587529 70542741.5567909 -19135017.107871
-0.3474 4.42767027598514e-05 0.00156279703673276 -5.50401024336671 306.166493148581 70544030.0821678 -19135047.8029717
-0.34745 0.00241054839656211 -0.00206354055609849 -5.50242405941727 306.143035709633 70544308.5100836 -19135112.2073004
-0.3475 -0.00212802149709003 -0.000218259650041554 -5.50403391974687 306.119578270685 70543820.6663026 -19135008.4180598
-0.34755 -0.000185800657931016 0.00283857506866792 -5.5017024848162 306.096120831737 70545224.802341 -19135064.3635392
-0.3476 -0.00057118759128649 -0.00234992990197203 -5.5034898271737 306.072663392789 70543552.4421615 -19135108.3412363
-0.34765 0.00120026143317595 0.00108977956132472 -5.50167066197176 306.049205953841 70545311.0633919 -19135035.7480298
-0.3477 -0.00293535636402469 0.00100933501731524 -5.50314642299114 306.025748514893 70543656.7502587 -19135059.294027
-0.34775 0.00300162133279801 -0.000103030629630924 -5.49974058400496 306.002291075945 70545585.1128031 -19135034.5206082
-0.3478 -0.00234160202249058 -0.00321251595773676 -5.49997291955932 305.978833636997 70543622.7776496 -19135002.7963623
-0.34785 0.00150865577862734 0.00122688967893356 -5.4974994497779 305.955376198049 70546111.7170147 -19135066.8147257
-0.3479 -0.00230229334863301 -0.00174442563066766 -5.50031116048345 305.931918759101 70543926.9795377 -19135063.7726391
-0.34795 0.00182282809239087 0.0023400155465779 -5.49689665438237 305.908461320153 70546347.6023058 -19135064.1365827
-0.348 -0.000910289760199739 -0.00221205171211429 -5.49936343948234 305.885003881205 70544026.1068877 -19135115.2810313
-0.34805 0.000745996839626226 0.00169589917723525 -5.49363117581597 305.861546442257 70546983.727888 -19135027.4751956
-0.3481 -0.00096472796669725 -0.00178626696848725 -5.49573926592972 305.838089003309 70545308.9203036 -19135089.7545464
-0.34815 0.00127671167362822 0.000449338317117805 -5.49289969552464 305.814631564361 70546598.1151439 -19135149.3574511
-0.3482 -0.00118689710742997 -0.00101164778071596 -5.49330871743915 305.791174125413 70546045.0692759 -19135119.6055751
-0.34825 0.000879724429881407 0.00142537022073982 -5.49185756779349 305.767716686466 70547204.9603845 -19135154.8532104
-0.3483 8.65838715185816e-05 -0.00264569908661274 -5.49226188250956 305.744259247518 70545734.4791135 -19135093.7114574
-0.34835 -0.00129561438587164 0.00193251996320847 -5.49112541577369 305.72080180857 70546733.399904 -19135139.4618655
-0.3484 -0.000136437240413667 -0.000984661318462325 -5.49279129238361 305.697344369622 70546165.4408253 -19135161.5860657
-0.34845 0.000500978730035472 0.00019359930418907 -5.49135030279949 305.673886930674 70546491.2842233 -19135223.2103554
-0.3485 -0.000703773051387009 0.00057717163703245 -5.49149859646664 305.650429491726 70546566.6491554 -19135170.8029848
-0.34855 -0.000678099327877074 0.00285234515031625 -5.48887034526253 305.626972052778 70547615.9323109 -19135220.3100026
-0.3486 -0.00182812936395973 -0.00229141832686561 -5.49104665154406 305.60351461383 70545921.6946943 -19135191.5065621
-0.34865 0.00296632179649738 0.00072547809367091 -5.48768251810893 305.580057174882 70548580.9565217 -19135081.564118
-0.3487 -0.00367389300255781 -0.00071542776077583 -5.48967754558957 305.556599735934 70545803.8609655 -19135224.4933886
-0.34875 0.00213136138121074 0.000775378147405034 -5.48698773525929 305.533142296986 70548106.3684643 -19135194.9715701
-0.3488 -0.00194358129883207 -0.00275401333779102 -5.48981377817628 305.509684858038 70545977.445844 -19135177.1475505
-0.34885 -0.000191290944989539 0.00386115725405222 -5.48681182652702 305.48622741909 70548734.1860937 -19135155.4893929
-0.3489 -0.00143158169550725 -0.00185374533342415 -5.49060355680154 305.462769980142 70546259.9439264 -19135193.5546927
-0.34895 0.00210428408554839 0.00229696686574134 -5.48720934868244 305.439312541194 70548807.0589749 -19135194.3101974
-0.349 -0.000943449896440324 -0.00254509710249159 -5.48830202150118 305.415855102246 70546859.5744826 -19135233.0174852
-0.34905 0.00236633008598386 0.00178744496236749 -5.48468728044467 305.392397663298 70549052.2755692 -19135169.8176123
-0.3491 -0.00519475893587403 -5.49807009318434e-05 -5.48638835892803 305.36894022435 70546345.9145218 -19135202.8007996
-0.34915 0.00520086759375097 0.000242988974379327 -5.48145427727839 305.345482785403 70549866.79403 -19135138.3297672
-0.3492 -0.00446294409935339 -0.003543113998685 -5.48739541962082 305.322025346455 70545534.9960352 -19135244.2502534
-0.34925 0.00247826802852579 0.00469986754271159 -5.48116043192369 305.298567907507 70550462.0078472 -19135154.3501444
-0.3493 -0.000440282439789307 -0.00520198992884008 -5.48585091406163 305.275110468559 70546423.3573096 -19135173.3304274
-0.34935 0.00160266315335686 0.00320659500058255 -5.48143671730038 305.251653029611 70549950.8036177 -19135085.5965387
-0.3494 -0.00567718391681249 -0.00162142506112815 -5.48436377046355 305.228195590663 70546659.5238104 -19135147.1532087
-0.34945 0.00581866009779656 0.00105785146948988 -5.48003961617263 305.204738151715 70550277.2666835 -19135100.0700465
-0.3495 -0.00311469759804311 -0.00335354357042578 -5.48530581727961 305.181280712767 70546421.0976732 -19135098.9138489
-0.34955 0.000962011654617647 0.00332123834657222 -5.481600117435 305.157823273819 70549592.9774124 -19135055.3690666
-0.3496 -0.0019012871916412 -0.00141063749753227 -5.48270515079405 305.134365834871 70547906.6894165 -19135076.7427759
-0.34965 0.00153175304771898 0.000981172972311138 -5.48197779697558 305.110908395923 70549556.5849111 -19135015.2361409
-0.3497 -0.00214368551821684 -0.000268047659151367 -5.48322720811103 305.087450956975 70547904.7278572 -19135112.1541453
-0.34975 0.00191230518010112 8.08078547957152e-05 -5.48197680509079 305.063993518027 70549168.4763042 -19135073.3322084
-0.3498 -0.00303304454499853 -0.000215704726019202 -5.48301633745746 305.040536079079 70548090.5109645 -19135039.0653809
-0.34985 0.00335816830803441 0.000186986664642567 -5.47867717617456 305.017078640131 70550322.3276896 -19135051.1186849
-0.3499 -0.00181610972445403 -0.00208236765152313 -5.48200107997891 304.993621201183 70547985.8373012 -19134993.5110987
-0.34995 -0.000360445212160669 0.0025558969570614 -5.47833668178515 304.970163762235 70549599.8799545 -19135109.1398
-0.35 0.000742458882886404 -0.00323770133119313 -5.48156401346648 304.946706323287 70548360.2350639 -19135111.7198194
-0.35005 0.00167985059834889 0.000206001415079699 -5.4768893291554 304.92324888434 70550060.8646799 -19135097.8068526
-0.3501 -0.00219797488103559 -0.00147408425107948 -5.48049312922761 304.899791445392 70548302.3940906 -19135059.2591043
-0.35015 -0.000479972887122933 0.00230576241724333 -5.47860239473403 304.876334006444 70549902.4653314 -19135036.7733701
-0.3502 0.00120369565540376 -0.00326308113295509 -5.47949357873229 304.852876567496 70548809.2795029 -19135006.4249254
-0.35025 -0.000961232107511014 0.00372549344745603 -5.47784577474145 304.829419128548 70550407.6597096 -19135133.5507811
-0.3503 -0.000700485545701475 -0.00138073534948899 -5.47877568404348 304.8059616896 70548762.9648037 -19135035.8294866
-0.35035 0.00300447333512096 -0.000867645903351449 -5.47669131009195 304.782504250652 70549940.0510487 -19135122.9485138
-0.3504 -0.00188326670218644 0.00013682808143602 -5.47788511787298 304.759046811704 70549022.4027651 -19134976.0452093
-0.35045 -0.00106761048703737 0.00014293408267029 -5.47784729764118 304.735589372756 70549407.6627894 -19134989.4371963
-0.3505 0.00107208990690339 0.000276989800887073 -5.47758118704695 304.712131933808 70549861.4232019 -19135021.8779626
-0.35055 0.00157136150950099 -0.00242149498087922 -5.47957749855097 304.68867449486 70548993.8613672 -19135091.3655872
-0.3506 -0.00203955771461601 0.00250299272180696 -5.47768846699926 304.665217055912 70549811.7594831 -19134946.1122118
-0.35065 0.00147347744584313 -0.00274466601637832 -5.47885742570007 304.641759616964 70549418.0536307 -19134967.1044739
-0.3507 0.00169118789427323 0.000605830550879516 -5.47732404222596 304.618302178016 70550351.8185871 -19134975.9679982
-0.35075 -0.0024227015294872 3.12362914866512e-06 -5.47617874406401 304.594844739068 70550001.4133773 -19134996.8197398
-0.3508 0.000750449058531668 0.000868113700300841 -5.4751264094138 304.57138730012 70550984.3358735 -19135006.7990918
-0.35085 0.00200231446748724 -0.00162130569026808 -5.47577418363724 304.547929861172 70550363.8332427 -19135064.9706671
-0.3509 -0.00134007450920215 0.000372173306941084 -5.47441254614412 304.524472422224 70550305.8728563 -19134965.4152147
-0.35095 -0.00189579773465874 0.000510702433405131 -5.47375572696207 304.501014983276 70550365.996906 -19135043.3577598
-0.351 0.000849922754402462 -0.0011993163591771 -5.47329421331759 304.477557544329 70550566.7256857 -19135012.3895226
-0.35105 -0.000520496616176524 0.0026543831383385 -5.47186373286273 304.454100105381 70551231.6381004 -19135048.1123559
-0.3511 0.000316942265545486 -0.00235649320971545 -5.47204459055979 304.430642666433 70550222.3611196 -19135037.0429523
-0.35115 0.00155357944334216 0.000839856094823828 -5.47082987617242 304.407185227485 70551405.8762658 -19135070.8985441
-0.3512 -0.00102163757422569 -0.0013172626247289 -5.4723781593107 304.383727788537 70550538.1216171 -19135008.1199203
-0.35125 2.27423062562976e-05 0.00257846209924621 -5.4700158181151 304.360270349589 70551751.8529083 -19135059.4656798
-0.3513 -0.000209119777904983 -0.00167811154798084 -5.47117509648419 304.336812910641 70550721.5847095 -19135016.726477
-0.35135 0.00116207314479615 -0.00218467078732836 -5.47111633577544 304.313355471693 70550825.1440432 -19135029.1554892
-0.3514 -0.0024017635169239 0.00387023294761434 -5.47072363156382 304.289898032745 70551313.0996799 -19134975.6615187
-0.35145 -2.84893263396585e-05 -0.00199213979908413 -5.47134221299053 304.266440593797 70550419.9482594 -19135055.6673523
-0.3515 0.00222160158547044 -0.00181707370592348 -5.4684945494395 304.242983154849 70551309.7530563 -19135056.4124309
-0.35155 -0.00224271784087925 0.0011482288166538 -5.46761083597212 304.219525715901 70551327.3733154 -19135040.2419163
-0.3516 -0.000582658182710035 0.000494100492312473 -5.46860313619819 304.196068276953 70551163.1601786 -19135028.3548346
-0.35165 0.00261480175011791 -0.0014981744656149 -5.46560531847298 304.172610838005 70551935.0753716 -19135111.9411947
-0.3517 -0.000799657531842945 -0.000244152165105153 -5.46641660579503 304.149153399057 70551569.4132756 -19135095.9939266
-0.35175 -0.00152256571470559 -0.000217985383754869 -5.46697827764544 304.125695960109 70550660.1142611 -19135091.249162
-0.3518 0.00302237816553338 -0.000543642685321868 -5.46381564592463 304.102238521161 70552759.3233245 -19135066.4373158
-0.35185 -0.00511499505865343 0.0019054965046711 -5.46452110835701 304.078781082213 70551181.8104818 -19135111.6624478
-0.3519 0.00248490393891563 7.66076086015405e-05 -5.46303665852965 304.055323643266 70553055.1692556 -19135095.4544084
-0.35195 -0.00105750663352095 -0.00237109871099635 -5.46425616579027 304.031866204318 70551237.2065896 -19135111.1315587
-0.352 0.00222940584080612 0.00206176769562856 -5.45905886796773 304.00840876537 70553911.7095707 -19135125.4834062
-0.35205 -0.00361006394960981 -0.000827645628681797 -5.46265653974363 303.984951326422 70551067.09198 -19135239.1518763
-0.3521 0.00483460536673333 0.000710385766788526 -5.45867907630689 303.961493887474 70554226.4990608 -19135158.2130968
-0.35215 -0.00267320224328711 -0.00224456319441513 -5.46088371918531 303.938036448526 70551568.6653668 -19135196.4519041
-0.3522 0.00239721601726091 0.00190193598593822 -5.45417941218555 303.914579009578 70554437.3655604 -19135196.4506806
-0.35225 -0.000576311280971243 -0.00158986638561374 -5.45816721572747 303.89112157063 70552295.9856123 -19135176.5830069
-0.3523 0.00317597962483385 -0.00154929655958324 -5.45527138397332 303.867664131682 70553842.5182798 -19135180.0486975
-0.35235 -0.00220731403156101 -0.000283713953466058 -5.45768967084101 303.844206692734 70552585.1619467 -19135170.5772934
-0.3524 -0.000783571301705089 0.000521618122457606 -5.45560862143379 303.820749253786 70553704.0850523 -19135142.5368544
-0.35245 -0.000804701082734798 -0.000465005547660307 -5.45427969431778 303.797291814838 70553676.1858715 -19135142.765769
-0.3525 0.000790898685586213 4.56153801123298e-05 -5.45147578137708 303.77383437589 70554803.417966 -19135094.6237836
-0.35255 -0.00166548757196088 -0.00338137694871966 -5.45347792800842 303.750376936942 70552848.0623519 -19135102.835664
-0.3526 0.00176594478846552 0.00302030743158685 -5.44864265521013 303.726919497994 70555994.3718794 -19135156.9132671
-0.35265 -0.00231989239823063 -0.00179752796396212 -5.45060515260151 303.703462059046 70553390.2053794 -19135179.5239269
-0.3527 0.00326285942701495 -5.75115291580317e-06 -5.44709809759117 303.680004620098 70555750.8599683 -19135211.6991754
-0.35275 -0.00367456771946455 -0.00109927767706921 -5.44939206663971 303.65654718115 70553620.9923997 -19135269.0987739
-0.3528 0.00340649592925015 0.00178400085668594 -5.44507376262819 303.633089742203 70556558.2508596 -19135309.40058
-0.35285 -0.001814241523838 -0.00233897294874767 -5.44556575092226 303.609632303255 70554248.1137594 -19135307.0632796
-0.3529 0.0011189123573087 0.00295803996967967 -5.4440242592054 303.586174864307 70556755.8043776 -19135364.4110146
-0.35295 -0.000296759654246989 -0.00362252714383395 -5.4481110639383 303.562717425359 70553400.7614777 -19135462.1045588
-0.353 0.00272800011316329 0.00381506232824338 -5.44354085756919 303.539259986411 70556878.9445467 -19135484.2713172
-0.35305 -0.00564879119559366 0.00127044050780759 -5.44556086732051 303.515802547463 70553969.1017899 -19135497.6166877
-0.3531 0.00391288856539623 -0.000630441169123153 -5.44092450624181 303.492345108515 70556867.2285051 -19135394.8537167
-0.35315 0.000644750539120073 -0.00438514297671086 -5.44291976832401 303.468887669567 70554432.0167436 -19135495.5668199
-0.3532 -0.0030701939783409 0.00766487118884868 -5.43788780957024 303.445430230619 70557359.8827791 -19135580.8659372
-0.35325 0.00219526738682855 -0.0044410048254221 -5.44137030145003 303.421972791671 70555019.5757853 -19135532.149966
-0.3533 0.00249994379331336 -0.000933316437776726 -5.44065467094226 303.398515352723 70555935.047852 -19135543.5219715
-0.35335 -0.00412081789081556 0.00201887938433316 -5.44050976585396 303.375057913775 70554828.2362061 -19135577.1229796
-0.3534 0.001702538666003 -0.00073866924146966 -5.43724462691048 303.351600474827 70556275.1890291 -19135632.6531655
-0.35345 0.000428474977548733 8.65275551923745e-05 -5.43742067353608 303.328143035879 70555899.7997184 -19135650.2840892
-0.3535 0.000574690811514169 0.000813163931200978 -5.43803113890028 303.304685596931 70556165.5653201 -19135622.3823264
-0.35355 -0.000348952167112115 -0.000737020091667362 -5.43720429595149 303.281228157983 70556099.4135935 -19135609.4158072
-0.3536 -0.000164393044468109 0.00051148783903876 -5.43540671855156 303.257770719035 70556897.5903585 -19135633.2621287
-0.35365 -0.000377627976826232 -0.000259039179316317 -5.43593284348061 303.234313280087 70556421.0688981 -19135642.9417856
-0.3537 0.00115599972167455 0.0010577583600957 -5.43385279163579 303.21085584114 70557339.6449042 -19135741.0832171
-0.35375 0.000337221034208571 -0.00203694037983283 -5.43356318287378 303.187398402192 70556374.2297262 -19135726.0580403
-0.3538 -0.00145366410742578 0.00306589359252149 -5.43450857491922 303.163940963244 70556964.4419207 -19135772.7334834
-0.35385 0.00211960956098968 -0.00282316536102735 -5.43524551196541 303.140483524296 70555860.761315 -19135841.8473372
-0.3539 0.00126249940128246 0.0014194372246767 -5.43513603076788 303.117026085348 70556973.0051664 -19135754.683673
-0.35395 -0.00128151695446901 -0.000362078591476495 -5.43517928658208 303.0935686464 70556013.2622928 -19135752.9580648
-0.354 0.00219112989740391 0.00110010990615572 -5.43189509743194 303.070111207452 70557560.261358 -19135696.9097821
-0.35405 -0.00408434807244345 0.000545965835295018 -5.43485574363312 303.046653768504 70555681.3899268 -19135738.4254678
-0.3541 0.00429514646017589 0.00147005475397977 -5.43068295348947 303.023196329556 70558189.4892907 -19135861.8271863
-0.35415 -0.00214396876635821 -0.00365587243192167 -5.43463633988197 302.999738890608 70555409.739734 -19135786.713926
-0.3542 -0.000277033301219982 0.0053879042442808 -5.42891727252 302.97628145166 70558524.198344 -19135877.9861781
-0.35425 -0.00262035541675017 -0.00304509541629493 -5.43303611593285 302.952824012712 70555625.3080397 -19135869.6915985
-0.3543 0.00435065412354226 0.00158372876514625 -5.4285762369371 302.929366573764 70558864.4768372 -19135909.9901297
-0.35435 -0.00414359485429386 -0.00167320627470801 -5.43349567373407 302.905909134816 70555523.367553 -19135918.0477228
-0.3544 0.003162215098806 0.00370190311596724 -5.42940584470764 302.882451695868 70558857.2740334 -19135989.0129862
-0.35445 -0.00120506013157774 -0.00395304506197127 -5.43310784700956 302.85899425692 70555544.3910004 -19135984.2614117
-0.3545 0.00321680377772308 0.000428055557469049 -5.42930306014313 302.835536817972 70558146.9983891 -19135946.8163917
-0.35455 -0.00460418739544639 0.00170780062695813 -5.43220192385081 302.812079379024 70555837.2868124 -19136011.4022504
-0.3546 0.00330690575875542 -0.000694780233861815 -5.43052303858783 302.788621940076 70557622.0755684 -19135975.2786678
-0.35465 0.000454876478420109 -0.00251562563771661 -5.42898180232518 302.765164501129 70556814.831317 -19136023.7994462
-0.3547 -0.0033223626854915 0.0023511839934399 -5.42985216919708 302.741707062181 70556753.0387524 -19136004.3259019
-0.35475 0.00162659768759523 -0.000440584527173142 -5.42835464988067 302.718249623233 70557015.8717674 -19136053.5456694
-0.3548 0.00185517597518197 -0.00321255094221053 -5.42744515669206 302.694792184285 70557141.4589041 -19136074.0288023
-0.35485 -0.00219382191803817 0.00172566285891265 -5.42856903313944 302.671334745337 70557064.0575164 -19136172.1912678
-0.3549 -0.00119798228806751 0.00129485143685006 -5.42727497418452 302.647877306389 70557137.5776728 -19136206.6695381
-0.35495 0.00285202172954829 -0.00328569717797509 -5.42710960134445 302.624419867441 70557486.0714058 -19136216.2095445
-0.355 -0.00111271864161024 0.00181333788627821 -5.4258953504173 302.600962428493 70557971.867235 -19136240.0476542
-0.35505 -0.00323119175314093 -0.000193699008298266 -5.42625144359309 302.577504989545 70556788.4151412 -19136294.9762693
-0.3551 0.00348948543757012 -0.000635987371723929 -5.42384163285464 302.554047550597 70558450.8857098 -19136253.2061826
-0.35515 -0.00206773239844851 -0.000983249324325588 -5.42413839679074 302.530590111649 70557086.456588 -19136247.5889282
-0.3552 -0.000791877533525223 0.00348611725919522 -5.4210621962622 302.507132672701 70558941.9836034 -19136295.0709821
-0.35525 0.00133220309881404 -0.00351365336076296 -5.42363252286525 302.483675233753 70557463.8413534 -19136321.551841
-0.3553 0.00046514105748335 0.000406621311475533 -5.42155498084985 302.460217794805 70558628.7917583 -19136298.2263095
-0.35535 -0.00355411797148458 0.00203959303732 -5.42335479226283 302.436760355857 70557732.7089856 -19136331.7544504
-0.3554 0.000982962133204372 -0.00196890442581685 -5.42149914135152 302.413302916909 70557976.6575427 -19136366.1305861
-0.35545 0.00129510894341406 0.000232473920888395 -5.42123275935876 302.389845477961 70558359.0997053 -19136334.1730442
-0.3555 -0.00288836659967858 0.000714274042336061 -5.42262119062404 302.366388039013 70557420.2838118 -19136435.5446443
-0.35555 0.00268244546861039 -0.000592467756913723 -5.42104679092239 302.342930600066 70558266.8722021 -19136448.3031418
-0.3556 -0.00120849113949622 -0.00158299314022888 -5.42195261926598 302.319473161118 70557246.426019 -19136407.3980648
-0.35565 0.00116494935137577 0.00262668435048201 -5.41921682481044 302.29601572217 70559579.046639 -19136424.6618718
-0.3557 -0.000609867458992637 -0.00234184470643909 -5.42376858856529 302.272558283222 70556788.0938674 -19136489.4123862
-0.35575 0.000131594009457232 0.00223758643117988 -5.42149014365165 302.249100844274 70558770.9735931 -19136481.592963
-0.3558 0.00176510533179068 -0.00240882065179548 -5.4202197896221 302.225643405326 70558410.1434529 -19136480.5240323
-0.35585 -0.000228425222028338 0.00170037945477183 -5.41902709785295 302.202185966378 70559014.6152831 -19136452.1433341
-0.3559 0.00166135243808852 -0.00185179803187753 -5.42091212245129 302.17872852743 70558242.1166291 -19136480.3500042
-0.35595 -0.000920440527510094 0.000378049583461228 -5.42174600998086 302.155271088482 70557821.7248943 -19136477.7029705
-0.356 -0.000886921496162854 0.00237778580204849 -5.42161834105143 302.131813649534 70558025.1880294 -19136419.8458116
-0.35605 0.00117558342748818 -0.00286309139963759 -5.42185195645335 302.108356210586 70557720.7516479 -19136464.3475444
-0.3561 -0.00227068736126605 0.000679516741317979 -5.4220459683235 302.084898771638 70557622.9354806 -19136488.7969391
-0.35615 -0.000791304751807807 0.0011915873801279 -5.42315256142258 302.06144133269 70557848.3310757 -19136426.2759326
-0.3562 -0.000491427760263127 -0.000803565951134332 -5.42179489900951 302.037983893742 70557633.8932822 -19136532.5001494
-0.35625 0.00115256417067658 -0.00102171197982851 -5.42049771886384 302.014526454794 70557982.6793186 -19136532.4102163
-0.3563 -0.00095270292410958 0.000685653681617478 -5.42304120552648 301.991069015846 70557220.7947895 -19136542.3901001
-0.35635 0.00133233717887029 -0.000960072957980379 -5.42131556714023 301.967611576898 70557957.5074766 -19136580.392144
-0.3564 -0.000782034534119141 0.000218009905128121 -5.4217377404126 301.94415413795 70557444.4358743 -19136607.244157
-0.35645 -0.000294630444023563 0.000821734308244411 -5.42045008905273 301.920696699003 70558153.354948 -19136569.4442909
-0.3565 -0.000180858092943047 -0.0031581148541737 -5.41980068458399 301.897239260055 70557196.2260456 -19136541.3776
-0.35655 0.000116205729828999 0.0030919279966589 -5.41928646240144 301.873781821107 70558486.0832241 -19136623.0590208
-0.3566 -0.00196081594767077 -0.000972895959656698 -5.42232098664968 301.850324382159 70556582.6669831 -19136667.6910632
-0.35665 0.00366527241467114 -0.00134382263526738 -5.42113034533544 301.826866943211 70558535.903339 -19136605.5688941
-0.3567 -0.00227620212307446 8.9176021334917e-06 -5.42365486128141 301.803409504263 70556475.0877635 -19136689.4103946
-0.35675 -0.000255383673424433 0.00195135090013221 -5.42057761313475 301.779952065315 70557820.4594801 -19136791.2428859
-0.3568 -0.0014417296736071 -7.54116013481876e-05 -5.42272714845317 301.756494626367 70557016.9850023 -19136746.1904127
-0.35685 0.0018983099763545 -0.00115458552034427 -5.42174667193601 301.733037187419 70557772.3427902 -19136704.288637
-0.3569 -0.00256310251900141 0.000282069400466104 -5.4245788520452 301.709579748471 70556603.3828051 -19136699.243794
-0.35695 0.00141528151028798 0.00106238651321148 -5.42254990118367 301.686122309523 70558167.5544249 -19136740.50223
-0.357 -0.00182191338804624 -0.00163486721020575 -5.42540465339255 301.662664870575 70556072.8511164 -19136766.0445365
-0.35705 0.000979130102593213 0.00188933999073363 -5.42326213296169 301.639207431627 70558142.2721585 -19136725.1400238
-0.3571 -0.00159771414060739 -0.00199677695786963 -5.42725340137443 301.615749992679 70555364.3466686 -19136718.8915632
-0.35715 0.00244519929712085 0.000707854542022522 -5.42561118381647 301.592292553731 70557389.9365779 -19136737.7757425
-0.3572 -0.00415003718511276 -0.00119514794315696 -5.42975297404681 301.568835114783 70554251.7284025 -19136729.9564794
-0.35725 0.00293374360586221 0.000659257924688934 -5.42558008332132 301.545377675835 70557251.7951066 -19136715.6670443
-0.3573 -0.00313266317538243 -0.00187236962269646 -5.42945695086091 301.521920236887 70554492.2738238 -19136775.1161312
-0.35735 0.00393034031110518 0.00125415892552899 -5.42891907143504 301.49846279794 70556657.1343723 -19136821.0267059
-0.3574 -0.000919297708523182 -0.00137943367646756 -5.43095051251195 301.475005358992 70554700.954876 -19136814.7216343
-0.35745 0.000469328687632818 0.00190968470321275 -5.43001485690094 301.451547920044 70556139.1636133 -19136792.7206648
-0.3575 -0.00233777780490008 -0.00120774382797096 -5.4320400658448 301.428090481096 70554261.119957 -19136842.878333
-0.35755 0.00119116765588625 0.00108731982064675 -5.43120481539312 301.404633042148 70556196.7823243 -19136818.5069831
-0.3576 0.00120155696011656 -0.00185184437160487 -5.43247382399458 301.3811756032 70554944.8455113 -19136895.0378108
-0.35765 -0.000919126456711127 0.00218806713906104 -5.43391492097327 301.357718164252 70555190.369685 -19136790.0011338
-0.3577 0.00082908182629239 -0.00105688418253181 -5.43291411337528 301.334260725304 70555359.4792863 -19136781.1553831
-0.35775 0.000461075296482844 -0.00111091201009651 -5.43718999810772 301.310803286356 70554117.4861025 -19136762.5814118
-0.3578 -0.00128116193312855 -0.000144159724214923 -5.4363701903721 301.287345847408 70554471.1067915 -19136799.0648946
-0.35785 -0.00115363610716122 0.000985032489458792 -5.43881314229755 301.26388840846 70554197.0128772 -19136705.4616458
-0.3579 -0.000744949832906053 -0.00117130000547285 -5.43819615650947 301.240430969512 70554335.3960146 -19136686.4908549
-0.35795 0.00140242297891775 -0.000325310135413951 -5.44147614265751 301.216973530564 70553693.0600284 -19136705.231076
-0.358 -0.000909542102041367 0.000283124692083188 -5.44310702042472 301.193516091616 70553462.2271539 -19136604.5439372
-0.35805 -0.00160779796055093 0.000193158715543553 -5.44503593061737 301.170058652668 70552601.4802356 -19136730.0742121
-0.3581 0.00277446348664909 -0.00215324143355325 -5.44537375848065 301.14660121372 70553457.3954924 -19136568.2459205
-0.35815 -0.00175882108647427 0.00181081262662816 -5.4448837631192 301.123143774772 70552975.6768355 -19136707.6060866
-0.3582 -0.000725784959829283 0.0015246942715466 -5.44759778990779 301.099686335824 70552764.9328158 -19136578.6400877
-0.35825 -0.000337330343178572 -0.000547662848238273 -5.44786219768862 301.076228896877 70552498.2387948 -19136610.8393994
-0.3583 0.00210800184010495 -0.00224001519649032 -5.4495337229647 301.052771457929 70552404.4502688 -19136524.898801
-0.35835 -0.00224475896409432 0.00261354795432398 -5.44762941700363 301.029314018981 70553155.332884 -19136581.6786968
-0.3584 0.000108015971307356 -0.000711204571938643 -5.44973007267728 301.005856580033 70552523.3759936 -19136536.7775801
-0.35845 0.000266601134468572 0.000780821306972014 -5.44926393904974 300.982399141085 70552933.623853 -19136542.8686737
-0.3585 -0.00187613528458896 -0.00222561745266878 -5.45264173506808 300.958941702137 70551368.9478722 -19136466.7889367
-0.35855 0.00296920165727068 0.00202735263371422 -5.44914078025199 300.935484263189 70554333.7083658 -19136460.644884
-0.3586 -0.00320913406289956 -0.00318653697572305 -5.45389866341986 300.912026824241 70550877.7170825 -19136445.1216511
-0.35865 0.00295910580700999 0.00272124868090177 -5.45040027970899 300.888569385293 70554000.449351 -19136450.8694798
-0.3587 -0.00338776032484684 -0.00184618425365925 -5.45464105740006 300.865111946345 70550787.6909209 -19136404.3371223
-0.35875 0.00259299685264718 0.00352875590984743 -5.44993136959905 300.841654507397 70554738.0857953 -19136436.4174167
-0.3588 -0.00176112314285692 -0.00383605165306712 -5.45478158594567 300.818197068449 70550985.9589311 -19136470.51919
-0.35885 0.00208111075231646 0.00199920935440155 -5.45371161596028 300.794739629501 70553817.1192687 -19136371.1525513
-0.3589 -0.00440459223726609 0.000633250673103379 -5.45766373405965 300.771282190553 70551083.1603744 -19136486.2531423
-0.35895 0.00405876105357957 -0.000138092611754978 -5.45402013124901 300.747824751605 70553616.7557154 -19136388.9279988
-0.359 -0.0022327412696776 -0.00265402807347898 -5.45661254868404 300.724367312657 70550654.4636128 -19136503.9696741
-0.35905 0.00118462895137944 0.00243235739344251 -5.45310979404653 300.700909873709 70553641.6463295 -19136412.3500019
-0.3591 -0.00162237791326183 -0.000943748005685116 -5.4561288370689 300.677452434761 70551258.1027983 -19136522.0138673
-0.35915 0.000413096110200623 0.00182918022363285 -5.45619951989831 300.653994995813 70552565.4199284 -19136407.6724676
-0.3592 -0.0015974681377656 -0.00319457919653149 -5.45674419280556 300.630537556866 70550920.2429596 -19136387.4459468
-0.35925 0.00500809958594866 0.00142617852621244 -5.45434020222358 300.607080117918 70553833.998334 -19136469.5027688
-0.3593 -0.00632826247893703 -0.001303086062391 -5.46022224343526 300.58362267897 70549872.9950805 -19136396.3325571
-0.35935 0.00517987823656553 0.0024111095318128 -5.4553318882157 300.560165240022 70554138.3718038 -19136397.2612557
-0.3594 -0.00327718005067621 -0.0050323921726262 -5.46096322758542 300.536707801074 70549207.6706038 -19136506.5102033
-0.35945 0.00208172823739769 0.00612039459242521 -5.45338468265157 300.513250362126 70555002.84364 -19136363.3213462
-0.3595 -0.00317302335245591 -0.00536513628320647 -5.45920520749461 300.489792923178 70549972.8381025 -19136396.4754978
-0.35955 0.0047911469200161 0.00239640770649578 -5.45529043485214 300.46633548423 70554512.626284 -19136272.3098516
-0.3596 -0.00434327947731281 -0.00278051703051233 -5.46038593034896 300.442878045282 70550001.8417672 -19136362.042534
-0.35965 0.0028907230024971 0.00356953791958631 -5.45535004580124 300.419420606334 70554709.6683975 -19136299.4728718
-0.3597 -0.000391185502839899 -0.00636188648295967 -5.45841556153393 300.395963167386 70551037.2777645 -19136374.1795979
-0.35975 0.00113856936759888 0.00307322295671719 -5.45509807091227 300.372505728438 70554582.1030656 -19136285.0083806
-0.3598 -0.00434346292715541 -0.00213466006204608 -5.46025136009562 300.34904828949 70550511.4707531 -19136385.895782
-0.35985 0.00400306384307601 0.000443354234171483 -5.45613648402095 300.325590850542 70553929.0127501 -19136361.5811556
-0.3599 -0.00273607722337396 -0.00255420775726588 -5.46101780564723 300.302133411594 70551073.9977462 -19136317.0076426
-0.35995 0.00136759897684456 0.00352102734875528 -5.45685044042465 300.278675972646 70554051.3197064 -19136393.6055773
-0.36 -0.00137884471444439 -0.0017351249057699 -5.46013654998664 300.255218533698 70551522.787306 -19136373.3455028
-0.36005 0.00111499949780042 0.000691596505513648 -5.45789093943993 300.23176109475 70552946.133391 -19136294.2046706
-0.3601 -0.00106772367592235 -0.000522703857714634 -5.45899307543931 300.208303655803 70552014.5969595 -19136350.8099764
-0.36015 0.00111810283381082 -0.000697502671468166 -5.45933049767274 300.184846216855 70552972.0328357 -19136317.2897566
-0.3602 -0.00398689055014895 0.00208314581211098 -5.46228147666333 300.161388777907 70551287.1988044 -19136314.5338383
-0.36025 0.00183293171335251 -0.000725777752935972 -5.45909669656012 300.137931338959 70553122.5221959 -19136344.8575442
-0.3603 0.000977610966168049 -0.00108534888656342 -5.4603446732012 300.114473900011 70552174.2678468 -19136400.663763
-0.36035 -0.000513540534889102 0.00122465131460124 -5.46209338405224 300.091016461063 70552389.8163884 -19136212.8285913
-0.3604 -0.0014633828340129 0.000862136774920857 -5.46223518104326 300.067559022115 70552353.0199659 -19136202.0739372
-0.36045 0.000542522909049636 -0.00312507961826235 -5.46421317513587 300.044101583167 70551220.2198126 -19136193.7192354
-0.3605 -0.00023370404464534 0.00153983186209187 -5.46242439165934 300.020644144219 70552638.2417719 -19136186.4089446
-0.36055 -0.00115787163729576 0.00076967774255166 -5.46491897270227 299.997186705271 70551593.6815535 -19136218.3943241
-0.3606 0.00170165704815651 0.000709624669097781 -5.46405796564547 299.973729266323 70552721.4347737 -19136139.0918758
-0.36065 -0.00209781254024445 -0.000668597753419917 -5.46673544079613 299.950271827375 70550938.8832426 -19136182.0991067
-0.3607 0.00114519935423379 0.00143954866913021 -5.46446733423179 299.926814388427 70552703.7180174 -19136137.7614022
-0.36075 -0.00123655589694531 -0.000909680550414984 -5.46781552277281 299.903356949479 70550911.4784268 -19136102.7395278
-0.3608 0.000545029822320956 0.0013071793109198 -5.4694406576386 299.879899510531 70551632.1868938 -19136053.8411497
-0.36085 -0.000412475951776047 -0.000697820660096652 -5.47109506721191 299.856442071583 70550797.204378 -19136114.0870571
-0.3609 -0.00119124526313892 0.0026404817194483 -5.47055606766262 299.832984632635 70551366.8903818 -19136086.8306058
-0.36095 -0.00174842234228966 -3.62905005737661e-05 -5.47344537241623 299.809527193687 70549934.7957947 -19136028.5323345
-0.361 0.00454803254095629 -0.00146430246014078 -5.47211393120242 299.78606975474 70551376.6051325 -19136098.0816036
-0.36105 -0.00251955789691406 0.000692096974837571 -5.47555580439644 299.762612315792 70549600.0516818 -19135999.5449352
-0.3611 -0.000702207402261584 0.00261725357754184 -5.47551498183067 299.739154876844 70550502.9077987 -19135981.7872737
-0.36115 0.000513588893166425 -0.00233082239798836 -5.47829085800309 299.715697437896 70549312.8790808 -19135911.0053731
-0.3612 0.00178728800390033 0.000139693425726942 -5.4767362141627 299.692239998948 70550412.3655116 -19135998.6556745
-0.36125 -0.00511056322635673 0.000742682317362763 -5.47878424423035 299.66878256 70548877.0282093 -19135922.3639426
-0.3613 0.00269192203077672 0.000500252270665421 -5.47786039001599 299.645325121052 70550425.1698978 -19135897.5932673
-0.36135 0.000440762588084812 -0.0017940090754475 -5.48224180524476 299.621867682104 70548587.9287386 -19135893.0864394
-0.3614 0.000347030635005274 -0.00082798973607535 -5.47944565650685 299.598410243156 70549948.4336017 -19135825.6886315
-0.36145 -0.000638507164994322 0.000528118403823498 -5.4817492679792 299.574952804208 70549229.7380001 -19135876.5130101
-0.3615 -0.000660892413246334 -0.000154571022141454 -5.48311948294727 299.55149536526 70548980.591081 -19135820.3837333
-0.36155 1.8725882252644e-05 -0.000550840731503697 -5.48262009749913 299.528037926312 70549280.4420747 -19135763.0143393
-0.3616 -0.00208308355005011 0.00238433828292542 -5.48182402540317 299.504580487364 70549439.1142725 -19135793.8451672
-0.36165 0.00251881280519961 -0.0042889493262379 -5.48362327388827 299.481123048416 70548905.0888028 -19135830.6601667
-0.3617 -5.85211689794649e-05 0.00277263745398626 -5.4818513300144 299.457665609468 70550276.3980531 -19135845.6591358
-0.36175 -0.00369295281484222 0.000213590974312652 -5.48666472249646 299.43420817052 70548173.1733954 -19135726.1885589
-0.3618 0.00502290688043049 -0.00140903435027556 -5.4865717578871 299.410750731572 70549533.2551583 -19135756.1438966
-0.36185 -0.00105987798623834 -0.00291267549183718 -5.48795832425763 299.387293292624 70547925.0958849 -19135695.8050079
-0.3619 -0.00181440462594738 0.00486657073244293 -5.48665733466717 299.363835853677 70549732.0506372 -19135668.6561455
-0.36195 -0.000693417030436729 -0.00392461720153249 -5.49040123502583 299.340378414729 70547596.2859504 -19135662.9673348
-0.362 0.00400408348235837 -0.000607613149695042 -5.48796750401952 299.316920975781 70549392.2878819 -19135745.8486751
-0.36205 -0.00334786405429587 -0.000758700895060993 -5.4904899215955 299.293463536833 70547439.3781542 -19135632.8830646
-0.3621 0.000507625567105317 0.00204593238448867 -5.48991395898407 299.270006097885 70549104.9561347 -19135621.8627555
-0.36215 0.000446129783057743 -0.00277810341869779 -5.49459322542657 299.246548658937 70547226.2606809 -19135601.271903
-0.3622 -0.000668552733813087 0.00200630926922825 -5.49217818300753 299.223091219989 70548402.9312489 -19135560.4273358
-0.36225 -0.00117826307104027 -0.00199161658712019 -5.49379411894206 299.199633781041 70547512.3518696 -19135520.5490146
-0.3623 -0.00106667815612977 0.000661500654649945 -5.49358772870363 299.176176342093 70548237.293632 -19135532.8922846
-0.36235 0.00123657154380377 -0.000581513217833821 -5.49333078985067 299.152718903145 70548498.8634923 -19135524.0321529
-0.3624 -0.000476931094952928 -0.000580040622089735 -5.49579604695256 299.129261464197 70547571.4248445 -19135548.9415038
-0.36245 -0.000932720691801632 0.0010615360961712 -5.49736712350838 299.105804025249 70547437.1925544 -19135542.1681349
-0.3625 0.00178827544111206 -0.000770441930465569 -5.49737313021705 299.082346586301 70547519.0273664 -19135488.9729146
-0.36255 -0.00313402226365962 0.00130370590488706 -5.49769358826551 299.058889147353 70547189.2991829 -19135383.6993503
-0.3626 0.002833892700891 -0.00284917294067432 -5.49819559759151 299.035431708405 70547972.0813254 -19135294.0674093
-0.36265 -0.00323471158448727 0.000970085660985586 -5.49888668281815 299.011974269457 70546900.0647405 -19135312.7006235
-0.3627 0.00191727151715776 -0.00113423483810309 -5.49934856249529 298.988516830509 70547213.6927423 -19135352.1989849
-0.36275 6.10577448222348e-05 0.000165777820334914 -5.49973114223518 298.965059391561 70547150.9779513 -19135393.1807253
-0.3628 1.92657433053932e-05 0.000920695044210672 -5.49986125552192 298.941601952613 70547460.9282825 -19135384.4975539
-0.36285 0.000383764097010455 -2.37790859273611e-05 -5.49967579809709 298.918144513666 70547481.4122601 -19135368.8831545
-0.3629 -0.00050542983891684 -0.000699167319062354 -5.5010201760355 298.894687074718 70546828.4390128 -19135300.301053
-0.36295 -0.000153856292131212 0.00042423126599427 -5.50178339508647 298.87122963577 70546662.5241948 -19135316.6906267
-0.363 -0.00106573008923532 -1.05810676963444e-05 -5.50238779004882 298.847772196822 70546566.4050177 -19135262.4614032
-0.36305 0.000912194375507111 0.000331517108120517 -5.50009424621013 298.824314757874 70547721.3704768 -19135313.2527712
-0.3631 -0.000418732025793609 -0.000185895989921031 -5.50037611054402 298.800857318926 70547026.5396444 -19135350.6876154
-0.36315 0.00239193504175171 0.00100412135531268 -5.49936072760838 298.777399879978 70548355.5342498 -19135286.9581774
-0.3632 -0.00137275691870652 -0.00147976415249694 -5.50054759464375 298.75394244103 70546424.4133493 -19135358.7973317
-0.36325 0.00240618794757798 0.00132715338407988 -5.50022041916049 298.730485002082 70548030.5895174 -19135370.2487296
-0.3633 -0.00118993634480539 -0.000904813311048795 -5.500959823485 298.707027563134 70546755.9482855 -19135313.8208802
-0.36335 0.000480920492206606 0.00181766474329061 -5.50010684327438 298.683570124186 70547895.6312906 -19135283.1568287
-0.3634 -0.000949323460151803 -0.000760554630861613 -5.50113059311431 298.660112685238 70547049.6192971 -19135294.853079
-0.36345 0.00330312434920989 -0.000427281968539028 -5.5007382382469 298.63665524629 70548105.8892408 -19135224.9940999
-0.3635 -0.00125018633172957 -0.00103941580392011 -5.50230763442239 298.613197807342 70546439.940809 -19135317.852358
-0.36355 -0.000723913168476574 0.00304751383825633 -5.5015755386042 298.589740368394 70547452.2423349 -19135330.7530742
-0.3636 0.00264460491810407 -0.00391832019335271 -5.50314551191196 298.566282929446 70546312.5914559 -19135216.6383347
-0.36365 -0.000590901787523265 0.00227276655444398 -5.50475310295935 298.542825490498 70546812.0328589 -19135248.5790924
-0.3637 -0.000386999395663952 -0.00063800798928013 -5.50315421261732 298.51936805155 70546456.9592392 -19135190.4340312
-0.36375 0.0010713736787538 0.000103569032394126 -5.50348512449297 298.495910612603 70547189.0822518 -19135186.6746001
-0.3638 -0.0009989481518551 -0.0011276223071867 -5.50432471186564 298.472453173655 70546166.2605304 -19135151.8261492
-0.36385 0.00132238948900686 0.000555284426438575 -5.50261148763457 298.448995734707 70547597.9097319 -19135148.7413074
-0.3639 -0.00321987576961699 9.99929105810413e-05 -5.50426283586797 298.425538295759 70546283.1501456 -19135121.3124422
-0.36395 0.00225784600780355 -0.000841737449977341 -5.50280513099145 298.402080856811 70547586.6495137 -19135100.8955638
-0.364 -0.00269386961414235 -0.00050178816165131 -5.50433819940901 298.378623417863 70546033.1266727 -19135013.0914297
-0.36405 0.00147564508476764 0.00170418323469144 -5.50126438278802 298.355165978915 70548126.8032537 -19135058.728388
-0.3641 0.000953361325253613 -0.00291329068417954 -5.50495635488766 298.331708539967 70546563.2630508 -19135088.3797839
-0.36415 -0.000593568584939774 0.00255476610818527 -5.50225615079923 298.308251101019 70547433.2263848 -19135110.301624
-0.3642 -0.00170630863866357 -0.000464935273881867 -5.50412575318379 298.284793662071 70546265.9554156 -19135102.0764033
-0.36425 0.00133039060590716 0.00015253208740073 -5.50149222835699 298.261336223123 70547957.5498165 -19135052.6800131
-0.3643 -0.00230802550984297 -0.00116722085840976 -5.50485079971234 298.237878784175 70546413.9114124 -19135039.1279684
-0.36435 0.00205362700811245 -7.66470051982058e-05 -5.5028378053782 298.214421345227 70547745.079431 -19135098.0411247
-0.3644 -0.00196990408884127 0.00124333581804225 -5.50327865851829 298.190963906279 70546783.8190976 -19135162.6724748
-0.36445 0.000583273544855309 0.000692097066652377 -5.50371549579435 298.167506467331 70547279.7327594 -19135052.4356184
-0.3645 0.00262707193663496 -0.00266115223527617 -5.50505229292716 298.144049028383 70547003.8399421 -19135008.3964667
-0.36455 -0.00342250035234121 0.0021565929030311 -5.50785713577667 298.120591589435 70546192.2308608 -19135012.3828418
-0.3646 0.00117981722145651 1.2863862944982e-05 -5.50450489804143 298.097134150487 70547055.8144205 -19134959.2677223
-0.36465 -0.000117976133160168 -0.00037462850986925 -5.50742910529073 298.07367671154 70546206.1894611 -19134995.5698897
-0.3647 0.00142149939046663 -0.00147501922347104 -5.50824980716815 298.050219272592 70546464.0986072 -19134998.4907536
-0.36475 -0.0028207410145172 0.000420529751802409 -5.50650612485339 298.026761833644 70546421.4193325 -19135000.2068314
-0.3648 0.00105198647288132 0.00226389202774749 -5.50571222776991 298.003304394696 70547949.33127 -19134952.3013612
-0.36485 -0.000619213282251904 -0.00358046153079464 -5.50995336534888 297.979846955748 70545396.2489592 -19134932.2593582
-0.3649 0.00166948371306442 0.0023285957829259 -5.50550357210894 297.9563895168 70548270.7509608 -19134972.6408436
-0.36495 -0.00489336102609251 -0.000595953039228546 -5.50786390925345 297.932932077852 70545576.1058436 -19134962.3549175
-0.365 0.00377478197288514 0.000920050683515182 -5.50722790641631 297.909474638904 70547892.2197081 -19134984.2452266
-0.36505 -0.0024853712993013 -0.00262491002162548 -5.51012075683683 297.886017199956 70545540.5089779 -19134856.5038069
-0.3651 0.00254941656392898 0.00204858744422118 -5.50635218596451 297.862559761008 70548738.5907021 -19134881.843539
-0.36515 -0.0014411490205136 -0.00166230657276469 -5.51099449867588 297.83910232206 70545622.8152753 -19134928.3331298
-0.3652 0.00287169001323445 0.00176431885333349 -5.50843266488794 297.815644883112 70547947.171868 -19134856.9934767
-0.36525 -0.00291019793768853 -0.0022990423584921 -5.51148343873848 297.792187444164 70545433.6853079 -19134863.5560705
-0.3653 0.00153485606751554 0.00350516663163547 -5.50834253964311 297.768730005216 70548160.3934056 -19134806.2545202
-0.36535 -0.00037260317352066 -0.00368256621563466 -5.51255653431626 297.745272566268 70545719.7311703 -19134705.7009256
-0.3654 0.000404416208309724 0.00325235394469609 -5.5099440730949 297.72181512732 70547995.6547097 -19134691.0069
-0.36545 -0.00120368256657884 -0.00180184376047799 -5.51211702629185 297.698357688372 70546543.7929234 -19134703.0734428
-0.3655 0.00089614011276945 0.000711509346625838 -5.51132032156657 297.674900249424 70547953.1921734 -19134692.7706225
-0.36555 -0.00267582157994581 -0.00134193579582961 -5.51430321876224 297.651442810477 70545583.5211368 -19134726.9014668
-0.3656 0.00124170659840399 0.000816024833530436 -5.51258492726196 297.627985371529 70547525.493165 -19134709.106752
-0.36565 -0.00143898091159135 -3.12390552643314e-05 -5.51247093164839 297.604527932581 70546298.5326627 -19134736.0967359
-0.3657 0.00248773962142636 0.000743767788388459 -5.5092013258256 297.581070493633 70548414.4269369 -19134747.1177242
-0.36575 -0.00315814060506172 6.66576281579144e-05 -5.51296946990914 297.557613054685 70546206.9957547 -19134743.5395324
-0.3658 0.00284449718655906 0.000299874329172055 -5.50846344196188 297.534155615737 70548622.0763107 -19134726.0086813
-0.36585 -0.000598965615975918 -0.00295715337752086 -5.511249949248 297.510698176789 70546291.22148 -19134655.3829752
-0.3659 7.77393659779495e-05 0.00354491420992964 -5.50676409108436 297.487240737841 70549034.0658774 -19134694.7244998
-0.36595 -0.00135704756820797 -0.0040890575794179 -5.50954863611885 297.463783298893 70546633.612491 -19134652.6988852
-0.366 0.00251842727910414 0.00254692863283617 -5.50500272046623 297.440325859945 70549886.7282457 -19134719.082778
-0.36605 -0.00269934138384686 -0.00260522247157875 -5.50943071610887 297.416868420997 70546189.268023 -19134716.9221017
-0.3661 0.00423817697211783 0.000674955864939178 -5.5042060589872 297.393410982049 70550146.7570529 -19134639.8125388
-0.36615 -0.00278706549424433 4.34213274201388e-05 -5.50445177721174 297.369953543101 70548127.8321397 -19134758.3411941
-0.3662 0.0010749562293481 0.00211325876978098 -5.50110554758707 297.346496104153 70550295.0158867 -19134777.1291136
-0.36625 0.000345196604376894 -0.00440262867436276 -5.5010884565742 297.323038665205 70548768.9059833 -19134636.1194177
-0.3663 -6.85421291138498e-05 0.00205008220618394 -5.50043914119621 297.299581226257 70550098.043766 -19134647.8542276
-0.36635 0.000499680717619763 -0.00189934262154689 -5.50047269653834 297.276123787309 70549348.8737988 -19134704.6869567
-0.3664 0.000758337174592608 -0.000559626579973141 -5.4989552675062 297.252666348361 70550079.211845 -19134729.914685
-0.36645 -0.00181215624194193 0.00198866197864333 -5.4985611355077 297.229208909414 70550085.8898999 -19134717.6827208
-0.3665 0.000305751372675946 -0.00163509328715933 -5.4984355218528 297.205751470466 70549840.887647 -19134760.9184999
-0.36655 -0.00026507004384536 -0.000236052061846402 -5.49767363745668 297.182294031518 70549988.5271222 -19134748.0508567
-0.3666 -0.000559971107816035 0.000725383533984611 -5.49651778130375 297.15883659257 70550151.8767373 -19134771.9640949
-0.36665 -0.000870405630193265 0.000746005028690732 -5.49549223701048 297.135379153622 70550448.8970893 -19134749.8681998
-0.3667 0.000549610998832887 -0.00168845112955955 -5.49552374094449 297.111921714674 70549902.6308936 -19134787.1852133
-0.36675 0.000614199237325122 0.0017365183132278 -5.49356657740856 297.088464275726 70551518.7397191 -19134769.0864922
-0.3668 -0.000574592692699561 -0.000874645153782142 -5.49420322527859 297.065006836778 70550151.5433396 -19134820.0429341
-0.36685 0.00168901897350851 0.000507191058631409 -5.49117224293743 297.04154939783 70551513.5356993 -19134862.1101633
-0.3669 -0.00223937543564077 -0.00119777831233873 -5.49277538220417 297.018091958882 70550325.6978721 -19134711.7588762
-0.36695 0.0007994604528982 -0.000566548257393 -5.48938005848801 296.994634519934 70551598.3519455 -19134849.8030673
-0.367 3.05091476137633e-05 0.000650678257080864 -5.48668515733725 296.971177080986 70552182.1198511 -19134892.9382612
-0.36705 0.00127998393118102 -0.00120016744554383 -5.48744923497085 296.947719642038 70551555.2822019 -19134886.7869392
-0.3671 -0.000673378412293693 -0.00124067446718275 -5.48630514886456 296.92426220309 70551584.4323288 -19134807.3704072
-0.36715 -0.000659125554713199 0.000646053322530546 -5.48283755126822 296.900804764142 70552329.0711743 -19134933.7627386
-0.3672 0.00212391016443948 -0.000795670161576185 -5.48265552809808 296.877347325194 70552712.359372 -19134917.30648
-0.36725 -0.00165849201440619 -0.000834299963065619 -5.48339175823612 296.853889886246 70551997.7729338 -19134828.3413084
-0.3673 0.00109941862783851 1.08185805903104e-05 -5.48138510671094 296.830432447298 70552906.2246143 -19134871.4933029
-0.36735 0.00101335817765955 -2.37189930765461e-05 -5.48073628002959 296.80697500835 70552930.1301295 -19134943.00858
-0.3674 -0.00187130799505023 -0.000246489435037289 -5.4811524805725 296.783517569403 70552243.1948744 -19134865.1864173
-0.36745 0.00093390712411408 0.000382120006922919 -5.47782010515955 296.760060130455 70553532.9375308 -19134934.6576444
-0.3675 0.00103685422368297 -0.00191853138566543 -5.47886195041513 296.736602691507 70552832.4268 -19134880.3896028
-0.36755 -0.00133562379494129 0.00222529893892619 -5.47705412812775 296.713145252559 70553583.2334826 -19134943.9521852
-0.3676 -0.000907627783667677 0.00110221112679562 -5.4751094156455 296.689687813611 70553793.9485507 -19134989.7602182
-0.36765 0.00150213733899427 -0.00258511961658959 -5.47435084041544 296.666230374663 70553763.6954629 -19134991.5796811
-0.3677 -0.00116897463668531 0.000491266918051133 -5.47451397290069 296.642772935715 70553299.0362585 -19135064.816363
-0.36775 0.000561745910614035 0.00136380341620416 -5.47260651471245 296.619315496767 70554353.3029574 -19135006.2438759
-0.3678 -0.000296086585288425 -0.00136506105450643 -5.47269247954485 296.595858057819 70553562.3013043 -19134967.8621871
-0.36785 -0.000391730075521622 0.00235971164168472 -5.47080822469202 296.572400618871 70555087.3277153 -19134972.2908144
-0.3679 -0.00217405982855278 -0.00158021762545267 -5.47243808404357 296.548943179923 70553048.596228 -19135109.97618
-0.36795 0.00272718831320747 0.00145739389202537 -5.47020831841433 296.525485740975 70555265.8447796 -19135074.218272
-0.368 -0.00183810224703275 0.000648788245194951 -5.47141136666176 296.502028302027 70553756.2392455 -19135081.3031867
-0.36805 0.00180926601241416 0.000314818416446032 -5.46941046166269 296.478570863079 70555100.2521628 -19135022.9822907
-0.3681 0.000805791197783476 -0.00235254418812276 -5.46874788167348 296.455113424131 70554288.462949 -19135060.9497322
-0.36815 -0.00113686700134781 0.00269308851248963 -5.46638057214102 296.431655985183 70555298.1878337 -19135052.0777004
-0.3682 -0.000318628720812784 0.000165493055939945 -5.46924840150351 296.408198546235 70554287.274601 -19135054.695312
-0.36825 0.00179483295837382 -0.00130632207035441 -5.46676747776438 296.384741107287 70555478.8565674 -19135015.7155587
-0.3683 -0.0012339905292698 0.00099131668490922 -5.46700882385861 296.36128366834 70555271.1213363 -19134968.2567599
-0.36835 0.00218697903883264 -0.00113047442354042 -5.46687624714889 296.337826229392 70555722.660999 -19135059.4301199
-0.3684 0.00012971986616365 -0.00111672654332575 -5.46459725815654 296.314368790444 70555729.8749117 -19134956.2083755
-0.36845 -0.00109771757473657 0.00153575980152787 -5.46439767392657 296.290911351496 70555665.8696732 -19135064.5423176
-0.3685 -0.00102465731970491 0.000730282685101511 -5.46297716039575 296.267453912548 70556064.8823323 -19135093.3261603
-0.36855 0.00074973375248489 -0.00144203529514061 -5.46297429460996 296.2439964736 70555776.3164779 -19135112.6837245
-0.3686 -0.000236124675011013 -8.81198818187289e-05 -5.46146263760554 296.220539034652 70556256.7735705 -19135057.3774639
-0.36865 -0.00308587477065658 0.00157404210638584 -5.46243984280721 296.197081595704 70555625.9082593 -19135130.3764733
-0.3687 0.00367877674208298 -0.000719341816006233 -5.46184773242785 296.173624156756 70556427.4269082 -19135099.8150131
-0.36875 0.000709249137124696 -0.00213762435564866 -5.46156209594357 296.150166717808 70555222.800671 -19135141.0931161
-0.3688 -0.00271599261576974 0.00433265629235804 -5.45843698573266 296.12670927886 70557361.785566 -19135076.8990935
-0.36885 -0.000259460794382456 -0.00284878429479078 -5.46100481573618 296.103251839912 70555341.0697073 -19135126.9370968
-0.3689 0.00240542954699377 -0.000949127100167111 -5.45819984158359 296.079794400964 70557335.7717506 -19135164.5959937
-0.36895 -0.00253541532609766 0.000808215715653244 -5.4608767789146 296.056336962016 70555026.207409 -19135272.4270801
-0.369 -0.000492676057961754 0.00272324278541437 -5.45829174596722 296.032879523068 70557469.8291136 -19135167.7245258
-0.36905 0.00184189312414131 -0.00506962413799431 -5.45833075569432 296.00942208412 70556034.9410741 -19135277.7144105
-0.3691 -0.0012863845298784 0.00495854255242941 -5.45645414835935 295.985964645172 70557687.0347787 -19135205.0791454
-0.36915 -0.00204929159078672 -0.00224145301706406 -5.45825429890012 295.962507206224 70555594.8923362 -19135184.440224
-0.3692 0.0033045347133219 0.000365452099335256 -5.45657561184045 295.939049767277 70557378.1678333 -19135267.0222111
-0.36925 -0.00365106260025735 -0.000971015148894474 -5.45992548940542 295.915592328329 70554872.1727785 -19135282.2291482
-0.3693 0.000675546278335849 0.00266087371912476 -5.45659484388114 295.892134889381 70557493.826049 -19135228.0889844
-0.36935 -0.000889579387905847 -0.00285819487582057 -5.45885665711529 295.868677450433 70555546.157298 -19135338.6568399
-0.3694 0.000830232569654236 0.00235761993718396 -5.45733631832596 295.845220011485 70557881.0888043 -19135243.9458286
-0.36945 -0.0036846547022079 -0.00176190167291762 -5.46000909520534 295.821762572537 70555306.7040572 -19135303.9310884
-0.3695 0.00389392756940201 0.00173016254882037 -5.45538211244611 295.798305133589 70557957.8757714 -19135278.3788332
-0.36955 -0.0028186015450956 -0.00320253870482626 -5.45944925630082 295.774847694641 70554628.8405965 -19135281.54953
-0.3696 0.00272435741941693 0.000913857321824597 -5.45584577656612 295.751390255693 70557668.9202788 -19135245.7120335
-0.36965 -0.00179729493368702 -0.00192353743753205 -5.45904454351022 295.727932816745 70555215.2362638 -19135395.2552904
-0.3697 0.000965634253118669 0.0026705387830899 -5.45484262169434 295.704475377797 70557828.1280621 -19135444.0415705
-0.36975 -0.000378194885813154 -0.000912639473604898 -5.45648499956191 295.681017938849 70556275.0939726 -19135434.4760177
-0.3698 0.000343712346927976 -0.000471814725845456 -5.4550868051544 295.657560499901 70557152.7972718 -19135384.0288182
-0.36985 -0.00115770678051328 0.0019810810135186 -5.45413039867089 295.634103060953 70556984.0822007 -19135357.379208
-0.3699 -0.000526076525599986 -0.00105303203173528 -5.45486635669407 295.610645622005 70556474.6328309 -19135305.4786662
-0.36995 0.00189924534027671 0.000352075744953538 -5.45436431262105 295.587188183057 70557051.3101775 -19135455.0910942
-0.37 -0.00204705481359231 -0.000982011788972872 -5.4556392387912 295.563730744109 70555935.0377985 -19135344.7817456
-0.37005 0.00136014441546868 0.00163178934525206 -5.45378103573572 295.540273305161 70557115.1652515 -19135470.7033574
-0.3701 -0.00160686566730677 -0.000795299699611121 -5.45413090917913 295.516815866214 70556103.4315 -19135452.6917761
-0.37015 0.00257982665199945 0.00207654623851083 -5.45242791735588 295.493358427266 70557845.8107928 -19135434.4702628
-0.3702 -0.0012155194979101 -0.00261760976788752 -5.45501625938199 295.469900988318 70555684.9513739 -19135471.861426
-0.37025 0.000868843706091446 0.00326959743663038 -5.45096763809701 295.44644354937 70557892.9284691 -19135485.387396
-0.3703 0.000200680548803838 -0.00336949145743505 -5.45509314135775 295.422986110422 70555814.1396528 -19135424.9907325
-0.37035 -0.000334204861989887 0.000634063968396093 -5.45412184341382 295.399528671474 70556862.6383384 -19135418.8083742
-0.3704 -0.00187453661209347 0.00256824213799359 -5.45535632731206 295.376071232526 70556778.7004067 -19135439.3078026
-0.37045 -0.00115235107654457 -0.00115241797557216 -5.45734636030058 295.352613793578 70555989.8586968 -19135405.0187873
-0.3705 0.00238133730504922 0.00091114613485889 -5.45570935088161 295.32915635463 70557200.5783001 -19135434.2439147
-0.37055 -0.00218447006077081 -0.00244254096991061 -5.45846297434843 295.305698915682 70555022.8420641 -19135409.1980784
-0.3706 0.001136244937917 0.00282420483829252 -5.4562858623934 295.282241476734 70557349.7034964 -19135419.1102814
-0.37065 -0.00177653405291513 -0.00142056377708813 -5.45995493481362 295.258784037786 70554539.6235735 -19135418.4988813
-0.3707 0.00207866877801143 0.00231803540062413 -5.45657000184516 295.235326598838 70557052.900547 -19135351.3197435
-0.37075 -0.00141067876182737 -0.00184881103349436 -5.46080756186095 295.21186915989 70554975.3858261 -19135345.2078457
-0.3708 0.0024106109972386 0.00108018533798634 -5.45725135310908 295.188411720942 70557175.6692609 -19135387.7148988
-0.37085 -0.0020642371937278 -0.00134451029487467 -5.4620183347253 295.164954281994 70554529.4185211 -19135328.7479393
-0.3709 0.00168836605678309 0.00297284581559821 -5.4559892936095 295.141496843046 70557406.9342739 -19135316.1249045
-0.37095 -0.00315268094911414 -0.00348598000505387 -5.46049050884075 295.118039404098 70554364.6485152 -19135267.5214802
-0.371 0.0028962212981313 0.00178948236376653 -5.45812535179867 295.09458196515 70557190.6724119 -19135227.5167472
-0.37105 -0.00236732839430566 -0.00167157816129892 -5.46224327903803 295.071124526203 70554450.5606512 -19135294.592458
-0.3711 0.000883889784525763 0.00320966148427043 -5.46004433524835 295.047667087255 70556719.3712541 -19135258.6591247
-0.37115 -0.000916596985126512 -0.00212720282096706 -5.46343249784278 295.024209648307 70554430.2539762 -19135294.2657594
-0.3712 0.00226080928855157 0.00179921033697815 -5.45955830435377 295.000752209359 70556806.9176091 -19135270.8647507
-0.37125 -0.00168655229616609 -0.00239348086302388 -5.46321452622526 294.977294770411 70554374.8848309 -19135219.1947016
-0.3713 0.000435506859227428 0.00120272728042215 -5.46050802602121 294.953837331463 70556589.4519387 -19135104.6689732
-0.37135 -0.00306178379618858 -0.00189712330683115 -5.46312479227061 294.930379892515 70554447.9339948 -19135120.4944025
-0.3714 0.00146526495215151 0.00130704612402278 -5.45896704538695 294.906922453567 70556998.3683196 -19135130.6638404
-0.37145 -0.000396802779331809 -0.0024325464633653 -5.46178174780047 294.883465014619 70555110.2061064 -19135151.3760696
-0.3715 -0.00157282582824716 0.00224056643591762 -5.46078570318141 294.860007575671 70555900.7763788 -19135168.6047596
-0.37155 0.000753596416941331 -0.000484343838140271 -5.46336071100275 294.836550136723 70555472.0591488 -19135206.6008365
-0.3716 0.000665382523558269 -0.0019087737365806 -5.46463544621884 294.813092697775 70554547.1866018 -19135172.1238169
-0.37165 -0.000661816663712787 0.00283382856037025 -5.46404224989896 294.789635258827 70555435.9341639 -19135234.2216441
-0.3717 -0.000499617590045333 -0.00181904312210117 -5.46418456256442 294.766177819879 70554872.3275772 -19135178.5626083
-0.37175 0.001880625002994 0.00110240092026266 -5.46146264913843 294.742720380931 70556338.2976391 -19135139.6999442
-0.3718 -0.00356245898181236 -0.00139992279994075 -5.46452334002778 294.719262941983 70554108.056411 -19135143.869324
-0.37185 0.00337998817178632 0.000527726884714207 -5.46196865494532 294.695805503035 70556380.2657975 -19135203.5194308
-0.3719 -0.00488686675584087 0.00218812233943048 -5.46590333006317 294.672348064087 70554104.4230073 -19135070.4883848
-0.37195 0.00320310925275116 -0.00213273169623487 -5.46489655164876 294.64889062514 70555376.1681256 -19135117.6220278
-0.372 0.000135630984806187 -0.000749175831933504 -5.46471445700941 294.625433186192 70554895.1290301 -19135146.2195702
-0.37205 -0.00250811788583066 0.00119241996024396 -5.46435289498266 294.601975747244 70555125.8859372 -19135114.6388999
-0.3721 0.00122374814298383 -0.00073603478798911 -5.46504313421412 294.578518308296 70555505.3215018 -19135081.9401057
-0.37215 0.00175526373077903 -0.000892626055820997 -5.46317617532783 294.555060869348 70555716.68516 -19135093.9909126
-0.3722 -0.00169586731318851 0.000193035963379713 -5.46515446289856 294.5316034304 70554849.5367507 -19135123.5990891
-0.37225 -0.00229893731715634 0.00197283204733309 -5.46554661710712 294.508145991452 70555310.0436888 -19135088.6450112
-0.3723 0.00153257734419592 -0.00323834129679626 -5.46748718498085 294.484688552504 70554252.4816727 -19135046.7469032
-0.37235 -0.000529881361723107 0.000248712849286608 -5.46772047738622 294.461231113556 70554573.0747876 -19135122.9706307
-0.3724 -0.00176591839402978 0.00105491869362909 -5.4691007537113 294.437773674608 70554309.1093924 -19135107.6974889
-0.37245 0.002498796780653 -0.00191833717436864 -5.46931122055751 294.41431623566 70554141.3959476 -19135153.6257717
-0.3725 0.000105948489219265 0.00149946502749411 -5.47091783434986 294.390858796712 70554226.2187964 -19135054.6924316
-0.37255 -0.00208502638806696 0.000980328497707747 -5.47173682927325 294.367401357764 70553400.7039582 -19135118.9125975
-0.3726 0.0022459562014957 -0.00196453114197369 -5.47243094795211 294.343943918816 70553610.0716832 -19135058.95671
-0.37265 -0.000795736806308951 0.00265905733637707 -5.47327972987723 294.320486479868 70553967.3639896 -19134997.2221276
-0.3727 -0.00136504880557186 -0.00158385507487811 -5.47341629370524 294.29702904092 70552895.2992034 -19135073.9313192
-0.37275 0.00416903133985873 0.000405994796692196 -5.47226170241278 294.273571601972 70554873.7659698 -19135027.6679552
-0.3728 -0.00389923660658775 -0.000512827960393481 -5.47626158651907 294.250114163024 70552034.1941295 -19135083.0570798
-0.37285 0.00285067022299014 0.00274637719454065 -5.47179536333334 294.226656724077 70555399.6873796 -19135044.4782627
-0.3729 -0.00229975383745928 -0.00363024289706845 -5.47501176053848 294.203199285129 70551938.153417 -19134981.5723827
-0.37295 0.00381312093596156 0.00241871976353584 -5.47120115120641 294.179741846181 70555498.7207381 -19134975.5863215
-0.373 -0.00530578309517038 -0.0011994423697815 -5.47774927541013 294.156284407233 70551067.2252895 -19134982.1684144
-0.37305 0.00528144621255532 0.0012910620730575 -5.47354392352771 294.132826968285 70555208.0935677 -19134904.421278
-0.3731 -0.00252671953915689 -0.00366189153039855 -5.47918977211562 294.109369529337 70551149.535928 -19135009.2619493
-0.37315 0.00011965253737223 0.00409808554103426 -5.47660335874956 294.085912090389 70554238.9602341 -19134954.9899792
-0.3732 0.000722383580040986 -0.00150560515096989 -5.47771805402373 294.062454651441 70553100.7913795 -19134919.0370362
-0.37325 -0.000147258922720736 -0.00116069926541841 -5.4794476566088 294.038997212493 70552675.3619996 -19134850.9646948
-0.3733 0.00124248434211803 0.00171338477521519 -5.47999690340892 294.015539773545 70553093.0080144 -19134891.2149135
-0.37335 -0.00247655630053486 0.000149453491337645 -5.48162368592297 293.992082334597 70551916.2788546 -19134871.0182909
-0.3734 0.00155346692847687 0.000759888511169209 -5.48074395930723 293.968624895649 70553271.4988448 -19134857.877601
-0.37345 -0.000575513731302687 -0.00226547230264102 -5.48224052278169 293.945167456701 70551445.1661288 -19134842.3918857
-0.3735 0.0011847796849137 0.000737441339926538 -5.48291295947359 293.921710017753 70552797.7934607 -19134780.7579956
-0.37355 -0.00230017863891287 -0.000494067324738543 -5.48601645467616 293.898252578805 70551261.5186691 -19134801.3645196
-0.3736 0.000204790299844497 0.00215411308002728 -5.48489509101359 293.874795139857 70552546.7610727 -19134798.9381313
-0.37365 -0.000331261654291493 -0.00344413087593545 -5.48695851881822 293.851337700909 70551132.2222756 -19134706.6213122
-0.3737 0.000713604132726243 0.00268823017446545 -5.48448794586796 293.827880261961 70553038.6944755 -19134700.8170019
-0.37375 -0.00288397179143833 -0.0014560526897416 -5.48944790055691 293.804422823014 70550592.3127424 -19134728.3224525
-0.3738 0.00387623242227574 -0.000421294321774304 -5.48701624855173 293.780965384066 70552556.5612398 -19134716.6177571
-0.37385 -0.00327586170347958 -0.000679752519265347 -5.48874055674536 293.757507945118 70550795.6613299 -19134651.5986842
-0.3739 0.00140063367048861 0.00180197668909906 -5.48871342158462 293.73405050617 70552567.5478127 -19134629.7500469
-0.37395 -0.000838027683946975 -0.00293758317607106 -5.49041422726429 293.710593067222 70550823.4662318 -19134596.8505323
-0.374 0.000200039867018005 0.00221204678788036 -5.48841138540001 293.687135628274 70552370.3398765 -19134679.8524165
-0.37405 -0.000450706761406244 -0.000889801716087008 -5.49003317978125 293.663678189326 70551340.3497706 -19134714.2819359
-0.3741 0.000865665104603921 0.000855144102181399 -5.48889161526421 293.640220750378 70552321.0709572 -19134742.0423199
-0.37415 -0.00117527014236985 0.000141156586636519 -5.49067262766931 293.61676331143 70551316.8719615 -19134674.2813368
-0.3742 0.00171515987324042 -0.000727672145015119 -5.48763635759239 293.593305872482 70552747.2107614 -19134640.1279707
-0.37425 -0.00111778756618439 -0.000409481626604717 -5.48994552626253 293.569848433534 70551033.8772185 -19134683.5191791
-0.3743 -0.000740540094570521 0.00303282551078246 -5.48986472234827 293.546390994586 70552062.5882444 -19134592.3110266
-0.37435 0.000870400353190447 -0.00301116612304191 -5.49195402765492 293.522933555638 70550871.6985815 -19134492.104555
-0.3744 0.00179709564374846 0.00119986402333601 -5.49179870395623 293.49947611669 70551807.792517 -19134614.5907458
-0.37445 -0.00161160393380726 -0.000693239986413539 -5.49491017975736 293.476018677742 70549985.1093786 -19134509.6631743
-0.3745 0.00218127624283259 0.00280489103908328 -5.49286243423907 293.452561238794 70551692.8634085 -19134558.3677059
-0.37455 -0.00134954859727911 -0.00381676285189553 -5.49637798418173 293.429103799846 70548880.6184354 -19134501.5487848
-0.3746 0.00371077919402267 0.00284055458541242 -5.49283997816638 293.405646360898 70552032.7259203 -19134511.9360596
-0.37465 -0.00336144349420394 -0.00328413740062197 -5.49926678178478 293.382188921951 70548318.7003783 -19134486.1736252
-0.3747 0.00398742099460182 0.00388828378194481 -5.49459509829734 293.358731483003 70552376.7552477 -19134434.7854624
-0.37475 -0.00492974997873653 -0.0017921067395357 -5.4983010931711 293.335274044055 70548620.7951768 -19134518.0743374
-0.3748 0.00348371575841204 0.00238834543237102 -5.49341708068373 293.311816605107 70552340.6749303 -19134553.9971155
-0.37485 -0.000787232012155115 -0.00219578998484513 -5.49524024478696 293.288359166159 70549796.5512331 -19134491.2206734
-0.3749 -0.000328063123936608 0.00229360486485051 -5.49441139754733 293.264901727211 70551827.7555532 -19134406.1166436
-0.37495 -0.00224591192927105 -0.000255909613836076 -5.49631143096624 293.241444288263 70550125.8453196 -19134449.0278838
-0.375 0.00286650779519557 -0.00124444153810767 -5.49423177725464 293.217986849315 70551231.4864517 -19134415.8029287
-0.37505 -0.000620117644066392 -0.00164707124468825 -5.49740808446141 293.194529410367 70550264.6757802 -19134340.1544432
-0.3751 -0.00264949832563184 0.0047358609591314 -5.49628223671582 293.171071971419 70551112.1669016 -19134381.92958
-0.37515 0.000227510867942376 -0.00421371587003487 -5.49858728978872 293.147614532471 70549220.8784267 -19134409.3019712
-0.3752 0.00313145371198854 0.00208049936697637 -5.49366845762227 293.124157093523 70552737.3987502 -19134363.5177369
-0.37525 -0.0052514984165435 -0.00234729607015386 -5.49997655540665 293.100699654575 70548092.3857442 -19134347.8267952
-0.3753 0.00442633781276408 0.00241342493497706 -5.49480481794196 293.077242215627 70552409.9719922 -19134375.7054204
-0.37535 -0.00336263976361793 -0.0034461761454145 -5.49710240546744 293.053784776679 70548756.2847445 -19134444.9055053
-0.3754 0.0032511280141957 0.00268320891962834 -5.49360872484561 293.030327337731 70552711.1058327 -19134387.5911913
-0.37545 -0.0046959766101266 -0.000538192960812827 -5.5004835699864 293.006869898783 70548717.7490942 -19134378.1892358
-0.3755 0.00491459681147828 0.00136270724923349 -5.4949218885018 292.983412459835 70552351.9761738 -19134423.2911621
-0.37555 -0.00288581806825247 -0.0021271651024059 -5.49850051199209 292.959955020887 70549114.777646 -19134458.1080571
-0.3756 0.00121805131214974 0.00182578112585743 -5.49475190928211 292.93649758194 70552191.8225186 -19134407.082193
-0.37565 -0.00182337504295692 -0.000657972747446982 -5.49784336351892 292.913040142992 70549529.8122704 -19134428.6540057
-0.3757 0.00102511832873956 -0.000430584475490753 -5.49665015450429 292.889582704044 70550923.7328716 -19134393.423426
-0.37575 -0.00125525137298479 0.000509356384968993 -5.49836680006274 292.866125265096 70550291.0026672 -19134373.8885303
-0.3758 0.0022002443358273 0.000484808840553366 -5.4975763035798 292.842667826148 70551232.208732 -19134432.7023102
-0.37585 -0.00246587163961749 -0.000235732270209815 -5.4988557067097 292.8192103872 70550046.1921146 -19134362.1492566
-0.3759 0.000434339024772989 0.0025938641917436 -5.49783044245005 292.795752948252 70551298.1075342 -19134342.0717463
-0.37595 0.000739993244761798 -0.00328569056677272 -5.50082198307803 292.772295509304 70549438.695928 -19134352.3116085
-0.376 0.000727548915623429 0.00123200758171704 -5.4987285005582 292.748838070356 70551293.6401006 -19134255.8043829
-0.37605 -0.000747506666384751 -0.00222551361713844 -5.50102838237833 292.725380631408 70549717.0767975 -19134304.9797254
-0.3761 0.000530453987018318 0.00215387108127205 -5.50122367028212 292.70192319246 70550527.5137298 -19134245.700881
-0.37615 0.000827840454364231 -0.00183844835719543 -5.50394443748736 292.678465753512 70549443.210312 -19134288.5793072
-0.3762 -0.000445220231262747 0.00188357717896599 -5.5007544431818 292.655008314564 70550826.2456975 -19134243.054409
-0.37625 -0.000493525878397582 -0.00218861776817801 -5.50245694391751 292.631550875616 70549304.1218639 -19134243.9156744
-0.3763 0.000788073536026696 0.00249443715901769 -5.50062384376574 292.608093436668 70551032.2288911 -19134280.1309984
-0.37635 -9.40858764355218e-05 -0.00203437494918713 -5.50205616576578 292.58463599772 70549861.9229393 -19134188.2311145
-0.3764 0.0028175754157206 -0.000511134648388088 -5.50296929168328 292.561178558772 70550714.7160476 -19134210.9900432
-0.37645 -0.00331456394530148 0.000507399160513006 -5.50401496875677 292.537721119824 70549838.2765123 -19134216.1968122
-0.3765 -0.0011692200202294 0.00378429243406206 -5.50339405342893 292.514263680877 70550911.1598663 -19134184.6076419
-0.37655 0.00439096669216806 -0.00496141633877659 -5.50598106988149 292.490806241929 70549600.4531909 -19134244.5902761
-0.3766 -0.00242684743951396 0.00207014336107329 -5.50545168400017 292.467348802981 70550056.817983 -19134216.746215
-0.37665 -0.000878931603370389 0.0022067641551282 -5.50545103564714 292.443891364033 70549750.7126027 -19134278.9559031
-0.3767 0.00013266583864097 -0.00365572981385272 -5.50813587307931 292.420433925085 70548541.3060014 -19134254.0169006
-0.37675 0.00483044638895954 -0.000185806536494628 -5.50453945074773 292.396976486137 70551095.6055785 -19134099.1493084
-0.3768 -0.005185804034249 0.000898168516792092 -5.509997097332 292.373519047189 70548035.4680694 -19134216.329013
-0.37685 0.00281762793346649 0.000834037254561364 -5.50664185175882 292.350061608241 70550765.3495228 -19134211.8140332
-0.3769 -0.00149798552780133 -0.00271831927568549 -5.51283319572206 292.326604169293 70547405.2833793 -19134200.5532162
-0.37695 0.00281946414222816 0.000624852098482255 -5.50902153685221 292.303146730345 70550517.2776554 -19134146.6839919
-0.377 -0.00195519668167299 -0.00101729681291113 -5.51131579914433 292.279689291397 70548390.6338864 -19134179.8440714
-0.37705 0.000622664239803482 0.000841529895744799 -5.5094402654825 292.256231852449 70550107.4918089 -19134146.847123
-0.3771 -0.000567536228782763 -0.00168656213611075 -5.51274987159579 292.232774413501 70548536.3325638 -19134142.0529593
-0.37715 0.00128781356697418 0.00186356881239249 -5.51192358055066 292.209316974553 70549964.1076504 -19134141.388825
-0.3772 -0.00388171334631095 -0.00020020092808045 -5.51526570397181 292.185859535605 70547359.4155287 -19134169.5767159
-0.37725 0.00373593403604905 -0.000595509810731544 -5.51332738531312 292.162402096657 70549499.3057267 -19134202.8479007
-0.3773 -0.00163330316237076 -0.00239241308782124 -5.51833826390171 292.138944657709 70546697.2578298 -19134065.8468875
-0.37735 0.000661527299425399 0.00279763690835231 -5.51460186051218 292.115487218761 70549672.0335112 -19134166.269893
-0.3774 -0.00212285693976628 -0.00179677990860992 -5.51816541345792 292.092029779814 70547052.1129226 -19134175.3038685
-0.37745 0.00390540130875924 0.0019132049716277 -5.51310237689293 292.068572340866 70550549.6685696 -19134120.223655
-0.3775 -0.00355736134963003 -0.000421371591129968 -5.51607915237074 292.045114901918 70547715.3978926 -19134053.2738034
-0.37755 0.00375598670386708 -0.00118600544724033 -5.51465156429141 292.02165746297 70549408.1903562 -19134104.9597207
-0.3776 -0.00219588260536356 -0.000453454762147963 -5.51825316391802 291.998200024022 70547813.0755794 -19134070.7933703
-0.37765 0.00257514973878533 0.00306519811589834 -5.51612070102147 291.974742585074 70549855.0151407 -19134126.5306061
-0.3777 -0.00294370814978427 -0.00156386106842922 -5.5204358606275 291.951285146126 70546662.833526 -19134071.5138424
-0.37775 0.00432218178990956 0.000749708564871682 -5.51731171456764 291.927827707178 70549649.9265512 -19133967.5988677
-0.3778 -0.00251384019887104 -0.00254703210483545 -5.52161109098037 291.90437026823 70546837.3012891 -19134032.3437001
-0.37785 -0.00026879113334781 0.00406713445229765 -5.51549165694551 291.880912829282 70549987.8122714 -19133997.226402
-0.3779 0.00147407487162805 -0.00506059428666568 -5.52034112808443 291.857455390334 70547164.9386611 -19134025.1891001
-0.37795 0.000477897808705149 0.00323282926136887 -5.51851859556296 291.833997951386 70549395.7786996 -19134011.0790583
-0.378 -0.00303250368991343 0.00169980682029504 -5.5209567447555 291.810540512438 70547874.5356602 -19134005.9704505
-0.37805 0.00288234781975652 -0.00210485358116207 -5.51828585190857 291.78708307349 70548649.0415796 -19134037.6383313
-0.3781 -0.00201049455901711 0.00200128588520662 -5.52072109194358 291.763625634542 70548339.2685392 -19133950.883573
-0.37815 -0.000366492293419322 -0.00024359127601398 -5.52025721368886 291.740168195594 70547899.0289615 -19133982.6828696
-0.3782 0.00094593416463375 -0.00168899865673694 -5.52049145027094 291.716710756646 70547938.2278892 -19133962.9994503
-0.37825 -0.000139491940822811 0.000302118536766056 -5.52012017198954 291.693253317698 70548549.2621001 -19133946.5363476
-0.3783 -0.00179873929949824 0.00265816034697033 -5.52179764461449 291.669795878751 70548124.1635932 -19133982.9758995
-0.37835 0.000992208706003863 -0.00268280364401968 -5.52269839143729 291.646338439803 70547653.0999345 -19133968.7223752
-0.3784 0.000924443461821018 -0.000459720563121294 -5.52137217189465 291.622881000855 70548583.8849968 -19133920.7671294
-0.37845 -0.00190609011502247 0.000477505897172664 -5.52324696837342 291.599423561907 70547465.9579126 -19133924.4899116
-0.3785 0.00176433472931237 0.000192252540580828 -5.5233133529113 291.575966122959 70547954.6139231 -19133972.4404123
-0.37855 -0.000702654736000346 -0.00127060891075802 -5.52649288629203 291.552508684011 70546407.8483407 -19133975.73821
-0.3786 0.000281806528887815 0.00199537690630168 -5.52625845347109 291.529051245063 70547978.2239451 -19133916.9548249
-0.37865 -0.00100917995376002 -0.00143177696642311 -5.52924378794266 291.505593806115 70545977.0883122 -19133888.2515611
-0.3787 0.00248451401885531 0.000455719367765159 -5.527566602421 291.482136367167 70547489.7407154 -19133853.3947468
-0.37875 -0.00289983490503586 0.000672219163511305 -5.52868292492976 291.458678928219 70546985.640791 -19133793.7693094
-0.3788 0.000326018977519904 -6.8107850200277e-05 -5.53068186421282 291.435221489271 70547071.9715071 -19133713.7906758
-0.37885 -0.00110960816296024 0.000504295444955699 -5.53281319994933 291.411764050323 70546249.0522736 -19133719.2677918
-0.3789 -0.000245526918204573 -0.000716217809165631 -5.53460674626465 291.388306611375 70545765.099387 -19133801.8930675
-0.37895 0.00233094665064631 0.000843708725164193 -5.53341558948801 291.364849172427 70546861.7412814 -19133697.906632
-0.379 -0.0016555350787025 -0.000400815133220283 -5.53604731783239 291.341391733479 70545387.4816029 -19133750.1666414
-0.37905 0.00218130796774485 0.000317446423115315 -5.53414728263879 291.317934294531 70546947.5526302 -19133689.6742824
-0.3791 -0.00247060891466842 0.000269837541574732 -5.53552169756466 291.294476855583 70545476.9866242 -19133657.7919103
-0.37915 0.00267373203767536 -3.92934507919753e-05 -5.53668074884647 291.271019416635 70546181.423343 -19133685.5694422
-0.3792 -0.00232585401911174 -0.000451052313560296 -5.53739492401441 291.247561977687 70545260.7805658 -19133668.1009979
-0.37925 0.00231865184765764 0.00164423857854335 -5.53645069796048 291.22410453874 70546804.2157849 -19133624.0378016
-0.3793 -4.49861689637617e-05 -0.00466786734844917 -5.54278955241491 291.200647099792 70543071.794724 -19133663.4667925
-0.37935 0.00141596563993023 0.00432782747089271 -5.54080015105419 291.177189660844 70546088.0599822 -19133614.272996
-0.3794 -0.00411843702996533 -0.00158681921400096 -5.5429304735199 291.153732221896 70543314.4679919 -19133570.0134787
-0.37945 0.00487715528562902 -0.000305567981399883 -5.54128713353455 291.130274782948 70546051.7623865 -19133521.7817571
-0.3795 -0.00288359380548597 -0.00207354056414426 -5.54590031197366 291.106817344 70542870.0471991 -19133453.8874899
-0.37955 0.000119895083165419 0.00289379223024613 -5.54269963786001 291.083359905052 70545301.4795183 -19133537.0138706
-0.3796 -0.000567219624242797 -0.00204585328240284 -5.54585204937077 291.059902466104 70543815.9538252 -19133436.0054402
-0.37965 0.000711563784047536 0.000570760591695165 -5.54580940554852 291.036445027156 70544575.0422747 -19133408.6869043
-0.3797 0.000345121298144837 -0.00218622139699109 -5.54695192904522 291.012987588208 70543737.9669908 -19133420.460701
-0.37975 -0.0032499814373511 0.00184083809096132 -5.54946818110077 290.98953014926 70543647.6854682 -19133321.6405464
-0.3798 0.000166310952981297 -0.0006208037967162 -5.54840002138531 290.966072710312 70543867.1546146 -19133339.3345419
-0.37985 0.00184103014423721 -0.00084826237289024 -5.54855692532707 290.942615271364 70544221.0991901 -19133392.8276532
-0.3799 -0.00174930782263271 0.000723937132871164 -5.5504682663898 290.919157832416 70543848.8956397 -19133309.5784437
-0.37995 0.000668965382743814 -0.000572656083935958 -5.55083103016487 290.895700393468 70543590.9244907 -19133341.4768406
-0.38 -0.00199846004961342 0.00101590799677226 -5.550811467364 290.87224295452 70543832.4657668 -19133284.3179131
-0.38005 -0.00079634762272235 -0.000153217949096834 -5.55036372895185 290.848785515572 70543855.5220553 -19133303.0360502
-0.3801 0.00285145848499496 -0.00140912150622663 -5.54896987384078 290.825328076624 70544543.9827783 -19133335.748305
-0.38015 -0.00300125811033866 -0.00170794131394333 -5.55177486534119 290.801870637677 70542911.9685308 -19133253.0046966
-0.3802 0.00380916519899522 -0.000201175578934432 -5.54990321555463 290.778413198729 70544507.4361565 -19133267.2696435
-0.38025 -0.00284506103742332 -0.00075716243626181 -5.55078193490206 290.754955759781 70542718.9466404 -19133325.2929852
-0.3803 0.00171164986507308 0.00506226220942757 -5.54765415640127 290.731498320833 70545479.2004825 -19133340.5178531
-0.38035 -0.000436331021917716 -0.0051071294521357 -5.55332814779754 290.708040881885 70541684.1165096 -19133357.9928877
-0.3804 0.00326906455895817 0.00195786049848182 -5.54941513011083 290.684583442937 70545283.1972133 -19133248.7878743
-0.38045 -0.00391048459514844 0.000400579466276159 -5.55025770211814 290.661126003989 70542885.1914246 -19133289.303109
-0.3805 0.000514363925310562 0.00214952710679434 -5.54821115302586 290.637668565041 70544884.432512 -19133285.4026108
-0.38055 0.00126950123848854 -0.00363362086892399 -5.54993453184974 290.614211126093 70543271.9005754 -19133296.1577663
-0.3806 -0.00184692086132669 0.00367782616678578 -5.54665930756685 290.590753687145 70545201.4251828 -19133291.9923166
-0.38065 -0.00124188258562278 0.000600882303577788 -5.54847666262276 290.567296248197 70544273.7077782 -19133262.8298936
-0.3807 0.00302242585927301 -0.00509635821971097 -5.54857391458656 290.543838809249 70544083.8819142 -19133305.8299699
-0.38075 -0.00143206422711759 0.00429368896217695 -5.54515557400124 290.520381370301 70545999.9271958 -19133274.9404032
-0.3808 -0.000522398821319384 -0.00202810422161201 -5.5466719020783 290.496923931353 70544285.3641369 -19133331.1060134
-0.38085 -0.000789886229342474 -0.000214271441804084 -5.54533194982359 290.473466492405 70545243.2535659 -19133339.7588839
-0.3809 3.74522655325442e-05 0.000267621774598173 -5.54636513545025 290.450009053457 70544926.1511391 -19133326.9710515
-0.38095 -0.000255232889692134 -0.00234501338895619 -5.54693138017905 290.426551614509 70544429.0794092 -19133360.630438
-0.381 0.00107248429185699 0.00240257101738157 -5.54497078826219 290.403094175561 70545857.552127 -19133344.1103325
-0.38105 -0.00124913339945135 -0.00138312221679435 -5.54605065142074 290.379636736614 70544367.1563723 -19133354.3530022
-0.3811 0.000159405035348699 -0.00203686310782942 -5.54438855549462 290.356179297666 70544841.8100482 -19133330.903438
-0.38115 0.000449579318386244 0.00136433367756192 -5.54498024838896 290.332721858718 70545238.6436153 -19133380.639077
-0.3812 -0.000372084527664076 0.000136343742179267 -5.54723837050975 290.30926441977 70544320.8835913 -19133310.4754808
-0.38125 0.00013204830301728 0.00035714683930112 -5.54639493888865 290.285806980822 70544509.3423924 -19133420.5504266
-0.3813 -1.87838460761342e-05 -0.000422065022752994 -5.54655477870299 290.262349541874 70544988.1860429 -19133257.147536
-0.38135 0.00129776506326286 -0.00213464126363333 -5.54771045519162 290.238892102926 70544215.2573846 -19133339.671279
-0.3814 -0.00294943528481167 0.00240023512053705 -5.54782815659886 290.215434663978 70544548.9120212 -19133301.5327127
-0.38145 0.000374900441046917 -0.000132929721032492 -5.54726383892867 290.19197722503 70545010.3569356 -19133353.4499638
-0.3815 0.00411532409845856 -0.00126809288230144 -5.54595208802536 290.168519786082 70545923.7958455 -19133324.885084
-0.38155 -0.00171125150058677 0.000182261219473125 -5.54727203058047 290.145062347134 70544868.7987221 -19133259.1745117
-0.3816 0.000250804069633272 0.000645180346534505 -5.54766807779092 290.121604908186 70545510.9308225 -19133277.0739307
-0.38165 -0.00042462438660901 0.00024305618519097 -5.5470018312025 290.098147469238 70545181.3106627 -19133262.2360469
-0.3817 0.00162031330124812 -0.00249173439328469 -5.54809759495615 290.07469003029 70544913.7795142 -19133224.6343503
-0.38175 -0.00373813670680402 0.00386495804587915 -5.54856445071674 290.051232591342 70544776.6419037 -19133233.46041
-0.3818 0.00279132086567247 -0.0044500396787916 -5.54711104212249 290.027775152394 70544778.9693584 -19133217.0643264
-0.38185 -0.000581916787164185 0.00188169599393486 -5.54902187203283 290.004317713446 70545517.1157307 -19133177.1326606
-0.3819 -0.00336108835906611 0.00203678617763589 -5.54935739332889 289.980860274498 70544626.3737277 -19133118.1310056
-0.38195 -0.000269868960379814 -0.00252192490252279 -5.54901755395988 289.957402835551 70544515.8721214 -19133162.6923947
-0.382 0.00409741332427598 -0.000696387006281251 -5.54828185234069 289.933945396603 70546057.72878 -19133164.66671
-0.38205 -0.00605446321043246 0.00258857199218966 -5.55123854443755 289.910487957655 70544035.5778062 -19133094.2083679
-0.3821 0.00257853717446205 -0.00140973124909974 -5.55109001322777 289.887030518707 70545368.5051366 -19133071.7308642
-0.38215 0.00187742963557151 -0.00385030853593603 -5.55440651115999 289.863573079759 70543864.8744262 -19133054.4441859
-0.3822 -0.00420132365176177 0.0040492896698072 -5.55255273206742 289.840115640811 70544591.8898828 -19133000.2875397
-0.38225 0.00189767521939115 -0.00257090939860824 -5.55214418663814 289.816658201863 70544564.3772437 -19132982.7190113
-0.3823 -0.000104224984279968 -0.0020768612944845 -5.55522448130084 289.793200762915 70543519.7307685 -19132991.1005961
-0.38235 -0.00173186324807464 0.0044411518495804 -5.55355895398399 289.769743323967 70544854.5552191 -19133089.2681312
-0.3824 0.000486179826302342 -0.00357579301286872 -5.55515378889948 289.746285885019 70543682.9098777 -19132936.1179211
-0.38245 0.00316957311381679 0.000379548297165416 -5.55248646267145 289.722828446071 70545698.4283108 -19132974.6923564
-0.3825 -0.000936392558262444 -0.00013346628805511 -5.553605508614 289.699371007123 70544685.1556841 -19132966.5707077
-0.38255 -0.000889608287552405 0.0012876615838897 -5.55294588243208 289.675913568175 70545648.9065886 -19132905.9331241
-0.3826 0.00191967655930035 -0.0033412423760067 -5.55723964550366 289.652456129227 70543745.8076457 -19132921.7819646
-0.38265 -0.00120915696142452 0.00174383782426039 -5.55682490113871 289.628998690279 70544879.6925669 -19132836.0931374
-0.3827 -0.00164537818124522 -0.000463724131650423 -5.55797662391548 289.605541251331 70543292.2778777 -19132945.981599
-0.38275 0.00371657341893109 -0.00177775420402256 -5.55557905390657 289.582083812383 70544764.6344445 -19132788.9743297
-0.3828 -0.00390744938050476 0.00200798683459512 -5.55678065148812 289.558626373435 70543803.7076727 -19132849.8658517
-0.38285 0.00196489463564166 -0.00196132677958443 -5.55618406313095 289.535168934488 70544355.4258385 -19132789.8678484
-0.3829 0.000287200969887458 -0.00203776990336156 -5.55495808759799 289.51171149554 70544471.4060574 -19132803.1168306
-0.38295 -0.00190893512092841 0.00208066295655683 -5.55493585200582 289.488254056592 70545060.7835759 -19132858.3563907
-0.383 -0.000449442397229662 0.00247666022713284 -5.55734851261832 289.464796617644 70544768.9890114 -19132826.1294924
-0.38305 0.00302284467442554 -0.00485625611999431 -5.55590755135529 289.441339178696 70544363.8608845 -19132822.5220143
-0.3831 -0.00185222753535401 0.00220986125373329 -5.5524912581768 289.417881739748 70545849.7209789 -19132766.6918619
-0.38315 -0.00180557927318313 -0.000760917030145618 -5.55338748127226 289.3944243008 70544960.4200371 -19132890.7856665
-0.3832 0.00365915333439372 -0.00107477701586371 -5.55127638521822 289.370966861852 70546471.4119112 -19132774.1209621
-0.38325 -0.00364224176331293 -0.00203634435285208 -5.5549304992583 289.347509422904 70543774.4789844 -19132736.5768622
-0.3833 0.00254688073361461 0.00418877281734044 -5.5501679434438 289.324051983956 70547763.7201407 -19132741.5055884
-0.38335 -0.00293284452120658 -0.00479114668044071 -5.55716587969143 289.300594545008 70542936.606045 -19132786.0383331
-0.3834 0.0033911649497587 0.00550519499697379 -5.54804403711056 289.27713710606 70549073.2269742 -19132684.9950057
-0.38345 -0.0056916791355531 -0.00385721856177723 -5.55493418411853 289.253679667112 70543129.1173267 -19132758.6421921
-0.3835 0.00582386071151898 0.0027558987592804 -5.54810741046224 289.230222228164 70548653.3942955 -19132725.8190935
-0.38355 -0.00499828576418975 -0.00243573897834703 -5.55591402721783 289.206764789216 70543612.2855583 -19132757.5452623
-0.3836 0.00300065474623417 0.00493128627241772 -5.5522155013156 289.183307350268 70548071.2441495 -19132704.5298519
-0.38365 -0.00151696460214618 -0.00483716891624468 -5.55716501013402 289.15984991132 70543705.336997 -19132731.3492636
-0.3837 0.00323221920438853 0.00186693610482691 -5.55199217131581 289.136392472372 70547690.2090351 -19132658.7606682
-0.38375 -0.00446802227121515 0.000116022941364776 -5.55413609782115 289.112935033424 70544855.1892152 -19132726.8805903
-0.3838 0.00498562061155015 0.000124223111969286 -5.55283372617435 289.089477594477 70547262.197232 -19132636.3293737
-0.38385 -0.00483813856711918 0.000676644174837333 -5.55672449148758 289.066020155529 70544816.4817939 -19132655.0968117
-0.3839 0.00242619479376504 0.00117778880954249 -5.55384208053175 289.042562716581 70547187.2115633 -19132546.5788013
-0.38395 0.000145574926252106 -0.00460098516310798 -5.55693798719719 289.019105277633 70544722.0801469 -19132596.762329
-0.384 0.00173339185220866 0.00296151624578592 -5.55422459997467 288.995647838685 70547482.1111564 -19132587.1264045
-0.38405 -0.00323092553605373 -4.62208422337505e-05 -5.55710757851176 288.972190399737 70545114.1297956 -19132620.5411925
-0.3841 0.00243011008999064 -0.000440623405253148 -5.55569173960507 288.948732960789 70547105.0012257 -19132526.5816008
-0.38415 -0.000502124426547936 -0.00284940253171181 -5.55855102930535 288.925275521841 70545041.7769497 -19132588.1153988
-0.3842 -0.00213604417188633 0.00492141996974881 -5.55644413064712 288.901818082893 70546665.0417572 -19132554.8470015
-0.38425 -0.000949065141104325 -0.00356863784516831 -5.559280758687 288.878360643945 70544836.6471887 -19132500.7957977
-0.3843 0.00326659488424942 0.000193042192242039 -5.55656318227654 288.854903204997 70547245.4948597 -19132466.3576729
-0.38435 -0.00494483341908149 -0.000389062987139815 -5.56150449102631 288.831445766049 70544214.8486498 -19132589.4924139
-0.3844 0.00328283030204889 0.00210685244111634 -5.55837572048878 288.807988327101 70547210.5228129 -19132512.9948474
-0.38445 -0.00023568590129805 -0.00493036065830943 -5.56297765346599 288.784530888153 70543897.1594367 -19132563.19373
-0.3845 -0.000400083251236104 0.00269601772923023 -5.55926053178219 288.761073449205 70546513.8859369 -19132579.478295
-0.38455 -0.00138558400136072 -0.000589412420382226 -5.55998890148157 288.737616010257 70545248.8673904 -19132538.1473305
-0.3846 -0.00106088042546249 0.000856044585752127 -5.55910582091794 288.714158571309 70546135.9008583 -19132409.904139
-0.38465 0.000912669927277146 -0.00347959180605593 -5.56031691083489 288.690701132361 70544565.2785884 -19132526.2719067
-0.3847 0.00162571310454684 0.00227673591565202 -5.55730872295958 288.667243693414 70546877.4913962 -19132541.5717711
-0.38475 -0.00334712983241374 -0.00333505514838908 -5.56154446195174 288.643786254466 70543963.4389439 -19132605.7779119
-0.3848 0.00336618480474574 0.00440417155880725 -5.55736452464912 288.620328815518 70548026.8248576 -19132548.8284681
-0.38485 -0.00220333810021987 -0.00401348145188339 -5.55988229854056 288.59687137657 70544558.2475728 -19132426.3178647
-0.3849 0.00331121026223874 0.00306940045376437 -5.55572852266492 288.573413937622 70547904.6164719 -19132537.6447397
-0.38495 -0.00440097398813566 -0.00253466685482035 -5.55847018290218 288.549956498674 70544860.8558149 -19132494.1619453
-0.385 0.00291981184292491 0.00249607164180995 -5.55404511329312 288.526499059726 70548338.358631 -19132554.7614614
-0.38505 -0.00115309688429914 -0.0030129182631552 -5.55633441267306 288.503041620778 70545574.9031238 -19132498.1407201
-0.3851 0.00169001906092609 0.00239979787603825 -5.5533644079337 288.47958418183 70547666.3880842 -19132533.3080687
-0.38515 -0.00246768967878567 -0.00037453740991268 -5.55726560901325 288.456126742882 70545327.2716603 -19132592.2661532
-0.3852 0.00244786830543552 0.00229429081328385 -5.55368611170842 288.432669303934 70547786.1255989 -19132537.3487517
-0.38525 -0.000896587345336763 -0.00381150695495843 -5.55626054691859 288.409211864986 70545355.1670712 -19132500.0192198
-0.3853 0.00187507702597328 0.00378539987190267 -5.55417791964338 288.385754426038 70547944.3821756 -19132609.2585019
-0.38535 -0.00314182901145198 -0.00119925315721532 -5.55572035172832 288.36229698709 70545211.4040874 -19132566.4894302
-0.3854 0.00334699863206699 -0.000203183779206969 -5.5515093489157 288.338839548142 70547548.0255175 -19132604.3116317
-0.38545 -0.000686217299014125 0.000450805383783173 -5.55257047471666 288.315382109194 70546699.8452445 -19132658.7277381
-0.3855 -0.00292388970931871 0.00273907521731663 -5.55308834819342 288.291924670246 70546222.4209215 -19132571.8146154
-0.38555 0.00351813041623106 -0.0048580324633477 -5.55412097801158 288.268467231298 70546397.1093835 -19132497.9117695
-0.3856 -0.000823677936160047 0.00172127893546477 -5.55213416239891 288.245009792351 70546940.8918248 -19132599.6458658
-0.38565 -0.00260313144600489 3.09095641172313e-05 -5.55371780687236 288.221552353403 70545864.0521096 -19132585.3473877
-0.3857 0.00194290238905507 2.70735588204e-05 -5.55118452303959 288.198094914455 70547186.3860743 -19132639.8085762
-0.38575 6.20835374825383e-06 -8.24832648506891e-05 -5.55111402742821 288.174637475507 70546751.3331818 -19132713.8677444
-0.3858 -0.000439664124556952 0.00117724690504416 -5.55036702120895 288.151180036559 70547142.7528608 -19132702.4998529
-0.38585 0.000846153293804617 -0.000804808321579328 -5.54946173856286 288.127722597611 70547103.3542642 -19132698.8369884
-0.3859 0.000670912661132946 -0.00183617732978361 -5.55106806430715 288.104265158663 70546797.8814407 -19132652.7608687
-0.38595 -0.00098850321950659 0.00126599707428791 -5.54950617971826 288.080807719715 70547304.7705733 -19132598.8768563
-0.386 -0.00150701425219652 0.000358938674409076 -5.55053307271865 288.057350280767 70546464.62741 -19132671.274072
-0.38605 0.000537025893356512 -0.00106954181384121 -5.55137995851535 288.033892841819 70546329.429043 -19132756.7268988
-0.3861 0.00313373898359795 0.000717843991895766 -5.54817377702665 288.010435402871 70548313.6306612 -19132726.1502917
-0.38615 -0.00238829847179491 0.00035234884035851 -5.54986293206286 287.986977963923 70546619.533156 -19132716.0491823
-0.3862 0.00201671935266049 0.000437910826044583 -5.54972458091708 287.963520524975 70547314.0572673 -19132775.8521015
-0.38625 -0.000224199466240993 -0.000605382831435958 -5.55169590504134 287.940063086027 70546099.7604654 -19132752.8493107
-0.3863 0.0034116830295661 0.000208184247400031 -5.54952484437843 287.916605647079 70547647.785084 -19132844.5276542
-0.38635 -0.00308790107012928 0.00165390468780241 -5.55225483973769 287.893148208131 70546036.1976811 -19132757.9067275
-0.3864 0.00169964417888105 -0.00016706281592709 -5.55062692788859 287.869690769183 70546799.3814434 -19132832.5385332
-0.38645 0.00108903287719815 -0.00130067080563615 -5.55034779908187 287.846233330235 70546814.4035339 -19132757.8658464
-0.3865 -0.000307416755250821 0.000498147323474787 -5.54766343770764 287.822775891287 70547517.2347711 -19132756.3615073
-0.38655 -0.00192123831312438 0.000688480477868048 -5.54940270477925 287.79931845234 70546840.9585558 -19132683.593014
-0.3866 0.00228972264201035 -0.00253531491454485 -5.54741451308572 287.775861013392 70547460.7494704 -19132724.9603867
-0.38665 -0.000840313715078856 0.000759488366457463 -5.54898592261113 287.752403574444 70547095.2433825 -19132800.5808202
-0.3867 -0.00226116846389504 0.00234658629704203 -5.5475624538286 287.728946135496 70547234.4564695 -19132828.6066032
-0.38675 0.00464532116177597 -0.00297342173212988 -5.54964230111544 287.705488696548 70547487.8111862 -19132711.4355976
-0.3868 -0.00192630751990481 3.4388794041749e-05 -5.54828862167573 287.6820312576 70546710.6322963 -19132798.9348547
-0.38685 -0.000143943932298592 0.00175043748436746 -5.54945049091162 287.658573818652 70547389.0825432 -19132798.6165319
-0.3869 0.000374002683443805 -0.00161053183370625 -5.54898476178751 287.635116379704 70547081.6497941 -19132703.0255456
-0.38695 -0.000147519826447201 0.0011064579679392 -5.54798194098526 287.611658940756 70547407.4126047 -19132808.5098606
-0.387 -0.000412796706072706 -6.74493052665987e-05 -5.5490780183817 287.588201501808 70546808.0913874 -19132790.4636041
-0.38705 -0.000543239345403518 -0.000988197684164585 -5.54901669579295 287.56474406286 70546936.1407182 -19132750.400564
-0.3871 0.000989326329672772 0.000453464830114366 -5.54681783962215 287.541286623912 70548190.1622823 -19132822.8767639
-0.38715 -0.000570691679471766 -0.00103248735015629 -5.54931883522448 287.517829184964 70546530.2116327 -19132806.7710095
-0.3872 0.00155032016235863 -0.000752476474528128 -5.5467599651195 287.494371746016 70548223.9899169 -19132851.4517745
-0.38725 -0.0028126007924514 -0.00112142249469496 -5.54897326542666 287.470914307068 70546436.0734674 -19132760.1304539
-0.3873 0.00164582022375966 0.00230795709639598 -5.54503438731538 287.44745686812 70548764.7991579 -19132874.7620913
-0.38735 2.61730009111622e-05 -0.004341734989665 -5.54695457577019 287.423999429172 70546618.7202424 -19132737.5909607
-0.3874 0.00035049343753212 0.00395611425360589 -5.54592502903495 287.400541990224 70548473.2005869 -19132832.188198
-0.38745 -0.00129468132813284 -0.00238183779226349 -5.54618553898197 287.377084551277 70546831.8915137 -19132808.1425539
-0.3875 -0.000304763892863286 0.00224863391438963 -5.54525046466586 287.353627112329 70548263.4838877 -19132898.1568396
-0.38755 -0.000844793057223879 -0.00275599618098793 -5.54680480148383 287.330169673381 70546744.2505863 -19132816.4828091
-0.3876 0.000745208182789257 0.000908308264672621 -5.54376026074528 287.306712234433 70548456.9387631 -19132821.144648
-0.38765 -0.00187433697058813 -0.0019931507654614 -5.54464630043703 287.283254795485 70547078.6494277 -19132849.4079675
-0.3877 0.00167754185158925 0.000504711170140036 -5.54322152432405 287.259797356537 70548435.3226518 -19132780.2946634
-0.38775 -0.00271796616587473 0.000460219701443834 -5.54557382041473 287.236339917589 70546995.7279924 -19132821.3913648
-0.3878 0.00124964699613128 -0.00122478273094205 -5.54498382832355 287.212882478641 70547933.8958759 -19132770.6012451
-0.38785 0.000701138378522777 -0.00226756869068777 -5.54564495669731 287.189425039693 70547352.1325783 -19132784.4168701
-0.3879 -0.000330560402986799 0.00265745107202061 -5.54457362715312 287.165967600745 70548655.4451115 -19132773.3240822
-0.38795 -0.000978535629320972 6.43092365892568e-05 -5.54677815105764 287.142510161797 70547547.3114882 -19132858.6542537
-0.388 0.00217953194637522 -0.00144662133386869 -5.54716860596031 287.119052722849 70547838.3195947 -19132791.0910756
-0.38805 -0.000750538964807486 0.000292672032703881 -5.54819749364641 287.095595283901 70547262.6296843 -19132786.6800815
-0.3881 -0.00306319594356102 0.00173783248028535 -5.55097429844918 287.072137844953 70546493.2072693 -19132746.93922
-0.38815 0.00384253465389018 -0.00299374841867095 -5.55072243415867 287.048680406005 70546893.6078612 -19132743.9368361
-0.3882 -0.00184864989329825 -0.000256942932374842 -5.55165079677557 287.025222967057 70546166.5714852 -19132792.4772153
-0.38825 -0.00148599555096514 0.00538639496850982 -5.54796780359772 287.001765528109 70548283.4029714 -19132745.471313
-0.3883 -0.000189690326559127 -0.00566412323575018 -5.55048483722958 286.978308089161 70545618.1925732 -19132721.524093
-0.38835 0.00183650732613657 0.00150913211671531 -5.54870605370743 286.954850650213 70547915.1734107 -19132721.4160319
-0.3884 -0.00307491281459622 0.00094235566780682 -5.54976696313731 286.931393211266 70546456.7152819 -19132757.4431828
-0.38845 0.00146868405494686 -0.000595363497234924 -5.54818134105828 286.907935772318 70547605.2066316 -19132709.4332746
-0.3885 -0.000912130414637068 0.000367567061484061 -5.54919749565015 286.88447833337 70547176.9761832 -19132751.540762
-0.38855 0.000769456853291049 -0.00136050451937716 -5.54743824883104 286.861020894422 70547122.1362035 -19132749.5628721
-0.3886 -0.000214434869229425 0.00027779932975914 -5.54824918648726 286.837563455474 70547235.5478725 -19132768.5843861
-0.38865 -0.00316252897624345 8.7771901179671e-05 -5.54949258375002 286.814106016526 70546161.162815 -19132730.8066724
-0.3887 0.00349771333923492 -0.00180887319869785 -5.54792766478315 286.790648577578 70547564.5693763 -19132706.1313061
-0.38875 -0.00195452281735967 -0.00058170587043589 -5.54878653476553 286.76719113863 70546222.0841243 -19132759.8159798
-0.3888 -0.000419788828210474 0.00338647887225204 -5.54552826715097 286.743733699682 70548203.970895 -19132821.7134665
-0.38885 -0.0013951436552874 -0.00209146659784575 -5.54875380551108 286.720276260734 70546347.1940474 -19132827.9563761
-0.3889 0.00305540286966367 0.000322339350308297 -5.54649992686059 286.696818821786 70548152.7269414 -19132792.3694661
-0.38895 -0.00302668984068811 0.00072863962283177 -5.54976782140175 286.673361382838 70546227.9619997 -19132797.4421977
-0.389 0.00252837521174231 0.000314878902359959 -5.54781457829921 286.64990394389 70547933.2872217 -19132801.7637535
-0.38905 -0.00224330251407684 -0.00456911506583015 -5.55456711403168 286.626446504942 70544926.455895 -19132698.7381292
-0.3891 0.00073568681352707 0.00463096830577427 -5.55029698833821 286.602989065994 70548179.7021498 -19132746.6495372
-0.38915 -0.00283913064136887 -0.0024739350866235 -5.55367792468661 286.579531627046 70545229.7259068 -19132751.0086461
-0.3892 0.00455024898795887 0.000332339982681702 -5.55089577027236 286.556074188098 70548101.2001963 -19132851.2384321
-0.38925 -0.00300014764569793 -0.00163702213039303 -5.55425676525049 286.53261674915 70545091.8132287 -19132756.0314661
-0.3893 0.000380356147503591 0.00278063663458812 -5.55387743065094 286.509159310203 70547025.7353344 -19132707.4970455
-0.38935 0.00126047368287579 -0.00398725501960803 -5.55520707291756 286.485701871255 70545352.4092897 -19132858.8726643
-0.3894 0.00155227197705551 0.000822377130688441 -5.55320176790354 286.462244432307 70547148.3092959 -19132663.9623252
-0.38945 -0.00512759037931767 0.00234583578920037 -5.55473453868599 286.438786993359 70545133.6314025 -19132714.2211702
-0.3895 0.00321895711334764 -0.00149044308138135 -5.55407520059652 286.415329554411 70547030.3537396 -19132659.3993792
-0.38955 -0.00126921601966385 -0.00227635748729534 -5.55647585422735 286.391872115463 70545230.1367689 -19132699.6281761
-0.3896 0.000581310200883023 0.00367717508878064 -5.55464334483372 286.368414676515 70547059.9527245 -19132707.0838893
-0.38965 -0.00215932970839178 -0.0025789777471555 -5.55618117577577 286.344957237567 70545055.7361704 -19132791.8119273
-0.3897 0.00254750509919581 0.000848369292971143 -5.55474301362873 286.321499798619 70547127.1477422 -19132805.429463
-0.38975 -0.00227965945264469 -0.00243908314225676 -5.55593028858168 286.298042359671 70544956.2540253 -19132751.1903887
-0.3898 0.00147009458821324 0.00249728300727813 -5.55112600214387 286.274584920723 70547590.2632947 -19132834.6001531
-0.38985 -0.00153012145860198 -0.00237225115633473 -5.55415221835088 286.251127481775 70545554.7580604 -19132774.582975
-0.3899 0.00230366801488136 0.00160026032936413 -5.5500984916986 286.227670042827 70547917.7620621 -19132817.5945168
-0.38995 -0.00358517063386082 -0.000788867755939288 -5.55526645707033 286.204212603879 70545193.2036919 -19132764.5136518
-0.39 0.00182301348033055 0.00286306150094192 -5.5525689148224 286.180755164931 70547607.4683277 -19132852.8721241
-0.39005 -0.000437472069939516 -0.00455762730082144 -5.55651959526324 286.157297725983 70545259.849754 -19132630.2770173
-0.3901 -0.000612918747212801 0.00266694696872711 -5.55195493173068 286.133840287035 70547478.8585069 -19132753.7506964
-0.39015 -0.000420438482778308 0.000132902957115729 -5.55297994596211 286.110382848087 70546598.6551831 -19132776.8920009
-0.3902 0.0008537492464255 -0.00125203839325554 -5.55342457529987 286.08692540914 70546232.8379533 -19132714.8137371
-0.39025 -0.000758950115480719 -0.00178039294531656 -5.55437905826409 286.063467970192 70546241.8964472 -19132683.2924442
-0.3903 0.000814662982930548 0.00223064680041539 -5.55326010779378 286.040010531244 70547351.8501069 -19132721.5763448
-0.39035 -0.000298034775270936 -0.0015455064121649 -5.55743458946294 286.016553092296 70545552.7322247 -19132698.6662048
-0.3904 0.000271813179445331 0.00151659689139006 -5.55502254176146 285.993095653348 70546739.923616 -19132753.1605884
-0.39045 0.000818564773746812 -0.0032850124533337 -5.5569197687234 285.9696382144 70545567.0953825 -19132723.2224196
-0.3905 0.000786765360332649 0.0013667695350705 -5.5557835861899 285.946180775452 70546557.6633786 -19132799.4282355
-0.39055 -0.000591824159623944 -0.000112205509940427 -5.55646697744513 285.922723336504 70545428.035812 -19132826.6284989
-0.3906 7.20986810606769e-05 0.00165172579341142 -5.55331781568086 285.899265897556 70546898.6346985 -19132762.3825114
-0.39065 0.00038882489447656 -0.00311819214995362 -5.55903754384538 285.875808458608 70544409.8459621 -19132799.6228388
-0.3907 -0.00227180598950612 0.00388116003955787 -5.55525700047328 285.85235101966 70546133.8911242 -19132774.0712091
-0.39075 4.9699433400525e-05 -0.000582088155913826 -5.5566231425408 285.828893580712 70545587.7832708 -19132743.848582
-0.3908 0.00170898433950862 -0.00414762389725676 -5.55807157595112 285.805436141764 70544673.587338 -19132720.0486379
-0.39085 -0.000808512534448423 0.00546697021080006 -5.55412479834525 285.781978702816 70546840.928284 -19132840.3407909
-0.3909 -0.00116336614724619 -0.00411652794994803 -5.55796968051364 285.758521263868 70544226.6056728 -19132702.5054424
-0.39095 0.00302598034759775 0.00250948960519502 -5.55583559527374 285.73506382492 70546815.1877318 -19132669.9492101
-0.391 -0.00221244395940518 -0.00208603165791076 -5.56013758334975 285.711606385972 70543624.7959258 -19132812.3622844
-0.39105 0.000875102051607921 0.00390072460536928 -5.55853430263186 285.688148947024 70545899.8405332 -19132703.9965021
-0.3911 -0.00207766493177114 -0.00380476836933981 -5.56193798374574 285.664691508077 70543124.1230561 -19132757.5551034
-0.39115 0.00318323800765883 0.00172948885057902 -5.55889206786012 285.641234069129 70546287.6980503 -19132644.8661296
-0.3912 -0.00365305818007765 -0.00248238262377847 -5.56440599220025 285.617776630181 70543081.3084342 -19132661.742035
-0.39125 0.00415043706646167 0.00169809463450167 -5.55972550050286 285.594319191233 70546377.7939892 -19132735.7829646
-0.3913 -0.00340150563959603 -0.00100166282158717 -5.56437419254724 285.570861752285 70543387.0240601 -19132652.1584148
-0.39135 0.00161698680948164 0.00026997396863333 -5.56268588006455 285.547404313337 70544711.3050532 -19132676.3745537
-0.3914 -0.00137929000903152 -0.00136652048298673 -5.56480976292191 285.523946874389 70543506.696376 -19132720.3727148
-0.39145 0.00119763525950393 0.000348915599759895 -5.56353735687665 285.500489435441 70544942.8145939 -19132665.0762857
-0.3915 -0.000705541040946356 -0.000607096136957456 -5.56516535602223 285.477031996493 70543520.1651379 -19132713.2085014
-0.39155 0.00029685901389534 0.0023835463098523 -5.56449472527476 285.453574557545 70544799.5371353 -19132637.0014317
-0.3916 -6.3089901254071e-05 -0.00228787555296228 -5.56739857942576 285.430117118597 70542909.1386307 -19132701.2486459
-0.39165 0.00167959372474611 0.00284952736083429 -5.56485396922718 285.406659679649 70545149.4046505 -19132692.8937643
-0.3917 -0.0014893683894389 -0.00256146588372294 -5.56670770881903 285.383202240701 70543352.2213382 -19132638.8561411
-0.39175 -8.21706076433136e-05 0.00262207233569653 -5.56483427935129 285.359744801753 70544979.8045297 -19132617.539779
-0.3918 -0.000288567794396312 -0.00255847635147806 -5.56769095158687 285.336287362805 70543202.3180015 -19132573.8769712
-0.39185 -0.00118676718512076 0.00041163569701089 -5.56830306791293 285.312829923857 70543524.6278596 -19132559.2915973
-0.3919 -0.0012951319626324 0.0030918953157751 -5.56707661601353 285.289372484909 70543856.7372799 -19132585.7214265
-0.39195 0.00177560473677077 -0.00253751301175259 -5.56886824612932 285.265915045961 70543122.5241783 -19132628.2016097
-0.392 -0.00024478714477273 0.00122297760931356 -5.5687753661681 285.242457607014 70543734.2052905 -19132594.8262182
-0.39205 -0.000774001393435337 0.000614919130056104 -5.56874743688138 285.219000168066 70543215.2701957 -19132546.6887066
-0.3921 0.00265568000203592 -0.00178231371655026 -5.56942159940347 285.195542729118 70543358.5260617 -19132547.1449456
-0.39215 -0.00335147943604117 0.00098871038360309 -5.57118831473628 285.17208529017 70542472.6193832 -19132429.6271426
-0.3922 0.00173212243878874 0.000893995667261448 -5.56899659467512 285.148627851222 70543875.9895354 -19132451.2628927
-0.39225 -0.00264062580915027 -0.00189737269649263 -5.57097083494899 285.125170412274 70542115.4132233 -19132474.2995919
-0.3923 0.00332168977831176 0.0012515795729901 -5.5671307626031 285.101712973326 70544869.8037093 -19132528.8674594
-0.39235 -0.00280866043748725 -0.00115153185250947 -5.57277263762785 285.078255534378 70541630.387937 -19132465.863397
-0.3924 0.000115924169100158 0.00315458085086456 -5.5691077686786 285.05479809543 70544610.4926261 -19132393.5109071
-0.39245 0.00078799845901306 -0.00455813099082752 -5.57262989922814 285.031340656482 70542044.3951471 -19132459.2442571
-0.3925 -2.48382137480359e-05 0.00327651272720941 -5.57019706787777 285.007883217534 70544342.6229858 -19132356.7180037
-0.39255 -0.00400095387968529 -0.00030981435384767 -5.5729013448324 284.984425778586 70541770.3590907 -19132402.4960007
-0.3926 0.00419905261314979 -0.00119917041873435 -5.57097364522548 284.960968339638 70543772.0658019 -19132437.5742184
-0.39265 -0.00217930562850599 -0.00437772277250169 -5.57390456571114 284.93751090069 70541222.8315261 -19132376.7702414
-0.3927 -0.00135409492105375 0.00602500909810063 -5.56907646462488 284.914053461742 70544252.2889619 -19132449.8012621
-0.39275 0.000500320734964926 -0.00349815796153791 -5.57256954049819 284.890596022794 70542032.0552155 -19132443.5386863
-0.3928 0.00261074305004799 0.00102870485049551 -5.56986806604152 284.867138583846 70544411.6471169 -19132386.3926275
-0.39285 -0.00372498034408954 -0.00251574787604301 -5.57665295762917 284.843681144898 70540862.7383793 -19132448.6756026
-0.3929 0.00173493220318387 0.00366399582219646 -5.573631490223 284.820223705951 70544010.7092875 -19132382.4570516
-0.39295 -0.000746463627047604 -0.00281276781158467 -5.57958634890606 284.796766267003 70541124.0173346 -19132384.4931642
-0.393 0.000530441589715032 0.000402296641134307 -5.57907262469456 284.773308828055 70542364.0523307 -19132290.0744527
-0.39305 -0.000812289894220198 -0.000415046341051942 -5.58032082924671 284.749851389107 70541009.2550821 -19132353.9423566
-0.3931 0.00134260176693696 0.000701490853138899 -5.57979426795282 284.726393950159 70542023.1659806 -19132383.1251688
-0.39315 -0.000166954746426821 -0.00191496169060951 -5.58060087698788 284.702936511211 70541093.7247186 -19132372.1698166
-0.3932 0.000735423744503042 0.00097740793660925 -5.57984042401422 284.679479072263 70542201.1613587 -19132315.4760712
-0.39325 -0.00437684648273595 -0.000393584033556844 -5.58456924223752 284.656021633315 70540326.6951018 -19132248.7569179
-0.3933 0.00463124945910889 5.29103970169978e-05 -5.58226103268892 284.632564194367 70542340.7935306 -19132312.8057327
-0.39335 -0.00275786327672808 -0.000750080158621809 -5.5855686254725 284.609106755419 70540012.6780246 -19132366.4915429
-0.3934 0.00101430651984216 0.003612595174305 -5.58279811642449 284.585649316471 70542633.4994695 -19132195.0263664
-0.39345 0.000433105301626134 -0.00421354139354831 -5.58781609404486 284.562191877523 70539972.5204629 -19132327.5074915
-0.3935 -0.00040277013536048 0.00292324066354364 -5.58601419046034 284.538734438575 70541778.6824608 -19132224.8852766
-0.39355 -0.00223889247301684 -0.00192366901381295 -5.58765106897518 284.515276999627 70539847.5596295 -19132259.8944136
-0.3936 0.00347948706243555 -0.000317394635060153 -5.588487546975 284.491819560679 70541304.7825958 -19132184.9222401
-0.39365 0.000554887027066706 -0.00139944559150896 -5.59044685639032 284.468362121731 70539730.8432803 -19132220.0821052
-0.3937 -0.00036208885940546 6.45573961567369e-06 -5.58934298627561 284.444904682783 70540557.5760421 -19132170.3054054
-0.39375 -0.0010780324965336 -6.42012738212202e-05 -5.58988008305735 284.421447243835 70539928.9272455 -19132165.0589899
-0.3938 0.00186710019623535 -0.00212154291156395 -5.59122083165453 284.397989804887 70540526.7456254 -19132041.6927429
-0.39385 -0.00346602740494283 0.00133391858198736 -5.59342275925167 284.37453236594 70539104.068357 -19132098.9843847
-0.3939 0.000494371403349964 4.8309159168246e-05 -5.59323326184519 284.351074926992 70539637.8575208 -19132078.8403228
-0.39395 0.00195920088796501 -0.00240656571301845 -5.59442703716541 284.327617488044 70539355.1161975 -19132164.4583392
-0.394 -0.00154638578196931 0.00136365036114644 -5.59404236421527 284.304160049096 70539496.4465688 -19132140.4768614
-0.39405 -0.000999729040011291 0.00139733543068764 -5.59581685249091 284.280702610148 70539239.0453084 -19132126.3671467
-0.3941 0.00269742239930803 -0.000838440071846177 -5.59551752566516 284.2572451712 70540047.4972273 -19132115.683419
-0.39415 -0.00104195385121415 -0.00109318937535187 -5.59586371776092 284.233787732252 70538909.1174234 -19132091.1846804
-0.3942 -0.000327744796978422 0.00347925475414985 -5.59397829096045 284.210330293304 70540346.5290878 -19132134.0400861
-0.39425 0.000665557288391908 -0.00487761131881619 -5.59813187253332 284.186872854356 70537777.7424499 -19132143.9912811
-0.3943 0.00318057499288397 0.0018746086537794 -5.59445743379939 284.163415415408 70540912.1032466 -19132096.0029931
-0.39435 -0.00531949507711339 1.90328964184824e-05 -5.59761152505699 284.13995797646 70537728.6662691 -19132111.5715187
-0.3944 0.0054480216111299 0.00283292202199279 -5.59269816670034 284.116500537512 70542000.2547088 -19132073.5327374
-0.39445 -0.00348982338076777 -0.00518444318979634 -5.60040371970662 284.093043098564 70536943.4834847 -19132057.3608197
-0.3945 0.00162905161980431 0.00523586163446474 -5.59602076750516 284.069585659616 70541121.6569402 -19131990.0529817
-0.39455 -0.00345701208109252 -0.00526884651371306 -5.60150862824319 284.046128220668 70537162.8774838 -19132000.7501189
-0.3946 0.00440066581679802 0.00290618167129147 -5.59603119166937 284.02267078172 70541344.1280507 -19132003.780395
-0.39465 -0.00415411337725813 -0.00304764855861901 -5.60255646550677 283.999213342772 70536993.5879821 -19132013.609602
-0.3947 0.00454728123703579 0.00269987469500071 -5.5969140090758 283.975755903824 70540892.7501098 -19132040.6366795
-0.39475 -0.00516158922790115 -0.00176170391467476 -5.60262232967786 283.952298464877 70536882.4592676 -19131935.0954898
-0.3948 0.00396548400066356 0.000973068452731611 -5.59884690982815 283.928841025929 70540368.5975279 -19132016.1491303
-0.39485 -0.00195499281848978 -0.000831027536452468 -5.60131443015544 283.905383586981 70537864.7398006 -19132071.4537495
-0.3949 -0.000160117655795283 0.00178372544164457 -5.59975637903088 283.881926148033 70539168.1279564 -19132014.0925615
-0.39495 0.000937645893470071 -0.00121838506283722 -5.59990216123711 283.858468709085 70538379.8337189 -19132072.3231245
-0.395 -0.000606497955113439 0.00147713356672814 -5.60104301961582 283.835011270137 70538804.9155251 -19131996.913909
-0.39505 -0.00062691794188605 -0.00316739458080646 -5.60204860600752 283.811553831189 70537567.9961712 -19131938.928901
-0.3951 0.00153638553318364 0.00165799855402672 -5.59811632482511 283.788096392241 70539704.1651143 -19132020.740073
-0.39515 -0.00178807316546811 0.000407146706707007 -5.60158907813732 283.764638953293 70538102.7568019 -19131952.9301778
-0.3952 0.00248960926120229 0.000379199563769895 -5.59952996597863 283.741181514345 70539907.9973529 -19131958.3612919
-0.39525 -0.00193143322512054 -0.00167171318993671 -5.60361270698044 283.717724075397 70537475.0648547 -19131989.2196014
-0.3953 0.000409535225705761 0.004044586583224 -5.59947554171156 283.694266636449 70540110.7951105 -19131936.8132112
-0.39535 -0.00190670032200447 -0.00359318647644875 -5.60411978869922 283.670809197501 70537141.9997315 -19131921.2797421
-0.3954 0.00196364538801514 0.00235993906680082 -5.59879931056192 283.647351758553 70540231.3268377 -19131889.5743445
-0.39545 -0.00176461751048454 -0.00302679789354722 -5.60237887743076 283.623894319605 70537887.7294302 -19131805.9978791
-0.3955 0.00192517258131419 0.00247621968478733 -5.59908297307068 283.600436880657 70540165.19071 -19131885.6528582
-0.39555 -0.00325820541131191 -0.00166954875446795 -5.60409528168014 283.576979441709 70537311.8770954 -19131839.5993998
-0.3956 0.006788125169703 -0.000677481328154657 -5.59843360536196 283.553522002761 70541025.9953153 -19131871.8449738
-0.39565 -0.00635353642767972 0.00247867261930887 -5.60334699963457 283.530064563813 70537882.8671636 -19131941.3052098
-0.3957 0.00284890058144923 -0.000777172536893058 -5.60192607595892 283.506607124866 70539692.0941632 -19131844.7247668
-0.39575 3.42794251980897e-05 -0.0017406979632007 -5.60276040602805 283.483149685918 70538816.0703359 -19131786.5441274
-0.3958 -9.40062593982903e-05 -0.00043172863876073 -5.60288281771856 283.45969224697 70538712.4911987 -19131864.4533015
-0.39585 -0.000981308901364149 0.00278082209878584 -5.60283551138918 283.436234808022 70539168.7859286 -19131820.6938969
-0.3959 0.00106551871196879 -0.00303317875295007 -5.60271160198044 283.412777369074 70538308.6968729 -19131899.4288795
-0.39595 0.00121913912396207 0.00151642318408142 -5.60202945035445 283.389319930126 70539448.8334133 -19131800.6805641
-0.396 -0.0015512430829158 0.000979426581401889 -5.60330211770672 283.365862491178 70538454.4307687 -19131867.6515347
-0.39605 0.00107986295624905 0.000369576092897786 -5.60304553556257 283.34240505223 70539068.0013742 -19131829.4265514
-0.3961 -0.00102839449323329 0.00136893911045684 -5.60304832618214 283.318947613282 70538748.8541389 -19131822.5248154
-0.39615 0.000418111738985865 -0.00139799416907705 -5.60279536905969 283.295490174334 70538561.040479 -19131889.0025152
-0.3962 0.000162589648466628 -0.000463080186836266 -5.60526425987082 283.272032735386 70538110.9582457 -19131795.3905196
-0.39625 -1.38028221691375e-05 0.00199759248757709 -5.6043725661256 283.248575296438 70539257.4149458 -19131819.6098136
-0.3963 -0.00190582841478644 -0.00192179749352835 -5.60598853602798 283.22511785749 70537318.7876027 -19131781.7893516
-0.39635 0.00359119666953589 -0.0012656811333005 -5.60459568586291 283.201660418542 70539352.4474776 -19131822.4182708
-0.3964 -0.00339733729235958 0.00123950660131166 -5.60634403457459 283.178202979594 70538176.5658191 -19131767.0429229
-0.39645 0.00112647476525467 -0.000879191625362804 -5.60874462421237 283.154745540646 70537987.6772095 -19131748.2700516
-0.3965 -0.000542292999072272 -0.000735838935629926 -5.60904867073984 283.131288101698 70537180.7072409 -19131861.4282734
-0.39655 -0.00112557830267564 0.00174633499192393 -5.60917292723116 283.10783066275 70537916.957463 -19131756.3350787
-0.3966 0.000374765616788817 -0.000708141643224811 -5.6098951800937 283.084373223803 70537894.2576257 -19131752.786693
-0.39665 0.000799497852165032 -0.00188715988107359 -5.61335589773228 283.060915784855 70537063.9218597 -19131710.7686907
-0.3967 -0.00143455377680651 0.00146271384687885 -5.61298851941397 283.037458345907 70537621.336287 -19131696.2026756
-0.39675 -0.00116911465436257 0.00293378921339602 -5.61401855259555 283.014000906959 70537544.5193432 -19131693.7952457
-0.3968 0.0013595805776171 -0.00422330166719528 -5.61725796911753 282.990543468011 70536409.0026 -19131572.4932814
-0.39685 0.00033028119652468 0.00185083199904264 -5.61579360077282 282.967086029063 70537940.9134225 -19131589.8594816
-0.3969 -0.00369985979756417 -0.00123185529130979 -5.62064694034291 282.943628590115 70535787.050448 -19131480.2471544
-0.39695 0.00353097198534034 3.65182000938859e-05 -5.61831630982635 282.920171151167 70537611.2884398 -19131602.7427703
-0.397 -0.00329786584138073 -0.00142984063320161 -5.62278270889609 282.896713712219 70535242.7804119 -19131533.776419
-0.39705 -0.000355260417009812 0.0033831405890736 -5.62004086398544 282.873256273271 70537265.7847164 -19131454.5152041
-0.3971 0.000833752610292666 -0.00381822824875381 -5.62451009509317 282.849798834323 70535118.7417843 -19131485.5299207
-0.39715 -0.00153552176148439 0.00273291065724497 -5.62470818313128 282.826341395375 70536693.946614 -19131284.1431652
-0.3972 -0.000113977004887443 -0.00101395625909252 -5.62564407406767 282.802883956427 70535592.6536603 -19131357.7080533
-0.39725 0.000317221123282627 6.68410887411896e-05 -5.62733243128663 282.779426517479 70535356.8623692 -19131308.4066591
-0.3973 -0.000424905655877025 -0.000581734432258887 -5.62849517634017 282.755969078531 70535369.6094101 -19131358.5724648
-0.39735 -0.00137771350298236 0.000115860251528542 -5.63078894273883 282.732511639583 70535131.8290922 -19131224.7647779
-0.3974 -0.00167278818959306 0.000389739713694491 -5.63070199144847 282.709054200635 70534756.1423301 -19131337.9153247
-0.39745 0.00329786320558875 0.00138705588361438 -5.62922971943663 282.685596761687 70536121.1129036 -19131286.8365122
-0.3975 -0.00198236430459437 -0.00178865640062218 -5.63415987540033 282.66213932274 70533758.4155943 -19131231.2086713
-0.39755 0.00171180898542549 0.00386564326089524 -5.63146402688612 282.638681883792 70536211.8211819 -19131172.2763283
-0.3976 -0.00180516752414564 -0.00320156204070846 -5.6362146286324 282.615224444844 70533422.7617872 -19131199.1437209
-0.39765 0.00282030794985811 0.00100524709840384 -5.63400452616064 282.591767005896 70535999.9544914 -19131126.5064192
-0.3977 -0.00311523801811041 -0.00111172224628528 -5.63888061122065 282.568309566948 70533308.4995493 -19131094.9005457
-0.39775 0.00132628240590352 0.00292590511417998 -5.63706053381956 282.544852128 70535658.424239 -19131007.3350635
-0.3978 -0.00217038082909881 -0.00252393313570507 -5.64185597865598 282.521394689052 70532523.8115755 -19131039.2543183
-0.39785 0.00205307071552864 0.00164700326673693 -5.63706456755366 282.497937250104 70535825.3665283 -19131031.6098165
-0.3979 -0.00105661212007889 -0.00143736482447697 -5.6398558639438 282.474479811156 70533723.0738897 -19130996.423777
-0.39795 0.00163386018738902 -1.14548975274362e-05 -5.63958143878185 282.451022372208 70535078.1267238 -19130963.1525334
-0.398 -0.00135218972523808 -0.00182791839156294 -5.64168817911289 282.42756493326 70533501.3879508 -19130906.5009642
-0.39805 0.00210126118032536 0.00136810317454363 -5.64386811060804 282.404107494312 70534309.4258846 -19130916.5341997
-0.3981 -0.00420107036903945 -0.00110439533694717 -5.64612109261856 282.380650055364 70531866.6586003 -19130849.5322122
-0.39815 0.00352900186246702 0.00227141707809178 -5.6423853129472 282.357192616416 70535553.0373174 -19130838.4553674
-0.3982 -0.00221060837736325 -0.00392372363699053 -5.64694775343383 282.333735177468 70531928.3240712 -19130860.1407066
-0.39825 0.00152073455692456 0.00278490324384673 -5.64404777221964 282.31027773852 70535306.2204448 -19130670.3914235
-0.3983 -0.00219879444803346 -0.00179789610899739 -5.64760988630129 282.286820299572 70532578.964178 -19130799.4632967
-0.39835 0.00076608085902753 0.00105351645578987 -5.64514274465453 282.263362860624 70534479.9940685 -19130681.8411437
-0.3984 -0.000121234718240893 -0.00156674003637493 -5.64792324341952 282.239905421677 70532761.6380423 -19130713.1056967
-0.39845 -0.0012707312954892 0.00177261194366121 -5.64874786112681 282.216447982729 70533710.6915287 -19130648.2308099
-0.3985 0.000657876026459013 -0.00108097460377017 -5.65166858156181 282.192990543781 70532600.3512351 -19130708.691368
-0.39855 -0.00109104573774173 0.000617424737065243 -5.65119094802045 282.169533104833 70532799.0730179 -19130639.9516331
-0.3986 0.00200743932479963 0.000257070755074298 -5.64918342467274 282.146075665885 70533708.7109149 -19130622.6907684
-0.39865 -0.00156131852271474 -0.00150890893016624 -5.65241500592573 282.122618226937 70532035.5172702 -19130553.0101713
-0.3987 7.83303624976434e-05 0.00304509982566676 -5.65164519312178 282.099160787989 70533562.7386958 -19130496.8888033
-0.39875 -0.000125213094772426 -0.0041000945673801 -5.65457048743036 282.075703349041 70531520.6911654 -19130485.2514627
-0.3988 0.00183026112108023 0.00194261019330663 -5.6530804835183 282.052245910093 70533486.4298562 -19130413.4546765
-0.39885 -0.00474123036982283 -0.0018767124948537 -5.65606715893164 282.028788471145 70530925.3239886 -19130411.1410272
-0.3989 0.00589333592697382 0.00185486454929051 -5.65337260855633 282.005331032197 70534614.5522906 -19130414.366569
-0.39895 -0.00395403448358625 -0.00432885296883041 -5.66053565492783 281.981873593249 70529932.1388875 -19130356.9367335
-0.399 0.000723587552921395 0.00609331058635982 -5.65428853122835 281.958416154301 70534658.8218656 -19130306.1634602
-0.39905 -0.00274773606452152 -0.00383041402115254 -5.66185093076193 281.934958715353 70529991.5419269 -19130357.2146934
-0.3991 0.00435967019834232 -6.83741853415231e-05 -5.65639510442311 281.911501276405 70533596.9306755 -19130352.6952368
-0.39915 -0.00565701110062722 -0.000921207770724603 -5.66252400545367 281.888043837457 70530395.3263676 -19130312.0287836
-0.3992 0.00169344863273178 0.00404459661528747 -5.65534490533433 281.864586398509 70534623.7099451 -19130289.0930258
-0.39925 -0.00299361869913048 -0.00521787477400045 -5.66273179228498 281.841128959561 70530120.1309079 -19130304.2380252
-0.3993 0.00269583363081208 0.00451190916449929 -5.65612182329371 281.817671520614 70534750.5247529 -19130244.8241266
-0.39935 -0.00419916292889091 -0.00515546764409749 -5.66337523410684 281.794214081666 70529797.1597064 -19130238.8341405
-0.3994 0.00410782564329192 0.00370789811708412 -5.65817633742141 281.770756642718 70534306.263389 -19130178.0691013
-0.39945 -0.00465430642781947 -0.00428002427507007 -5.66463785787167 281.74729920377 70529537.4828819 -19130192.9226386
-0.3995 0.00508662402168149 0.00197671466983133 -5.6607096108589 281.723841764822 70533787.9267215 -19130146.6851627
-0.39955 -0.00453323437987393 -0.00229150061757874 -5.66776132724885 281.700384325874 70529258.9687755 -19130126.8966106
-0.3996 0.00321250168149561 0.00300735042292056 -5.66110996967975 281.676926886926 70533732.8214245 -19130069.282424
-0.39965 -0.000946113152161154 -0.00354939587499419 -5.6655393324218 281.653469447978 70530286.6745933 -19130122.1035942
-0.3997 0.00239153023201982 0.00126254569737837 -5.66386220304993 281.63001200903 70532983.0792027 -19130034.4294275
-0.39975 -0.00313383394068822 0.000145634425162196 -5.66734173483847 281.606554570082 70530703.4540702 -19130052.8102112
-0.3998 0.00185689741726453 -0.000397749941043453 -5.66535519285101 281.583097131134 70531951.4281054 -19130072.7890055
-0.39985 -0.000637769963107522 -0.000166337492867116 -5.66773204435578 281.559639692186 70530717.8641007 -19130120.483597
-0.3999 0.000596195099193032 0.00109560481078718 -5.66853256630566 281.536182253238 70531094.6533204 -19130066.0500324
-0.39995 -0.000465178107811842 0.000253695509490558 -5.66789108602243 281.51272481429 70531296.190998 -19130006.231292
-0.4 0.00186968809327598 -0.00199922010456171 -5.66890714928971 281.489267375342 70531079.9916031 -19130018.9248034
