# Fix print output for fix defprint
-5.19266676355528e-16 0.135465927978617 0.135531902602028 -0.271661596751228 656.811863142423 195000586.691682
-0.000100000000000684 -0.0181627757033855 -0.0182640272879281 -0.379320509197142 656.746181956108 194745749.624987
-0.000200000000000675 0.00546097367317199 0.0057670480051031 -0.378469441140892 656.680500769794 194775007.669608
-0.000300000000000666 -0.00419819969129755 -0.0049911773674404 -0.398438553878894 656.61481958348 194750927.405877
-0.000400000000000658 0.000929030988273007 0.00131688175325637 -0.407984598435418 656.549138397166 194751680.238072
-0.000500000000000649 -0.00200338116457745 -0.00170568026913818 -0.423146974088424 656.483457210851 194739302.870819
-0.00060000000000064 -3.88733986782385e-05 0.000194767646955237 -0.435823056157642 656.417776024537 194734842.225356
-0.000700000000000631 -0.000763213545817884 -0.00134630762048442 -0.451008800071332 656.352094838223 194725261.052079
-0.000800000000000623 -0.000416716651576175 9.67703245865597e-05 -0.464335772808573 656.286413651909 194719036.68442
-0.000900000000000614 -0.0002580953016571 -0.001227866897103 -0.478120750786965 656.220732465594 194710414.134019
-0.00100000000000061 -0.000720585971029261 6.49701793052672e-05 -0.491294422342334 656.15505127928 194703067.10753
-0.0011000000000006 -0.000141398919943668 -0.000397396269682261 -0.505004696069914 656.089370092966 194695176.21351
-0.00120000000000059 -0.000728102901297294 -0.000511293717729739 -0.518896953653708 656.023688906652 194687677.64416
-0.00130000000000058 -0.000524135074008025 -0.000603965302419583 -0.532315754033231 655.958007720337 194680213.95606
-0.00140000000000057 -0.000853887241676987 -0.000276966270714842 -0.546106596282658 655.892326534023 194672856.132104
-0.00150000000000056 -0.000539552185237848 -0.000560249553452621 -0.559692220480965 655.826645347709 194664470.693616
-0.00160000000000055 -0.000813447680165037 -0.000789042935688343 -0.57367193075401 655.760964161395 194656483.718449
-0.00170000000000054 -0.000420173641055836 -0.000716136079462714 -0.587286471194479 655.695282975081 194649281.953982
-0.00180000000000054 -0.0001530784634256 -0.000217843954631847 -0.600316218189863 655.629601788766 194642200.863719
-0.00190000000000053 -0.000513836074184114 -0.000205267779697376 -0.614595710183847 655.563920602452 194634914.529221
-0.00200000000000069 -0.000491349012782552 -0.000960792010481431 -0.628607397834628 655.498239416138 194626281.64128
-0.00210000000000068 -0.000671623756256411 -0.000276531327818213 -0.641830264352945 655.432558229823 194618587.960945
-0.00220000000000067 -0.000138082556084118 -0.000578618708191062 -0.65548623222706 655.366877043509 194611232.380685
-0.00230000000000067 -0.000696881616522689 5.94812461681617e-05 -0.669022223720846 655.301195857195 194604132.199951
-0.00240000000000066 7.65375471263156e-05 -0.000839872403126947 -0.683345553746984 655.235514670881 194596427.646221
-0.00250000000000065 -0.000311036006786615 0.000192795790973497 -0.696867221216163 655.169833484567 194588879.179917
-0.00260000000000064 -2.61690379932797e-05 -0.00101340950600171 -0.710376200823653 655.104152298252 194580252.446339
-0.00270000000000063 -0.000582174063886981 0.000358043177408826 -0.723629359567845 655.038471111938 194573823.612781
-0.00280000000000062 -0.000191901598466987 -0.000647412894714909 -0.737585953148966 654.972789925624 194565948.901047
-0.00290000000000061 -0.000108524249251644 0.000153695017394507 -0.751213604122802 654.90710873931 194558908.115637
-0.0030000000000006 -0.000213642532718276 -0.000326279379540445 -0.76513235598071 654.841427552995 194550860.758339
-0.0031000000000006 -0.000708731787511458 0.000171677062245794 -0.778624366427048 654.775746366681 194543114.917578
-0.00320000000000059 -5.61812584365277e-05 -0.000779971598735607 -0.792284987788141 654.710065180367 194535207.291506
-0.00330000000000058 -0.000486925929498825 -1.54773062133605e-05 -0.806034315454206 654.644383994053 194528200.959536
-0.00340000000000057 0.000269749687621876 -0.000216932668632691 -0.819915051581032 654.578702807738 194521199.943421
-0.00350000000000056 -0.000184878995057145 -0.000383541564507364 -0.833584520252852 654.513021621424 194513658.284317
-0.00360000000000055 -0.000161038808620511 -0.00015527331912283 -0.846902127019059 654.44734043511 194505451.25682
-0.00370000000000054 2.54338239936121e-06 -1.36500511783252e-05 -0.860947525521417 654.381659248796 194498150.314754
-0.00380000000000053 7.51967837123432e-05 -0.000391955372560935 -0.874805727927583 654.315978062481 194490601.26436
-0.00390000000000053 -0.000143292882101243 -0.000210165044577059 -0.888628187950508 654.250296876167 194482865.401404
-0.00400000000000052 -0.000202740192478731 -2.37849634480836e-05 -0.902141184016046 654.184615689853 194476026.767396
-0.00410000000000068 1.05148896979066e-05 -0.00030215366643172 -0.915003890660872 654.118934503539 194468316.113215
-0.00420000000000067 -0.000384858820772982 -0.00063135730037838 -0.928751350499498 654.053253317224 194460691.118126
-0.00430000000000066 -0.000421610275924866 0.000133104634502431 -0.942531280163354 653.98757213091 194453132.12554
-0.00440000000000066 -0.000210418176375576 -0.000213215391088804 -0.956991781649312 653.921890944596 194445538.807788
-0.00450000000000065 -9.47788300096696e-05 -0.000568223313756516 -0.970927223904356 653.856209758282 194438368.370826
-0.00460000000000064 -0.000369683654584351 0.000202108665920662 -0.984026746230114 653.790528571967 194431198.02117
-0.00470000000000063 0.000159513850626401 -0.00104479016680132 -0.99784793085466 653.724847385653 194423710.061195
-0.00480000000000062 -0.000574780149636655 6.92253551746879e-05 -1.01136874246682 653.659166199339 194415323.013307
-0.00490000000000061 -0.000179973795947517 -0.000359542737947546 -1.02544104792086 653.593485013025 194407979.720626
-0.0050000000000006 -0.000603324176846367 -0.000113312037713021 -1.0392008568304 653.527803826711 194400406.684042
-0.00510000000000059 0.000571666677975061 -0.000385414931775737 -1.05253129594558 653.462122640396 194394143.320218
-0.00520000000000059 -0.000627732322075444 -0.000247671180522212 -1.06656041364577 653.396441454082 194386257.643693
-0.00530000000000058 0.000119543357328619 -9.83022711166231e-05 -1.07997229230384 653.330760267768 194378959.885216
-0.00540000000000057 -0.000179010158241916 -0.00024654336243692 -1.09382846599352 653.265079081454 194370903.017205
-0.00550000000000056 -0.000251396593125127 -0.000428303511120937 -1.10744636496915 653.199397895139 194363554.173329
-0.00560000000000055 0.00019320488624965 -0.000393927668621739 -1.12103213202129 653.133716708825 194356432.740582
-0.00570000000000054 -0.000267038605559964 -0.000455236428166234 -1.13501856092203 653.068035522511 194348444.288914
-0.00580000000000053 -3.9507140673026e-05 0.000365667924802598 -1.1484928049414 653.002354336197 194341298.97879
-0.00590000000000052 -0.000355000804197925 -0.000522911598956468 -1.16265606930771 652.936673149882 194333263.70064
-0.00600000000000052 3.72348816593558e-05 -0.000236153866688237 -1.1761617387553 652.870991963568 194326732.949924
-0.00610000000000068 -0.000237925016751434 0.000460748960519242 -1.18990254233829 652.805310777254 194319493.549535
-0.00620000000000067 0.000112649759566737 -0.000503090938026114 -1.20380106669981 652.73962959094 194311902.935208
-0.00630000000000066 -0.000269353929433664 0.000239211085518965 -1.21721870977566 652.673948404625 194304849.429914
-0.00640000000000065 -0.000382168632244274 -0.000271695805259608 -1.23105454574133 652.608267218311 194296682.022153
-0.00650000000000065 -0.000179602536777613 -2.61183455796741e-05 -1.24475118670088 652.542586031997 194289767.790696
-0.00660000000000064 -0.000196865764487475 -0.000452266080740219 -1.258437841143 652.476904845683 194282198.320714
-0.00670000000000063 -0.000881417896769661 6.79237680811228e-05 -1.27210537858126 652.411223659368 194274613.444178
-0.00680000000000062 2.6630533673753e-05 -0.000880803245359714 -1.28578432943572 652.345542473054 194267457.428082
-0.00690000000000061 -0.000577078027894218 -0.000186918764104095 -1.29951704516896 652.27986128674 194259346.248648
-0.0070000000000006 0.000279457740163697 -6.98180692237882e-05 -1.31318723443544 652.214180100426 194253041.671161
-0.00710000000000059 -0.000738079273954667 -0.000350576901735476 -1.32764145915461 652.148498914111 194245083.817503
-0.00720000000000058 8.59212401949907e-05 3.77335514086381e-05 -1.34085532888947 652.082817727797 194238507.450288
-0.00730000000000058 0.000227704134246389 -0.000792760347926435 -1.354640757279 652.017136541483 194230705.425813
-0.00740000000000057 -0.000598747109965191 0.000563195026780285 -1.36805737004552 651.951455355169 194223960.024228
-0.00750000000000056 -0.000314195047889482 -0.000421706182005739 -1.38203114722435 651.885774168854 194215699.588944
-0.00760000000000055 -0.000101090224323921 -0.00015869042466209 -1.39578219498356 651.82009298254 194208414.579849
-0.00770000000000054 -0.000751630201023314 -0.000164993660763263 -1.40991275001098 651.754411796226 194200894.82462
-0.00780000000000053 0.000242464563095045 -7.76225482442145e-06 -1.42328072589776 651.688730609912 194194968.314521
-0.00790000000000052 -0.000500284114894449 -0.000582758683506286 -1.43725909221983 651.623049423598 194186631.325607
-0.00800000000000052 0.000109045617900498 0.00022370729890913 -1.45064108623436 651.557368237283 194180115.833829
-0.00810000000000068 -0.00039125201706115 -0.000614143725951918 -1.46450478439211 651.491687050969 194171763.39761
-0.00820000000000067 0.000327266668638969 -0.000162519292567722 -1.47757788872996 651.426005864655 194165380.158666
-0.00830000000000066 -0.000848064822642222 9.36118276251651e-05 -1.4920792499239 651.36032467834 194157612.350972
-0.00840000000000065 0.000424011638792412 -0.000292440245163525 -1.5059861524675 651.294643492026 194151177.219301
-0.00850000000000064 -0.000100056736059676 -0.000292549580041607 -1.51966701591324 651.228962305712 194143796.851237
-0.00860000000000064 -1.91487731952294e-05 -0.000427469314397326 -1.53330266544486 651.163281119398 194136309.479657
-0.00870000000000063 0.000203923850575511 -0.000128279805279732 -1.54665172749534 651.097599933084 194128979.669699
-0.00880000000000062 -0.000642691665709532 -0.000142108084000745 -1.56097712636331 651.031918746769 194121270.341439
-0.00890000000000061 -0.00016406175569396 -0.00028006824441899 -1.57450329601395 650.966237560455 194114033.776271
-0.0090000000000006 -0.000588448916772223 -0.000172215280761938 -1.58822489285465 650.900556374141 194106595.599489
-0.00910000000000059 3.81124832801487e-06 -0.00042005189430988 -1.601667517026 650.834875187827 194099424.790495
-0.00920000000000058 -0.000260198345242418 -8.73343036886744e-05 -1.61533433084271 650.769194001512 194092279.715093
-0.00930000000000058 -0.000101935562972926 -0.00035255944959079 -1.62929007860219 650.703512815198 194085546.332525
-0.00940000000000057 -0.000199994734948422 -0.000106391299625354 -1.6430506823116 650.637831628884 194078412.57153
-0.00950000000000056 -0.000205191443353353 -0.000717409075626606 -1.65744847130091 650.57215044257 194070720.051933
-0.00960000000000055 3.38362956061229e-05 0.00010238875596127 -1.67041066342626 650.506469256255 194063995.224311
-0.00970000000000054 -0.000592949975482359 -0.000582175546465087 -1.6844429149058 650.440788069941 194055673.397207
-0.00980000000000053 -0.000194749817841579 0.000312589469805917 -1.69786978324472 650.375106883627 194049803.05177
-0.00990000000000052 -0.000291687054866942 -0.000263436602229576 -1.71214375193812 650.309425697313 194041888.171208
-0.0100000000000007 -0.000453543458223919 0.000340198423109528 -1.72592711697696 650.243744510998 194035297.566107
-0.0101000000000007 -0.000354446131494123 -0.000214851057215859 -1.73970506207227 650.178063324684 194028036.397729
-0.0102000000000007 0.000209726895005748 -0.000126222834386817 -1.75298510503939 650.11238213837 194021641.790085
-0.0103000000000007 -0.000596562873230663 0.000162451545074401 -1.76684282578424 650.046700952056 194013276.029582
-0.0104000000000007 0.000767385195805178 -0.000389158553560366 -1.78044743426466 649.981019765741 194006604.283269
-0.0105000000000006 -0.000198591978774416 -0.000243691448361628 -1.79440568070931 649.915338579427 193998588.954826
-0.0106000000000006 -0.000520136738822387 2.60323781228425e-05 -1.80810086176098 649.849657393113 193991629.532023
-0.0107000000000006 -0.000620357020048641 -0.000182790870126217 -1.82199541765369 649.783976206799 193984685.378471
-0.0108000000000006 6.51698160295473e-05 -0.000304323450928848 -1.8356968559018 649.718295020484 193978288.244217
-0.0109000000000006 -0.000515536914608372 2.79527667971173e-05 -1.84960906476194 649.65261383417 193970866.288533
-0.0110000000000006 0.000123962433335167 -0.000536932052216068 -1.86330956227381 649.586932647856 193963362.846365
-0.0111000000000006 0.000290794519454724 -0.00042387163092376 -1.87690475600709 649.521251461542 193956199.707834
-0.0112000000000006 -0.000625914663350697 5.32839303640708e-05 -1.89071446810646 649.455570275228 193948941.240384
-0.0113000000000006 0.000370131735144637 -6.52174136615528e-05 -1.90445650729382 649.389889088913 193942528.427088
-0.0114000000000006 -5.44445046314888e-05 -0.000540796621152093 -1.91850520402922 649.324207902599 193934527.325224
-0.0115000000000006 -0.000306961061304049 -0.000201611429562166 -1.93215757795604 649.258526716285 193927634.227755
-0.0116000000000005 -0.000230560584818781 -0.000405125688045575 -1.94545992893512 649.192845529971 193919983.797413
-0.0117000000000005 0.000129638523458157 -0.000621991465029092 -1.95923078663904 649.127164343656 193913599.463313
-0.0118000000000005 -0.000581808974127827 -0.000276233005786495 -1.9735646564952 649.061483157342 193906559.792501
-0.0119000000000005 -0.000237129602314847 6.69743928131721e-06 -1.98712328173424 648.995801971028 193900125.853751
-0.0120000000000005 7.76074646958824e-05 -0.000978600582074688 -2.00108260620296 648.930120784714 193891970.89868
-0.0121000000000007 -0.000308000629948917 -4.81580583367047e-05 -2.01452800376837 648.864439598399 193885311.698406
-0.0122000000000007 -3.7124547989145e-05 0.000151005496233573 -2.02831964096725 648.798758412085 193878180.709374
-0.0123000000000007 -0.000432134937262392 -0.000414537781124401 -2.04234284643502 648.733077225771 193870659.805817
-0.0124000000000007 0.000214745106100169 -0.000506092454019483 -2.0558111520872 648.667396039457 193864016.649759
-0.0125000000000006 -0.000596164752889041 -0.000174110203344615 -2.06968876352796 648.601714853142 193856565.044269
-0.0126000000000006 -0.000151914862833728 -0.000119312381838463 -2.08280479146892 648.536033666828 193850053.914347
-0.0127000000000006 -0.000281360551259759 -0.000719013746127164 -2.09730243437186 648.470352480514 193842869.403492
-0.0128000000000006 -0.000221783623565989 -0.000124593432212866 -2.11121228119412 648.4046712942 193836008.295007
-0.0129000000000006 -0.000206717210666853 0.000106918588649772 -2.12517082222989 648.338990107885 193828933.092356
-0.0130000000000006 0.000126818365529736 -0.000467286171176597 -2.13905970625641 648.273308921571 193821592.302967
-0.0131000000000006 -0.000238033633609198 -5.21292926699374e-05 -2.15224199970546 648.207627735257 193814615.160527
-0.0132000000000006 -0.000876841371550275 0.000335133998430394 -2.16599802539965 648.141946548943 193807683.269911
-0.0133000000000006 0.000344073160689277 -0.000440959112964711 -2.17969593368128 648.076265362628 193801046.820008
-0.0134000000000006 -0.000349705645322446 -0.000457604043388997 -2.19372024903969 648.010584176314 193793756.039217
-0.0135000000000006 -0.000540939925489362 0.000150541402300262 -2.20726596760136 647.94490299 193786966.945033
-0.0136000000000005 -0.000406496743543888 -3.51360936658516e-05 -2.22077987071839 647.879221803686 193779377.172006
-0.0137000000000005 2.74722771827344e-05 -0.000676699100940463 -2.23503056497215 647.813540617371 193772544.208437
-0.0138000000000005 -0.000954638815233298 0.000436550532383971 -2.24874696905313 647.747859431057 193765864.011882
-0.0139000000000005 8.80934694808113e-05 -0.000286992333045804 -2.26265462290148 647.682178244743 193759558.131593
-0.0140000000000007 0.000150645925260169 0.000108486559905121 -2.27634959711953 647.616497058429 193752477.52619
-0.0141000000000007 -0.00037728773347987 -0.000308320126279939 -2.2900295421862 647.550815872114 193744553.412247
-0.0142000000000007 -0.000418667461738714 1.6288160031901e-05 -2.30376684283997 647.4851346858 193737907.238778
-0.0143000000000007 0.000242966757658981 -0.000839674071633289 -2.31743381072732 647.419453499486 193731157.612822
-0.0144000000000007 -0.000924178222813119 0.000209513474146616 -2.33147952713894 647.353772313172 193724498.168438
-0.0145000000000006 -0.000380496807142638 -0.000308199709510165 -2.34516035584233 647.288091126857 193717277.888322
-0.0146000000000006 -5.21949484937634e-05 -8.60398716702488e-05 -2.35865699899571 647.222409940543 193710335.35244
-0.0147000000000006 5.08399829488525e-05 -0.00101336641094394 -2.37294285426825 647.156728754229 193702696.012185
-0.0148000000000006 -1.08946337465924e-05 2.08204137477876e-05 -2.38648687405271 647.091047567915 193696169.750837
-0.0149000000000006 -0.000404519486858927 -0.000609624371399612 -2.40080324183934 647.025366381601 193689055.817153
-0.0150000000000006 -6.45279989468457e-05 -0.000354362454490259 -2.41424205658249 646.959685195286 193682940.205649
-0.0151000000000006 -0.00013451666171619 -0.000245242374774822 -2.4276860381186 646.894004008972 193675929.860222
-0.0152000000000006 -3.39164037309094e-05 -0.000243875332088458 -2.44170726947102 646.828322822658 193668972.502276
-0.0153000000000006 -0.000183694757963464 -9.46549380672764e-05 -2.45547463277416 646.762641636344 193661458.053648
-0.0154000000000006 -0.000482027817402161 -2.89289115248904e-05 -2.4696040972732 646.696960450029 193654472.534806
-0.0155000000000006 -0.000405582189906167 -0.000177020503214259 -2.4830416431067 646.631279263715 193647664.331851
-0.0156000000000005 0.000174845064237393 -0.000381404154445188 -2.4967454250654 646.565598077401 193641478.852058
-0.0157000000000005 -0.000404453080646901 4.05933924458522e-05 -2.5108420714884 646.499916891087 193634533.832483
-0.0158000000000005 0.000101157669948528 -0.000596472700226719 -2.52489921674034 646.434235704772 193627332.784307
-0.0159000000000005 -0.000188408779056688 0.000148018413388378 -2.53821077598372 646.368554518458 193620495.185594
-0.0160000000000005 -6.00059220476034e-05 -0.000704672794326873 -2.55201439877755 646.302873332144 193613504.686786
-0.0161000000000007 -0.000750924858691838 0.000311833688245283 -2.56542738446338 646.23719214583 193606913.911849
-0.0162000000000007 -4.46676329748987e-05 -2.81988884688741e-05 -2.57932476637912 646.171510959515 193600264.148868
-0.0163000000000007 -0.000466880512708603 -0.000564625343186922 -2.59387826717535 646.105829773201 193592950.438861
-0.0164000000000007 0.000116426802400118 -6.7821281914196e-05 -2.6071842060859 646.040148586887 193587251.879861
-0.0165000000000006 -0.000554531535061028 -5.04678365891824e-05 -2.62103825756784 645.974467400573 193580036.659595
-0.0166000000000006 -3.20179609916424e-05 -0.000351965650764644 -2.63454748965837 645.908786214258 193572773.617131
-0.0167000000000006 0.000104574104189685 -0.000819046273410975 -2.64877016100375 645.843105027944 193565538.685293
-0.0168000000000006 -0.00075835644488349 0.000694383251952382 -2.66204996586359 645.77742384163 193559003.145816
-0.0169000000000006 4.3651135771452e-05 -0.000427798758686669 -2.67587015961069 645.711742655316 193552379.463793
-0.0170000000000006 -0.000279626057610937 -5.17233762242807e-05 -2.6895835411751 645.646061469001 193546118.655029
-0.0171000000000006 0.000212982613669593 -0.000286448211386168 -2.70355210432227 645.580380282687 193539213.9673
-0.0172000000000006 -0.000559539742403445 0.000687501575733719 -2.71744883975484 645.514699096373 193532189.618466
-0.0173000000000006 0.000127222765761257 -0.000831515741540463 -2.73140902637387 645.449017910059 193524838.925879
-0.0174000000000006 -0.000244551365664662 -2.88406045674046e-05 -2.74481292698937 645.383336723744 193518547.505869
-0.0175000000000006 -0.000310742892519669 -0.000254499374331805 -2.75853375290093 645.31765553743 193511445.979102
-0.0176000000000005 -0.000205113474140357 -1.74512053613805e-05 -2.77216994637816 645.251974351116 193505082.371707
-0.0177000000000005 -0.000820595827322019 7.73518606464968e-05 -2.78601383805478 645.186293164802 193498254.504278
-0.0178000000000005 0.000305842946469237 -0.000540602469245968 -2.7997147529141 645.120611978488 193491869.619203
-0.0179000000000005 -0.000728811099945815 -0.000222217143243251 -2.81381281313761 645.054930792173 193484547.638624
-0.0180000000000005 0.000365555535459489 -0.000341101898829554 -2.82759507910022 644.989249605859 193478422.117619
-0.0181000000000007 -0.000611161820205554 -0.000343561139294262 -2.84146760639999 644.923568419545 193470207.080899
-0.0182000000000007 0.00101948760430077 0.000260640822727278 -2.85469329672344 644.85788723323 193464856.927709
-0.0183000000000007 -0.00139766507688487 -0.00022220112923051 -2.86948391446168 644.792206046916 193457168.039625
-0.0184000000000006 0.000801067234085757 -0.00043263443216884 -2.88258202609135 644.726524860602 193452169.26252
-0.0185000000000006 -0.00145030301328253 -0.000910164213719403 -2.89693626037619 644.660843674288 193443671.189729
-0.0186000000000006 -0.000109736995417855 -2.04721239499945e-06 -2.91009373717284 644.595162487974 193437949.70463
-0.0187000000000006 -0.000257743272234088 -0.000796473505710659 -2.92414727653664 644.529481301659 193430317.647686
-0.0188000000000006 -0.00016978336846942 -2.26292207697831e-05 -2.93775157287771 644.463800115345 193424222.926807
-0.0189000000000006 -0.00052007866595156 -0.000385749916664507 -2.95187277674866 644.398118929031 193417226.827638
-0.0190000000000006 -0.000567627835800438 -0.00014865535275836 -2.96550704056382 644.332437742717 193411226.571188
-0.0191000000000006 1.48944542558106e-05 -4.82486783367112e-05 -2.97939695294936 644.266756556402 193404809.450664
-0.0192000000000006 -0.000579160423634625 -7.1232907662748e-05 -2.99338250441465 644.201075370088 193397327.457825
-0.0193000000000006 -0.000141600597478922 -0.000661351242101537 -3.00720050761823 644.135394183774 193390245.309414
-0.0194000000000006 -0.000402135340925556 0.000152604086154671 -3.02031418085204 644.06971299746 193384085.931299
-0.0195000000000006 0.000295305754435815 -0.00129892092813984 -3.03455134946686 644.004031811145 193377423.942678
-0.0196000000000005 -0.000772256354541597 0.000548823407416771 -3.04837013808644 643.938350624831 193371237.504422
-0.0197000000000005 -0.000268416339611462 6.65427061560013e-05 -3.06264183535754 643.872669438517 193364428.351428
-0.0198000000000005 0.000125553903580511 -0.000441735147866602 -3.07609066413264 643.806988252203 193357802.210428
-0.0199000000000005 -0.000480958606215084 -0.000416642163839741 -3.08955931476206 643.741307065888 193350461.439253
-0.0200000000000005 0.000178705199074101 0.000165064068149546 -3.10251691692593 643.675625879574 193344967.430211
-0.0201000000000007 -0.000304007324274488 -0.000404678837320642 -3.11696224312965 643.60994469326 193337328.647781
-0.0202000000000007 0.000220709648950559 -0.000397106301368138 -3.1311306941066 643.544263506946 193331213.57311
-0.0203000000000007 -0.00121329584130626 0.000342807992921888 -3.14491514789292 643.478582320631 193324141.492597
-0.0204000000000006 0.000727926630903821 -0.000975832589521389 -3.15843988921521 643.412901134317 193318777.157044
-0.0205000000000006 -0.00102683186710013 0.000387200192677761 -3.17180578481688 643.347219948003 193311148.871263
-0.0206000000000006 -0.000103069672640673 -0.000570776934318853 -3.18623138878622 643.281538761689 193304623.552491
-0.0207000000000006 -0.00063433355053591 -0.000315736655697509 -3.20047315087457 643.215857575374 193297152.185682
-0.0208000000000006 0.000470501553616522 -0.000466827670356373 -3.21367705007671 643.15017638906 193291921.905313
-0.0209000000000006 -0.000996342975687793 -0.000269033337932823 -3.22745577631912 643.084495202746 193284874.94643
-0.0210000000000006 0.000280298882320114 9.38791759246442e-05 -3.24090281677165 643.018814016432 193279477.915813
-0.0211000000000006 0.000254899792196109 -0.00101770057776209 -3.25531301902027 642.953132830118 193271439.402244
-0.0212000000000006 -0.000715486017255348 0.000733659798386843 -3.26873089941816 642.887451643803 193265196.281494
-0.0213000000000006 -3.20537306822166e-05 -0.00108454443518988 -3.282965459149 642.821770457489 193258013.781432
-0.0214000000000006 -0.000341239153062679 0.000147667954450377 -3.29608880727568 642.756089271175 193252261.274983
-0.0215000000000005 -0.000156153003018388 -0.000925925343282461 -3.31013230815205 642.690408084861 193245375.088041
-0.0216000000000005 -0.000443880134880864 0.000474714258980987 -3.32375309996326 642.624726898546 193239929.734957
-0.0217000000000005 0.000255023810832233 -0.000929077744093623 -3.33765440296534 642.559045712232 193232555.737966
-0.0218000000000005 -0.0008262595255835 0.000159775619946596 -3.3510373890111 642.493364525918 193225902.596983
-0.0219000000000005 -0.000516282688327183 -0.000238538416361896 -3.36521283835613 642.427683339604 193219157.590281
-0.0220000000000007 0.000248417374601846 -0.000623171291495717 -3.37917839623644 642.362002153289 193212630.613318
-0.0221000000000007 -0.000508595459191633 -0.000245973492796708 -3.39351519940079 642.296320966975 193205999.852143
-0.0222000000000007 0.000125648488647449 -0.000302037233460126 -3.40698459901452 642.230639780661 193199816.31964
-0.0223000000000007 -0.000405910652668488 -0.000259404815283263 -3.42056379043651 642.164958594347 193193251.468458
-0.0224000000000006 0.000219697895898716 -0.0011107421398049 -3.43439959936697 642.099277408032 193186489.129125
-0.0225000000000006 -0.000913670707577388 0.000477892048293304 -3.44789099702762 642.033596221718 193180101.694922
-0.0226000000000006 -0.000324751492683392 -0.000429901381144181 -3.46217849430885 641.967915035404 193173720.666772
-0.0227000000000006 -1.89572418609429e-05 -0.000581305966996178 -3.47594518524576 641.90223384909 193167763.518075
-0.0228000000000006 -0.000407274887321139 -0.000828715139961931 -3.49023944157499 641.836552662775 193160507.716507
-0.0229000000000006 -0.000395755257686063 -3.50410948585591e-05 -3.5034612481596 641.770871476461 193154370.68769
-0.0230000000000006 -0.000550000759326254 -0.000376300188774388 -3.5169795839918 641.705190290147 193147845.061833
-0.0231000000000006 0.00015337599555815 -0.000436839776515998 -3.53033458593656 641.639509103833 193141808.704593
-0.0232000000000006 -0.000918873944473848 0.000351415308293618 -3.5449893733646 641.573827917518 193135055.459236
-0.0233000000000006 0.000299978925189417 -0.000473219181615563 -3.55882923234549 641.508146731204 193129191.691941
-0.0234000000000006 -0.000530976410890352 -3.40563727588384e-06 -3.57267389830616 641.44246554489 193122653.170797
-0.0235000000000006 0.000404424426889527 -0.000737432519179064 -3.58584967615163 641.376784358576 193116221.205813
-0.0236000000000005 -0.000881811233430396 0.00040882984798108 -3.59958349109078 641.311103172261 193109477.273517
-0.0237000000000005 0.000346867443906001 -0.00084586608197064 -3.61344826234124 641.245421985947 193102951.860022
-0.0238000000000005 -0.00066716515367877 -0.000255229807701746 -3.62771355406026 641.179740799633 193096144.29974
-0.0239000000000005 -8.95156849705601e-05 -0.000327370771040714 -3.64120153632547 641.114059613319 193089982.424814
-0.0240000000000005 -4.81917297237279e-05 -0.000320380579025519 -3.65497154895665 641.048378427005 193083446.560527
-0.0241000000000007 -0.000574284917652911 0.00042770780189238 -3.66870635142664 640.98269724069 193077393.567667
-0.0242000000000007 3.69261493861744e-05 -0.000745411843664891 -3.6826932427426 640.917016054376 193071314.968001
-0.0243000000000007 -0.000491206208851571 6.02753849717098e-05 -3.69633121586327 640.851334868062 193065012.995711
-0.0244000000000006 -0.000374081423935634 -0.00054102592393698 -3.71019231848689 640.785653681747 193057952.909536
-0.0245000000000006 -0.000271464036564442 -4.83765758457191e-05 -3.72379814994006 640.719972495433 193051557.449629
-0.0246000000000006 0.000122631500240214 -0.000629279387614967 -3.73771531067108 640.654291309119 193045251.745361
-0.0247000000000006 -0.000678121329771751 9.96374947974012e-05 -3.75112640344665 640.588610122805 193039540.635881
-0.0248000000000006 -0.000370330807264058 -0.00099298281819128 -3.7651310536799 640.522928936491 193032891.69348
-0.0249000000000006 0.000252942709295015 3.66756138510374e-05 -3.77882785612718 640.457247750176 193026848.990088
-0.0250000000000006 -0.00125232858628069 -0.000619999653656449 -3.79311653671894 640.391566563862 193018816.882052
-0.0251000000000006 0.000278788520799672 -0.000156829213548834 -3.8058974991274 640.325885377548 193014261.901611
-0.0252000000000006 -0.00078761536519637 -0.00066342650880871 -3.82014355436423 640.260204191234 193007156.317343
-0.0253000000000006 0.000341436418169683 -0.000323906550037796 -3.83391133987553 640.194523004919 193001978.14012
-0.0254000000000006 -0.000901843617728236 9.534812493361e-05 -3.84817755063167 640.128841818605 192994630.629231
-0.0255000000000006 0.000537344621265116 -0.000323434634479415 -3.86162504089594 640.063160632291 192988786.627138
-0.0256000000000005 -0.00139046453231817 -6.00628176459874e-05 -3.87577974109502 639.997479445977 192981653.374934
-0.0257000000000005 0.00049924145258947 -0.000394399989150205 -3.88905104336865 639.931798259662 192976388.105113
-0.0258000000000005 -0.000593160670690561 -0.00030161440422683 -3.90323873326482 639.866117073348 192969448.493936
-0.0259000000000005 0.000391881484733212 -0.000171100851228673 -3.91640069220837 639.800435887034 192963777.46933
-0.0260000000000007 -0.000454012838107951 -0.000282507653317265 -3.93028392436604 639.73475470072 192957529.366184
-0.0261000000000007 -0.000560903208840656 -0.000162310138781742 -3.94379372303442 639.669073514405 192950722.615598
-0.0262000000000007 -5.88129227602314e-05 -0.000757224516976673 -3.95761946287002 639.603392328091 192944437.471778
-0.0263000000000007 -0.0010534420786331 8.13276053306242e-05 -3.97168253211759 639.537711141777 192937841.905135
-0.0264000000000006 0.00079148103324055 -0.00100228216760386 -3.98538460103741 639.472029955463 192932592.545093
-0.0265000000000006 -0.00104976603933391 0.000285097655517869 -3.99954173732914 639.406348769148 192926026.926899
-0.0266000000000006 0.00032367469829278 -0.000394868415264304 -4.01281143715242 639.340667582834 192919956.312217
-0.0267000000000006 -0.000303947424979757 0.000107822543634374 -4.02684913869134 639.27498639652 192913364.993998
-0.0268000000000006 -0.000111416435184449 -0.000350732643021248 -4.04017029206523 639.209305210206 192907129.170847
-0.0269000000000006 -0.000836105873264525 -0.000308388444044765 -4.05426400206022 639.143624023891 192900425.109566
-0.0270000000000006 0.000311470438419061 -0.000210450321850572 -4.06775046170049 639.077942837577 192894391.536248
-0.0271000000000006 -0.000824143479287569 -0.000197019823778826 -4.08204046009551 639.012261651263 192887533.234944
-0.0272000000000006 -0.000260229963759685 9.23715710351771e-05 -4.09504235405198 638.946580464949 192882766.935545
-0.0273000000000006 0.00025847221856581 -0.00119314602041967 -4.10913758000301 638.880899278635 192876322.262768
-0.0274000000000006 -0.00092074682449265 0.000636875458804748 -4.12288310301218 638.81521809232 192870156.877052
-0.0275000000000005 -0.000269545496933849 -0.000941437455008868 -4.1374839107328 638.749536906006 192862828.013888
-0.0276000000000005 -1.80288943747122e-05 -0.000211847447834993 -4.15061292064858 638.683855719692 192857224.231579
-0.0277000000000005 -0.000260823636804573 -0.000813462254961583 -4.16428037171716 638.618174533378 192850958.364553
-0.0278000000000005 -0.000120740784929439 -0.000191974170481631 -4.17746251223105 638.552493347063 192845479.696433
-0.0279000000000005 -0.000183559805484874 -0.000809149874053384 -4.19170674854154 638.486812160749 192838963.021404
-0.0280000000000005 -0.000840784975086757 4.11860148247545e-05 -4.20559263647826 638.421130974435 192832758.874485
-0.0281000000000007 -0.00108161496338995 0.000220211419282285 -4.21933688053107 638.35544978812 192826266.80817
-0.0282000000000007 0.000180841274214169 -0.00101004569285229 -4.23328007747614 638.289768601806 192819978.738445
-0.0283000000000007 -0.000418704577288696 2.62531791229166e-05 -4.24658743019001 638.224087415492 192814080.322015
-0.0284000000000006 -0.000113515603926403 0.000229987411545928 -4.26037385139388 638.158406229178 192808842.845034
-0.0285000000000006 -0.000723021703944534 -4.1012650268153e-05 -4.27414716819331 638.092725042864 192802330.451956
-0.0286000000000006 0.000613455473347143 -0.000469614470565723 -4.28784701795791 638.027043856549 192796538.448239
-0.0287000000000006 -0.00077995018239148 -0.000343927354036282 -4.30207480718642 637.961362670235 192789154.06472
-0.0288000000000006 -0.000371603991085852 -0.000376412363528776 -4.31562675534892 637.895681483921 192783519.424875
-0.0289000000000006 -0.000212133009295687 -0.000405205299611142 -4.32904405061996 637.830000297607 192777185.436701
-0.0290000000000006 -0.00077128122385591 0.000419960904059038 -4.34272694329993 637.764319111292 192770951.319233
-0.0291000000000006 5.2479558265885e-05 -0.000183177346156084 -4.35689897001672 637.698637924978 192764924.613951
-0.0292000000000006 0.000168616014420716 -0.000118859492790545 -4.3703613362128 637.632956738664 192759610.031633
-0.0293000000000006 -2.08943379908156e-05 -0.00116794271411765 -4.38441094693287 637.56727555235 192752899.359308
-0.0294000000000006 -0.00091876668614141 0.000366930167736009 -4.39800075665371 637.501594366035 192747581.731091
-0.0295000000000005 0.000174376771038139 -0.00115829047038393 -4.41174201811278 637.435913179721 192740946.825955
-0.0296000000000005 -0.000369704573623056 5.61771507472248e-05 -4.42516716314226 637.370231993407 192735108.850838
-0.0297000000000005 -0.000516189288583676 -0.000342567358105133 -4.43905233188371 637.304550807093 192728585.341985
-0.0298000000000005 1.99369867997998e-05 -0.000387407243151911 -4.4527179555 637.238869620778 192723156.32863
-0.0299000000000005 -0.000398400929782098 0.000114297172310664 -4.46672646007769 637.173188434464 192717301.090928
-0.0300000000000005 9.03331975045289e-05 -0.000618699998542157 -4.48042207053513 637.10750724815 192711039.772411
-0.0301000000000007 -0.000911386718569145 0.000668849314593333 -4.49359286560432 637.041826061836 192705222.975696
-0.0302000000000007 0.000268464118516486 -0.000907343998441733 -4.50755232312158 636.976144875521 192698667.965081
-0.0303000000000006 -0.000400411529695946 0.000357401990820924 -4.52131983149666 636.910463689207 192692770.092406
-0.0304000000000006 -0.00016019218309072 -0.000740812876658982 -4.53529086776596 636.844782502893 192686475.084084
-0.0305000000000006 -0.00097287564888576 -0.000215608286708719 -4.5486962645392 636.779101316579 192681447.726252
-0.0306000000000006 -7.3606091953173e-05 2.64525329134775e-05 -4.56214472891152 636.713420130264 192675994.309928
-0.0307000000000006 -0.000627019341611423 -0.000555064144535128 -4.57658389798772 636.64773894395 192668512.895549
-0.0308000000000006 -0.0005906443800784 -0.000150775429847595 -4.59005650950364 636.582057757636 192662833.63065
-0.0309000000000006 -0.000416417136912721 -0.000349150931147111 -4.60363936449449 636.516376571322 192656599.956622
-0.0310000000000006 -2.0976140165563e-05 -1.1183860276308e-05 -4.6170538550872 636.450695385008 192651254.294734
-0.0311000000000006 -8.80450997115988e-06 -0.000933630167304855 -4.63165239599395 636.385014198693 192644786.564028
-0.0312000000000006 -0.00112365256958243 0.000547458083168006 -4.64504585594461 636.319333012379 192639334.277902
-0.0313000000000006 2.530834953755e-05 -0.00153227304130995 -4.65910584127312 636.253651826065 192632899.184906
-0.0314000000000006 -0.000349773694979014 0.000157409460281299 -4.67216615259332 636.187970639751 192627156.652382
-0.0315000000000005 -0.000264117015730747 -0.000420952582611244 -4.68612471488314 636.122289453436 192620771.36817
-0.0316000000000005 -0.000283784309757444 -3.73934221141651e-05 -4.69952907456805 636.056608267122 192614995.463864
-0.0317000000000005 -0.000911747268021985 8.91408814493294e-05 -4.71339695144757 635.990927080808 192609303.662057
-0.0318000000000005 0.000275095360568193 -0.00111483295311425 -4.72696459377265 635.925245894494 192603484.702438
-0.0319000000000005 -0.00138420914076936 0.000261291755414376 -4.74099773153644 635.859564708179 192597947.918851
-0.0320000000000005 0.000136059927148656 -0.000866669277043988 -4.75454204921755 635.793883521865 192591511.332446
-0.0321000000000007 -0.000868877504360012 0.000119281365378725 -4.76832515795534 635.728202335551 192585136.071782
-0.0322000000000007 -7.59917766806696e-05 -0.000486264359477146 -4.78183159785139 635.662521149237 192579386.497501
-0.0323000000000006 -0.000923019070745317 -0.000199176534874574 -4.79585881901845 635.596839962922 192573499.827033
-0.0324000000000006 4.19994042723878e-06 -0.000324701430350054 -4.80955635333169 635.531158776608 192568386.655204
-0.0325000000000006 0.000120884065124513 -0.000759189468128969 -4.82343864973009 635.465477590294 192562509.570512
-0.0326000000000006 -0.000791473110131605 0.00045803526467136 -4.83662384701578 635.39979640398 192556091.994115
-0.0327000000000006 -5.60667539683549e-05 -0.000461663617442161 -4.85063460343461 635.334115217665 192549958.815843
-0.0328000000000006 -0.000457326656604531 0.000374762015104575 -4.86392573146051 635.268434031351 192544718.71069
-0.0329000000000006 -0.000286327846037503 -0.000594617915234792 -4.8779463459282 635.202752845037 192538727.005094
-0.0330000000000006 -0.000488142782414817 -0.00038615756255168 -4.89170434388329 635.137071658723 192532642.255515
-0.0331000000000006 -0.000222056309415961 -0.000549023682628473 -4.90547741705819 635.071390472408 192526429.914053
-0.0332000000000006 0.000156591134252986 -0.000333471919206716 -4.91863413568841 635.005709286094 192520943.390785
-0.0333000000000006 -0.000838632760480462 -3.35821623446747e-06 -4.9326876399225 634.94002809978 192514893.137249
-0.0334000000000006 0.000564243854641438 -0.00111913335888505 -4.94650834447438 634.874346913466 192509206.03422
-0.0335000000000005 -0.000699464804665586 0.000503094914168576 -4.96030514722937 634.808665727151 192504033.703308
-0.0336000000000005 -8.01355027713455e-05 -0.000788043356855286 -4.97420835674322 634.742984540837 192497589.73533
-0.0337000000000005 1.44470776524225e-05 -0.000396603881834133 -4.9873213513641 634.677303354523 192492115.271534
-0.0338000000000005 -2.99564672585286e-05 -0.000107901544563655 -5.00076962150344 634.611622168209 192485858.929575
-0.0339000000000005 -0.000343199850425774 -0.000887590113156926 -5.01523066267505 634.545940981895 192480005.38637
-0.0340000000000007 5.08008450218619e-05 -0.000337733010435907 -5.02827088542802 634.48025979558 192474528.761939
-0.0341000000000007 -0.00063730325498836 0.00015571665090499 -5.0420343429382 634.414578609266 192469430.918559
-0.0342000000000007 -0.000906744906012456 -0.0001683638141638 -5.05601333056721 634.348897422952 192462989.184194
-0.0343000000000006 0.00030767959712908 -0.000645163975763167 -5.0692865098965 634.283216236637 192457234.699445
-0.0344000000000006 -0.000729087689724471 -0.000563442994979005 -5.08294610661897 634.217535050323 192451182.00563
-0.0345000000000006 -0.000482427285880727 -0.000119974755280179 -5.09643220659926 634.151853864009 192446045.974822
-0.0346000000000006 -0.000292791721250618 -0.000324207106309622 -5.11061730349022 634.086172677695 192439518.781696
-0.0347000000000006 -0.0003985425999874 -0.000333867706799112 -5.12472538906765 634.020491491381 192434067.447503
-0.0348000000000006 -1.97165970465883e-05 -0.000617658498274234 -5.13803955071164 633.954810305066 192428652.019051
-0.0349000000000006 -0.000234299150902232 -9.09676548507902e-05 -5.15133981690911 633.889129118752 192423357.599716
-0.0350000000000006 -0.000344051678006055 -0.000220414293112724 -5.16513724558972 633.823447932438 192416611.394424
-0.0351000000000006 -0.000416825892843237 7.91655604210219e-05 -5.17901790108908 633.757766746124 192411198.32145
-0.0352000000000006 2.14890757410096e-05 -0.000860073168554484 -5.19287949789621 633.692085559809 192404813.984213
-0.0353000000000006 -0.000403857496239968 -0.00018581703589064 -5.20614095019494 633.626404373495 192400420.883875
-0.0354000000000006 -0.000204420320812972 -0.000454706926017165 -5.21954937461173 633.560723187181 192395042.394621
-0.0355000000000005 -0.000121150555100152 -0.000465460128939538 -5.23359056691893 633.495042000867 192389247.008179
-0.0356000000000005 -0.000440756395344667 -0.000210915470631814 -5.24737731788797 633.429360814552 192382610.463829
-0.0357000000000005 8.54282417501044e-05 -0.00101036784310935 -5.26130585381544 633.363679628238 192376621.371795
-0.0358000000000005 -0.000319555932907745 0.000283391384469614 -5.2741199730632 633.297998441924 192371474.569618
-0.0359000000000005 -0.000574259225407042 -0.000518159345603534 -5.28811829648394 633.23231725561 192365490.258016
-0.0360000000000005 5.93474399832607e-05 -0.000182988746256563 -5.30168864076477 633.166636069295 192360145.599241
-0.0361000000000007 -0.000581146273564618 -0.000302568198128542 -5.31597889148226 633.100954882981 192354493.11195
-0.0362000000000007 7.15303837711694e-05 -0.000528086783934888 -5.32916754264816 633.035273696667 192349049.537092
-0.0363000000000006 -0.000876512570188188 -0.000282190647861074 -5.34263295935776 632.969592510353 192343215.134024
-0.0364000000000006 -0.000226364092393633 -0.000507687242982026 -5.35618723999429 632.903911324038 192337244.357784
-0.0365000000000006 -0.000488956649082753 -0.000219893290846126 -5.37005829945614 632.838230137724 192331500.311595
-0.0366000000000006 -9.22239521674685e-05 -0.000870591671802154 -5.38394770978678 632.77254895141 192325933.866884
-0.0367000000000006 -0.000455514745641498 -0.000230135322166228 -5.39720029641887 632.706867765096 192320828.885617
-0.0368000000000006 -0.000134456174331454 -0.000405760746613073 -5.41089211427678 632.641186578781 192315423.151364
-0.0369000000000006 -0.000217817501031196 -0.000421130566644004 -5.42495867365029 632.575505392467 192309439.814355
-0.0370000000000006 -0.0005213924648895 -0.0003198926739306 -5.4380453062878 632.509824206153 192303286.394142
-0.0371000000000006 -7.03565282021987e-05 -0.000820597645000596 -5.45160988036238 632.444143019839 192298132.777887
-0.0372000000000006 -0.000575010218405329 0.000217066094801394 -5.46496765046484 632.378461833525 192292818.708679
-0.0373000000000006 -0.000782770929842261 -0.000408779263626055 -5.47903895007039 632.31278064721 192286996.785362
-0.0374000000000006 0.000131491514230409 -0.000915186710644727 -5.49251698168365 632.247099460896 192282007.694475
-0.0375000000000005 -0.000368454421691421 -0.000421911603345288 -5.50625170360983 632.181418274582 192276122.839
-0.0376000000000005 -0.00114998361103136 -0.000153660943103786 -5.51987403307086 632.115737088268 192270184.92204
-0.0377000000000005 -0.000131256988127971 -0.000333112078109248 -5.5336753160331 632.050055901953 192264835.643157
-0.0378000000000005 -0.000305346837366558 9.37005497377522e-06 -5.5471068151842 631.984374715639 192258802.047555
-0.0379000000000005 -0.000188115130996221 -0.000163463223784586 -5.56108213963486 631.918693529325 192253537.480627
-0.0380000000000007 -0.000382662371581455 -8.78792017672883e-05 -5.57441749167028 631.853012343011 192248318.38029
-0.0381000000000007 -7.62045233311479e-05 -0.000253851878912843 -5.5877706584151 631.787331156696 192243265.710431
-0.0382000000000007 7.68113874539377e-05 -0.000579415111482039 -5.60112659883798 631.721649970382 192237050.874399
-0.0383000000000006 -0.000268688075715754 -0.000571437239020039 -5.61530265773175 631.655968784068 192230982.81303
-0.0384000000000006 -0.000316412807582559 -1.59887064854142e-05 -5.628413527114 631.590287597754 192225972.885329
-0.0385000000000006 -0.000628964756373168 -0.000909962430142533 -5.64252045167649 631.524606411439 192220171.230795
-0.0386000000000006 6.25782751965841e-05 -4.05074429090303e-05 -5.65560469927886 631.458925225125 192215693.111923
-0.0387000000000006 -0.000351289576445625 -0.000735893237948042 -5.66970720957376 631.393244038811 192209707.591445
-0.0388000000000006 9.44789635783636e-05 -2.01544151174767e-06 -5.68279387402026 631.327562852497 192204615.242206
-0.0389000000000006 -0.000405464391314037 -0.000272687912238467 -5.6967527297327 631.261881666182 192198547.312082
-0.0390000000000006 -5.45934219744784e-05 3.54674923842392e-05 -5.71016094856883 631.196200479868 192193128.012036
-0.0391000000000006 -0.00036941988548816 -7.62441525671905e-05 -5.72384055470223 631.130519293554 192187663.853458
-0.0392000000000006 -0.00033805479883018 -0.000785463288930406 -5.73738803592643 631.06483810724 192181772.531699
-0.0393000000000006 -0.0004829336615656 -2.74478237065651e-06 -5.75096618488732 630.999156920925 192176613.945381
-0.0394000000000006 -0.000127154804364825 -0.000387907873419758 -5.764581621416 630.933475734611 192171361.907214
-0.0395000000000005 -0.000602222748962107 0.000179660824617905 -5.778331151816 630.867794548297 192165908.218563
-0.0396000000000005 -5.907437990641e-05 -0.000446372453189772 -5.79213813981634 630.802113361983 192160430.556611
-0.0397000000000005 -0.000424728819367968 -0.000698595793439858 -5.80558182181938 630.736432175668 192154542.85258
-0.0398000000000005 -0.00100805141643636 0.000266328059196118 -5.81883332465077 630.670750989354 192149024.305274
-0.0399000000000005 -0.000303646798829646 -0.000572709565946469 -5.83238779099299 630.60506980304 192143806.474035
-0.0400000000000005 -1.6924873067318e-05 -0.000495223816414004 -5.84585518754007 630.539388616726 192138695.922044
-0.0401000000000007 -0.000580096014295892 -0.000369354048507648 -5.85954194548566 630.473707430411 192133374.520486
-0.0402000000000007 -0.000495317653246808 -0.000103062760538825 -5.87312465933619 630.408026244097 192128044.813511
-0.0403000000000006 -0.000966276626153266 -0.000196782592663857 -5.88666069249644 630.342345057783 192122407.415804
-0.0404000000000006 0.000375353038957489 -0.000998075657167914 -5.90057426421907 630.276663871469 192116907.01515
-0.0405000000000006 -0.00051885704583354 0.000265388535759652 -5.91384818066349 630.210982685154 192111484.16651
-0.0406000000000006 -0.000155917650027544 -0.000585393160785538 -5.92737575770534 630.14530149884 192105618.071143
-0.0407000000000006 -0.000360246973348754 0.000224413517740859 -5.94083318330992 630.079620312526 192101258.659495
-0.0408000000000006 7.36043577732545e-05 -0.000471464442532329 -5.95423068428648 630.013939126212 192095963.315889
-0.0409000000000006 -0.00025710831993143 -0.000501266035360541 -5.96803949268163 629.948257939898 192090356.69371
-0.0410000000000006 -0.00060727570264192 0.000146253609616176 -5.98142071764244 629.882576753583 192085007.46328
-0.0411000000000006 0.000119226230118885 -0.000906754551331358 -5.99539123140263 629.816895567269 192079073.384892
-0.0412000000000006 -0.000236320012844914 -4.09439625199551e-05 -6.00865882800652 629.751214380955 192074017.171972
-0.0413000000000006 -0.000581706855433275 -4.80348678182866e-05 -6.02232722717618 629.685533194641 192069368.996024
-0.0414000000000005 -0.000189410714031938 -0.000264543736372858 -6.0358986768669 629.619852008326 192063975.529635
-0.0415000000000005 -0.000167530376647667 -0.000714945406347969 -6.04936879893848 629.554170822012 192058153.693662
-0.0416000000000005 -0.000162636630957108 -0.0007239706242212 -6.06288274819522 629.488489635698 192052757.465998
-0.0417000000000005 -0.000721426042874227 0.000293413998198908 -6.07620127870211 629.422808449384 192047289.36673
-0.0418000000000005 -0.000253034626968738 -0.000781140043687605 -6.08956284023499 629.357127263069 192042552.052731
-0.0419000000000005 -0.000606367337776688 -0.000756827230946199 -6.10328812872395 629.291446076755 192037566.179923
-0.0420000000000005 -0.000195454953124645 -0.000178833617542357 -6.11674493745205 629.225764890441 192032471.935011
-0.0421000000000007 -0.000522541513571462 -0.000327861776019999 -6.13046347424684 629.160083704127 192025985.238061
-0.0422000000000007 -4.82895808268662e-05 -0.000304842178148223 -6.14387394982737 629.094402517812 192021386.111676
-0.0423000000000006 -0.000588454062007991 -0.000337350162187775 -6.15751591754039 629.028721331498 192015868.103404
-0.0424000000000006 -0.000604325820812533 0.000320806010426262 -6.17080582132998 628.963040145184 192011402.884995
-0.0425000000000006 -0.000484471860908296 -0.00122057832317583 -6.18488913478145 628.89735895887 192004947.313924
-0.0426000000000006 -0.000313351862235834 0.000362612257026985 -6.19833277336472 628.831677772555 192000345.635967
-0.0427000000000006 -0.000907222351867531 -0.00032924591260029 -6.21174640812004 628.765996586241 191994277.094343
-0.0428000000000006 6.61105956088597e-05 -0.00087645787329302 -6.22489319452866 628.700315399927 191989616.525602
-0.0429000000000006 -0.00110838230301411 -0.000219370596775392 -6.23850206763721 628.634634213613 191984449.51099
-0.0430000000000006 -0.000456445854856977 -0.000615725916657465 -6.25228436244705 628.568953027298 191979745.581158
-0.0431000000000006 -0.000616619165291595 -0.000405837401391966 -6.26573180172658 628.503271840984 191974270.3949
-0.0432000000000006 0.000440423767475764 -0.000707826304199974 -6.279129420139 628.43759065467 191969103.63065
-0.0433000000000006 -0.00104151175512931 0.000174182188289501 -6.29302033511068 628.371909468356 191963044.020412
-0.0434000000000005 -0.000135516597248493 -0.000455233294379696 -6.30622419452022 628.306228282042 191958450.491194
-0.0435000000000005 -0.000149554952034821 -0.000668656282582335 -6.31972037012098 628.240547095727 191953258.714835
-0.0436000000000005 -0.0006136599864767 0.000389009092764644 -6.33302837923307 628.174865909413 191948479.254938
-0.0437000000000005 -0.000327572256831279 -0.000469920177779551 -6.34679463985415 628.109184723099 191942861.196297
-0.0438000000000005 -8.28029249404187e-05 0.000108073122716608 -6.36000953327455 628.043503536785 191938552.795196
-0.0439000000000005 0.000127979723623552 -0.000733424633558846 -6.37370398641272 627.97782235047 191932913.199634
-0.0440000000000005 -0.00105198896316045 9.17086226299936e-05 -6.38705503463542 627.912141164156 191927518.77037
-0.0441000000000007 -0.000740629228950334 -0.000324130946845937 -6.40069827795804 627.846459977842 191921795.263804
-0.0442000000000007 -0.00028532579471306 -0.000644066214110017 -6.41431256662155 627.780778791527 191917089.151561
-0.0443000000000006 -0.000488475369518777 -0.000458838213347098 -6.4274501797041 627.715097605213 191912035.364139
-0.0444000000000006 0.000215967061897502 -0.000513742516522288 -6.44075770439173 627.649416418899 191908025.220846
-0.0445000000000006 -0.000969543891889683 0.000359731355891537 -6.45458352277886 627.583735232585 191902266.128701
-0.0446000000000006 0.000182206404552643 -0.000572301634145128 -6.46770277308525 627.518054046271 191897134.977608
-0.0447000000000006 -5.4633924673741e-05 -0.000403083191499611 -6.48120612783407 627.452372859956 191891895.964318
-0.0448000000000006 -0.000540621547209926 -0.000622489277276954 -6.49506660630501 627.386691673642 191886322.491265
-0.0449000000000006 -0.000550529371772251 -0.000413545511214048 -6.50838786463679 627.321010487328 191880922.685593
-0.0450000000000006 -0.00114039986515816 -0.000194829383555265 -6.52178148219435 627.255329301014 191876037.99511
-0.0451000000000006 0.000252065331301089 -0.000583657011717623 -6.53493740570327 627.189648114699 191872155.22504
-0.0452000000000006 -0.00122921637308752 -4.42578275420139e-05 -6.54909295984448 627.123966928385 191866386.109238
-0.0453000000000006 -0.000372218069856615 0.000145267670879726 -6.5618676231129 627.058285742071 191861049.021791
-0.0454000000000006 3.10179931795539e-05 -0.00128378840556765 -6.5757065974917 626.992604555757 191855509.709686
-0.0455000000000005 -0.000529971950283754 0.000638353012202329 -6.58846006454913 626.926923369442 191851210.727963
-0.0456000000000005 -0.000439403061139665 -0.000700278463206749 -6.60282888887448 626.861242183128 191846007.703773
-0.0457000000000005 -0.000742754817734528 -0.000528226943245124 -6.61587490056063 626.795560996814 191840891.05763
-0.0458000000000005 0.000112115265930995 -0.000492227159330448 -6.6292656779849 626.7298798105 191836881.474492
-0.0459000000000005 -0.000513545289529793 -0.000261984747383749 -6.64284150294491 626.664198624185 191831413.739565
-0.0460000000000007 -0.000707582213487832 -0.00014067350675561 -6.65629114387198 626.598517437871 191825724.697781
-0.0461000000000007 4.61103908363523e-05 -0.000755243114308671 -6.66956692382089 626.532836251557 191820485.768054
-0.0462000000000007 -0.000919201610089745 -0.000456788829689988 -6.68324951591246 626.467155065243 191814986.733639
-0.0463000000000006 0.000388058804142539 -0.000743551528003319 -6.69595140105645 626.401473878928 191811239.330547
-0.0464000000000006 -0.000851338535662975 -0.000456911359548453 -6.70992263005744 626.335792692614 191805915.701939
-0.0465000000000006 -8.52769190401286e-05 -0.000279072229228272 -6.72330573053757 626.2701115063 191801322.254647
-0.0466000000000006 -0.000737055876744613 2.47654017064818e-05 -6.73676104356695 626.204430319986 191795666.965242
-0.0467000000000006 9.46267472888338e-05 -0.000724040419731979 -6.74967238477566 626.138749133671 191791149.907815
-0.0468000000000006 -0.000204357473846409 -0.000420990190428461 -6.7629999821074 626.073067947357 191785951.796232
-0.0469000000000006 -0.00023456229016226 -0.00027852911509871 -6.7765858152456 626.007386761043 191780923.269145
-0.0470000000000006 -0.000708987787624951 -0.000552545336645043 -6.79013595884941 625.941705574729 191776167.841156
-0.0471000000000006 1.32012290833355e-05 -0.000505648996437452 -6.80296012100242 625.876024388415 191771795.590874
-0.0472000000000006 -0.000213704593189897 -0.000727266177884522 -6.81681443443771 625.8103432021 191766309.371384
-0.0473000000000006 -0.00051001657521175 -0.000318167719162897 -6.8303631571261 625.744662015786 191760621.143135
-0.0474000000000005 -0.000263761407578426 -0.000797605256873073 -6.84390958414961 625.678980829472 191755786.203143
-0.0475000000000005 -0.000379877207362524 -0.000775201572062956 -6.85715473524708 625.613299643158 191751239.498494
-0.0476000000000005 -0.000410801145678275 0.000310614329590693 -6.87001471766371 625.547618456843 191747319.420031
-0.0477000000000005 0.000185330965380722 -0.000820975690928401 -6.88360708774392 625.481937270529 191741999.828396
-0.0478000000000005 -0.000424595479432368 -0.00069145826798534 -6.89710597480506 625.416256084215 191736684.980157
-0.0479000000000005 -0.000893190696254479 0.000321716565027699 -6.91041953299433 625.350574897901 191731523.975898
-0.0480000000000005 -0.000251822601882453 -0.00099581326079929 -6.92366103232364 625.284893711586 191726593.161647
-0.0481000000000007 0.000100595978382406 -0.000840035377255175 -6.93673979255455 625.219212525272 191722070.684799
-0.0482000000000007 -0.000130512448352306 -0.000260139532793783 -6.95023914291529 625.153531338958 191717506.981893
-0.0483000000000006 -0.000562759798722503 -2.22206024727272e-05 -6.96410581909899 625.087850152644 191712598.789682
-0.0484000000000006 -3.79657048294361e-05 -0.000453184944340396 -6.97726087802816 625.022168966329 191707691.611256
-0.0485000000000006 -9.23616043506413e-05 -0.000320819774934557 -6.99065680425504 624.956487780015 191702618.374165
-0.0486000000000006 -0.000658381107766191 -3.19005745291395e-05 -7.0039552490416 624.890806593701 191697819.382208
-0.0487000000000006 -0.000157408125388863 -0.000889181004212575 -7.01729242424378 624.825125407387 191692645.631177
-0.0488000000000006 -0.000925702913719701 0.000410433758396858 -7.03050949166052 624.759444221072 191688200.495038
-0.0489000000000006 -0.000340462210104709 -0.000882736878716509 -7.04407166302647 624.693763034758 191683440.861611
-0.0490000000000006 -0.000314610303395524 -4.41884092519222e-05 -7.05704965332264 624.628081848444 191679041.213568
-0.0491000000000006 -0.000577995830942165 -0.000602426817233354 -7.07078614058301 624.56240066213 191673557.979858
-0.0492000000000006 -0.000275212791943565 8.68949433290937e-05 -7.08374383598603 624.496719475815 191668987.481958
-0.0493000000000006 -0.000551784449293201 -0.000161424393943709 -7.09743839762007 624.431038289501 191663822.148407
-0.0494000000000005 -0.000102547871810904 -0.000686708957618121 -7.11043314952259 624.365357103187 191659499.587036
-0.0495000000000005 -0.000579086806355707 2.66512933852692e-05 -7.12395436577949 624.299675916873 191655056.8211
-0.0496000000000005 -0.000343621293470357 -0.000342350566677898 -7.1374327944632 624.233994730558 191649989.394151
-0.0497000000000005 0.000164403050008622 -0.000236710786554416 -7.1504902552675 624.168313544244 191645122.083079
-0.0498000000000005 -0.000785391652722997 7.84510677415782e-05 -7.16410665038821 624.10263235793 191640092.287649
-0.0499000000000005 -0.000195585275721746 -0.000543244626685401 -7.17726159617858 624.036951171616 191635505.863674
-0.0500000000000007 -0.000548733954068755 0.000108063353520718 -7.19034095795452 623.971269985301 191630783.378432
-0.0501000000000007 -2.76353461857864e-05 -0.000714047618597667 -7.20379399931857 623.905588798987 191625643.377304
-0.0502000000000006 -0.000402615546164743 -2.92248048416814e-05 -7.21691079106974 623.839907612673 191621037.423547
-0.0503000000000006 -0.000747160739389834 -7.9424725833484e-05 -7.23060411885356 623.774226426359 191616255.462285
-0.0504000000000006 0.000253676837067073 -0.000616354548993026 -7.24365754928913 623.708545240044 191612258.108729
-0.0505000000000006 -0.000741777707700368 -4.59197112253597e-05 -7.25672302259916 623.64286405373 191607454.967568
-0.0506000000000006 -0.000596344632823746 0.000151628427299482 -7.27023200166356 623.577182867416 191602520.419109
-0.0507000000000006 -0.000221216224021028 -0.000710784202429984 -7.28376932049119 623.511501681102 191596913.337253
-0.0508000000000006 -0.000327688747752343 9.23864251623222e-05 -7.29671587968129 623.445820494788 191592936.118379
-0.0509000000000006 -0.000588556032278368 -0.000596925926493036 -7.31030570029591 623.380139308473 191588003.002347
-0.0510000000000006 -0.000173975269348302 -8.35678055952668e-05 -7.32312661405783 623.314458122159 191584161.263168
-0.0511000000000006 -0.000739355121426082 -0.000236003251309799 -7.33673201510221 623.248776935845 191578957.549209
-0.0512000000000006 0.000307162279297225 0.000120683839063579 -7.34925115181879 623.183095749531 191574766.201307
-0.0513000000000006 -0.000395171111415811 -0.000804106845201082 -7.36332229895284 623.117414563216 191568602.97382
-0.0514000000000005 1.05602289109629e-05 0.000261449735657919 -7.37636185230788 623.051733376902 191565027.463102
-0.0515000000000005 -0.000816141707434912 -0.000497247359855148 -7.39006098668241 622.986052190588 191559803.018422
-0.0516000000000005 0.00018642167513606 -0.00073097176984124 -7.40272558107277 622.920371004274 191556093.590021
-0.0517000000000005 -0.000785224680075333 -0.000227367444904622 -7.41609817369023 622.854689817959 191550810.275962
-0.0518000000000005 -0.000789682958047752 0.000225077826589851 -7.42917892720209 622.789008631645 191546531.487618
-0.0519000000000005 0.000145683997866134 -0.00141760715264978 -7.44251042517514 622.723327445331 191541181.574655
-0.0520000000000005 -0.000510715514120235 -0.000249428889789132 -7.45553041259895 622.657646259017 191536573.683831
-0.0521000000000007 -0.000503502259428844 -0.000462445272392041 -7.4689415719553 622.591965072702 191532148.973162
-0.0522000000000006 -0.000547526866689215 -2.2923026104971e-05 -7.48221764205872 622.526283886388 191528123.943819
-0.0523000000000006 -6.26305575332315e-05 -0.000639015399011145 -7.49558358238539 622.460602700074 191523182.30173
-0.0524000000000006 -0.000505396006197865 -0.00014627430776985 -7.50894023443319 622.39492151376 191519025.203271
-0.0525000000000006 -0.000995370818533718 -0.000284760025995683 -7.52220489652756 622.329240327445 191513863.002715
-0.0526000000000006 -0.000357533313781378 -0.000604611592886158 -7.53490207402498 622.263559141131 191509497.167036
-0.0527000000000006 -0.000851897183638427 -0.000771533979751539 -7.54828327465867 622.197877954817 191504220.619415
-0.0528000000000006 -0.00087031396310756 -0.000186271843148166 -7.56149424137233 622.132196768503 191500336.668991
-0.0529000000000006 -0.000492720922782232 -0.000693722846004664 -7.57514572957288 622.066515582188 191495865.576859
-0.0530000000000006 0.000114389812427807 -0.00051384768727731 -7.58789947098277 622.000834395874 191491779.974681
-0.0531000000000006 -0.00058863075505459 -0.000466416973311369 -7.60116385262267 621.93515320956 191486673.028877
-0.0532000000000006 -0.00040281417730601 -6.51670238448189e-05 -7.6143400154868 621.869472023246 191482026.093238
-0.0533000000000006 -0.00089124422002108 -0.000502037314920327 -7.62789788817986 621.803790836932 191476743.637405
-0.0534000000000005 7.0021177659561e-05 -0.000572459014976601 -7.64094225345664 621.738109650617 191472441.931038
-0.0535000000000005 -0.000583889929009427 -0.000154003388167569 -7.65393220171297 621.672428464303 191468505.323764
-0.0536000000000005 -0.000658701254576848 0.00028513004489834 -7.6668533255901 621.606747277989 191464512.162826
-0.0537000000000005 -3.9835607506844e-05 -0.000459806937966453 -7.68045572660388 621.541066091675 191459919.889005
-0.0538000000000005 -0.000518113002270038 -0.000361847612484768 -7.69385044153765 621.47538490536 191455115.278545
-0.0539000000000005 -0.000357264664295544 -0.000489009789044646 -7.7067840685591 621.409703719046 191450545.53111
-0.0540000000000007 -0.000705769948761066 -0.000260158808400448 -7.72019672413964 621.344022532732 191445521.429119
-0.0541000000000007 0.0002145661154992 -0.000671925669694583 -7.73288627002958 621.278341346418 191441861.778152
-0.0542000000000006 -0.00117382269545263 9.41544477727002e-05 -7.74655019373536 621.212660160103 191436929.884621
-0.0543000000000006 -1.85488395267299e-05 -0.000107294594014439 -7.75921671399941 621.146978973789 191433329.087673
-0.0544000000000006 -0.000295582940366036 -0.000632977399765873 -7.77238952644293 621.081297787475 191428096.181231
-0.0545000000000006 -0.000840969676877931 -0.000159039088368896 -7.78567940271052 621.015616601161 191423865.303817
-0.0546000000000006 -0.000483095798951514 -0.000817724909350861 -7.79896736117614 620.949935414846 191418879.293402
-0.0547000000000006 -0.000632204184779796 -8.91646358597975e-05 -7.81202243760305 620.884254228532 191415003.971544
-0.0548000000000006 -2.0066727222074e-05 -0.000652191197289096 -7.8248625336303 620.818573042218 191410985.728837
-0.0549000000000006 -0.000110969577016468 0.000474272557089624 -7.8378889987858 620.752891855904 191407198.185428
-0.0550000000000006 -0.000483111011618126 0.000120055980705126 -7.85138790623042 620.687210669589 191401937.53246
-0.0551000000000006 -0.000107590497281802 -0.000810365508589244 -7.86447922669163 620.621529483275 191396884.571808
-0.0552000000000006 -0.000689737183672354 -8.53764498093656e-05 -7.87730110903001 620.555848296961 191392891.936641
-0.0553000000000006 -0.000154114734569757 -0.000917342564008699 -7.89079922294081 620.490167110647 191388326.330419
-0.0554000000000005 -0.000216118093426523 -0.000387592174156853 -7.90356921692687 620.424485924332 191384717.498776
-0.0555000000000005 -0.000621324560551823 -0.000190787185084629 -7.916731805382 620.358804738018 191380479.690682
-0.0556000000000005 -2.55565132837578e-05 -0.000386217282729749 -7.92980054062529 620.293123551704 191376312.572993
-0.0557000000000005 -0.000748939936752385 -0.000650866260170786 -7.94331066732573 620.22744236539 191370372.850274
-0.0558000000000005 4.99030200158811e-05 -0.000323191619724291 -7.95586003703336 620.161761179075 191366985.221268
-0.0559000000000005 -0.000610026253178875 -0.000153547854214285 -7.96910232890772 620.096079992761 191362325.697022
-0.0560000000000005 0.000145097679130889 -0.000942688579967834 -7.98225963973029 620.030398806447 191358534.950062
-0.0561000000000007 -0.000452966712159359 5.64217270315872e-05 -7.99516968104403 619.964717620133 191354325.922704
-0.0562000000000006 -0.000194413130988925 -0.000416312267503258 -8.00841638676395 619.899036433818 191349744.454164
-0.0563000000000006 -0.000398615887294454 -6.52995241736592e-05 -8.02128230223996 619.833355247504 191344898.954452
-0.0564000000000006 -0.000636988676143817 -0.000330176299604184 -8.03482809514032 619.76767406119 191340110.687354
-0.0565000000000006 0.000125720502696717 -0.000508196750275364 -8.04775965657191 619.701992874876 191336687.791116
-0.0566000000000006 -0.000477332744551313 -0.000189613822595983 -8.06072142765521 619.636311688561 191332606.848015
-0.0567000000000006 -0.000258592474796031 6.58109698684908e-05 -8.07370742949771 619.570630502247 191328531.917209
-0.0568000000000006 -0.000186317333075437 -0.00073139862833503 -8.08705483669714 619.504949315933 191323111.92444
-0.0569000000000006 -0.000360212110843803 0.000161957392495818 -8.09956170597415 619.439268129619 191319202.038815
-0.0570000000000006 -0.00064936736027401 -0.000444108718145177 -8.11300030980784 619.373586943305 191314516.179825
-0.0571000000000006 -0.000247433825545497 -0.000168880335542238 -8.12576183751762 619.30790575699 191311140.91013
-0.0572000000000006 -0.000326595619198475 -0.000460706928376426 -8.13904226348206 619.242224570676 191306702.528433
-0.0573000000000006 -0.000241586517197793 -0.0001982466745344 -8.15201325317369 619.176543384362 191302561.824369
-0.0574000000000005 -0.000573687092161624 0.000137753930859829 -8.1648116779464 619.110862198048 191298082.883314
-0.0575000000000005 4.80566252734711e-05 -0.000806582821098885 -8.17780751179377 619.045181011733 191293942.496082
-0.0576000000000005 -0.000527829697272289 -1.69368976025959e-05 -8.19122628333286 618.979499825419 191289398.86038
-0.0577000000000005 -0.000602879384244106 -0.000535118619463992 -8.20412170393619 618.913818639105 191285668.286354
-0.0578000000000005 -0.000433813078711582 -0.000973658278374414 -8.21732230317762 618.848137452791 191281518.62864
-0.0579000000000005 -0.000723360146295978 -0.000121007739910787 -8.23006362803029 618.782456266476 191277360.943878
-0.0580000000000005 -0.000374198164108689 -0.000606992686895209 -8.24315099414737 618.716775080162 191272535.690012
-0.0581000000000005 -0.000695618562232699 -0.000383950717849194 -8.25615921698963 618.651093893848 191268429.671741
-0.0582000000000006 -0.000529020612505084 1.84725142614551e-05 -8.26878770882945 618.585412707534 191264707.337552
-0.0583000000000006 -0.000364484477624912 -0.000561311933138836 -8.28203650214868 618.519731521219 191260406.11173
-0.0584000000000006 -0.000705513335697672 -4.85028274008546e-05 -8.29533367225324 618.454050334905 191256615.104707
-0.0585000000000006 -0.000643734444163241 -0.000655577800676634 -8.30826323039448 618.388369148591 191252107.44103
-0.0586000000000006 4.11888402020774e-05 -0.000512060039949334 -8.3205756657713 618.322687962277 191248254.944106
-0.0587000000000006 -0.00088672841371799 -0.000335151663498829 -8.33405346589123 618.257006775962 191243298.15066
-0.0588000000000006 -6.32195341196698e-05 -0.000306179196776931 -8.34677941250629 618.191325589648 191239575.537442
-0.0589000000000006 -0.000685078301299553 -0.000190118423826377 -8.35984236253764 618.125644403334 191235341.222125
-0.0590000000000006 -0.000265370873218373 -0.000844585943137669 -8.37278388875764 618.05996321702 191231901.10069
-0.0591000000000006 -0.000173331270563157 -0.000266266440880511 -8.38561975934712 617.994282030705 191227802.011446
-0.0592000000000006 -0.000668609666365467 0.000198753857289192 -8.39876162217985 617.928600844391 191222960.40075
-0.0593000000000005 -4.125481867441e-05 -0.00103652412877239 -8.41212996473369 617.862919658077 191218534.177131
-0.0594000000000005 -0.000525684420832873 -0.00015556394005255 -8.42473925728656 617.797238471763 191214633.227548
-0.0595000000000005 -0.000438383595238946 -0.000233279281184055 -8.43777177253686 617.731557285449 191210947.440502
-0.0596000000000005 -0.000462084693613568 -0.000377428025234058 -8.45054032684094 617.665876099134 191206933.440254
-0.0597000000000005 4.83326052526044e-05 -0.000245347007759214 -8.46315334370799 617.60019491282 191203200.821144
-0.0598000000000005 -0.00028480589258153 -0.000927520940316366 -8.47625007262749 617.534513726506 191197913.254066
-0.0599000000000005 -0.000268164414374097 -0.000405710231879702 -8.48889440758169 617.468832540192 191194338.227619
-0.0600000000000005 -0.000852175484352333 0.000339152507840352 -8.50228044221399 617.403151353877 191190362.808497
-0.0601000000000007 2.69570384664204e-05 -0.000590719989317357 -8.51519902473694 617.337470167563 191186582.700655
-0.0602000000000006 -5.58930877529572e-05 -0.000667360907314752 -8.52809895341047 617.271788981249 191182499.732512
-0.0603000000000006 -0.000623546770919928 -0.000321986048006113 -8.54099752176253 617.206107794934 191178217.2939
-0.0604000000000006 -0.00057412321984188 -0.000257006528543639 -8.55359096885869 617.14042660862 191174076.748968
-0.0605000000000006 -0.00010437118151345 -0.00100346204299954 -8.56645663378245 617.074745422306 191169664.064385
-0.0606000000000006 -0.000782849785735104 -9.1085537901861e-05 -8.57962893384209 617.009064235992 191165823.277691
-0.0607000000000006 -0.000643873974714865 -8.20998107169585e-05 -8.59258315792683 616.943383049678 191162197.575061
-0.0608000000000006 0.000196259759192748 -0.000508372586743767 -8.60524897709432 616.877701863363 191158437.41145
-0.0609000000000006 -0.00103868724580894 4.96116126240744e-05 -8.61803594576684 616.812020677049 191154644.253355
-0.0610000000000006 -0.00042699513479496 -0.00025721773077197 -8.63080394767313 616.746339490735 191150764.841692
-0.0611000000000006 -0.000840425862766839 -0.000896513583731874 -8.64397278467288 616.680658304421 191145577.220317
-0.0612000000000006 -0.000259359065098072 -0.000312963078144446 -8.65636138854609 616.614977118106 191142252.911625
-0.0613000000000005 -0.000605527227597488 -0.000808729466229912 -8.66940761669192 616.549295931792 191138049.179093
-0.0614000000000005 2.09895665360068e-05 6.88344123138552e-05 -8.68189208064298 616.483614745478 191135312.896746
-0.0615000000000005 -0.000549564558575534 -0.00103451627873684 -8.69562170014616 616.417933559164 191129952.182916
-0.0616000000000005 -0.000253227827264736 9.66960662506861e-05 -8.70794416799108 616.352252372849 191127158.094082
-0.0617000000000005 -0.000531826929445352 -0.000751025031228169 -8.72092079693877 616.286571186535 191121845.058807
-0.0618000000000005 6.58852053455483e-05 -0.000223755167827936 -8.73309419140497 616.220890000221 191118891.999448
-0.0619000000000005 -0.000770682025083372 -0.00029272393860396 -8.74655551338114 616.155208813907 191114217.030006
-0.0620000000000005 2.73789792105343e-05 -0.000569193836487068 -8.75918154671591 616.089527627592 191111487.309728
-0.0621000000000005 -0.000830524453306226 -0.000353148937754561 -8.77213828711858 616.023846441278 191107106.5445
-0.0622000000000006 -0.000433398340811509 -0.000324461044502202 -8.78468728446234 615.958165254964 191103496.151427
-0.0623000000000006 -0.000307599544509157 -0.000812681152530581 -8.79771493903043 615.89248406865 191099335.527583
-0.0624000000000006 -0.00101639545210026 5.19954270752065e-05 -8.81044082370933 615.826802882335 191094969.631525
-0.0625000000000006 -0.000180062665682681 -0.000636985544963955 -8.8231015356902 615.761121696021 191091005.483809
-0.0626000000000006 -0.000229251497867385 -0.00069655600221574 -8.83577278408393 615.695440509707 191087837.645079
-0.0627000000000006 -0.00111714966593689 0.000362218218491869 -8.84874594215932 615.629759323393 191084306.171724
-0.0628000000000006 -8.41261174795908e-05 -0.00080705333269063 -8.86193164412571 615.564078137078 191080286.428537
-0.0629000000000006 -0.000390751140756754 -0.000533397401710629 -8.87448697119107 615.498396950764 191076158.718921
-0.0630000000000006 -0.000731504691461708 0.00027993666219357 -8.88700044735145 615.43271576445 191072129.125329
-0.0631000000000006 0.000224119042224428 -0.000539813394450533 -8.89999884226595 615.367034578136 191068292.269702
-0.0632000000000006 -0.000550927191285135 -0.000584965519449299 -8.91295508575574 615.301353391822 191064407.162824
-0.0633000000000006 0.000243412505328095 -0.000494556216677144 -8.92550971165778 615.235672205507 191061608.101996
-0.0634000000000005 -0.000730346668910072 5.30297981596561e-05 -8.93828185670024 615.169991019193 191057496.201237
-0.0635000000000005 0.00014047973292287 -0.000748039100578519 -8.95091874182365 615.104309832879 191053369.359734
-0.0636000000000005 -0.000120415008688026 -0.000687426153147457 -8.9640191619588 615.038628646565 191048932.458794
-0.0637000000000005 -0.000704226010518579 0.000126734228727278 -8.9768195967026 614.97294746025 191045397.356868
-0.0638000000000005 -0.000415311487424358 -0.000118833834533374 -8.98909098796406 614.907266273936 191042553.712162
-0.0639000000000005 0.000345270139080412 -0.000274243535666343 -9.0017151628848 614.841585087622 191038859.139789
-0.0640000000000005 -0.000340489855717325 -0.000738589500344323 -9.01487000838808 614.775903901308 191034259.287927
-0.0641000000000007 -0.000537329961933205 -0.000343095227846436 -9.02741312033335 614.710222714993 191030400.538976
-0.0642000000000006 -0.000438054810792874 -0.000153944310178109 -9.04000610399619 614.644541528679 191026930.787259
-0.0643000000000006 -0.000320456595191693 -0.00084407725479187 -9.0533201884164 614.578860342365 191022705.061553
-0.0644000000000006 -0.000517452109237236 -5.61770943541401e-05 -9.06557600339775 614.513179156051 191019901.778113
-0.0645000000000006 -6.73791229078848e-05 -0.000532967187203465 -9.0782051061753 614.447497969736 191016377.827756
-0.0646000000000006 -0.000245600693668847 -0.000409478077739997 -9.0909993823823 614.381816783422 191012125.635973
-0.0647000000000006 -0.000323196758382209 -0.000439694022203945 -9.10370331997207 614.316135597108 191008129.057047
-0.0648000000000006 -0.000475171532600061 -0.00090632548668715 -9.1163255855443 614.250454410794 191004249.328996
-0.0649000000000006 -0.00035815341468621 8.50299049345774e-05 -9.12852389393223 614.184773224479 191001247.823544
-0.0650000000000006 -0.000502787957062573 -0.000369615302376215 -9.14175872263988 614.119092038165 190997104.904846
-0.0651000000000006 -0.000442439336229277 -0.000183518356190506 -9.15430738057242 614.053410851851 190994081.481646
-0.0652000000000005 -0.000339566740312458 -0.000543847339626893 -9.16681994792722 613.987729665537 190990451.353513
-0.0653000000000006 -0.00056948748396737 -0.000299762951555744 -9.17927042045912 613.922048479222 190986913.422609
-0.0654000000000005 -0.000470778589364928 -0.000449444315191729 -9.19215455191708 613.856367292908 190982530.4312
-0.0655000000000005 -0.00102858769549105 -9.24854684338928e-05 -9.2051233977251 613.790686106594 190978636.375253
-0.0656000000000005 0.000401711596911283 -0.00119987733260888 -9.21763817374413 613.72500492028 190975281.216227
-0.0657000000000005 -0.00054370172480772 -3.51964281140838e-05 -9.23004743105427 613.659323733965 190972017.216112
-0.0658000000000005 -0.000908045367027072 -0.000192940137246023 -9.24280643299924 613.593642547651 190968504.900861
-0.0659000000000005 0.000121444845841442 -0.00100272867900407 -9.25529473255028 613.527961361337 190964866.178508
-0.0660000000000007 -5.41201686341127e-05 -0.000518059255282352 -9.26781725701838 613.462280175023 190961291.094594
-0.0661000000000006 0.000261842069297243 -0.000620257714682289 -9.28044192684823 613.396598988708 190957497.681879
-0.0662000000000006 -0.000570405244274969 -0.00072021654326071 -9.29345796347523 613.330917802394 190953188.10991
-0.0663000000000006 0.000414104795204196 -0.000205743092370909 -9.30541170694236 613.26523661608 190951069.619185
-0.0664000000000006 -0.00103265159386317 8.04724292960715e-05 -9.31833458153529 613.199555429766 190946993.05669
-0.0665000000000006 0.000264845082914722 -0.000761651217055259 -9.33101310838933 613.133874243451 190943354.475329
-0.0666000000000006 -0.000804572419163424 -0.000517550415082515 -9.34421493239781 613.068193057137 190938893.747805
-0.0667000000000006 -0.000870881884976008 -0.000198921479011003 -9.35586843769994 613.002511870823 190935577.56081
-0.0668000000000006 -0.00035319993408776 -0.000878040573967388 -9.3684344386398 612.936830684509 190932192.229358
-0.0669000000000006 6.74296686438699e-05 -0.000749881333857329 -9.38109331855476 612.871149498195 190928969.829208
-0.0670000000000006 -0.000554650231056529 0.000103478835140693 -9.39389637359126 612.80546831188 190925534.471651
-0.0671000000000006 -0.000620316860115995 -0.000393345723574893 -9.40631643064203 612.739787125566 190921995.970891
-0.0672000000000006 -0.000126898206566884 -0.000610055356091874 -9.41898782026062 612.674105939252 190918372.078132
-0.0673000000000005 -0.000339535780540106 -0.00046275843148676 -9.43186949595112 612.608424752938 190914257.560424
-0.0674000000000005 -0.000482210064946124 0.000347453318749701 -9.44396161932471 612.542743566623 190911290.575017
-0.0675000000000005 -0.000169566916207689 -0.000526924141817294 -9.45709029760578 612.477062380309 190907284.678617
-0.0676000000000005 -0.000273912057573222 -0.000291876645831171 -9.46886239418453 612.411381193995 190904516.673006
-0.0677000000000005 -0.00101402093018754 -0.000545397083175515 -9.48169796205085 612.345700007681 190900979.129115
-0.0678000000000005 -0.000466031110366611 -0.000193918575448683 -9.49392800766014 612.280018821366 190897614.424524
-0.0679000000000005 -0.00024159417017882 -0.00102717333615511 -9.50677238563032 612.214337635052 190892890.9269
-0.0680000000000005 -0.000671363060828126 0.000244686375800829 -9.51882780717746 612.148656448738 190890103.787231
-0.0681000000000006 -0.000332094122610023 -0.000630392827246389 -9.53165378310199 612.082975262424 190886817.655999
-0.0682000000000006 -9.38310152003276e-05 -0.00107940868650304 -9.54394764550275 612.017294076109 190883460.832188
-0.0683000000000006 -0.000479887585167381 -0.000590065411793439 -9.55627763378245 611.951612889795 190880325.739426
-0.0684000000000006 -0.000311237079678752 -0.000202747631034963 -9.56873835543279 611.885931703481 190877088.186453
-0.0685000000000006 -0.000184226920586485 -0.000522366200940519 -9.58111437050083 611.820250517167 190872872.032235
-0.0686000000000006 -0.000752769383114535 -0.000279866559192173 -9.59410940572843 611.754569330852 190868990.81767
-0.0687000000000006 -0.000668637878209939 -0.000714711191575527 -9.60655711076546 611.688888144538 190866049.41961
-0.0688000000000006 -0.000338147011046092 -0.000471240564537835 -9.61862701900447 611.623206958224 190863262.559816
-0.0689000000000006 0.000256623202871937 -0.00095210438569225 -9.63148844360695 611.55752577191 190859609.086984
-0.0690000000000006 -0.00075458685910106 0.000147866569374557 -9.64390435481385 611.491844585595 190856275.570249
-0.0691000000000006 2.40227658732423e-06 -0.000309389594877549 -9.65592212652021 611.426163399281 190852985.203807
-0.0692000000000006 -0.000147145796714409 -0.000993025506243296 -9.66868059330287 611.360482212967 190848759.577586
-0.0693000000000005 -0.000966259128397517 0.000239511194300729 -9.68128225150049 611.294801026653 190845775.737993
-0.0694000000000005 -7.0103503337501e-05 -0.000508719710155029 -9.69380596590039 611.229119840339 190842835.678613
-0.0695000000000005 0.000147741033213176 -0.000517087339135186 -9.70582617344177 611.163438654024 190840055.0182
-0.0696000000000005 -0.00097320623522485 -9.81204174533353e-05 -9.71867174414225 611.09775746771 190835841.791069
-0.0697000000000005 0.000117766983412057 -0.000401682034409514 -9.73078362282417 611.032076281396 190832877.39416
-0.0698000000000005 -0.00118508889110574 6.26329263479335e-06 -9.74334385078876 610.966395095082 190828367.151396
-0.0699000000000005 0.000206020782109775 -0.000975254922056533 -9.7554740799137 610.900713908767 190825845.769128
-0.0700000000000005 -0.00117675917336699 -3.89537956538731e-05 -9.76816276562077 610.835032722453 190822493.362358
-0.0701000000000005 -0.000778060828776085 -0.000243108126438926 -9.78054043165362 610.769351536139 190819296.434552
-0.0702000000000006 -0.000475982043906831 -0.000790135339566466 -9.79295080560371 610.703670349825 190816127.533137
-0.0703000000000006 -0.0008912729143095 -0.000326145191352733 -9.8054334850744 610.63798916351 190812951.88541
-0.0704000000000006 -0.000577875504531561 -0.00035172105198414 -9.81777418975904 610.572307977196 190809476.73395
-0.0705000000000006 -0.000224534255021446 -0.000199832238666681 -9.82979528386921 610.506626790882 190806228.939965
-0.0706000000000006 -0.000565889853297298 -0.000425193005593979 -9.84245873232774 610.440945604568 190802209.746417
-0.0707000000000006 -0.000441537816809677 -0.000419619209506546 -9.85488898699412 610.375264418253 190799510.827886
-0.0708000000000006 -0.000476462632443156 -0.000358678451978803 -9.86765923725652 610.309583231939 190796577.437766
-0.0709000000000006 -0.000119983052379299 -0.000754049278086756 -9.87945262197964 610.243902045625 190793523.523051
-0.0710000000000006 -0.000559002851309856 -0.000507604750452797 -9.89169677344078 610.178220859311 190790191.120172
-0.0711000000000006 -0.000802191328957847 -0.000246426552655522 -9.90391916909307 610.112539672996 190786635.626043
-0.0712000000000006 -0.000176992377580362 -0.000632841825143581 -9.91649775140378 610.046858486682 190783017.642794
-0.0713000000000005 -5.10737149143709e-05 -0.00101186869781483 -9.92900098418688 609.981177300368 190779156.241694
-0.0714000000000005 -0.00107701993510336 -0.000144471825527994 -9.94134103967283 609.915496114054 190776660.7314
-0.0715000000000005 -9.85397929592486e-05 -0.000424688177713744 -9.95326863893308 609.849814927739 190774279.370363
-0.0716000000000005 -0.000342401816531982 -0.000478992899792492 -9.96569840300923 609.784133741425 190770869.62973
-0.0717000000000005 -0.000579984509641118 -0.00059746886023714 -9.97840610457564 609.718452555111 190767568.220838
-0.0718000000000005 -0.000444058972344058 -1.26085221892952e-05 -9.99007678646035 609.652771368797 190764685.98628
-0.0719000000000005 -0.00051086196406675 6.19513865078526e-05 -10.0024976189597 609.587090182482 190761378.967664
-0.0720000000000005 -0.000269326636607218 -0.000577980054167092 -10.0152012246512 609.521408996168 190757337.771144
-0.0721000000000006 -0.000635393937979184 -0.000243020522878818 -10.0272153247534 609.455727809854 190754745.739974
-0.0722000000000006 -0.000473366511668588 -0.000524093406165632 -10.0394840914548 609.39004662354 190752035.239721
-0.0723000000000006 -0.000188585727527145 -0.00063111583710324 -10.0512146219599 609.324365437225 190749328.542456
-0.0724000000000006 -0.00117464028586737 -6.65413471968072e-05 -10.0638671884352 609.258684250911 190745360.589626
-0.0725000000000006 0.000230392049448764 -0.00124582998695418 -10.0764811544432 609.193003064597 190742068.05527
-0.0726000000000006 -0.00033290279047162 -0.000523745572538447 -10.0882802650641 609.127321878283 190738873.432742
-0.0727000000000006 -0.000663815466923707 -9.09809299434064e-05 -10.1006467999196 609.061640691968 190736092.548117
-0.0728000000000006 0.000241488890436894 -0.000441144045161119 -10.1128885759238 608.995959505654 190733840.717213
-0.0729000000000006 -0.000443308988313913 -0.000495589186360004 -10.1256385737044 608.93027831934 190729819.349016
-0.0730000000000006 -0.000120000446427378 -0.00022832027522806 -10.1373016183034 608.864597133026 190727126.571477
-0.0731000000000006 -6.75587931724342e-05 -0.000738896027059434 -10.1497407923467 608.798915946712 190723246.817099
-0.0732000000000006 -0.000381026298170959 -0.000264031927480545 -10.1617810045356 608.733234760397 190720534.029524
-0.0733000000000005 -0.000528613316174554 -0.00105287616889159 -10.1744189398402 608.667553574083 190717749.905477
-0.0734000000000005 -0.000568141878421035 -2.54929128150159e-05 -10.1860113349312 608.601872387769 190714783.871151
-0.0735000000000005 -0.000242406975576524 -0.000222737745465978 -10.1983237496098 608.536191201455 190711777.32358
-0.0736000000000005 -0.000283167756680814 -0.000686999603422245 -10.2106943331417 608.47051001514 190708186.662004
-0.0737000000000005 -4.31301469074457e-05 -0.000401546303964322 -10.2229478553395 608.404828828826 190705368.56632
-0.0738000000000005 -0.00100060096787353 -0.000346555677158768 -10.2355020313549 608.339147642512 190701778.648021
-0.0739000000000005 -0.000331059524671247 -0.000266771174867523 -10.2471109488746 608.273466456198 190700225.420749
-0.0740000000000005 -0.000376145897133882 -0.000825964672198376 -10.2594579661041 608.207785269883 190696665.369172
-0.0741000000000005 0.000237781824409626 -0.000486582046085895 -10.271129444564 608.142104083569 190693565.923524
-0.0742000000000006 -0.00108010709310798 -0.000131657089531038 -10.2837588985191 608.076422897255 190689871.191551
-0.0743000000000006 -0.0007682954611506 -0.000147246074973474 -10.2954350515204 608.010741710941 190687502.563852
-0.0744000000000006 -0.000185713268303576 -0.00103160229416813 -10.3078638762768 607.945060524626 190684275.298074
-0.0745000000000006 -0.000718482236476077 -0.000272721212526043 -10.3198038943047 607.879379338312 190681989.264318
-0.0746000000000006 -0.000794736768010994 -0.000192328774095733 -10.3323409832573 607.813698151998 190678767.168544
-0.0747000000000006 0.00013977669896394 -0.000288909237075116 -10.3444065820607 607.748016965684 190676089.981339
-0.0748000000000006 -0.000204305608661218 -0.000669143397196647 -10.3562921017415 607.682335779369 190672932.89332
-0.0749000000000006 -0.000288527534569005 -0.000349987829072737 -10.3682260074751 607.616654593055 190669641.673787
-0.0750000000000006 -0.000342201900864814 -0.000179872656200652 -10.3805640159984 607.550973406741 190666445.911273
-0.0751000000000006 -0.000372804553054092 -0.000674111660561765 -10.392816330456 607.485292220427 190663605.003372
-0.0752000000000005 -0.000765206635177107 -0.000176556940407913 -10.404820608342 607.419611034112 190661203.454082
-0.0753000000000005 -0.0002274387399248 7.02609426757358e-06 -10.416561247878 607.353929847798 190658585.397685
-0.0754000000000005 -0.00016989005895031 -0.000467030701098825 -10.4286914602902 607.288248661484 190655292.633734
-0.0755000000000005 -0.000341026063849811 -0.000852863544115293 -10.440582038713 607.22256747517 190652469.289723
-0.0756000000000005 -0.00101874733788786 0.000372298934081134 -10.4526479852683 607.156886288856 190649337.531109
-0.0757000000000005 -0.000107523672793211 -0.000480232386179206 -10.4644536097063 607.091205102541 190646178.994562
-0.0758000000000005 -1.27334311948155e-05 -0.00143389609132715 -10.4771157790467 607.025523916227 190643166.667277
-0.0759000000000005 -0.000691429413055471 4.5128450619359e-05 -10.488603307108 606.959842729913 190641294.87906
-0.0760000000000005 -0.000942036373806392 -0.000313319307566677 -10.5008894863623 606.894161543599 190638015.112913
-0.0761000000000006 0.000476781035661279 -0.000792170496459642 -10.5123078706879 606.828480357284 190635706.495941
-0.0762000000000006 -0.00024407021768268 -0.00012011588766554 -10.5247864309947 606.76279917097 190632246.268812
-0.0763000000000006 -0.000974485024207568 -0.000116407838971071 -10.5370864795845 606.697117984656 190628658.901239
-0.0764000000000006 -0.0001739595888179 -0.000740133744254719 -10.5489168651315 606.631436798341 190626501.091852
-0.0765000000000006 -0.000552704238124898 -0.000510305717859733 -10.5608283941681 606.565755612027 190623617.706761
-0.0766000000000006 -0.000657444830222282 -0.000507902057456462 -10.572467317026 606.500074425713 190621222.390345
-0.0767000000000006 -0.000938174673069334 0.000245970834032701 -10.5844754413317 606.434393239399 190618438.785737
-0.0768000000000006 0.000282292894387362 -0.00106325763289257 -10.5963349440874 606.368712053085 190616068.770604
-0.0769000000000006 -0.000853233346502249 -0.000273110893034544 -10.6087538167566 606.30303086677 190612686.371355
-0.0770000000000006 -0.000952044278656464 2.62402929166393e-05 -10.6208958874045 606.237349680456 190609710.479683
-0.0771000000000006 0.00025429859078618 -0.00129937377272935 -10.6326770648817 606.171668494142 190607002.095225
-0.0772000000000005 -0.000512032948412958 -0.000542676356853147 -10.6445750247568 606.105987307828 190604020.657542
-0.0773000000000005 -0.000660010886557216 0.000216746279576022 -10.6565794442857 606.040306121513 190602030.798764
-0.0774000000000005 -0.000339038799097665 -0.00121309944348016 -10.6687330066861 605.974624935199 190598563.307453
-0.0775000000000005 -0.00060453446026277 -0.000418004311027608 -10.6803882284025 605.908943748885 190596258.618149
-0.0776000000000005 -0.000749427851119887 -0.000579855546559508 -10.6920610688841 605.843262562571 190592854.192667
-0.0777000000000005 -0.00036399950330874 -0.000882504941994394 -10.7039373700056 605.777581376256 190590272.457969
-0.0778000000000005 -0.00075990958757504 -0.000358046571132412 -10.7162371451958 605.711900189942 190587811.253409
-0.0779000000000005 -0.00100746895990286 -8.34706812456251e-06 -10.7280789602415 605.646219003628 190585262.522901
-0.0780000000000007 0.000156465514305971 -0.000531036734021644 -10.7398085844601 605.580537817314 190582914.118982
-0.0781000000000006 -0.000606868722675567 -0.00060227622560127 -10.7518239717075 605.514856630999 190579938.635551
-0.0782000000000006 -0.000680192687380629 5.86661110404342e-05 -10.7636294166248 605.449175444685 190577665.201883
-0.0783000000000006 -0.00073649979197221 -0.000487628275469299 -10.7757120909687 605.383494258371 190573835.303644
-0.0784000000000006 -0.000605910052298564 -0.000457020602566351 -10.7874083043241 605.317813072057 190571436.283508
-0.0785000000000006 -0.000274766873545187 -0.000468869813436417 -10.799141510886 605.252131885742 190569333.998577
-0.0786000000000006 -0.000682577261253869 -0.000359880192456432 -10.8111921856066 605.186450699428 190566683.180404
-0.0787000000000006 -0.000253654008191862 -0.000496264726039935 -10.8226541509768 605.120769513114 190564370.841765
-0.0788000000000006 -0.000602474801312252 -0.00035920891256699 -10.8343067852763 605.0550883268 190561346.45692
-0.0789000000000006 0.000180971943840321 -0.000983656070968911 -10.8466862122017 604.989407140485 190558847.274241
-0.0790000000000006 -0.00056589272396626 -0.000270938432778039 -10.8584402522339 604.923725954171 190555931.641232
-0.0791000000000006 -0.00107624305016535 -5.01798036144999e-05 -10.8702497255828 604.858044767857 190553206.975392
-0.0792000000000005 0.000230131363699635 -0.000922148591399999 -10.8821143859722 604.792363581543 190551005.949175
-0.0793000000000005 -0.000668521537255798 -0.000669686474126992 -10.8940053158799 604.726682395229 190548271.455633
-0.0794000000000005 -0.000479964901059406 0.000205473308068539 -10.9052405821771 604.661001208914 190546493.607844
-0.0795000000000005 -0.000257053233289452 -0.000738453415513283 -10.9174146096294 604.5953200226 190543292.29924
-0.0796000000000005 -0.000322915791191298 0.000242914149788136 -10.9287256765386 604.529638836286 190540761.322473
-0.0797000000000005 -0.000656475984197598 -0.00116405768383592 -10.9413849251546 604.463957649972 190537030.261073
-0.0798000000000005 -0.000180085580521623 -0.000439337217538175 -10.9523308727114 604.398276463657 190535896.175989
-0.0799000000000005 -0.00146712472419599 -0.000138322882661281 -10.9646666120016 604.332595277343 190532698.59477
-0.0800000000000005 0.000141935310581268 -0.000274864651893553 -10.9756851527998 604.266914091029 190531616.665694
-0.0801000000000006 -0.000519274106469847 -0.000929219216882637 -10.9881838558119 604.201232904715 190527908.359124
-0.0802000000000006 -0.000652815139081482 0.000596484752531964 -10.9995535569603 604.1355517184 190525837.270105
-0.0803000000000006 9.4076893331861e-05 -0.000985543014996284 -11.0113181506432 604.069870532086 190522505.970896
-0.0804000000000006 -8.64056797736428e-05 0.000240678635148939 -11.0228165695554 604.004189345772 190520651.452153
-0.0805000000000006 -0.000844930985842876 -0.000921018686614349 -11.0350689044585 603.938508159458 190517659.57478
-0.0806000000000006 -0.000295835355625221 -0.000435634617370094 -11.0463915355624 603.872826973143 190515836.684933
-0.0807000000000006 -0.00102098684782081 -0.000450224128877982 -11.0585488891156 603.807145786829 190512941.068659
-0.0808000000000006 0.000139533444527044 -0.000478086318931588 -11.0698557017372 603.741464600515 190510768.38388
-0.0809000000000006 -0.000886668250240608 -0.000303333149644834 -11.0815052729549 603.675783414201 190507890.040807
-0.0810000000000006 -0.000599978088960103 0.00013364235908818 -11.093058887182 603.610102227886 190505573.968704
-0.0811000000000006 -0.000855360981308509 -0.00119114227193102 -11.1054927654583 603.544421041572 190502038.906417
-0.0812000000000005 -0.000705491504954788 -8.99737600288067e-05 -11.1161725411701 603.478739855258 190500950.43891
-0.0813000000000005 -6.77339836506193e-05 -0.00102837788989887 -11.1280883185037 603.413058668944 190498531.345582
-0.0814000000000005 -0.000385676049919866 -0.000311545826167037 -11.1393478767201 603.347377482629 190496537.043175
-0.0815000000000005 -0.000988074643605787 -0.000469825463683123 -11.1516765667247 603.281696296315 190493519.895308
-0.0816000000000005 3.02317530689434e-05 -0.000484618559919766 -11.1628095309647 603.216015110001 190491463.411339
-0.0817000000000005 -0.000409703845708102 -0.000707250003577733 -11.1748595893466 603.150333923687 190488155.828785
-0.0818000000000005 -0.000978903304862324 0.000229453764225092 -11.1863462607316 603.084652737372 190486229.023645
-0.0819000000000005 -2.6742206102138e-05 -0.000641997600567379 -11.1978660043915 603.018971551058 190484014.504961
-0.0820000000000005 -0.000477979020512688 5.59746065159977e-05 -11.2095008675664 602.953290364744 190481991.404527
-0.0821000000000005 -3.7706268781555e-05 -0.000450793314510736 -11.2211195379753 602.88760917843 190479478.065363
-0.0822000000000006 -5.26988010226138e-05 -0.00136875582200552 -11.2332519328605 602.821927992115 190476601.733411
-0.0823000000000006 -0.00150018914539004 0.000731568081035392 -11.244100375975 602.756246805801 190475021.31742
-0.0824000000000006 -9.27350837038711e-05 -0.00105113815909093 -11.2561065893177 602.690565619487 190471871.405612
-0.0825000000000006 -0.000116029384202405 -0.000541957801798771 -11.2673961518202 602.624884433173 190469932.625392
-0.0826000000000006 -0.000702396338280997 -1.02837957892571e-05 -11.2789126035475 602.559203246858 190467707.91759
-0.0827000000000006 7.5329408850975e-06 -0.000663872619372036 -11.290789064341 602.493522060544 190465504.550516
-0.0828000000000006 -0.000513691983037876 -0.000787415309713206 -11.3023732412301 602.42784087423 190462767.260643
-0.0829000000000006 -0.0010897759874834 0.000265423467447285 -11.3133192037394 602.362159687916 190461110.926135
-0.0830000000000006 -0.000304584200593403 -0.00155649748950083 -11.3254520018942 602.296478501602 190457719.412577
-0.0831000000000005 -0.00105682794176526 0.000336667753917069 -11.3369063216801 602.230797315287 190455518.963572
-0.0832000000000006 -4.76096444430665e-05 -0.000749392310610912 -11.3483205813092 602.165116128973 190453905.201854
-0.0833000000000005 -0.000120848584699151 -0.000828573325095117 -11.3594156319989 602.099434942659 190451659.842216
-0.0834000000000005 -0.00115913115975171 0.000381209111256004 -11.3713279350282 602.033753756345 190449332.750043
-0.0835000000000005 0.000531053148723678 -0.0010971741871005 -11.3826964268981 601.96807257003 190447234.139624
-0.0836000000000005 -0.000592775771042861 0.000239826903180531 -11.3939664084586 601.902391383716 190444902.827739
-0.0837000000000005 -0.000593147336193147 2.89689611539318e-06 -11.4056796415176 601.836710197402 190442226.651475
-0.0838000000000005 9.70675678613065e-05 -0.000962496948285716 -11.4169237027015 601.771029011088 190440264.02301
-0.0839000000000005 -0.000526557180488257 -0.000423795503400953 -11.4285371442639 601.705347824773 190438389.873135
-0.0840000000000005 -0.000683005283183256 -0.000335003002777329 -11.4403893259127 601.639666638459 190436118.755226
-0.0841000000000006 -0.000161522278452083 -0.000434026467595966 -11.4517005589867 601.573985452145 190434105.801594
-0.0842000000000006 -0.000180257266917605 -7.02343177009367e-05 -11.4629070276792 601.508304265831 190431333.280902
-0.0843000000000006 -0.00074954587873635 -0.000949136301338567 -11.4748593040366 601.442623079516 190428219.6207
-0.0844000000000006 -0.000203822607261631 -0.000423956795001073 -11.4856617835627 601.376941893202 190427096.973004
-0.0845000000000006 -0.00148401593236634 -3.84915247337815e-05 -11.4973037123409 601.311260706888 190424537.006182
-0.0846000000000006 0.00060577082956487 -0.00159509400853136 -11.5084571572983 601.245579520574 190422955.789437
-0.0847000000000006 -0.000762198976622274 -0.000306747004005562 -11.5198572823013 601.179898334259 190421153.045168
-0.0848000000000006 -0.00103565967151609 0.000240798364645434 -11.5316529030737 601.114217147945 190418245.036176
-0.0849000000000006 0.00073742405128261 -0.00146228544186718 -11.5429264600505 601.048535961631 190416161.714916
-0.0850000000000006 -0.00129695016260732 0.000240910379526871 -11.554345241572 600.982854775317 190413613.739143
-0.0851000000000006 -0.000162224661108828 -0.000348235192081431 -11.5654573105588 600.917173589002 190412001.168037
-0.0852000000000005 -1.78886863708784e-05 -0.000734362807729099 -11.5769945851558 600.851492402688 190410232.889817
-0.0853000000000005 -0.00102571895822705 0.000639460768018034 -11.5884043919058 600.785811216374 190408206.868212
-0.0854000000000005 0.000284616367114433 -0.00123696895562714 -11.5999541876778 600.72013003006 190405644.84221
-0.0855000000000005 0.000183712974738541 -0.00100135895511103 -11.6112291234822 600.654448843746 190403362.754366
-0.0856000000000005 -0.00142979625333717 0.000630652584411522 -11.6225021896599 600.588767657431 190400874.925939
-0.0857000000000005 5.80032666861693e-05 -0.00142172987707534 -11.6335186223433 600.523086471117 190399024.912292
-0.0858000000000005 -0.000485787380420436 -0.000412090383685875 -11.6448909135999 600.457405284803 190397677.123546
-0.0859000000000005 -0.000612332545108764 -0.000217302211172647 -11.6565835232031 600.391724098489 190395340.388483
-0.0860000000000005 0.000718248463253742 -0.00144648809490861 -11.6675659594906 600.326042912174 190393771.406331
-0.0861000000000005 -0.000977695742588152 0.000295076765974439 -11.6792664136517 600.26036172586 190391546.471267
-0.0862000000000006 -0.000594213924460141 0.000190842218576908 -11.6895826375618 600.194680539546 190389877.515992
-0.0863000000000006 0.000725835026275843 -0.00106295930957317 -11.7015112412026 600.128999353232 190387546.442521
-0.0864000000000006 -0.000842567997527983 0.00011790954284486 -11.7129428695903 600.063318166917 190384811.820308
-0.0865000000000006 -0.000220650049804786 3.14143450206365e-06 -11.7241219753186 599.997636980603 190383066.466277
-0.0866000000000006 0.000615724351394469 -0.00117346045290378 -11.7354438638109 599.931955794289 190381505.365151
-0.0867000000000006 -0.00151269971254315 0.000319164207586979 -11.7464556610114 599.866274607975 190379322.235127
-0.0868000000000006 -0.000274722014816415 -0.000553651956116034 -11.757160628576 599.80059342166 190377834.713114
-0.0869000000000006 -0.000267563834920778 -0.00151661807769912 -11.7692658974371 599.734912235346 190374735.734839
-0.0870000000000006 -0.000794377139297783 5.21930162866996e-05 -11.7799745959125 599.669231049032 190373393.286947
-0.0871000000000006 -0.000423649995952938 -0.00103830451022042 -11.7914349609644 599.603549862718 190370469.79239
-0.0872000000000005 -0.000728389853799081 -0.000349267670846353 -11.8021245112619 599.537868676403 190369504.005337
-0.0873000000000005 -0.00063213983069486 -0.000290309748084077 -11.8133308726827 599.472187490089 190367872.305092
-0.0874000000000005 -0.000136374910436457 -0.000545894599511908 -11.8246546133041 599.406506303775 190365890.177292
-0.0875000000000005 -0.00102892885685603 -8.81486504696448e-06 -11.8359763917999 599.340825117461 190363960.045844
-0.0876000000000005 -7.32442612414877e-05 -0.000677438178359634 -11.8472220931546 599.275143931146 190361524.489532
-0.0877000000000005 0.000261493241488977 -0.000967722788490607 -11.8582297536362 599.209462744832 190359249.929156
-0.0878000000000005 -0.00124539111075442 2.39717918798415e-05 -11.8693105273152 599.143781558518 190357623.371719
-0.0879000000000005 -0.00014579985721751 -0.000355620284787048 -11.8803468061244 599.078100372204 190356575.964301
-0.0880000000000005 -0.000784775628656885 -0.00113140968080994 -11.8919935207834 599.012419185889 190353769.259068
-0.0881000000000006 -0.000437259530147812 -0.000172271591631967 -11.9021866777503 598.946737999575 190352921.728869
-0.0882000000000006 -0.000605444201789062 -0.000651590516136517 -11.9139755430411 598.881056813261 190350448.036887
-0.0883000000000006 -0.000215013052731172 -0.000713069482307888 -11.9251150841401 598.815375626947 190348950.461901
-0.0884000000000006 -0.000353348969576927 -0.000627104642979937 -11.9360758139017 598.749694440632 190346830.107747
-0.0885000000000006 -0.000174349560810585 -0.000469871788976976 -11.9472666224327 598.684013254318 190345225.207719
-0.0886000000000006 -0.000862605704054565 -0.000654085426880339 -11.9589377230165 598.618332068004 190342784.525026
-0.0887000000000006 -0.000124580164102114 -0.000552284588429417 -11.9696536085311 598.55265088169 190341594.730194
-0.0888000000000006 -0.000649238920501912 -0.000406424064165264 -11.9803393143785 598.486969695375 190339812.955281
-0.0889000000000006 -0.000353396745055977 -0.000639637787796921 -11.9913611649433 598.421288509061 190337348.477322
-0.0890000000000006 -0.000585644814048084 -0.000968064750457896 -12.0026219158296 598.355607322747 190335011.062704
-0.0891000000000006 -0.000179789145393843 -0.000551117115642361 -12.0134162983844 598.289926136433 190334135.917777
-0.0892000000000005 -0.000708960438718817 -0.000427381007177356 -12.0246992160561 598.224244950119 190332504.387946
-0.0893000000000005 -0.000423123233984258 0.000280942354213868 -12.0354107781065 598.158563763804 190331078.276028
-0.0894000000000005 -0.000462391523712135 -0.000740665578058165 -12.0468767183149 598.09288257749 190328409.762716
-0.0895000000000005 -0.000232925190740413 -0.000528035860190441 -12.0573720289829 598.027201391176 190326922.860884
-0.0896000000000005 -0.000313808603374726 -0.000453233445933386 -12.0684728027486 597.961520204862 190324977.543493
-0.0897000000000005 -0.000442393858532864 -0.000404384577420393 -12.0794570033818 597.895839018547 190323166.606961
-0.0898000000000005 -0.000814883266372452 -0.000616382346242495 -12.0909715133167 597.830157832233 190321406.110545
-0.0899000000000005 -0.000305605472793415 -0.000531360366794475 -12.1015503338237 597.764476645919 190320580.000173
-0.0900000000000006 -0.00066529745235199 -0.00046277320045914 -12.1123587688557 597.698795459605 190318722.710582
-0.0901000000000006 -0.000736804251475175 -0.000744081522787127 -12.1236924445252 597.63311427329 190316519.476144
-0.0902000000000006 -0.000825148855672147 -6.10549851443943e-05 -12.1341874708033 597.567433086976 190315060.554184
-0.0903000000000006 3.1803951352253e-05 -0.000820986207556114 -12.1457710062508 597.501751900662 190312971.756609
-0.0904000000000006 -0.000841783644785068 -0.000255757821998086 -12.1568945291134 597.436070714348 190310935.849614
-0.0905000000000006 -0.000647342642145786 -0.000192547648111007 -12.167238252027 597.370389528033 190310103.050827
-0.0906000000000006 7.05343907249282e-05 -0.00077844023222175 -12.1786911182752 597.304708341719 190308262.8871
-0.0907000000000006 -0.000259430451130021 0.000176687890541212 -12.1890488728606 597.239027155405 190306931.671596
-0.0908000000000006 -0.00062787527437987 -0.000217985573290925 -12.2000205564421 597.173345969091 190304657.419864
-0.0909000000000006 0.000283967238632794 -0.000607205219850049 -12.2110156968326 597.107664782776 190303118.161054
-0.0910000000000006 -0.000708833155413222 -0.000182104233853329 -12.2219384025071 597.041983596462 190300669.653964
-0.0911000000000006 -0.000649277565378915 -0.000332083140157765 -12.2326179718726 596.976302410148 190299799.737808
-0.0912000000000005 0.000296233782007537 -0.00146177853352872 -12.243372633827 596.910621223834 190298541.825859
-0.0913000000000005 -0.000862817729737301 -8.6716153286348e-05 -12.254292547087 596.844940037519 190296861.767873
-0.0914000000000005 -0.000820114279645716 0.000200976830564525 -12.2655017072482 596.779258851205 190295478.178403
-0.0915000000000005 -0.000152731576411316 -0.000363751901186207 -12.2759006320252 596.713577664891 190294274.792578
-0.0916000000000005 -0.000507755299454302 -0.000567478540323495 -12.2869073153504 596.647896478577 190291600.098557
-0.0917000000000005 -0.0003851545776815 -0.00078771258456165 -12.2979081985594 596.582215292263 190289912.568381
-0.0918000000000005 -0.000559474571680816 -0.00052131126843136 -12.3089235260319 596.516534105948 190288582.877739
-0.0919000000000005 -0.000856623726977765 -0.000132170953590019 -12.3194823423827 596.450852919634 190287560.379459
-0.0920000000000005 0.00019370535020135 -0.00124442716760517 -12.3303038230633 596.38517173332 190285946.498888
-0.0921000000000006 -0.000878310854953054 -0.000237522347137514 -12.341259405022 596.319490547005 190284229.691616
-0.0922000000000006 -0.000954394748745157 1.23815247511149e-05 -12.3516026802843 596.253809360691 190282645.218416
-0.0923000000000006 0.000224799926002069 -0.00133866788826743 -12.3621172222277 596.188128174377 190280720.437916
-0.0924000000000006 -0.00103336924285173 0.000210625089284135 -12.3732862037497 596.122446988063 190279155.024513
-0.0925000000000006 -0.000370875299256234 -0.000554020828115244 -12.3844745230642 596.056765801748 190277647.995107
-0.0926000000000006 -0.000353861701536284 -0.000740464100406919 -12.3948570640933 595.991084615434 190276795.34301
-0.0927000000000006 -0.000659389447011035 0.000202317670807373 -12.4053004005792 595.92540342912 190275826.434806
-0.0928000000000006 -0.000185739136015327 -0.000845788939524554 -12.4162047643401 595.859722242806 190273962.247437
-0.0929000000000006 -0.000445045767467959 -0.000936416635074648 -12.4270700324204 595.794041056492 190272635.588612
-0.0930000000000006 -0.000787646964065542 -5.7350746401185e-05 -12.4377873044011 595.728359870177 190270933.408371
-0.0931000000000005 -0.000458739400994211 -3.57247051001266e-05 -12.4483730105505 595.662678683863 190269326.145319
-0.0932000000000005 -0.000408848819348514 -0.000981392331502945 -12.4591564908684 595.596997497549 190267447.616807
-0.0933000000000005 -0.000562974506678008 -0.000639931312120969 -12.4695805567306 595.531316311235 190266482.006756
-0.0934000000000005 -0.000579818508857562 -0.000329865569128586 -12.4802444560844 595.46563512492 190265351.379495
-0.0935000000000005 -3.27954950435426e-05 -0.00105179932686749 -12.4909181254076 595.399953938606 190263693.86827
-0.0936000000000005 -0.000880648448870617 -0.000200376604828373 -12.5012723313573 595.334272752292 190262640.777519
-0.0937000000000005 -0.000315084154429121 -0.00047582302037846 -12.5122407694281 595.268591565978 190260702.783197
-0.0938000000000005 -0.000301604827783286 -0.000945800222910828 -12.5230785459691 595.202910379663 190258826.799862
-0.0939000000000005 -0.000194510361751266 -0.000512589482135548 -12.5333171816777 595.137229193349 190258387.350356
-0.0940000000000005 -0.00092339244001557 -0.000288739460981712 -12.5443355562648 595.071548007035 190256872.402487
-0.0941000000000005 -0.000142835317879635 -0.000543715116741713 -12.5546047575349 595.005866820721 190255770.112291
-0.0942000000000006 -0.000554644826936707 -0.00126514887119934 -12.5656136043876 594.940185634406 190253645.420388
-0.0943000000000006 -0.000240547593101779 2.45711228132646e-05 -12.5752948607956 594.874504448092 190253453.14181
-0.0944000000000006 -0.0010791601295115 -0.000297394484271428 -12.5867975891259 594.808823261778 190250719.61427
-0.0945000000000006 -0.000229921587531791 -0.000326835993922259 -12.5968060891135 594.743142075464 190250292.750038
-0.0946000000000006 -6.0439890359789e-05 -0.00138399186483703 -12.6076943346583 594.677460889149 190248673.506932
-0.0947000000000006 -0.00119684373420957 0.000559459084118107 -12.6180313631233 594.611779702835 190248097.978127
-0.0948000000000006 -0.000143603629994756 -0.00106741213382591 -12.6289190451781 594.546098516521 190246119.788981
-0.0949000000000006 -0.000182881580562643 -0.000354439292188056 -12.6391663853666 594.480417330207 190244949.198771
-0.0950000000000006 -0.00144298376802892 -0.00054512886353984 -12.6504477159901 594.414736143892 190242365.86724
-0.0951000000000005 -0.000571769420627938 -0.000342221887033122 -12.6605429365934 594.349054957578 190241422.251978
-0.0952000000000005 -4.60154423449932e-05 -0.000991274394998657 -12.671078234067 594.283373771264 190240260.040325
-0.0953000000000005 -8.8999562430697e-05 -0.00043495951605625 -12.6813965998811 594.21769258495 190240157.722452
-0.0954000000000005 -0.00105635291389437 -8.69433444353041e-05 -12.6922765384308 594.152011398636 190238024.689129
-0.0955000000000005 0.000607611320178377 -0.000516911561700285 -12.7024351167051 594.086330212321 190237683.398933
-0.0956000000000005 -0.000309693909123467 -0.000735923817515671 -12.7129483290194 594.020649026007 190235870.997204
-0.0957000000000005 -0.000322653889030343 0.000280585088169329 -12.7231542218164 593.954967839693 190235045.187025
-0.0958000000000005 -0.000654011655640326 -0.000821599305321214 -12.7337251337045 593.889286653379 190232756.013721
-0.0959000000000005 -0.000450806452938666 0.0003048455076009 -12.7439171666821 593.823605467064 190232835.33005
-0.0960000000000005 -0.000175939115392948 -0.0011438085568639 -12.7548392391663 593.75792428075 190231232.095992
-0.0961000000000006 -0.000783657095044493 -0.000147474594968572 -12.7648874999565 593.692243094436 190230228.643792
-0.0962000000000006 -0.000783560648363996 -5.46264955844693e-05 -12.7755472364863 593.626561908122 190228712.187916
-0.0963000000000006 0.000730847130165142 -0.00166577976706039 -12.7858992152159 593.560880721807 190226934.461383
-0.0964000000000006 -0.00113908006073392 -0.000206144095515431 -12.7966939190001 593.495199535493 190224889.772827
-0.0965000000000006 -0.000720139125053484 0.000261084921965448 -12.8065750993819 593.429518349179 190225074.804474
-0.0966000000000006 0.000138830783751389 -0.00132099137328601 -12.8170887493165 593.363837162865 190223541.579182
-0.0967000000000006 -0.000877384064982773 -0.00010980149199659 -12.8274770931446 593.29815597655 190222813.08319
-0.0968000000000006 -0.000115329089734388 -0.000531424663083183 -12.8380415354578 593.232474790236 190222061.702962
-0.0969000000000006 -0.000130895374868846 -0.000714323456805106 -12.8480083349776 593.166793603922 190220705.205394
-0.0970000000000006 -0.000931152582238931 -0.000516914864813429 -12.8586218422893 593.101112417608 190219257.191017
-0.0971000000000005 -0.000483068233116491 -0.000514819954483054 -12.8688534521577 593.035431231293 190218205.84464
-0.0972000000000005 -0.000620103878541719 -4.27777295632857e-06 -12.8790732668652 592.969750044979 190216827.017192
-0.0973000000000005 -0.000495519486553738 -0.000271889571025567 -12.8892560841035 592.904068858665 190215864.61178
-0.0974000000000005 -3.695338294351e-05 -0.000600735292197857 -12.8997963452977 592.838387672351 190214903.387753
-0.0975000000000005 -0.000487627453518267 -1.42744239587389e-05 -12.9102281181395 592.772706486036 190214118.023602
-0.0976000000000005 -0.000489095092833435 -0.000302986398075617 -12.9204558950474 592.707025299722 190212723.379964
-0.0977000000000005 3.11253532449247e-05 -0.00096905559889575 -12.9305786814529 592.641344113408 190211525.192256
-0.0978000000000005 -0.000856098181841116 -0.000951398936608446 -12.9412444013722 592.575662927094 190209869.097692
-0.0979000000000005 -0.00148144633889354 0.000181345970703073 -12.9514355072043 592.509981740779 190209335.592974
-0.0980000000000005 0.000363179737671089 -0.000955368143903159 -12.9610701531811 592.444300554465 190208848.873842
-0.0981000000000005 -0.000235443137949871 -0.000674184831286483 -12.9720110037022 592.378619368151 190207517.54305
-0.0982000000000006 -0.000714170206857296 -0.000306972779564775 -12.9824589127428 592.312938181837 190206553.772801
-0.0983000000000006 6.95282180609447e-06 -0.00082367768732801 -12.9921411800488 592.247256995522 190205180.566457
-0.0984000000000006 -0.000540014488694788 -0.000519763664876289 -13.0024176530682 592.181575809208 190203903.994819
-0.0985000000000006 -0.000237520788021268 -0.000445391443379694 -13.012803003897 592.115894622894 190202973.541153
-0.0986000000000006 0.00041520560008714 -0.000867949372126917 -13.0226509316114 592.05021343658 190202949.284582
-0.0987000000000006 -0.00124852551944003 -6.50922114455166e-06 -13.0331829990188 591.984532250265 190201451.54789
-0.0988000000000006 -0.00055131548175332 -0.000645480360563768 -13.0434357584768 591.918851063951 190200362.958741
-0.0989000000000006 -0.000293654729651554 -0.000633764946994153 -13.0531119914931 591.853169877637 190200158.210318
-0.0990000000000006 -0.00100137192148309 -0.000405445306161999 -13.0637697016905 591.787488691323 190198812.781013
-0.0991000000000005 -0.00079678168262116 -0.000430850590232051 -13.0738415482125 591.721807505009 190198062.864136
-0.0992000000000005 -0.000414611514532226 -0.000817974515037937 -13.0835999476732 591.656126318694 190196779.467738
-0.0993000000000005 -0.000668843085884894 -0.000563630702848717 -13.0940624074348 591.59044513238 190195257.115604
-0.0994000000000005 -0.000566689024244471 -0.000599586149135397 -13.1040839823689 591.524763946066 190194701.919171
-0.0995000000000005 0.000147070744957004 -0.000531731143538859 -13.1143071117356 591.459082759752 190194546.324291
-0.0996000000000005 -0.00130547226570533 0.00062595464902927 -13.1244228949953 591.393401573437 190193236.851247
-0.0997000000000005 0.000614592260890546 -0.00150930915378736 -13.134206689604 591.327720387123 190192581.440922
-0.0998000000000005 -0.000675954095392865 -0.000572284629940037 -13.1443566230253 591.262039200809 190191210.746457
-0.0999000000000005 -0.000699643470020763 -0.000276616564931436 -13.1543710335804 591.196358014495 190190037.299043
-0.1 -0.000120139551563247 -0.00119739214832699 -13.1646299748098 591.13067682818 190189372.42803
-0.1001 -0.000351138168333153 -0.000543214482951573 -13.174402737964 591.064995641866 190189091.348169
-0.100200000000001 -0.000657836511577447 -0.000329970691834042 -13.1847716498664 590.999314455552 190188095.823574
-0.100300000000001 -0.000248272164107533 -0.00078083974367954 -13.1947457637506 590.933633269238 190187303.666406
-0.100400000000001 -0.000616304964611465 -0.000157478503944553 -13.2044879826711 590.867952082923 190186363.176034
-0.100500000000001 -0.000811044351726328 -0.000516188333845762 -13.2144005391212 590.802270896609 190184865.814985
-0.100600000000001 -0.000724348698489863 -0.000479359848774442 -13.2247920993522 590.736589710295 190184206.874503
-0.100700000000001 -5.81997671921549e-05 -0.00079278619586966 -13.2347671340436 590.670908523981 190184006.797292
-0.100800000000001 -0.00036012155150617 -0.000141562359835416 -13.2448650721978 590.605227337666 190182981.756784
-0.100900000000001 -6.67185647757128e-05 -0.000590212526716559 -13.2543970833447 590.539546151352 190182750.90754
-0.101000000000001 -0.00112710615816376 -0.000329078656331231 -13.2643670591825 590.473864965038 190181463.002503
-0.101100000000001 -1.25141205223024e-05 -0.0003206269767816 -13.2744854161613 590.408183778724 190181090.17745
-0.101200000000001 -0.000771309266075328 -0.000374553152112546 -13.284522190196 590.342502592409 190179551.320891
-0.101300000000001 -0.000773909059755967 -0.000398730460371177 -13.2942265270318 590.276821406095 190179058.323602
-0.101400000000001 -0.000667717771605165 -0.000712908081031905 -13.3043263612715 590.211140219781 190178418.30236
-0.101500000000001 -0.000659591519880514 -0.000432931071658836 -13.3145215908252 590.145459033467 190177853.071201
-0.1016 -0.000863762654223863 -0.000356122127979212 -13.3241331858975 590.079777847153 190177002.242119
-0.1017 -0.000651767172788796 -0.00045444005606925 -13.3340113502735 590.014096660838 190176304.601853
-0.1018 -0.000548737900467951 -0.001075532012638 -13.3440431468765 589.948415474524 190175137.813923
-0.1019 -0.000871313843517809 -0.000534837930833106 -13.3536857524183 589.88273428821 190173986.229763
-0.102000000000001 -0.000373022753887025 -0.000688773710028427 -13.3637601796699 589.817053101895 190173966.4904
-0.1021 -0.000846722352420186 -0.000635717919624244 -13.3738603815985 589.751371915581 190173810.591899
-0.102200000000001 -0.000803078454664599 -0.0015594997932617 -13.3836787740934 589.685690729267 190172397.001453
-0.102300000000001 -0.00018431879914419 -6.91875877670013e-05 -13.3924777507128 589.620009542953 190172925.218444
-0.102400000000001 -0.00053460243397604 -0.00089572053787857 -13.4032248977754 589.554328356639 190171183.869518
-0.102500000000001 -0.00047103480101284 7.15113391307186e-05 -13.413074333134 589.488647170324 190170846.147756
-0.102600000000001 -0.000708568871178962 -0.000643948755038403 -13.4227697824168 589.42296598401 190169519.77791
-0.102700000000001 -0.000255877474819065 -0.000636620321903441 -13.4322982788597 589.357284797696 190169771.487902
-0.102800000000001 -0.000772071934339778 -0.000145572588143947 -13.4422885629846 589.291603611382 190169093.986908
-0.102900000000001 -0.000110964632631043 -0.000797491480557027 -13.4518659384223 589.225922425067 190168650.879993
-0.103000000000001 -0.0011060327992457 -0.000448955700284634 -13.4618743335628 589.160241238753 190167430.30376
-0.103100000000001 -0.000462762079167535 -0.000522125463512023 -13.4713940602764 589.094560052439 190167189.931606
-0.103200000000001 -0.00044949245228394 -0.000585460155424276 -13.4811198814316 589.028878866125 190166533.507475
-0.103300000000001 -0.000403688239232189 -0.000494299629830739 -13.4906183235705 588.96319767981 190166397.974981
-0.103400000000001 -0.000623423593958458 -0.000494639343079373 -13.5006505590395 588.897516493496 190165842.692659
-0.103500000000001 -0.00100443718760304 -0.000315864287569487 -13.5100274415021 588.831835307182 190165143.476737
-0.1036 0.000236842847881276 -0.000949658180933919 -13.5194248469542 588.766154120868 190164530.148275
-0.1037 -0.00119253203885741 -0.000436645806408761 -13.5299341171169 588.700472934553 190162821.653232
-0.1038 -0.000998977775857952 -0.000162346444324726 -13.5392735166423 588.634791748239 190163209.091693
-0.1039 -5.26517093467664e-05 -0.000967774579363779 -13.5487356921333 588.569110561925 190162899.130539
-0.104 -0.000684933636576052 -0.000625142962736326 -13.5585729141319 588.503429375611 190162405.373567
-0.104100000000001 -0.000976799707150502 0.000183273074917383 -13.5679161784874 588.437748189296 190162071.881065
-0.104200000000001 -0.000218062998301571 -0.000628855156429404 -13.5784538535546 588.372067002982 190161644.389015
-0.104300000000001 -0.000399567249683771 -0.000352738052953627 -13.587339191407 588.306385816668 190161398.665925
-0.104400000000001 -0.000424481092319996 -0.00112742708106599 -13.5968788769758 588.240704630354 190159808.540208
-0.104500000000001 -0.000206862828712479 -0.000878326249302209 -13.6066382319826 588.175023444039 190159709.985012
-0.104600000000001 -0.000922173986670824 -0.000817721580473422 -13.6164378740336 588.109342257725 190159074.705278
-0.104700000000001 -0.000294448446399629 -0.000991606971821965 -13.6258865906674 588.043661071411 190159043.153642
-0.104800000000001 -0.000724802022834128 -0.000238687491641399 -13.6351183686981 587.977979885097 190158961.090754
-0.104900000000001 -0.000617592435709455 -0.000677270752842745 -13.6450957335544 587.912298698782 190158044.756807
-0.105000000000001 -0.000293331640699554 -0.000937207390591712 -13.654674900747 587.846617512468 190158115.854988
-0.105100000000001 -0.000663526149668329 -0.000254372432864976 -13.6642744730596 587.780936326154 190157842.577161
-0.105200000000001 1.19563950695961e-05 -0.00104926694354997 -13.6737982170698 587.71525513984 190157092.511524
-0.105300000000001 -0.00053840570582798 0.000134212337164032 -13.6832448848222 587.649573953526 190157103.690056
-0.105400000000001 -8.50922768880486e-05 -0.00110909588053865 -13.6924271796755 587.583892767211 190155617.686336
-0.105500000000001 -0.000683839695945395 -0.000226020964804955 -13.7018680681728 587.518211580897 190155953.66961
-0.1056 -0.000704319833939299 -0.000607776244737445 -13.7118543875406 587.452530394583 190155583.794287
-0.1057 0.00064097904509327 -0.000875807025429463 -13.7208225369635 587.386849208269 190155716.020097
-0.1058 -0.000432167689289269 -0.000554890732481361 -13.7306915562408 587.321168021954 190154878.604812
-0.1059 -0.00136797486566796 -0.000216220677452207 -13.7401165192607 587.25548683564 190153909.712961
-0.106000000000001 -0.00080853561813463 -0.000670272440386637 -13.7496516516295 587.189805649326 190153858.722904
-0.1061 -0.000175690937768929 -0.00144919437888627 -13.7590875985768 587.124124463012 190153800.740726
-0.106200000000001 -0.000779597850086314 2.43685305985956e-05 -13.7679599355476 587.058443276697 190154243.638165
-0.106300000000001 -0.000885535390872099 -4.58907822697453e-05 -13.7779094844534 586.992762090383 190153264.64256
-0.106400000000001 0.000818747101852128 -0.0017658549830415 -13.7873270227892 586.927080904069 190152473.497324
-0.106500000000001 -0.000673913069245625 -0.000239381204352298 -13.7966411688032 586.861399717755 190152087.36121
-0.106600000000001 -0.00173020266755272 0.000272371283733867 -13.8065148131684 586.79571853144 190152158.639631
-0.106700000000001 0.000411608129209761 -0.00114513809253086 -13.8151749324632 586.730037345126 190152425.2072
-0.106800000000001 -0.000489785020517234 -0.00097478699287902 -13.8248892985066 586.664356158812 190151483.796025
-0.106900000000001 -0.00085941327191102 -0.000330936817386529 -13.8341238209158 586.598674972498 190151805.093859
-0.107000000000001 -0.000832263133133076 -0.000326864693089605 -13.8432979962595 586.532993786183 190151183.608864
-0.107100000000001 0.000259893862037067 -0.000810180138033158 -13.8521220922218 586.467312599869 190151593.319798
-0.107200000000001 -0.000552943676338698 -0.000968633384767622 -13.8619778368802 586.401631413555 190151118.701001
-0.107300000000001 -0.000904860922029988 -0.00037628959237478 -13.8713659973463 586.335950227241 190150680.519554
-0.107400000000001 -0.000576358192169765 -0.000249253495464595 -13.8806326560644 586.270269040926 190149967.349724
-0.107500000000001 -9.78688375392222e-05 -0.000770292047608444 -13.8897015417961 586.204587854612 190149797.902476
-0.107600000000001 -0.000623147585246236 -0.000457765780235411 -13.8987067477039 586.138906668298 190149729.03944
-0.1077 -0.000537477990152757 -0.000370712969196982 -13.908105016791 586.073225481984 190150168.50357
-0.1078 -0.000450149828688958 -0.000969721256422655 -13.917791431695 586.00754429567 190149507.493974
-0.1079 -0.000704119053985901 -0.000644292432961774 -13.9266661998859 585.941863109355 190149669.430159
-0.108 -0.000595805020638808 -0.000711252748574766 -13.9358358553815 585.876181923041 190149584.312026
-0.108100000000001 -0.00013999051585587 -0.000846431889832981 -13.9454030719523 585.810500736727 190149822.590376
-0.108200000000001 -0.00101118477510869 -0.000516270131840652 -13.954584624719 585.744819550412 190148926.867464
-0.108300000000001 -0.000533519301883512 -0.000752549903826752 -13.9635477932589 585.679138364098 190148853.922763
-0.108400000000001 -0.000461685742156664 -0.000742580917540763 -13.9733446063406 585.613457177784 190148217.092427
-0.108500000000001 -0.00126739315443886 -0.000175362629582526 -13.9823806713193 585.54777599147 190148486.66981
-0.108600000000001 -0.000752811687550346 -3.15995407439589e-05 -13.9906590802735 585.482094805155 190149027.491103
-0.108700000000001 0.000243961134478081 -0.00113864415691324 -14.0002068740511 585.416413618841 190148697.213202
-0.108800000000001 -0.000302843100189324 -0.000375435786228522 -14.0093275065736 585.350732432527 190148567.757771
-0.108900000000001 -0.00120868277424672 -0.000590783491731831 -14.0186886005638 585.285051246213 190148057.341679
-0.109000000000001 -8.48496751937941e-05 -0.000981255000968808 -14.0278594160671 585.219370059899 190148018.626807
-0.109100000000001 -0.000315239417581543 -0.001195251019749 -14.0371858758801 585.153688873584 190147458.728954
-0.109200000000001 -0.000954584765760385 0.000283385021177243 -14.0456003432012 585.08800768727 190148639.513409
-0.109300000000001 -0.000598962321591805 -0.00123907307932556 -14.0549916206899 585.022326500956 190148089.761811
-0.109400000000001 -4.24120421845937e-05 -0.000358102383984642 -14.0642290603056 584.956645314642 190148820.2301
-0.1095 -0.00178145842857086 -0.000489869632001144 -14.0734399047603 584.890964128327 190147875.623831
-0.109600000000001 -0.000359076360617903 -0.000972314379336663 -14.0821289133541 584.825282942013 190148459.184267
-0.1097 -0.000282908714550714 -0.000575082175583146 -14.0913292329551 584.759601755699 190148364.764697
-0.1098 -0.00108126108585426 -0.000557187084000863 -14.0999952968072 584.693920569385 190148193.831504
-0.1099 -0.000470642533907737 -0.000811147449502816 -14.1093357300803 584.62823938307 190147924.197853
-0.110000000000001 -2.26998010764398e-05 -0.000716807504774139 -14.118322697535 584.562558196756 190147992.449593
-0.1101 -0.000980099972284267 -0.000104251337725484 -14.1270905959186 584.496877010442 190148355.407271
-0.110200000000001 -0.000474986717585346 -0.000142158883994127 -14.1362246010725 584.431195824128 190148884.047835
-0.110300000000001 -0.000486141058211529 -0.00112373425988543 -14.1455847030475 584.365514637813 190148022.565424
-0.110400000000001 -0.00016172139784117 -0.00052067607115012 -14.1541247556509 584.299833451499 190148624.434737
-0.110500000000001 -0.00100538079488305 -0.000208271754993906 -14.1631380176361 584.234152265185 190147967.061825
-0.110600000000001 -0.000252821251557078 -0.000553063003012321 -14.1718105392953 584.168471078871 190148163.529432
-0.110700000000001 -0.000485800799218993 -0.0010517579908048 -14.181048081093 584.102789892556 190148654.106928
-0.110800000000001 -0.00107765385973958 -5.73326086452025e-05 -14.1904472718683 584.037108706242 190148628.112054
-0.110900000000001 -0.000789734386224834 -0.00103830582231259 -14.1987922719865 583.971427519928 190148954.401505
-0.111000000000001 -0.000683383899701194 5.57293853966532e-05 -14.2073083751281 583.905746333614 190149527.092607
-0.111100000000001 -0.000362517714314828 -0.00107653127499518 -14.2169628241419 583.840065147299 190149151.081295
-0.111200000000001 -0.000695073998263725 0.000127898410149918 -14.2254399447534 583.774383960985 190150016.917378
-0.111300000000001 -0.000629342531754842 -0.000845116962270292 -14.23426331301 583.708702774671 190149508.075559
-0.111400000000001 0.000258773999819735 -0.000817478795382437 -14.2430978963331 583.643021588357 190149600.085122
-0.111500000000001 -0.000443299195503864 -0.000761663418107509 -14.2524108227604 583.577340402043 190149332.644502
-0.1116 -0.00130141294510631 1.84199659961316e-05 -14.260826941014 583.511659215728 190150008.595901
-0.1117 -0.000640838076587122 -0.0007701402573148 -14.2697588453451 583.445978029414 190150004.500069
-0.1118 -0.000391717480318027 -0.000820433462303866 -14.2791138169958 583.3802968431 190149883.562465
-0.1119 -0.000279850768045931 -0.000504959052949755 -14.2873731340621 583.314615656786 190150662.3636
-0.112 -0.00106430671032213 -0.000372001068492212 -14.2960280063869 583.248934470471 190150615.466343
-0.112100000000001 -0.000978452504740918 -0.000643559057687606 -14.3051625474147 583.183253284157 190150980.179151
-0.112200000000001 0.000271618669096694 -0.000603175539099267 -14.3132863299778 583.117572097843 190152286.661486
-0.112300000000001 -0.00109359331229696 -0.000741942412816786 -14.3228916671704 583.051890911529 190150701.161322
-0.112400000000001 -0.000742881250392654 0.000259575978211197 -14.3311515564381 582.986209725214 190151990.792475
-0.112500000000001 -0.00090328537980753 -0.000943251773273883 -14.34027140108 582.9205285389 190151177.184976
-0.112600000000001 -0.00051248479142968 -0.000361139670825276 -14.348568852238 582.854847352586 190152054.428469
-0.112700000000001 -0.000852912893641962 -0.000576397575253813 -14.3578753486106 582.789166166272 190152189.448262
-0.112800000000001 -0.000820067346390353 -0.000791161517439778 -14.3664797930487 582.723484979957 190152337.621999
-0.112900000000001 0.000134892208079096 -0.00116615045346029 -14.3746623252234 582.657803793643 190152890.063248
-0.113000000000001 -0.000769813289367105 -0.000558186368217145 -14.3834054084302 582.592122607329 190152926.185759
-0.113100000000001 -0.000943002183664493 -0.000611224190869937 -14.3924397741341 582.526441421015 190153657.922076
-0.113200000000001 -8.68902689418257e-05 -0.000441591769829533 -14.4005284060891 582.4607602347 190154555.938594
-0.113300000000001 -0.000610309750325364 -0.000556918370555404 -14.4095508994608 582.395079048386 190154160.408924
-0.113400000000001 -0.000342748276073239 -0.000449340170574287 -14.4181579619968 582.329397862072 190154395.961458
-0.113500000000001 -0.000626843731275104 -0.000648322755590849 -14.4271300709584 582.263716675758 190154127.556219
-0.1136 -0.0012999608849251 -6.11726380322686e-05 -14.4355927566229 582.198035489443 190154719.18709
-0.1137 -0.000198434285857463 -0.00128205058035641 -14.4442652160718 582.132354303129 190155394.894695
-0.1138 -0.000479616363837808 -0.000976017865004529 -14.4529278532499 582.066673116815 190155766.583054
-0.1139 -0.00102963462838554 9.74605752314563e-05 -14.4608410947414 582.000991930501 190156443.357928
-0.114 -0.0003627798254259 -0.00113108511454031 -14.4700390436635 581.935310744186 190156337.501387
-0.1141 -7.03746021747335e-05 -0.000407882079238067 -14.4782105029456 581.869629557872 190157723.56732
-0.114200000000001 -0.00105186707809789 -4.28355634209731e-05 -14.4865846056809 581.803948371558 190157883.977999
-0.114300000000001 -0.000679407529193291 -0.00121718065796221 -14.4955215575593 581.738267185244 190157326.998911
-0.114400000000001 0.000289874105357719 -0.00154480106678899 -14.5039189474572 581.672585998929 190157783.957852
-0.114500000000001 -0.00152036013650839 -0.000408499507599245 -14.5126039476398 581.606904812615 190158514.979503
-0.114600000000001 -0.000942541960177048 0.000148976440304244 -14.5205808805175 581.541223626301 190159986.241367
-0.114700000000001 0.000172835095827112 -0.00132955241623836 -14.5295636821564 581.475542439987 190159373.364965
-0.114800000000001 -0.000926078865712022 0.0001074976966418 -14.5378820374549 581.409861253672 190160263.387014
-0.114900000000001 -0.00128344695123342 -0.000582760133262087 -14.5467228078499 581.344180067358 190159810.217036
-0.115000000000001 -1.70736533227778e-05 -0.00100453667419428 -14.5545246225179 581.278498881044 190160868.802569
-0.115100000000001 -0.000691324957217023 -0.000382032476264022 -14.5632733146202 581.21281769473 190161997.409068
-0.115200000000001 -0.00107812121643249 -0.000157303297609006 -14.5717297229307 581.147136508416 190161954.918718
-0.115300000000001 -0.000197323227623892 -0.000953422558478598 -14.5797412757547 581.081455322101 190162689.356134
-0.115400000000001 -0.00108062898806818 -2.03412718192256e-05 -14.5884815663835 581.015774135787 190162789.349432
-0.115500000000001 -0.000537128621277352 -0.00100603543940152 -14.5963611706656 580.950092949473 190162695.808313
-0.1156 -0.000438346593855367 -0.00102014586128474 -14.6053246003978 580.884411763159 190163576.819667
-0.1157 -0.000863520574873206 -0.000414275506651942 -14.6132886066555 580.818730576844 190164954.478182
-0.1158 -0.0012937693039564 -0.000368525117245505 -14.6219842998304 580.75304939053 190164785.078653
-0.1159 -0.000296041807988795 -0.000699627646496371 -14.6298346575232 580.687368204216 190166307.071927
-0.116 -0.000467232764151216 -0.000976400875352436 -14.638266341711 580.621687017902 190166258.588974
-0.116100000000001 -0.000303333576047145 -0.000591476221143032 -14.6463433630277 580.556005831587 190167298.900161
-0.1162 -0.000927587116800579 -0.00045440359287878 -14.6556000991991 580.490324645273 190167155.341218
-0.116300000000001 -0.000477029553418569 -0.000906072615351813 -14.663334671913 580.424643458959 190167616.335349
-0.116400000000001 -0.000316313363407203 -0.000884868324117365 -14.6712366489892 580.358962272645 190168987.190713
-0.116500000000001 -0.00104568976621417 -0.000528076636904382 -14.6803414403434 580.29328108633 190169263.387189
-0.116600000000001 -0.000515680997947692 -0.000637296465272113 -14.6882417673138 580.227599900016 190170305.499841
-0.116700000000001 0.00045376586553079 -0.00114607859365789 -14.6960646053946 580.161918713702 190170957.014283
-0.116800000000001 -0.00115191006820774 -0.000144979500461944 -14.7048824573083 580.096237527388 190170647.538745
-0.116900000000001 -0.000601603811189639 -0.000921616712775161 -14.7128405156641 580.030556341073 190170916.717513
-0.117000000000001 -0.000642399685271601 -0.00124612792629961 -14.7212394161144 579.964875154759 190171575.57911
-0.117100000000001 -0.00139434278509436 0.000411141870024333 -14.7286704547937 579.899193968445 190173675.131983
-0.117200000000001 -0.000647743569540452 -0.00133606715483859 -14.737435205138 579.833512782131 190173783.306448
-0.117300000000001 0.000209368255166951 -0.000804491212938967 -14.7451648125069 579.767831595816 190174981.301706
-0.117400000000001 -0.00138425638716171 -0.000270753952622969 -14.7535872706709 579.702150409502 190175541.594417
-0.117500000000001 -0.000409523305321202 -0.000176944455133315 -14.7618117145043 579.636469223188 190176744.834073
-0.1176 -0.000560183734166946 -0.00110673418506189 -14.7701284025461 579.570788036874 190176495.870673
-0.1177 -0.000739722004341334 -0.000746278359348525 -14.778097216272 579.50510685056 190177550.48766
-0.1178 -0.000618970146681807 -0.00106910679919909 -14.7862745776399 579.439425664245 190177501.05625
-0.1179 -0.000641610644282668 -0.00127204558556559 -14.7941696457021 579.373744477931 190178537.811062
-0.118 -0.00115179422967781 -3.76799295733122e-05 -14.802051736919 579.308063291617 190180012.481218
-0.1181 -0.000134292823441861 -0.000829336207727096 -14.8105586933695 579.242382105303 190180822.973222
-0.118200000000001 -0.000330099718027908 -0.00102854547068868 -14.8183104048051 579.176700918988 190181651.364644
-0.118300000000001 -0.00166358612334187 0.000171480950751807 -14.8264278312217 579.111019732674 190181532.965201
-0.118400000000001 -0.00052319775128005 -0.000658637809070799 -14.8340247821083 579.04533854636 190183000.295614
-0.118500000000001 -0.000713883270332529 -0.0012050775841121 -14.8424587816796 578.979657360046 190183353.93939
-0.118600000000001 -0.00097343111577408 0.000114821904704648 -14.8502232259608 578.913976173731 190185119.603282
-0.118700000000001 -0.00161730794755365 -0.000670924722835285 -14.8584165942347 578.848294987417 190185336.904374
-0.118800000000001 -0.000693788425642319 -0.000786071389222661 -14.8668801531303 578.782613801103 190186097.410151
-0.118900000000001 -0.000447864474645723 -0.000828125442297594 -14.8741126610603 578.716932614789 190186838.816393
-0.119000000000001 -0.000973060437066383 -0.000412611950687552 -14.8827202568989 578.651251428474 190187082.588445
-0.119100000000001 -0.00108127515803209 -0.00054655785262454 -14.8902307343694 578.58557024216 190188498.646716
-0.119200000000001 -0.000232443965384354 -0.000722052091803055 -14.8978848489823 578.519889055846 190190058.48366
-0.119300000000001 -0.00105680684811431 -0.00084804424698277 -14.9067086903648 578.454207869532 190190290.918126
-0.119400000000001 -0.000780956840563873 0.000140495907404374 -14.9135046105627 578.388526683217 190192362.287782
-0.1195 -0.000571647061898576 -0.0012549720616797 -14.9218005989344 578.322845496903 190192299.582914
-0.1196 -0.000866534350204532 5.54144985436081e-05 -14.929618663186 578.257164310589 190194019.701176
-0.1197 -0.000791501810614482 -0.000728706738142529 -14.9375084028464 578.191483124275 190194434.393276
-0.1198 -0.000405482954547572 -0.00118528404467305 -14.9456027170271 578.12580193796 190194934.583038
-0.1199 -0.00090632539699625 -2.89099188045035e-05 -14.9529327403261 578.060120751646 190196300.325203
-0.12 -0.000484945559562178 -0.00156606519618425 -14.9611739491802 577.994439565332 190196392.711488
-0.120100000000001 -0.000402825386488065 -0.00056535735526067 -14.9692112137565 577.928758379018 190198393.483599
-0.1202 -0.000207911418212314 -0.000874080549893385 -14.9771801978908 577.863077192703 190199329.522141
-0.120300000000001 -0.000847027723035531 -0.000499062975371234 -14.9845984675333 577.797396006389 190200078.330722
-0.120400000000001 -0.000733179160599435 -0.00113380474120024 -14.9925895682534 577.731714820075 190200452.309977
-0.120500000000001 -0.00115121793517343 -0.000144891434198596 -15.0003425145218 577.666033633761 190201495.84826
-0.120600000000001 -0.000943842544223131 -0.00100192163162772 -15.0084784030235 577.600352447446 190201815.223482
-0.120700000000001 -0.000400160430139767 -0.000843875283272532 -15.0158928192314 577.534671261132 190203576.917485
-0.120800000000001 -0.000390284941979181 -0.000231719016005016 -15.0234322758637 577.468990074818 190205145.780354
-0.120900000000001 -0.00142870286976644 -0.000868024300260187 -15.0317506939926 577.403308888504 190205535.231715
-0.121000000000001 -0.000822258505017655 -0.000715950223357593 -15.0384333990417 577.337627702189 190207664.691362
-0.121100000000001 -0.000471241345871236 -0.0015509200563581 -15.0468397911783 577.271946515875 190207695.76356
-0.121200000000001 -0.000493473819237652 0.000107303601933344 -15.054096067369 577.206265329561 190209768.09172
-0.121300000000001 -0.001230069878721 -7.08827035525121e-05 -15.0624740566023 577.140584143247 190209768.752137
-0.121400000000001 -0.00019637106582361 -0.00122629277103574 -15.0695018896563 577.074902956933 190210870.804336
-0.1215 -0.000600474359753576 -0.000243902454122712 -15.0769088120362 577.009221770618 190212605.512174
-0.1216 -0.00129981175876755 -0.000245175327492327 -15.0848115750173 576.943540584304 190213477.308789
-0.1217 -0.000238525926187708 -0.00141847621898979 -15.092328645039 576.87785939799 190214860.423645
-0.1218 -0.000543105039561566 -0.00125346780584414 -15.1002004479602 576.812178211676 190215486.29844
-0.1219 -0.0011834428647447 -0.000142805410102104 -15.1075668237653 576.746497025361 190217438.242087
-0.122 -0.000772581849834583 -0.000964547070634162 -15.1154685581356 576.680815839047 190218351.197486
-0.122100000000001 -0.000803686992718517 -0.000573235503517171 -15.122399145411 576.615134652733 190219635.468635
-0.122200000000001 -0.00100010954216437 -0.000748283675411283 -15.1305350438009 576.549453466419 190219788.573912
-0.122300000000001 -0.00037984886712527 -0.00102502920575046 -15.1381467742334 576.483772280104 190220921.843895
-0.122400000000001 -0.000565703093437507 -0.000954238795257438 -15.1456903235247 576.41809109379 190222487.07744
-0.122500000000001 -0.000948321612208539 -0.000292638901864677 -15.1528922433106 576.352409907476 190223914.52596
-0.122600000000001 -0.000726532403158284 -0.000766345475750238 -15.1605442072192 576.286728721162 190225020.30555
-0.122700000000001 -0.000304925882737282 -0.00127846301024601 -15.1681795254914 576.221047534847 190226170.24144
-0.122800000000001 -0.00138174130710926 -0.000411445871521985 -15.1754625587386 576.155366348533 190227633.180859
-0.122900000000001 -0.000336643556579384 -0.00072469837351292 -15.1826421849436 576.089685162219 190229701.583189
-0.123000000000001 0.000234503297148664 -0.00134827360386345 -15.1903601461513 576.024003975905 190230160.878897
-0.123100000000001 -0.00164452953508185 -0.000149289367830514 -15.1982414397254 575.95832278959 190231118.507491
-0.123200000000001 -0.00113901967851422 -0.00078728396436318 -15.20533320516 575.892641603276 190232248.566955
-0.123300000000001 4.52329083854583e-05 -0.00211574222153855 -15.2130544173006 575.826960416962 190233126.391586
-0.123400000000001 -0.000819238856634967 -0.000290484276831627 -15.2200164327254 575.761279230648 190235520.404879
-0.1235 -0.0014018601731375 -0.000393914693340465 -15.2278534794285 575.695598044333 190236070.237838
-0.1236 -0.000112011182103344 -0.000696976098317473 -15.2344883957251 575.629916858019 190238396.97219
-0.1237 -0.000958529484713206 -0.000520207309943624 -15.2422354928083 575.564235671705 190238476.544015
-0.1238 -0.000731758911458814 -0.00082302290815315 -15.2500184951081 575.498554485391 190239156.742531
-0.123900000000001 -0.00106459742041136 -0.000574089097398818 -15.2568862671471 575.432873299076 190241107.5027
-0.124 -0.000474776750225292 -0.00120490719716746 -15.2642466727868 575.367192112762 190242970.963031
-0.124100000000001 -0.0010207396288617 -0.000746421915638628 -15.2717324347417 575.301510926448 190244309.860846
-0.124200000000001 -0.0002299780181377 -0.000825964918948861 -15.2789683818884 575.235829740134 190245620.953719
-0.124300000000001 -0.000972306679193118 -0.000230857853110628 -15.2858962844142 575.170148553819 190247048.351145
-0.124400000000001 -0.000811707125693809 -0.000345313911497976 -15.2931586829744 575.104467367505 190248513.700013
-0.124500000000001 -0.000268255850174914 -0.0015874930606001 -15.3008915985099 575.038786181191 190249979.834554
-0.124600000000001 -0.000861042028326765 -0.000300868848887641 -15.3074447058149 574.973104994877 190251175.34686
-0.124700000000001 -0.000863989593600366 -0.00102176487441131 -15.3151917432481 574.907423808562 190251771.437716
-0.124800000000001 -0.00104284668716329 -0.000585938387516583 -15.3229087982452 574.841742622248 190253424.981782
-0.124900000000001 -4.54172578851212e-05 -0.00172761798896472 -15.3296587588654 574.776061435934 190255130.518033
-0.125000000000001 -0.0015357046434096 -1.36434819873919e-05 -15.3369002865324 574.71038024962 190256965.771745
-0.125100000000001 -0.0016065884677407 -0.00088558379657661 -15.3441962285348 574.644699063306 190257711.290831
-0.125200000000001 -0.000705376421837759 -0.00106332069862197 -15.3513128513676 574.579017876991 190259335.317096
-0.125300000000001 -0.000188708525007524 -0.0011488952088674 -15.3586447989542 574.513336690677 190260789.023404
-0.125400000000001 -0.00126439577491306 -0.000494399255675889 -15.3652524849868 574.447655504363 190262426.544049
-0.125500000000001 -0.000934040943116043 -0.000361145957500914 -15.3724623963261 574.381974318049 190264338.95139
-0.1256 -0.000198705977025374 -0.00150175189350281 -15.3796574101809 574.316293131734 190265505.682424
-0.1257 -0.000944728235883755 -0.000506361637762729 -15.3869574578284 574.25061194542 190266540.605775
-0.1258 -0.00121295151149466 -0.000563127712279392 -15.3943014965583 574.184930759106 190267229.660733
-0.1259 -0.00103188986651449 -0.000746449286176227 -15.4010994446049 574.119249572792 190269327.261277
-0.126000000000001 -0.000358449867649033 -0.000870801935692026 -15.4083588109599 574.053568386477 190270864.564993
-0.1261 -0.000879897376737909 -0.000591688634141089 -15.4154977052369 573.987887200163 190272628.036137
-0.126200000000001 -0.00126354435424485 -0.000465026976399632 -15.4226128632476 573.922206013849 190274307.929608
-0.126300000000001 4.28836322769581e-05 -0.000966847267434655 -15.4294709225885 573.856524827535 190276041.3893
-0.126400000000001 -0.0013126383665317 -0.000338302215529818 -15.4363515209081 573.79084364122 190277122.648752
-0.126500000000001 -0.000960414507024304 -0.000463242355804106 -15.4434636618031 573.725162454906 190279339.240253
-0.126600000000001 -0.00065515714043377 -0.00105247694424911 -15.4503805595779 573.659481268592 190280599.579905
-0.126700000000001 -0.000228806689147738 -0.000718997305417595 -15.4574176019772 573.593800082278 190282243.900788
-0.126800000000001 -0.00126793742442171 0.000374835991187055 -15.4643656322988 573.528118895963 190284094.917638
-0.126900000000001 -0.000482579774874413 -0.00136744349462489 -15.4714390618412 573.462437709649 190284753.743773
-0.127000000000001 -0.000464129057138386 -0.00122488964189565 -15.4784510220303 573.396756523335 190286334.328131
-0.127100000000001 -0.00111821857427866 0.00020829920063985 -15.4848579942927 573.331075337021 190289401.584056
-0.127200000000001 -0.00125743378660636 -0.00104502287299418 -15.4921017232243 573.265394150706 190289972.154932
-0.127300000000001 -0.000133241762605633 -0.00168596694097754 -15.4987172263089 573.199712964392 190291987.082035
-0.127400000000001 -0.00103938406693579 -0.000169071751858565 -15.5059891915193 573.134031778078 190293299.445004
-0.127500000000001 -0.000667986327780752 -0.000478146842195045 -15.5128084330586 573.068350591764 190294230.769056
-0.1276 7.91098475523714e-05 -0.00145758356825064 -15.5198243589263 573.00266940545 190295768.177916
-0.1277 -0.00155765077038654 -1.12442493544329e-05 -15.5264771688403 572.936988219135 190298007.07214
-0.1278 -0.00171443577167395 -0.00117432813084774 -15.533639551746 572.871307032821 190298909.643351
-0.1279 -0.000265857987352695 -0.0010714482747984 -15.5398121132107 572.805625846507 190302311.206576
-0.128 -0.000643657438696558 -0.00155940958104448 -15.5474849507099 572.739944660193 190303136.460254
-0.128100000000001 -0.0019446015242635 0.000742555826872794 -15.5529359499877 572.674263473878 190306179.609099
-0.128200000000001 -0.000239325705124034 -0.00123976619361885 -15.5607251641065 572.608582287564 190306781.870177
-0.128300000000001 0.000533558689806434 -0.00193399418881405 -15.5672513233245 572.54290110125 190308873.345366
-0.128400000000001 -0.00192239325133062 -3.67557745418504e-05 -15.5741095738178 572.477219914936 190309589.732422
-0.128500000000001 -0.000353072976538162 -0.000599466913422318 -15.580195239927 572.411538728621 190312273.739152
-0.128600000000001 -0.000247772214076192 -0.00143276518983454 -15.5874354688951 572.345857542307 190314190.647363
-0.128700000000001 -0.00115258893982715 -0.000570894270726632 -15.5942835954485 572.280176355993 190315833.306346
-0.128800000000001 -0.00160675715216652 0.000326300309227669 -15.6002959344205 572.214495169679 190318078.241697
-0.128900000000001 -0.000218860429341557 -0.00163486770465852 -15.6077800733139 572.148813983364 190319263.059909
-0.129000000000001 -0.000649060346271904 -0.00111897393732143 -15.6147956035863 572.08313279705 190321397.458153
-0.129100000000001 -0.00139695786496802 0.000527764608938563 -15.6205070778538 572.017451610736 190323861.048603
-0.129200000000001 -0.0004658864627947 -0.00123551625337392 -15.627900011362 571.951770424422 190325121.871314
-0.129300000000001 -0.000765324196342721 -0.00132206819936728 -15.6340101340258 571.886089238107 190326078.676794
-0.129400000000001 -0.000776020232997836 -0.000946635976885048 -15.6403739270602 571.820408051793 190328249.311265
-0.129500000000001 -0.00106466155911221 -0.000820649572464714 -15.6476363233956 571.754726865479 190329947.258464
-0.1296 0.00030162648626941 -0.00126851636288707 -15.6533829937794 571.689045679165 190332960.323275
-0.1297 -0.00181468471542523 -0.000276416964781251 -15.6611956308453 571.62336449285 190333410.743263
-0.1298 -0.00106132484260527 -0.000353674777843542 -15.6672198214923 571.557683306536 190336210.261325
-0.1299 -3.36311841630999e-05 -0.00165904922725938 -15.673906609065 571.492002120222 190337979.742631
-0.130000000000001 -0.000591654445574598 -0.000860070217214653 -15.6805692379407 571.426320933908 190340111.006551
-0.1301 -0.00179098128568681 0.000243215670040941 -15.6866639072901 571.360639747593 190342152.990285
-0.130200000000001 -0.00080947207984468 -0.00088713831689571 -15.6934298094336 571.294958561279 190343431.142134
-0.130300000000001 -6.34604987143377e-05 -0.00164640975236663 -15.6997722399595 571.229277374965 190345520.579936
-0.130400000000001 -0.00183097209325128 -0.000157051449325751 -15.7062710066764 571.163596188651 190347163.928175
-0.130500000000001 -0.00120318673154765 -0.00105046716003497 -15.7129869845691 571.097915002336 190348987.766372
-0.130600000000001 1.89860055388246e-05 -0.000731406036091362 -15.7184644088121 571.032233816022 190352084.15895
-0.130700000000001 -0.000906452542273786 -0.00110751182392937 -15.72571849214 570.966552629708 190352950.602066
-0.130800000000001 -0.000676395457097387 4.4515558545555e-05 -15.7311977755382 570.900871443394 190356751.261667
-0.130900000000001 -0.00062929861514843 -0.0015611042237226 -15.7383684512935 570.835190257079 190357662.179428
-0.131000000000001 -0.00052223708685256 -0.000993227325778894 -15.7440455641569 570.769509070765 190359978.13128
-0.131100000000001 -0.00141308564679021 0.000228449477310008 -15.7509371837402 570.703827884451 190361059.207204
-0.131200000000001 -0.000254135064211363 -0.000619714715173821 -15.7571756071538 570.638146698137 190363460.641944
-0.1313 -0.000423971649731269 -0.00177771758356251 -15.7636891507812 570.572465511823 190365010.40388
-0.131400000000001 -0.00160823349619447 -0.000263311481569256 -15.7698670299402 570.506784325508 190367367.478346
-0.131500000000001 -0.000984236258268845 -0.000204050056350227 -15.7760377716012 570.441103139194 190369959.655781
-0.1316 0.000410779543757562 -0.00193004072117286 -15.7825576473491 570.37542195288 190371685.482796
-0.1317 -0.0017601357363323 0.000376633979679282 -15.7888197121507 570.309740766566 190374017.312875
-0.1318 -0.00107496114197791 -0.00105152356226428 -15.7950539655446 570.244059580251 190376209.595452
-0.1319 7.86593588182656e-05 -0.00102386785523388 -15.800847042633 570.178378393937 190379144.897131
-0.132 -0.00128268496529166 -0.0010350799472019 -15.8077970605754 570.112697207623 190379494.899423
-0.132100000000001 -0.000889165874370461 -0.000705721414919878 -15.8131695427766 570.047016021309 190382466.872441
-0.132200000000001 -0.000933297455495648 -0.00113069264075939 -15.8203036678124 569.981334834994 190384042.767227
-0.132300000000001 -0.00108666981929558 -0.000834890666065602 -15.8266626070901 569.91565364868 190386231.313872
-0.132400000000001 -0.000459561574694878 -0.000761979381513054 -15.8322605004394 569.849972462366 190389042.886725
-0.132500000000001 -0.00108434033247804 -0.000881759474115357 -15.8384327556752 569.784291276052 190390978.176052
-0.132600000000001 -0.00112376988542858 -0.000568340066274131 -15.8448308534066 569.718610089737 190393841.782182
-0.132700000000001 -0.000968072059006143 -0.000976678842297867 -15.8505582758337 569.652928903423 190395634.164553
-0.132800000000001 -0.00132862393509236 -0.000686230034964848 -15.8571966104735 569.587247717109 190397034.841767
-0.132900000000001 -0.000634689521345762 -0.000631953150331916 -15.8632022730758 569.521566530795 190399255.021871
-0.133000000000001 -0.000523409439093971 -0.00140898258301064 -15.8696158908489 569.45588534448 190401192.097529
-0.133100000000001 -0.00110659724276752 -0.000170600604336764 -15.8749329368114 569.390204158166 190404353.673681
-0.133200000000001 -0.000859940929337568 -0.000756564466865838 -15.8815920020054 569.324522971852 190406215.841168
-0.133300000000001 -0.000342196971152966 -0.00184256093078265 -15.8874588069713 569.258841785538 190408345.383412
-0.1334 -0.00186511810207464 -0.000309318282152573 -15.8938971464356 569.193160599223 190409991.584048
-0.1335 -0.0008495371990255 -0.000753399432163958 -15.8994735151007 569.127479412909 190412921.178921
-0.1336 -0.000226063412576781 -0.00120882088398361 -15.9048078433764 569.061798226595 190415924.649841
-0.1337 -0.00117359176145232 -0.0011496695891283 -15.9115535195604 568.996117040281 190417407.607773
-0.1338 -0.000453209984381645 -9.54878695456146e-05 -15.91750269285 568.930435853967 190419906.503969
-0.1339 -0.000943070821563481 -0.00123068036945494 -15.9242309292435 568.864754667652 190420686.808784
-0.134000000000001 -0.00123483357447018 -0.000405538812770982 -15.9291874533136 568.799073481338 190423791.604928
-0.1341 -0.000889233736014762 -0.00108365343738871 -15.9355075052836 568.733392295024 190426106.295266
-0.134200000000001 -0.000111094723877693 -0.00116556494946079 -15.9411128113011 568.667711108709 190429478.971039
-0.134300000000001 -0.000803873014282416 -0.001164498765044 -15.9481430379799 568.602029922395 190430552.334964
-0.134400000000001 -0.000892178400385745 -0.000654264778607209 -15.9531529227783 568.536348736081 190433901.914807
-0.134500000000001 -0.00079188864956051 -0.000696083262461436 -15.9591436766961 568.470667549767 190435935.856124
-0.134600000000001 0.000288734852798717 -0.00210199988762485 -15.9649118832332 568.404986363453 190438032.813625
-0.134700000000001 -0.00120908733721168 -9.07063342712249e-05 -15.9705290741112 568.339305177138 190440772.388192
-0.134800000000001 -0.00182121299632229 4.21800680702102e-06 -15.9767777218388 568.273623990824 190442637.635444
-0.134900000000001 0.000311079080033827 -0.00140852095069152 -15.9823689459496 568.20794280451 190445967.188218
-0.135000000000001 -0.00112748203894963 -0.0015279326368196 -15.9884076278177 568.142261618196 190447424.578706
-0.135100000000001 -0.00194070008950687 -0.000251340283922279 -15.9948670969964 568.076580431881 190449234.560096
-0.135200000000001 -0.00108402577179406 -0.00105693604745128 -16.0003886054087 568.010899245567 190451648.44361
-0.135300000000001 0.000569371036658678 -0.00122537516615485 -16.005300376424 567.945218059253 190455038.730549
-0.1354 -0.00159606790238659 -0.000863727126232516 -16.0116283605401 567.879536872939 190456691.671523
-0.1355 -0.00146683066467966 -6.60580308358494e-05 -16.0165850464906 567.813855686624 190460479.05545
-0.1356 -0.000692870457882171 -0.00197985448542369 -16.0226131835944 567.74817450031 190462499.09238
-0.1357 -0.00080090000626757 -0.00124038670234321 -16.0284076502189 567.682493313996 190465034.624821
-0.1358 -0.000836933317153769 -0.000422139913677625 -16.033900840786 567.616812127682 190467974.943269
-0.1359 -0.00121308656587968 -0.000691051828238151 -16.0393832978676 567.551130941367 190470167.137219
-0.136 -0.000405277206963428 -0.00138626285743352 -16.0458097937001 567.485449755053 190472023.749825
-0.136100000000001 -0.00117906676761324 -0.000725470922229601 -16.050877410728 567.419768568739 190474825.458962
-0.136200000000001 -0.00116827114991683 -0.000885969741710112 -16.0560341695051 567.354087382425 190478010.351025
-0.136300000000001 -0.000555817862382511 -0.00120351860153529 -16.0621383951738 567.28840619611 190480171.932021
-0.136400000000001 -0.000178749256945684 -0.000945905407282118 -16.0678625879687 567.222725009796 190483320.756041
-0.136500000000001 -0.00147195556622457 -0.000716949820766759 -16.0734149744292 567.157043823482 190485069.3777
-0.136600000000001 -0.00164408532638324 -0.000296847975104982 -16.0796475115831 567.091362637168 190486899.076395
-0.136700000000001 -0.000411453817054451 -0.00169539825339643 -16.0842701233571 567.025681450853 190489642.446027
-0.136800000000001 -0.000704128486801412 -0.000603105599546689 -16.0897085909096 566.960000264539 190492992.701097
-0.136900000000001 -0.00203076188645786 1.75956877415645e-05 -16.0956167975842 566.894319078225 190495399.2905
-0.137000000000001 -0.000502324633638242 -0.00157988070550122 -16.1008186899007 566.828637891911 190498251.552383
-0.137100000000001 -0.00153674271695956 -0.00107072765163 -16.1061592606986 566.762956705596 190501197.668291
-0.137200000000001 -0.00132259615863688 -0.000851181224534393 -16.1119338512975 566.697275519282 190503925.414161
-0.137300000000001 -0.00120610403999496 -0.00122909315410855 -16.1169904019043 566.631594332968 190506215.415496
-0.1374 -0.00109356114781663 -0.000819388544384039 -16.1220996018972 566.565913146654 190509336.131116
-0.1375 -0.00130806924862257 -0.000846753611145483 -16.1280568770078 566.50023196034 190512208.66667
-0.1376 -0.00143205058896713 -0.000586338389326781 -16.1334197621897 566.434550774025 190514895.79495
-0.1377 -0.00112984462799636 -0.00112695448408653 -16.1387489963265 566.368869587711 190517112.262277
-0.1378 -0.00051415018628397 -0.000966593983204581 -16.1433661559455 566.303188401397 190520178.595277
-0.1379 -0.00183248085109626 -0.000762960010305886 -16.1497849071431 566.237507215083 190521451.686766
-0.138 -0.000578734355497965 -0.000896865386924735 -16.1544844757866 566.171826028768 190525826.910113
-0.1381 -0.000516517343091326 -0.00135096236118651 -16.1597844519095 566.106144842454 190528030.874889
-0.138200000000001 -0.0013666632535166 -0.000657383421841858 -16.1653948164286 566.04046365614 190530618.743292
-0.138300000000001 -0.000452915979988424 -0.000315299065124134 -16.1703662449856 565.974782469826 190534248.014413
-0.138400000000001 -0.000605410000530122 -0.00142679562567063 -16.1753783293064 565.909101283511 190536756.232523
-0.138500000000001 -0.001180634138456 -0.000745900179171716 -16.1811256021696 565.843420097197 190539728.606027
-0.138600000000001 -0.00136837506644777 -0.000462033180210193 -16.1861608596095 565.777738910883 190542823.890365
-0.138700000000001 -0.000405304569617726 -0.00058803370881811 -16.1909509314699 565.712057724569 190545654.860775
-0.138800000000001 -0.000409521894314603 -0.00212431227366314 -16.1970484846278 565.646376538254 190546845.334361
-0.138900000000001 -0.00122787408621748 -6.30612925104775e-05 -16.2007714617072 565.58069535194 190550815.01463
-0.139000000000001 -0.0017708347682189 -0.000618705999398117 -16.2072860069307 565.515014165626 190552583.363209
-0.139100000000001 -0.000110165910709012 -0.001113881966276 -16.2113161520505 565.449332979312 190556962.401829
-0.139200000000001 -0.00140628178617744 -0.00110231637849401 -16.2173941797925 565.383651792997 190558993.90967
-0.139300000000001 -0.00108089249806113 -0.000418752756963297 -16.2216554188799 565.317970606683 190562572.734538
-0.1394 -0.00067834698595155 -0.000905290729824837 -16.2265089612487 565.252289420369 190565570.523962
-0.1395 -0.00100814279764572 -0.00100842789192958 -16.2319034057165 565.186608234055 190568502.328253
-0.1396 -0.0012221280425571 -0.000667040987685679 -16.237149002352 565.12092704774 190571335.923567
-0.1397 -0.000661851723030038 -0.00118848495580179 -16.2417591834457 565.055245861426 190573838.768266
-0.1398 -0.000873182935177388 -0.000566566499057479 -16.2469330184193 564.989564675112 190576871.318524
-0.1399 -0.00107476746880726 -0.0010955393858047 -16.2522570578674 564.923883488798 190579483.689998
-0.14 -0.000898910987776926 -0.000577124673576013 -16.2566111168268 564.858202302484 190583154.861894
-0.140100000000001 -0.00101768357281827 -0.00111094580334536 -16.261933013522 564.792521116169 190585862.164607
-0.1402 -0.00117472041275361 -0.00103436618256225 -16.266802438585 564.726839929855 190588532.369821
-0.140300000000001 -0.000889837623601553 -0.00069314743675056 -16.2714993827785 564.661158743541 190591895.966092
-0.140400000000001 -4.74626359788704e-05 -0.00178810655581549 -16.2769245638111 564.595477557226 190594643.970133
-0.140500000000001 -0.00156084078477528 4.75892363415476e-05 -16.2812591622841 564.529796370912 190598080.872458
-0.140600000000001 -0.00133607928853196 -0.000741508238512647 -16.2866542782841 564.464115184598 190600815.596645
-0.140700000000001 -0.000783354609860223 -0.000739908044599432 -16.2906932293809 564.398433998284 190604771.233695
-0.140800000000001 -0.00127456698003247 -0.00204395725662721 -16.295796495686 564.332752811969 190606313.224268
-0.140900000000001 -0.000634546661294486 -0.000396392513995309 -16.3000750983846 564.267071625655 190610638.997636
-0.141000000000001 -0.000896931454587236 -0.00113342742610681 -16.3056218827308 564.201390439341 190612641.081851
-0.141100000000001 -0.00051307017722081 -0.000949591123657451 -16.3097755093369 564.135709253027 190616843.825415
-0.141200000000001 -0.00111974912345527 -0.000984836270406313 -16.3142539952841 564.070028066713 190619890.445993
-0.141300000000001 -0.00179541510908938 -0.000508793507049394 -16.3190087930747 564.004346880398 190623140.560893
-0.1414 -0.000655531188009086 -0.00140760279907116 -16.323564775773 563.938665694084 190626643.782592
-0.1415 -0.00162813413434221 -0.00113776534559957 -16.3284248956699 563.87298450777 190629294.88108
-0.1416 -0.000933785661156483 -0.000997729950779304 -16.3324989880545 563.807303321456 190633702.989243
-0.1417 -0.00101961714338082 -0.00121544053608844 -16.3369198445748 563.741622135141 190636694.273522
-0.1418 -0.00100051965656604 -0.000952462899602279 -16.3420683876241 563.675940948827 190639217.800008
-0.1419 -0.000214212053656043 -0.00142885726331321 -16.3465136644797 563.610259762513 190641944.028008
-0.142 -0.00139071723321081 -0.000530083399845392 -16.3510238862583 563.544578576199 190645120.04313
-0.1421 -0.000930878990296907 -0.000764433388365192 -16.3554099479356 563.478897389884 190649052.655266
-0.142200000000001 -0.000792798518718165 -0.00181801096974153 -16.3603332164848 563.41321620357 190651830.525597
-0.142300000000001 -0.0016471661491528 5.48543623222524e-05 -16.3646359268335 563.347535017256 190655892.284013
-0.142400000000001 -0.000998999443628647 -0.00139574692415358 -16.3697839450714 563.281853830942 190658452.798161
-0.142500000000001 -0.000929962288141494 -0.0014379673911188 -16.3734275609393 563.216172644627 190662067.329626
-0.142600000000001 -0.00112486654416115 -0.000406037797510642 -16.3772808480319 563.150491458313 190666565.101136
-0.142700000000001 -0.000737935177359169 -0.00105657997486437 -16.3820400995947 563.084810271999 190669538.345004
-0.142800000000001 -0.00104177870314252 -0.0011067499692945 -16.3862016704418 563.019129085685 190672377.846243
-0.142900000000001 -0.000926105184297549 -0.0017937865992187 -16.3908080567322 562.95344789937 190675113.069358
-0.143000000000001 -0.001068184950276 -0.000959849844328346 -16.3949218426401 562.887766713056 190679364.81313
-0.143100000000001 -0.000468357248102881 -0.00100633056710321 -16.3991678588505 562.822085526742 190682521.475855
-0.143200000000001 -0.000776620221497164 -0.00107142918592378 -16.403495207579 562.756404340428 190686197.55559
-0.143300000000001 -0.000836504359935766 -0.000904537541724769 -16.4065205615196 562.690723154113 190690362.394366
-0.1434 -0.000837318868623107 -0.00124793194129546 -16.4116454630034 562.625041967799 190692973.190086
-0.1435 -0.00159000066318811 -0.000359127769376967 -16.4157092408402 562.559360781485 190697066.434394
-0.1436 -0.000690620557020945 -0.00125085080572377 -16.4195538331519 562.493679595171 190700618.146047
-0.1437 -0.000879328312820539 -0.00133825777212192 -16.4238860735384 562.427998408857 190703687.204818
-0.1438 -0.00096585367952203 -0.00127251823153332 -16.4283843512424 562.362317222542 190706973.538308
-0.1439 -0.00177083244626694 -0.00058817471219262 -16.4318524840101 562.296636036228 190710916.609465
-0.144 -0.000999656513774682 -0.00173095428822175 -16.4362303203362 562.230954849914 190714270.838047
-0.144100000000001 -0.00120495147558727 -0.0011253955378444 -16.4407495843999 562.165273663599 190717958.506235
-0.1442 -0.00112779869402161 -0.00093611285420953 -16.4437955291683 562.099592477285 190721679.95778
-0.144300000000001 -0.00112557404721508 -0.000968848145756072 -16.4477896796062 562.033911290971 190725422.489194
-0.144400000000001 -0.00171777665495224 -0.000778949072167594 -16.4518387169098 561.968230104657 190728724.398846
-0.144500000000001 -0.000183532347060706 -0.001916400887821 -16.4555603047243 561.902548918343 190733249.058445
-0.144600000000001 -0.00191296578597035 -0.000267872787191201 -16.4595309947196 561.836867732028 190736729.692962
-0.144700000000001 -0.00108790463716723 -0.00131298556703959 -16.46356210164 561.771186545714 190739541.941832
-0.144800000000001 -0.000326855611465617 -0.00127343761614803 -16.4672655822338 561.7055053594 190743392.75989
-0.144900000000001 -0.000787921858831106 -0.00190705580493561 -16.4715855166266 561.639824173086 190746701.210736
-0.145000000000001 -0.00137375969025417 0.000356874741430867 -16.4735351655623 561.574142986771 190752994.250406
-0.145100000000001 -0.00155546436243673 -0.00210089009895735 -16.4791468300345 561.508461800457 190754033.53001
-0.145200000000001 -0.000423248760728056 -0.0011151567130279 -16.4811445143514 561.442780614143 190759478.947518
-0.145300000000001 -0.00144286416500263 -0.000909904210260828 -16.4856534097542 561.377099427829 190762287.632837
-0.145400000000001 -0.00125308576530276 -0.000865810400986486 -16.4889864203772 561.311418241514 190766950.36599
-0.1455 -0.000918027566796565 -0.00183612712532924 -16.4930485633513 561.2457370552 190770129.713601
-0.1456 -0.000722587386599076 -0.00139842057294864 -16.4963792694883 561.180055868886 190774661.197916
-0.1457 -0.0016016258011116 -0.000183266183597906 -16.4997290831247 561.114374682572 190778510.266389
-0.1458 -0.0011387445220202 -0.00102291606128317 -16.5031842250774 561.048693496257 190782423.620091
-0.1459 -0.000967868783923267 -0.00157984557378751 -16.5063875000218 560.983012309943 190786692.246422
-0.146 -0.00171866264427311 -0.00109090760427966 -16.5103269116546 560.917331123629 190789988.26699
-0.146100000000001 -0.000887841766737397 -0.000511243809376506 -16.5128258450477 560.851649937315 190794507.770658
-0.146200000000001 -0.0012616465153254 -0.00128205679674566 -16.5177636149168 560.785968751 190796619.930622
-0.146300000000001 -0.00047702793891247 -0.00194388064328875 -16.5198271874671 560.720287564686 190801660.013315
-0.146400000000001 -0.00102249557430232 -0.000854524159992147 -16.5236255956673 560.654606378372 190805899.245174
-0.146500000000001 -0.00210378225623256 -0.000309439395652405 -16.5263833331765 560.588925192058 190809895.805485
-0.146600000000001 2.26591097780892e-06 -0.0023179513490265 -16.529696808825 560.523244005743 190814700.4076
-0.146700000000001 -0.00139113680650023 -0.00106844973670738 -16.5317739943288 560.457562819429 190819229.840234
-0.146800000000001 -0.00136488263776739 -0.00013837526552328 -16.5339772735513 560.391881633115 190824040.4918
-0.146900000000001 -0.00129576680417059 -0.00139669018443421 -16.5393491830612 560.326200446801 190826626.422697
-0.147000000000001 -0.00044640413877358 -0.00187364584307995 -16.5412719719971 560.260519260486 190832310.944515
-0.147100000000001 -0.00134279867240109 -0.00163835382997194 -16.5454463658219 560.194838074172 190835507.906189
-0.147200000000001 -0.00148334797262528 0.000189651608871985 -16.5470992988491 560.129156887858 190841017.515469
-0.147300000000001 -0.000549977535271948 -0.00217244923441602 -16.5503325085317 560.063475701544 190843980.936184
-0.147400000000001 -0.000664424921872481 -0.00175048383306836 -16.5539334410568 559.99779451523 190847850.728482
-0.1475 -0.000798244570316096 -0.00177630448272065 -16.5558594080639 559.932113328915 190852563.032468
-0.1476 -0.00169759816029879 -0.00030970685889568 -16.5589540339091 559.866432142601 190857277.400072
-0.1477 -0.000893905393110572 -0.000597035788832289 -16.5621820529022 559.800750956287 190861769.774202
-0.1478 -0.000728891085000671 -0.001817756554933 -16.5654337383751 559.735069769973 190865494.80978
-0.147900000000001 -0.00136424030391474 -0.000685315209820048 -16.5659318134007 559.669388583658 190871195.717334
-0.148 -0.00181447324266027 -0.000978075591833027 -16.5692678154708 559.603707397344 190875149.188361
-0.148100000000001 -0.000253452131512565 -0.00144204686753626 -16.571231956548 559.53802621103 190880641.771429
-0.148200000000001 -0.0014684717059171 -0.000937694632630779 -16.57494017093 559.472345024716 190883912.809968
-0.148300000000001 -0.0015669782780424 -5.43204302812322e-05 -16.5771929930597 559.406663838401 190888763.652663
-0.148400000000001 -0.00112431686076515 -0.00151462064654203 -16.5798040498049 559.340982652087 190892824.750306
-0.148500000000001 -0.000915961150613767 -0.000956597000102185 -16.5806060206622 559.275301465773 190899140.617569
-0.148600000000001 -0.00125187875838258 -0.000686127934609943 -16.5834726395245 559.209620279459 190903089.781811
-0.148700000000001 -0.00162926529771419 -0.00146664315315331 -16.5866541665867 559.143939093144 190906735.458272
-0.148800000000001 -0.000471064942686182 -0.000567952269932464 -16.5877767415965 559.07825790683 190912775.179136
-0.148900000000001 -0.00180305377869461 -0.0010093466035574 -16.5908398752813 559.012576720516 190916219.593264
-0.149000000000001 -0.00166650656146841 -0.00117183241278927 -16.5917336578013 558.946895534202 190922057.630699
-0.149100000000001 -0.00132940275310167 -0.00211462263191668 -16.5945578019923 558.881214347887 190926004.079708
-0.1492 -0.000998448552896898 -0.000793752434099 -16.5964474187335 558.815533161573 190931736.404123
-0.149300000000001 -0.00107747210725557 -0.00109094582862856 -16.5985725731212 558.749851975259 190936237.51831
-0.149400000000001 -0.00135894965822257 -0.00120496188389521 -16.6001401508932 558.684170788945 190941366.009136
-0.1495 -0.00116030356088667 -0.000874162094050372 -16.6008561294374 558.61848960263 190946605.935269
-0.1496 -0.00108092893238018 -0.00125787862662776 -16.6037691432295 558.552808416316 190951063.211713
-0.1497 -0.000564658080066291 -0.00166504311252948 -16.6039154014696 558.487127230002 190957057.401047
-0.1498 -0.00103986521174798 -0.000997435953016061 -16.6060765617429 558.421446043688 190962009.275973
-0.1499 -0.00205542516899037 -0.000468422490803826 -16.6082198849339 558.355764857374 190966424.75807
-0.15 -0.00117393580981038 -0.00223799172676611 -16.6088502324037 558.290083671059 190971834.706242
-0.1501 -0.000270962814210839 -0.00145794713210086 -16.6100149937422 558.224402484745 190977827.783925
-0.150200000000001 -0.00225985674217493 -0.00038710809481308 -16.6108886489541 558.158721298431 190982899.884732
-0.1503 -0.00142393627861738 -0.00117811171825586 -16.6127450436785 558.093040112117 190988013.663273
-0.150400000000001 -0.00122327594515287 -0.00195544964792685 -16.6141514717155 558.027358925802 190992972.872525
-0.150500000000001 -0.000691625910577725 -0.00105117376081552 -16.6142920225895 557.961677739488 190999824.263956
-0.150600000000001 -0.00180359532303088 -0.00120291086798814 -16.6164148730431 557.895996553174 191003781.420364
-0.150700000000001 -0.00113977736891147 -0.0010518233791327 -16.6170352958686 557.83031536686 191009907.685471
-0.150800000000001 -0.000630882706110215 -0.00197448351779473 -16.6168461417203 557.764634180545 191015667.930143
-0.150900000000001 -0.00165124820588722 -0.000187673247630896 -16.6172205553202 557.698952994231 191021875.897291
-0.151000000000001 -0.00131673194629074 -0.000801851032043542 -16.6177388374053 557.633271807917 191027477.538381
-0.151100000000001 -0.00130508907623106 -0.00122188313547414 -16.617966686699 557.567590621603 191033497.622675
-0.151200000000001 -0.00187386959022158 -0.00123979680159535 -16.6193389673996 557.501909435288 191038576.63239
-0.1513 -0.000844087559421305 -0.00138345707458323 -16.619275912093 557.436228248974 191044596.039479
-0.151400000000001 -0.00142909641000976 -0.0014164166358376 -16.6189653362863 557.37054706266 191050904.534281
-0.1515 -0.00147724752550909 -0.00123124124589699 -16.6195233724247 557.304865876346 191056817.117457
-0.1516 -0.00104238031513358 -0.00191947952225201 -16.6197857162377 557.239184690031 191062375.55087
-0.1517 -0.0014284065329085 -0.000575977542491951 -16.619155853947 557.173503503717 191069113.432574
-0.1518 -0.00130749550673658 -0.00176629909604556 -16.6191432954361 557.107822317403 191074735.749292
-0.1519 -0.000217980641230299 -0.00101885272139548 -16.6168122399116 557.042141131089 191083059.003287
-0.152 -0.00144504584113948 -0.00160266549575772 -16.6174324472916 556.976459944774 191088135.024471
-0.1521 -0.00213777953827182 -0.000136272739445148 -16.615484440645 556.91077875846 191095442.372288
-0.152200000000001 -0.000675972201925371 -0.00173889435654433 -16.613849006217 556.845097572146 191102453.589317
-0.152300000000001 -0.00183317972171507 -0.00160277402151325 -16.613053864519 556.779416385832 191108695.515457
-0.152400000000001 -0.00187214672865333 -0.00132235835126236 -16.6099319646056 556.713735199517 191116604.960536
-0.152500000000001 -0.000904985647595722 -0.00159114366423685 -16.6094620368673 556.648054013203 191123444.389741
-0.152600000000001 -0.000860717558515508 -0.00175304352062345 -16.6084064206204 556.582372826889 191130045.560305
-0.152700000000001 -0.00231271621366444 -0.000855467803951338 -16.6066121668186 556.516691640575 191136976.915824
-0.152800000000001 -0.00166411086674366 -0.000643633156663708 -16.6030267786069 556.45101045426 191145367.800676
-0.152900000000001 -0.000729649669542615 -0.00136761657173011 -16.6013683556293 556.385329267946 191152399.347873
-0.153000000000001 -0.000987327354541319 -0.00160492141550924 -16.5982975030422 556.319648081632 191160251.554419
-0.153100000000001 -0.0020435134046158 -0.00172649926621971 -16.5961686494531 556.253966895318 191166775.291196
-0.153200000000001 -0.00106250989015594 -0.00177500121908072 -16.5912613341143 556.188285709003 191176559.916627
-0.1533 -0.00183492288241802 -0.00170177310971106 -16.5871270410324 556.122604522689 191184349.206529
-0.1534 -0.000963399248459249 -0.00257983671507841 -16.5828701452005 556.056923336375 191193465.764294
-0.1535 -0.00138877946275892 -0.00104360843368101 -16.5779242950127 555.991242150061 191202827.743438
-0.1536 -0.0018280226187526 -0.00212777263677641 -16.5747624167641 555.925560963747 191210095.760452
-0.1537 -0.000933879352688806 -0.00207402807497689 -16.5667086724249 555.859879777432 191220947.673621
-0.1538 -0.00138471141624909 -0.00143179120442704 -16.5597868939679 555.794198591118 191231407.603433
-0.1539 -0.00205873138865472 -0.00174477017031352 -16.5528416405289 555.728517404804 191240617.501739
-0.154000000000001 -0.00252706413057143 -0.00152195740268102 -16.5459077697286 555.662836218489 191250916.205402
-0.1541 -0.00129470602577793 -0.00215086515811395 -16.5360493304988 555.597155032175 191263111.772353
-0.154200000000001 -0.00284470559093589 -0.00231315482637337 -16.5259083589202 555.531473845861 191274288.452474
-0.154300000000001 -0.00191911464547685 -0.00105112299661086 -16.51201691565 555.465792659547 191289453.469053
-0.154400000000001 -0.00265873256689079 -0.00225746929664806 -16.5014274957434 555.400111473233 191300755.300607
-0.154500000000001 -0.00173540468364208 -0.00235765518482461 -16.4877850473186 555.334430286918 191315245.519548
-0.154600000000001 -0.00224475877427261 -0.0019546164757262 -16.4719196315844 555.268749100604 191330232.187111
-0.154700000000001 -0.00383964186616355 -0.00233995718229941 -16.4539600984226 555.20306791429 191345373.280348
-0.154800000000001 -0.00105199923495788 -0.0025842086657099 -16.4333321416296 555.137386727976 191364634.994753
-0.154900000000001 -0.00316735022399458 -0.00306949781731019 -16.4117264547274 555.071705541661 191381515.598039
-0.155000000000001 -0.00326374070049036 -0.00158483652573782 -16.3841469746387 555.006024355347 191404469.333352
-0.155100000000001 -0.00311079091828545 -0.00371599050393712 -16.3544405411196 554.940343169033 191426104.856812
-0.155200000000001 -0.00256732429256987 -0.00365899947765543 -16.3199180328762 554.874661982719 191451773.366466
-0.1553 -0.00473333637209252 -0.00373716407297236 -16.280125399381 554.808980796404 191479562.50555
-0.1554 -0.0046131116593345 -0.00453797683922498 -16.2341273861201 554.74329961009 191511364.741551
-0.1555 -0.00459529400633515 -0.00491133874544428 -16.1825053915813 554.677618423776 191546084.263588
-0.1556 -0.00534262093796601 -0.00583695727671474 -16.1224302910759 554.611937237462 191585071.707469
-0.1557 -0.00653573893156484 -0.00681297812543487 -16.0517372577993 554.546256051147 191629432.75314
-0.1558 -0.00798327241655895 -0.0065600723930559 -15.9710265773168 554.480574864833 191680002.150561
-0.1559 -0.00997666223742893 -0.00849437821942773 -15.8792136335344 554.414893678519 191734976.338812
-0.156 -0.0103653959680394 -0.0103452668621704 -15.7733573058779 554.349212492205 191798123.97061
-0.156100000000001 -0.0125049880340056 -0.0120505064996762 -15.6521494959567 554.28353130589 191868355.272096
-0.156200000000001 -0.0153904030913792 -0.0138534320557779 -15.5146314727424 554.217850119576 191946443.673826
-0.156300000000001 -0.0170721436136411 -0.0169848262253651 -15.3577767515046 554.152168933262 192033807.548299
-0.156400000000001 -0.0218691864503384 -0.0182075487726419 -15.17842414348 554.086487746948 192131692.36288
-0.156500000000001 -0.0234081020870442 -0.0225491455348034 -14.9763002225109 554.020806560633 192238336.122387
-0.156600000000001 -0.026692150510188 -0.0269409468941239 -14.7509914178618 553.955125374319 192353621.023687
-0.156700000000001 -0.0310605659456765 -0.0303629696238373 -14.4952525785956 553.889444188005 192480403.708971
-0.156800000000001 -0.0361318233820454 -0.0334925376684088 -14.2121322105693 553.823763001691 192616348.393783
-0.156900000000001 -0.0393971598399233 -0.0400334416065621 -13.8983650738235 553.758081815376 192761415.525561
-0.157000000000001 -0.0447095377304607 -0.0423000734340836 -13.5539878412038 553.692400629062 192914451.532346
-0.157100000000001 -0.0467425527877202 -0.0463628290282695 -13.1805289750424 553.626719442748 193073526.728586
-0.157200000000001 -0.0501665356910902 -0.0503888320103868 -12.7740211013566 553.561038256434 193238438.354998
-0.1573 -0.0521013125041027 -0.0515667503711696 -12.3443025338562 553.49535707012 193405225.264331
-0.1574 -0.0565973302051737 -0.0517303831050446 -11.8868574838703 553.429675883805 193574192.505391
-0.1575 -0.0564895435061393 -0.0531983924609527 -11.4067287059896 553.363994697491 193743385.789772
-0.1576 -0.0565071146114544 -0.0550515180595363 -10.9064917931187 553.298313511177 193912850.602088
-0.1577 -0.0568075373043653 -0.0509468021260734 -10.3973757939713 553.232632324863 194077739.061651
-0.1578 -0.0543494308337401 -0.0493659696865651 -9.88282173792656 553.166951138548 194237983.402654
-0.1579 -0.0542722108532791 -0.0458195905785815 -9.36300692830465 553.101269952234 194393112.710728
-0.158000000000001 -0.0536201710198401 -0.0402289489434012 -8.85128511419566 553.03558876592 194540339.079279
-0.1581 -0.0497141186162698 -0.0375834188648318 -8.35053678048952 552.969907579606 194678474.419432
-0.158200000000001 -0.045162689894571 -0.031853442523456 -7.86871877965728 552.904226393291 194808427.94736
-0.158300000000001 -0.0413325871848527 -0.0279403000300111 -7.40659199742422 552.838545206977 194927007.084449
-0.158400000000001 -0.035191670342326 -0.0254958795794031 -6.97119582688106 552.772864020663 195034882.712885
-0.158500000000001 -0.0317380042229614 -0.0184943982119892 -6.56487211602498 552.707182834349 195132115.377068
-0.158600000000001 -0.0270457692941045 -0.0153638540448712 -6.19071097297984 552.641501648034 195214278.484838
-0.158700000000001 -0.0215319376415071 -0.0129248324184381 -5.8477218013401 552.57582046172 195285448.67558
-0.158800000000001 -0.0174214461449444 -0.00940964892400605 -5.53816454878624 552.510139275406 195343988.858974
-0.158900000000001 -0.0137770702302898 -0.00737545949403477 -5.26120461761184 552.444458089092 195391766.799277
-0.159000000000001 -0.0106023907350908 -0.00479883250900953 -5.01397277737712 552.378776902777 195427574.810345
-0.159100000000001 -0.00988983137214226 -0.00392955661939809 -4.79415720502386 552.313095716463 195453877.689783
-0.159200000000001 -0.00955948772700066 -0.0012587304987668 -4.59586489043521 552.247414530149 195476340.873188
-0.1593 -0.00640396621335634 -0.00280654848712015 -4.42281500182289 552.181733343835 195489380.59173
-0.1594 -0.0039794087750105 -0.00176891801301075 -4.26883462277032 552.11605215752 195500301.317739
-0.1595 -0.00438917954147859 -0.00229037467081088 -4.13390516573754 552.050370971206 195505769.094705
-0.1596 -0.00469922184866237 -0.00114321483002006 -4.01510510522946 551.984689784892 195508438.518776
-0.1597 -0.00293358686270284 -0.00266379507774495 -3.91031415249667 551.919008598578 195510915.767568
-0.1598 -0.00242092985312907 -0.00197972756480837 -3.81632963825026 551.853327412264 195512980.476473
-0.1599 -0.00273124446749099 -0.000792722422346473 -3.73460777167221 551.787646225949 195515012.638147
-0.16 -0.00325240657974598 -0.00205607140436773 -3.66269676378736 551.721965039635 195515680.720267
-0.160100000000001 -0.00143661875816516 -0.00323208708870857 -3.59770478394824 551.656283853321 195519371.966496
-0.160200000000001 -0.00266876064287017 -0.00294190314352006 -3.5404292279979 551.590602667006 195523939.105832
-0.160300000000001 -0.00339738905671774 -0.00185750149376898 -3.48638361128295 551.524921480692 195532866.656845
-0.160400000000001 -0.00383350750365355 -0.00249150637513978 -3.43958544715767 551.459240294378 195539954.874074
-0.160500000000001 -0.0020619838417261 -0.00383504628479881 -3.39890381339221 551.393559108064 195547437.418598
-0.160600000000001 -0.00281971489119365 -0.00252319921183489 -3.35901151126586 551.32787792175 195554618.628399
-0.160700000000001 -0.00251713496405197 -0.00259796404839671 -3.32262024679036 551.262196735435 195559836.001019
-0.160800000000001 -0.00261339606460804 -0.00178422673111015 -3.28786373463993 551.196515549121 195564040.951983
-0.160900000000001 -0.00294128263428315 -0.0020832239466902 -3.25674219425275 551.130834362807 195565628.267227
-0.161000000000001 -0.000414789305827016 -0.00271250311217471 -3.2276616043741 551.065153176493 195569381.245785
-0.161100000000001 -0.00303468596617218 -0.00192878247641054 -3.20229345115052 550.999471990178 195568848.637971
-0.161200000000001 -0.00216337418168338 -0.0015640751067082 -3.17557089081585 550.933790803864 195572448.004743
-0.1613 -0.00217998282840573 -0.00124799393336449 -3.15318105875673 550.86810961755 195572398.680471
-0.1614 -0.00170688396309078 -0.00108728680873844 -3.13150611642403 550.802428431236 195573119.813074
-0.1615 -0.00229068778739572 -0.00146318890719462 -3.11176240050652 550.736747244921 195572643.188744
-0.1616 -0.00143145223881695 -0.00127730898344837 -3.09156785986774 550.671066058607 195573886.943685
-0.1617 -0.0027288787648736 -0.00211525419832132 -3.07434428993854 550.605384872293 195571857.870395
-0.1618 -0.0021967891706192 -0.000788653889418774 -3.05714170202613 550.539703685979 195573273.652632
-0.1619 -0.00332296494185162 -0.00255875082755305 -3.04136673921252 550.474022499664 195571463.493491
-0.162000000000001 0.000456473949513003 -0.000981737129375722 -3.02457476032142 550.40834131335 195574198.700199
-0.1621 -0.00373380318214096 -0.0013450429841241 -3.0120899407959 550.342660127036 195568775.859383
-0.162200000000001 -0.00147467741147595 -0.00130036480926776 -2.99757368119439 550.276978940722 195570410.188929
-0.162300000000001 -0.00162598507361653 -0.00192522268237197 -2.9856978704038 550.211297754407 195567816.902178
-0.162400000000001 -0.00293554141988568 -0.00154686787813907 -2.97286014656452 550.145616568093 195567556.884797
-0.162500000000001 -0.0014161129478175 -0.000353715403045208 -2.96091171498599 550.079935381779 195567476.637015
-0.162600000000001 -0.00156487071026454 -0.00244476249023548 -2.95117225350297 550.014254195465 195563480.318803
-0.162700000000001 -0.0014497947305357 -0.000984127942672652 -2.93953586915235 549.94857300915 195564164.249208
-0.162800000000001 -0.00132212719903346 -0.00248056403452774 -2.93185658340757 549.882891822836 195560025.069188
-0.162900000000001 -0.00129542520475295 -0.000745315274522094 -2.92122804632511 549.817210636522 195560767.620867
-0.163000000000001 -0.00108602689254283 -0.00120774920315718 -2.91395124323483 549.751529450208 195558246.95881
-0.163100000000001 -0.00253620142984759 -0.00155187237115192 -2.90799877641949 549.685848263893 195554749.725255
-0.163200000000001 -0.00148269501787125 -0.000936607527338753 -2.90014332753734 549.620167077579 195553442.638771
-0.163300000000001 -0.00146093919888501 -0.00160668521489569 -2.89644219139057 549.554485891265 195548573.570992
-0.1634 -0.00158594926676518 -0.00179016774135148 -2.88714963457704 549.488804704951 195547574.424527
-0.1635 -0.00201663487489039 -0.00104867949368182 -2.88318184108648 549.423123518637 195544594.846478
-0.1636 -0.000379120615975589 -0.00179560952956534 -2.87647756867758 549.357442332322 195542640.326654
-0.1637 -0.00236477208313024 -0.000869635233141815 -2.87124844592319 549.291761146008 195540025.179509
-0.1638 -0.00143785422395225 -0.0012002714541662 -2.86750880114012 549.226079959694 195536412.825896
-0.1639 -0.00050790377254104 -0.00314624926479294 -2.86281625427912 549.16039877338 195533765.684437
-0.164 -0.000860119540665881 -0.000545602032697364 -2.85806665436161 549.094717587065 195532061.980951
-0.164100000000001 -0.00241595569817023 -0.00118268122609656 -2.85552941792203 549.029036400751 195527054.862825
-0.1642 -7.04208518671377e-05 -0.00176901433976468 -2.85208439431074 548.963355214437 195524696.243834
-0.164300000000001 -0.0013099722405924 -0.0012641694817841 -2.84913169619713 548.897674028123 195521534.688468
-0.164400000000001 -0.00133593784051833 -0.00138625077257418 -2.84545748362569 548.831992841808 195519346.803545
-0.164500000000001 -5.20021558934626e-05 -0.00144730336368805 -2.84151814369339 548.766311655494 195516959.245539
-0.164600000000001 -0.00241559415109607 -0.00199276027076696 -2.841211735236 548.70063046918 195511160.963867
-0.164700000000001 -0.00125669233117343 -0.000392206901983172 -2.83657638421769 548.634949282866 195510759.406742
-0.164800000000001 -0.00119629208961446 -0.00221638765188889 -2.8365417947953 548.569268096551 195505734.826343
-0.164900000000001 -0.00216318784565164 -0.000628786595891186 -2.83244934760594 548.503586910237 195504994.668786
-0.165000000000001 -0.00106438995663939 -0.00126146721342445 -2.83060061208994 548.437905723923 195501566.087799
-0.165100000000001 -0.000883079256718673 -0.00111267007034636 -2.82906390817003 548.372224537609 195498511.461193
-0.165200000000001 -0.00227865384692307 -0.00214297530267968 -2.82829590522261 548.306543351294 195494695.815185
-0.165300000000001 -0.000577812156460155 -0.00129252769033475 -2.82638755891397 548.24086216498 195492485.974507
-0.1654 -0.00111481461347692 -0.00163130652463993 -2.8253601682627 548.175180978666 195488804.593496
-0.1655 -0.00165153703566127 0.000143685402984368 -2.82477766542819 548.109499792352 195486607.725177
-0.1656 -0.00181544308831755 -0.00159682072452691 -2.82464642082109 548.043818606037 195482456.453257
-0.1657 -0.00157665929274507 -0.000524141103740315 -2.82256880921536 547.978137419723 195480090.240434
-0.1658 -0.0013336056850312 -0.00181257619201469 -2.82279457404006 547.912456233409 195476742.581715
-0.1659 -0.000940200054757692 -0.00123570572582584 -2.82294074863314 547.846775047095 195473810.3422
-0.166 -0.00146282175232259 -0.00094284234076344 -2.82134377733334 547.781093860781 195471153.605271
-0.1661 -0.00153838913574381 -0.0012383046787166 -2.82206848607852 547.715412674466 195466145.283607
-0.166200000000001 -0.00164645098383237 -0.000741419632918197 -2.8221077413734 547.649731488152 195463130.56856
-0.166300000000001 -0.000369615779521576 -0.00180168285469951 -2.82243342244122 547.584050301838 195459954.567447
-0.166400000000001 -0.00229666414334639 -0.000807500457503645 -2.82321294826618 547.518369115523 195456007.559949
-0.166500000000001 -0.00114837748830436 -0.00247986377036618 -2.82241112607137 547.452687929209 195452834.611878
-0.166600000000001 -0.000945094862136115 -0.000752782531369775 -2.8222421082081 547.387006742895 195451533.77463
-0.166700000000001 -0.000631957280822205 -0.00196196786143161 -2.82420203286724 547.321325556581 195445726.774717
-0.166800000000001 -0.00199904769276194 -0.00116964134237907 -2.82593041284465 547.255644370267 195441649.114335
-0.166900000000001 -0.00128787051268152 -0.00153190238930387 -2.82671957965636 547.189963183952 195439338.344977
-0.167000000000001 -0.001444093223149 5.25024058690045e-05 -2.82888635207223 547.124281997638 195436108.489071
-0.1671 -0.00130972457164996 -0.00207782570084233 -2.83108155086126 547.058600811324 195431431.638967
-0.167200000000001 -0.00141505338898393 -0.00113654253274425 -2.83298471814218 546.99291962501 195427709.503236
-0.167300000000001 -0.00231027975483268 -0.0010544878055009 -2.83572617923636 546.927238438695 195422419.689342
-0.1674 -0.000701841991879526 -0.00152350489390912 -2.83617077714736 546.861557252381 195420030.647616
-0.1675 -0.000706343565274176 -0.00189802689415984 -2.83718443328694 546.795876066067 195417267.850123
-0.1676 -0.00183423989780591 -0.000700590848682094 -2.83976797646427 546.730194879753 195413183.370339
-0.1677 -0.00151867008888092 -0.000571469476261829 -2.84094371703316 546.664513693438 195410120.766565
-0.1678 -0.00114931036720306 -0.00122286257944308 -2.84423201618194 546.598832507124 195405168.613145
-0.1679 -0.00153632868596635 -0.00224227043101851 -2.84600155451879 546.53315132081 195400948.772957
-0.168 -0.00107771831158362 3.28875118291087e-05 -2.84750929547842 546.467470134496 195399657.540893
-0.168100000000001 -0.000773657899478727 -0.00287815375527304 -2.84949359006678 546.401788948181 195393667.018323
-0.1682 -0.00109490724667756 -0.00063762542947828 -2.851843713419 546.336107761867 195391855.670681
-0.168300000000001 -0.00272804778928135 -0.000984631840932377 -2.85447473254014 546.270426575553 195386241.732953
-0.168400000000001 -0.000202790270682993 -0.00162629642434348 -2.85626427723035 546.204745389239 195384423.401309
-0.168500000000001 -0.00298998493508325 -0.00103932619893157 -2.85856804809983 546.139064202924 195378465.857455
-0.168600000000001 0.000111641588884409 0.000428800195622528 -2.86078676239509 546.07338301661 195378284.808898
-0.168700000000001 -0.00176185227621477 -0.00265378824377843 -2.86510694943984 546.007701830296 195369980.957009
-0.168800000000001 -0.000684168135488113 -0.00132444352769558 -2.86763759257727 545.942020643982 195369086.614629
-0.168900000000001 -0.00180317962686324 -0.00161484935022602 -2.87071616773596 545.876339457667 195364228.544536
-0.169000000000001 -0.000203381190949347 -0.00121943110716693 -2.87260631615812 545.810658271353 195362591.352246
-0.1691 -0.00183371643165282 -0.00197938017903415 -2.87670212811154 545.744977085039 195356295.771944
-0.1692 -0.00187199093911272 -0.00144401918127808 -2.87831945797452 545.679295898725 195354170.858151
-0.169300000000001 -0.00111666012922308 0.000182745795603113 -2.8813240347109 545.61361471241 195350387.439613
-0.1694 -0.000277212238618878 -0.0020352281033645 -2.88365896878937 545.547933526096 195346321.605084
-0.1695 -0.00119837741782836 -0.0010647150449081 -2.88619452992435 545.482252339782 195342535.170834
-0.1696 -0.000851259920597577 -0.000167059824127508 -2.89010616889991 545.416571153468 195340557.02773
-0.1697 -0.001209373916345 -0.00246264123066273 -2.892636558207 545.350889967154 195335452.371009
-0.1698 -0.000719501641096546 -0.000818889847987431 -2.89596059371304 545.285208780839 195332389.72273
-0.1699 -0.00174578416422988 -0.000853936155768286 -2.89936177077353 545.219527594525 195328866.815289
-0.17 -0.00152033019855562 -0.00205589477408467 -2.90156382268807 545.153846408211 195324039.715468
-0.170100000000001 -0.000944757223512067 -0.000517566857177691 -2.90457745385207 545.088165221896 195322357.509902
-0.170200000000001 -0.00253161273852223 -0.00155329842834428 -2.90933885011608 545.022484035582 195316609.389036
-0.170300000000001 -0.00120640297528697 -0.000994615696978733 -2.91235796357955 544.956802849268 195314888.615312
-0.170400000000001 -0.00115332935539641 -0.00176109287408276 -2.91449517882774 544.891121662954 195311810.128974
-0.170500000000001 -0.00191489651246809 -0.000888873896695793 -2.9178434857334 544.82544047664 195307597.414721
-0.170600000000001 -0.00130345799273884 -0.00128531938352891 -2.92012802944163 544.759759290325 195303066.176691
-0.170700000000001 -0.00130252581716926 -0.000580652558698662 -2.92540624261357 544.694078104011 195298877.96053
-0.170800000000001 -0.000895672024404496 -0.00167962619805624 -2.93016797856888 544.628396917697 195294945.76711
-0.170900000000001 -0.000911760502974831 -0.00112736310637291 -2.93347700190526 544.562715731383 195292209.503292
-0.171000000000001 -0.00156094289277892 -0.00089524871156714 -2.93660403838272 544.497034545068 195288857.042
-0.171100000000001 -0.000823504570915755 -0.00152697701359956 -2.94207115993396 544.431353358754 195284276.202827
-0.1712 -0.00225372638360975 -0.000135117580101186 -2.94605012872109 544.36567217244 195279902.156855
-0.1713 -0.000230045295866253 -0.00118033231016841 -2.94860580180722 544.299990986126 195276209.180444
-0.1714 -0.00125495397130913 -0.00210617537951109 -2.95211460361031 544.234309799811 195271834.666274
-0.1715 -0.00178350639217441 -0.000750352310463345 -2.95591024942936 544.168628613497 195268735.300009
-0.1716 -0.000775263919956759 -0.00192364093171481 -2.95991474895887 544.102947427183 195265192.018598
-0.1717 -0.000988476634156447 -0.00117840759039915 -2.9646671326699 544.037266240869 195261826.653601
-0.1718 -0.00152292566043424 -7.39140736893225e-05 -2.96745865769726 543.971585054554 195258501.905429
-0.1719 -0.00104199712818823 -0.00232225929996811 -2.97145894170734 543.90590386824 195253998.486508
-0.172 -0.00122509815997072 -0.000915573852235218 -2.97519849150807 543.840222681926 195251147.690325
-0.172100000000001 -0.00138001212469259 -0.000341746392802566 -2.97743179330493 543.774541495612 195247788.79973
-0.1722 -0.00172791842345261 -0.00243099828287718 -2.98311375421496 543.708860309298 195242955.616345
-0.172300000000001 0.000198036118755296 -0.000888917714037876 -2.9865924783401 543.643179122983 195241407.280536
-0.172400000000001 -0.00122802172684935 -0.000834977147068297 -2.99185468078714 543.577497936669 195235993.502911
-0.172500000000001 -0.0031695080026974 -0.000572183464141175 -2.99494901796472 543.511816750355 195232286.949479
-0.172600000000001 0.00127312670118376 -0.00151980000324398 -2.99862826430003 543.44613556404 195230412.499395
-0.172700000000001 -0.00321035727613482 -0.00115555471656287 -3.00364742934992 543.380454377726 195223728.158902
-0.172800000000001 0.000458559922962271 0.000306689190467539 -3.0064628094698 543.314773191412 195224846.747491
-0.172900000000001 -0.002570829680621 -0.00244599629011759 -3.010407393928 543.249092005098 195217664.279058
-0.173000000000001 -0.000457881078528185 -0.000361016182490173 -3.01406203275572 543.183410818783 195216152.775962
-0.173100000000001 -0.00172018740350008 -0.00196519430502874 -3.0191639236808 543.117729632469 195210556.295411
-0.1732 -0.000228197428515211 -0.000970119053501349 -3.0229764605722 543.052048446155 195207850.174082
-0.1733 -0.00169130663466864 -0.00175275056115201 -3.02596294630126 542.986367259841 195204181.432204
-0.1734 -0.00102212091958399 -0.00115131007674643 -3.03069551471221 542.920686073527 195201485.386056
-0.1735 -0.00189883890285744 -0.000788144287014753 -3.03440799844436 542.855004887212 195198093.445681
-0.1736 -0.000564314321035342 -0.00174559251086806 -3.03926450055728 542.789323700898 195193817.82973
-0.1737 -0.00109359505789829 -0.00090580902620941 -3.04254231140226 542.723642514584 195190377.320877
-0.1738 -0.00216585087988169 -0.00236800977708025 -3.04713715918484 542.65796132827 195185927.220355
-0.1739 0.000208019924551971 -0.0013549111697089 -3.04969392558352 542.592280141955 195184925.389689
-0.174 -0.00171852253363035 -0.00226761408435181 -3.0539384424955 542.526598955641 195179135.713802
-0.174100000000001 -0.000727490107956711 0.00045250391980471 -3.05825549708211 542.460917769327 195178926.493837
-0.174200000000001 -0.00194996920297705 -0.00314990055680942 -3.06429168154092 542.395236583013 195171817.155212
-0.174300000000001 0.000267695973114249 -0.00124899840451969 -3.06855047034071 542.329555396698 195170537.532953
-0.174400000000001 -0.00263949066252868 -0.000490255175519363 -3.07144383444494 542.263874210384 195166101.144285
-0.174500000000001 -0.000768380857610036 -0.000778424073862664 -3.07654786117829 542.19819302407 195163353.951013
-0.174600000000001 -0.00153207900672472 -0.00093572478746324 -3.07889876676514 542.132511837756 195160171.156252
-0.174700000000001 -0.0003616227707697 -0.00235202321743718 -3.0836133492857 542.066830651441 195156932.613612
-0.174800000000001 -0.000739773514572372 -0.000765654201653442 -3.0878122917131 542.001149465127 195154003.37844
-0.174900000000001 -0.00114535737525826 -0.000281334331363537 -3.09177488135838 541.935468278813 195150579.380762
-0.175000000000001 -0.00125916770907499 -0.00203612323274902 -3.09630502623322 541.869787092499 195145816.630521
-0.175100000000001 -0.00153884469526506 -0.00129392732545735 -3.10036270819088 541.804105906184 195142546.703003
-0.1752 -0.00143325898181286 -0.000980460828409588 -3.103679920861 541.73842471987 195139321.961254
-0.1753 -0.000952188548888974 -0.00170852325820617 -3.1085183447252 541.672743533556 195136039.062796
-0.1754 -0.00245377082235871 -0.000887028387986713 -3.11290481303354 541.607062347242 195132492.282354
-0.1755 -0.00121160787927374 -0.00214575021345875 -3.11605553610351 541.541381160927 195129845.952926
-0.1756 -0.00144312868357199 -0.000232539028029184 -3.12066391969736 541.475699974613 195127810.336033
-0.1757 -0.00158523789149217 -0.00280842836843951 -3.12579671180541 541.410018788299 195121712.293329
-0.1758 -0.000836885583997641 -0.000322518579765952 -3.12979529098316 541.344337601985 195119931.867919
-0.1759 -0.00175227808082454 -0.00217638642097235 -3.13354660778387 541.278656415671 195115452.483258
-0.176 -6.81475706772643e-05 -0.00104105013339167 -3.1371403999876 541.212975229356 195114363.305506
-0.1761 -0.00285460735387287 -0.000784966572274521 -3.14185334650303 541.147294043042 195109242.639333
-0.176200000000001 -0.00132355433840943 -0.00118301359625546 -3.14489957982954 541.081612856728 195108212.192073
-0.176300000000001 -0.00232230191150504 -0.0013962671908941 -3.14986363568484 541.015931670413 195103296.580573
-0.176400000000001 -0.000561813222740275 -0.000362741165642934 -3.15420276971423 540.950250484099 195101916.858815
-0.176500000000001 -0.00198770964763288 -0.00146947080606981 -3.15915311068182 540.884569297785 195096208.978463
-0.176600000000001 -0.000835423338705214 -0.0025736737979852 -3.16176875741011 540.818888111471 195094367.539419
-0.176700000000001 -0.00183528471920639 -0.0005169359848584 -3.16612632224932 540.753206925157 195091282.277235
-0.176800000000001 -0.000912550269003301 -0.00148034200474126 -3.17099663169574 540.687525738842 195088319.190052
-0.176900000000001 -0.00172682837801371 -0.00132340652591797 -3.17471875356924 540.621844552528 195084628.673987
-0.177000000000001 6.22703565705759e-06 -0.00152024809141319 -3.17870468029563 540.556163366214 195082144.170036
-0.177100000000001 -0.00283284334271918 -0.00111092594235002 -3.18313944915639 540.4904821799 195077481.775873
-0.1772 0.000226667183154942 -0.00138728800175261 -3.18683197888944 540.424800993585 195075554.644816
-0.1773 -0.00157921148061089 -0.00115958405697219 -3.19240973352306 540.359119807271 195070672.246913
-0.1774 -0.00141126774072108 -0.00181489138505361 -3.19736925152538 540.293438620957 195067163.521307
-0.1775 -0.00109546923733977 -0.00121585573646661 -3.20138718378606 540.227757434643 195064189.372081
-0.1776 -0.00165127815278564 0.00064143128448722 -3.20633470052808 540.162076248328 195061920.088149
-0.1777 -0.00234607424245961 -0.00121231209677444 -3.21135532520905 540.096395062014 195056734.046312
-0.1778 0.000263970530032655 -0.000995092694319603 -3.21452475863012 540.0307138757 195055112.793444
-0.1779 -0.00198087723356559 -0.00264603474501169 -3.21971353420705 539.965032689386 195049232.510722
-0.178000000000001 -0.000907351799082751 0.000493436907280275 -3.22323204921106 539.899351503071 195049623.962028
-0.1781 -0.00226484341212918 -0.00175895556547636 -3.22837508455015 539.833670316757 195044285.755212
-0.178200000000001 -0.000554978349552821 -0.0021362843498449 -3.23175364167896 539.767989130443 195042463.505178
-0.178300000000001 -0.00148382187744044 -7.56580747514935e-06 -3.23616821652263 539.702307944129 195039506.04477
-0.178400000000001 -0.000329642204058928 -0.00237448898428736 -3.24041130279522 539.636626757814 195035427.46014
-0.178500000000001 -0.00156954806883233 -0.00040374637679281 -3.24488673468744 539.5709455715 195032303.518878
-0.178600000000001 -0.000189426415746048 -0.00154258414674147 -3.24961266940383 539.505264385186 195028920.607073
-0.178700000000001 -0.00279971191924574 -0.00133440073648607 -3.25431634744573 539.439583198872 195024963.596054
-0.178800000000001 0.000105545818006844 -0.00182349429760698 -3.25848579349726 539.373902012557 195023469.92798
-0.178900000000001 -0.00227719026699512 -0.000695568702919933 -3.2638027689023 539.308220826243 195018848.296124
-0.179000000000001 -0.00194933724002773 -0.000832659851469814 -3.26702177654149 539.242539639929 195015573.565797
-0.179100000000001 -0.000180729295680615 -0.00280003614568712 -3.27149138743955 539.176858453615 195011813.221971
-0.1792 -0.00115348194183944 1.58013984573541e-05 -3.27700385072164 539.1111772673 195009954.995992
-0.1793 -0.00171111155366866 -0.00196727579132825 -3.28218970496696 539.045496080986 195004393.393463
-0.1794 -0.00157458523948578 -0.000630940842242095 -3.28524679520087 538.979814894672 195003120.909316
-0.1795 -0.000858948392335929 -0.00218143645492768 -3.28915485488501 538.914133708358 195000067.314688
-0.1796 -0.0016945012532727 -0.00113186822058453 -3.29407865882422 538.848452522044 194995635.69881
-0.1797 -0.000313830612197634 -0.00129431934141001 -3.29920361771593 538.782771335729 194992269.744422
-0.1798 -0.00191989457742316 -0.00083470908048794 -3.30302905666286 538.717090149415 194988547.046405
-0.1799 -0.0016022753920215 -0.000926585910671773 -3.30657712879002 538.651408963101 194986203.102437
-0.18 -0.000998181202959122 -0.000658527093959832 -3.31113832339619 538.585727776787 194983965.394009
-0.180100000000001 -0.00138291137563598 -0.00160221409575057 -3.31568293951011 538.520046590472 194980495.824601
-0.180200000000001 -0.00148025387589435 -0.00040037233503359 -3.32062776265123 538.454365404158 194976720.602472
-0.180300000000001 -0.000669634220493525 -0.00223796562803572 -3.32563158689349 538.388684217844 194972680.970107
-0.180400000000001 -0.000459214023261719 -0.00178780956397978 -3.33029810398793 538.32300303153 194969097.188126
-0.180500000000001 -0.00144348573108756 -0.000280572888083084 -3.33427922821984 538.257321845215 194966046.860167
-0.180600000000001 -0.00181737601406064 -0.00239338307996639 -3.33894975541716 538.191640658901 194962873.479845
-0.180700000000001 -0.00152370951941761 -0.000176435356018782 -3.34336550313603 538.125959472587 194961878.527487
-0.180800000000001 -0.00140178360009547 -0.00136743379447997 -3.34814181320147 538.060278286273 194957919.748498
-0.180900000000001 -0.000813153607042199 -0.00151620018499538 -3.35255861128974 537.994597099958 194954451.924115
-0.181000000000001 -0.00158227817241363 -0.00160247881407171 -3.35729996704768 537.928915913644 194950137.125221
-0.181100000000001 -0.000471581158144252 -0.00201036778709958 -3.36127304653492 537.86323472733 194947410.90155
-0.1812 -0.00127016364518137 -0.00113271327975451 -3.36545490545028 537.797553541016 194944362.717003
-0.1813 -0.00142174518930029 -0.000621145696861142 -3.37081809560362 537.731872354701 194941718.291171
-0.1814 -0.0018793270005639 -0.00123816885084142 -3.37594623346977 537.666191168387 194938112.012694
-0.1815 -0.000115375267162407 -0.00186575643172452 -3.37961195147991 537.600509982073 194935397.215459
-0.1816 -0.00191665171241762 -0.0012354651231018 -3.38315177350793 537.534828795759 194932179.488647
-0.1817 -0.000760714926183561 -0.000976055411327114 -3.38757522455913 537.469147609444 194930517.891546
-0.1818 -0.00196469466358993 -0.000598811051846905 -3.39166273597342 537.40346642313 194926209.018469
-0.1819 -0.00159077595401488 -0.00222547621472898 -3.39617523972217 537.337785236816 194923348.677945
-0.182000000000001 -0.000966630118600098 -0.000697701924406407 -3.40028146425591 537.272104050502 194921902.097484
-0.1821 -0.00181035226264892 -0.00192239194442752 -3.40403824385056 537.206422864188 194918101.212214
-0.182200000000001 -0.00139126396073006 -0.000366918372184598 -3.40860749553193 537.140741677873 194916201.150103
-0.182300000000001 -0.00159248103742151 -0.00254319370477212 -3.4125770720748 537.075060491559 194911439.336613
-0.182400000000001 -0.00142048356736154 -0.00139716488343515 -3.41665206957602 537.009379305245 194909995.282858
-0.182500000000001 -0.00186962023699483 -0.00145294681454383 -3.42127417014563 536.94369811893 194906130.006873
-0.182600000000001 -0.000921999141058567 -0.00105147069390372 -3.42530847013327 536.878016932616 194904413.094464
-0.182700000000001 -0.00186717132176132 -0.000843458960685881 -3.43062077103421 536.812335746302 194900666.12467
-0.182800000000001 -1.96426385665616e-05 -0.00208127054161992 -3.43443578140444 536.746654559988 194898651.731676
-0.182900000000001 -0.00161334326027798 -0.000804997340256196 -3.43990344672661 536.680973373674 194894351.419289
-0.183000000000001 -0.00140300337015886 -0.00203848013545626 -3.44472852988743 536.615292187359 194889949.757085
-0.183100000000001 -0.00196491220469659 1.06110039195204e-05 -3.44977131943808 536.549611001045 194887842.64817
-0.183200000000001 -0.00111189866595247 -0.00134913150659972 -3.45311846025147 536.483929814731 194885127.417324
-0.1833 -0.00152752821915549 -0.00166581474052841 -3.45766905936362 536.418248628417 194882414.305512
-0.1834 -0.00143802823152025 -0.000171486242900238 -3.46214621542993 536.352567442102 194880420.367776
-0.1835 -0.00210943215139727 -0.00224500319008413 -3.46597130715913 536.286886255788 194875795.465116
-0.1836 -0.000242302170570303 -0.00130882251644952 -3.47015350114925 536.221205069474 194874319.24909
-0.1837 -0.00214242092536985 -0.00116392724884098 -3.47413766183784 536.15552388316 194870479.196398
-0.1838 -0.000584235149440289 -0.00156095871495169 -3.47986624231781 536.089842696845 194867054.120827
-0.1839 -0.00160512077916922 -0.000423274971506687 -3.48365647987926 536.024161510531 194865006.834286
-0.184 -0.00151855708017762 -0.00262680758515671 -3.48774565736467 535.958480324217 194861692.017529
-0.184100000000001 -0.000121168882262345 -0.000468473141228714 -3.49188749997191 535.892799137903 194861023.906799
-0.184200000000001 -0.00281691048721149 -0.00335743422042496 -3.4977099106489 535.827117951588 194854320.303099
-0.184300000000001 -0.00050083378584439 -0.000437461373798871 -3.50170282350042 535.761436765274 194853244.335772
-0.184400000000001 -0.0016485860421022 -0.00188728089054877 -3.506307832225 535.69575557896 194849208.382534
-0.184500000000001 -0.00165849172820748 -0.00129040345286829 -3.51098846685316 535.630074392646 194847482.067491
-0.184600000000001 -0.00181027595074842 -0.00144106156813098 -3.51641017431826 535.564393206331 194844437.180446
-0.184700000000001 -0.000777013157153539 -0.00193739335461895 -3.5197689121703 535.498712020017 194842143.703646
-0.184800000000001 -0.000791773222152324 -0.00241010604091272 -3.52516192745131 535.433030833703 194837354.776213
-0.184900000000001 -0.00110214246158487 -0.000667653839444662 -3.52873336415532 535.367349647389 194835631.510852
-0.185 -0.00177801465198089 -0.00145375078470956 -3.53332308789181 535.301668461074 194831535.078329
-0.185100000000001 -0.00130399620842727 -0.000709178025644358 -3.53705473178095 535.23598727476 194829898.960628
-0.185200000000001 -0.0023078966942912 -0.00161434910516545 -3.54219438184343 535.170306088446 194826529.082271
-0.1853 5.75052261294957e-05 -0.00116138097819604 -3.54444017936497 535.104624902132 194825608.083498
-0.1854 -0.00105753426581737 -0.00226952047652576 -3.55033022267362 535.038943715817 194821275.851534
-0.1855 -0.00194755286131819 -0.00175727786282965 -3.55387283511273 534.973262529503 194817862.950615
-0.1856 -0.00117389482535557 -0.00185545926280736 -3.55803802563046 534.907581343189 194815498.140549
-0.1857 -0.00108422221731621 -0.00139467969815553 -3.5607615218585 534.841900156875 194813887.819961
-0.1858 -0.00296755397406584 7.06430455410525e-05 -3.5660748472024 534.776218970561 194811462.200088
-0.1859 -0.000287667566053593 -0.00290130296560962 -3.5707708711663 534.710537784246 194808318.498275
-0.186000000000001 -0.00167659047960025 -0.0012126370048174 -3.57458414434307 534.644856597932 194806653.048905
-0.1861 -0.00158958685213157 -0.00148715978537482 -3.57999907242557 534.579175411618 194802723.41585
-0.186200000000001 -0.00190812336991534 -0.000739384884419826 -3.58425561696715 534.513494225303 194800172.213391
-0.186300000000001 -0.000443095655286106 -0.00159039507325206 -3.58858506556559 534.447813038989 194796769.031507
-0.186400000000001 -0.000911366362758679 -0.00155056256132849 -3.59288316717895 534.382131852675 194794909.406352
-0.186500000000001 -0.00214106111332106 -0.000948452498892644 -3.59626324484835 534.316450666361 194792118.707516
-0.186600000000001 -0.000556002730650943 -0.00205616444708167 -3.60051468873143 534.250769480047 194790287.371765
-0.186700000000001 -0.0032539175750742 -0.000480504832341127 -3.60616615874494 534.185088293732 194785737.758967
-0.186800000000001 -0.000417551318237308 -0.00153234131903564 -3.60809456115641 534.119407107418 194784998.242138
-0.186900000000001 -0.00128722114626277 -0.00146345446870165 -3.61329841698571 534.053725921104 194780980.590886
-0.187 -0.000975543057581269 -0.00219597760490667 -3.617216721355 533.98804473479 194778663.521848
-0.1871 -0.00180403154401748 -5.5405500344478e-05 -3.62108918724181 533.922363548475 194777572.71419
-0.187200000000001 -0.00189937096189833 -0.00263218062302328 -3.62561376215793 533.856682362161 194774002.749057
-0.1873 0.00019138220580819 -0.000526997456041017 -3.62953578251261 533.791001175847 194773280.091795
-0.1874 -0.00255206255473506 -0.00277792174762655 -3.63499804454009 533.725319989533 194766458.64533
-0.1875 -0.000681517954760017 -0.000713280015143069 -3.63898542706027 533.659638803218 194765981.934328
-0.1876 -0.00200420544542662 -0.00128754375531308 -3.6430333809618 533.593957616904 194761612.921421
-0.1877 -0.00119262039242878 -0.00235482642932836 -3.64592350746506 533.52827643059 194759614.619144
-0.1878 -0.00168348629598904 -0.000870602908927498 -3.64863484673354 533.462595244276 194758639.771925
-0.1879 -0.00115640800072232 -0.00331099692332386 -3.6542696359371 533.396914057961 194754508.983126
-0.188 -0.000759880343458675 -0.000807829941204957 -3.65673293067226 533.331232871647 194755105.085387
-0.188100000000001 -0.0020154295012147 -0.00221535314649663 -3.66127968207289 533.265551685333 194749324.85749
-0.1882 -0.000997221051253967 -0.00120259129205945 -3.66467262092169 533.199870499019 194748007.377667
-0.188300000000001 -0.00119702024218595 -0.00115990546406742 -3.66867037138933 533.134189312704 194745597.564368
-0.188400000000001 -0.00187101868139761 -0.00136637278236328 -3.67376677399134 533.06850812639 194742868.765421
-0.188500000000001 -0.000914160713325089 -0.00160513741897501 -3.67843881079213 533.002826940076 194740817.989067
-0.188600000000001 -0.00145259257360828 -0.00200439716736091 -3.68121656913278 532.937145753762 194738372.293517
-0.188700000000001 -0.00141021663160899 -9.98246204057535e-05 -3.68538941658014 532.871464567447 194736225.993291
-0.188800000000001 -0.00143155927985208 -0.00191395451262495 -3.69035668009232 532.805783381133 194731231.360876
-0.188900000000001 -0.00169902531686578 -0.000523461786623786 -3.69361928328092 532.740102194819 194730473.242352
-0.189000000000001 -0.00101525253465277 -0.00210302905120402 -3.69893548800641 532.674421008505 194726474.176966
-0.1891 -0.00208289917317874 -0.00101573715881384 -3.70200586013337 532.608739822191 194725110.552816
-0.1892 -0.00134660823686782 -0.00133204967092164 -3.70526015156261 532.543058635876 194723069.101515
-0.1893 -0.00165091101904366 -0.00189989849438273 -3.7097215890552 532.477377449562 194719442.595071
-0.1894 -0.0015814646606449 -0.000942273723351689 -3.71273859977995 532.411696263248 194717888.422046
-0.1895 -0.00131172366140699 -0.00178902347896165 -3.71758495627324 532.346015076934 194714147.816013
-0.1896 -0.00173020781569157 -0.00100665512790621 -3.72220481815051 532.280333890619 194711609.296378
-0.1897 -0.00145850501604603 -0.00101601820132493 -3.72737733454279 532.214652704305 194708154.958159
-0.1898 -0.00115197603991728 -0.00138040369544804 -3.73215525910176 532.148971517991 194705309.47561
-0.1899 -0.00203036489877731 -0.00214795254819937 -3.73624893869337 532.083290331677 194702076.291164
-0.19 -0.000727329931837368 -0.00142057677109386 -3.73967998563189 532.017609145362 194700441.553017
-0.1901 -0.000880625094819255 -0.00196783087039835 -3.74243347573084 531.951927959048 194698291.741451
-0.190200000000001 -0.00184922715163445 -0.00127283635275834 -3.74692580747573 531.886246772734 194695701.859595
-0.190300000000001 -0.00120280910929919 -0.00109700223220769 -3.75133240161128 531.82056558642 194693868.641288
-0.190400000000001 -0.000250073063797855 -0.0021035385836581 -3.75613544435183 531.754884400105 194690696.623151
-0.190500000000001 -0.0027196699966535 0.000328827506904641 -3.76034593303402 531.689203213791 194687569.321539
-0.190600000000001 -0.000938899914032589 -0.00204363725401537 -3.7633476513604 531.623522027477 194685091.349071
-0.190700000000001 -0.000620320309473365 -0.00198040639140901 -3.76691775266364 531.557840841163 194683197.173703
-0.190800000000001 -0.00185872654024491 -0.00168711182265971 -3.7709056839653 531.492159654848 194679363.941176
-0.190900000000001 -0.00243510143201678 -0.000440467930934275 -3.77406954202006 531.426478468534 194678937.551689
-0.191000000000001 -0.00192356207716433 -0.00203469430512713 -3.77932647287468 531.36079728222 194674915.159252
-0.1911 -0.00055635516634679 -0.00112532381343634 -3.78099339851616 531.295116095906 194674998.738203
-0.1912 -0.00210490109979862 -0.00209525713222028 -3.78470367707317 531.229434909591 194671290.556266
-0.1913 -0.00224551911495192 0.000119319039578472 -3.78922457389696 531.163753723277 194669431.283618
-0.1914 -0.00131731548033063 -0.00264703476106167 -3.79242644681749 531.098072536963 194666291.727662
-0.1915 -0.000337088615260402 -0.00108085655269043 -3.79701799252886 531.032391350649 194665617.866763
-0.1916 -0.00182901727704731 -0.00161808779248288 -3.80062497666067 530.966710164334 194661385.203583
-0.1917 -0.00158716284881778 -0.000195883659721925 -3.8037681587592 530.90102897802 194660679.235315
-0.1918 -0.000395142361558993 -0.00251293534436778 -3.80747909879006 530.835347791706 194658038.953179
-0.1919 -0.00227466181760405 -0.00152724567072751 -3.81152208951032 530.769666605392 194654966.84981
-0.192 -0.000945432263089185 -0.00125248004194198 -3.81561691293577 530.703985419078 194652698.75277
-0.192100000000001 -0.00203325844007606 -0.00124783430883405 -3.82065321897208 530.638304232763 194649171.810078
-0.1922 -0.000848789366535952 -0.00182791866719016 -3.82419866044588 530.572623046449 194647309.602074
-0.192300000000001 -0.0017629904315204 -0.00129838175877135 -3.82889462933303 530.506941860135 194645241.642603
-0.192400000000001 -0.000665497785869302 -0.00249031269497267 -3.83092678196315 530.44126067382 194644104.539582
-0.192500000000001 -0.00214307893934073 -0.000961918030892419 -3.8350402711189 530.375579487506 194641396.932664
-0.192600000000001 -0.000961927976996298 -0.00171978328147666 -3.83924245004187 530.309898301192 194638384.913953
-0.192700000000001 -0.00145014703565861 -0.00233513928452384 -3.84307442229278 530.244217114878 194634912.648406
-0.192800000000001 -0.00318370554832679 0.000207822264707234 -3.84646768132668 530.178535928564 194633521.763118
-0.192900000000001 2.61782750482847e-05 -0.00290545335217671 -3.84982252998352 530.112854742249 194630978.842394
-0.193000000000001 -0.00190647442133898 -0.000673089715368652 -3.85391611616316 530.047173555935 194629610.704252
-0.1931 -0.00175609285360494 -0.00174722542778277 -3.85815456826545 529.981492369621 194627218.720296
-0.1932 -0.000998488296526902 -0.000679875924431415 -3.86045173025571 529.915811183307 194626170.68688
-0.1933 -0.00191192529619776 -0.00201324763938388 -3.86485336392582 529.850129996992 194620770.680711
-0.1934 -0.000409501097245579 -0.00113314015360497 -3.86727765274532 529.784448810678 194620913.289649
-0.1935 -0.00150881080369454 -0.00158234308472995 -3.87344407975048 529.718767624364 194616206.621656
-0.1936 -0.00142801558358126 -0.00147165804933522 -3.87689427981172 529.65308643805 194615593.467711
-0.1937 -0.00111924033710442 -0.00158356747144271 -3.88081001707639 529.587405251735 194612716.686481
-0.1938 -0.00146306648062803 -0.00182996273142894 -3.88397741783584 529.521724065421 194610790.824804
-0.1939 -0.000500038514655357 -0.0016033692788779 -3.88770803283012 529.456042879107 194607822.222357
-0.194 -0.00241720792152162 -0.00178012394109494 -3.8921941820016 529.390361692793 194605521.294117
-0.1941 -0.00130972085690034 -0.0006880670307354 -3.89625386780023 529.324680506478 194603712.162614
-0.194200000000001 -0.000717556472047607 -0.00138898955500263 -3.89926058513359 529.258999320164 194601155.767035
-0.194300000000001 -0.00191370860754108 -0.00136899792139027 -3.90299243975057 529.19331813385 194599212.600467
-0.194400000000001 -0.0019895442829208 -0.000418258185593569 -3.90729290905663 529.127636947536 194596397.969759
-0.194500000000001 -0.000702520307528831 -0.00184295396146926 -3.91014409875385 529.061955761221 194595035.046707
-0.194600000000001 -0.0016238800510007 -0.00195580652896156 -3.91597911918882 528.996274574907 194589384.903577
-0.194700000000001 -0.00177543315850949 -0.00073788792855254 -3.91878788094454 528.930593388593 194589116.593465
-0.194800000000001 -0.00172578964671748 -0.00279598193047665 -3.92173782614247 528.864912202279 194586718.938615
-0.194900000000001 -0.0008391844931887 -0.00124291818973865 -3.92507296585142 528.799231015964 194584912.764367
-0.195000000000001 -0.00258313284877411 -0.000707004968629081 -3.92964889098153 528.73354982965 194581949.759636
-0.1951 -0.000295400702807621 -0.00227585711331115 -3.93202159954316 528.667868643336 194580613.107124
-0.1952 -0.00205011768150874 -0.00166644579151428 -3.93484677529113 528.602187457022 194577922.320406
-0.1953 -0.00184267358954009 -0.000164472426702776 -3.9377532203895 528.536506270707 194577003.540567
-0.1954 -0.000859229727326726 -0.00244393087726657 -3.94262515110395 528.470825084393 194573498.086113
-0.1955 -0.00161270313883051 -0.00159595955570874 -3.94379488003755 528.405143898079 194573034.204371
-0.1956 -0.00145049188342121 -0.000588118568835303 -3.94640767110247 528.339462711765 194572356.77529
-0.1957 -0.00183086197467176 -0.00214510015569842 -3.95270419371748 528.273781525451 194566982.632886
-0.1958 -0.000245755501671635 -0.00154487289156495 -3.95581730549673 528.208100339136 194566314.526517
-0.1959 -0.0020501537067628 -0.00101442894976795 -3.95989767691335 528.142419152822 194563491.13921
-0.196 -0.00155000298004081 -0.00106637381591785 -3.96363066025633 528.076737966508 194561347.726472
-0.196100000000001 -0.00315858412135027 -0.000784188143982596 -3.96689074357026 528.011056780193 194559192.623567
-0.1962 -0.000120891650445983 -0.00244497372041435 -3.97067119558233 527.945375593879 194557434.103606
-0.196300000000001 -0.00140499705982629 -0.00149295757381413 -3.97473940750953 527.879694407565 194554889.636207
-0.196400000000001 -0.00189404817423795 -0.00106208502480755 -3.97801487873286 527.814013221251 194551999.705768
-0.196500000000001 -0.000835799716383404 -0.00201763265611528 -3.97960624693764 527.748332034937 194551486.579667
-0.196600000000001 -0.0019014588502786 -0.00143714285311231 -3.98410025219273 527.682650848622 194549055.01706
-0.196700000000001 -0.00084355097099685 -0.00127397734700362 -3.98739915781353 527.616969662308 194546839.608293
-0.196800000000001 -0.00163920511104609 -0.00149955943886282 -3.99010630241653 527.551288475994 194545566.711662
-0.196900000000001 -0.00206724481575944 -0.000840814359612769 -3.99346960142653 527.48560728968 194543810.78022
-0.197000000000001 -0.000669507990587079 -0.00262940632431869 -3.9967645636405 527.419926103365 194540413.478511
-0.1971 -0.000957750947922639 -0.00225549376793237 -4.00039778044298 527.354244917051 194538941.878515
-0.1972 -0.00160771638448874 -0.00105390454538541 -4.00399376537885 527.288563730737 194536870.180964
-0.1973 -0.00270009916057697 -0.000800686804919524 -4.00791132901717 527.222882544423 194534631.979676
-0.1974 -0.0021218695263795 -0.0016039438878612 -4.0115707455147 527.157201358108 194533043.051668
-0.1975 0.000115357133126034 -0.00223270532144139 -4.01555818058862 527.091520171794 194531054.051506
-0.1976 -0.0020303741675151 -0.000595144803652292 -4.02018512855687 527.02583898548 194527965.644821
-0.1977 -0.000691645612180622 -0.00146861107016511 -4.02298047050015 526.960157799166 194526257.201397
-0.1978 -0.00283180034402486 -0.00126388345643702 -4.02746212588175 526.894476612851 194522131.031585
-0.1979 -0.00126900187082431 -0.00124729193189311 -4.02959842548529 526.828795426537 194521949.930382
-0.198 -0.00120542669683021 -0.00210828277124167 -4.03302211142275 526.763114240223 194519821.047824
-0.1981 -0.00215976467160364 -0.000989785885476435 -4.03649583807539 526.697433053909 194518809.49231
-0.198200000000001 -0.00109518329318285 -0.00197349626078425 -4.04013710347453 526.631751867594 194516531.455368
-0.198300000000001 -0.000715639307593233 -0.00299817796505995 -4.04383936998 526.56607068128 194513308.859924
-0.198400000000001 -0.0021682387912149 -0.000763765567602512 -4.04712934537171 526.500389494966 194511258.185264
-0.198500000000001 -0.00172704592098578 -0.00129572578651202 -4.05214308555761 526.434708308652 194508587.886847
-0.198600000000001 -0.00158020070618708 -0.000310816890900258 -4.05394352289089 526.369027122337 194507650.900704
-0.198700000000001 -0.000780241145600532 -0.00215203940645622 -4.05888084545053 526.303345936023 194504319.617078
-0.198800000000001 -0.0017696263761071 -0.00128037909228561 -4.06255960898826 526.237664749709 194502538.24037
-0.198900000000001 0.000159842948335273 -0.00159538656701507 -4.0645433998858 526.171983563395 194501344.374605
-0.199000000000001 -0.00211566271239403 -0.00157490074549893 -4.06977429797052 526.106302377081 194497705.665365
-0.1991 -0.00173221603739142 -0.00121323141276699 -4.07179078157275 526.040621190766 194497382.380643
-0.1992 -0.0017584011087464 -0.000405447466744707 -4.07678399834131 525.974940004452 194494497.886924
-0.1993 -0.000507386356765585 -0.00346905499569767 -4.07973111148457 525.909258818138 194491818.104669
-0.1994 -0.00184989741921412 -7.1618037333292e-05 -4.08252336659581 525.843577631824 194490328.569162
-0.1995 -0.00251036133794396 -0.000630611335244933 -4.08694035115459 525.777896445509 194486325.888783
-0.1996 -0.00186350002920174 -0.00209407408003043 -4.09069853929826 525.712215259195 194484426.180229
-0.1997 -0.00171155237955583 -0.000757527654500187 -4.09462210667189 525.646534072881 194482905.902259
-0.1998 -0.00115223852824913 -0.00240210091365438 -4.09788741559059 525.580852886567 194481331.13499
-0.199900000000001 -0.00186888305298401 -7.7185070612393e-05 -4.10170062153837 525.515171700252 194480591.752025
-0.2 -0.00217662536201375 -0.00180313774146831 -4.10486060795332 525.449490513938 194476785.262814
-0.2001 -0.000897913575706144 -0.00113796880835148 -4.10683492682496 525.383809327624 194475840.968278
-0.2002 -0.00230268451201303 -0.00198230389445811 -4.11067414308502 525.31812814131 194471917.669394
-0.200300000000001 -0.00142201872788896 -0.00037498294878363 -4.11370317686315 525.252446954995 194472137.254546
-0.200400000000001 -0.00221074081057576 -0.00242183023097476 -4.11711847505655 525.186765768681 194468653.247778
-0.200500000000001 -0.000834713802318761 -0.00123688704609318 -4.11925969415162 525.121084582367 194469656.910425
-0.200600000000001 -0.0014138009493259 -0.00131963220687464 -4.12443977050303 525.055403396053 194465666.633815
-0.200700000000001 -0.000922602433749737 -0.00221086891171856 -4.12810240185036 524.989722209738 194463484.714279
-0.200800000000001 -0.000988759509476408 -0.000966311562662851 -4.13158807108336 524.924041023424 194461015.878799
-0.200900000000001 -0.0012885858006518 -0.00216855892856919 -4.13438621134626 524.85835983711 194458729.271229
-0.201000000000001 -0.00120208350130455 -0.000728003558826522 -4.13583766525752 524.792678650796 194458750.902193
-0.201100000000001 -0.00169478533293273 -0.00196804159123057 -4.14103054886543 524.726997464481 194454634.252341
-0.2012 -0.00146773868523639 -0.00067952766331102 -4.14398458758565 524.661316278167 194453244.175556
-0.2013 -0.00134362518926535 -0.00148375031824036 -4.14809652120194 524.595635091853 194450683.806543
-0.2014 -0.00151084153357892 -0.000898771208283275 -4.1502536308838 524.529953905539 194449902.454905
-0.2015 -0.00246720250919313 -0.00138537091165036 -4.15337692722631 524.464272719224 194447720.348298
-0.2016 -0.00125617509721706 -0.00174816710086717 -4.15677069295463 524.39859153291 194445606.772055
-0.2017 -0.00223873418428084 -0.00108089538556441 -4.16038405214425 524.332910346596 194443406.790563
-0.2018 -0.00102919010428615 -0.00137096726669365 -4.16271514765265 524.267229160282 194442153.884547
-0.2019 -0.00197644374145022 -0.00193711345044722 -4.16743342810823 524.201547973968 194438366.729608
-0.202000000000001 -0.00134835750025018 -0.00121846099764006 -4.1693909821117 524.135866787653 194438379.523616
-0.2021 -0.00138008550983721 -0.00141971294946779 -4.17170248820353 524.070185601339 194437066.876815
-0.2022 -0.00173228574313793 -0.00149057313319122 -4.17521064446497 524.004504415025 194434864.170769
-0.202300000000001 -0.000140028445526075 -0.00213558905697345 -4.17830167396009 523.93882322871 194432884.783039
-0.202400000000001 -0.00188920312043494 -0.00158690441482986 -4.18215729160214 523.873142042396 194430456.988407
-0.202500000000001 -0.00221024876871668 -0.00197334455237567 -4.18414849549043 523.807460856082 194428572.320002
-0.202600000000001 -0.000568574068810484 -0.000584098729702523 -4.18520466584822 523.741779669768 194429749.577238
-0.202700000000001 -0.00192120115520296 -0.00259146918868849 -4.18948688102753 523.676098483454 194425437.422664
-0.202800000000001 -0.00106788406262988 -0.000846562550369804 -4.1932359427522 523.610417297139 194425044.598221
-0.2029 -0.00273759641352209 -0.0015954487166979 -4.19598113684861 523.544736110825 194422096.551844
-0.203000000000001 -0.000406549754653488 -0.00236489894170003 -4.19801326697436 523.479054924511 194421028.304896
-0.203100000000001 -0.00116811945073161 -0.0012765182890839 -4.20070408009159 523.413373738197 194420316.805014
-0.2032 -0.0023289443732638 -0.00194432832796646 -4.20300828589281 523.347692551882 194417136.612754
-0.2033 -0.000257774995902105 -0.00161399011551487 -4.20649864435663 523.282011365568 194416718.997667
-0.2034 -0.00221735071269637 -0.00162529053846209 -4.20966612536879 523.216330179254 194413751.898167
-0.2035 -0.0011499731063712 -0.00241235319036208 -4.21267978126589 523.15064899294 194413016.546297
-0.2036 -0.00192655728015478 -0.00159870969742777 -4.21595559732883 523.084967806625 194410760.055604
-0.2037 -0.000205733301778103 -0.00234328887432751 -4.2182305911929 523.019286620311 194409398.500397
-0.2038 -0.00177115018493041 -0.00106716349010646 -4.22230555690528 522.953605433997 194407027.707159
-0.203900000000001 -0.00224094854679857 -0.00177006479464962 -4.22464511512243 522.887924247683 194404532.508718
-0.204 -0.000942059929793317 -0.000923228076017244 -4.22756660906512 522.822243061368 194403906.594141
-0.204100000000001 -0.00238230211624236 -0.00127460778129139 -4.23062135570626 522.756561875054 194401091.298956
-0.2042 -0.00021857803684303 -0.00301899678715796 -4.23465188082249 522.69088068874 194399040.921171
-0.204300000000001 -0.00236862009240908 -0.00107039491310423 -4.23660554322896 522.625199502426 194397878.321853
-0.204400000000001 -0.00122226233019897 -0.000698420630667626 -4.23907471011498 522.559518316111 194396994.149868
-0.204500000000001 -0.00160840326705571 -0.00183114333840941 -4.24312483150074 522.493837129797 194394240.212532
-0.204600000000001 -0.00105671838824193 -0.00169859989429651 -4.24592929082006 522.428155943483 194392920.736503
-0.204700000000001 -0.00272216798411054 -0.00144346515223015 -4.24737498955146 522.362474757169 194391642.215898
-0.204800000000001 0.000741653904340319 -0.00211715502489163 -4.25051060428408 522.296793570854 194390991.457017
-0.2049 -0.00275246524816953 -0.00192854897346256 -4.25375033361631 522.23111238454 194387274.089437
-0.205 -0.00147535761979501 -0.000187221526079124 -4.25732183270635 522.165431198226 194386463.36816
-0.205100000000001 -0.00152996861687347 -0.00280500895964404 -4.26047265779064 522.099750011912 194382709.474203
-0.2052 -0.000443402692250887 -0.00129011211518636 -4.26269425015337 522.034068825598 194382491.430602
-0.2053 -0.000717454400204136 -0.00142866875762529 -4.26596801844854 521.968387639283 194381234.75979
-0.2054 -0.001550182950072 -0.00170726718495164 -4.26937358195447 521.902706452969 194378971.327087
-0.2055 -0.00181581516124524 -0.00125896994563016 -4.27197174821498 521.837025266655 194377827.797187
-0.2056 -0.00100688820607378 -0.00161157291267948 -4.27424598261398 521.771344080341 194376124.661644
-0.2057 -0.00204819337728405 -0.00186290482488563 -4.27751070874363 521.705662894026 194373534.353521
-0.2058 -0.00145198066647433 -0.00230098102181309 -4.27867537095189 521.639981707712 194372741.526973
-0.2059 -0.00201205601297846 -0.00112545477515996 -4.28186557084241 521.574300521398 194370465.972876
-0.206000000000001 -0.00125302343222183 -0.00198643292080851 -4.28493818762463 521.508619335083 194369493.517733
-0.2061 -0.00167190102825994 -0.000764488710769243 -4.2885873631317 521.442938148769 194367353.260786
-0.206200000000001 -0.00068564526204465 -0.00301162673094509 -4.29245411929581 521.377256962455 194364567.76392
-0.206300000000001 -0.00210758439125093 -0.000523158107986544 -4.29591478505562 521.311575776141 194362971.906537
-0.206400000000001 -0.00146297666495741 -0.00179443984216163 -4.29812400743841 521.245894589827 194360946.150041
-0.206500000000001 -0.00158334353428544 -0.00156248831664057 -4.30072406307935 521.180213403512 194360166.551255
-0.206600000000001 -0.00158684680571509 -0.000740578178553279 -4.30466157904101 521.114532217198 194358410.430024
-0.206700000000001 -0.0014941059060657 -0.00213776971497895 -4.30701527713179 521.048851030884 194356954.566081
-0.206800000000001 -0.00103797612015255 -0.00151144353566298 -4.30887741819252 520.98316984457 194356553.134233
-0.206900000000001 -0.00187335446714486 -0.00196385830107627 -4.31294836524083 520.917488658255 194352464.493192
-0.207 -0.00139794310729608 -0.00120016257113379 -4.31448156721347 520.851807471941 194351997.72607
-0.2071 -0.00136408343485572 -0.00188071817893023 -4.31905931572257 520.786126285627 194348863.67176
-0.2072 -0.00208853744736806 -0.000559802340713294 -4.32022813024744 520.720445099313 194349197.527597
-0.2073 -0.00138984275231982 -0.00387144799355852 -4.32245634131428 520.654763912998 194347021.90945
-0.2074 -0.00119267011065174 -0.000847850350713452 -4.32556722371329 520.589082726684 194346396.727558
-0.2075 -0.00219016051708848 -0.00175931545449896 -4.3275141958812 520.52340154037 194344070.806528
-0.2076 -0.000768065828628128 -0.00204399898837435 -4.32933523345464 520.457720354056 194344203.038153
-0.2077 -0.0025182684913853 -0.00133565455103123 -4.33276610160315 520.392039167741 194340934.279286
-0.2078 -0.00161188616981767 -0.00215190556360147 -4.33456579367924 520.326357981427 194340494.905812
-0.207900000000001 -0.000950096722549141 -0.00130304537757667 -4.33931656730469 520.260676795113 194339060.467478
-0.208 -0.00153920157655825 -0.0022326099469402 -4.34165336959247 520.194995608799 194336735.673394
-0.208100000000001 -0.00229850045162717 -0.00134747748313207 -4.34589258086811 520.129314422484 194334612.030079
-0.2082 -0.000403137279508299 -0.00247052476397399 -4.34798492778369 520.06363323617 194332939.781686
-0.208300000000001 -0.00162957645601884 -0.00172785010717958 -4.35329093401007 519.997952049856 194329728.975814
-0.208400000000001 -0.00116386333455263 -0.00165917401759822 -4.3558916427732 519.932270863542 194328320.136158
-0.208500000000001 -0.00214035465716009 -0.00183603374338414 -4.35787837798599 519.866589677227 194327444.787645
-0.208600000000001 -0.000611213319190761 -0.001139067213494 -4.36049038062502 519.800908490913 194326344.006835
-0.208700000000001 -0.00179229552918486 -0.00225278527522798 -4.36396100283111 519.735227304599 194323273.878243
-0.208800000000001 -0.00100122205081122 -0.00136116767358872 -4.36584808562049 519.669546118285 194323044.831332
-0.208900000000001 -0.00172378497584496 -0.00224431694100755 -4.37040059093306 519.603864931971 194318808.976327
-0.209 -0.0020060945485868 -0.000866452348031131 -4.37178791966477 519.538183745656 194319317.117701
-0.2091 -0.000878579316761351 -0.002325309802571 -4.37437033389535 519.472502559342 194317715.821392
-0.2092 -0.00292014867341849 -0.00146155111118976 -4.37694644000724 519.406821373028 194316191.460161
-0.2093 -0.000924751415809534 -1.83950893819468e-05 -4.37857324548981 519.341140186714 194317477.032721
-0.2094 -0.00226247313807475 -0.00247091189509706 -4.38245746227654 519.275459000399 194312728.87975
-0.2095 -0.00107347627318105 -0.000950684848842405 -4.38493369360766 519.209777814085 194312164.335023
-0.2096 -0.00146596380678845 -0.00261093518542249 -4.38745220648585 519.144096627771 194308537.540656
-0.2097 -0.00210732882971566 -0.000538882967036022 -4.38992474462867 519.078415441457 194308280.936138
-0.2098 -0.000848753314592969 -0.0015861206846409 -4.39239696433049 519.012734255142 194307493.083644
-0.2099 -0.00174627915340799 -0.00182608245564401 -4.394702041113 518.947053068828 194305885.978237
-0.210000000000001 -0.00219977074127633 -0.000394073761467468 -4.39651467664833 518.881371882514 194305290.505599
-0.2101 -0.000831849940453979 -0.00282464767718743 -4.3991501468737 518.8156906962 194303259.19694
-0.210200000000001 -0.000994215445442429 -0.00217148576752236 -4.40131767674817 518.750009509885 194302138.114507
-0.210300000000001 -0.00313678829739402 -0.000830497646107419 -4.40333954008867 518.684328323571 194300109.045495
-0.210400000000001 -0.000908886564906718 -0.00269606413318706 -4.40808611917851 518.618647137257 194298355.405514
-0.210500000000001 -0.00147683327792132 -0.00177074306317535 -4.4095102721292 518.552965950943 194298098.977918
-0.210600000000001 -0.00237950570167104 -0.0005790074958353 -4.41223543209192 518.487284764628 194296960.391
-0.210700000000001 -0.00144330108997234 -0.00207995427987628 -4.41555314729281 518.421603578314 194294222.788594
-0.210800000000001 -0.00222287656261852 -0.00218765844346203 -4.41760316011012 518.355922392 194291865.481332
-0.210900000000001 -0.0001458423391217 -0.00145994002640311 -4.41904359419353 518.290241205686 194292350.505819
-0.211 -0.00301293883602014 -0.00121496049552172 -4.42320646886032 518.224560019371 194289603.011514
-0.2111 -0.00124424689784455 -0.00101966668712303 -4.42534932671238 518.158878833057 194289252.451645
-0.2112 -0.00245623280276494 -0.00192604458258265 -4.42857944853896 518.093197646743 194286473.809193
-0.2113 -0.00153930676864187 -0.00115858154042733 -4.43103623999402 518.027516460429 194286118.016895
-0.2114 -0.00193047102880948 -0.00146941879002988 -4.43339858929227 517.961835274114 194284135.365503
-0.2115 -0.00131874977413293 -0.00189720089798905 -4.43571539042476 517.8961540878 194282356.708297
-0.2116 -0.00186643895121044 -0.00120475203215834 -4.43787328832175 517.830472901486 194281704.081624
-0.2117 -0.00201996833092379 -0.00106709354875705 -4.43928457118636 517.764791715172 194280415.817387
-0.2118 -0.00122619781253735 -0.00156247487214798 -4.44245405909063 517.699110528858 194278847.848839
-0.211900000000001 -0.0012008323145647 -0.000961830738860103 -4.4449334738587 517.633429342543 194278540.94725
-0.212 -0.0024174457869852 -0.00150204079572255 -4.44770710741865 517.567748156229 194275328.732572
-0.212100000000001 -0.000419137820288561 -0.00278664402286961 -4.44929271821268 517.502066969915 194274845.865665
-0.2122 -0.00165259438208084 -0.000828642686783894 -4.45158342092354 517.436385783601 194273781.66995
-0.212300000000001 -0.00144274307979657 -0.0019090025552855 -4.4542793478564 517.370704597286 194271158.887455
-0.212400000000001 -0.00121249632968214 -0.000833107322610691 -4.45776033715302 517.305023410972 194270689.2055
-0.212500000000001 -0.00225971749357689 -0.00170419596357827 -4.46052067788677 517.239342224658 194268214.643445
-0.212600000000001 -0.000892996201031102 -0.00168221350955426 -4.46231170885372 517.173661038344 194267785.515862
-0.212700000000001 -0.00262735838950388 -0.000687374685180024 -4.46516533891405 517.107979852029 194266406.35622
-0.212800000000001 -0.00088537661847056 -0.00334777950780419 -4.46856062923119 517.042298665715 194263208.501077
-0.212900000000001 -0.00117796418520426 -0.000703488048084371 -4.47024980120072 516.976617479401 194263914.689817
-0.213 -0.00175190288492861 -0.00230288960678601 -4.47399754151104 516.910936293087 194261305.382238
-0.2131 -0.00248216543957826 -0.000761878152749028 -4.47637509873384 516.845255106772 194260222.719421
-0.2132 -0.00113953225073613 -0.00192587396368355 -4.47880578113785 516.779573920458 194259811.297935
-0.2133 -0.00126174925180309 -0.00186539834958548 -4.48122590733629 516.713892734144 194257779.133058
-0.2134 -0.0021548041828123 -0.000495052920472426 -4.48293126486968 516.64821154783 194257230.281782
-0.2135 -0.00143388413678322 -0.00137406969300679 -4.48577201034819 516.582530361515 194255026.498091
-0.2136 -0.000979816014848569 -0.00240974640090569 -4.48802138757979 516.516849175201 194254324.428552
-0.2137 -0.00232607378092663 -0.00104060325427252 -4.49258525234543 516.451167988887 194252079.786734
-0.2138 -0.000870596753834038 -0.00243602356102298 -4.49435397768915 516.385486802573 194250634.95046
-0.2139 -0.00134353410649442 -0.000788231403989566 -4.49648039805448 516.319805616258 194249922.867624
-0.214000000000001 -0.00202783857687968 -0.00101715226838034 -4.50025908763939 516.254124429944 194247705.262438
-0.2141 -0.00128303562363108 -0.00101408951013041 -4.50251350501192 516.18844324363 194245816.523878
-0.214200000000001 -0.00108995568756758 -0.00238928480255517 -4.50462061997657 516.122762057316 194243591.839329
-0.2143 -0.00146021159048198 -0.0018400766156868 -4.50735867047396 516.057080871002 194243034.179364
-0.214400000000001 -0.00221769695839365 -0.00154378020854853 -4.51089951517461 515.991399684687 194241000.698845
-0.214500000000001 -0.00163518447544013 -0.00173920480673402 -4.5132051536372 515.925718498373 194239644.572894
-0.214600000000001 -0.00218171964901862 -0.00110838492006521 -4.51629846692226 515.860037312059 194237842.151047
-0.214700000000001 -0.00093967109701558 -0.00295308501284353 -4.51908455123822 515.794356125744 194235464.958825
-0.214800000000001 -0.00205620145124142 6.39555867056088e-06 -4.5205254918353 515.72867493943 194235952.208153
-0.214900000000001 -0.00135673343980697 -0.0024232410875377 -4.52255748582723 515.662993753116 194233346.418975
-0.215 -0.00146837276065384 -0.00140869485820266 -4.52450143681248 515.597312566802 194233323.398642
-0.2151 -0.00129929790133483 -0.00169829907253257 -4.52764731992603 515.531631380488 194231629.218838
-0.2152 -0.00154219918251771 -0.0015817595747007 -4.52936818428676 515.465950194173 194229728.730683
-0.2153 -0.00239796067744337 -0.00133188627068988 -4.53377015720406 515.400269007859 194227472.807929
-0.2154 -0.00114629416626715 -0.00164985228769249 -4.53424311178371 515.334587821545 194227947.290998
-0.2155 -0.00165440766754933 -0.00257710276354428 -4.53721969442021 515.268906635231 194226210.190878
-0.2156 -0.00090180693276839 -0.0018586816630326 -4.53970772841065 515.203225448916 194224345.547991
-0.2157 -0.00272091523682676 -0.00186166629666248 -4.54132783555886 515.137544262602 194223027.595434
-0.2158 -0.00104014986657532 -0.00101755070705459 -4.54348467681784 515.071863076288 194222459.014055
-0.2159 -0.00127697041990535 -0.00247401022690898 -4.54591210589958 515.006181889974 194220604.523379
-0.216 -0.00232358348736671 -0.000785357739423872 -4.54836121874807 514.940500703659 194219345.614585
-0.216100000000001 -0.00153191584443644 -0.0016828700037941 -4.55125697808555 514.874819517345 194218396.890903
-0.2162 -0.00206501409224757 -0.00208309078527553 -4.55280155298549 514.809138331031 194216623.533965
-0.216300000000001 -0.0016667944139941 -0.00168891021411015 -4.55588739073392 514.743457144717 194214866.134863
-0.216400000000001 -0.000346534469995461 -0.00258234059198745 -4.55710346668373 514.677775958402 194213817.72214
-0.216500000000001 -0.0028872205864367 -0.000381231461957063 -4.55871293727135 514.612094772088 194213736.138465
-0.216600000000001 -0.00136270869962061 -0.00238928817431184 -4.563306501219 514.546413585774 194210667.470709
-0.216700000000001 -0.000230765085428795 -0.00212027784824164 -4.56484241190021 514.48073239946 194210733.848062
-0.216800000000001 -0.00212085205049381 -0.00100069656140518 -4.56893715888407 514.415051213145 194207266.738053
-0.216900000000001 -0.00144810094170554 -0.00271720138714433 -4.56943686579001 514.349370026831 194206500.477984
-0.217 -0.000924372193328218 -0.000921124975752087 -4.57045067444658 514.283688840517 194206751.840688
-0.2171 -0.00245691091674441 -0.001736165071176 -4.57515074764753 514.218007654203 194202698.200779
-0.2172 -0.000418733353055183 -0.00153654487964319 -4.57640273580409 514.152326467888 194202975.323106
-0.2173 -0.0016398494686715 -0.00189592170815033 -4.5790522902262 514.086645281574 194201114.570889
-0.2174 -0.00208301662442529 -0.00129690929927027 -4.5805041281324 514.02096409526 194200490.918964
-0.2175 -0.00237117007939531 -0.000684117582535995 -4.58337636481044 513.955282908946 194198258.161611
-0.2176 -0.000963189378960553 -0.00229550261344432 -4.58512414462395 513.889601722631 194197014.372461
-0.2177 -0.00187840226343103 -0.00149088606884378 -4.58830807165023 513.823920536317 194195496.5004
-0.2178 -0.00165888947230321 -0.0016141157375214 -4.58930346679374 513.758239350003 194194529.978927
-0.2179 -0.000883349793073064 -0.00245235773516223 -4.59346198378868 513.692558163689 194192029.022503
-0.218000000000001 -0.00258233646771193 -0.00165514910966234 -4.59486062526553 513.626876977374 194191731.305795
-0.2181 -0.0018090790754629 -0.00126308311377368 -4.59661812510737 513.56119579106 194190923.981545
-0.218200000000001 -0.00144184313525741 -0.00244486284828972 -4.59780053293088 513.495514604746 194189555.840831
-0.2183 -0.00148047847493816 -0.00145051741459803 -4.60058234095261 513.429833418432 194187619.059693
-0.218400000000001 -0.00287959637335571 -0.00081036116764355 -4.60439954009732 513.364152232117 194185481.388798
-0.218500000000001 -0.00047273806096795 -0.00129200920243334 -4.60633336334708 513.298471045803 194185946.012509
-0.218600000000001 -0.00279714614333584 -0.00117215457364668 -4.60928908115744 513.232789859489 194183475.91542
-0.218700000000001 -0.000914432524817192 -0.00188571025144921 -4.61087637127345 513.167108673175 194183256.326385
-0.218800000000001 -0.00149538153550277 -0.00169349811602331 -4.61255243093517 513.101427486861 194182002.10882
-0.218900000000001 -0.00229745378029106 -0.00085528890292067 -4.61528051949312 513.035746300546 194179927.634295
-0.219 -0.00155927939178065 -0.000998298236621744 -4.61639329671334 512.970065114232 194180186.543116
-0.2191 -0.000416790034140503 -0.00267700185144382 -4.61887828488762 512.904383927918 194178536.457727
-0.2192 -0.00237491820363959 -0.000696336766364498 -4.62127730434114 512.838702741604 194177192.20495
-0.2193 -0.00192939142670186 -0.00253762414279608 -4.62346810829839 512.773021555289 194175365.691856
-0.2194 -0.000609520736895612 -0.00135711805062203 -4.6253590690203 512.707340368975 194175694.243432
-0.2195 -0.0016280674953267 -0.002354591594171 -4.62800868582193 512.641659182661 194172645.111956
-0.2196 -0.0015868027405774 -0.00122086578707039 -4.63080803913195 512.575977996347 194170903.812629
-0.2197 -0.00258664533842346 -0.00124374601587387 -4.63351822797954 512.510296810032 194169799.648771
-0.2198 -0.000534025385865077 -0.00112009161068942 -4.63644575375195 512.444615623718 194169128.611372
-0.2199 -0.000980408863642184 -0.00280749207327831 -4.63944705625359 512.378934437404 194165549.104616
-0.22 -0.00202688496489462 -0.00117424907602687 -4.64074441089005 512.31325325109 194166102.942252
-0.220100000000001 -0.00246296775413885 -0.00053758454472226 -4.6430722364853 512.247572064775 194164253.307748
-0.2202 -0.0012438817704906 -0.00295800892187904 -4.64447410184202 512.181890878461 194162359.838068
-0.220300000000001 -0.00187608433035363 -0.00095142286005432 -4.64657455986976 512.116209692147 194161982.702
-0.220400000000001 -0.00192392803580067 -0.00176198411935104 -4.64876955258419 512.050528505833 194160730.932769
-0.220500000000001 -0.00116560487323752 -0.00158934436971844 -4.64974221448905 511.984847319518 194160726.682547
-0.2206 -0.00155303014418733 -0.0015326669883671 -4.65300630362219 511.919166133204 194159018.163761
-0.220700000000001 -0.00167409558954774 -0.000604402564402584 -4.65235077485346 511.85348494689 194159405.035974
-0.2208 -0.00167825518005573 -0.00250411406063486 -4.6550371900086 511.787803760576 194156987.276725
-0.220900000000001 -0.00213042648738306 -0.00196259738081445 -4.65666905179313 511.722122574261 194155914.350375
-0.221000000000001 -0.00116356890449577 -0.00126670328503993 -4.65858800137027 511.656441387947 194155726.149956
-0.2211 -0.00189915059628768 -0.00109479142190659 -4.66050386392584 511.590760201633 194154174.844005
-0.2212 -0.00112803309289822 -0.00341073117314787 -4.66339247070613 511.525079015319 194152381.116892
-0.221300000000001 -0.00162781475533412 -0.000955277971633856 -4.66570192628503 511.459397829004 194151789.927303
-0.2214 -0.00104658787558003 -0.00240502214781709 -4.66696709067485 511.39371664269 194150079.148284
-0.221500000000001 -0.00137665666643015 -0.0016696839236944 -4.66888458985484 511.328035456376 194149304.047516
-0.2216 -0.00270274459373101 -0.0013765992961751 -4.67066486094126 511.262354270062 194148216.751601
-0.221700000000001 -0.00138103316071448 -0.00276337913167854 -4.67271818087305 511.196673083747 194147340.356726
-0.2218 -0.000443562498806128 -0.0011196095635429 -4.67484235971553 511.130991897433 194147889.863459
-0.2219 -0.00362720101928089 -0.000185149806895978 -4.677752865066 511.065310711119 194144782.505341
-0.222000000000001 -0.000204831391437931 -0.00246026998326725 -4.67909685533782 510.999629524805 194144274.563388
-0.2221 -0.00252733399083881 -0.000787879834837829 -4.68206616040987 510.933948338491 194141921.412258
-0.222200000000001 -0.000909004940806914 -0.00180972956504798 -4.68354355775012 510.868267152176 194141496.877422
-0.2223 -0.0019644865072223 -0.00253059103274312 -4.68636946594084 510.802585965862 194139870.047837
-0.222400000000001 -0.000868627808011616 -0.00136507840437236 -4.68844508151355 510.736904779548 194139758.561559
-0.2225 -0.0015813093728735 -0.00195172058467764 -4.69117132961119 510.671223593234 194138119.86391
-0.222600000000001 -0.00226982639828986 -0.00161197495631225 -4.6949342871707 510.605542406919 194135043.27177
-0.2227 -0.000841133495628472 -0.00186167441438411 -4.69538988414629 510.539861220605 194135829.156425
-0.2228 -0.00186708513772071 -0.00200598512748106 -4.69754242688403 510.474180034291 194133722.966593
-0.2229 -0.00114039240411466 -0.000519833957885317 -4.69824437265416 510.408498847977 194134757.601867
-0.223000000000001 -0.00228332758670444 -0.00143502709337008 -4.70234274718509 510.342817661662 194131116.798459
-0.2231 -0.000362109330647871 -0.00220444572630442 -4.70508965553553 510.277136475348 194130374.902405
-0.223200000000001 -0.00200472985982377 -0.000957990729322028 -4.70785783030627 510.211455289034 194129142.916989
-0.2233 -0.00167520501173887 -0.00119667023753386 -4.71015934778844 510.14577410272 194127651.253124
-0.223400000000001 -0.00192308739140208 -0.00210411660105753 -4.71152817458912 510.080092916405 194126220.536616
-0.2235 -0.000944447294815062 -0.0015689220463956 -4.71416768190519 510.014411730091 194124796.341299
-0.223600000000001 -0.0021083432086894 -0.00125868674489714 -4.71581733241838 509.948730543777 194123392.506919
-0.2237 -0.000414248723298911 -0.00159402478705135 -4.71654109366546 509.883049357463 194125077.125129
-0.2238 -0.00338127551114501 -0.00078606841863987 -4.71987316453011 509.817368171148 194122466.04502
-0.2239 -0.00133481573516636 -0.00146530803737462 -4.72280356546994 509.751686984834 194121092.166997
-0.224 -0.00110269568292943 -0.00100739015581301 -4.72438605819862 509.68600579852 194120080.363018
-0.224100000000001 -0.00227067702508513 -0.00142392950164313 -4.72693417291337 509.620324612206 194118045.600483
-0.2242 -0.000560463403949873 -0.00239723539266997 -4.72832916882132 509.554643425891 194117087.799698
-0.224300000000001 -0.001667192278428 -0.00194446013137048 -4.731668951218 509.488962239577 194115234.934888
-0.2244 -0.00180122900592832 -0.00169843516297095 -4.73353746055781 509.423281053263 194114965.868774
-0.224500000000001 -0.0027593387770549 -0.000928122711723402 -4.7357779251839 509.357599866949 194113505.979474
-0.2246 -0.00187070137940434 -0.00193464825972673 -4.73825990969929 509.291918680635 194112630.392913
-0.224700000000001 -0.000580205075766582 -0.00247124271446254 -4.74041947311074 509.22623749432 194111236.814619
-0.2248 -0.00162358644183449 -0.00104419041670792 -4.74221841493488 509.160556308006 194110700.483174
-0.2249 -0.00160296082214975 -0.00207256539950689 -4.74510123948395 509.094875121692 194107044.155688
-0.225 -0.00243210580181003 -0.000565689903177688 -4.74719830189412 509.029193935378 194107566.714167
-0.2251 -0.00163766589487572 -0.00235250353632139 -4.75037763160384 508.963512749063 194105426.514943
-0.2252 -0.00116654898237483 -0.00155515786816055 -4.75298753590254 508.897831562749 194105552.780168
-0.225300000000001 -0.00144715938216622 -0.00228956316927253 -4.75482747248951 508.832150376435 194103751.11407
-0.2254 -0.00212033168245031 -0.000897567910319471 -4.75676710453981 508.766469190121 194103199.786722
-0.225500000000001 -0.00192475665852886 -0.0010468467947585 -4.75926433299084 508.700788003806 194101159.772349
-0.2256 -0.00102217831284862 -0.00223656309220616 -4.7615551583995 508.635106817492 194099631.210033
-0.225700000000001 -0.000830159176104371 -0.00216119159010761 -4.76365840020267 508.569425631178 194098885.819286
-0.2258 -0.00259488877259836 -0.001991290700307 -4.76521541119932 508.503744444864 194096671.341348
-0.2259 -0.000928946622050328 -0.00104487416804637 -4.76692980975258 508.438063258549 194098776.516605
-0.226 -0.00236455407719343 -0.00215352510262916 -4.76977982338787 508.372382072235 194094841.971472
-0.2261 -0.000609744672968536 -0.00158751647359366 -4.77148769612172 508.306700885921 194095189.039426
-0.226200000000001 -0.00270309193770141 -0.00222209482461413 -4.77467319453939 508.241019699607 194092538.966401
-0.2263 -0.000721381000818503 -0.00191579463401874 -4.77636400867194 508.175338513292 194092848.43485
-0.226400000000001 -0.00192076049480236 -0.00224589906764802 -4.77954068862085 508.109657326978 194090772.715296
-0.2265 -0.00102762611759382 -0.00173180355714783 -4.78201962776066 508.043976140664 194090160.082206
-0.226600000000001 -0.0028466495691637 -0.00109855435695722 -4.78442762390239 507.97829495435 194087683.207802
-0.2267 -0.000963860144997361 -0.00111773171791658 -4.78705600064477 507.912613768035 194087242.200293
-0.226800000000001 -0.00187768480988923 -0.00170848398442852 -4.79042368121609 507.846932581721 194084788.082809
-0.2269 -0.00140638537461497 -0.00129854908593919 -4.79188439248278 507.781251395407 194084435.599818
-0.227 -0.00175665590161535 -0.00119267423881976 -4.79492960514276 507.715570209093 194083375.668179
-0.2271 -0.000618134427872939 -0.00175264017610862 -4.7961598115545 507.649889022778 194082720.544178
-0.2272 -0.00204281431770743 -0.00162997299243295 -4.79893879379231 507.584207836464 194080342.74987
-0.2273 -0.00202453758340848 -0.00180480551049223 -4.80281066626769 507.51852665015 194078720.508042
-0.227400000000001 -0.0017113539264471 -0.00164528499147558 -4.80573721776029 507.452845463836 194077023.671624
-0.2275 -0.00240246707237197 -0.000602058388773983 -4.80794006677365 507.387164277521 194075869.719443
-0.227600000000001 -0.00147954855207722 -0.00254343281766748 -4.80960021453377 507.321483091207 194074620.072988
-0.2277 -0.000865058723746346 -0.00101458190686102 -4.81164386090389 507.255801904893 194074982.750839
-0.227800000000001 -0.00202123522184689 -0.00180083613615934 -4.81433912729689 507.190120718579 194072729.572405
-0.2279 -0.00207948950564628 -0.00162304465918355 -4.81585972879522 507.124439532265 194071252.295174
-0.228 -0.000943532982945657 -0.0010083179969966 -4.81797736110085 507.05875834595 194071393.325809
-0.228100000000001 -0.00226935847635786 -0.00218568965450063 -4.82208624196602 506.993077159636 194067688.752643
-0.2282 -0.0017662232776479 -0.00102236971868227 -4.82537779995554 506.927395973322 194067289.643
-0.228300000000001 -0.00211377334596909 -0.00136924633192241 -4.82685290754472 506.861714787007 194066129.062524
-0.2284 -0.00239580898667285 -0.00156188608762978 -4.82812964610711 506.796033600693 194065065.200413
-0.228500000000001 -0.000807186406904918 -0.00170202507990183 -4.83092465551565 506.730352414379 194064214.617136
-0.2286 -0.00226596393002867 -0.00195296743643657 -4.83330878286426 506.664671228065 194061895.799853
-0.228700000000001 -0.00180573170714361 -0.00112298170791896 -4.83547645380834 506.598990041751 194062175.684544
-0.2288 -0.00192296946009214 -0.00148735443529906 -4.83881197367127 506.533308855436 194059513.282628
-0.2289 -0.00143829327426811 -0.00176461142607884 -4.83915478367092 506.467627669122 194059064.015982
-0.229 -0.000857977737286827 -0.00194020346688801 -4.84149839541512 506.401946482808 194059126.015204
-0.2291 -0.00267895136529698 -0.000187452884255277 -4.84476895123652 506.336265296494 194056927.390965
-0.2292 -0.00174058445494644 -0.00209416911910823 -4.84715383289748 506.270584110179 194054433.443089
-0.229300000000001 -0.00141689678927269 -0.00155039066060752 -4.84925903113128 506.204902923865 194054807.062536
-0.2294 -0.00187716027060274 -0.00138895623651582 -4.85139653219759 506.139221737551 194053567.985848
-0.229500000000001 -0.00113067492281231 -0.00132676727210269 -4.85307948626491 506.073540551237 194052779.578271
-0.2296 -0.00187293247958448 -0.00189595195491347 -4.85583533535438 506.007859364922 194050620.622203
-0.229700000000001 -0.00163230450680059 -0.00180166451180486 -4.85702118196076 505.942178178608 194050179.557668
-0.2298 -0.00171747686458012 -0.00254040809063827 -4.85865295746125 505.876496992294 194049150.055074
-0.2299 -0.00140268338860351 -0.00121487879529169 -4.86234404226434 505.81081580598 194048331.498758
-0.23 -0.00214604196666846 -0.00182880291419934 -4.86483562854749 505.745134619665 194046959.843838
-0.2301 -0.001393147250493 -0.00203268096147533 -4.86659113622567 505.679453433351 194046377.414418
-0.230200000000001 -0.00227119888013505 -0.0011273283320457 -4.86973738545717 505.613772247037 194044587.414165
-0.2303 -0.00075899461390749 -0.00284424590222382 -4.86996401979186 505.548091060723 194043825.067705
-0.230400000000001 -0.00278336235488949 -0.00117989921180791 -4.8721335373589 505.482409874408 194042435.445053
-0.2305 -0.00266994186368337 -0.00163286331090842 -4.87493688304331 505.416728688094 194041894.28068
-0.230600000000001 -0.000873015249953312 -0.00141642977619465 -4.87625874931975 505.35104750178 194042177.007845
-0.2307 -0.00205402290813016 -0.00166677322037847 -4.87901260323044 505.285366315466 194040109.88791
-0.230800000000001 -0.00124267140634432 -0.001405226877121 -4.8805582492467 505.219685129151 194039752.656496
-0.2309 -0.00155974301836668 -0.00159950064447471 -4.88365252550097 505.154003942837 194037194.045288
-0.231 -0.00236388514964362 -0.0012203451127752 -4.88750698916863 505.088322756523 194035699.317737
-0.2311 -0.0016090706622132 -0.00151538731692572 -4.88785763288983 505.022641570209 194035976.327749
-0.2312 -0.00227690071040599 -0.00196933260029056 -4.89015027846613 504.956960383895 194034010.567447
-0.2313 -0.00100922234256876 -0.000910117608987063 -4.89236999490035 504.89127919758 194034676.514103
-0.231400000000001 -0.00161457804882215 -0.00305928891130194 -4.89419451801499 504.825598011266 194031922.926498
-0.2315 -0.00219469178748355 0.000206150478754272 -4.89536717157196 504.759916824952 194033140.175898
-0.231600000000001 -0.00148642634458945 -0.00387592309928788 -4.89793643044437 504.694235638638 194029597.84604
-0.2317 -0.00168200555723308 -0.000544490564024309 -4.89955350575746 504.628554452323 194030433.190431
-0.231800000000001 -0.00219333673361561 -0.0024553375049009 -4.90162852470093 504.562873266009 194028039.793004
-0.2319 -0.000725825968950238 -0.000999559675806211 -4.90306372478102 504.497192079695 194028464.07598
-0.232 -0.00242597673387214 -0.00223906540351678 -4.90585316864337 504.431510893381 194026777.872294
-0.232100000000001 -0.0019590533387126 -0.00112769577572336 -4.9067310684729 504.365829707066 194026892.006573
-0.2322 -0.0012612327800585 -0.00263588048888279 -4.90796914734463 504.300148520752 194025714.23956
-0.232300000000001 -0.00126790167156472 -0.00146832791299051 -4.91051412549445 504.234467334438 194024043.440063
-0.2324 -0.00281821885987016 -0.00193978607342121 -4.91257691900641 504.168786148124 194021993.087239
-0.232500000000001 0.000276061692869564 -0.0032594546603055 -4.91505079013561 504.103104961809 194022662.380933
-0.2326 -0.00329184268135868 -0.00113951739901128 -4.91504787385177 504.037423775495 194021851.412751
-0.232700000000001 -0.0011727168985906 -0.000695079745395067 -4.91685173335738 503.971742589181 194022331.901576
-0.2328 -0.00145311918765722 -0.00260053848844169 -4.91992051275264 503.906061402867 194019362.976554
-0.2329 -0.00222006709766545 -0.00103499112093865 -4.9207222880676 503.840380216552 194018143.414061
-0.233 -0.00118074661891669 -0.00205040060007784 -4.92288613146197 503.774699030238 194017370.165262
-0.2331 -0.00252507028064532 -0.00198904586855233 -4.92371209903073 503.709017843924 194016661.101648
-0.2332 -0.00133872752993367 -0.000571360770502972 -4.92509803884613 503.64333665761 194017808.750562
-0.233300000000001 -0.0021341857323163 -0.00235819018872107 -4.92930328892086 503.577655471295 194014735.942553
-0.2334 -0.00196357080078206 -0.00153378848875271 -4.92935601914601 503.511974284981 194013950.451763
-0.233500000000001 -0.00166638153003228 -0.00211829998465082 -4.93046425241883 503.446293098667 194013303.402678
-0.2336 -0.00214553636180383 -0.0013701935486386 -4.93141436286636 503.380611912353 194013281.584958
-0.233700000000001 -0.00124673905514375 -0.00109626805192021 -4.93309573502101 503.314930726038 194012944.16325
-0.2338 -0.0024081634126386 -0.00150152167918484 -4.93651400803803 503.249249539724 194011099.235568
-0.2339 -0.000780540895708426 -0.0013010228594589 -4.93737152191502 503.18356835341 194012388.577545
-0.234 -0.00146691123885688 -0.00155561736397069 -4.94010433684582 503.117887167096 194009828.410583
-0.2341 -0.00228559054657743 -0.00159087332799191 -4.94170174688214 503.052205980781 194007949.351523
-0.234200000000001 -0.00186995767803766 -0.00183045551920177 -4.94477795586207 502.986524794467 194006065.374123
-0.2343 -0.00274552567809569 -0.000876027610379172 -4.94706329002684 502.920843608153 194005042.817852
-0.234400000000001 -0.000958558533609992 -0.00263770497547907 -4.9478752970754 502.855162421839 194005003.524038
-0.2345 -0.00206428904461916 -0.000129476693105461 -4.94906192258271 502.789481235525 194005104.629674
-0.234600000000001 -0.000999181064118322 -0.00323033132331152 -4.95246160496799 502.72380004921 194002957.890385
-0.2347 -0.00238097133937379 -0.000597531296018714 -4.95122355745629 502.658118862896 194004183.345849
-0.234800000000001 -0.00147952246820798 -0.00239059872271118 -4.9540593316276 502.592437676582 194001995.372594
-0.2349 -0.00202045513399667 -0.00236298635521122 -4.95591168627692 502.526756490268 194000218.126999
-0.235 -0.000671155457659987 -0.000889262025235573 -4.95751339843066 502.461075303953 194001356.267367
-0.2351 -0.00133095908751235 -0.0027607126230946 -4.96050300100107 502.395394117639 193998316.297377
-0.2352 -0.00255939654310568 -0.000751235087683276 -4.96204078819523 502.329712931325 193999150.975817
-0.2353 -0.00172895483984794 -0.00193736133797721 -4.96355763277322 502.264031745011 193997685.528968
-0.235400000000001 -0.000968348199478318 -0.00151732376031336 -4.96587735752444 502.198350558696 193997205.552081
-0.2355 -0.00173709328213908 -0.00212612500968874 -4.96805781328778 502.132669372382 193994916.602982
-0.235600000000001 -0.00125517761645913 -0.00139009894743147 -4.96781452614946 502.066988186068 193996280.805736
-0.2357 -0.0024177309737293 -0.00187979169315372 -4.96976903925923 502.001306999754 193994924.854058
-0.235800000000001 -0.000832593685392724 -0.00172211461397696 -4.97147585218883 501.935625813439 193994545.768224
-0.2359 -0.00206475635982318 -0.00310710634175899 -4.97398318459267 501.869944627125 193992251.725633
-0.236 -0.00199749773661048 -0.00056256544902791 -4.97354180019246 501.804263440811 193994057.517762
-0.236100000000001 -0.00173909416296493 -0.002422939979764 -4.97649534981199 501.738582254497 193991028.056113
-0.2362 -0.00128133985970491 -0.00201879940528079 -4.97757259903772 501.672901068182 193991073.763721
-0.236300000000001 -0.00257577759361373 -0.00015279513339673 -4.97859615777839 501.607219881868 193991766.0246
-0.2364 -0.00190084186421642 -0.00188428710357707 -4.98102255949815 501.541538695554 193990430.946798
-0.236500000000001 -0.00114784850039319 -0.00129594611921514 -4.98145850729176 501.47585750924 193990856.553891
-0.2366 -0.00180663186104269 -0.00137336069431587 -4.98454143747203 501.410176322925 193989082.341185
-0.236700000000001 -0.000935896173243694 -0.00200840172044926 -4.98539273310178 501.344495136611 193988653.493253
-0.2368 -0.00214828339528478 -0.00171761456650481 -4.98627370550573 501.278813950297 193987251.365397
-0.2369 -0.00269250212923063 -0.00162693806687714 -4.98837872093358 501.213132763983 193986366.106811
-0.237 -0.00167387342953867 -0.00145197681658836 -4.98844861815773 501.147451577668 193987615.599912
-0.2371 -0.00170642657790401 -0.00292101913428026 -4.98973988939286 501.081770391354 193986014.920014
-0.2372 -0.00167633310973401 -0.00102870568529748 -4.99144184613642 501.01608920504 193986484.150159
-0.237300000000001 -0.00213391388849417 -0.001711705729745 -4.99298060480792 500.950408018726 193984486.266162
-0.2374 -0.0012099701955154 -0.00164725627595355 -4.99423499593407 500.884726832412 193983958.712795
-0.237500000000001 -0.00250054000899908 -0.0024264080036626 -4.99794032171474 500.819045646097 193981684.925132
-0.2376 -0.00208274297841184 -0.000177899231884856 -4.99938790276433 500.753364459783 193982556.58933
-0.237700000000001 -0.00125902220014777 -0.00275640239338843 -5.00090318033848 500.687683273469 193981669.668653
-0.2378 -0.00268181963186061 -0.00111575825109838 -5.00217923258522 500.622002087155 193980633.814184
-0.2379 -0.00140733981411594 -0.00216919501122775 -5.00338917265659 500.55632090084 193980437.661793
-0.238 -0.00139888859429766 -0.00221400456306014 -5.00497921477669 500.490639714526 193979036.962379
-0.2381 -0.00118154020990659 -0.00240075533293276 -5.00645091222672 500.424958528212 193978130.428115
-0.238200000000001 -0.00272140057190761 -0.000373150700096541 -5.00754921924742 500.359277341897 193978417.605675
-0.2383 -0.00236033776230717 -0.00186461662354751 -5.01049585956073 500.293596155583 193975965.313326
-0.238400000000001 -0.00174097285629368 -0.00071646503625868 -5.01125453814983 500.227914969269 193976645.577666
-0.2385 -0.00252860587763717 -0.00116747997779722 -5.01447283210437 500.162233782955 193973712.788835
-0.238600000000001 -0.0015505111253388 -0.00222314405598194 -5.01476345370197 500.096552596641 193973811.319447
-0.2387 -0.00216451834531453 -0.00156572864656719 -5.01709722605191 500.030871410326 193972786.871755
-0.238800000000001 -0.000439750054477887 -0.0031918075426267 -5.01822300746725 499.965190224012 193972117.792401
-0.2389 -0.00250799052980267 -0.000812769441873579 -5.01985918861953 499.899509037698 193972064.286616
-0.239 -0.00142880942311025 -0.00217087901969552 -5.02059803964071 499.833827851384 193972107.017036
-0.2391 -0.00293332236237586 -0.00127896619038746 -5.02230133200651 499.768146665069 193970391.766402
-0.2392 -0.00199752588886748 -0.00111089245604531 -5.02272605123179 499.702465478755 193971383.821016
-0.2393 -0.000633258150016445 -0.00298902057209736 -5.02485902246519 499.636784292441 193969394.664622
-0.239400000000001 -0.00169525663321702 -0.000926729353295302 -5.02652119082296 499.571103106127 193969066.446856
-0.2395 -0.00279199848091044 -0.00187022627627446 -5.02861507804722 499.505421919812 193966533.208135
-0.239600000000001 -0.00127746043606601 -0.00093504133910344 -5.02927311516689 499.439740733498 193968776.664852
-0.2397 -0.00181453050487224 -0.00199567574210737 -5.03082643531526 499.374059547184 193966840.982097
-0.2398 -0.00145021994541746 -0.000871344820561046 -5.03234591744789 499.30837836087 193965968.086035
-0.2399 -0.00226203844978085 -0.00200500298425711 -5.03370194729971 499.242697174555 193965553.480133
-0.24 -0.00142717194643446 -0.00106955673156013 -5.03504114522994 499.177015988241 193965233.158701
-0.2401 -0.00185471299126382 -0.00130621432929912 -5.0373204331382 499.111334801927 193963612.949446
-0.2402 -0.0023881692745655 -0.0015387245334208 -5.03824474994293 499.045653615613 193962286.328843
-0.240300000000001 -0.00111076050431014 -0.00162975679883929 -5.0403404163332 498.979972429298 193962489.590888
-0.2404 -0.00240862843302198 -0.00253061042785678 -5.04257138939463 498.914291242984 193959627.229854
-0.240500000000001 -0.00158468482306232 -0.000766609096602004 -5.04430740405107 498.84861005667 193960452.202343
-0.2406 -0.00193907338792665 -0.00295867888786696 -5.04621284666088 498.782928870356 193958049.990216
-0.2407 -0.00113516022330217 -0.000965838355863516 -5.04709812962951 498.717247684041 193958792.237692
-0.2408 -0.00303658774984307 -0.00105494954261323 -5.0498398944698 498.651566497727 193955951.995945
-0.240900000000001 -0.000532092760986475 -0.00242282462256287 -5.05097195543262 498.585885311413 193956378.678027
-0.241 -0.00294765584808049 -0.00179170891586152 -5.05190372233677 498.520204125099 193955426.185362
-0.2411 -0.00121473926558183 -0.00216328087811222 -5.05196460367777 498.454522938785 193955431.406874
-0.2412 -0.00253391320446944 -0.00111911775052326 -5.05318857071332 498.38884175247 193955261.704938
-0.2413 -0.00180910918661353 -0.00222158590841272 -5.05588303376964 498.323160566156 193953851.107477
-0.2414 -0.0014577750472988 -0.00142767618695636 -5.05584497483936 498.257479379842 193954189.469409
-0.241500000000001 -0.00181783222006977 -0.00193874508715858 -5.05790244596474 498.191798193528 193952700.328698
-0.2416 -0.000910547439559293 -0.00163458680149645 -5.05916461293407 498.126117007213 193952210.561912
-0.2417 -0.00334257191790847 -0.00164904486637738 -5.06084827928829 498.060435820899 193950507.042095
-0.2418 -0.00104756862496657 -0.00179232982978621 -5.06272506862683 497.994754634585 193951160.068178
-0.2419 -0.00172918955558389 -0.00283759646145147 -5.06365312236171 497.929073448271 193949594.257405
-0.242 -0.00247197447582594 0.000112078370768876 -5.06456678343093 497.863392261956 193950842.481255
-0.2421 -0.000814444898858823 -0.00329321171053369 -5.06684072939715 497.797711075642 193949042.589401
-0.242200000000001 -0.00200480118431842 -0.00130699236094246 -5.06670104444604 497.732029889328 193948987.112496
-0.2423 -0.0018752381040832 -0.00204938573567661 -5.06884633572281 497.666348703014 193946976.635098
-0.242400000000001 -0.00195193110832568 -0.00104907651775842 -5.07046800527514 497.600667516699 193947077.846811
-0.2425 -0.00184974395626694 -0.00227101532359841 -5.07182665162528 497.534986330385 193945062.443052
-0.242600000000001 -0.00115691969047445 -0.00201318544537505 -5.07313679008411 497.469305144071 193945856.436897
-0.2427 -0.00202856046712009 -0.00100602098858822 -5.07315868022322 497.403623957757 193946005.669118
-0.2428 -0.00112415252081166 -0.00253693071809077 -5.07585078528719 497.337942771442 193944287.526988
-0.2429 -0.00300680480618904 -0.000554632509184213 -5.0770220205311 497.272261585128 193943692.575552
-0.243 -0.000793579648516254 -0.00225617299447501 -5.07959120767519 497.206580398814 193942170.476838
-0.2431 -0.00202408368076904 -0.00144294190578254 -5.08074791418482 497.1408992125 193941796.025309
-0.2432 -0.00147926610054654 -0.00227558356546826 -5.080787225616 497.075218026185 193942447.789142
-0.2433 -0.00224629532287932 -0.00102550483521454 -5.08231248562585 497.009536839871 193941896.391599
-0.243400000000001 -0.00158386210055674 -0.00223849065747043 -5.0835249680517 496.943855653557 193941370.048451
-0.2435 -0.00104271347500403 -0.00102314623126502 -5.08581650394793 496.878174467243 193940548.528965
-0.243600000000001 -0.0025181614667512 -0.00158111746173286 -5.08800310097582 496.812493280928 193937815.824757
-0.2437 -0.00155505693925537 -0.00272808492478215 -5.08883023252008 496.746812094614 193937408.243705
-0.2438 -0.00293836867380688 -0.00111209533266333 -5.09207940140703 496.6811309083 193936046.271714
-0.2439 -0.00114547188000286 -0.00211965735102109 -5.09318218085925 496.615449721986 193936838.038895
-0.244 -0.00169406558436452 -0.00204596709874373 -5.09418648971225 496.549768535671 193936338.135174
-0.2441 -0.00130735367382504 -0.00195232431492452 -5.09680083258459 496.484087349357 193935154.42954
-0.2442 -0.00229931911227359 -0.00208866186740115 -5.09716556056927 496.418406163043 193933723.23657
-0.244300000000001 -0.00167290805633123 -0.00191100496129074 -5.09671466677626 496.352724976729 193934592.2839
-0.2444 -0.00231476009718198 -0.00173878806884141 -5.10024185356827 496.287043790415 193932448.692865
-0.244500000000001 -0.00200119542566841 -0.00176007052555827 -5.10117898110514 496.2213626041 193933176.995468
-0.244600000000001 -0.00239338992650197 -0.0014618473081128 -5.10307403824766 496.155681417786 193932002.364798
-0.244700000000001 -0.00115994225804145 -0.000960467571767075 -5.10451005600182 496.090000231472 193932004.694131
-0.2448 -0.00143071434482208 -0.00270883656473642 -5.10649092671581 496.024319045158 193929758.243839
-0.2449 -0.0026509840026659 -0.000775457330307308 -5.10811076403152 495.958637858843 193928988.876566
-0.245 -0.00103452497901899 -0.00303716072902415 -5.10894236216596 495.892956672529 193927798.489309
-0.2451 -0.00152397598789723 -0.00194516986191925 -5.1092648378515 495.827275486215 193928997.025153
-0.2452 -0.00291904207202594 -0.00165268485772161 -5.11157946646046 495.761594299901 193927745.718473
-0.2453 -0.00173114383751915 -0.00136254924120014 -5.1115098046841 495.695913113586 193928676.803708
-0.2454 -0.00189059639492466 -0.00248725213825447 -5.11340533190074 495.630231927272 193927591.647713
-0.245500000000001 -0.0010201273271239 -0.00146326030267802 -5.11287375530201 495.564550740958 193927672.754564
-0.2456 -0.00323623630144465 -0.000796266265070308 -5.11493889920244 495.498869554644 193925620.099869
-0.245700000000001 -0.000916717205193314 -0.00351666427371447 -5.11735871261349 495.433188368329 193924445.74977
-0.245800000000001 -0.00220911733895584 -0.0013218463615046 -5.1176842340822 495.367507182015 193925545.827736
-0.2459 -0.00190409837047931 -0.00190386178762344 -5.12005762243073 495.301825995701 193924406.898908
-0.246 -0.00128907243100841 -0.000606658900212073 -5.12191712640555 495.236144809387 193924349.613337
-0.2461 -0.0016351922159785 -0.00327064329180198 -5.12351581889755 495.170463623072 193921623.942459
-0.246200000000001 -0.001384309982699 -0.000943781314740658 -5.12547615719527 495.104782436758 193921591.506424
-0.2463 -0.00274280607269851 -0.00212749855724246 -5.12667262760065 495.039101250444 193919839.81721
-0.246400000000001 -0.00184701275672868 -0.00226757279516937 -5.12794611096884 494.97342006413 193919824.198383
-0.2465 -0.000483523311170003 -0.00252437822815136 -5.12910229391896 494.907738877815 193920053.693563
-0.246600000000001 -0.00295868686129959 -0.00214168362969929 -5.13206119506287 494.842057691501 193917149.309821
-0.2467 -0.00147668833057929 -0.001059511221959 -5.13185318739841 494.776376505187 193918689.017013
-0.2468 -0.00103623403164542 -0.00295453256936734 -5.13247112542662 494.710695318873 193917117.861846
-0.2469 -0.0016783257458183 -0.00124927371596107 -5.13442130346487 494.645014132559 193916533.493773
-0.247 -0.00265042751967918 -0.00127613942276784 -5.13594405953445 494.579332946244 193915768.827256
-0.2471 -0.000793516720516828 -0.00219805188099167 -5.13673891074076 494.51365175993 193915370.291652
-0.2472 -0.0013471312076966 -0.00264291106513689 -5.13788783250868 494.447970573616 193914488.161097
-0.2473 -0.00341721289239137 -0.00064394082172298 -5.13813100386083 494.382289387302 193914145.567905
-0.247400000000001 -0.00062410692835768 -0.00271242762715223 -5.13828895629179 494.316608200987 193914515.244391
-0.2475 -0.00237634669822741 -0.00168845145372104 -5.14024612547378 494.250927014673 193913047.892085
-0.247600000000001 -0.00141231081113268 -0.00184537583611764 -5.14152778360004 494.185245828359 193913767.022474
-0.2477 -0.000390750519054691 -0.00217367699205537 -5.14137235853691 494.119564642045 193914181.272096
-0.2478 -0.00228253610250724 -0.00133446168630943 -5.14264743491846 494.05388345573 193912887.40464
-0.247900000000001 -0.00274303276491278 -0.00126316949273977 -5.14511747012436 493.988202269416 193911638.418554
-0.248 -0.00155464015811176 -0.00264011994152556 -5.14577187706075 493.922521083102 193910560.34682
-0.2481 -0.00182784059108205 -0.00147318854356108 -5.1458548370764 493.856839896788 193911427.429587
-0.2482 -0.00302524614172093 -0.00111176768593571 -5.14741474395376 493.791158710473 193910100.733229
-0.248300000000001 -0.00122046508620609 -0.0016890318056675 -5.14649862853096 493.725477524159 193911145.650172
-0.2484 -0.00099829460100355 -0.0025321493572506 -5.14598372149338 493.659796337845 193911128.520601
-0.248500000000001 -0.00263418176762465 0.000453756464037439 -5.14734255501031 493.594115151531 193911174.864679
-0.248600000000001 -0.000931064795643888 -0.00352890247695245 -5.14905503479086 493.528433965216 193908509.121149
-0.248700000000001 -0.00160771002944851 6.8971675609184e-05 -5.15013151153087 493.462752778902 193910104.546418
-0.2488 -0.00232930222306638 -0.00254571412908998 -5.15131112493418 493.397071592588 193907632.51705
-0.2489 -0.0012275616025787 -0.00264637418650584 -5.15193420538843 493.331390406274 193909162.158631
-0.249 -0.0021094162714686 -0.0013333388714348 -5.15377909938757 493.265709219959 193908239.711715
-0.2491 -0.00277509878704566 -0.00125093165330512 -5.15361872851174 493.200028033645 193907492.233756
-0.2492 -0.00109829464459796 -0.00266220715923541 -5.15379980042368 493.134346847331 193907799.257121
-0.2493 -0.00295745252263484 -0.000983707413185789 -5.15435194575375 493.068665661017 193907229.714782
-0.2494 -0.00201182185416849 -0.00283303727878864 -5.15602192067209 493.002984474702 193906255.692964
-0.249500000000001 -0.00167922027700366 -0.00107410056659977 -5.15742156559391 492.937303288388 193906537.344767
-0.2496 -0.00177335048631301 -0.00214161704490451 -5.15725200337355 492.871622102074 193906511.858865
-0.249700000000001 -0.0022095014655889 -0.00142857080250249 -5.15746781183764 492.80594091576 193906647.747863
-0.249800000000001 -0.0012050987610242 -0.00147662898970253 -5.15793331564167 492.740259729445 193906951.944867
-0.2499 -0.0023786620211693 -0.00284937905322384 -5.15975446531874 492.674578543131 193904494.41273
-0.250000000000001 -0.00202784224209572 -0.000786938802805894 -5.15849964057464 492.608897356817 193906612.005407
-0.2501 -0.00236561584839505 -0.00231016021004707 -5.15973950588274 492.543216170503 193904813.558559
-0.2502 -0.00126699249130394 -0.00205131821773058 -5.16035025781841 492.477534984189 193905000.269754
-0.2503 -0.00275201338722117 -0.00274106458617568 -5.16066491900718 492.411853797874 193904224.157359
-0.250400000000001 -0.00127192513111053 -0.00100787555588698 -5.15989115519638 492.34617261156 193906132.141764
-0.2505 -0.00171203577092312 -0.00217930440024733 -5.16325780038031 492.280491425246 193903358.296744
-0.2506 -0.00219862413862261 -0.000880206144745489 -5.16265405138989 492.214810238931 193905053.134379
-0.2507 -0.00202970577442043 -0.00186399704576866 -5.16380646824657 492.149129052617 193903500.176734
-0.2508 -0.00119832582508752 -0.0022266369452999 -5.16449902402877 492.083447866303 193903543.995941
-0.2509 -0.00227778598101707 -0.00212093685433753 -5.16610616794053 492.017766679989 193902186.723391
-0.251000000000001 -0.00188806946399809 -0.00174866530705172 -5.16592965028631 491.952085493675 193901997.126372
-0.2511 -0.00306827948288235 -0.000779262582484655 -5.1663044542047 491.88640430736 193902259.239615
-0.2512 -0.000743968196046489 -0.00174615914438418 -5.16759077258482 491.820723121046 193902297.794888
-0.2513 -0.0023150739395021 -0.00192121883720538 -5.16874044066852 491.755041934732 193901182.827623
-0.2514 -0.00198059318377527 -0.0012265336049287 -5.16986026768482 491.689360748418 193900529.012268
-0.2515 -0.00275560993495316 -0.00138281681973165 -5.17024245918502 491.623679562103 193900577.153193
-0.2516 -0.000940716240398639 -0.00239462050964872 -5.17229642412493 491.557998375789 193899351.450813
-0.2517 -0.0025939111429317 -0.00173072691063203 -5.17250327458561 491.492317189475 193899692.663455
-0.2518 -0.00156451898684058 -0.0014891098664202 -5.17238889256747 491.426636003161 193899266.286798
-0.251900000000001 -0.00168273323961296 -0.00149073469756466 -5.1740581137396 491.360954816846 193898890.823166
-0.252000000000001 -0.00242328182007359 -0.0023654148192078 -5.17493865462825 491.295273630532 193897450.740134
-0.2521 -0.00213497500681584 -0.00123948932316834 -5.17592708775747 491.229592444218 193897816.792036
-0.2522 -0.00256143888830515 -0.00179664346283533 -5.17574906241622 491.163911257904 193897592.396349
-0.252300000000001 -0.00162316295425788 -0.00298279372815446 -5.17553674843209 491.098230071589 193897821.026328
-0.2524 -0.00234107935198017 -0.00120607879466565 -5.17613805521191 491.032548885275 193897626.942998
-0.252500000000001 -0.00180588467344033 -0.00231611830734971 -5.17532450364625 490.966867698961 193898668.266175
-0.2526 -0.00251009551214744 -0.000915230442239196 -5.17675206666559 490.901186512647 193898088.132034
-0.2527 -0.000581263506581542 -0.00272099356921581 -5.17807762753476 490.835505326332 193896853.131309
-0.2528 -0.00278442377625463 -0.00116575057767897 -5.17878447687714 490.769824140018 193896552.317055
-0.2529 -0.000824717554197492 -0.00218950658492826 -5.17895149822707 490.704142953704 193895986.621996
-0.253 -0.00309536832793931 -0.00214240791733962 -5.18077991801146 490.63846176739 193893891.913221
-0.2531 -0.00119625526929211 -0.00185016611486562 -5.18080265683466 490.572780581075 193895983.675887
-0.2532 -0.00210666206941362 -0.00261825967408245 -5.18070979582705 490.507099394761 193895427.403361
-0.2533 -0.00195089577472132 -0.00100736165323324 -5.18103578930929 490.441418208447 193896145.711845
-0.2534 -0.00172406106741236 -0.00217095596793373 -5.18167707393046 490.375737022133 193894707.284644
-0.253500000000001 -0.00195181250790839 -0.00102285919990619 -5.18129253324846 490.310055835818 193895055.29021
-0.2536 -0.00247220199907622 -0.00173289263479835 -5.18195175281225 490.244374649504 193894038.403997
-0.2537 -0.00143044029967312 -0.00244372572072421 -5.18227605532943 490.17869346319 193894733.009947
-0.2538 -0.00128874800267555 -0.001330570999852 -5.18295231526298 490.113012276876 193894301.580138
-0.2539 -0.00252066118445565 -0.00153229305902135 -5.18497500208457 490.047331090561 193892616.170203
-0.254000000000001 -0.00225725507225954 -0.000817490262567016 -5.18413805887254 489.981649904247 193893445.907949
-0.2541 -0.00178102584339545 -0.00181957214180688 -5.1848784591413 489.915968717933 193893340.005222
-0.2542 -0.00264095904523208 -0.000781884933111472 -5.18685352150558 489.850287531619 193891447.596687
-0.2543 -0.00196727872730802 -0.00184451028656742 -5.18688329670332 489.784606345305 193891928.470246
-0.254400000000001 -0.00146496083163542 -0.00212707430321053 -5.18915317941348 489.71892515899 193889980.76453
-0.2545 -0.000901347454990457 -0.00244064835429646 -5.18958596847878 489.653243972676 193890400.261181
-0.2546 -0.0028007878264917 -0.000523565282629386 -5.19042349724327 489.587562786362 193889829.330823
-0.2547 -0.00259219137782245 -0.00209071700634475 -5.19164800542466 489.521881600048 193888247.540871
-0.2548 -0.0014729172947246 -0.0016585731263025 -5.19167526294871 489.456200413733 193888516.824755
-0.2549 -0.00164102315489129 -0.00207054835173476 -5.19322143714591 489.390519227419 193887857.573165
-0.255 -0.00169731926793603 -0.00243832232182819 -5.19485300929476 489.324838041105 193887625.279502
-0.2551 -0.00242751494952904 -0.00152472176992736 -5.19543620938653 489.259156854791 193887222.346512
-0.2552 -0.0014651270980248 -0.00255581759619229 -5.19714035623738 489.193475668476 193885958.736531
-0.2553 -0.001398478860129 -0.00139908202214787 -5.19854554644505 489.127794482162 193886314.196526
-0.2554 -0.00212588714621437 -0.00182891600510421 -5.19969533977701 489.062113295848 193884080.292872
-0.2555 -0.00160603581459435 -0.00201234956692484 -5.20041846772388 488.996432109534 193883887.154948
-0.2556 -0.00170290013585772 -0.000858899223641213 -5.20142435535678 488.930750923219 193884507.136107
-0.2557 -0.00284930996478446 -0.00149060227608815 -5.20220018933698 488.865069736905 193883218.767709
-0.2558 -0.00115036017666382 -0.00147187267677577 -5.20304366408234 488.799388550591 193883984.498908
-0.255900000000001 -0.00265532035293329 -0.00114648268323057 -5.20275023448047 488.733707364277 193883255.41841
-0.256 -0.00113924489722766 -0.00239243454047639 -5.2033282135226 488.668026177962 193883432.659449
-0.256100000000001 -0.00204497551721029 -0.00324234549020273 -5.20600377963254 488.602344991648 193881125.921904
-0.2562 -0.00197185255893478 -0.000954713862843646 -5.20655710513099 488.536663805334 193882172.606753
-0.256300000000001 -0.00229016501068117 -0.000656895625272026 -5.20887831880165 488.47098261902 193881386.913026
-0.2564 -0.00159747737263081 -0.00261889663646814 -5.21082655815456 488.405301432705 193879046.058773
-0.256500000000001 -0.00100532987497348 -0.00153699077652803 -5.21080601516897 488.339620246391 193879450.111209
-0.2566 -0.00196162253591597 -0.00164904953457267 -5.21158915548422 488.273939060077 193878604.31237
-0.2567 -0.00201853169872076 -0.00134856423796487 -5.21333907474341 488.208257873763 193877631.384766
-0.2568 -0.00245063409029321 -0.00205030951027164 -5.21425488212866 488.142576687448 193876986.388919
-0.2569 -0.00236204687005663 -0.00132891136648057 -5.21537470174002 488.076895501134 193877855.500526
-0.257 -0.00121831916542959 -0.00276162471363731 -5.21768806142255 488.01121431482 193876109.457932
-0.257100000000001 -0.00216478429452119 -0.00158679829531082 -5.2178117460118 487.945533128506 193876274.056254
-0.2572 -0.00214215255076334 -0.00237542798851115 -5.22002574794775 487.879851942192 193874670.376475
-0.2573 -0.00229368264522594 -0.000601056250490084 -5.22092491849785 487.814170755877 193875074.609577
-0.2574 -0.00178839935175293 -0.00229756515893899 -5.22261401100892 487.748489569563 193873600.077796
-0.257500000000001 -0.000543346360805268 -0.00272282600073583 -5.22418718014117 487.682808383249 193873286.492272
-0.2576 -0.00419018099227523 -0.000543745593945927 -5.22524286090101 487.617127196935 193872418.078407
-0.2577 -0.000124760895501368 -0.00185559866803204 -5.22598812559538 487.55144601062 193872691.901811
-0.2578 -0.00241024581334023 -0.00246581685941993 -5.22800001918234 487.485764824306 193870319.978149
-0.2579 -0.00194556116583248 -0.00209186044139401 -5.22917070932842 487.420083637992 193870224.016826
-0.258000000000001 -0.000793560516882447 -0.00139753082077972 -5.23015478189624 487.354402451678 193871291.599405
-0.2581 -0.00227230648719293 -0.00288064839841898 -5.23282504619374 487.288721265363 193868113.800884
-0.258200000000001 -0.00163828996982169 -0.000620793163226941 -5.23335113388214 487.223040079049 193869431.438898
-0.2583 -0.00171956292402904 -0.00229469911082343 -5.2352754898396 487.157358892735 193868226.69939
-0.258400000000001 -0.00194458135027456 -0.000790916065946679 -5.23507704702338 487.091677706421 193868362.726291
-0.2585 -0.00183871652293754 -0.00223979991906325 -5.23904282483401 487.025996520106 193865069.555516
-0.2586 -0.00229373360161804 -0.00101188594439632 -5.24020259459096 486.960315333792 193865752.948943
-0.2587 -0.00130180796192459 -0.00299172513972071 -5.24047756573077 486.894634147478 193865072.544638
-0.2588 -0.00250642999911255 -0.00129028894378464 -5.24245044641598 486.828952961164 193864925.967096
-0.2589 -0.00146643681061712 -0.00214652133614961 -5.24233250039729 486.763271774849 193864731.660052
-0.259 -0.00163084119179668 -0.000811170278594145 -5.24283531734553 486.697590588535 193865430.985481
-0.2591 -0.00140013731360684 -0.00256167217766841 -5.24559457904947 486.631909402221 193863019.262255
-0.2592 -0.00300161827100373 -0.00160128311147781 -5.24589694046398 486.566228215907 193862937.083356
-0.2593 -0.000693324217355552 -0.0023853096127787 -5.24544898092649 486.500547029592 193864360.945918
-0.2594 -0.00247793210668343 -0.00200649771627916 -5.2468732477914 486.434865843278 193862834.317775
-0.2595 -0.00248053620240271 -0.00094937244436674 -5.24731941638104 486.369184656964 193863415.258515
-0.2596 -0.00254185842504162 -0.00186046080604493 -5.2487380610963 486.30350347065 193861995.682128
-0.2597 -0.000216479483202162 -0.00218220323292898 -5.24757076265773 486.237822284335 193863536.550119
-0.2598 -0.00285169835416428 -0.000708761742568508 -5.25032421427317 486.172141098021 193861013.962138
-0.259900000000001 -0.00172322289601039 -0.00185620954201975 -5.25054687304129 486.106459911707 193861015.828068
-0.26 -0.00251829336275813 -0.00160524867403343 -5.25194059898596 486.040778725393 193860352.154988
-0.260100000000001 -0.00131269582441008 -0.00284109575060051 -5.25296425134007 485.975097539078 193859983.807825
-0.2602 -0.00271883308918727 -0.0014581816479656 -5.25369384631087 485.909416352764 193860253.868332
-0.260300000000001 -0.00152245663058005 -0.00204518542409536 -5.2542233914396 485.84373516645 193859722.21224
-0.2604 -0.00125183624557486 -0.00228494382740033 -5.25628736972604 485.778053980136 193858964.66146
-0.260500000000001 -0.00298534255713253 -0.000931616267165488 -5.25701233887163 485.712372793821 193858540.923757
-0.2606 -0.0019793107447922 -0.00235663941155368 -5.25588889035294 485.646691607507 193858887.350749
-0.2607 -0.00109167468086004 -0.00191478383953872 -5.25598013547869 485.581010421193 193859015.584649
-0.2608 -0.0016409384497817 -0.00142093682178721 -5.2564047896864 485.515329234879 193859534.236227
-0.2609 -0.0020056548358765 -0.00243829908711862 -5.25808653775994 485.449648048565 193857754.588114
-0.261 -0.00145398779790438 -0.00171057859050191 -5.25781075383833 485.38396686225 193858510.90046
-0.261100000000001 -0.00172223047842196 -0.00230791586754819 -5.25786542522197 485.318285675936 193857831.280594
-0.2612 -0.00331243818713241 -0.000650388540766454 -5.25873702947922 485.252604489622 193857668.091435
-0.2613 -0.00134117477527944 -0.00229400899822343 -5.26055038586342 485.186923303308 193857652.504716
-0.2614 -0.00185785294254038 -0.00191709280021775 -5.26230834245818 485.121242116993 193855743.266997
-0.261500000000001 -0.000857487255683107 -0.00269570302085009 -5.26159948493505 485.055560930679 193856511.501075
-0.2616 -0.0027999245288338 -0.00100450538670378 -5.26309089317931 484.989879744365 193854971.796184
-0.2617 -0.00145829135559813 -0.00241407599247625 -5.26450109002686 484.924198558051 193854824.56793
-0.2618 -0.00186920776943565 -0.00118533911248996 -5.26428194324889 484.858517371736 193854913.664085
-0.2619 -0.00206763244906579 -0.00234745895469798 -5.26528404127834 484.792836185422 193854378.37887
-0.262000000000001 -0.00152836413481141 -0.00242178832345619 -5.26787420498928 484.727154999108 193853398.882858
-0.2621 -0.00249563439108594 -0.000881400997163593 -5.26895372452765 484.661473812794 193853182.337549
-0.262200000000001 -0.00138771186465129 -0.00199903076950711 -5.26951241049293 484.595792626479 193853176.752003
-0.2623 -0.00223297843706387 -0.00169668277462867 -5.27052696489007 484.530111440165 193851053.841659
-0.262400000000001 -0.00126669444642934 -0.00166079462650099 -5.27140320206662 484.464430253851 193851924.143041
-0.2625 -0.00331514058693357 -0.0020000031453788 -5.27155572338713 484.398749067537 193851242.189457
-0.2626 -0.000966181260530461 -0.00208829038684151 -5.27190688677848 484.333067881222 193852978.573241
-0.2627 -0.00125224413254501 -0.00354213937117396 -5.27402294793354 484.267386694908 193850792.613634
-0.2628 -0.00226059788870136 -0.000847943667717445 -5.27333354019089 484.201705508594 193852298.132696
-0.2629 -0.00199096514527986 -0.00160639559832102 -5.27468519043484 484.13602432228 193851221.848618
-0.263 -0.00174313863096874 -0.00211798465394182 -5.27498627639339 484.070343135965 193850149.772333
-0.2631 -0.00259211533817165 -0.00155865312317954 -5.27501349922465 484.004661949651 193851243.407447
-0.263200000000001 -0.00124497461131512 -0.00152984887593248 -5.27554072528809 483.938980763337 193851985.879599
-0.2633 -0.00209440453683491 -0.00252754000886299 -5.27623351028612 483.873299577023 193850620.188755
-0.2634 -0.00150762948983462 -0.00245394681072287 -5.27665753437428 483.807618390709 193850369.072867
-0.2635 -0.00160606162474363 -0.00181451074343358 -5.27683784435379 483.741937204394 193850628.239448
-0.263600000000001 -0.0014363223093253 -0.00115624750497015 -5.27819374971174 483.67625601808 193849544.697048
-0.2637 -0.00292743594457713 -0.00214449717934197 -5.27830510312771 483.610574831766 193849620.929284
-0.2638 -0.000883109643948031 -0.00185703535289807 -5.27896043110957 483.544893645452 193850393.229769
-0.2639 -0.00268088877506477 -0.00118546779668499 -5.27922037753629 483.479212459137 193850308.087789
-0.264 -0.00214272421430681 -0.00178054608663836 -5.27956853897383 483.413531272823 193850227.72706
-0.264100000000001 -0.00193907596882854 -0.00234133806850143 -5.28100299085628 483.347850086509 193849443.12258
-0.2642 -0.00229475087845019 -0.000901017694022338 -5.28138242466828 483.282168900195 193849588.697504
-0.264300000000001 -0.00171082000230988 -0.00196893686530618 -5.28130578156219 483.21648771388 193849344.408083
-0.2644 -0.00104558118038782 -0.00240950018333827 -5.28250778102862 483.150806527566 193849435.872057
-0.264500000000001 -0.0020908376897785 -0.00154327854822938 -5.28353925662551 483.085125341252 193848757.867449
-0.2646 -0.00157163132800627 -0.00172353123514294 -5.28454065753909 483.019444154938 193848794.796421
-0.2647 -0.00205761608761058 -0.00275667644926856 -5.28536348825273 482.953762968623 193847376.772582
-0.2648 -0.00249207861034137 -0.000939054196497894 -5.28532018090465 482.888081782309 193847548.126545
-0.2649 -0.00120791024378344 -0.00244203427718319 -5.28734526445356 482.822400595995 193846422.172862
-0.265 -0.00367800727585258 -0.000727030554699746 -5.28879774121772 482.756719409681 193844998.658218
-0.2651 -7.57327043231398e-05 -0.00363809685877596 -5.28892750062714 482.691038223366 193846011.682931
-0.2652 -0.00198067751791778 -0.0020607251891999 -5.29005250317031 482.625357037052 193845415.461455
-0.265300000000001 -0.00156391417869134 -0.00149962155731326 -5.29057237521461 482.559675850738 193845361.189192
-0.2654 -0.00319367180694614 -0.0022226780550408 -5.29080044106573 482.493994664424 193844619.602268
-0.2655 -0.00213870104092054 -0.00129454693368144 -5.29251486308741 482.428313478109 193844099.650702
-0.2656 -0.00207274209519843 -0.00260566408186557 -5.29361091925121 482.362632291795 193843498.613252
-0.2657 -0.0015786765710922 -0.00168633683167092 -5.2945605294636 482.296951105481 193843799.428694
-0.2658 -0.0017924047522071 -0.0023095057265553 -5.29595352866423 482.231269919167 193843027.959536
-0.2659 -0.00118858006386007 -0.00125426069619551 -5.29540307557679 482.165588732852 193843981.025555
-0.266000000000001 -0.00212007628049004 -0.00271596744153615 -5.29727664458955 482.099907546538 193841679.703156
-0.2661 -0.000826548015580115 -0.00176322394170044 -5.29850320507423 482.034226360224 193841843.559818
-0.266200000000001 -0.00291178317652046 -0.00233028150431236 -5.29930333235148 481.96854517391 193839566.882541
-0.2663 -0.00053084948815786 -0.00167022465307219 -5.29837135502261 481.902863987595 193842509.476838
-0.266400000000001 -0.00257625351714396 -0.00228869394372075 -5.30101487243682 481.837182801281 193840299.249442
-0.2665 -0.001169816936905 -0.00137064314752274 -5.30117881922285 481.771501614967 193841724.910393
-0.266600000000001 -0.00244182994093177 -0.00200228140071397 -5.30330640477962 481.705820428653 193839358.368985
-0.2667 -0.00124596630528133 -0.00209240944986992 -5.30478541624732 481.640139242339 193839072.943558
-0.2668 -0.0020558372063693 -0.00237066459042452 -5.30642362755559 481.574458056024 193837890.0653
-0.2669 -0.00175642840750866 -0.00203624072850702 -5.30672355361974 481.50877686971 193838217.302752
-0.267 -0.00247716851895007 -0.00178000229709042 -5.30776974563334 481.443095683396 193838341.68891
-0.2671 -0.00117153502501152 -0.00227368217509737 -5.30772013131867 481.377414497082 193839038.326055
-0.267200000000001 -0.00300766783625459 -0.00177463060852328 -5.3094456378696 481.311733310767 193837430.301485
-0.2673 -0.0011883891660728 -0.00152047921503763 -5.30932401608138 481.246052124453 193837769.620251
-0.267400000000001 -0.00257556522027471 -0.002453595618507 -5.30989734559489 481.180370938139 193837100.657547
-0.2675 -0.000564283916728906 -0.00189557465844818 -5.31122869150996 481.114689751825 193837338.168232
-0.267600000000001 -0.00300604774531217 -0.00125507739700666 -5.31310458620198 481.04900856551 193836244.123874
-0.2677 -0.00177901030396708 -0.00254285776922939 -5.31456428885847 480.983327379196 193835445.816648
-0.2678 -0.00166331283334813 -0.000402613497388754 -5.31361736643712 480.917646192882 193836665.337223
-0.2679 -0.00239870234441714 -0.00187188432705325 -5.31409476969034 480.851965006568 193835108.916405
-0.268 -0.00134447913611699 -0.00291722629492597 -5.3151847230484 480.786283820253 193834961.423165
-0.268100000000001 -0.00315417451576115 -0.000911294087883079 -5.31608788143791 480.720602633939 193835229.790234
-0.2682 -0.00122621221131591 -0.00150834695738383 -5.31563972564843 480.654921447625 193835813.112259
-0.268300000000001 -0.0023245479006053 -0.00260922456969229 -5.31818232964662 480.589240261311 193833850.945274
-0.2684 -0.00170421201533756 -0.00155152506978281 -5.31701025691895 480.523559074996 193835344.433385
-0.268500000000001 -0.00155940778070737 -0.00180212894974529 -5.3175319774527 480.457877888682 193834615.905414
-0.2686 -0.00121648823461914 -0.00246386876212887 -5.31906085317327 480.392196702368 193833639.383547
-0.2687 -0.00322051406271717 -0.00155103833812891 -5.32037019935608 480.326515516054 193832184.546427
-0.2688 -0.00115582302022046 -0.00223003993753267 -5.31943149091474 480.260834329739 193833353.5563
-0.2689 -0.00192562976957729 -0.00233356294551812 -5.32037617155499 480.195153143425 193832499.798932
-0.269 -0.00218151479046072 -0.00161326746587521 -5.32168474894688 480.129471957111 193832065.848355
-0.2691 -0.00114588028590104 -0.00168539964495049 -5.32334809201518 480.063790770797 193832838.858441
-0.2692 -0.00285644133282809 -0.000897009549360153 -5.32252449607682 479.998109584482 193832087.534595
-0.269300000000001 -0.00192437156279476 -0.00211992677549999 -5.32416897299475 479.932428398168 193830968.015623
-0.2694 -0.00100719997396419 -0.00240199483105091 -5.32478738813563 479.866747211854 193830770.871591
-0.269500000000001 -0.00292830414930973 -0.00131413058973919 -5.32678702951529 479.80106602554 193830080.681488
-0.2696 -0.000889512907683815 -0.00259696365000921 -5.32708114537856 479.735384839226 193830084.236895
-0.2697 -0.00302717446125109 -0.00187594152050786 -5.32744150261401 479.669703652911 193829528.463223
-0.2698 -0.00158413457662601 -0.002150548693483 -5.32725369068723 479.604022466597 193829857.657682
-0.2699 -0.00192460133583163 -0.00107754203040998 -5.32820027384124 479.538341280283 193829939.594275
-0.270000000000001 -0.00217163937626934 -0.00218349924353495 -5.32832301946567 479.472660093968 193828330.194387
-0.2701 -0.00277064784232578 -0.00215402266231607 -5.32742283309394 479.406978907654 193829129.73752
-0.270200000000001 -0.00218066866174591 -0.00184728464385378 -5.32868889107061 479.34129772134 193829127.224497
-0.2703 -0.00174032482783628 -0.00257939242615659 -5.32900649800757 479.275616535026 193829298.087053
-0.270400000000001 -0.00228321159565423 -0.00256917263382311 -5.33038258718932 479.209935348711 193829022.626753
-0.2705 -0.000706532570093017 -0.000956311012251207 -5.33088430264257 479.144254162397 193830251.188297
-0.270600000000001 -0.00273094979674261 -0.00103559085123253 -5.33112152525878 479.078572976083 193828532.714561
-0.2707 -0.00147235493566686 -0.00272688835273608 -5.33344318292462 479.012891789769 193826551.293626
-0.2708 -0.00149140435124545 -0.00224174415543177 -5.33231176765975 478.947210603455 193827321.784782
-0.2709 -0.0016215202741279 -0.00115016473193317 -5.33339938404474 478.88152941714 193828213.417706
-0.271 -0.00271474331943472 -0.00250235289410498 -5.33426706124528 478.815848230826 193826491.039812
-0.2711 -0.000853655948203671 -0.00139678458680483 -5.33380799893665 478.750167044512 193828827.33567
-0.271200000000001 -0.00307037772182328 -0.00162000727758049 -5.33678200815047 478.684485858198 193825890.823936
-0.2713 -0.000979350392321814 -0.00189729329248921 -5.33746652206535 478.618804671883 193826452.391561
-0.271400000000001 -0.000886647230789529 -0.00280729505802406 -5.33802795225928 478.553123485569 193825341.376603
-0.2715 -0.00219765810663946 -0.00153303883199536 -5.33891569525249 478.487442299255 193825901.88217
-0.271600000000001 -0.00210741279472297 -0.00263064238319792 -5.33971466753228 478.421761112941 193824973.056649
-0.2717 -0.00158951317151315 -0.0021129807340495 -5.34037182388032 478.356079926626 193825323.26556
-0.2718 -0.00199186795321261 -0.00181415570041185 -5.34103430786396 478.290398740312 193825431.859922
-0.2719 -0.00221266958126678 -0.00182376389791908 -5.34079749536007 478.224717553998 193824045.140326
-0.272 -0.00144484144776448 -0.00243166564266262 -5.34076812683587 478.159036367684 193824411.735918
-0.272100000000001 -0.00210033284635599 -0.0025903406737764 -5.34241997268787 478.093355181369 193823362.166543
-0.2722 -0.00256414290940174 -0.000821636504954844 -5.34159666779677 478.027673995055 193824580.225514
-0.272300000000001 -0.00143260968069306 -0.00255538747161093 -5.34299959685101 477.961992808741 193823740.895392
-0.2724 -0.00133412902864265 -0.00150198023123213 -5.34361856000044 477.896311622427 193823604.063079
-0.272500000000001 -0.00221828129702849 -0.00279802392240012 -5.34403018430341 477.830630436112 193823082.933869
-0.2726 -0.00156453463783497 -0.000482894093818111 -5.34542243063158 477.764949249798 193823947.138351
-0.2727 -0.00165123210976728 -0.00254295246177134 -5.34765102330358 477.699268063484 193821641.677094
-0.2728 -0.000807098474521946 -0.00226874491575395 -5.34797093138732 477.63358687717 193822608.673826
-0.2729 -0.00310472344765047 -0.00175912529640353 -5.35021632920388 477.567905690855 193820669.763328
-0.273 -0.00166967768745693 -0.00162518967717375 -5.35063533594276 477.502224504541 193821445.521345
-0.2731 -0.0010781189220071 -0.00241620090760345 -5.3519094925794 477.436543318227 193820967.315262
-0.2732 -0.00241759910890252 -0.00166800478279534 -5.35371590172533 477.370862131913 193819692.786823
-0.273300000000001 -0.00202331509979658 -0.00240541029296159 -5.35502150318532 477.305180945598 193818437.794506
-0.2734 -0.00209045044476356 -0.0013508982152507 -5.35605425509147 477.239499759284 193818395.866822
-0.273500000000001 -0.00301540929231109 -0.00115833357317043 -5.35563964946282 477.17381857297 193818728.439985
-0.2736 -0.000348876205227781 -0.00270020214312123 -5.35779211543511 477.108137386656 193818194.644724
-0.2737 -0.00116975627279194 -0.00175143496529759 -5.35823006071933 477.042456200342 193818112.479037
-0.2738 -0.00203705046284673 -0.00221314142313305 -5.36066719717846 476.976775014027 193817027.827303
-0.2739 -0.00162804369008881 -0.00243468687718889 -5.35938923295191 476.911093827713 193816999.853503
-0.274000000000001 -0.00201427771826237 -0.00162263947607996 -5.36175757711524 476.845412641399 193816288.323693
-0.2741 -0.00188673050267076 -0.00234692701657464 -5.362233453364 476.779731455085 193816279.741222
-0.274200000000001 -0.00167521952386806 -0.00127457478654172 -5.3629833531287 476.71405026877 193816689.638401
-0.2743 -0.00334633367935733 -0.00204253272362408 -5.36348157231104 476.648369082456 193815379.24332
-0.274400000000001 -0.0015859690513441 -0.00195357590438495 -5.36434919079445 476.582687896142 193816249.179485
-0.2745 -0.00150418845102915 -0.00199896166952659 -5.36400931764965 476.517006709828 193815914.519738
-0.274600000000001 -0.00194439239781261 -0.00182123312929144 -5.36563127580957 476.451325523513 193814980.477132
-0.2747 -0.0019242123941209 -0.00254179447165283 -5.36618351698665 476.385644337199 193814031.253661
-0.2748 -0.0025783198958987 -0.000301170484114202 -5.36718402059235 476.319963150885 193815085.876063
-0.2749 -0.00155310214602506 -0.00209891070905572 -5.36748031077628 476.254281964571 193814859.983789
-0.275 -0.00278542372336659 -0.00109574202371503 -5.36859061126395 476.188600778256 193814410.492801
-0.2751 -0.00176355230189321 -0.00174998628915001 -5.36947755797072 476.122919591942 193814471.561268
-0.2752 -0.000485435470029762 -0.00233930465319667 -5.37012424226148 476.057238405628 193814453.870226
-0.2753 -0.00195825143232137 -0.00175752420919667 -5.37349693073396 475.991557219314 193812139.670366
-0.275400000000001 -0.00126770095786342 -0.00192837327350031 -5.37485606464893 475.925876032999 193811483.315744
-0.2755 -0.00193280786270366 -0.00233388135671073 -5.37697664273716 475.860194846685 193809996.180441
-0.275600000000001 -0.00112760021005587 -0.00160390673782683 -5.37799526499149 475.794513660371 193810157.141575
-0.2757 -0.00148935242854508 -0.00285278526845917 -5.37925142186594 475.728832474057 193809090.145003
-0.2758 -0.00233626124282692 -0.00109519327584416 -5.37916018012492 475.663151287742 193809984.436485
-0.2759 -0.000845402848879172 -0.00255249213254956 -5.37919241779225 475.597470101428 193809752.918065
-0.276 -0.00217289269008487 -0.001218192387358 -5.38015584350674 475.531788915114 193809131.417183
-0.276100000000001 -0.00153937686446377 -0.00173380023087295 -5.38063041199038 475.4661077288 193809208.70127
-0.2762 -0.00211566709873439 -0.00274738487624335 -5.38185004594895 475.400426542485 193808082.813908
-0.276300000000001 -0.00155206275379931 -0.00149677165474987 -5.38301332324257 475.334745356171 193807803.429549
-0.2764 -0.00206075777766558 -0.0022762203589208 -5.3841077909226 475.269064169857 193806907.884243
-0.276500000000001 -0.00254533168129585 -0.0016006622523881 -5.38525711859714 475.203382983543 193806952.182132
-0.2766 -0.00154016634676501 -0.00213198051240709 -5.38649843801483 475.137701797229 193806503.686192
-0.276700000000001 -0.00167411131478918 -0.000861920981709828 -5.38799616448988 475.072020610914 193806614.49678
-0.2768 -0.00192989981367213 -0.00233081536076478 -5.38966881895572 475.0063394246 193805737.963579
-0.2769 -0.00116272648505987 -0.00187032898697957 -5.38934789397547 474.940658238286 193807211.249952
-0.277 -0.00200595245789692 -0.00151500562010277 -5.3900350465334 474.874977051972 193806104.51466
-0.2771 -0.0019939058444141 -0.00217728350414072 -5.39073760502369 474.809295865657 193805585.270828
-0.2772 -0.00238115362302181 -0.00128175224733626 -5.39206599935242 474.743614679343 193805113.310017
-0.277300000000001 -0.00174287671070199 -0.00192971628251653 -5.39262617541677 474.677933493029 193804693.92485
-0.2774 -0.00238029790468423 -0.00194947960946318 -5.39364126169715 474.612252306715 193803919.968268
-0.277500000000001 -0.00108843829312817 -0.00249092506874024 -5.39487683934095 474.5465711204 193804668.815805
-0.2776 -0.00235451104112414 -0.00164242069617936 -5.39642604149811 474.480889934086 193803637.442278
-0.277700000000001 -0.00194377639380672 -0.00178014192903528 -5.39632940971968 474.415208747772 193803861.706963
-0.2778 -0.00225271899644093 -0.00163811385724219 -5.39707775767524 474.349527561458 193803223.703208
-0.2779 -0.000787172159230592 -0.00285013936998138 -5.39779493838065 474.283846375143 193804028.420327
-0.278 -0.00330176353064962 -0.00180353826454852 -5.39950278298595 474.218165188829 193801756.568584
-0.2781 -0.00085093395696917 -0.00141247417821044 -5.40022273807137 474.152484002515 193803372.069965
-0.278200000000001 -0.00255554159208516 -0.00279851189868564 -5.40254808092354 474.086802816201 193800474.271759
-0.2783 -0.00100524555932136 -0.00159471671458687 -5.40323684564521 474.021121629886 193802379.342249
-0.278400000000001 -0.00285059700953917 -0.00160447154471496 -5.40523061779156 473.955440443572 193799887.932237
-0.2785 -0.000718411642104516 -0.00147878541169563 -5.40482945153724 473.889759257258 193801261.234073
-0.278600000000001 -0.00127716723771351 -0.00337496443560905 -5.40508782106206 473.824078070944 193800126.241992
-0.2787 -0.00327293107823577 -0.00152336906649703 -5.40719896547205 473.758396884629 193799166.854162
-0.2788 -0.0018015685107745 -0.00139796046849912 -5.40651909209701 473.692715698315 193800359.656107
-0.2789 -0.00249341127922891 -0.00182069650965299 -5.40836103088838 473.627034512001 193799344.45608
-0.279 -0.00113139196169662 -0.0027241321587091 -5.40850738917496 473.561353325687 193800315.655052
-0.2791 -0.00262593544955462 -0.00180124011549916 -5.41031148884538 473.495672139372 193797763.046283
-0.2792 -0.002272660287915 -0.00169015988944521 -5.41193281993362 473.429990953058 193797955.180194
-0.2793 -0.00244300852876352 -0.00209771933701166 -5.41157098139339 473.364309766744 193797335.31656
-0.279400000000001 -0.00242415891017257 -0.00135916232478666 -5.41230627735611 473.29862858043 193798251.170863
-0.2795 -0.00190872147337841 -0.00186990145442888 -5.41231098112314 473.232947394116 193798413.685145
-0.279600000000001 -0.00235722132537605 -0.00168761447751617 -5.41380211182585 473.167266207801 193797293.922515
-0.2797 -0.00149016623726993 -0.00239465497501149 -5.41411093736154 473.101585021487 193797575.681843
-0.2798 -0.00195261153133062 -0.00210534709531107 -5.41323654036459 473.035903835173 193797682.976702
-0.2799 -0.000703500959223415 -0.00264617922493274 -5.41519326058639 472.970222648859 193797397.756776
-0.28 -0.00212630162379018 -0.00196051270857492 -5.41511801168776 472.904541462544 193797114.176495
-0.280100000000001 -0.00241377040195996 -0.000662681298419518 -5.41453834085238 472.83886027623 193798532.69861
-0.2802 -0.00255793813976466 -0.0028713208694246 -5.41608665501163 472.773179089916 193796593.922375
-0.2803 -0.000904271594478695 -0.00178915037130065 -5.4153379535602 472.707497903602 193797520.088186
-0.2804 -0.00337201810984853 -0.00294344221899422 -5.41532080064101 472.641816717287 193795656.111003
-0.280500000000001 -0.0017305319047142 -0.00105627383214828 -5.41497105859432 472.576135530973 193798374.470156
-0.2806 -0.00253642458351982 -0.00244906783968793 -5.41619397153356 472.510454344659 193796690.26134
-0.280700000000001 -0.00172140920178794 -0.00204713777094477 -5.41658724486529 472.444773158345 193797912.036805
-0.2808 -0.00247201508515167 -0.00141912933466373 -5.41577131267802 472.37909197203 193798292.796813
-0.2809 -0.000827832493566101 -0.00323251362155172 -5.41577693301508 472.313410785716 193798167.645828
-0.281 -0.00317933608555584 -0.00154762758904837 -5.41543307571796 472.247729599402 193797806.475287
-0.2811 -0.00131585436295007 -0.00158421369892637 -5.4161797138712 472.182048413088 193798197.492247
-0.2812 -0.00211810440247715 -0.0020828605558842 -5.41509948887898 472.116367226773 193797807.050326
-0.2813 -0.00236426535704034 -0.0016172095643777 -5.41524853454227 472.050686040459 193798859.834219
-0.2814 -0.00193884016235468 -0.00199130214081459 -5.41599150602999 471.985004854145 193798333.437446
-0.281500000000001 -0.00136624814198463 -0.00214476959321607 -5.41490713132844 471.919323667831 193799541.802441
-0.2816 -0.00201329323679652 -0.00210724549586013 -5.41611955762876 471.853642481516 193798128.506974
-0.281700000000001 -0.00195535990018815 -0.00169203677515024 -5.41561471491461 471.787961295202 193798662.223648
-0.2818 -0.00264784052094596 -0.00158945899772114 -5.41478637892201 471.722280108888 193798566.647373
-0.2819 -0.00147060369601633 -0.0027761564452175 -5.41352029475131 471.656598922574 193800040.01803
-0.282 -0.00304201531247235 -0.00133857777929483 -5.41344598835768 471.590917736259 193800113.401104
-0.2821 -0.00145166051353569 -0.00247258757257908 -5.41292158868429 471.525236549945 193800542.881205
-0.282200000000001 -0.00186861340379798 -0.00161218541452641 -5.41156885654497 471.459555363631 193801544.765391
-0.2823 -0.00313105836157013 -0.00203812088483669 -5.41111204621315 471.393874177317 193801221.506857
-0.2824 -0.00122784081939116 -0.00206127592873118 -5.41139973042255 471.328192991002 193802060.642201
-0.2825 -0.00227641395693405 -0.00243390718673737 -5.41029095167512 471.262511804688 193801597.361375
-0.282600000000001 -0.00093062368916792 -0.00222682082135842 -5.40967168937735 471.196830618374 193802530.642311
-0.2827 -0.00349433128277724 -0.000887655112704337 -5.41037495135489 471.13114943206 193802115.699037
-0.2828 -0.0022448065847367 -0.00279212249593946 -5.41124891724088 471.065468245745 193800967.490913
-0.2829 -0.000888966288768349 -0.00261541667027507 -5.41189836599319 470.999787059431 193800673.558435
-0.283 -0.00286933309212137 -0.00199616855099954 -5.41154576797589 470.934105873117 193800626.113148
-0.2831 -0.00215928228579391 -0.000804461464795529 -5.41053568668028 470.868424686803 193802398.732923
-0.2832 -0.00234005490788007 -0.00227148912445823 -5.41175251132645 470.802743500489 193801307.054218
-0.2833 -0.00188740060073742 -0.00251062995939158 -5.41316239750306 470.737062314174 193800522.031272
-0.2834 -0.00260336052291768 -0.00202365926803123 -5.41263885104535 470.67138112786 193801634.929467
-0.2835 -0.00242350500438279 -0.00189062974817322 -5.41395516335086 470.605699941546 193801144.996954
-0.283600000000001 -0.000855900328458668 -0.00185423692826689 -5.41248135041515 470.540018755232 193802937.898794
-0.2837 -0.00302500093470483 -0.0020801638753667 -5.41451988545386 470.474337568917 193800542.0087
-0.2838 -0.00156757891898849 -0.00196489953155303 -5.41321614878706 470.408656382603 193802303.384458
-0.2839 -0.0019327595219842 -0.00253184841123996 -5.41329741679421 470.342975196289 193800926.980264
-0.284 -0.00323715779646728 -0.000998492673402793 -5.4138744132727 470.277294009975 193801168.304626
-0.284100000000001 -0.0011663534759543 -0.00184555895927454 -5.41400827023857 470.21161282366 193801297.541893
-0.2842 -0.00237808133559966 -0.00176315182954808 -5.41428687916636 470.145931637346 193801501.300175
-0.2843 -0.000941606021715767 -0.00220092250447097 -5.41475900850455 470.080250451032 193801602.680471
-0.2844 -0.00201848331520458 -0.00222744318737545 -5.41490468023706 470.014569264718 193800566.252784
-0.2845 -0.00213704780352275 -0.00109611077919227 -5.41470417140634 469.948888078403 193801565.676792
-0.2846 -0.00232758785391258 -0.00133869148681856 -5.41522918376188 469.883206892089 193801255.697834
-0.284700000000001 -0.00172491632075217 -0.00166914100310538 -5.41461941551362 469.817525705775 193801610.287478
-0.2848 -0.00148638988828219 -0.00252530902573001 -5.4157324139367 469.751844519461 193800965.573572
-0.2849 -0.00316965684280066 -0.0016500675195304 -5.41383499381681 469.686163333146 193801563.605357
-0.285 -0.000760179482718491 -0.00173068660698871 -5.4132151264235 469.620482146832 193803037.066322
-0.2851 -0.00165188697036659 -0.00112832074261099 -5.41265373889882 469.554800960518 193803639.45923
-0.2852 -0.00206430045066516 -0.00198644864516644 -5.41460799011766 469.489119774204 193802088.32017
-0.2853 -0.00277822390711508 -0.00178270392928501 -5.41384021265313 469.423438587889 193801847.870952
-0.2854 -0.00235720907092483 -0.00169303581031935 -5.41567070133876 469.357757401575 193801164.638586
-0.2855 -0.00172972254263949 -0.00219812383578743 -5.41495093133293 469.292076215261 193800802.605301
-0.2856 -0.002887943872702 -0.00186758773880625 -5.41630212030235 469.226395028947 193800241.841475
-0.285700000000001 -0.000722252959268628 -0.00261984382978966 -5.41557307913817 469.160713842632 193801258.521142
-0.2858 -0.00212451104803715 -0.00234080658305954 -5.41653384967677 469.095032656318 193801391.045989
-0.2859 -0.00191868142452486 -0.00202375951285268 -5.41706047839506 469.029351470004 193800896.94675
-0.286 -0.00183256210452106 -0.00152292257684576 -5.41701380386528 468.96367028369 193801469.95192
-0.2861 -0.00136460584594079 -0.00153821839647781 -5.41744189842938 468.897989097376 193801654.851517
-0.286200000000001 -0.00214480150198967 -0.00239501004462926 -5.41825541650381 468.832307911061 193800555.055403
-0.2863 -0.00111705832787345 -0.00205139365517793 -5.41736698328705 468.766626724747 193801991.35102
-0.2864 -0.00263226443791386 -0.00201625644156063 -5.42014785772543 468.700945538433 193799244.616021
-0.2865 -0.00165729781127142 -0.00229542755741095 -5.42024766409228 468.635264352119 193800584.938626
-0.2866 -0.00263044952583434 -0.00248074426475784 -5.418680510959 468.569583165804 193800982.104779
-0.2867 -0.00200150991855412 -0.00146870162840331 -5.41958455483188 468.50390197949 193800774.131896
-0.2868 -0.00232605337693844 -0.00261224303606285 -5.42110504576226 468.438220793176 193799842.573774
-0.2869 -0.00124134861991998 -0.00154276116817539 -5.42154129060833 468.372539606862 193801251.795494
-0.287 -0.0019595237086429 -0.00265752316394724 -5.42167726262905 468.306858420547 193799124.387508
-0.2871 -0.00265836425381469 -0.0011558883274527 -5.42258548891739 468.241177234233 193799291.484756
-0.2872 -0.00138545179214346 -0.00276672796680894 -5.42300900275266 468.175496047919 193799155.287164
-0.2873 -0.00236217977534999 -0.00202180077129637 -5.4240301750457 468.109814861605 193798588.588357
-0.2874 -0.00282131880155406 -0.00188632448348137 -5.42444540341421 468.04413367529 193798617.447059
-0.2875 -0.00196836946855545 -0.00201464411125707 -5.42385299711583 467.978452488976 193799550.386028
-0.2876 -0.00197269783066398 -0.00191954346764738 -5.42425673021281 467.912771302662 193799647.871214
-0.2877 -0.00111031650198901 -0.00292396019159918 -5.42371300995074 467.847090116348 193798981.353465
-0.2878 -0.00176815869569555 -0.00184217967756637 -5.42340604736121 467.781408930033 193799196.858459
-0.2879 -0.00264640797230443 -0.00189400445353144 -5.4231691936093 467.715727743719 193799419.817251
-0.288 -0.00153697388401781 -0.00138114925013678 -5.42303605904515 467.650046557405 193800335.917592
-0.2881 -0.00281874184332384 -0.0021597337783995 -5.42342389809866 467.584365371091 193799971.027641
-0.2882 -0.00223815674996002 -0.00196975294550051 -5.42294985363252 467.518684184776 193800552.235107
-0.288300000000001 -0.00143724931260881 -0.00312253619847161 -5.42345803268563 467.453002998462 193799874.118548
-0.2884 -0.00219187517772979 -0.000797344326827166 -5.42255511571479 467.387321812148 193800989.59505
-0.2885 -0.00296034536847392 -0.00268414009566929 -5.42354207268941 467.321640625834 193798788.753945
-0.2886 -0.00108982636510763 -0.00232052090137887 -5.42334374487865 467.255959439519 193800205.275647
-0.2887 -0.0030180666118962 -0.00163220303941765 -5.42339730501465 467.190278253205 193800089.257722
-0.2888 -0.00200655660849678 -0.00320904281012311 -5.42349856805671 467.124597066891 193800422.518528
-0.2889 -0.00150578104939375 -0.00267449892087051 -5.42265597750617 467.058915880577 193800936.840679
-0.289 -0.00254205966917831 -0.00106574426711323 -5.42151891825045 466.993234694262 193801690.457015
-0.2891 -0.00318720069491685 -0.00237405045447424 -5.42256334021232 466.927553507948 193799987.174895
-0.2892 -0.00203281900645313 -0.00282025904474215 -5.42150096037612 466.861872321634 193801659.892444
-0.2893 -0.00120126981400482 -0.00265166880462107 -5.42177413716338 466.79619113532 193802014.582333
-0.2894 -0.00212498591061326 -0.00094855271061498 -5.4210389939929 466.730509949006 193802986.128056
-0.2895 -0.00286319168968978 -0.00151322013812379 -5.42173068399538 466.664828762691 193801964.463124
-0.2896 -0.00130381524150984 -0.00238733234462543 -5.42278338599958 466.599147576377 193801725.167069
-0.2897 -0.00179921896123666 -0.00223607407812258 -5.42155426946058 466.533466390063 193801312.769928
-0.2898 -0.00155749754723972 -0.00197397946245365 -5.42012301514749 466.467785203749 193802725.961105
-0.2899 -0.00265831467104516 -0.0018603509565484 -5.42263401774452 466.402104017434 193800558.1096
-0.29 -0.00239833386838196 -0.00183080928509963 -5.42116877002245 466.33642283112 193801760.124674
-0.2901 -0.000204530945202528 -0.0015248911940318 -5.42084605033783 466.270741644806 193803511.3757
-0.290200000000001 -0.00334742685754192 -0.00148615111554256 -5.42282769452697 466.205060458492 193800200.944554
-0.2903 -0.00158409683749624 -0.00299104795903465 -5.42168499932149 466.139379272177 193801529.363883
-0.2904 -0.00214607244636853 -0.0011290186377304 -5.4215860891827 466.073698085863 193801973.559415
-0.2905 -0.00152921037158349 -0.00270540441303654 -5.42313896142205 466.008016899549 193800415.192147
-0.2906 -0.00295171713386776 -0.00262281734224685 -5.4224980966154 465.942335713235 193799858.044301
-0.2907 -0.00139774819473901 -0.00189184687761353 -5.42155733842614 465.87665452692 193802659.763872
-0.2908 -0.00252274173058521 -0.00262326142527552 -5.42346037525675 465.810973340606 193800342.36063
-0.2909 -0.00139568606942308 -0.0011670472183643 -5.42229481548113 465.745292154292 193802017.874301
-0.291 -0.00305674351441459 -0.00222618153367452 -5.4247101478524 465.679610967978 193798952.638189
-0.2911 -0.000653294067542318 -0.00166266309466243 -5.42523932759014 465.613929781663 193799757.971423
-0.2912 -0.00163479836149778 -0.00309660759725157 -5.42427840933206 465.548248595349 193798565.716557
-0.2913 -0.00254662695080121 -0.00155949238216378 -5.42465529744328 465.482567409035 193800015.498701
-0.2914 -0.000861110382671519 -0.00257568866458649 -5.42489607527582 465.416886222721 193800157.953916
-0.2915 -0.00265746394220551 -0.0019734722768597 -5.42551003784637 465.351205036406 193799602.86988
-0.2916 -0.00213831694215066 -0.00201845744788825 -5.42487357276446 465.285523850092 193800169.306688
-0.2917 -0.00128502008809623 -0.00253512763827963 -5.42536977593016 465.219842663778 193799775.873742
-0.2918 -0.0021957962882437 -0.00136829335471059 -5.42529501839473 465.154161477464 193799590.872112
-0.2919 -0.00153862537830594 -0.00250162939848674 -5.42523568442553 465.088480291149 193799710.083775
-0.292 -0.00210998764122418 -0.00032316878313817 -5.42635026177423 465.022799104835 193800376.31325
-0.2921 -0.00203665295896684 -0.00228905101484957 -5.42743456292841 464.957117918521 193799169.003218
-0.2922 -0.00205290893110788 -0.00120285608081355 -5.42779744961102 464.891436732207 193798717.543887
-0.292300000000001 -0.00201043050721871 -0.00251733839076456 -5.42773270516687 464.825755545892 193798330.094445
-0.2924 -0.0014956112847796 -0.00154388626292309 -5.42841262843314 464.760074359578 193797945.544724
-0.2925 -0.00165543663719753 -0.00240822675782227 -5.43014167652763 464.694393173264 193797058.946487
-0.2926 -0.00210948244740779 -0.00208916013451435 -5.43083031169231 464.62871198695 193797078.038043
-0.2927 -0.00204906279015004 -0.00146558940696617 -5.43127824825495 464.563030800635 193797655.110977
-0.2928 -0.00219292858531362 -0.00270026029891061 -5.43188937491294 464.497349614321 193796495.934959
-0.2929 -0.00157020067494006 -0.00195813001480421 -5.43147205761312 464.431668428007 193797685.7873
-0.293 -0.00222721830944933 -0.00166108396844425 -5.43308344863659 464.365987241693 193796165.213834
-0.2931 -0.0019922791072221 -0.0020442417771801 -5.43395056785752 464.300306055379 193795406.267828
-0.2932 -0.00128839655147445 -0.00215064700317417 -5.43363407616566 464.234624869064 193795832.284078
-0.2933 -0.00260875018405385 -0.00092684104726275 -5.43513712315989 464.16894368275 193795417.819814
-0.2934 -0.00166222593758788 -0.0020197186063333 -5.43478226116177 464.103262496436 193795914.892109
-0.2935 -0.00160327031051267 -0.00250278010560253 -5.43521312014306 464.037581310122 193795440.887031
-0.2936 -0.00248502164682275 -0.00108488484755553 -5.43562869390163 463.971900123807 193795785.300795
-0.2937 -0.00113708158103277 -0.00201165748658937 -5.43586916360068 463.906218937493 193796370.970934
-0.2938 -0.00255536040221331 -0.00209019121600504 -5.43658311961312 463.840537751179 193794945.96749
-0.2939 -0.00191393487018667 -0.00125590802376017 -5.43627631754771 463.774856564865 193795772.451215
-0.294 -0.00313197158497259 -0.00209730227568406 -5.43823394088143 463.70917537855 193794447.638093
-0.2941 -0.00142000957617014 -0.00188746676500512 -5.43794098276888 463.643494192236 193795479.677266
-0.294200000000001 -0.00190387422575577 -0.00255379140019156 -5.43799222271894 463.577813005922 193795559.537071
-0.2943 -0.00199148166982488 -0.00253095847289893 -5.43731603711825 463.512131819608 193795161.244037
-0.2944 -0.00286649028185048 -0.00150690337298883 -5.43722415371651 463.446450633293 193795584.136869
-0.2945 -0.00135843982255526 -0.00227872950132462 -5.43695071882115 463.380769446979 193796417.457887
-0.2946 -0.00306326804916348 -0.00269868480726651 -5.4368023643709 463.315088260665 193795229.438739
-0.2947 -0.00170406115972132 -0.00105819623178028 -5.43709053515549 463.249407074351 193796758.085353
-0.2948 -0.00274781899334337 -0.0022250234353189 -5.43814771482881 463.183725888036 193794721.745061
-0.2949 -0.00126793254291602 -0.00349096165902868 -5.43888347357438 463.118044701722 193794836.540966
-0.295 -0.00213602837854808 -0.000564949275899997 -5.43868288263855 463.052363515408 193796707.243206
-0.2951 -0.00307203394456704 -0.00285856200515147 -5.43968222249257 462.986682329094 193794193.551684
-0.2952 -0.00130782964780538 -0.000846569700755147 -5.43836909693116 462.921001142779 193796866.238995
-0.2953 -0.00202741191073694 -0.00295996843714985 -5.43979684483051 462.855319956465 193794455.612887
-0.2954 -0.00134460460086608 -0.0014179606398629 -5.43893961503302 462.789638770151 193796171.082264
-0.2955 -0.00242831867332129 -0.00267154657244189 -5.44000315364576 462.723957583837 193794538.121463
-0.2956 -0.00125237759006688 -0.00215283663003851 -5.43951404726945 462.658276397522 193795900.343508
-0.2957 -0.00194589644612665 -0.00192405936065971 -5.44021497348294 462.592595211208 193795345.634066
-0.2958 -0.00203124191515822 -0.00293990470157006 -5.44101832319259 462.526914024894 193794113.094477
-0.2959 -0.00239426691394647 -0.00189859785161368 -5.4395128063002 462.46123283858 193796213.547566
-0.296 -0.00148693127280718 -0.00202301993107221 -5.44091388016313 462.395551652266 193794612.728772
-0.2961 -0.00120972261862762 -0.00185153183073698 -5.44156958104494 462.329870465951 193795140.646011
-0.2962 -0.00326047498348177 -0.00129308297705396 -5.44371779139725 462.264189279637 193792428.451571
-0.296300000000001 -0.00127228759414257 -0.00260443038592687 -5.44389803880029 462.198508093323 193792739.811653
-0.2964 -0.00157393146702464 -0.00148838165113898 -5.44415329302837 462.132826907009 193793703.061818
-0.2965 -0.00271632523578292 -0.00153589125834292 -5.44469003251691 462.067145720694 193793616.690515
-0.2966 -0.0020549874600969 -0.00318676442447475 -5.44538627018067 462.00146453438 193792833.848806
-0.2967 -0.00196702271753611 -0.000529981178355337 -5.44551959768511 461.935783348066 193793578.271692
-0.2968 -0.00198519186646341 -0.00273006335781747 -5.44495218262998 461.870102161752 193792529.060058
-0.2969 -0.00214517954571943 -0.00162014200945349 -5.44635996620989 461.804420975437 193793229.372424
-0.297 -0.00222587711827279 -0.00284035527902661 -5.44717233174761 461.738739789123 193792950.474567
-0.2971 -0.00168460353055175 -0.00197197396221835 -5.44768569673323 461.673058602809 193793348.204094
-0.2972 -0.00224721054536781 -0.00222482245919114 -5.44919035326057 461.607377416495 193791844.433219
-0.2973 -0.00217137025336429 -0.00261391109903917 -5.44817765196818 461.54169623018 193792501.04077
-0.2974 -0.00287326195698915 -0.0012464072048904 -5.44786181360611 461.476015043866 193792740.584448
-0.2975 -0.00126170073139692 -0.00205640700178266 -5.44847144913887 461.410333857552 193792253.490097
-0.2976 -0.00287838935503265 -0.000830757101435532 -5.44854752881194 461.344652671238 193791960.387154
-0.2977 -0.00176696166703696 -0.00279792975125392 -5.44796368011781 461.278971484923 193791866.729438
-0.297800000000001 -0.00142663678398646 -0.00153141346648311 -5.44826434884081 461.213290298609 193793016.516982
-0.2979 -0.00181134483467985 -0.00332865809919675 -5.44957250439986 461.147609112295 193792018.559889
-0.298 -0.00249893574854429 -0.00230590422194603 -5.44886995459339 461.081927925981 193792122.132775
-0.2981 -0.00266663421723738 -0.00212076219303572 -5.44892808631341 461.016246739666 193792704.614634
-0.298200000000001 -0.00247676258936716 -0.00173469502273661 -5.44883385807285 460.950565553352 193792556.085361
-0.2983 -0.00172905260476801 -0.0018068124451658 -5.44876861623599 460.884884367038 193792957.779307
-0.2984 -0.00225823745078325 -0.00212531212711489 -5.44855804193048 460.819203180724 193792950.490251
-0.2985 -0.00107218242975579 -0.00191890666088773 -5.44937268481199 460.753521994409 193792876.733625
-0.2986 -0.00273295527719647 -0.00264771387681419 -5.44870167534508 460.687840808095 193792420.38198
-0.2987 -0.000799790134402067 -0.00229249653140632 -5.44868136599868 460.622159621781 193793534.090654
-0.2988 -0.00289561339026275 -0.00181786388233885 -5.44821567700174 460.556478435467 193792151.28432
-0.2989 -0.001096510205139 -0.00168100885541002 -5.44843544965672 460.490797249153 193793411.505322
-0.299 -0.00202859974343127 -0.00198093554473965 -5.44914778031319 460.425116062838 193793004.577423
-0.2991 -0.002076877351477 -0.000621467536296964 -5.44875642211827 460.359434876524 193794165.203842
-0.2992 -0.00224992560282374 -0.00285249077375442 -5.45096367262708 460.29375369021 193791486.130985
-0.2993 -0.00262135791967165 -0.00151742082384664 -5.45001217619875 460.228072503896 193792731.446685
-0.2994 -0.00133050981937213 -0.00217510387423836 -5.45076026632649 460.162391317581 193792315.852552
-0.2995 -0.00248832374568653 -0.00212916419470034 -5.45111702721361 460.096710131267 193791820.238078
-0.2996 -0.00184579977560361 -0.00205051519281087 -5.44902458216993 460.031028944953 193793732.45687
-0.2997 -0.00126706290744234 -0.00143767377420853 -5.44875151076527 459.965347758639 193794380.302196
-0.2998 -0.00312834302970409 -0.00237092752147981 -5.45031976565257 459.899666572324 193791951.958116
-0.299900000000001 -0.00273820454681482 -0.00119828871045737 -5.45017886516171 459.83398538601 193793629.667231
-0.3 -0.000220147627484745 -0.00338336280958961 -5.45020335164767 459.768304199696 193793390.459826
-0.3001 -0.00312297690884539 -0.00130325594498441 -5.45093014456489 459.702623013382 193792047.885978
-0.3002 -0.00208902343907669 -0.00224408721404811 -5.45036310208209 459.636941827067 193793479.516109
-0.300300000000001 -0.00225393963591251 -0.0026341631614613 -5.45042686422383 459.571260640753 193793032.368239
-0.3004 -0.0025743774489962 -0.00187100214324805 -5.4515963360728 459.505579454439 193792876.796044
-0.3005 -0.00207467882622391 -0.00235200820474245 -5.45169945446083 459.439898268125 193792602.928402
-0.3006 -0.00214959332354023 -0.000838808413088396 -5.45255925054696 459.37421708181 193792348.918442
-0.3007 -0.00125334277392966 -0.00294649442296405 -5.45342553415137 459.308535895496 193791428.323775
-0.3008 -0.00227671620096008 -0.000887443340798925 -5.45338745159561 459.242854709182 193792718.902299
-0.3009 -0.00125218470968135 -0.00231685128521988 -5.45218177129299 459.177173522868 193793219.691888
-0.301 -0.0020561859870407 -0.0029975832753291 -5.45184686119881 459.111492336553 193793371.131219
-0.3011 -0.00195814960215391 -0.000470246417702293 -5.45121370048708 459.045811150239 193793940.548112
-0.3012 -0.00186630816128972 -0.00395071258352934 -5.45195449650816 458.980129963925 193791970.079823
-0.3013 -0.0012107336552929 -0.000548836307273827 -5.45054897767818 458.914448777611 193795422.258182
-0.3014 -0.0032719132872489 -0.00270339216152397 -5.45198884795858 458.848767591296 193792290.947252
-0.3015 -0.00129741309339765 -0.00126862917970241 -5.45126164476848 458.783086404982 193795738.221206
-0.3016 -0.00256690725954259 -0.0024572308110958 -5.45258809179315 458.717405218668 193792759.327565
-0.3017 -0.00118625467128233 -0.00347116225894309 -5.45436177376454 458.651724032354 193791677.100514
-0.3018 -0.00325814083259478 -0.000269427765804472 -5.45392043081297 458.58604284604 193793006.89087
-0.3019 -0.00215123131221892 -0.00193805204835835 -5.45468127294473 458.520361659725 193791967.271147
-0.302000000000001 -0.00228907696438404 -0.00182344271365771 -5.45450105377704 458.454680473411 193792198.739399
-0.3021 -0.00201652654392929 -0.00216819594026579 -5.45367877481153 458.388999287097 193793474.111319
-0.3022 -0.00145213026358999 -0.00303770123303193 -5.45433381614957 458.323318100783 193793114.709522
-0.3023 -0.00213053211727119 -0.00169964232377126 -5.45499120556396 458.257636914468 193792977.345346
-0.302400000000001 -0.00196498448134602 -0.00131027861259154 -5.45547796904311 458.191955728154 193793092.874844
-0.3025 -0.00137075740368204 -0.00254973379490572 -5.45571177760588 458.12627454184 193792479.799897
-0.3026 -0.00279697932990035 -0.00236177051590964 -5.45720002464434 458.060593355525 193791343.343218
-0.3027 -0.000967197101103402 -0.00217544245947246 -5.45734933802396 457.994912169211 193792809.995197
-0.3028 -0.00203797130793923 -0.00201698202081101 -5.45755841924657 457.929230982897 193791968.893142
-0.3029 -0.00286521488630687 -0.000747406402863437 -5.45648057367744 457.863549796583 193793363.69562
-0.303 -0.00197212889367043 -0.00198745912071302 -5.45712620626928 457.797868610269 193792312.955715
-0.3031 -9.75468918007775e-05 -0.0029631669793319 -5.45678392854792 457.732187423954 193793231.374317
-0.3032 -0.00304440627816541 -0.00119267417671929 -5.45838947178853 457.66650623764 193791908.456429
-0.3033 -0.00189870106500257 -0.00229645492063031 -5.45766116973984 457.600825051326 193792402.64882
-0.3034 -0.00185935565380096 -0.00191353011582756 -5.45709152719776 457.535143865012 193793428.516496
-0.3035 -0.00175915181607352 -0.00253359939838368 -5.45806986451605 457.469462678697 193791985.360887
-0.3036 -0.00222605145928315 -0.00189901713122538 -5.45789020910822 457.403781492383 193793016.213452
-0.3037 -0.00166227984755975 -0.00135812580410873 -5.45685937013217 457.338100306069 193793557.647507
-0.3038 -0.00208078676798478 -0.00249449701665665 -5.45745367210292 457.272419119755 193793080.185236
-0.303900000000001 -0.00164599217271241 -0.00222097923075544 -5.45730595952311 457.20673793344 193794071.833275
-0.304 -0.00172147422391188 -0.00363224055561008 -5.45856354053747 457.141056747126 193792327.089677
-0.304100000000001 -0.00325315578920997 -0.000829312429603883 -5.45907647334791 457.075375560812 193792891.34184
-0.3042 -0.00115424169193844 -0.00233925708060612 -5.45808251659753 457.009694374498 193793584.104033
-0.304300000000001 -0.00231975631504377 -0.00180189245087925 -5.45805481267934 456.944013188183 193793044.174991
-0.3044 -0.00234298758024758 -0.00224112813811676 -5.45893374973826 456.878332001869 193792831.438676
-0.3045 -5.24736746910424e-05 -0.00320145986915085 -5.45864392881955 456.812650815555 193793030.626567
-0.3046 -0.00356632669934184 -0.0012799992547442 -5.45869219162548 456.746969629241 193792982.055772
-0.3047 -0.000564404384627116 -0.00178791605179222 -5.45776427930455 456.681288442926 193795447.16257
-0.3048 -0.00276954059881768 -0.00206449698146778 -5.45731587884347 456.615607256612 193793506.124174
-0.3049 -0.00131183407430891 -0.00246346505956693 -5.45770100014018 456.549926070298 193793451.681593
-0.305 -0.00115306231851211 -0.00291601072360052 -5.45931274463607 456.484244883984 193792460.99598
-0.3051 -0.00209862634071442 -0.00235355889669235 -5.45959912992303 456.418563697669 193792336.078163
-0.3052 -0.00196309351377605 -0.000761190118870122 -5.45974384590028 456.352882511355 193792952.140253
-0.3053 -0.0017050066465985 -0.00232917265956666 -5.460679995069 456.287201325041 193792439.665274
-0.3054 -0.00163302333436897 -0.00248806115071897 -5.45949349393698 456.221520138727 193792865.27415
-0.3055 -0.00231667847031646 -0.00143667206842059 -5.45992230699064 456.155838952412 193793162.893406
-0.3056 -0.00277873201249785 -0.00175802023141784 -5.46072983950451 456.090157766098 193792243.710076
-0.3057 -0.000974877674660784 -0.00249720466070378 -5.45885791837288 456.024476579784 193795158.755044
-0.3058 -0.00256442088678028 -0.00227862087874472 -5.45935056918945 455.95879539347 193794386.301863
-0.3059 -0.00180149390698975 -0.00249484158872862 -5.46154426599684 455.893114207156 193793417.866304
-0.306000000000001 -0.00272810064982791 -0.00256708770269173 -5.46088819293004 455.827433020841 193792928.142465
-0.3061 -0.00161894208770509 -0.00131523888942241 -5.46213935442958 455.761751834527 193792764.467501
-0.306200000000001 -0.00222134429077524 -0.00220038349304443 -5.46397806231028 455.696070648213 193791161.725495
-0.3063 -0.00134012822031088 -0.00164602545403202 -5.46426628791989 455.630389461899 193792104.91576
-0.306400000000001 -0.00286079592692097 -0.00276893614909266 -5.46509245367725 455.564708275584 193790549.488223
-0.3065 -0.000718522494919899 -0.00139416598915218 -5.46473668633343 455.49902708927 193792543.654619
-0.3066 -0.00300167092683667 -0.00197140447588651 -5.46644389165803 455.433345902956 193790873.647638
-0.3067 -9.54926631181908e-05 -0.00193347026986752 -5.46513718924594 455.367664716642 193792361.740555
-0.3068 -0.00302905418877851 -0.00273933224288996 -5.46678349133523 455.301983530327 193790101.787294
-0.3069 -0.00107193170562484 -0.0023918148187406 -5.46610586616288 455.236302344013 193792036.809432
-0.307 -0.00153792655950172 -0.00247460175287166 -5.46698247488353 455.170621157699 193791016.345897
-0.3071 -0.00305530538348655 -0.00169915286404027 -5.46798483600927 455.104939971385 193790701.989305
-0.3072 -0.00143760519013104 -0.00180308787414691 -5.46857405478916 455.03925878507 193791237.216117
-0.3073 -0.00238685441274644 -0.00267750945682224 -5.4679949503995 454.973577598756 193790702.332656
-0.3074 -0.00242992820603652 -0.00122755356658718 -5.46776443186238 454.907896412442 193791925.790872
-0.3075 -0.00278396332718566 -0.00250341407349016 -5.46933889104728 454.842215226128 193790426.347906
-0.3076 -0.000929429461174399 -0.00327008443783704 -5.46794210007726 454.776534039813 193791130.621128
-0.3077 -0.00275274583320762 -0.0019049440149658 -5.47008653992997 454.710852853499 193789090.894608
-0.3078 -0.00225291608050945 -0.00139675790159194 -5.47006696230237 454.645171667185 193790370.968502
-0.307900000000001 -0.000877062838858295 -0.00355214028346669 -5.47048361032349 454.579490480871 193790115.726857
-0.308 -0.00227253263228979 -0.0022054322643117 -5.47105379997453 454.513809294556 193790440.656126
-0.308100000000001 -0.00207170575048464 -0.00204644926984495 -5.47093333605543 454.448128108242 193789987.533419
-0.3082 -0.00164943975061273 -0.0026322569763774 -5.47050190579753 454.382446921928 193789955.193793
-0.308300000000001 -0.00260037533331593 -0.00136052234415986 -5.47019406788769 454.316765735614 193791020.775044
-0.3084 -0.00220305783514311 -0.00244027757327591 -5.47097642795022 454.251084549299 193790151.235201
-0.3085 -0.00164904889931848 -0.00262091641108802 -5.47084089719336 454.185403362985 193790687.377077
-0.3086 -0.00238012338974639 -0.00191737028583211 -5.47002004938346 454.119722176671 193791618.555241
-0.3087 -0.00198541714596002 -0.00161325955233612 -5.46948854332378 454.054040990357 193792551.658877
-0.3088 -0.00194261894398058 -0.00244388624016486 -5.46976248357913 453.988359804042 193791106.104522
-0.3089 -0.00190805716878919 -0.0025723001023464 -5.46981558069668 453.922678617728 193791598.815035
-0.309 -0.00195961100895545 -0.00124325336651911 -5.46845532385338 453.856997431414 193793161.446206
-0.309100000000001 -0.0032600522255354 -0.00202486607889128 -5.46923222308414 453.7913162451 193791513.716486
-0.3092 -0.000904977540722311 -0.00236996246250173 -5.46902963739829 453.725635058786 193793378.748518
-0.3093 -0.0027747590187908 -0.00230876110781974 -5.46955233361299 453.659953872471 193792039.200174
-0.3094 -0.00169135340937402 -0.00205547762258718 -5.46982384154801 453.594272686157 193793006.369632
-0.3095 -0.00274988610931609 -0.00306018735061036 -5.46953352833376 453.528591499843 193791900.956997
-0.3096 -0.00100577189695749 -0.00140902877672515 -5.46932785673325 453.462910313529 193794220.038739
-0.3097 -0.00137637566452458 -0.00273097369635221 -5.47041956393115 453.397229127214 193792004.299306
-0.3098 -0.00280201483907603 -0.00152611533329088 -5.46913721230506 453.3315479409 193793330.800478
-0.3099 -0.00197695765405416 -0.00197320012435965 -5.46991365107271 453.265866754586 193792957.591342
-0.310000000000001 -0.00152969977421874 -0.00193023496957326 -5.46918380833754 453.200185568272 193792837.088198
-0.3101 -0.0020833510734691 -0.00202773288850895 -5.47019341498345 453.134504381957 193792589.569404
-0.310200000000001 -0.0027779995098835 -0.00170103325196464 -5.46977941802881 453.068823195643 193793229.072431
-0.3103 -0.00215847816756297 -0.00235451178978204 -5.47019172742692 453.003142009329 193793529.937639
-0.310400000000001 -0.00229149330630103 -0.00284598286539698 -5.46958448892014 452.937460823015 193792689.796417
-0.3105 -0.00186788918566596 -0.00203631963721529 -5.46835056042634 452.8717796367 193794287.244222
-0.3106 -0.00186325602213383 -0.00268231501906594 -5.46997011426883 452.806098450386 193793088.181714
-0.3107 -0.00256482135236645 -0.00141754260879206 -5.46844976722488 452.740417264072 193794850.03615
-0.3108 -0.00216959319147252 -0.00311773090880763 -5.4680830786441 452.674736077758 193794160.980318
-0.3109 -0.00273597096307065 -0.00175104971085474 -5.46887182669645 452.609054891443 193794350.631054
-0.311 -0.00134384274271188 -0.00287099824344457 -5.46853943052804 452.543373705129 193793948.299123
-0.3111 -0.00242756689683346 -0.000986807147073993 -5.46904802180885 452.477692518815 193793715.054704
-0.311200000000001 -0.00150212427439877 -0.0028482265255625 -5.46844770849854 452.412011332501 193793678.051705
-0.3113 -0.00116658783654836 -0.00229645075529871 -5.46814633683067 452.346330146186 193794615.703814
-0.3114 -0.00241066639233021 -0.0028030451946679 -5.46926888253892 452.280648959872 193793606.395005
-0.3115 -0.00311617887607005 -0.00111595416810882 -5.46814328011745 452.214967773558 193794616.882803
-0.3116 -0.00158765987444069 -0.00126008581384856 -5.46778588418911 452.149286587244 193795595.851927
-0.3117 -0.00227148228113966 -0.00234699176739859 -5.4685115870071 452.08360540093 193793875.252647
-0.3118 -0.00226927636443817 -0.00177820152125178 -5.46786417600836 452.017924214615 193794887.540741
-0.311900000000001 -0.00240713799132627 -0.0020335795447263 -5.4682320165856 451.952243028301 193794863.621186
-0.312 -0.00266369245731882 -0.00245999923646811 -5.46884431677609 451.886561841987 193795330.761201
-0.312100000000001 -0.00236735802368495 -0.00112332909409047 -5.46952685957324 451.820880655672 193796368.654056
-0.3122 -0.00145535873091033 -0.00333731795444453 -5.47039617781845 451.755199469358 193795011.831673
-0.312300000000001 -0.00256429291844948 -0.00127625374955296 -5.46938847832768 451.689518283044 193794903.097504
-0.3124 -0.00277544137666182 -0.00189274450701158 -5.47054369637673 451.62383709673 193795070.749379
-0.3125 -0.00205104390695698 -0.00249236062571814 -5.47002038005742 451.558155910416 193794579.666697
-0.3126 -0.000738439823409464 -0.00275844191967656 -5.47065486060581 451.492474724101 193796142.257291
-0.3127 -0.00288170068587757 -0.00160722889874442 -5.47130733565538 451.426793537787 193795557.466429
-0.3128 -0.000641327054444756 -0.00372539112681674 -5.47135816560741 451.361112351473 193796428.586436
-0.3129 -0.00343948966140388 -0.00106565030468716 -5.4710010240925 451.295431165159 193795440.829262
-0.313 -0.000746983221962479 -0.00234983716038661 -5.4723767547131 451.229749978844 193795084.72602
-0.3131 -0.00270652100986894 -0.00210247313994784 -5.47356658828783 451.16406879253 193793451.83943
-0.3132 -0.00319038544186968 -0.000868002554719805 -5.47401963893113 451.098387606216 193793196.697772
-0.313300000000001 -0.00110284912667092 -0.0037493091005162 -5.47368394882465 451.032706419902 193794655.806602
-0.3134 -0.00311331330502262 -0.000452105511239747 -5.47441903173909 450.967025233587 193794655.904754
-0.3135 -0.00219379783799241 -0.00249148961048841 -5.47616222307012 450.901344047273 193793645.706572
-0.3136 -0.00148201384069876 -0.00198819158510051 -5.47563448355649 450.835662860959 193794026.821819
-0.3137 -0.00227815704198658 -0.00279659341245957 -5.4768790762454 450.769981674645 193792958.410676
-0.3138 -0.00178312142883312 -0.00199423260865616 -5.47634928749053 450.70430048833 193793142.803528
-0.3139 -0.00162274212947763 -0.00292943802264424 -5.47632053873335 450.638619302016 193793919.654874
-0.314000000000001 -0.00230697766861684 -0.00107110233929825 -5.47737606331397 450.572938115702 193793631.446636
-0.3141 -0.0016203720618058 -0.00340907227886848 -5.47835221980812 450.507256929388 193792549.401371
-0.314200000000001 -0.00284013729200159 -0.000331182133876522 -5.47774753286256 450.441575743073 193794008.393625
-0.3143 -0.00236420593271269 -0.00253131770858613 -5.47880375794739 450.375894556759 193792454.923402
-0.314400000000001 -0.00236566781483307 -0.00197491933227818 -5.47885410536021 450.310213370445 193792434.257509
-0.3145 -0.00135889194258248 -0.00220703745577001 -5.47915114404247 450.244532184131 193792569.729298
-0.3146 -0.00268361872889444 -0.00173336202553483 -5.47876220096854 450.178850997816 193793478.253576
-0.3147 -0.0012561323701754 -0.00203558066329172 -5.47823444728177 450.113169811502 193794704.776006
-0.3148 -0.00274544886116366 -0.00188306616200343 -5.47820556329852 450.047488625188 193793875.562122
-0.3149 -0.00159279944471346 -0.0025945093401073 -5.47913875004894 449.981807438874 193792961.625819
-0.315 -0.00261372654404338 -0.00133873794806906 -5.47846616511778 449.916126252559 193793512.791147
-0.3151 -0.00261915033958709 -0.00199441146711015 -5.47609927500008 449.850445066245 193793638.924994
-0.315200000000001 -0.00279829397900986 -0.00210142727541468 -5.47635520811865 449.784763879931 193794309.471953
-0.3153 -0.00217174263016492 -0.00184577207858414 -5.47678920588204 449.719082693617 193794687.5231
-0.315400000000001 -0.00156233122094799 -0.00306473713325219 -5.47659641533524 449.653401507302 193794849.953407
-0.3155 -0.00153777997845192 -0.000936809059515262 -5.4761735647335 449.587720320988 193796223.813531
-0.3156 -0.00332859897095538 -0.00193234571912691 -5.47620552742852 449.522039134674 193794261.193886
-0.3157 -0.00182100125612063 -0.00232829432358792 -5.476295994456 449.45635794836 193795178.135152
-0.3158 -0.00184241847162166 -0.00151009803255987 -5.47547588719252 449.390676762046 193795318.10007
-0.3159 -0.0023062699011483 -0.00288231656295068 -5.47728069928269 449.324995575731 193794622.521351
-0.316 -0.00165386351417452 -0.00196803584677545 -5.47613981767188 449.259314389417 193796340.947989
-0.316100000000001 -0.00240642415822698 -0.00186216550879597 -5.47619571662434 449.193633203103 193795871.302575
-0.3162 -0.00190405873101091 -0.00260483614589516 -5.47615834676053 449.127952016789 193795923.564789
-0.316300000000001 -0.00250523252293641 -0.00153919176772886 -5.47767600551302 449.062270830474 193794859.61668
-0.3164 -0.00160012460193699 -0.00190668629721045 -5.47662313257857 448.99658964416 193795977.15034
-0.316500000000001 -0.00227334762952596 -0.00228663806789142 -5.47809894374817 448.930908457846 193794092.118825
-0.3166 -0.00212382130883189 -0.00300825335865401 -5.475622561153 448.865227271532 193795898.622255
-0.3167 -0.000359093583028635 -0.00160205400865184 -5.47397543520584 448.799546085217 193798295.160585
-0.3168 -0.00310950695419516 -0.00264772071469427 -5.47454532215306 448.733864898903 193796643.235404
-0.3169 -0.000706662872556644 -0.00275033071033935 -5.47423401419608 448.668183712589 193797277.795653
-0.317 -0.00261648691025567 -0.000827057111535943 -5.47483176776635 448.602502526275 193797697.40763
-0.3171 -0.0018272781063064 -0.00316938030948853 -5.47528908046208 448.53682133996 193796191.666218
-0.3172 -0.00267971631247903 -0.00170151083345449 -5.47374664239379 448.471140153646 193798086.021119
-0.317300000000001 -0.00262925969952914 -0.00124754284336135 -5.47547052550742 448.405458967332 193796540.76649
-0.3174 -0.0011568716546406 -0.00228408922498926 -5.47536031553127 448.339777781018 193797047.776071
-0.3175 -0.00349559151982104 -0.00280742607268952 -5.47783377735885 448.274096594703 193794971.908753
-0.3176 -0.000946681027760857 -0.00129395037380029 -5.47697473364941 448.208415408389 193797300.350943
-0.3177 -0.00276978349818543 -0.00308974039660074 -5.4786292671613 448.142734222075 193794602.603518
-0.3178 -0.00133175198618819 -0.000880548190400744 -5.47870881546207 448.077053035761 193795964.786088
-0.3179 -0.00277001343675551 -0.00327005818556216 -5.48024703190522 448.011371849446 193793187.636183
-0.318000000000001 -0.00157007757303704 -0.00200724096349197 -5.47994998244811 447.945690663132 193795106.234331
-0.3181 -0.00329017586817236 -0.000955119670929178 -5.47986778791156 447.880009476818 193795101.35396
-0.3182 -0.00177034532677431 -0.00290575176910897 -5.4804658733291 447.814328290504 193795366.200173
-0.3183 -0.00192596226823877 -0.00268009313318795 -5.48010198288144 447.74864710419 193795529.83663
-0.318400000000001 -0.00276394242221611 -0.0013616776974306 -5.47934457604549 447.682965917875 193795286.089064
-0.3185 -0.00163510598130704 -0.0028930510205095 -5.47986335426777 447.617284731561 193794614.449042
-0.3186 -0.00164527902806514 -0.00319165634865683 -5.48200971355161 447.551603545247 193793760.004235
-0.3187 -0.00251463364970779 -0.00198476035255398 -5.48232622025908 447.485922358933 193794262.120451
-0.3188 -0.00299637315256593 -0.00237218873185501 -5.48240804069701 447.420241172618 193794000.159761
-0.3189 -0.00123754804546613 -0.00245347569230044 -5.48092949336219 447.354559986304 193796144.968041
-0.319 -0.00182771737425055 -0.00249173675009215 -5.48348302480057 447.28887879999 193793866.594148
-0.3191 -0.00239301689243893 -0.00185598893288192 -5.48413561875244 447.223197613676 193793148.007843
-0.3192 -0.00119048470852115 -0.00201042373983411 -5.4854268579227 447.157516427361 193793068.187342
-0.3193 -0.00354227743743793 -0.00250931927019504 -5.48609974326176 447.091835241047 193792049.854548
-0.319400000000001 -0.00159792515322816 -0.00255531268704975 -5.48681968294706 447.026154054733 193793445.944491
-0.3195 -0.00219718262625276 -0.00277065932189701 -5.48747435108091 446.960472868419 193792604.883035
-0.3196 -0.00184107030634928 -0.00172755636537281 -5.48640882009245 446.894791682104 193793536.891477
-0.3197 -0.00258938296246467 -0.00150237244315523 -5.48559089179672 446.82911049579 193793156.439668
-0.3198 -0.00180463242690517 -0.00310039296997144 -5.48646656123153 446.763429309476 193792712.424563
-0.3199 -0.00212801671107724 -0.000976035779426931 -5.48780432345466 446.697748123162 193792460.457854
-0.32 -0.00141453862667688 -0.00269176490773859 -5.48820501271489 446.632066936847 193791858.83375
-0.3201 -0.00186286135341205 -0.00289772292144504 -5.48876010755344 446.566385750533 193792277.025734
-0.3202 -1.34986531648802e-05 -0.0029268130581959 -5.48851778247255 446.500704564219 193793371.983099
-0.3203 -0.00290060152238885 -0.00189190184113395 -5.48820633753307 446.435023377905 193792434.349493
-0.3204 -0.00201340748717922 -0.001082301388836 -5.487894244615 446.36934219159 193793358.077419
-0.320500000000001 -0.00176210250964001 -0.00276520034229701 -5.48835118423794 446.303661005276 193792593.576542
-0.3206 -0.00154586464350393 -0.00247910348075641 -5.48971171744229 446.237979818962 193792335.309778
-0.3207 -0.00219536442616397 -0.00183186246479958 -5.48989154926283 446.172298632648 193792656.114579
-0.3208 -0.00155575994540036 -0.00308910961580995 -5.49137732000132 446.106617446333 193791684.879197
-0.3209 -0.00194021859182617 -0.00246122641354732 -5.49082773257964 446.040936260019 193792132.360397
-0.321 -0.00163920238093031 -0.0027210726860069 -5.49091579060708 445.975255073705 193791769.941683
-0.3211 -0.00218823444794732 -0.00184336653655982 -5.49101973767973 445.909573887391 193791953.472301
-0.3212 -0.0021159105404821 -0.00325700522139479 -5.49236391225275 445.843892701076 193790572.534014
-0.3213 -0.000998855138773147 -0.00186547166232155 -5.49313469324484 445.778211514762 193791445.762694
-0.3214 -0.00359032087486883 -0.00200954699229161 -5.49434398533648 445.712530328448 193790159.34953
-0.321500000000001 -0.00161342243097499 -0.00156650176857215 -5.49287113945982 445.646849142134 193792081.785846
-0.3216 -0.00272102626002716 -0.00253451142872962 -5.49489504700012 445.58116795582 193789474.941889
-0.3217 -0.00227520667763223 -0.00154784258921015 -5.49570874064361 445.515486769505 193790346.356523
-0.3218 -0.00140664725226983 -0.00289696080905122 -5.49631323088025 445.449805583191 193788932.609629
-0.3219 -0.00219994427467707 -0.0026584226648124 -5.49523165639208 445.384124396877 193789594.863182
-0.322000000000001 -0.00194185841517908 -0.00134934238553576 -5.49600298534316 445.318443210562 193790348.223869
-0.3221 -0.00328739427246404 -0.00124256339671285 -5.49661441176978 445.252762024248 193789039.332492
-0.3222 -0.00186940552652351 -0.00245729277101461 -5.49662989054341 445.187080837934 193789010.930063
-0.3223 -0.00190578441483479 -0.00235812977353586 -5.49809897806285 445.12139965162 193788291.102016
-0.3224 -0.00195784687234308 -0.00264244080887757 -5.49736888173641 445.055718465306 193788660.538033
-0.3225 -0.00111435412084343 -0.00231193073824124 -5.49776332411748 444.990037278991 193789037.024566
-0.3226 -0.00318307763113055 -0.00215379105957924 -5.4976780671573 444.924356092677 193788548.010097
-0.3227 -0.00139125841488582 -0.00196940171160117 -5.49838339470366 444.858674906363 193789623.598524
-0.3228 -0.002690416950529 -0.0020682407981731 -5.4998295803852 444.792993720049 193788998.708836
-0.3229 -0.00186322308781257 -0.00237499909978253 -5.49896625153307 444.727312533734 193789138.186971
-0.323 -0.00319892473280888 -0.00167269643438253 -5.49859168017996 444.66163134742 193788098.444774
-0.3231 -0.00312377319328814 -0.00154291610294623 -5.49908281133832 444.595950161106 193788400.183244
-0.3232 -0.0023413634238692 -0.00309934484681607 -5.4982792480808 444.530268974792 193788782.035502
-0.3233 -0.00129518899116849 -0.00190211518520269 -5.49790676865757 444.464587788477 193790816.926851
-0.3234 -0.00239154320943221 -0.00253894892088402 -5.49982281400722 444.398906602163 193789129.022493
-0.3235 -0.00222665783275737 -0.00131781121296473 -5.49911157275852 444.333225415849 193789711.567398
-0.3236 -0.00204402071548696 -0.00283596262405489 -5.49937798028591 444.267544229535 193789327.317272
-0.3237 -0.00254233094485257 -0.00150346811121237 -5.49929425697782 444.20186304322 193789325.534073
-0.3238 -0.00219090401137839 -0.00311693349006411 -5.49972452543752 444.136181856906 193789084.325685
-0.3239 -0.00158315882265023 -0.00199520910714924 -5.49969039988311 444.070500670592 193789886.28917
-0.324 -0.00275278094909662 -0.00116060371234268 -5.49989246637432 444.004819484278 193790184.845124
-0.3241 -0.00214405678240003 -0.00264223713446077 -5.5002724236342 443.939138297963 193788957.657332
-0.3242 -0.00296073411745385 -0.000334928550411308 -5.49854229616504 443.873457111649 193790912.76946
-0.3243 -0.00176674865334449 -0.0029559110884198 -5.50031592447682 443.807775925335 193788886.053584
-0.3244 -0.0025508025676981 -0.00130250952558591 -5.49921913011054 443.742094739021 193789806.073733
-0.3245 -0.00164378533042972 -0.00242923826676032 -5.49897143984063 443.676413552706 193790248.679859
-0.3246 -0.00239125535875929 -0.00222694563294264 -5.5002002896978 443.610732366392 193790001.943648
-0.3247 -0.001543433060904 -0.00154204187844365 -5.50072767054693 443.545051180078 193790441.840518
-0.3248 -0.00224236464648444 -0.00293834314216547 -5.50177112314767 443.479369993764 193788820.73135
-0.3249 -0.00252082086236708 -0.00175572021272349 -5.50285820874327 443.413688807449 193788618.780171
-0.325 -0.00135673246998639 -0.0023122690999891 -5.50390957300409 443.348007621135 193788017.835676
-0.3251 -0.00246078752474934 -0.00148053661161185 -5.50498294587517 443.282326434821 193787512.148583
-0.3252 -0.00221106707305642 -0.00223687008999351 -5.50578264322883 443.216645248507 193787928.741007
-0.3253 -0.00183694748941558 -0.00218417631408866 -5.50597697804993 443.150964062192 193788150.892613
-0.3254 -0.00240020301632211 -0.00222006988710875 -5.50588499395575 443.085282875878 193787533.126227
-0.3255 -0.0018554820821409 -0.00278134245217255 -5.50632594211541 443.019601689564 193787075.032191
-0.3256 -0.00306871756915907 -0.00144122254450013 -5.50746299246261 442.95392050325 193786125.732314
-0.3257 -0.00146355885124558 -0.00254875689568365 -5.50783019368572 442.888239316936 193785796.972319
-0.3258 -0.00242134223454045 -0.00139934895948272 -5.50672334776537 442.822558130621 193787028.593954
-0.3259 -0.00247992158489026 -0.00211397746033551 -5.50661562565273 442.756876944307 193787204.335082
-0.326 -0.00119864822436674 -0.00270624698267503 -5.50933939071428 442.691195757993 193786439.147108
-0.3261 -0.00219441360214012 -0.00190649002002647 -5.50890442604356 442.625514571679 193785478.166686
-0.3262 -0.00184104652466636 -0.00228530968223988 -5.50803795852851 442.559833385364 193786295.453566
-0.3263 -0.00205386435273208 -0.00309278232230174 -5.50866116559912 442.49415219905 193785689.48925
-0.3264 -0.00159855485297386 -0.00200748068600394 -5.50819062351877 442.428471012736 193787204.862243
-0.3265 -0.00267962556220924 -0.00319642792109048 -5.50894335961431 442.362789826422 193785726.06437
-0.3266 -0.00119504251098881 -0.00207432977853157 -5.50968319638169 442.297108640107 193787057.493681
-0.3267 -0.00232135502694307 -0.00174369269266499 -5.510836824389 442.231427453793 193786019.644083
-0.3268 -0.00311395397753958 -0.00145729708894668 -5.5107498382842 442.165746267479 193785578.446514
-0.3269 -0.00163340368163522 -0.00237740315276895 -5.51055047183926 442.100065081165 193785564.739793
-0.327 -0.00165220729203492 -0.00275429191324136 -5.51101699780592 442.03438389485 193784952.237695
-0.3271 -0.00201180360276651 -0.00256861358646044 -5.5126956669415 441.968702708536 193784898.283531
-0.3272 -0.00259485675838459 -0.00168068174069032 -5.51312266670829 441.903021522222 193785279.893441
-0.3273 -0.00179539719694254 -0.00298345832234509 -5.51365209476601 441.837340335908 193784585.966739
-0.3274 -0.00191524091006413 -0.00169013608773583 -5.51395349620923 441.771659149593 193784976.622209
-0.3275 -0.00177179351627506 -0.00210803537732231 -5.51416774697506 441.705977963279 193785360.302676
-0.3276 -0.00245930004263596 -0.00247103663673636 -5.51516657275974 441.640296776965 193784033.345622
-0.3277 -0.00112388884219338 -0.00221865002560408 -5.51383591109959 441.574615590651 193786083.092763
-0.3278 -0.00413095783427799 -0.00223080948311078 -5.51569955534153 441.508934404336 193784035.215636
-0.3279 -0.000475452566232409 -0.00321471647847493 -5.51344660367171 441.443253218022 193787168.697317
-0.328 -0.0028004673002236 -0.00144559432630185 -5.5140806749121 441.377572031708 193786124.095725
-0.328100000000001 -0.00272700862127695 -0.00107443849084957 -5.51626005930804 441.311890845394 193785438.780966
-0.3282 -0.00144957699113345 -0.00247852033532142 -5.51639295422463 441.24620965908 193785044.799132
-0.3283 -0.00249612685492029 -0.00229853600864392 -5.51739729123562 441.180528472765 193784766.119974
-0.3284 -0.00136969519977731 -0.00200607368644433 -5.51596818611907 441.114847286451 193785361.45513
-0.3285 -0.00317152175224068 -0.00309709849411994 -5.51570756862845 441.049166100137 193784159.660207
-0.3286 -0.00186800091539403 -0.00235883762172108 -5.51513421302103 440.983484913823 193786093.258129
-0.3287 -0.00283038272145328 -0.00186799418382262 -5.51539069727582 440.917803727508 193785525.779452
-0.3288 -0.00141377471677033 -0.00181235955252549 -5.51571434787451 440.852122541194 193786156.654123
-0.3289 -0.00268543443879706 -0.00215310990923163 -5.51654072895518 440.78644135488 193784809.890283
-0.329 -0.00189318253444819 -0.00225927977633631 -5.51750112181724 440.720760168566 193785208.086876
-0.3291 -0.00285597304491871 -0.00277423840703899 -5.51735171765251 440.655078982251 193784856.884208
-0.3292 -0.0014673059584974 -0.00129858010138716 -5.51782134393793 440.589397795937 193785959.590703
-0.3293 -0.00377736902678352 -0.00283833985026612 -5.5193120372061 440.523716609623 193783860.716214
-0.3294 -0.000257624976537609 -0.00113727770578702 -5.51817398898514 440.458035423309 193786643.828673
-0.3295 -0.00379419234854186 -0.00325758235745287 -5.5201410628098 440.392354236994 193782997.768931
-0.3296 -0.00123429270309684 -0.00202096167850782 -5.51848850810235 440.32667305068 193785250.824396
-0.3297 -0.00312458301446536 -0.00228084941721396 -5.52098940997518 440.260991864366 193782764.142568
-0.3298 -0.000364123691187558 -0.00249087218741409 -5.52092286241435 440.195310678052 193784567.579645
-0.3299 -0.00399405016641861 -0.00203171884848013 -5.52118616386911 440.129629491737 193783142.230085
-0.33 -0.000708069237141413 -0.00197162962190965 -5.52130704313727 440.063948305423 193784898.420013
-0.3301 -0.00288109209096318 -0.00247355098231284 -5.52254434595996 439.998267119109 193782135.09114
-0.3302 -0.00192414572034057 -0.00169877996119394 -5.52116417262107 439.932585932795 193783927.611891
-0.3303 -0.00201975432916125 -0.00182314798749837 -5.52077134620318 439.86690474648 193784556.897753
-0.3304 -0.00240838392534712 -0.00306450099931432 -5.52287778755657 439.801223560166 193781865.064592
-0.3305 -0.00239908824247179 -0.0014508167106913 -5.52094810028749 439.735542373852 193784331.999408
-0.3306 -0.002029366984186 -0.00289635386251596 -5.5222575040735 439.669861187538 193782771.036666
-0.3307 -0.0017783621087953 -0.00163564027449526 -5.52095861173638 439.604180001223 193784837.092204
-0.3308 -0.00317252305914228 -0.00232171376124265 -5.52187440643484 439.538498814909 193783479.900545
-0.3309 -0.00232384657218016 -0.00259474424472238 -5.52067944795525 439.472817628595 193784133.329487
-0.331 -0.00207247731739539 -0.00191694122048195 -5.520812300045 439.407136442281 193784277.355512
-0.3311 -0.00200537809263487 -0.00225663319682233 -5.52162578684194 439.341455255966 193785098.666799
-0.3312 -0.00169727089091957 -0.00264644886720523 -5.52191802802313 439.275774069652 193784582.680179
-0.3313 -0.00251740609606741 -0.00307163410275117 -5.52234466435334 439.210092883338 193783936.400657
-0.3314 -0.00217686188653214 -0.001304588163541 -5.52291030442279 439.144411697024 193785008.489017
-0.3315 -0.00191029753558228 -0.00255018154771534 -5.52421254908 439.07873051071 193783320.833729
-0.3316 -0.00156006637490075 -0.0025319498735777 -5.52401921741555 439.013049324395 193784005.099191
-0.3317 -0.00252580460333203 -0.00170241797143152 -5.52475866191385 438.947368138081 193784512.397804
-0.3318 -0.00104598703717956 -0.00297708610510406 -5.52572070352185 438.881686951767 193783354.052831
-0.3319 -0.00216916848469675 -0.00200129431536927 -5.52709965253811 438.816005765453 193782424.030544
-0.332 -0.00267050247289885 -0.0030737267971277 -5.52777532171247 438.750324579138 193782082.572737
-0.332100000000001 -0.00209467134191367 -0.000930078451700852 -5.52739395375936 438.684643392824 193783254.145304
-0.3322 -0.00285433727096277 -0.00235546857509534 -5.52896053642352 438.61896220651 193782024.778165
-0.3323 -0.00219648250616603 -0.00271371350374828 -5.52751547653169 438.553281020196 193783241.681794
-0.3324 -0.00126175926034339 -0.0030011990232712 -5.52891248207381 438.487599833881 193782405.372536
-0.3325 -0.0017517820106657 -0.00333306349902068 -5.52989394904178 438.421918647567 193781186.450153
-0.3326 -0.00260446808008117 -0.000852784742863673 -5.53073947173692 438.356237461253 193781873.662548
-0.3327 -0.00161306521878467 -0.00211697399693339 -5.53076754262671 438.290556274939 193781900.432825
-0.3328 -0.00147183629103571 -0.00352972381259592 -5.53255183742387 438.224875088624 193779900.040123
-0.3329 -0.00327130969990383 -0.000881257050237658 -5.53202109293871 438.15919390231 193780542.025252
-0.333 -0.00202544687483962 -0.00262963520998816 -5.53256606681727 438.093512715996 193779788.358093
-0.3331 -0.00278626849139552 -0.000359641921517379 -5.53224704032134 438.027831529682 193780261.500248
-0.3332 -0.00205274011806988 -0.00316220795053507 -5.53299551151475 437.962150343367 193779343.159884
-0.3333 -0.00178110388769687 -0.00193274857416393 -5.53247695608069 437.896469157053 193780091.898217
-0.3334 -0.00202124239007528 -0.00195550887086695 -5.53245213220815 437.830787970739 193780382.03702
-0.3335 -0.00326793332453332 -0.00150997841546609 -5.53482889348538 437.765106784425 193778686.49358
-0.3336 -0.00102820253850196 -0.00237613581593178 -5.53492871777865 437.69942559811 193779724.994442
-0.3337 -0.00291316967083886 -0.00238846313784357 -5.53608307659003 437.633744411796 193778038.922125
-0.3338 -0.00256531493058478 -0.00241430167987918 -5.53486378148686 437.568063225482 193779348.038746
-0.3339 -0.00176520633095515 -0.00215952045443881 -5.53502782273749 437.502382039168 193779479.475676
-0.334 -0.00232260606305495 -0.00262009944460729 -5.53697326359638 437.436700852854 193778264.083119
-0.3341 -0.00275278957500001 -0.00139088280272966 -5.53600852296042 437.371019666539 193779060.186616
-0.3342 -0.00173159330162749 -0.0019586224775766 -5.53640090089916 437.305338480225 193779367.707041
-0.3343 -0.00253497983259661 -0.000966840271793328 -5.53692042714879 437.239657293911 193779230.383366
-0.3344 -0.00173441710079138 -0.00373409470836191 -5.53726191297138 437.173976107596 193778262.919889
-0.3345 -0.00291196253816058 -0.00178823588539792 -5.5379954678624 437.108294921282 193778387.411727
-0.3346 -0.00186041133461052 -0.00186320929851637 -5.53939340987424 437.042613734968 193777567.869676
-0.3347 -0.00262684281934602 -0.00235109492772722 -5.54019408975093 436.976932548654 193777546.949617
-0.3348 -0.00117261411645477 -0.00265567467683299 -5.5388486463718 436.911251362339 193778082.91255
-0.3349 -0.00269263069940937 -0.00237933988409806 -5.54029110969193 436.845570176025 193777508.765948
-0.335 -0.00232311903040502 -0.00165697327620526 -5.53972506594211 436.779888989711 193778291.168252
-0.3351 -0.000531305245299593 -0.00367424864258781 -5.53958940221642 436.714207803397 193778842.117774
-0.3352 -0.00231957567443351 -0.000990515132669812 -5.53987784273148 436.648526617083 193778899.791942
-0.3353 -0.00255292003772953 -0.00296435307071289 -5.54078729004497 436.582845430768 193777077.163479
-0.3354 -0.00233874910011376 -0.00138883092057337 -5.54152020621141 436.517164244454 193777423.249804
-0.3355 -0.00238559849623924 -0.00291573988769748 -5.54364009374634 436.45148305814 193775627.1824
-0.3356 -0.00177031371021084 -0.00182696876995731 -5.5428589491326 436.385801871826 193777281.670452
-0.3357 -0.00202882619753039 -0.00207737859772648 -5.54287226933874 436.320120685511 193777253.464875
-0.3358 -0.00211033612254302 -0.00199411700826403 -5.54454070961687 436.254439499197 193776548.807032
-0.3359 -0.00207719811473188 -0.00182533911221205 -5.54414780912199 436.188758312883 193776803.086438
-0.336 -0.00263997692901327 -0.00231728355296608 -5.54468423172109 436.123077126569 193775606.012409
-0.336100000000001 -0.00152059311122367 -0.00240384789819256 -5.54584227453909 436.057395940254 193775492.35272
-0.3362 -0.00245419972300382 -0.00240358815358629 -5.54599304910541 435.99171475394 193774520.178208
-0.3363 -0.00201664755072524 -0.00282273250403497 -5.54688344174992 435.926033567626 193774066.653087
-0.3364 -0.00187835314053879 -0.0028854526824681 -5.54567089507607 435.860352381312 193775586.733245
-0.3365 -0.00340266986592812 -0.000944369274513044 -5.54544706375489 435.794671194997 193775729.1148
-0.3366 -0.00163274111048645 -0.00351219878315164 -5.54653571224488 435.728990008683 193774649.956109
-0.3367 -0.0014261460724503 -0.0022454815865771 -5.54634505295062 435.663308822369 193776150.134834
-0.3368 -0.00246322588644353 -0.00269980513212479 -5.54746045719773 435.597627636055 193774146.275407
-0.3369 -0.00162625770650228 -0.00132621600088199 -5.54684923560838 435.53194644974 193776385.222027
-0.337 -0.00303968869137428 -0.00245844294218659 -5.54783226388799 435.466265263426 193773428.737756
-0.3371 -0.00126526159020003 -0.00164456872761225 -5.54630233357491 435.400584077112 193776701.02077
-0.3372 -0.00288830570051395 -0.00232910467020844 -5.54805214424024 435.334902890798 193774071.973665
-0.3373 -0.0023926266646162 -0.00288232444391047 -5.54747885054313 435.269221704483 193775045.27721
-0.3374 -0.00275129638079772 -0.00211294290663455 -5.54616973618169 435.203540518169 193775696.785204
-0.3375 -0.00240773212080068 -0.00166057864265575 -5.54597862385506 435.137859331855 193776344.687169
-0.3376 -0.000579119662155728 -0.0029148452557679 -5.5473194760283 435.072178145541 193776006.240746
-0.3377 -0.00291632025238456 -0.00175600545291493 -5.54752462177714 435.006496959226 193775036.510487
-0.3378 -0.00212596485527316 -0.00296227292340482 -5.54802844521006 434.940815772912 193774774.760003
-0.3379 -0.00156804386960513 -0.00206855605123544 -5.54783655519211 434.875134586598 193775943.018966
-0.338 -0.00207333934361313 -0.0026454761953241 -5.54948909870164 434.809453400284 193774370.280475
-0.3381 -0.00213392282589789 -0.00115697129747591 -5.54894248724662 434.74377221397 193775639.48746
-0.338200000000001 -0.00226586246192747 -0.00342930981450312 -5.55053374033189 434.678091027655 193773836.967563
-0.3383 -0.00157163392549083 -0.00308502937753588 -5.54985454238221 434.612409841341 193774586.398118
-0.3384 -0.00163577536338811 -0.00246175079750649 -5.54967627505731 434.546728655027 193776041.661274
-0.3385 -0.00365808170721919 -0.00101875592756071 -5.55096572635499 434.481047468713 193774113.888359
-0.3386 -0.00148799289422646 -0.00278693620407348 -5.55038655067284 434.415366282398 193775651.13221
-0.3387 -0.00196274161389379 -0.00252455322865447 -5.55031634979634 434.349685096084 193774840.765939
-0.3388 -0.00269556135149472 -0.00141774120276656 -5.54959972328626 434.28400390977 193775744.340717
-0.3389 -0.00226231221520517 -0.00256780627578249 -5.55023238727161 434.218322723456 193775219.908348
-0.339 -0.00241476796186012 -0.00166498928651251 -5.55135296069588 434.152641537141 193774651.973652
-0.3391 -0.000935900035930549 -0.00313343595915169 -5.55127822978319 434.086960350827 193775318.568301
-0.3392 -0.00212017727858122 -0.00331977581626948 -5.55091657841652 434.021279164513 193773942.398768
-0.3393 -0.00210168935741401 -0.00120306248385565 -5.55083401917095 433.955597978199 193775803.335508
-0.3394 -0.00225749729128332 -0.00240250420664302 -5.55092411485217 433.889916791884 193774409.571876
-0.3395 -0.0024177223520893 -0.00198082423285966 -5.55161919606253 433.82423560557 193774140.940972
-0.3396 -0.00193185182804986 -0.00282919342075214 -5.5511399677854 433.758554419256 193775007.250604
-0.3397 -0.00243241096631874 -0.00172143374399 -5.55138541144409 433.692873232942 193775714.612516
-0.3398 -0.00152747165298845 -0.00296528620642529 -5.55110539361001 433.627192046627 193775160.207573
-0.3399 -0.00249352786788781 -0.00201232586817046 -5.55142265378928 433.561510860313 193775491.284839
-0.34 -0.00268051393452762 -0.00278744334855964 -5.55039162050383 433.495829673999 193775297.586755
-0.3401 -0.00250758644041498 -0.00291376741109661 -5.55026108825644 433.430148487685 193775950.366379
-0.3402 -0.0022060515443456 -0.00201125914796915 -5.55002807098095 433.36446730137 193776777.208788
-0.3403 -0.00159614104650502 -0.00229078047879972 -5.55051326073472 433.298786115056 193776241.827717
-0.3404 -0.00226716339359714 -0.00228303036660039 -5.55036171977836 433.233104928742 193776177.622988
-0.3405 -0.00258242528176378 -0.00200646187620511 -5.55139700571757 433.167423742428 193775953.033792
-0.3406 -0.0024351079546597 -0.00261136891626582 -5.55056635778399 433.101742556113 193775729.046899
-0.3407 -0.00245424052051929 -0.00213985152712487 -5.55157077783424 433.036061369799 193776178.539565
-0.3408 -0.00293308361020587 -0.00233212444437828 -5.55213475281068 432.970380183485 193775450.464762
-0.3409 -0.0025713949911156 -0.00180352858189612 -5.55304001000216 432.904698997171 193775562.162903
-0.341 -0.0026359794430566 -0.00251539946045473 -5.55343954459729 432.839017810856 193774849.837049
-0.3411 -0.00216611229793529 -0.00175354162111515 -5.55257973455692 432.773336624542 193776682.047007
-0.3412 -0.00223783207525049 -0.00321357228700724 -5.55282389641396 432.707655438228 193774553.962948
-0.3413 -0.00124158202729698 -0.0028543487648416 -5.55186830747379 432.641974251914 193776521.463154
-0.3414 -0.00298726630995312 -0.00166618932856181 -5.55161449351105 432.5762930656 193776526.504836
-0.3415 -0.00246203632922426 -0.00250017235855167 -5.5526284177234 432.510611879285 193776012.994224
-0.3416 -0.00144189489770498 -0.0018694171475312 -5.55331277545628 432.444930692971 193776963.483489
-0.3417 -0.0017111718501798 -0.0037974657366027 -5.55355559635245 432.379249506657 193775933.867355
-0.3418 -0.00186623185054704 -0.00166018620794459 -5.55347062294743 432.313568320343 193776677.244056
-0.3419 -0.00323897806968812 -0.00264506957573864 -5.55416717465677 432.247887134028 193774929.078555
-0.342 -0.00163453120921412 -0.00125844200037013 -5.55356556650405 432.182205947714 193777385.231955
-0.3421 -0.00285818723209736 -0.0032425825215844 -5.55407727229427 432.1165247614 193776005.782308
-0.342200000000001 -0.00229298143154635 -0.00150264739519352 -5.55363245314301 432.050843575086 193776873.924946
-0.3423 -0.00290623356269533 -0.00219082557497236 -5.55426287367361 431.985162388771 193775805.913027
-0.3424 -0.0015599905792948 -0.00153551423204368 -5.55354002109537 431.919481202457 193777526.475824
-0.3425 -0.00201679029672715 -0.00327420003556961 -5.55496535542487 431.853800016143 193775842.006074
-0.3426 -0.00123817147936458 -0.0012977891654065 -5.55330316608794 431.788118829829 193777444.491081
-0.3427 -0.00267303723549453 -0.00290485345099176 -5.55321009126379 431.722437643514 193776396.887993
-0.3428 -0.00112262166354234 -0.00250275770849723 -5.55186462163185 431.6567564572 193778484.988048
-0.3429 -0.00289354358818408 -0.00193536273747089 -5.55135477674046 431.591075270886 193777791.164991
-0.343 -0.00153604701652612 -0.00248202190367942 -5.55230601631957 431.525394084572 193777911.045998
-0.3431 -0.00139443988858196 -0.00343349748249211 -5.55101341574409 431.459712898257 193778411.402974
-0.3432 -0.00151088301484702 -0.00264792636914493 -5.55060334615275 431.394031711943 193778971.397511
-0.3433 -0.00208260400147177 -0.00197531315905597 -5.54936504446268 431.328350525629 193778912.346062
-0.3434 -0.00185746166530649 -0.00269967999933646 -5.55029363992927 431.262669339315 193778388.211548
-0.3435 -0.00264089352302958 -0.00246175644328565 -5.5510641981078 431.196988153 193777458.348514
-0.3436 -0.00234901050238934 -0.00162107708153874 -5.55067403723475 431.131306966686 193778131.342922
-0.3437 -0.00191474258619614 -0.00390692523532723 -5.55113009079447 431.065625780372 193777576.396857
-0.3438 -0.00203696699190723 -0.00146276697136306 -5.5506682618076 430.999944594058 193778460.461516
-0.3439 -0.00289017308850415 -0.00268700933803022 -5.55184982652697 430.934263407744 193777061.004738
-0.344 -0.00247970085935864 -0.00194628176131885 -5.55071150092199 430.868582221429 193778195.52263
-0.3441 -0.00229111896766849 -0.00250564910113121 -5.55089228160171 430.802901035115 193778395.350205
-0.3442 -0.00129871761946569 -0.00155358733766355 -5.55093031835149 430.737219848801 193778289.716679
-0.3443 -0.00341300987001214 -0.003002723812466 -5.55190596851838 430.671538662486 193776454.826902
-0.3444 -0.000815617904794374 -0.00251820919499138 -5.55171362207376 430.605857476172 193777914.212964
-0.3445 -0.00260313075867411 -0.00123639635542163 -5.55101884238114 430.540176289858 193777958.65275
-0.3446 -0.00206356069456186 -0.00404474300580292 -5.55130739287608 430.474495103544 193776831.881085
-0.3447 -0.00188506826798194 -0.00236753798531833 -5.54990957798886 430.40881391723 193778920.128867
-0.3448 -0.00281774516441503 -0.00180559005058637 -5.54736747206079 430.343132730915 193780064.994649
-0.3449 -0.00290464863096153 -0.00209906186067549 -5.5484195808175 430.277451544601 193779158.596676
-0.345 -0.00112037817029493 -0.00330530978025005 -5.54824895327603 430.211770358287 193780072.971922
-0.3451 -0.00200420357497919 -0.00327071791835968 -5.55001341213622 430.146089171973 193778444.684585
-0.3452 -0.00232998125137121 -0.00175180626705038 -5.5500920550582 430.080407985658 193778861.039594
-0.3453 -0.00238482338061605 -0.0024311066594779 -5.55049269070704 430.014726799344 193779368.908156
-0.3454 -0.00197896521881054 -0.00254502951529376 -5.54856666679531 429.94904561303 193780067.111848
-0.3455 -0.00228150204355067 -0.00218975792831879 -5.54960383272093 429.883364426716 193780927.767037
-0.3456 -0.00302134335823121 -0.00146258808872041 -5.55004756970443 429.817683240401 193779375.370169
-0.3457 -0.00181387787299627 -0.00229306422519613 -5.54862533418563 429.752002054087 193780340.778539
-0.345800000000001 -0.00122084583277181 -0.00370404322211461 -5.54937760795424 429.686320867773 193779672.491855
-0.3459 -0.00311340231164412 -0.00211006961434687 -5.54982005593133 429.620639681459 193779910.8349
-0.346 -0.00213428793938056 -0.00248834789005133 -5.55067058238712 429.554958495144 193779864.115731
-0.3461 -0.0018568883565912 -0.00266764800048361 -5.55068002750533 429.48927730883 193779657.102013
-0.346200000000001 -0.00188193403633574 -0.00215743652804086 -5.55091457308037 429.423596122516 193780181.01484
-0.3463 -0.00248598734289584 -0.00217124256517282 -5.55056993034223 429.357914936202 193779959.973472
-0.3464 -0.00170983045957306 -0.00254644783810012 -5.54969939077608 429.292233749887 193780865.881925
-0.3465 -0.00333157454632019 -0.00201859188403309 -5.54939761148992 429.226552563573 193780815.224529
-0.3466 -0.00144390696033986 -0.00171713803857671 -5.54983518286267 429.160871377259 193781746.439569
-0.3467 -0.00183774906906771 -0.00287495803723326 -5.55018850793807 429.095190190945 193780247.43277
-0.3468 -0.00301600424466299 -0.00171994877205005 -5.5515491735938 429.02950900463 193779742.887158
-0.3469 -0.00214838638486165 -0.00121635811163048 -5.55087385891041 428.963827818316 193780839.69125
-0.347 -0.00249381952901801 -0.00242402012150432 -5.55293836202298 428.898146632002 193778819.415244
-0.3471 -0.000982454913934944 -0.00278581683265464 -5.55241399369074 428.832465445688 193780738.913296
-0.3472 -0.0036091338435418 -0.00109913250462335 -5.55373980125253 428.766784259373 193778466.659396
-0.3473 -0.00152759078981825 -0.00381109819840336 -5.55305459133852 428.701103073059 193779446.995666
-0.3474 -0.00226750392372194 -0.00200743248664719 -5.55509899352249 428.635421886745 193778662.97948
-0.3475 -0.00199685984266058 -0.00268073978692408 -5.5554331768309 428.569740700431 193777744.517977
-0.3476 -0.00185826892131464 -0.00219472435141731 -5.55484089240654 428.504059514116 193779619.465552
-0.3477 -0.00215257296678913 -0.00333014386799585 -5.55651533462876 428.438378327802 193777795.513034
-0.3478 -0.00142993227941333 -0.00209424675217648 -5.55699780751576 428.372697141488 193779185.887612
-0.347900000000001 -0.00291929413357359 -0.00267551925947156 -5.55854548815072 428.307015955174 193776663.419354
-0.348 -0.00158824020163748 -0.00229910204682269 -5.55802824059183 428.24133476886 193778317.490463
-0.3481 -0.00313116811595345 -0.00175634118968938 -5.5581395634396 428.175653582545 193777047.409843
-0.3482 -0.00121124090440084 -0.00358015817621176 -5.5586629382383 428.109972396231 193777597.168494
-0.3483 -0.00349232196949114 -0.00151792626324343 -5.55808525297201 428.044291209917 193777932.221839
-0.3484 -0.00161541947419766 -0.0022411651942451 -5.56006461651424 427.978610023603 193777342.701129
-0.3485 -0.00255757699961499 -0.00187816035975603 -5.56032472496547 427.912928837288 193777362.379924
-0.3486 -0.00301500811587127 -0.0022554717156323 -5.56127220485425 427.847247650974 193776637.507053
-0.3487 -0.000900752368378352 -0.00304274197805918 -5.56034516691919 427.78156646466 193777673.784326
-0.3488 -0.00284488419984413 -0.00112445451977415 -5.56216291955053 427.715885278346 193777069.090772
-0.3489 -0.00206103112023429 -0.00224798367094493 -5.56191731207284 427.650204092031 193777471.506894
-0.349 -0.00225439780059713 -0.00252673504728444 -5.56343924049581 427.584522905717 193776179.754591
-0.3491 -0.00355339548760099 -0.00150530375449779 -5.56381321805907 427.518841719403 193775885.547294
-0.3492 -0.00215755680640206 -0.00194480565580967 -5.56391148140602 427.453160533089 193775663.810753
-0.3493 -0.00195802324168984 -0.00169418133851966 -5.56376982140351 427.387479346774 193776946.913589
-0.3494 -0.00178791596232268 -0.00267799550749499 -5.56437007875516 427.32179816046 193776069.146578
-0.3495 -0.00320346592111915 -0.00122634134647397 -5.5650719107671 427.256116974146 193776835.099638
-0.3496 -0.00169513252476971 -0.00224894204223806 -5.56596862025528 427.190435787832 193776341.21165
-0.3497 -0.00265608072028459 -0.00251706714136715 -5.5655076024236 427.124754601517 193774991.044345
-0.349800000000001 -0.00156047709241137 -0.00255955165185438 -5.56434423667962 427.059073415203 193776095.175385
-0.3499 -0.0018141178415582 -0.00303678770726658 -5.5648017881385 426.993392228889 193776268.997448
-0.35 -0.00281750056943417 -0.00160726071691269 -5.56377957325925 426.927711042575 193777700.401608
-0.3501 -0.00238036587640338 -0.00230237759064268 -5.56350591657893 426.86202985626 193777955.583443
-0.3502 -0.00265098193629165 -0.00231569872861818 -5.56446209037585 426.796348669946 193776713.143386
-0.3503 -0.00138139571925806 -0.00298462895509848 -5.56481356609435 426.730667483632 193776570.837409
-0.3504 -0.00247746406523781 -0.00259966380530351 -5.56499617955757 426.664986297318 193776287.321446
-0.3505 -0.00212761896963205 -0.00271842396615083 -5.56487832387849 426.599305111004 193777006.302183
-0.3506 -0.00144729516251038 -0.00184583364020443 -5.56350812622613 426.533623924689 193778753.783855
-0.3507 -0.00342196329353436 -0.00178928689762843 -5.56374479199338 426.467942738375 193777806.973256
-0.3508 -0.00180702934821572 -0.00285438285404636 -5.56339741929426 426.402261552061 193778787.866318
-0.3509 -0.00245788557158709 -0.00143260694427791 -5.56445404596379 426.336580365747 193778177.035074
-0.351 -0.00256518164575467 -0.00303151399510446 -5.56437505942493 426.270899179432 193777154.277811
-0.3511 -0.00265887488301342 -0.00230656543403775 -5.56480709618597 426.205217993118 193777366.73795
-0.3512 -0.00191717948917945 -0.00326271355779425 -5.5639053966477 426.139536806804 193777302.471436
-0.3513 -0.00215093906164439 -0.00165999549700045 -5.56516220559184 426.07385562049 193777849.829409
-0.3514 -0.00160698178177216 -0.00285804390131616 -5.56600531833426 426.008174434175 193776575.818008
-0.3515 -0.00169006823456815 -0.00205272361253861 -5.56516827453811 425.942493247861 193778071.468629
-0.3516 -0.00203969031415177 -0.00266643122320516 -5.56595219002684 425.876812061547 193777202.640878
-0.3517 -0.00304492701581717 -0.00246631211656055 -5.56546468607858 425.811130875233 193777141.266147
-0.3518 -0.00202993548895117 -0.00173350455941299 -5.56372203612611 425.745449688918 193779321.850681
-0.351900000000001 -0.00316933899335714 -0.00258203187885024 -5.56637938978431 425.679768502604 193776370.781686
-0.352 -0.0014915899261118 -0.00173810093244231 -5.56583337430705 425.61408731629 193778363.977367
-0.3521 -0.00244875885771311 -0.00188864323873268 -5.56742521783215 425.548406129976 193776996.261299
-0.3522 -0.00186901925860934 -0.00320548764737444 -5.56658393349225 425.482724943661 193777054.823769
-0.352300000000001 -0.00262976087889203 -0.000851367903535394 -5.56478934539442 425.417043757347 193778654.537935
-0.3524 -0.00185522773067368 -0.00342392768844222 -5.56602779971242 425.351362571033 193776982.580834
-0.3525 -0.00234704933140331 -0.00240766181992887 -5.56515378565256 425.285681384719 193778158.664765
-0.3526 -0.00314967268903286 -0.00190254385095917 -5.564569991001 425.220000198404 193778303.450886
-0.3527 -0.00147739922485194 -0.00234584707525996 -5.56367645874904 425.15431901209 193779233.831218
-0.3528 -0.00262550601622278 -0.00307217951092745 -5.56438128727276 425.088637825776 193777874.585646
-0.3529 -0.00270832092631914 -0.00178923468016975 -5.56291836384355 425.022956639462 193780030.880024
-0.353 -0.000989743200668631 -0.00307919466033692 -5.56352739449806 424.957275453147 193779826.260576
-0.3531 -0.00302215353688777 -0.0012227628905854 -5.56232933564907 424.891594266833 193780610.99692
-0.3532 -0.00111791244038103 -0.00314620864092786 -5.56262826322886 424.825913080519 193780448.708674
-0.3533 -0.00331057693890835 -0.00278122623900002 -5.56210307963279 424.760231894205 193780152.700611
-0.3534 -0.00106777926979525 -0.00212939800245276 -5.56328940487593 424.69455070789 193780648.947605
-0.3535 -0.00265525217951414 -0.00237655180333551 -5.56356026528071 424.628869521576 193779996.828977
-0.3536 -0.00237858432908998 -0.00196179617152971 -5.56335517948492 424.563188335262 193780909.331294
-0.3537 -0.00151180804097771 -0.00291425574274346 -5.56298834693423 424.497507148948 193781238.531802
-0.3538 -0.00280359391506311 -0.0022014768643342 -5.56157827992455 424.431825962634 193781582.049611
-0.3539 -0.00184998246596271 -0.0018953380318637 -5.56150851381352 424.366144776319 193782574.161508
-0.354 -0.00293198109411307 -0.00303964867577117 -5.56148077391734 424.300463590005 193781152.972433
-0.3541 -0.0009116956845741 -0.00257664897516288 -5.55941818229007 424.234782403691 193783588.56433
-0.3542 -0.00317176978242526 -0.001684757659946 -5.56021273404474 424.169101217377 193782890.685351
-0.3543 -0.00186295261649992 -0.00242119177690123 -5.55947437609964 424.103420031062 193783159.719826
-0.3544 -0.00227905153974817 -0.00250912759381056 -5.55953349580913 424.037738844748 193782883.894644
-0.3545 -0.00266771943981199 -0.00293331598039266 -5.56051836958468 423.972057658434 193782627.10099
-0.3546 -0.00276376243022332 -0.00158684399160821 -5.56041445518842 423.90637647212 193783982.43103
-0.3547 -0.00118962158438544 -0.00251072516534236 -5.56059689085934 423.840695285805 193783795.705131
-0.3548 -0.00364905783102398 -0.00130715342447405 -5.56048898003371 423.775014099491 193782509.386861
-0.3549 -0.001885315751996 -0.00341072758329883 -5.55983916593466 423.709332913177 193783439.881461
-0.355 -0.00250458879533962 -0.00246012857660935 -5.55816073405558 423.643651726863 193784634.273558
-0.3551 -0.00185763073429824 -0.00272356091934189 -5.5578352978805 423.577970540548 193785229.949958
-0.3552 -0.00256463381052603 -0.00230917810023432 -5.55598687148182 423.512289354234 193785656.060872
-0.3553 -0.0021372160003235 -0.00238157170912404 -5.55652227973405 423.44660816792 193786022.370797
-0.3554 -0.00143371276123082 -0.00270051839760689 -5.55729510024482 423.380926981606 193785538.331478
-0.3555 -0.00321095822529556 -0.00198303484809946 -5.55770959711832 423.315245795291 193785123.326546
-0.3556 -0.00276021445167247 -0.00116520707526542 -5.55671393361665 423.249564608977 193785925.388727
-0.3557 -0.00270367094063484 -0.00419325586150932 -5.55704962559139 423.183883422663 193785218.735117
-0.3558 -0.00159347152277049 -0.00242448244674941 -5.55505190057552 423.118202236349 193787713.87702
-0.3559 -0.00293467262459323 -0.00226835095452946 -5.55710527826243 423.052521050034 193785674.057162
-0.356 -0.00214176152822325 -0.00231974092836291 -5.55580805350697 422.98683986372 193788098.937958
-0.3561 -0.00163025438241359 -0.00289689578622548 -5.55596710303305 422.921158677406 193788093.872808
-0.3562 -0.00295603777952969 -0.00231316910205734 -5.55674077530968 422.855477491092 193786544.813264
-0.356300000000001 -0.00229048605811161 -0.00247884640781081 -5.55695255842627 422.789796304777 193786363.643167
-0.3564 -0.00208394386380474 -0.00274773698727437 -5.55643041020973 422.724115118463 193786442.393902
-0.3565 -0.00261160640719339 -0.0024926881556263 -5.5555584885101 422.658433932149 193786906.991643
-0.3566 -0.00278874306482585 -0.00294648349470417 -5.55515819863267 422.592752745835 193787154.839954
-0.3567 -0.00230078711816634 -0.00114102462618829 -5.55366851336848 422.52707155952 193789299.282097
-0.3568 -0.00243049106082896 -0.00292988720546876 -5.55384676503777 422.461390373206 193788022.817951
-0.3569 -0.00226611515435201 -0.00200942761756528 -5.55334511197947 422.395709186892 193788381.113861
-0.357 -0.00227784022336094 -0.00366911120766127 -5.55197561260699 422.330028000578 193788262.025664
-0.3571 -0.00235584702741614 -0.000630623626257081 -5.55174305631842 422.264346814263 193790337.572885
-0.3572 -0.00249570379178314 -0.00355704771157563 -5.55224897253757 422.198665627949 193788389.782815
-0.3573 -0.00102267403343048 -0.00222671538429954 -5.55223346932543 422.132984441635 193790012.22766
-0.3574 -0.00295190963221261 -0.00238278941810182 -5.55287858297485 422.067303255321 193788199.696533
-0.3575 -0.00299371495235222 -0.00237178788735498 -5.55152804166497 422.001622069006 193789645.462638
-0.3576 -0.0023495844115307 -0.00117929753824368 -5.55116938214459 421.935940882692 193790573.567505
-0.3577 -0.00226363830012977 -0.00315778005108854 -5.55117368092885 421.870259696378 193789670.240991
-0.3578 -0.00155604835395471 -0.00264391846586017 -5.5500023171103 421.804578510064 193791441.487296
-0.3579 -0.00275150793529825 -0.00218516998576675 -5.54961821533555 421.73889732375 193791404.386605
-0.358 -0.00285919998933179 -0.00218337711235984 -5.54954808877728 421.673216137435 193790926.833085
-0.3581 -0.00311676477274844 -0.00237471213983881 -5.54863937728994 421.607534951121 193791868.910046
-0.3582 -0.00128006404029995 -0.00241626190917151 -5.54918279020863 421.541853764807 193792828.520129
-0.3583 -0.00226838568282734 -0.00254944750781662 -5.54828140169163 421.476172578493 193792509.392974
-0.3584 -0.00255529637155038 -0.00298213377077531 -5.54781139473963 421.410491392178 193792582.519066
-0.3585 -0.00242967870153379 -0.00262120373471054 -5.54699078300959 421.344810205864 193793304.815961
-0.3586 -0.00258204268365519 -0.00208263936939097 -5.54707394326374 421.27912901955 193793583.758709
-0.3587 -0.00196371857540569 -0.00266451326059449 -5.54604838398777 421.213447833236 193793892.8771
-0.3588 -0.00370808647549608 -0.00192191476383903 -5.54673074512287 421.147766646921 193793096.454695
-0.3589 -0.00163819128259568 -0.00389450548494478 -5.54770802575195 421.082085460607 193792668.991593
-0.359 -0.00231588954987364 -0.00173220975091737 -5.54768385039712 421.016404274293 193793410.827624
-0.3591 -0.00137706011529934 -0.00311986926999755 -5.54767364517413 420.950723087979 193793004.021185
-0.3592 -0.00359978082017445 -0.0019935038110348 -5.54777524411072 420.885041901664 193793211.356735
-0.3593 -0.00116433545789957 -0.00239283928032594 -5.54845668867902 420.81936071535 193793907.940302
-0.3594 -0.00252069810132358 -0.00293512736522865 -5.54762687046917 420.753679529036 193793093.546998
-0.3595 -0.00190193616323134 -0.00215677568291027 -5.54927628704635 420.687998342722 193792970.137517
-0.3596 -0.00300952470931389 -0.00221586645622395 -5.54948248733683 420.622317156407 193793593.870906
-0.3597 -0.00184573471885128 -0.00256423207259615 -5.54786157260236 420.556635970093 193794775.400284
-0.3598 -0.00284001412477722 -0.00212982023263207 -5.5472037452928 420.490954783779 193794655.106721
-0.3599 -0.00278835888803655 -0.00130287076075358 -5.54776649749832 420.425273597465 193794934.595155
-0.36 -0.00207257177350876 -0.00270500314332038 -5.54879969557067 420.35959241115 193793562.738864
-0.3601 -0.0021507692469232 -0.0031242214295898 -5.54821374413759 420.293911224836 193794138.44663
-0.3602 -0.00279021903419017 -0.000731519721626633 -5.54767504337889 420.228230038522 193794847.745824
-0.3603 -0.00112114887655166 -0.00305098020563263 -5.54834097301917 420.162548852208 193794431.782155
-0.3604 -0.00294033003560167 -0.00192118787694651 -5.54847265652161 420.096867665894 193794088.005335
-0.3605 -0.00125216824309184 -0.00334834721097312 -5.54732862295153 420.031186479579 193794593.67623
-0.3606 -0.0022008942810651 -0.00111829713550706 -5.54561999582384 419.965505293265 193795929.486604
-0.3607 -0.00242908846697678 -0.00305035675667543 -5.54771098882629 419.899824106951 193793182.311863
-0.3608 -0.00227410847328512 -0.00173722974292476 -5.54656988577402 419.834142920637 193795053.888647
-0.3609 -0.00235518776304885 -0.00341739984145782 -5.54669323954719 419.768461734322 193794052.893225
-0.361 -0.00186810092947403 -0.0021630957273891 -5.54672129574681 419.702780548008 193795715.00906
-0.3611 -0.00368857892595536 -0.00300345615576842 -5.547542913435 419.637099361694 193794520.501726
-0.3612 -0.0014382765288245 -0.00157621972452262 -5.54857155460975 419.57141817538 193794980.630849
-0.3613 -0.00246199394959537 -0.00429724381632863 -5.54834810769497 419.505736989065 193793127.972288
-0.3614 -0.00171691240595914 -0.00186888437780643 -5.54671991050327 419.440055802751 193795820.427865
-0.3615 -0.0029047385701506 -0.00222985685494651 -5.54877438809631 419.374374616437 193793983.401843
-0.3616 -0.00214613559217085 -0.00236435922397704 -5.54950507214154 419.308693430123 193793149.622288
-0.3617 -0.00310609095508448 -0.00277912863050201 -5.54922718832075 419.243012243808 193792153.475967
-0.3618 -0.00193021937495771 -0.00302479313751937 -5.54903338517294 419.177331057494 193792728.770948
-0.3619 -0.00237106535554448 -0.00222937609199624 -5.54924050437409 419.11164987118 193793243.384373
-0.362 -0.0020183649267701 -0.00259366916044014 -5.54951694480726 419.045968684866 193793414.009589
-0.3621 -0.0024550103001792 -0.00191451724726025 -5.550755575874 418.980287498551 193792108.834533
-0.3622 -0.00171517644964842 -0.00225851065571073 -5.5498418894759 418.914606312237 193792877.921791
-0.3623 -0.00286075436587969 -0.00279845902867617 -5.5520842006594 418.848925125923 193791386.864029
-0.3624 -0.00240856362619355 -0.0012020769998436 -5.55070336838925 418.783243939609 193792820.101033
-0.3625 -0.00240580189321772 -0.00262267317866107 -5.5523685098119 418.717562753294 193791020.380369
-0.3626 -0.00279178904087415 -0.00200160887916836 -5.55139319252825 418.65188156698 193792847.197111
-0.3627 -0.00181680968166225 -0.00239033099277092 -5.5529728879001 418.586200380666 193791441.706551
-0.3628 -0.00201309677412564 -0.00260130376674765 -5.5521247414687 418.520519194352 193792308.339593
-0.3629 -0.00368212945533244 -0.00179749221702994 -5.55421060442312 418.454838008037 193790227.544659
-0.363 -0.00154498411228664 -0.00280388616975177 -5.5544764838071 418.389156821723 193790274.443426
-0.3631 -0.00320024613400583 -0.00247450011736738 -5.55466903042715 418.323475635409 193789897.005532
-0.3632 -0.00105075415396914 -0.00218138182518039 -5.55485192513828 418.257794449095 193791276.773359
-0.3633 -0.00318228701513406 -0.00141919433232412 -5.55597685300457 418.19211326278 193791098.834154
-0.3634 -0.00247822989832451 -0.00269187321399544 -5.55571056516923 418.126432076466 193790716.999372
-0.3635 -0.00360859251801287 -0.00142065965345113 -5.55580075714716 418.060750890152 193790501.883493
-0.3636 -0.00131338053838637 -0.00341818333681118 -5.55504052976964 417.995069703838 193791389.677135
-0.3637 -0.00292106115087072 -0.00126095781438424 -5.55601005522232 417.929388517524 193789958.681377
-0.3638 -0.00139967851426226 -0.00307375766670565 -5.55604117509171 417.863707331209 193790639.893727
-0.3639 -0.00361589075656785 -0.00158511181447857 -5.55641302183154 417.798026144895 193790827.340821
-0.364 -0.00121493337694917 -0.00255850905315277 -5.55766280313279 417.732344958581 193791453.020936
-0.3641 -0.00321146692201663 -0.00270306306312796 -5.55807206795486 417.666663772266 193789335.705419
-0.3642 -0.00151107316947077 -0.00279740498145904 -5.55718412083583 417.600982585952 193791327.743295
-0.3643 -0.00247531072759696 -0.00206477824169381 -5.55851979216867 417.535301399638 193790856.056919
-0.3644 -0.00248327844823778 -0.00286867828814769 -5.55803454972436 417.469620213324 193790300.36007
-0.3645 -0.00244677664444771 -0.00111976447734463 -5.5594667012053 417.40393902701 193790941.547678
-0.3646 -0.00233069227279736 -0.00380188075196044 -5.56064500669056 417.338257840695 193789480.96974
-0.3647 -0.00196222306988826 -0.0015875461649713 -5.55934475934184 417.272576654381 193790661.219807
-0.3648 -0.00272830660567841 -0.00217707583387061 -5.55995515935453 417.206895468067 193789513.682971
-0.3649 -0.00172321691315622 -0.00244764426975169 -5.5594503637978 417.141214281753 193790580.823808
-0.365 -0.00241329630111161 -0.00252781721979708 -5.55873810139477 417.075533095438 193791034.891479
-0.3651 -0.00227576139301718 -0.00209161597117928 -5.55866837025909 417.009851909124 193791109.828893
-0.3652 -0.00236794790859247 -0.00285776157469052 -5.55868516382169 416.94417072281 193791049.69744
-0.3653 -0.00280460428945665 -0.00235294014691321 -5.55878266542682 416.878489536496 193790526.748915
-0.3654 -0.00138272439063128 -0.00201505086135756 -5.55846339798163 416.812808350181 193791801.112166
-0.3655 -0.00263226295844678 -0.00213254827561168 -5.55912876358406 416.747127163867 193791752.247001
-0.3656 -0.00311983585229993 -0.00138841246437906 -5.55938924805098 416.681445977553 193790948.60239
-0.3657 -0.00177505251928883 -0.00353583423914593 -5.5604385631357 416.615764791239 193789998.628931
-0.3658 -0.0029425390869896 -0.00240509857111914 -5.56023705698817 416.550083604924 193791021.517464
-0.3659 -0.00289453255997906 -0.00213762535299158 -5.55943033056317 416.48440241861 193791600.557735
-0.366 -0.00248859245539459 -0.00237843864293243 -5.56062051377251 416.418721232296 193789989.658886
-0.3661 -0.00152103623742228 -0.00100870807863626 -5.55989674239095 416.353040045982 193792114.208396
-0.3662 -0.00292703856433681 -0.00358354463268855 -5.56230257649728 416.287358859667 193788250.981876
-0.3663 -0.00194209911900165 -0.00276782847253714 -5.56191977743036 416.221677673353 193790233.553654
-0.3664 -0.00298398307158202 -0.00233769050635682 -5.56227976434834 416.155996487039 193790123.680032
-0.3665 -0.00148160058300516 -0.00249513694362131 -5.56086702825801 416.090315300725 193791561.073482
-0.3666 -0.002728050832668 -0.00215795279922086 -5.5625965697483 416.02463411441 193790473.934652
-0.3667 -0.00246653175253412 -0.00231748600067191 -5.56289246062216 415.958952928096 193790495.929364
-0.3668 -0.00292198967272605 -0.00246036232092977 -5.56292578018022 415.893271741782 193789441.76838
-0.3669 -0.00192358771608437 -0.00276534072733515 -5.56294296817847 415.827590555468 193789730.908124
-0.367 -0.00247818326187364 -0.00263560778046305 -5.56126900902957 415.761909369153 193791331.040505
-0.3671 -0.0024092670027289 -0.00134342492520678 -5.56224784307076 415.696228182839 193791373.919088
-0.3672 -0.0027780282079874 -0.00305762812504126 -5.56374763327074 415.630546996525 193789819.230146
-0.3673 -0.00240602299778353 -0.00215313207046452 -5.56184488566806 415.564865810211 193791801.166121
-0.3674 -0.00235194518257942 -0.00336680676899985 -5.56283382946967 415.499184623896 193790648.809288
-0.3675 -0.00162214379131136 -0.00299358647110967 -5.56219781273974 415.433503437582 193791735.39114
-0.3676 -0.00338512844158644 -0.00142381397367223 -5.56285426094818 415.367822251268 193791264.545427
-0.3677 -0.00101014662202846 -0.00332139669911755 -5.56190564920043 415.302141064954 193792728.112761
-0.3678 -0.00333277557321593 -0.00248733155426445 -5.5616685485048 415.23645987864 193791662.990915
-0.3679 -0.00123624349200719 -0.00325184664817877 -5.56060184789943 415.170778692325 193792577.790889
-0.368 -0.00332315789426278 -0.00125888519364522 -5.56062489267564 415.105097506011 193792686.419603
-0.3681 -0.00270315625894 -0.00212674509670145 -5.55945361949569 415.039416319697 193793003.869677
-0.3682 -0.0019924910528625 -0.00269838050445897 -5.55896537388509 414.973735133383 193793722.567545
-0.3683 -0.00280222874781525 -0.0026278304552075 -5.5597796467733 414.908053947068 193792187.216976
-0.3684 -0.00144213572480767 -0.002119929165402 -5.55998752901686 414.842372760754 193793640.191213
-0.3685 -0.00242789307103635 -0.00281465620313964 -5.56102660871189 414.77669157444 193792993.854977
-0.3686 -0.00110528225309794 -0.00167180749155621 -5.56071792095563 414.711010388126 193793926.272313
-0.3687 -0.00317234385672723 -0.00333505898046996 -5.56079552348259 414.645329201811 193791895.154529
-0.3688 -0.0022599914712682 -0.00135452788889932 -5.56070395926671 414.579648015497 193794053.533686
-0.3689 -0.00239198429282575 -0.00285833897053261 -5.56141121958857 414.513966829183 193793091.513527
-0.369 -0.00257327307251435 -0.00256600165181208 -5.56049493575944 414.448285642869 193793618.414336
-0.3691 -0.00256048844634885 -0.00185438928597727 -5.56017565957027 414.382604456554 193794683.296355
-0.3692 -0.00220982161909209 -0.00249802547799563 -5.56067244146329 414.31692327024 193794374.232606
-0.3693 -0.00143343321045277 -0.00243817150242142 -5.56099591250457 414.251242083926 193794559.286792
-0.3694 -0.00279727461818338 -0.00198663701443073 -5.55961866418829 414.185560897612 193794643.648385
-0.3695 -0.002404906021429 -0.00249505133734195 -5.55911084891479 414.119879711297 193794942.045226
-0.3696 -0.00241389795880751 -0.00209490037481725 -5.55863096333241 414.054198524983 193795842.158777
-0.3697 -0.00252911596747494 -0.00160038647404498 -5.5591591484482 413.988517338669 193794972.057884
-0.3698 -0.00256156819440772 -0.00274996298708796 -5.55938915913956 413.922836152355 193794361.420483
-0.3699 -0.001895092374581 -0.00226370390146846 -5.55741899891149 413.85715496604 193796421.797343
-0.37 -0.00244753568386023 -0.00232514757510071 -5.55747538208022 413.791473779726 193795571.225941
-0.3701 -0.00176261507383194 -0.00326294390345506 -5.55776416998623 413.725792593412 193795039.314636
-0.3702 -0.00315444110558308 -0.0015801108972928 -5.55646666046739 413.660111407098 193796285.990017
-0.3703 -0.0020135969282711 -0.00321905795110188 -5.55648228281414 413.594430220784 193796047.132028
-0.3704 -0.00299833277514597 -0.00212083063386773 -5.55788163386407 413.528749034469 193795856.24052
-0.3705 -0.00185238446701553 -0.00325091087109756 -5.55817763657825 413.463067848155 193795109.237372
-0.3706 -0.00296811810149521 -0.00151292496537421 -5.55706680418689 413.397386661841 193796419.590611
-0.3707 -0.00260274692786138 -0.00315724407706053 -5.5579136141638 413.331705475527 193795372.154026
-0.3708 -0.00292784335058984 -0.00267072572404401 -5.55727505088471 413.266024289212 193795595.543788
-0.3709 -0.00241631190910135 -0.00217832318623039 -5.55735878637388 413.200343102898 193795934.932632
-0.371 -0.00267315571566382 -0.00203273601101025 -5.55738535516034 413.134661916584 193795844.889763
-0.3711 -0.0014518542557875 -0.00254262271769646 -5.55688664705886 413.06898073027 193796461.832469
-0.3712 -0.00397291869209696 -0.00187987907893248 -5.55881753683176 413.003299543955 193794036.318842
-0.3713 -0.0012353927680523 -0.00347357365905277 -5.55509189004722 412.937618357641 193798001.216956
-0.3714 -0.00359051448528151 -0.0014172854195222 -5.55543947058674 412.871937171327 193797327.270279
-0.3715 -0.00161055602411259 -0.00258342342750443 -5.55597989252292 412.806255985013 193797706.796186
-0.3716 -0.00285500648976518 -0.00157234568311008 -5.55552193396079 412.740574798698 193796679.180356
-0.3717 -0.00251599783233526 -0.00153776919455315 -5.55688910539937 412.674893612384 193796956.219702
-0.3718 -0.00199848511662583 -0.00361209638110701 -5.55675574926441 412.60921242607 193796627.993714
-0.3719 -0.00248631116687257 -0.00253929128408677 -5.55839723764538 412.543531239756 193795833.193522
-0.372 -0.00168110978576372 -0.00184516874162162 -5.55907312348323 412.477850053441 193796223.350722
-0.3721 -0.00256625216175903 -0.00335098946160497 -5.55970491710672 412.412168867127 193795033.220118
-0.3722 -0.00206871901734174 -0.00120318540229143 -5.55858105503688 412.346487680813 193796400.021134
-0.3723 -0.00353366475455955 -0.00252259846500456 -5.55966552522302 412.280806494499 193794389.812653
-0.3724 -0.00166974741043125 -0.00315211297176609 -5.55871806565643 412.215125308184 193796350.27182
-0.3725 -0.00321089326550821 -0.00205034144377277 -5.55938183771176 412.14944412187 193796016.434168
-0.3726 -0.00141726539045219 -0.00200354483038704 -5.56013339629704 412.083762935556 193796500.014721
-0.3727 -0.00217874552083951 -0.00253516291739323 -5.55950970830515 412.018081749242 193796797.591775
-0.3728 -0.00190303102089808 -0.00235279592678508 -5.55940846216776 411.952400562927 193797308.793421
-0.3729 -0.00291145099025099 -0.00186129770056536 -5.5599554007121 411.886719376613 193796641.462929
-0.373 -0.00162539696147124 -0.00132657150125942 -5.56136170986223 411.821038190299 193797515.361524
-0.3731 -0.00366460023165085 -0.00306516066553588 -5.56186953882517 411.755357003985 193795637.788228
-0.3732 -0.000759838277284405 -0.00242642506633928 -5.5626395252453 411.68967581767 193798208.498309
-0.3733 -0.00354006429187172 -0.00292010131386142 -5.56501245228666 411.623994631356 193794366.728892
-0.3734 -0.0023141030507841 -0.00260017976212563 -5.56402305095573 411.558313445042 193796393.276931
-0.3735 -0.00220624544142642 -0.0024873293040415 -5.56538466128564 411.492632258728 193795515.392966
-0.3736 -0.0018457610125747 -0.00348893831491143 -5.56601716659656 411.426951072414 193794462.990145
-0.3737 -0.0027642129364262 -0.00237047388819303 -5.56527415042037 411.361269886099 193796063.465854
-0.3738 -0.00217325381069416 -0.00144032238350042 -5.56470899390411 411.295588699785 193796663.684761
-0.3739 -0.00322022120705319 -0.00309892421407749 -5.56614892547974 411.229907513471 193793996.541496
-0.374 -0.0015093702435486 -0.00212366980441156 -5.56584708971052 411.164226327156 193796108.566495
-0.3741 -0.00249334158071134 -0.00250228560042551 -5.56479932001835 411.098545140842 193796253.643144
-0.3742 -0.00197406427575402 -0.00295491453816242 -5.56644102125101 411.032863954528 193795409.222073
-0.3743 -0.00299461652131805 -0.0017595342109907 -5.56680662424734 410.967182768214 193794870.217395
-0.3744 -0.000823194603746079 -0.00297560181781901 -5.56636859607413 410.9015015819 193796220.054059
-0.3745 -0.00302143255144229 -0.0034843319470173 -5.5671654901092 410.835820395585 193794911.955623
-0.3746 -0.00280207799615729 -0.000862034776620716 -5.5664911769816 410.770139209271 193796855.620246
-0.3747 -0.00219659830950308 -0.0033423628601961 -5.56748447865429 410.704458022957 193794468.617094
-0.3748 -0.00145987507526384 -0.00213544121804096 -5.5659182888029 410.638776836643 193796918.834124
-0.3749 -0.00198386571057252 -0.00311259951451036 -5.56668674208675 410.573095650328 193795433.406484
-0.375 -0.00240283027196431 -0.00251135543172854 -5.5678458124244 410.507414464014 193795294.427854
-0.3751 -0.00331853517460113 -0.00288554351203108 -5.56704095361893 410.4417332777 193795266.202608
-0.3752 -0.00176525857545525 -0.00106895349177976 -5.56648520435785 410.376052091386 193796848.128642
-0.3753 -0.00297610197447886 -0.00330466523746253 -5.56654274198421 410.310370905071 193795498.643556
-0.3754 -0.00270765950932898 -0.0025720522653863 -5.56657264461783 410.244689718757 193795735.419567
-0.3755 -0.00130228989860445 -0.00274128561129905 -5.5667347241018 410.179008532443 193796520.267301
-0.3756 -0.00323471332957689 -0.00169553207322097 -5.56650877979646 410.113327346129 193796339.984698
-0.3757 -0.00220991524826221 -0.00221954443242916 -5.56659542188962 410.047646159814 193796524.209289
-0.3758 -0.00258027212762869 -0.00287581404707071 -5.56772880066725 409.9819649735 193795433.694756
-0.3759 -0.00228905772560497 -0.00279872779113467 -5.56662148530146 409.916283787186 193796166.89003
-0.376 -0.00242870733013728 -0.00169445210344231 -5.56895645873534 409.850602600872 193795077.833525
-0.3761 -0.00274035763965312 -0.00148856565631021 -5.56858322648896 409.784921414557 193795272.133796
-0.3762 -0.0019972523714099 -0.0030415719137785 -5.5698787038186 409.719240228243 193794681.402921
-0.3763 -0.00327265047875972 -0.00195833585771957 -5.56952508457177 409.653559041929 193794620.875954
-0.3764 -0.00164409427812834 -0.00243645225774202 -5.56825338475052 409.587877855615 193796297.192943
-0.3765 -0.00212380061900482 -0.00304538435873066 -5.56948420209286 409.5221966693 193795164.078312
-0.3766 -0.003069111847558 -0.00193919974402575 -5.56991596652296 409.456515482986 193795125.215849
-0.3767 -0.00142501263431427 -0.00296719506823255 -5.57005522640896 409.390834296672 193795525.379328
-0.3768 -0.00292277257999034 -0.00249160992578857 -5.57058326490655 409.325153110358 193794807.110702
-0.3769 -0.00155333882537575 -0.00258442429488523 -5.56994320825489 409.259471924044 193796002.007671
-0.377 -0.00316267757894653 -0.0030670762624541 -5.56981591638936 409.193790737729 193795372.547914
-0.3771 -0.00135304943508888 -0.00191195839454779 -5.5692411209938 409.128109551415 193796979.943413
-0.3772 -0.00342255065096276 -0.00326469671039043 -5.57069314604855 409.062428365101 193794257.464849
-0.3773 -0.00157023373283346 -0.00156654897237556 -5.56943226711807 408.996747178787 193796317.513651
-0.3774 -0.00301261414982737 -0.00328189230825811 -5.57071310956879 408.931065992472 193794670.517725
-0.3775 -0.00207206211206641 -0.00183666509131352 -5.57055759188919 408.865384806158 193795937.701423
-0.3776 -0.00259048490416495 -0.0026060470033426 -5.57227550284858 408.799703619844 193793636.283584
-0.3777 -0.00320226050919286 -0.00295865143409741 -5.57185869240305 408.73402243353 193794206.58494
-0.3778 -0.0012939328752281 -0.00337826331069879 -5.57013746369325 408.668341247215 193795943.866188
-0.3779 -0.00201877824316842 -0.00134775428922018 -5.57009194830297 408.602660060901 193797417.176306
-0.378 -0.00334569320982699 -0.0023879470441052 -5.57357527604007 408.536978874587 193793268.679151
-0.3781 -0.00160668570198179 -0.00316662456019578 -5.57215809318 408.471297688273 193795483.203967
-0.3782 -0.00278470953647571 -0.00232434644080746 -5.5717365709205 408.405616501958 193795036.437729
-0.3783 -0.00183801161607901 -0.00216414090530062 -5.57180076500128 408.339935315644 193796391.824046
-0.3784 -0.00262558949636 -0.00256080907908694 -5.57191652019017 408.27425412933 193795261.1134
-0.3785 -0.00174893914891194 -0.00258625566519393 -5.57168032897525 408.208572943016 193796100.58777
-0.3786 -0.00176045651569786 -0.00333052218347523 -5.57143084104687 408.142891756701 193795722.902731
-0.3787 -0.00214371452857176 -0.00288736828391535 -5.57271452342604 408.077210570387 193795182.766173
-0.3788 -0.00317992364677537 -0.00228798595849401 -5.57335631602565 408.011529384073 193794940.035124
-0.3789 -0.00268778679228007 -0.0020848322244855 -5.57350988546098 407.945848197759 193795652.908241
-0.379 -0.0020868674793349 -0.00294342553516072 -5.57275517417255 407.880167011444 193795901.117457
-0.3791 -0.0025155102754783 -0.0032975572984275 -5.57249509027985 407.81448582513 193796050.588437
-0.3792 -0.00236124807876833 -0.00267603119132536 -5.57253769955125 407.748804638816 193796594.579647
-0.3793 -0.0013008769191116 -0.00262153619359651 -5.57186113437255 407.683123452502 193797599.548561
-0.3794 -0.00329677674273268 -0.0025513182144386 -5.57379014588236 407.617442266187 193794953.76248
-0.3795 -0.00264581606441269 -0.00220810072604097 -5.57230018037941 407.551761079873 193796858.105613
-0.3796 -0.00155941333555572 -0.00343373493255425 -5.5733136542896 407.486079893559 193795713.283171
-0.3797 -0.00228535153180139 -0.00299533544401728 -5.57202059473866 407.420398707245 193796374.179914
-0.3798 -0.00348793968808224 -0.0024058435214457 -5.57171129614234 407.35471752093 193796391.060863
-0.3799 -0.00192115940594855 -0.00197594630524447 -5.57171735863392 407.289036334616 193796900.233721
-0.38 -0.00194988794977777 -0.00312345590192509 -5.57223068349715 407.223355148302 193797848.753031
-0.3801 -0.00351490461048 -0.00262440565995973 -5.5724202542926 407.157673961988 193796457.593304
-0.3802 -0.00337875002687086 -0.00152300198279143 -5.57287440174418 407.091992775674 193797162.366917
-0.3803 -0.000928820145438205 -0.00374506376856099 -5.57255389862251 407.026311589359 193797217.046312
-0.3804 -0.00286550397317321 -0.00128118646804263 -5.57322385610659 406.960630403045 193798088.449509
-0.3805 -0.00202699606966132 -0.0040625461620842 -5.57495619358513 406.894949216731 193796009.07581
-0.3806 -0.00266352300826379 -0.00216405208162049 -5.57368531729564 406.829268030417 193798279.853455
-0.3807 -0.00320667785682688 -0.00244091586174022 -5.5761369972091 406.763586844102 193796415.266757
-0.3808 -0.00166013402639716 -0.00188627561933835 -5.57520605145821 406.697905657788 193797667.385778
-0.3809 -0.00379737164789258 -0.00159154082287304 -5.57725305309211 406.632224471474 193796237.692372
-0.381 -0.0012373711839896 -0.0028461883663931 -5.57772019322116 406.56654328516 193796064.165745
-0.3811 -0.00294314098205358 -0.00258155704442793 -5.57835749230962 406.500862098845 193795309.854788
-0.3812 -0.00197904518592387 -0.00243055083828 -5.57838479705206 406.435180912531 193796132.697118
-0.3813 -0.00227297095604992 -0.00246727482537607 -5.58028191621386 406.369499726217 193795051.197325
-0.3814 -0.00248489183502534 -0.002945436499895 -5.58105941737592 406.303818539903 193794275.073182
-0.3815 -0.00146736168987814 -0.00292074716671023 -5.5809181236713 406.238137353588 193795429.789613
-0.3816 -0.00407597590658239 -0.00179114317020058 -5.58226221794402 406.172456167274 193794070.967478
-0.3817 -0.00241714471393259 -0.00175922508653182 -5.58201530390758 406.10677498096 193795115.641338
-0.3818 -0.00130612017344849 -0.00181448666021582 -5.58278704366714 406.041093794646 193794189.94025
-0.3819 -0.00319213365499472 -0.00346127887565188 -5.58360581750657 405.975412608331 193793132.024528
-0.382 -0.0015265264741698 -0.00198387651461074 -5.58238122194063 405.909731422017 193795295.160009
-0.3821 -0.00273500931090688 -0.002398787836815 -5.58443688647649 405.844050235703 193793412.229261
-0.3822 -0.00307129445920983 -0.00186519563011453 -5.58348868130129 405.778369049389 193793901.001823
-0.3823 -0.00194833650385902 -0.00186316496134303 -5.5830611593946 405.712687863074 193795034.731761
-0.3824 -0.00345176254945208 -0.00196269732054597 -5.58464412506081 405.64700667676 193792644.660155
-0.3825 -0.00139732602854907 -0.00283379356736367 -5.58453335951961 405.581325490446 193793964.782754
-0.3826 -0.00279737026172802 -0.00300300734933386 -5.58613945431903 405.515644304132 193792588.498658
-0.3827 -0.00204593819534992 -0.00241788948810497 -5.58572171334199 405.449963117818 193794299.049882
-0.3828 -0.0042731052882028 -0.00154302349946508 -5.58734667702789 405.384281931503 193791857.855052
-0.3829 -0.00080746048836538 -0.0032126291477518 -5.5873701111952 405.318600745189 193793496.725872
-0.383 -0.00316391765775138 -0.0024757757643487 -5.58930930649131 405.252919558875 193791632.557972
-0.3831 -0.000163873899335297 -0.00362947843485524 -5.59022993102271 405.187238372561 193792372.76048
-0.3832 -0.00444422937237918 -0.00204778131151609 -5.58991431313853 405.121557186246 193792114.630349
-0.3833 -0.00157875990623421 -0.00274061390176611 -5.58992540753157 405.055875999932 193792585.395642
-0.3834 -0.00227973005027838 -0.00288332685761385 -5.59111021984121 404.990194813618 193791822.277478
-0.3835 -0.0017572095231802 -0.00328586184206264 -5.59102340397155 404.924513627304 193791743.979938
-0.3836 -0.00296167506728655 -0.00212042980900598 -5.5898701962565 404.858832440989 193792699.725917
-0.3837 -0.0029134194145153 -0.00191344865695929 -5.59060715947555 404.793151254675 193791922.304352
-0.3838 -0.002680547519779 -0.00294084017320494 -5.58995791752916 404.727470068361 193792544.703498
-0.3839 -0.00170883148625974 -0.00265187718532534 -5.59059655500597 404.661788882047 193793125.084834
-0.384 -0.00130595647933672 -0.0034196734387581 -5.59097596782944 404.596107695732 193792972.966624
-0.3841 -0.00361138872873959 -0.00126692615607266 -5.59235911917711 404.530426509418 193791699.573401
-0.3842 -0.00261283837872199 -0.00197896872858372 -5.59157911453663 404.464745323104 193792449.273948
-0.3843 -0.00164055337545381 -0.00324860935565335 -5.59220255574235 404.39906413679 193792655.871243
-0.3844 -0.00271754993802299 -0.00207594997194256 -5.59187487877102 404.333382950475 193792391.421405
-0.3845 -0.00226265645002381 -0.00268290344014259 -5.59196642458547 404.267701764161 193792953.550162
-0.3846 -0.00206741458715185 -0.00231500583265709 -5.59172568980876 404.202020577847 193793477.518299
-0.3847 -0.00253196124819867 -0.00318249570288777 -5.59231900715652 404.136339391533 193792376.353808
-0.3848 -0.00246872189151753 -0.00233058486802704 -5.59184625312642 404.070658205218 193793364.544215
-0.3849 -0.00182464813318214 -0.00232513906577213 -5.59212533807199 404.004977018904 193793949.485833
-0.385 -0.00234027478652422 -0.00322570350767435 -5.59346106628639 403.93929583259 193791860.836213
-0.3851 -0.00229210866944859 -0.00218741079823191 -5.59287256309999 403.873614646276 193792768.114083
-0.3852 -0.00184154174993259 -0.00301745719876362 -5.59319347150851 403.807933459961 193792989.546139
-0.3853 -0.00223510521760245 -0.00236749975232283 -5.59349166741856 403.742252273647 193792717.006191
-0.3854 -0.00276938888190348 -0.00227705359846929 -5.59405637567859 403.676571087333 193792455.923486
-0.3855 -0.00276666716366589 -0.00250340900527702 -5.59409932700691 403.610889901019 193792113.699631
-0.3856 -0.00228674464853102 -0.00234379635117126 -5.59386140448815 403.545208714704 193791753.754627
-0.3857 -0.00224694960365856 -0.00266081924008174 -5.59389072395958 403.47952752839 193792625.632287
-0.3858 -0.00281187222241834 -0.00240229226213738 -5.59323079610379 403.413846342076 193792719.229136
-0.3859 -0.00216537001489275 -0.0025643830614803 -5.59214333984437 403.348165155762 193793841.528055
-0.386 -0.002322800694628 -0.00246288394651001 -5.59279872669729 403.282483969448 193793151.162558
-0.3861 -0.00235908635500585 -0.0028063235610925 -5.59230121797818 403.216802783133 193793380.560775
-0.3862 -0.00299449803018077 -0.00238293098082961 -5.59241724262893 403.151121596819 193793641.769452
-0.3863 -0.00171835257315826 -0.00273910847701742 -5.59127630499546 403.085440410505 193795277.42556
-0.3864 -0.00277032745283757 -0.00319219332793492 -5.59225882071512 403.01975922419 193792934.670488
-0.3865 -0.00171236800844891 -0.00279705324297302 -5.59173723597618 402.954078037876 193794460.11516
-0.3866 -0.00355901590977656 -0.00243450559839158 -5.59308179336491 402.888396851562 193793529.703306
-0.3867 -0.0021768125222724 -0.0020877168994348 -5.59450907694292 402.822715665248 193793014.741225
-0.3868 -0.00244091478572793 -0.00252458768965985 -5.59391557207869 402.757034478934 193793381.570912
-0.3869 -0.00194287533327966 -0.00262440034852761 -5.59548774649753 402.691353292619 193792988.043369
-0.387 -0.00159523230781318 -0.00213325752705748 -5.59669765586345 402.625672106305 193792457.698042
-0.3871 -0.00297708690733171 -0.00265453967922209 -5.5973119876193 402.559990919991 193791004.310644
-0.3872 -0.0021751616770453 -0.00194984723117071 -5.59676726745237 402.494309733677 193792092.845171
-0.3873 -0.00243507392691965 -0.00301527689459129 -5.59658940587207 402.428628547362 193791539.990871
-0.3874 -0.00304940438177214 -0.00282577521370748 -5.59501513487395 402.362947361048 193792426.659445
-0.3875 -0.00267346481717208 -0.00146037155922339 -5.59520124507012 402.297266174734 193793534.966884
-0.3876 -0.00122579636778798 -0.00403482516706401 -5.59483137741812 402.23158498842 193792307.404554
-0.3877 -0.00302716802130228 -0.00225581152684528 -5.5961017431495 402.165903802105 193791508.258085
-0.3878 -0.00301395054155031 -0.00229996875712406 -5.59481042007966 402.100222615791 193793074.420052
-0.3879 -0.00388804034082311 -0.00168453280488643 -5.59450197954567 402.034541429477 193792197.036141
-0.388 -0.000938338744330343 -0.00310134186676446 -5.59382832423399 401.968860243163 193794150.607094
-0.3881 -0.00285643564136334 -0.00267498111216357 -5.59501431415091 401.903179056848 193792641.140295
-0.3882 -0.0032447302616301 -0.00248095192995533 -5.59335431726475 401.837497870534 193792755.189856
-0.3883 -0.0015005666958513 -0.0019813179868947 -5.5933254342045 401.77181668422 193794805.836594
-0.3884 -0.00329185289088148 -0.00313950353864228 -5.59530416954485 401.706135497906 193791465.489997
-0.3885 -0.0025231992175955 -0.00154439582384123 -5.59520290305477 401.640454311591 193793530.490126
-0.3886 -0.00158179240076307 -0.0032694244380471 -5.59371521029512 401.574773125277 193794039.163205
-0.3887 -0.00373682207290362 -0.00213503997536153 -5.59433817862978 401.509091938963 193793001.698468
-0.3888 -0.00189935457836546 -0.00275691537027385 -5.59303322318943 401.443410752649 193794191.167618
-0.3889 -0.00403720577404123 -0.0016992299949212 -5.59273472846989 401.377729566334 193793318.723639
-0.389 -0.0013765564668076 -0.00276940511183658 -5.59329016967166 401.31204838002 193794248.411808
-0.3891 -0.00161839007974356 -0.00414962371586308 -5.59320302592923 401.246367193706 193792941.406162
-0.3892 -0.00313901534141006 -0.00233480745040223 -5.59213838435705 401.180686007392 193794820.224367
-0.3893 -0.00253582616653323 -0.00258541552106102 -5.5918648838389 401.115004821077 193795521.900494
-0.3894 -0.00247761492044904 -0.00240092166080696 -5.59324834434014 401.049323634763 193793880.308746
-0.3895 -0.00291879544364158 -0.00246146391390758 -5.59230379904925 400.983642448449 193794452.445286
-0.3896 -0.00153403503287425 -0.00293775845548569 -5.59203536952954 400.917961262135 193795091.172551
-0.3897 -0.00225784079740562 -0.00335581506656043 -5.59150008508865 400.85228007582 193795218.783328
-0.3898 -0.00366715831831945 -0.00189219142440705 -5.59130587822657 400.786598889506 193795443.519806
-0.3899 -0.00244822644858975 -0.00250082145686155 -5.59089762821474 400.720917703192 193796336.09514
-0.39 -0.00282780084154496 -0.0032067792048668 -5.59057984957989 400.655236516878 193796498.988269
-0.3901 -0.00226627571188022 -0.00224833989135195 -5.58973240876608 400.589555330564 193797175.982518
-0.3902 -0.00248052545078051 -0.00343654584308034 -5.59075765021633 400.523874144249 193795917.676108
-0.3903 -0.00321725108538441 -0.00190070785365071 -5.59041098181982 400.458192957935 193796931.224779
-0.3904 -0.00224014185577242 -0.00323350084967205 -5.59023873348381 400.392511771621 193797230.904638
-0.3905 -0.00239946758201183 -0.00245439771752295 -5.59058577943466 400.326830585307 193797149.832358
-0.3906 -0.00237646569571133 -0.00316714761775056 -5.58937164361429 400.261149398992 193797692.7333
-0.3907 -0.00293672003081666 -0.000886344341277317 -5.58822599406297 400.195468212678 193799097.741142
-0.3908 -0.00279422750061916 -0.00330651589501737 -5.58804196992564 400.129787026364 193797837.000678
-0.3909 -0.00175253868891903 -0.0026868564247236 -5.58680325555772 400.06410584005 193799517.25264
-0.391 -0.00301147781517252 -0.00225828900729005 -5.58812892959788 399.998424653735 193798533.287918
-0.3911 -0.00154725979889513 -0.00376185772023826 -5.58794217078785 399.932743467421 193798729.067377
-0.3912 -0.00334598987083335 -0.00173060278308097 -5.58586135762532 399.867062281107 193800404.427517
-0.3913 -0.00242587806493903 -0.00292498799031696 -5.5871114714627 399.801381094793 193799060.790171
-0.3914 -0.00247065286185414 -0.00324717277256797 -5.58831521216898 399.735699908478 193798304.101628
-0.3915 -0.00298586444933685 -0.00176663675634711 -5.58631141341088 399.670018722164 193800744.583132
-0.3916 -0.00221899820184719 -0.0041090764223356 -5.58624607933754 399.60433753585 193800023.302217
-0.3917 -0.00260525902772884 -0.00182520631613154 -5.58534984424074 399.538656349536 193801405.066775
-0.3918 -0.00172640445989536 -0.00363751448928042 -5.58534465144158 399.472975163221 193801466.287974
-0.3919 -0.00294471026670168 -0.00325092945131384 -5.58500130910303 399.407293976907 193801454.463339
-0.392 -0.00231619616411015 -0.000755239302208094 -5.58268947914878 399.341612790593 193804305.913525
-0.3921 -0.00257708426053095 -0.00308484994511999 -5.58247983263604 399.275931604279 193802608.499407
-0.3922 -0.00260584323440567 -0.00210694794666104 -5.58148543927283 399.210250417964 193803871.867776
-0.3923 -0.00284553974524685 -0.00248954158062733 -5.58034963852343 399.14456923165 193804455.177765
-0.3924 -0.00243614301029401 -0.00231834951626436 -5.58037695235002 399.078888045336 193804591.209962
-0.3925 -0.00286215103515732 -0.00272760913175674 -5.58056486029388 399.013206859022 193803690.43351
-0.3926 -0.00243310597344179 -0.00312077756702581 -5.5804611574692 398.947525672707 193804497.404006
-0.3927 -0.00211907624249731 -0.00257122454963809 -5.57858595292651 398.881844486393 193805224.941329
-0.3928 -0.00274580153634069 -0.00234556751629137 -5.57917515244187 398.816163300079 193805148.656666
-0.3929 -0.00248221323710268 -0.00235459208841238 -5.57814019023755 398.750482113765 193806351.755825
-0.393 -0.00188346373182016 -0.00271730446828424 -5.57816052407965 398.684800927451 193805659.61335
-0.3931 -0.00259046069206259 -0.00283730271690804 -5.57936742608497 398.619119741136 193804564.91616
-0.3932 -0.00239491925596392 -0.00327315568642591 -5.57825281212297 398.553438554822 193806261.853711
-0.3933 -0.0015514501279364 -0.00258911087236448 -5.57674329772454 398.487757368508 193807265.544745
-0.3934 -0.00292064490675785 -0.00269400594544484 -5.57648248983818 398.422076182194 193806333.459005
-0.3935 -0.00198130028797525 -0.00264009171717909 -5.57794850153865 398.356394995879 193805541.154201
-0.3936 -0.0025215889451668 -0.00337795704339434 -5.57784275827901 398.290713809565 193805099.94438
-0.3937 -0.00309937498807863 -0.00214707809093454 -5.57845465187583 398.225032623251 193805651.253806
-0.3938 -0.00207773371299267 -0.00309915811916833 -5.57641334931251 398.159351436937 193806964.812747
-0.3939 -0.00292318886734371 -0.00258383642628707 -5.5762722040635 398.093670250622 193806853.233573
-0.394 -0.00180720394527949 -0.00257582236542343 -5.57548138660786 398.027989064308 193807629.934679
-0.3941 -0.00362134885760444 -0.00309861269136406 -5.5758952411294 397.962307877994 193805807.459991
-0.3942 -0.00177639412359902 -0.00274133763665303 -5.57589678355658 397.89662669168 193807467.21816
-0.3943 -0.00272367814275987 -0.00330491341757629 -5.57600645370818 397.830945505365 193806540.906274
-0.3944 -0.00309264742877261 -0.00206054235209769 -5.5760023230303 397.765264319051 193806952.701334
-0.3945 -0.00225487498009118 -0.00237940462638609 -5.57502161519954 397.699583132737 193807894.589914
-0.3946 -0.00236713424536524 -0.00337940991696838 -5.5747383818343 397.633901946423 193807991.765057
-0.3947 -0.00168151715240274 -0.002637142355841 -5.57427864538344 397.568220760108 193808530.1965
-0.3948 -0.00356285122609046 -0.00234707060046998 -5.57410565393668 397.502539573794 193808245.675281
-0.3949 -0.00217705555249137 -0.00295564335333583 -5.57315107395923 397.43685838748 193808649.31736
-0.395 -0.00340021379235375 -0.00187215119275676 -5.57169471398737 397.371177201166 193809712.912113
-0.3951 -0.00186888389144242 -0.00345773139732901 -5.57131297240518 397.305496014851 193809471.499778
-0.3952 -0.00401847782444975 -0.00292309731218412 -5.57306436021058 397.239814828537 193808785.529446
-0.3953 -0.00228135848269374 -0.00219154543783446 -5.57274961553168 397.174133642223 193809584.947331
-0.3954 -0.00203441424231034 -0.00407757275166765 -5.57206866721222 397.108452455909 193808937.515789
-0.3955 -0.00314319109884289 -0.00146537492279007 -5.5717015116522 397.042771269594 193810495.478408
-0.3956 -0.00228403986721001 -0.00343374887094603 -5.57232961959383 396.97709008328 193809752.359806
-0.3957 -0.00275293049031126 -0.00261207535241751 -5.57371204024367 396.911408896966 193809011.69245
-0.3958 -0.00203738315797207 -0.00220457071143719 -5.57293672000589 396.845727710652 193809937.382533
-0.3959 -0.00274212611115246 -0.00291652556862843 -5.57140869515943 396.780046524338 193810538.802659
-0.396 -0.00282131441352585 -0.00287692225801965 -5.57248550373266 396.714365338023 193809974.020924
-0.3961 -0.00248542009717441 -0.00276382380434747 -5.57240327135727 396.648684151709 193810850.749429
-0.3962 -0.00226036817426479 -0.00265208325163436 -5.57382034862561 396.583002965395 193809133.860395
-0.3963 -0.00264586207227992 -0.00288089134688945 -5.57280818069365 396.51732177908 193810110.413486
-0.3964 -0.0018761562180536 -0.00251187972106866 -5.57338284603132 396.451640592766 193810512.3852
-0.3965 -0.00341794161888728 -0.00292698508935382 -5.57394167948641 396.385959406452 193808951.754288
-0.3966 -0.00155160697445045 -0.00366862112052622 -5.5738510370637 396.320278220138 193810619.188381
-0.3967 -0.00317967715579884 -0.00127867764329079 -5.57350972606099 396.254597033824 193811128.602453
-0.3968 -0.00191112881481081 -0.00341837800168562 -5.57374849322035 396.188915847509 193811380.242593
-0.3969 -0.00321787900386007 -0.00257094962745127 -5.57296194022505 396.123234661195 193810761.69306
-0.397 -0.00117743497914167 -0.00277605734195566 -5.57281959633588 396.057553474881 193811998.817955
-0.3971 -0.00378326204450686 -0.00235665810602265 -5.57377218887783 395.991872288567 193810311.524607
-0.3972 -0.00215235667268965 -0.0027937207797045 -5.57287676658927 395.926191102252 193811117.286611
-0.3973 -0.00240512374968886 -0.00321173429447488 -5.57378622260901 395.860509915938 193811463.197668
-0.3974 -0.00258307557148664 -0.00234037527014237 -5.57287470266086 395.794828729624 193812390.215543
-0.3975 -0.00158585830186645 -0.00360063780596385 -5.57251673376339 395.72914754331 193811472.597245
-0.3976 -0.00338984244370216 -0.00178998459386097 -5.57351709203361 395.663466356995 193811277.682454
-0.3977 -0.00239938502223419 -0.0034610486448319 -5.57307037047499 395.597785170681 193811357.058088
-0.3978 -0.00275854230130025 -0.00192677723889528 -5.57202129670663 395.532103984367 193813748.150111
-0.3979 -0.00349532978652174 -0.00270771870170653 -5.57315314210845 395.466422798053 193811968.168865
-0.398 -0.00138929052994966 -0.00343997751076166 -5.57152475414374 395.400741611738 193814130.097128
-0.3981 -0.00228852732988036 -0.0027559751563552 -5.57424957298977 395.335060425424 193812253.076578
-0.3982 -0.00358811216655961 -0.00203527894307489 -5.57351546888013 395.26937923911 193812262.784204
-0.3983 -0.00190284549688858 -0.00291044228595959 -5.57478343245761 395.203698052796 193812001.373952
-0.3984 -0.00316472456135528 -0.00252306211533411 -5.57578612491548 395.138016866481 193811402.152535
-0.3985 -0.00197276979379917 -0.0023927650367927 -5.57574508049353 395.072335680167 193811853.525592
-0.3986 -0.0023007926815272 -0.00259535777718931 -5.575815860634 395.006654493853 193811445.204398
-0.3987 -0.00241689950875641 -0.00146150857671219 -5.57600518439559 394.940973307539 193812023.910056
-0.3988 -0.00176453140788898 -0.00357430999330587 -5.57711357309911 394.875292121224 193810349.552764
-0.3989 -0.00227783230242501 -0.00246847119040498 -5.57738234282477 394.80961093491 193810961.319851
-0.399 -0.00300205907779829 -0.0023040884301505 -5.57731729719132 394.743929748596 193811372.324909
-0.3991 -0.00284986303708134 -0.0019700130436113 -5.57840445396449 394.678248562282 193810124.45809
-0.3992 -0.00167657273602958 -0.00322769717394035 -5.57880342020129 394.612567375968 193809688.843061
-0.3993 -0.00284760434866653 -0.00283270449503576 -5.57981681678145 394.546886189653 193809149.387557
-0.3994 -0.00269024077553368 -0.0025390739784618 -5.5783979398696 394.481205003339 193810538.778372
-0.3995 -0.00242192823439242 -0.00292073227497696 -5.57770232724163 394.415523817025 193810929.085783
-0.3996 -0.00258573189132892 -0.00140667133633605 -5.57953641889246 394.34984263071 193810491.610865
-0.3997 -0.00188676404279993 -0.00295560691661301 -5.58057965933321 394.284161444396 193809180.452438
-0.3998 -0.00261119083868216 -0.00340922444377562 -5.58011654750225 394.218480258082 193810017.064658
-0.3999 -0.00364481503446539 -0.00126206320095399 -5.58092159916276 394.152799071768 193810120.003042
-0.4 -0.00223468641182798 -0.00349485127213821 -5.58144260820048 394.087117885454 193809059.69565
