# Fix print output for fix defprint
1.51463859258467e-16 0.119362883484792 0.110223300651728 -0.28777685804821 93.8234030532109 568390.088983061
-9.99999999998598e-05 -0.119546993710626 -0.114072600522767 -0.442496021419722 93.8140207129056 567290.185031931
-0.000199999999999871 0.108593914986295 0.111230589451033 -0.319268175275818 93.8046383726003 568343.766655951
-0.000299999999999882 -0.0963193738309997 -0.0941760655158436 -0.460209018849549 93.7952560322949 567347.243510682
-0.000399999999999894 0.0908252643516988 0.0884263411048282 -0.368522436762216 93.7858736919896 568199.312059797
-0.000499999999999905 -0.0768622239526959 -0.0771971549178148 -0.475951033303749 93.7764913516843 567383.998023398
-0.000599999999999916 0.0602711998301607 0.077112740901127 -0.399118265182322 93.767109011379 568034.048115139
-0.000699999999999927 -0.0534628877015972 -0.0607211431743659 -0.484943864645486 93.7577266710737 567416.161166343
-0.000799999999999939 0.0371591503057832 0.0504818311527379 -0.438915407958043 93.7483443307683 567898.479835691
-0.000899999999999798 -0.0373276025520529 -0.0458019835179844 -0.508770602017563 93.738961990463 567485.875916442
-0.000999999999999961 0.0355017239223825 0.0365952854773225 -0.478457688325603 93.7295796501577 567810.008202901
-0.00109999999999982 -0.0317578074299912 -0.0262699331128161 -0.532606025300569 93.7201973098524 567484.120138095
-0.00119999999999998 0.0215381071918861 0.0217587652520023 -0.507748688279554 93.710814969547 567693.09680068
-0.00129999999999984 -0.0133238655963393 -0.0252759546572769 -0.544177364762883 93.7014326292417 567468.184928729
-0.00139999999999985 0.00264803675606083 0.0230586725399417 -0.546175903804657 93.6920502889364 567622.867372444
-0.00149999999999987 -0.0104232569669859 -0.00856116764726923 -0.576126492353364 93.6826679486311 567501.10772104
-0.00159999999999988 0.00123302959175856 0.00278713749995181 -0.576876026185238 93.6732856083258 567540.020716123
-0.00169999999999989 0.000858684206147582 -0.0132086678350052 -0.594595158231174 93.6639032680204 567457.419463412
-0.0017999999999999 -0.00866415654978191 0.00843272248007851 -0.600863298811537 93.6545209277151 567436.851527691
-0.00189999999999991 0.00422184476666279 -0.000979280950543698 -0.619326094784303 93.6451385874098 567448.584210327
-0.00199999999999992 0.00354730955011728 -0.0203093257582314 -0.64118815281358 93.6357562471045 567378.239900682
-0.00209999999999993 -0.00333586030516337 0.0195550944574564 -0.64930592574563 93.6263739067992 567427.898231874
-0.00219999999999979 -0.00623115184523582 -0.022062759716162 -0.676199821082144 93.6169915664939 567313.36491027
-0.00229999999999996 0.0219581894910029 0.00648428728612757 -0.669373967365096 93.6076092261885 567446.8337366
-0.00239999999999982 -0.0361909318341701 -0.00749327864263632 -0.704893058103845 93.5982268858832 567254.914420005
-0.00249999999999998 0.0190187969284154 0.0239170071277518 -0.690648085580765 93.5888445455779 567396.037033403
-0.00259999999999984 0.00403053393068182 -0.049295596294798 -0.733286314344825 93.5794622052726 567146.785142562
-0.00269999999999985 0.00697351488405896 0.0433415930876198 -0.716402172113727 93.5700798649672 567388.855740208
-0.00279999999999986 -0.0368416952744363 -0.0253527348246732 -0.763219836857673 93.5606975246619 567097.115542854
-0.00289999999999987 0.0495250628167998 0.0180120476242986 -0.738845105945901 93.5513151843566 567408.625629076
-0.00299999999999988 -0.045200393535726 -0.0324862930723407 -0.801205299284953 93.5419328440513 567031.248125419
-0.00309999999999989 0.0295908426522601 0.0607905096033542 -0.763733012487979 93.532550503746 567361.394647111
-0.00319999999999991 -0.0184455600966868 -0.0772815429617102 -0.834509764828489 93.5231681634406 566919.764995433
-0.00329999999999992 0.0423269354263744 0.0630366304667677 -0.782953623064419 93.5137858231353 567363.122451874
-0.00339999999999993 -0.0751118413078086 -0.0328452149762146 -0.86383918346242 93.50440348283 566874.730156488
-0.00349999999999979 0.0900361189678369 0.028596891775608 -0.80725909727391 93.4950211425247 567366.192538368
-0.00359999999999995 -0.0678406988809755 -0.0542536644255634 -0.891145730878932 93.4856388022193 566779.419347581
-0.00369999999999981 0.0308735478504321 0.0817377348100819 -0.828866086552562 93.476256461914 567285.855136242
-0.00379999999999997 -0.0369329491986674 -0.0746155765484024 -0.916510218091447 93.4668741216087 566735.28902773
-0.00389999999999983 0.0728154481576068 0.0510948076709396 -0.860763831444303 93.4574917813034 567269.936387659
-0.004 -0.105383511882992 -0.0258744962396524 -0.959684826814989 93.4481094409981 566675.90418473
-0.00409999999999986 0.0908682767857301 0.0377584009964077 -0.886000724711899 93.4387271006927 567244.92346888
-0.00419999999999987 -0.0489398434677715 -0.0581815854143725 -0.959027608332352 93.4293447603874 566662.430092825
-0.00429999999999988 0.0273171564680282 0.0691184734643785 -0.913096247274243 93.4199624200821 567127.645753232
-0.00439999999999989 -0.0443204767236946 -0.0385059447023631 -0.993948447983445 93.4105800797768 566657.660750387
-0.0044999999999999 0.0758696323284454 0.00614130541436929 -0.965748880909874 93.4011977394715 567035.530340206
-0.00459999999999991 -0.0712900742315222 0.000362975698742183 -1.02196447170538 93.3918153991661 566660.541811254
-0.00469999999999992 0.0385936948136804 0.0296879486858745 -0.983499589922049 93.3824330588608 566978.476264336
-0.00479999999999978 -0.0131921406556667 -0.0451609209074141 -1.02982102212281 93.3730507185555 566662.468226975
-0.00489999999999995 0.0078925830173259 0.0222140643203893 -1.01727391645224 93.3636683782502 566841.418042917
-0.0049999999999998 -0.0238842514678366 -0.00742485715653508 -1.05333889147909 93.3542860379449 566659.29003315
-0.00509999999999997 0.0329131204471298 -0.00528941813173381 -1.04498079197814 93.3449036976395 566813.009388137
-0.00519999999999983 -0.020503566973327 -0.00728086056832271 -1.07628487583901 93.3355213573342 566677.244226621
-0.00529999999999999 0.000986949726894524 0.014610272129222 -1.08414302003156 93.3261390170289 566736.054118351
-0.00539999999999985 0.00634610546678171 -0.0206301573589909 -1.10894581951551 93.3167566767236 566633.968938001
-0.00549999999999986 0.00050268637608273 0.00477453431594052 -1.10482233726314 93.3073743364182 566621.248691445
-0.00559999999999987 -0.0083932958938528 0.00417812861582538 -1.11792722693235 93.2979919961129 566596.655657058
-0.00569999999999988 0.0111529662580453 -0.0110507009868899 -1.14105725888189 93.2886096558076 566597.390054718
-0.0057999999999999 0.00466912976756781 0.0028893961686775 -1.15410638431127 93.2792273155023 566577.275740767
-0.00589999999999991 -0.0145397481029233 0.0105140221246567 -1.17759910472848 93.269844975197 566551.833025035
-0.00599999999999992 0.0113253171349608 -0.00907606426488699 -1.18527942858892 93.2604626348916 566555.669141615
-0.00609999999999978 -0.00542961047161485 0.00894046566832779 -1.19980439548659 93.2510802945863 566536.225701588
-0.00619999999999994 0.00223045661873579 0.00237363294412814 -1.20807232910613 93.241697954281 566501.380339153
-0.0062999999999998 -0.00618865146957686 0.00178848997575218 -1.22331551957534 93.2323156139757 566442.982643376
-0.00639999999999996 0.0222125853577974 -0.00996041961670559 -1.23574713496471 93.2229332736703 566465.738045215
-0.00649999999999982 -0.0173786756202692 0.00136293598957247 -1.25583230479649 93.213550933365 566400.273882391
-0.00659999999999999 0.00294872965191705 0.0225922566216352 -1.25972653988923 93.2041685930597 566479.83023788
-0.00669999999999984 0.00507049250291242 -0.021341883813146 -1.28506814981599 93.1947862527544 566357.598768768
-0.00679999999999986 0.00630192836036447 0.0239570543379633 -1.28732718285793 93.1854039124491 566423.708130079
-0.00689999999999987 -0.0263822468127175 -0.00445531623390152 -1.31226519297179 93.1760215721438 566284.042271849
-0.00699999999999988 0.0296343390556486 -0.000862379073372152 -1.30395468376704 93.1666392318384 566378.542723478
-0.00709999999999989 -0.0101560682501773 -0.0217840070550694 -1.33653380137098 93.1572568915331 566241.826231022
-0.0071999999999999 -0.0129427504828556 0.0463648037682141 -1.33636059989747 93.1478745512278 566364.458410723
-0.00729999999999991 -0.003522019872783 -0.0216362217750243 -1.37335021815533 93.1384922109225 566208.515239831
-0.00739999999999992 0.0237689415251989 0.000831595974223848 -1.3702063968775 93.1291098706171 566311.644510536
-0.00749999999999994 -0.0388880522078936 0.00594732576968155 -1.39433029534098 93.1197275303118 566128.117284177
-0.0075999999999998 0.0251346379165125 0.0138597692019476 -1.38766170048207 93.1103451900065 566276.05599635
-0.00769999999999996 -0.00122557190910113 -0.0317784513087992 -1.42295064760078 93.1009628497012 566088.596925738
-0.00779999999999982 0.00408837191911243 0.035460460809886 -1.41832310047579 93.0915805093959 566257.358949631
-0.00789999999999998 -0.0360668909882917 -0.0114882558744101 -1.46093577423044 93.0821981690905 566035.401377954
-0.00799999999999984 0.0584384650322433 -0.00471503184010881 -1.44630969872636 93.0728158287852 566241.812557792
-0.00809999999999985 -0.0475147189582614 -0.0201148015893343 -1.48861318276512 93.0634334884799 565948.530679481
-0.00819999999999986 0.00378142933627018 0.042144426059371 -1.46272911644865 93.0540511481746 566171.08273217
-0.00829999999999987 -0.0104110957379359 -0.0540190613200058 -1.5156443952367 93.0446688078693 565915.169912301
-0.00839999999999988 0.0323433934389296 0.0201403681166651 -1.49615448812637 93.0352864675639 566160.704965513
-0.0084999999999999 -0.0581377765309503 0.00808677860153926 -1.54668468982186 93.0259041272586 565898.462377089
-0.00859999999999991 0.0552502736432459 0.0060928718748849 -1.52226119463363 93.0165217869533 566133.230232492
-0.00869999999999992 -0.00747040416954388 -0.0393007017788684 -1.56267944228498 93.007139446648 565835.044642963
-0.00879999999999993 -0.0183654654617115 0.0569359331818073 -1.55143856510179 92.9977571063426 566000.479745716
-0.00889999999999979 -0.00381844534395324 -0.0289247658563085 -1.59163922676013 92.9883747660373 565824.889616017
-0.00899999999999995 0.038206344962333 -0.00475039989766875 -1.5909796125673 92.978992425732 565979.615855636
-0.00909999999999981 -0.0362378050802402 0.0184331833273223 -1.62285532437136 92.9696100854267 565839.614235328
-0.00919999999999998 0.00733055136864681 0.0163089971344756 -1.61788585924282 92.9602277451214 565918.77774973
-0.00929999999999983 0.0276532396327146 -0.0429956370757352 -1.63784080097084 92.9508454048161 565793.685886151
-0.00939999999999985 -0.0327578678366721 0.031596698104002 -1.64440708516376 92.9414630645107 565798.489062413
-0.00949999999999986 0.00277696724790061 -0.00301399470080173 -1.65948970420981 92.9320807242054 565785.842118184
-0.00959999999999987 0.0266916021568562 -0.0217344365193455 -1.67842610990811 92.9226983839001 565783.565348088
-0.00969999999999988 -0.0049282937209766 0.0116668893467798 -1.68980279067101 92.9133160435948 565780.059544367
-0.00979999999999989 -0.035561994767134 0.0129777880239869 -1.70753788673938 92.9039337032894 565702.600576774
-0.0098999999999999 0.0433394687808669 -0.031593945716424 -1.71478278530316 92.8945513629841 565749.102278049
-0.00999999999999991 -0.0201445907247274 0.00618331293476875 -1.7350121888394 92.8851690226788 565659.931591979
-0.0100999999999999 -0.00263957751142247 0.0200026186910366 -1.74415822662302 92.8757866823735 565701.224216234
-0.0101999999999998 0.0085027566618094 -0.0277421462932727 -1.76702760934755 92.8664043420682 565564.810798458
-0.0102999999999999 0.0224584362007253 0.0121927580076385 -1.76749412396822 92.8570220017628 565713.564367707
-0.0103999999999998 -0.0524143232757447 0.00849506388810504 -1.79379679052574 92.8476396614575 565545.627956085
-0.0105 0.0389370283440007 0.00576536301427283 -1.7830702250173 92.8382573211522 565717.378899147
-0.0105999999999998 -0.0100479212820821 -0.0359769556658104 -1.83102073291891 92.8288749808469 565460.131707432
-0.0107 -0.0065968212642725 0.0574501349500071 -1.81881398703346 92.8194926405415 565656.482859405
-0.0107999999999999 -0.00575679165157822 -0.053658349987364 -1.86813113801937 92.8101103002362 565366.348307013
-0.0108999999999999 0.0387972448004261 0.0237904095681961 -1.83129716696038 92.8007279599309 565646.250803565
-0.0109999999999999 -0.0564458123877194 -0.0119148996715132 -1.88860188267686 92.7913456196256 565335.886177295
-0.0110999999999999 0.040174063630137 0.0354992098476838 -1.86135340723243 92.7819632793203 565652.957809554
-0.0111999999999999 -0.00194772170651906 -0.0796900951210497 -1.92555656456956 92.7725809390149 565276.229202728
-0.0112999999999999 0.00179338993202528 0.0862525957045213 -1.88034080497467 92.7631985987096 565632.347288428
-0.0113999999999999 -0.0418098377534104 -0.0504262866697114 -1.9504288416682 92.7538162584043 565176.098143103
-0.0114999999999998 0.0680734785094837 0.0119146429987404 -1.91477283221687 92.744433918099 565559.551949505
-0.0115999999999999 -0.0643508527206169 -0.0219957377676931 -1.98424683169316 92.7350515777937 565120.269455494
-0.0116999999999998 0.0223802503861897 0.0745825500442141 -1.9412302429818 92.7256692374883 565578.310794945
-0.0118 0.0110327011340815 -0.10779959924233 -2.01499474017492 92.716286897183 565118.90972868
-0.0118999999999998 0.0266855608403525 0.0716183964141031 -1.96316390301797 92.7069045568777 565535.67283326
-0.012 -0.0796163703562145 -0.0211885074004633 -2.04479784850104 92.6975222165724 565046.193878375
-0.0120999999999998 0.0869387690738195 -0.00242279006639027 -1.99344391308687 92.6881398762671 565442.43298115
-0.0121999999999999 -0.0511344884193785 -0.0368073245579146 -2.06730198000086 92.6787575359617 565025.854049984
-0.0122999999999999 0.00295925783163532 0.0691598024465868 -2.02428045762021 92.6693751956564 565371.328863839
-0.0123999999999999 -0.0161612678473883 -0.056606140835606 -2.09244569061974 92.6599928553511 565054.340869193
-0.0124999999999999 0.0488690671535506 0.00122439642146527 -2.061391316135 92.6506105150458 565312.462217723
-0.0125999999999999 -0.0634994211374919 0.021586748095034 -2.10599283283381 92.6412281747404 565048.111185351
-0.0126999999999999 0.0395921266975875 0.00402299493020331 -2.09201759900667 92.6318458344351 565227.200727268
-0.0127999999999999 0.000636370778468043 -0.0375135202266348 -2.13306349672691 92.6224634941298 565008.993420781
-0.0128999999999999 -0.00711707684477161 0.0297226285582131 -2.13021850942154 92.6130811538245 565143.093929569
-0.0129999999999998 -0.0258941916235306 0.00118337880941638 -2.15998233690708 92.6036988135192 565016.756372354
-0.0131 0.0432601083422831 -0.0204358732052551 -2.15930004211216 92.5943164732138 565125.719742199
-0.0131999999999998 -0.0186528150461721 -6.27507403024437e-06 -2.18369449528453 92.5849341329085 564999.583251227
-0.0133 -0.0047213723231273 0.0171390219876997 -2.18134482174473 92.5755517926032 565033.885268883
-0.0133999999999998 0.00433318108804083 -0.0174979823679729 -2.20617912340722 92.5661694522979 564963.215508551
-0.0134999999999999 0.0077113894983769 0.00317589675565727 -2.21042355676965 92.5567871119926 564990.927530868
-0.0135999999999999 -0.0127982406329063 0.00250523392451961 -2.23491474197185 92.5474047716872 564937.106165749
-0.0136999999999999 -0.00250926633411483 0.00309689680027486 -2.25158223059591 92.5380224313819 564942.482227519
-0.0137999999999999 0.0155441811893077 -0.0161288963782936 -2.26546090037863 92.5286400910766 564931.31365677
-0.0138999999999999 -0.0252509911351529 0.0188483435830268 -2.27277437950367 92.5192577507713 564858.662301717
-0.0139999999999999 0.00890302779874957 0.000892796785695172 -2.28628165586685 92.509875410466 564883.99618921
-0.0140999999999999 0.000764983213308507 -0.0161440204399495 -2.30019731866481 92.5004930701606 564814.125850603
-0.0141999999999999 -0.000663012313577484 0.0219291264228349 -2.30117188359706 92.4911107298553 564881.24834361
-0.0142999999999998 -0.0150458746658127 -0.00455152672922337 -2.3390512695743 92.48172838955 564778.344658721
-0.0144 0.0258092435655553 -0.00123836040113889 -2.3433437680566 92.4723460492447 564871.845642405
-0.0144999999999998 -0.0134342876653892 -0.00412896632267056 -2.36881516816311 92.4629637089394 564725.471810846
-0.0146 -0.00324510913661092 0.0259960566404178 -2.36888914304333 92.453581368634 564775.991587571
-0.0146999999999998 0.00400211442250499 -0.0202734333731781 -2.39260466704309 92.4441990283287 564666.943741334
-0.0147999999999998 0.0108654183052573 0.0166823293925895 -2.3934287962112 92.4348166880234 564763.155693939
-0.0148999999999999 -0.0236822561560742 -0.00114333257650276 -2.42104832674057 92.4254343477181 564616.204753731
-0.0149999999999999 0.0295356534178045 0.0141422907500932 -2.41538509460666 92.4160520074127 564775.426505989
-0.0150999999999999 -0.0116379511035538 -0.0240873131155601 -2.45220550925665 92.4066696671074 564575.359071266
-0.0151999999999999 0.00241403443636911 0.042131417251903 -2.43539586282048 92.3972873268021 564721.254510449
-0.0152999999999999 -0.0108198883368799 -0.0434887329981673 -2.48315604097521 92.3879049864968 564473.458222927
-0.0153999999999999 0.0317675185440829 0.0231490504016191 -2.45851524551288 92.3785226461915 564710.217231101
-0.0154999999999999 -0.0547203105804916 -0.0136665898145844 -2.5136446002618 92.3691403058861 564430.492487377
-0.0155999999999998 0.0349461001257463 0.0266314072035131 -2.4826929680053 92.3597579655808 564703.211114152
-0.0157 0.000912737647391723 -0.0568295374972384 -2.54391473718598 92.3503756252755 564396.38000922
-0.0157999999999998 0.00979776305940457 0.0542920212450113 -2.51131609444303 92.3409932849702 564661.979845372
-0.0159 -0.0466182636924095 -0.0209231154939718 -2.5678409895063 92.3316109446648 564303.826449872
-0.0159999999999998 0.0789477755609786 0.00196885905442411 -2.53357917928234 92.3222286043595 564627.776514969
-0.0161 -0.0544553075083677 -0.0136945858522468 -2.5995588632137 92.3128462640542 564282.517766061
-0.0161999999999999 0.0204846898649975 0.0563648380901824 -2.56699762364729 92.3034639237489 564627.809253143
-0.0162999999999999 -0.00987099740658159 -0.0634899318135107 -2.63312615514835 92.2940815834436 564233.361051049
-0.0163999999999999 0.0379918815543191 0.0420301785786426 -2.60007890765463 92.2846992431382 564561.273411048
-0.0164999999999999 -0.0707563561056326 -0.00756058164684244 -2.66537666343734 92.2753169028329 564160.079143485
-0.0165999999999999 0.0641388774950452 0.00716956360034759 -2.62316235164335 92.2659345625276 564508.246906372
-0.0166999999999999 -0.0284193077822632 -0.039634973361023 -2.68243059531563 92.2565522222223 564157.769329386
-0.0167999999999999 0.00726936923372786 0.0621356144318205 -2.65465155507295 92.247169881917 564494.573223222
-0.0168999999999998 -0.0257385188940421 -0.0481161685570516 -2.71706484334307 92.2377875416117 564139.393307262
-0.0169999999999999 0.0598867673753468 0.0119839986729409 -2.68096496901879 92.2284052013063 564420.771602278
-0.0170999999999998 -0.0664077948053742 0.00319107104941149 -2.73696781043598 92.219022861001 564091.916759307
-0.0172 0.0270143578256844 0.0270768222340225 -2.71105643945218 92.2096405206957 564334.001786443
-0.0172999999999998 -0.00132690326980486 -0.0594431984154365 -2.76311913674244 92.2002581803904 564053.615241811
-0.0174 0.00903112562223591 0.0406905244731684 -2.74165723770474 92.190875840085 564322.395850256
-0.0174999999999998 -0.0377248332020593 -0.0125072556239639 -2.79366772895587 92.1814934997797 564073.594237716
-0.0175999999999999 0.043468584950762 -0.00662710876555271 -2.7763400164265 92.1721111594744 564249.688899567
-0.0176999999999999 -0.0291321461237567 -0.0114787278437573 -2.81485543637843 92.1627288191691 564023.310991792
-0.0177999999999999 0.000926231809054405 0.0369330403629765 -2.80550369424053 92.1533464788638 564178.638813491
-0.0178999999999999 0.00970177534567772 -0.0368323172320637 -2.83501556639915 92.1439641385584 563999.839442829
-0.0179999999999999 0.00120690419654043 0.0127870106645308 -2.82946842487783 92.1345817982531 564122.942365877
-0.0180999999999999 -0.0249836577116694 0.000743669910429774 -2.86532180994279 92.1251994579478 564013.038843725
-0.0181999999999999 0.0172647931705427 0.0162390980203626 -2.86386030480561 92.1158171176425 564088.173452795
-0.0182999999999999 0.010992777526241 -0.0174823209037228 -2.88808401968442 92.1064347773371 563989.910654789
-0.0183999999999998 -0.021762417314888 0.0213973923830967 -2.89523147640559 92.0970524370318 563979.281331326
-0.0185 0.0115211206754355 -0.00687261033128291 -2.90930369512863 92.0876700967265 563957.916517656
-0.0185999999999998 -0.00119040843978101 -0.00517661329935669 -2.93141727598466 92.0782877564212 563926.572147809
-0.0187 -0.000893740963277414 0.022786608241382 -2.93624004361348 92.0689054161159 563984.195886164
-0.0187999999999998 -0.0154975071668113 -0.00769580982636687 -2.9629912725029 92.0595230758105 563884.208071876
-0.0188999999999999 0.0216703186972128 0.00452501129913983 -2.96103468233374 92.0501407355052 563973.780310922
-0.0189999999999999 -0.0271325605310076 -0.0173062105673819 -2.99939175097223 92.0407583951999 563754.084863775
-0.0190999999999999 0.00899763676195893 0.0432794292982183 -2.97545035274764 92.0313760548946 563955.321858609
-0.0191999999999999 0.00162890091275031 -0.0647224965558834 -3.02167701127361 92.0219937145893 563688.981757205
-0.0192999999999999 0.00870910911484433 0.0540826785010963 -2.98882495451845 92.0126113742839 563968.702313642
-0.0193999999999999 -0.0467919894850416 -0.0418517611014691 -3.05933512331883 92.0032290339786 563603.42233252
-0.0194999999999999 0.0608293957834875 0.0413165039619137 -3.00605016397339 91.9938466936733 564041.538901849
-0.0195999999999999 -0.0521267980565536 -0.0746636671901845 -3.10217701850578 91.984464353368 563489.54412613
-0.0196999999999998 0.0333105345996881 0.106067539187731 -3.02525902135007 91.9750820130627 564034.090434932
-0.0198 -0.0477303909080377 -0.0902945782182213 -3.14451020582224 91.9656996727573 563362.987500385
-0.0198999999999998 0.0873616588783177 0.0597721223682099 -3.05774533341759 91.956317332452 564039.134128115
-0.02 -0.118289507483015 -0.0449359755075504 -3.17186209579627 91.9469349921467 563319.35413631
-0.0200999999999998 0.0959612520306599 0.0570250832075635 -3.07536649263534 91.9375526518414 564054.266362453
-0.0201999999999999 -0.0550941506459603 -0.0922511829515497 -3.19553057429924 91.9281703115361 563279.829675247
-0.0202999999999999 0.0480046414565365 0.0890684120274032 -3.11298070925787 91.9187879712307 563911.468807655
-0.0203999999999999 -0.0816542427235411 -0.0543289672724502 -3.22205543097752 91.9094056309254 563255.049235513
-0.0204999999999999 0.0989920929356612 0.0272647053498638 -3.1436826121798 91.9000232906201 563890.322568342
-0.0205999999999999 -0.0938492634198435 -0.0313219532840661 -3.24384609720261 91.8906409503148 563276.542443608
-0.0206999999999999 0.0594968362931532 0.049945838292744 -3.18110398634339 91.8812586100094 563804.060426015
-0.0207999999999999 -0.0342158364927725 -0.0627026646931854 -3.25749155478834 91.8718762697041 563286.64930279
-0.0208999999999999 0.0485520205010407 0.0477520269247394 -3.20317005813253 91.8624939293988 563737.821968565
-0.0209999999999998 -0.0580422636845611 -0.0236896165501059 -3.28038023506734 91.8531115890935 563290.300176384
-0.0211 0.0552961320455853 0.024869463723133 -3.24133041164532 91.8437292487882 563643.988109214
-0.0211999999999998 -0.0302648850878984 -0.0393180527200746 -3.30704000638721 91.8343469084828 563270.582442893
-0.0213 0.0162956063728939 0.0646779440415081 -3.26840912657181 91.8249645681775 563620.160346265
-0.0213999999999998 -0.0297720183861004 -0.0493072900633013 -3.33354480504248 91.8155822278722 563241.124687183
-0.0214999999999998 0.0360173019006459 0.0291538207037893 -3.30464240554267 91.8061998875669 563537.52670293
-0.0215999999999999 -0.0443260162502101 -0.0308385244443149 -3.36452670113822 91.7968175472616 563169.712987307
-0.0216999999999999 0.0261077322575409 0.0351010641613198 -3.32926821737872 91.7874352069562 563482.686959841
-0.0217999999999999 -0.00860085495222039 -0.0577873931087275 -3.38693523207193 91.7780528666509 563168.232835289
-0.0218999999999999 0.00814112917018495 0.0528424299814852 -3.35388583909179 91.7686705263456 563472.919388741
-0.0219999999999999 -0.0349056417878465 -0.0256412289823975 -3.41364037290213 91.7592881860403 563182.643581538
-0.0220999999999999 0.0567065351950042 0.00855592590309028 -3.38641280708882 91.7499058457349 563467.97941921
-0.0221999999999999 -0.0475581245701212 -0.0119977431225951 -3.44552904377437 91.7405235054296 563112.367494048
-0.0222999999999998 0.0168966670207154 0.0419168798458076 -3.41624429531195 91.7311411651243 563351.164900595
-0.0223999999999999 -0.00473843065160149 -0.0408824111895537 -3.45820276620794 91.721758824819 563082.985091025
-0.0224999999999998 0.0307243548061969 0.0133203219607464 -3.44008076777019 91.7123764845137 563294.430908785
-0.0226 -0.0525326259135377 0.0122323187118854 -3.48772343421673 91.7029941442083 563083.361001483
-0.0226999999999998 0.0410482029877352 -0.00292436440886262 -3.47911637930243 91.693611803903 563258.489822808
-0.0228 -0.000818337584083775 -0.0315411347549871 -3.51902576156184 91.6842294635977 563072.2075606
-0.0228999999999999 -0.00149817416206371 0.0348612256003971 -3.50542573835199 91.6748471232924 563197.996550534
-0.0229999999999999 -0.0202919686407776 -0.0195736040922689 -3.53879787042409 91.6654647829871 563031.911319504
-0.0230999999999999 0.0425644875965921 -0.0125225867930268 -3.53169115101791 91.6560824426817 563126.456636356
-0.0231999999999999 -0.0223242917341292 0.00354111181120565 -3.56514080962456 91.6467001023764 563000.060949147
-0.0232999999999999 -0.0152984049636576 0.0288191459045138 -3.55857125578101 91.6373177620711 563083.491914765
-0.0233999999999999 0.0258098543818096 -0.0525403194018622 -3.58862143200086 91.6279354217658 562992.99956813
-0.0234999999999999 -0.00551597902669425 0.0248949190057479 -3.59359801054837 91.6185530814604 563062.783288107
-0.0235999999999998 -0.0110305802773316 0.0040549501245755 -3.61645058667778 91.6091707411551 562950.137366451
-0.0236999999999999 0.00973828677193815 -0.00486934925235072 -3.62285937094929 91.5997884008498 562959.073458019
-0.0237999999999998 0.0219512467160085 -0.0201080565582654 -3.64309169468626 91.5904060605445 562920.024857931
-0.0239 -0.0325908348161893 0.0336889166008797 -3.65374525202586 91.5810237202392 562933.288797898
-0.0239999999999998 0.0149639186106076 -0.0138668893266933 -3.67136984222782 91.5716413799339 562911.038094158
-0.0241 0.0198982532529572 -0.0216730666402976 -3.68148346136312 91.5622590396285 562896.291069731
-0.0241999999999998 -0.02841902181612 0.039852189268627 -3.68904424969657 91.5528766993232 562919.765660526
-0.0242999999999999 0.00627475982514412 -0.0116721840290939 -3.71273476382069 91.5434943590179 562845.623368808
-0.0243999999999999 0.0260004964622818 -0.0100422679766212 -3.71570642826757 91.5341120187126 562854.192631583
-0.0244999999999999 -0.0134681025347096 -0.00055578960174843 -3.7408209297081 91.5247296784072 562773.556666872
-0.0245999999999999 -0.0198971767632282 0.0355198886037236 -3.73553365898304 91.5153473381019 562833.136866746
-0.0246999999999999 0.0319605375050285 -0.0544113858487997 -3.77111009623222 91.5059649977966 562750.008562654
-0.0247999999999999 0.000975630014282036 0.0368161810142729 -3.75996167633619 91.4965826574913 562862.878112398
-0.0248999999999999 -0.033660146331754 0.000600381629416177 -3.80847227295564 91.487200317186 562665.41652343
-0.0249999999999999 0.0480356671883728 -0.00982810294804401 -3.790524879376 91.4778179768806 562815.610400825
-0.0250999999999998 -0.0285725077702851 -0.0258986067788642 -3.83200081800799 91.4684356365753 562588.221573156
-0.0252 -0.00561654997394929 0.0638710422648538 -3.80794971188392 91.45905329627 562820.594787622
-0.0252999999999998 -0.0149133730963674 -0.0498659322009417 -3.8701301301739 91.4496709559647 562527.05784099
-0.0254 0.0670518860004453 -0.000200204756415035 -3.83633112342831 91.4402886156593 562813.71712493
-0.0254999999999998 -0.0935828200359833 0.0202747794362852 -3.90233564652406 91.430906275354 562508.775560567
-0.0255999999999999 0.0611981344255552 0.012264271325543 -3.85469207252787 91.4215239350487 562796.634727266
-0.0256999999999999 -0.0121961890238003 -0.0534362354827098 -3.92116550181029 91.4121415947434 562435.559352654
-0.0257999999999999 0.0104351027389084 0.0608008012250743 -3.88924984888148 91.4027592544381 562739.412674464
-0.0258999999999999 -0.0464473072330578 -0.0301833254340144 -3.95046570442494 91.3933769141327 562385.683006871
-0.0259999999999999 0.0696574376000921 0.0105964626620485 -3.9099986840358 91.3839945738274 562722.743601684
-0.0260999999999999 -0.038113721318039 -0.0224093818896218 -3.97311983220079 91.3746122335221 562401.149046159
-0.0261999999999999 0.000581903909076599 0.0597550991610205 -3.94688417366974 91.3652298932168 562692.967143627
-0.0262999999999999 0.00355164608204375 -0.0632479565082354 -4.00222761248154 91.3558475529115 562348.51470815
-0.0263999999999998 0.0209182944444801 0.0369775074387439 -3.97423263713854 91.3464652126061 562605.652143644
-0.0265 -0.028563978143244 -0.0257596943417357 -4.02369243639095 91.3370828723008 562325.921254274
-0.0265999999999998 0.0163464360673719 0.0328729589930485 -4.00396498894146 91.3277005319955 562552.564427788
-0.0267 0.0103471064929978 -0.0488396387830642 -4.04824828721982 91.3183181916902 562320.83399833
-0.0267999999999998 -0.00236716550419415 0.0470253209170072 -4.03647304830448 91.3089358513849 562534.562056484
-0.0268999999999998 -0.0215166295200992 -0.020791989049428 -4.07672786547155 91.2995535110795 562286.975909802
-0.0269999999999999 0.0404532648245133 0.00322199799160452 -4.05834652913277 91.2901711707742 562448.805667965
-0.0270999999999999 -0.0405117780296432 -0.00260782817886567 -4.10582082102531 91.2807888304689 562229.303947347
-0.0271999999999999 0.01852083566438 0.0185734026463267 -4.08688483720464 91.2714064901636 562417.203370385
-0.0272999999999999 -0.00424922581987401 -0.0393261491923242 -4.13255926752135 91.2620241498582 562232.82453703
-0.0273999999999999 0.0193038216631108 0.0162613024824709 -4.12220504989107 91.2526418095529 562394.499100683
-0.0274999999999999 -0.0472315177760601 0.0174339789684671 -4.15646966374043 91.2432594692476 562186.950699912
-0.0275999999999999 0.0535768463659656 -0.0152031322124575 -4.14497654445837 91.2338771289423 562313.355513148
-0.0276999999999998 -0.0138158737732372 -0.0184315698272341 -4.18176794045508 91.224494788637 562147.428310522
-0.0277999999999999 -0.00445860212213367 0.0349345090614897 -4.17259078205705 91.2151124483316 562303.671172099
-0.0278999999999998 -0.00345059210923842 -0.019043206110501 -4.20449555805958 91.2057301080263 562156.347766891
-0.028 0.0358230351700222 -0.00860345268446723 -4.20042604609264 91.196347767721 562269.582210969
-0.0280999999999998 -0.0351714022169379 0.011717404084708 -4.23694587553389 91.1869654274157 562087.958236416
-0.0281999999999998 0.0108088467549238 0.00518770785597917 -4.22885509074298 91.1775830871104 562163.181369156
-0.0282999999999999 0.012820097489595 -0.0424955041323827 -4.25918449958 91.168200746805 562053.128935952
-0.0283999999999999 -0.0116845591482832 0.0408134325186497 -4.25699481332237 91.1588184064997 562190.864671767
-0.0284999999999999 -0.0170638330259279 -0.00217542581945349 -4.28375069251356 91.1494360661944 562048.150241433
-0.0285999999999999 0.0372288192708466 -0.0164541272732475 -4.28360144245406 91.1400537258891 562155.110044521
-0.0286999999999999 -0.014089041523928 -0.00795502897246594 -4.31375831873917 91.1306713855838 561986.394491278
-0.0287999999999999 -0.0166826959608884 0.0389175155743631 -4.31130295778735 91.1212890452784 562091.015012316
-0.0288999999999999 0.0181276641061031 -0.0407664294988779 -4.33807377879243 91.1119067049731 561957.297351363
-0.0289999999999998 0.0285753416132391 -0.000764502778173194 -4.33516695767763 91.1025243646678 562074.734469961
-0.0290999999999999 -0.0462917387063525 0.0231925555938587 -4.37032162966841 91.0931420243625 561927.396216727
-0.0291999999999998 0.0269410920549713 -0.00134407107227648 -4.36617282886004 91.0837596840572 562041.504389369
-0.0293 0.0211112519855881 -0.0468439867657517 -4.3989472768627 91.0743773437518 561898.978554287
-0.0293999999999998 -0.0220130924924847 0.0610966863781459 -4.39590442565975 91.0649950034465 561990.321315345
-0.0295 -0.0260445244629135 -0.00883757154033864 -4.43968826208535 91.0556126631412 561800.47320228
-0.0295999999999998 0.0748763320973014 -0.0362122331640607 -4.41817653164914 91.0462303228359 561984.433056315
-0.0296999999999999 -0.0468910284204803 0.0208367675566145 -4.45753663233965 91.0368479825305 561819.990413621
-0.0297999999999999 -0.0211526012602735 0.0539732849454941 -4.44469364782843 91.0274656422252 561954.201713956
-0.0298999999999999 0.0312420519438111 -0.0770809480279312 -4.49350617211528 91.0180833019199 561743.262921993
-0.0299999999999999 0.0181384082705336 0.0229370409833077 -4.47348274307974 91.0087009616146 561896.626974441
-0.0300999999999999 -0.080099770839352 0.0407354314602858 -4.51793969671616 90.9993186213093 561683.618863386
-0.0301999999999999 0.0629054324000461 -0.0299190491865706 -4.50676939701206 90.9899362810039 561868.322143604
-0.0302999999999999 0.000270683836813866 -0.0289897575366352 -4.55203908931476 90.9805539406986 561709.909137835
-0.0303999999999999 -0.0297011872273144 0.0641455026777761 -4.53718474410562 90.9711716003933 561813.919543782
-0.0304999999999998 -0.00385837084438098 -0.0238057360592222 -4.57502438069424 90.961789260088 561669.316124134
-0.0306 0.0492125319291561 -0.015403050986558 -4.56550997772305 90.9524069197826 561758.533879912
-0.0306999999999998 -0.0410789468679232 0.0189186109799873 -4.59461923916459 90.9430245794773 561626.706267291
-0.0308 0.00652024411376005 0.0198009858225812 -4.59412359441286 90.933642239172 561715.606907643
-0.0308999999999998 0.0279729310510644 -0.0418560297967168 -4.62092934023885 90.9242598988667 561640.893015134
-0.0309999999999999 -0.00358210583518444 0.0232021314542876 -4.6221339659681 90.9148775585614 561711.511871864
-0.0310999999999999 -0.017869176636741 0.00722968441936529 -4.64574053726024 90.905495218256 561611.800099034
-0.0311999999999999 0.0297247349333277 -0.020325778788263 -4.65200465397861 90.8961128779507 561614.331643558
-0.0312999999999999 -0.015724959344406 0.00144578857117388 -4.68019615210766 90.8867305376454 561547.628391644
-0.0313999999999999 -0.00645284343424369 0.0186156310944157 -4.68261379250648 90.8773481973401 561600.481204127
-0.0314999999999999 0.0129309724196321 -0.0168908135800534 -4.70269656104514 90.8679658570348 561571.782027818
-0.0315999999999999 0.00658051511073418 0.0113983555006766 -4.70925150113644 90.8585835167294 561574.937728223
-0.0316999999999999 -0.017657216663221 0.0167290181637616 -4.73373323837786 90.8492011764241 561505.552906722
-0.0317999999999998 0.0201194556623563 -0.00949249813699109 -4.74098308213623 90.8398188361188 561497.640649759
-0.0319 -0.00629196110924688 0.00227755152066449 -4.76493631348836 90.8304364958135 561466.491244773
-0.0319999999999998 -0.00572557812652564 0.014446365074327 -4.77349081343639 90.8210541555082 561509.771066019
-0.0321 0.0065847177211632 -0.0118259305873537 -4.79171309433225 90.8116718152028 561451.899950609
-0.0321999999999998 0.00865395336369992 -0.00190358053647008 -4.79973583098809 90.8022894748975 561446.434754043
-0.0322999999999998 -0.00636356447589424 0.00791937310181641 -4.81418362078895 90.7929071345922 561409.498518554
-0.0323999999999999 0.0066959884214542 -0.00349420068133514 -4.82126290249618 90.7835247942869 561406.094485028
-0.0324999999999999 0.00390841467855904 -0.00719025198951424 -4.83755017880864 90.7741424539816 561385.745922199
-0.0325999999999999 -0.0177262333343966 0.0112550911071538 -4.86403906690386 90.7647601136762 561372.398225822
-0.0326999999999999 0.02238564303003 -0.0142409544704529 -4.86473980118611 90.7553777733709 561402.71082377
-0.0327999999999999 -0.0040267566769068 0.00222145244754004 -4.87725223634502 90.7459954330656 561347.897111776
-0.0328999999999999 -0.0096116704588867 0.00705855378257936 -4.89089093143863 90.7366130927603 561308.418976468
-0.0329999999999999 -0.000926143510499234 -0.000733216936350817 -4.9135831059381 90.7272307524549 561285.932692361
-0.0330999999999998 0.0111742660459448 -0.00824495108517346 -4.9225761389691 90.7178484121496 561273.9128298
-0.0332 -0.0116357479449736 0.00680427835264587 -4.93462772425475 90.7084660718443 561280.791428516
-0.0332999999999998 0.00594197622395813 -0.00387421545427253 -4.94668244574349 90.699083731539 561282.550168036
-0.0334 0.0128639512899817 0.00580948377967995 -4.95950988330231 90.6897013912337 561290.499582683
-0.0334999999999998 -0.00659040188339248 0.0100983611816905 -4.97310337581025 90.6803190509283 561226.67964299
-0.0335999999999998 0.00223209551726507 -0.00679755350330975 -4.98982314069824 90.670936710623 561191.621645072
-0.0336999999999999 -0.00129833909748787 0.00608931566198504 -5.00347563031965 90.6615543703177 561186.794829714
-0.0337999999999999 -0.00486393397846768 0.00112176811399072 -5.01929863011482 90.6521720300124 561147.406533569
-0.0338999999999999 0.00794872310224685 -0.00466497014717725 -5.02480971029382 90.6427896897071 561171.463844623
-0.0339999999999999 -0.00378103826798278 -0.00190734814894223 -5.04269313319048 90.6334073494017 561126.855184322
-0.0340999999999999 -0.00854614239701309 0.0169966735287187 -5.0529792104247 90.6240250090964 561153.017416136
-0.0341999999999999 0.00560098635719732 -0.0178836353649309 -5.07720587543611 90.6146426687911 561083.721279027
-0.0342999999999999 0.00926910798185856 0.00676651097767809 -5.07676343919101 90.6052603284858 561107.070250591
-0.0343999999999998 -0.0284559309665581 0.00232436899234315 -5.10507345819036 90.5958779881805 561008.922903984
-0.0344999999999999 0.0126746776966574 0.010163109154896 -5.10336092057893 90.5864956478751 561097.682048276
-0.0345999999999998 0.00122772437946899 -0.0214249553215432 -5.12892100150981 90.5771133075698 560977.076143251
-0.0347 -0.00389663608967275 0.0196892269700747 -5.13480851902643 90.5677309672645 561078.856839516
-0.0347999999999998 -0.0235189747841301 -0.00884970367294776 -5.16139576087708 90.5583486269592 560964.426450646
-0.0348999999999998 0.025754050937288 0.00330830330494101 -5.15597488878199 90.5489662866539 561087.302653619
-0.0349999999999999 -0.0160792451870375 -0.013039768750209 -5.19192047780068 90.5395839463485 560898.481563715
-0.0350999999999999 0.00234517693549192 0.0253625959891998 -5.18518422260934 90.5302016060432 561010.953153826
-0.0351999999999999 -0.0142148396877972 -0.0224535214825018 -5.2247603389195 90.5208192657379 560837.762392045
-0.0352999999999999 0.0363656327215765 0.00844717245525044 -5.19931791401683 90.5114369254326 561016.591394459
-0.0353999999999999 -0.0384429850767213 -0.00482417834930969 -5.24223959311119 90.5020545851272 560815.769222549
-0.0354999999999999 0.0267492646941671 0.0217616271361026 -5.2296580649035 90.4926722448219 561036.538187275
-0.0355999999999999 -0.0112284579597416 -0.0372732928554995 -5.28046615551533 90.4832899045166 560766.328854188
-0.0356999999999998 0.0255983606978388 0.0303992496116132 -5.25109301190199 90.4739075642113 560973.744764907
-0.0357999999999999 -0.0446601203140104 -0.0186789270688954 -5.30655360223126 90.464525223906 560691.502478871
-0.0358999999999998 0.0633827194105625 0.00303023155665436 -5.26852364608174 90.4551428836006 560990.834285633
-0.036 -0.0382762881344344 -0.0359720591294134 -5.33736469699756 90.4457605432953 560649.539677425
-0.0360999999999998 0.0111557668898076 0.0580814777900787 -5.30702338310734 90.43637820299 560976.671381143
-0.0362 -0.0163880291607706 -0.0551486283378968 -5.37375309209528 90.4269958626847 560571.761998406
-0.0362999999999998 0.0501687473531382 0.0289349047412862 -5.32707701062607 90.4176135223794 560920.335166496
-0.0363999999999999 -0.0631623590734951 -0.011886478437066 -5.39685801041437 90.408231182074 560536.515970436
-0.0364999999999999 0.0466177997953602 0.0376545253209356 -5.35536366696256 90.3988488417687 560920.55744066
-0.0365999999999999 -0.0200222616915537 -0.0641612923102782 -5.43037873582705 90.3894665014634 560501.834351587
-0.0366999999999999 0.0134508693029406 0.0678582456801477 -5.38161967330475 90.3800841611581 560892.579070832
-0.0367999999999999 -0.0354437923432768 -0.0543592342383335 -5.4550200787857 90.3707018208527 560435.789278821
-0.0368999999999999 0.0587958513836018 0.0237512838368786 -5.40133754405873 90.3613194805474 560826.475682037
-0.0369999999999999 -0.0699714063966089 -0.0213840926727594 -5.48484384895821 90.3519371402421 560407.129773418
-0.0370999999999999 0.0312944700208308 0.0503349274860908 -5.4318651397243 90.3425547999368 560834.223484121
-0.0371999999999998 -0.0191131503847508 -0.0829591354295613 -5.51523800226635 90.3331724596315 560378.433649972
-0.0373 0.0438140079744649 0.0611494421776534 -5.4552980065684 90.3237901193261 560839.090979703
-0.0373999999999998 -0.0795845518201021 -0.0115726576835016 -5.53743916451308 90.3144077790208 560333.900747315
-0.0375 0.0852856148012634 0.0047969511328631 -5.48416918734286 90.3050254387155 560743.200873208
-0.0375999999999998 -0.0455380576272268 -0.0517194847401647 -5.56950969911944 90.2956430984102 560290.653752796
-0.0376999999999999 0.0156223912824013 0.0799820291409676 -5.50907451926422 90.2862607581049 560760.285392867
-0.0377999999999999 -0.0230013952314961 -0.0676856653696003 -5.59318669958236 90.2768784177995 560300.171870223
-0.0378999999999999 0.055076007476367 0.0307098443516451 -5.53665874509437 90.2674960774942 560713.530773479
-0.0379999999999999 -0.0619429489926911 -0.016758029500562 -5.61536749417555 90.2581137371889 560270.860995584
-0.0380999999999999 0.0394093902056653 0.0377286887667851 -5.56916523666921 90.2487313968836 560618.878257026
-0.0381999999999999 -0.0138291592691147 -0.0651231377141663 -5.64233136873298 90.2393490565782 560236.679860144
-0.0382999999999999 0.0120263573345485 0.0642685634670573 -5.5970028974039 90.2299667162729 560599.43873411
-0.0383999999999999 -0.0383975977163741 -0.0292382213899019 -5.66532118069544 90.2205843759676 560250.937342832
-0.0384999999999998 0.0511531702244222 0.0104239290957202 -5.62818699628498 90.2112020356623 560557.119246764
-0.0386 -0.0403056914284522 -0.0153143507862016 -5.6892605512925 90.201819695357 560241.85484873
-0.0386999999999998 0.00754429946418563 0.0394498050237983 -5.66278983223873 90.1924373550517 560476.742060219
-0.0388 -0.0118045500959056 -0.0353825563230742 -5.71173762618111 90.1830550147463 560205.138425688
-0.0388999999999998 0.0283519148083374 0.0116646102242796 -5.686014775524 90.173672674441 560422.07568392
-0.0389999999999998 -0.0446191869411354 -0.000495191966710018 -5.73550536518396 90.1642903341357 560238.911316702
-0.0390999999999999 0.0296976973152538 0.0043396354943306 -5.72395885288272 90.1549079938304 560387.28493287
-0.0391999999999999 -0.00725900277742478 -0.0240172205840674 -5.76362071302394 90.145525653525 560214.711267376
-0.0392999999999999 0.00155852617376675 0.0233603465689281 -5.75215001765752 90.1361433132197 560311.18481534
-0.0393999999999999 -0.00759760230773077 -0.00442607367489209 -5.78056721080673 90.1267609729144 560173.93614375
-0.0394999999999999 0.018006088778894 0.00276761137102362 -5.78301513570271 90.1173786326091 560260.831799152
-0.0395999999999999 -0.0020829817931275 0.00116008548739334 -5.80842160905278 90.1079962923038 560218.422889612
-0.0396999999999999 0.00498378386281644 0.0161090947463986 -5.81385312843785 90.0986139519984 560238.326782682
-0.0397999999999998 0.0127886742238662 -0.0137890888462557 -5.83139423972714 90.0892316116931 560168.036753828
-0.0398999999999999 -0.000428042360685027 0.00797145027386941 -5.83483446197807 90.0798492713878 560185.951210373
-0.0399999999999998 -0.0176205516938557 -1.5768322499154e-05 -5.85588096540605 90.0704669310825 560110.058453493
-0.0401 0.0165123524694007 -0.0159021168131145 -5.86969680063777 90.0610845907771 560166.295830865
-0.0401999999999998 0.0043840032838535 0.00185115230207348 -5.88822202650782 90.0517022504718 560156.573071265
-0.0402999999999998 -0.00284459275138214 0.0151525313445602 -5.90038241389226 90.0423199101665 560147.288585016
-0.0403999999999999 0.00547125661651176 6.04675685234858e-05 -5.91422137967968 90.0329375698612 560102.281421481
-0.0404999999999999 0.00721429416954429 -0.000153164552186391 -5.9265544185093 90.0235552295559 560079.788159299
-0.0405999999999999 -0.0214115008544909 0.00967999188990861 -5.94106911071421 90.0141728892505 560055.133570825
-0.0406999999999999 0.00971165465258859 0.00122084690286527 -5.94003572374043 90.0047905489452 560062.791445252
-0.0407999999999999 0.0115262066300851 -0.0112612507154365 -5.96652343871585 89.9954082086399 560042.840637434
-0.0408999999999999 -0.0226981494697096 0.0202581813199064 -5.98421313393249 89.9860258683346 560037.561123053
-0.0409999999999999 -0.00261302112748234 0.00102684086760781 -6.00094604853116 89.9766435280293 560018.225057391
-0.0410999999999998 0.0320032331157475 -0.025409859309469 -6.00674824445379 89.9672611877239 559991.802609999
-0.0411999999999999 -0.0247021686405407 0.0259221712084329 -6.02073778818094 89.9578788474186 559962.759470436
-0.0412999999999998 -0.00773829773618459 0.0147156591987188 -6.02832391833274 89.9484965071133 559973.614057772
-0.0414 0.0296610934139358 -0.0283722480919799 -6.04704345570347 89.939114166808 559950.788756511
-0.0414999999999998 0.000896664419544705 0.000865610843258185 -6.06207059461455 89.9297318265027 559960.025088007
-0.0415999999999998 -0.0411454238373884 0.0396504746451779 -6.07566061063749 89.9203494861973 559941.670437579
-0.0416999999999998 0.0424977889843252 -0.0431950047778872 -6.08537593460234 89.910967145892 559904.809525421
-0.0417999999999999 0.00742240714100567 -0.00713239429114022 -6.09716081766595 89.9015848055867 559872.384542091
-0.0418999999999999 -0.044283890614906 0.0524541491910142 -6.11369679557504 89.8922024652814 559867.995502576
-0.0419999999999999 0.0191505760120003 -0.0202588007612646 -6.13273372923888 89.882820124976 559834.191009705
-0.0420999999999999 0.0360521667612166 -0.0353077132268624 -6.14521097425331 89.8734377846707 559873.206588665
-0.0421999999999999 -0.0405734506884545 0.0433412410049097 -6.15455502634686 89.8640554443654 559833.181565346
-0.0422999999999999 -0.00903890263082911 0.0217937116775116 -6.16236997341999 89.8546731040601 559816.000150252
-0.0423999999999999 0.0496644954153938 -0.0669107296189215 -6.18528300318042 89.8452907637548 559735.538730591
-0.0424999999999999 -0.0159577003169677 0.027541349013312 -6.18559952896188 89.8359084234494 559801.588270583
-0.0425999999999998 -0.0461560998920925 0.0360700837362588 -6.21372090041445 89.8265260831441 559740.481377262
-0.0427 0.0551006280605393 -0.0496105568126243 -6.21931064241804 89.8171437428388 559769.218384674
-0.0427999999999998 0.00269284478708494 -0.0070875646390997 -6.22834684533 89.8077614025335 559723.119484253
-0.0429 -0.0376512958340208 0.0437976831604726 -6.23766773423001 89.7983790622282 559733.90992669
-0.0429999999999998 0.0204313547346698 -0.020710508565226 -6.26095112297168 89.7889967219228 559663.752211418
-0.0430999999999999 0.0194382712711531 -0.0262864852921263 -6.2815319413297 89.7796143816175 559663.4362475
-0.0431999999999999 -0.027047645907954 0.0312603951774085 -6.28870382986078 89.7702320413122 559675.907821365
-0.0432999999999999 -0.0127501960882148 0.00378626047003803 -6.30344723442607 89.7608497010069 559667.502955354
-0.0433999999999999 0.0483943912378829 -0.0454703791880035 -6.31051557172738 89.7514673607016 559662.346479415
-0.0434999999999999 -0.0305567703733304 0.0352533469018745 -6.33149054243807 89.7420850203962 559609.295690332
-0.0435999999999999 -0.00569727827542806 0.00633164941077045 -6.34498840839015 89.7327026800909 559591.615798348
-0.0436999999999999 0.0323941697973017 -0.0223848771858253 -6.35177949942978 89.7233203397856 559591.838846971
-0.0437999999999999 -0.0107556683285632 0.0015554707084014 -6.36998397537637 89.7139379994803 559570.997296589
-0.0438999999999998 -0.0215639387360257 0.0262169623112285 -6.38052270734312 89.704555659175 559602.310236053
-0.044 0.00867841837918113 -0.0174664578785696 -6.39583297332389 89.6951733188696 559541.369928878
-0.0440999999999998 0.0255487214555484 -0.020501703545126 -6.40277650452668 89.6857909785643 559543.699867013
-0.0442 -0.0481191830350156 0.0352222283131381 -6.42386196577101 89.676408638259 559481.303233808
-0.0442999999999998 0.0124418379299213 -0.0111336464004903 -6.4316676694176 89.6670262979537 559517.579192286
-0.0443999999999998 0.0238498510122417 -0.0312200845615597 -6.44794755456 89.6576439576483 559473.920166881
-0.0444999999999999 -0.0220830319163138 0.0313335953053619 -6.46394030566053 89.648261617343 559499.263735115
-0.0445999999999999 -0.00517962018557567 0.0118244746866918 -6.47578454664224 89.6388792770377 559488.001383174
-0.0446999999999999 0.0217704546255986 -0.0134122165599191 -6.48479535137237 89.6294969367324 559488.486328315
-0.0447999999999999 0.000109359703216207 -0.00735170619024473 -6.50439427761351 89.6201145964271 559395.58279977
-0.0448999999999999 -0.0249429665842613 0.036381123020788 -6.51468119902332 89.6107322561217 559416.893266516
-0.0449999999999999 0.0185186740482332 -0.0316134638822076 -6.53506567227904 89.6013499158164 559362.453377241
-0.0450999999999999 0.0211518641556355 -0.0056761863332097 -6.53731530005295 89.5919675755111 559436.478554276
-0.0451999999999998 -0.039718321159515 0.0267566265291404 -6.55684833706686 89.5825852352058 559374.699298853
-0.0453 0.0178945093463747 -0.0121291144868465 -6.56707299323678 89.5732028949004 559390.663692612
-0.0453999999999998 0.0102147006247442 -0.0298352951163796 -6.58862558544879 89.5638205545951 559292.018729763
-0.0455 -0.0267050682424688 0.035400243329182 -6.59401205821551 89.5544382142898 559332.729911324
-0.0455999999999998 -0.0098417372001843 0.006417567366109 -6.61725321175582 89.5450558739845 559266.519477477
-0.0456999999999998 0.0395832187879229 -0.0251882155932828 -6.61961444501936 89.5356735336792 559346.720751404
-0.0457999999999999 -0.0205218035422347 0.00497364161086984 -6.64279997433738 89.5262911933739 559268.777926237
-0.0458999999999999 -0.0139841450685118 0.031080117178446 -6.63859451307818 89.5169088530685 559295.809516226
-0.0459999999999999 0.0261673075797182 -0.0485276722004376 -6.67008486416601 89.5075265127632 559173.354032901
-0.0460999999999999 0.00274263009783941 0.0203093156761026 -6.67192540156449 89.4981441724579 559271.889722368
-0.0461999999999999 -0.032774370095719 0.0156999102343642 -6.70050813064669 89.4887618321526 559177.297811377
-0.0462999999999999 0.0349601233724285 -0.00738490887949579 -6.69152431065784 89.4793794918472 559275.054244134
-0.0463999999999999 -0.00372764290393514 -0.0213239487157853 -6.72887295727336 89.4699971515419 559130.701028204
-0.0464999999999998 -0.0114449437542826 0.0319912575883857 -6.72636511111177 89.4606148112366 559212.878453893
-0.0465999999999999 -0.0187406567019004 -0.00905965313675049 -6.75040047210313 89.4512324709313 559060.162861583
-0.0466999999999998 0.0606170601756614 -0.0257932901099455 -6.73882178551757 89.441850130626 559211.867980589
-0.0468 -0.0486330918922958 0.0142339144953446 -6.78657151765861 89.4324677903206 559065.316226804
-0.0468999999999998 0.00857918807926717 0.0343525277515923 -6.77288466385439 89.4230854500153 559210.043900726
-0.0469999999999998 0.0270959222133057 -0.0682697635256405 -6.82175920054107 89.41370310971 559007.901648712
-0.0470999999999999 -0.0034789095409186 0.0488745306283265 -6.79851806125711 89.4043207694047 559179.634749439
-0.0471999999999999 -0.0552192993796935 0.00681222339143483 -6.84662577798716 89.3949384290994 558935.127236635
-0.0472999999999999 0.0567812212635156 -0.0164178799865068 -6.82402231109784 89.385556088794 559134.791208038
-0.0473999999999999 0.00171815094001107 -0.0414032332718856 -6.86713526868782 89.3761737484887 558949.719674603
-0.0474999999999999 -0.0367941457725214 0.0814640660111511 -6.84754471728132 89.3667914081834 559136.033606112
-0.0475999999999999 -0.00315240393040723 -0.041627683548258 -6.89859704159579 89.3574090678781 558914.904767662
-0.0476999999999999 0.068642258702325 -0.0330477298087747 -6.87473729241448 89.3480267275727 559093.63729817
-0.0477999999999998 -0.0755475183532713 0.0423999615067956 -6.92061905158436 89.3386443872674 558896.941844121
-0.0478999999999999 0.0242754296712511 0.0174505717336472 -6.90458104766968 89.3292620469621 559022.488874517
-0.0479999999999998 0.0264651072974717 -0.0598909288873163 -6.95073434773419 89.3198797066568 558878.475447192
-0.0481 -0.00583049423520537 0.045322599441888 -6.92872675320039 89.3104973663515 559043.039059078
-0.0481999999999998 -0.0225673400010095 -0.00255590036938651 -6.96913648159681 89.3011150260461 558886.565374982
-0.0483 0.0313418428652444 -0.00353523912046633 -6.9603646619967 89.2917326857408 558980.530930925
-0.0483999999999998 -0.0042760728951281 -0.0277765808794757 -7.00230855033655 89.2823503454355 558808.361042897
-0.0484999999999999 -0.0199037966498027 0.0438460168835714 -6.98302974885114 89.2729680051302 558939.961189017
-0.0485999999999999 0.00298497275529515 -0.0258503841160207 -7.01493142480469 89.2635856648249 558818.79939352
-0.0486999999999999 0.0157125494705491 -0.00641890634212853 -7.01960298581593 89.2542033245195 558903.653131909
-0.0487999999999999 -0.0339335860643404 0.0199139901609407 -7.05045530135679 89.2448209842142 558804.439569902
-0.0488999999999999 0.0284204745676552 0.00587058278601729 -7.0430572421362 89.2354386439089 558913.770838663
-0.0489999999999999 -0.00692483889217539 -0.0187608307937472 -7.07295551274643 89.2260563036036 558742.165670897
-0.0490999999999999 0.0116587736470262 0.0141513180412768 -7.06721478874229 89.2166739632982 558833.192957766
-0.0491999999999999 -0.0235498269888022 0.00274016014724238 -7.10327153602152 89.2072916229929 558719.295932191
-0.0492999999999998 0.0295249671299936 -0.00117401427652299 -7.09709336482088 89.1979092826876 558845.339930194
-0.0494 0.00670576777834423 -0.0211153556913952 -7.12963292086104 89.1885269423823 558725.437408043
-0.0494999999999998 -0.0133563306895592 0.0324503175454964 -7.12918333533875 89.179144602077 558805.838445348
-0.0496 -0.00551896253672596 -0.012305795811417 -7.15185188443293 89.1697622617716 558692.019294911
-0.0496999999999998 0.019224744484365 -0.00423559283772108 -7.15140582462838 89.1603799214663 558747.093344317
-0.0497999999999999 -0.0051685414045953 -0.00523240647020166 -7.17387107802907 89.150997581161 558671.249980498
-0.0498999999999999 -0.00759952734594678 0.021531756512864 -7.17442870536368 89.1416152408557 558689.722987973
-0.0499999999999999 0.00604772642867324 -0.012000645663435 -7.19496369237529 89.1322329005504 558657.269360732
-0.0500999999999999 0.0095828084615318 -0.0118563800474339 -7.20372643554267 89.122850560245 558685.39237744
-0.0501999999999999 -0.033111569418767 0.0132423437715082 -7.23082063303941 89.1134682199397 558629.714032731
-0.0502999999999999 0.0167769544582924 -0.00770022018505468 -7.23516211826424 89.1040858796344 558682.111527882
-0.0503999999999999 0.00646956375480258 -0.0155388771146602 -7.24964894105008 89.0947035393291 558606.792785192
-0.0504999999999999 -0.0191490414620374 0.0240155866834008 -7.25620585328423 89.0853211990238 558608.862777603
-0.0505999999999998 -0.00589305118877689 -0.0133085677396621 -7.28238648059808 89.0759388587184 558543.844404563
-0.0507 0.0185104592486079 -0.00639464117911371 -7.28702449561722 89.0665565184131 558610.962778752
-0.0507999999999998 -0.0272823481700779 -0.00351149665185859 -7.31918168910499 89.0571741781078 558510.223588896
-0.0509 0.0110110939159045 0.0175433362838209 -7.30551581738088 89.0477918378025 558626.952952725
-0.0509999999999998 0.0020044716212644 -0.0189520631883175 -7.3411053819582 89.0384094974972 558502.979639874
-0.0510999999999998 0.0219052922003471 0.0154931220766728 -7.33238514931145 89.0290271571918 558599.076919783
-0.0511999999999999 -0.0368147821176583 0.00179777078991034 -7.37213395034237 89.0196448168865 558428.230284786
-0.0512999999999999 0.0264865333204784 0.00117089497432077 -7.35211169468724 89.0102624765812 558563.263383113
-0.0513999999999999 -0.0223744604238938 -0.00896080397789987 -7.39516075359161 89.0008801362759 558425.706988912
-0.0514999999999999 0.0168125601141831 0.0236904360459776 -7.37838783263828 88.9914977959705 558580.979252487
-0.0515999999999999 -0.0124355213702768 -0.0217622499543552 -7.42649569713662 88.9821154556652 558397.673955033
-0.0516999999999999 0.0211344065111075 0.0155337991771537 -7.40887338545625 88.9727331153599 558532.79176881
-0.0517999999999999 -0.0146490610276868 -0.0134519103099916 -7.45230996433807 88.9633507750546 558353.31400335
-0.0518999999999998 0.00301001614677717 0.0299040953245346 -7.42980288624589 88.9539684347493 558520.338414899
-0.0519999999999999 0.00127492417558323 -0.0458961871054243 -7.47089327140548 88.9445860944439 558309.181345503
-0.0520999999999998 0.0174772251989711 0.0254363740316558 -7.4532633307493 88.9352037541386 558515.209060583
-0.0522 -0.0396936715986759 -0.0054633440936876 -7.50937801619007 88.9258214138333 558293.026610071
-0.0522999999999998 0.0448331598687917 -0.00194666432463891 -7.48659528949533 88.916439073528 558484.431156483
-0.0523999999999998 -0.0303459312441291 -0.0279807830504086 -7.53204149010099 88.9070567332227 558232.021630498
-0.0524999999999999 0.00995624456906131 0.0334864570373053 -7.50509924657663 88.8976743929173 558454.814979153
-0.0525999999999999 -0.0291886737336449 -0.027248728887619 -7.56034019315416 88.888292052612 558187.139890408
-0.0526999999999999 0.0363073383404818 0.0086348239662194 -7.53499383595108 88.8789097123067 558446.19401971
-0.0527999999999999 -0.0342727260709368 -0.0215843048410957 -7.58840154242692 88.8695273720014 558174.861230233
-0.0528999999999999 0.0033704044225472 0.0540632636892621 -7.55591741399422 88.860145031696 558432.897191252
-0.0529999999999999 -0.00597109998415808 -0.0573609042267298 -7.62105511996493 88.8507626913907 558135.697492779
-0.0530999999999999 0.0269318119448207 0.0328386442938993 -7.5785843489123 88.8413803510854 558424.584054971
-0.0531999999999999 -0.0668182621179162 -0.0157028515204041 -7.64742783788774 88.8319980107801 558060.73426188
-0.0532999999999999 0.0485981668300776 0.0223831931399226 -7.60193668835548 88.8226156704748 558386.324310019
-0.0533999999999998 -0.0383079022671 -0.045296413072222 -7.68449369310502 88.8132333301695 558000.466188149
-0.0535 0.0311908511552252 0.0647465898071468 -7.62328458770555 88.8038509898641 558433.580645949
-0.0535999999999998 -0.0496243344104143 -0.0501080854826857 -7.71644934340829 88.7944686495588 557976.254480191
-0.0537 0.0756956365444235 0.0248607536044323 -7.63880775760538 88.7850863092535 558452.764977549
-0.0537999999999998 -0.0774984811029366 -0.0366757001814351 -7.74558119455112 88.7757039689482 557887.540047611
-0.0538999999999999 0.0289131684761007 0.0784346321620754 -7.66544561988401 88.7663216286428 558393.452856057
-0.0539999999999999 -0.0195244575325928 -0.0972257177142304 -7.77319177171497 88.7569392883375 557851.256148688
-0.0540999999999999 0.0493665606059767 0.0747446747660726 -7.68489394844309 88.7475569480322 558419.564189871
-0.0541999999999999 -0.0873982245030824 -0.0275448091489099 -7.79866151007684 88.7381746077269 557861.157272487
-0.0542999999999999 0.0785658449342203 0.0202499822609826 -7.71646494056962 88.7287922674216 558362.384588555
-0.0543999999999999 -0.0425582072507729 -0.053310606704033 -7.81486561969496 88.7194099271162 557862.315021341
-0.0544999999999999 0.023969106180236 0.0546393949364634 -7.75654804706616 88.7100275868109 558256.97039994
-0.0545999999999999 -0.0620368294399441 -0.0338939312333843 -7.84890787954647 88.7006452465056 557821.656927966
-0.0546999999999998 0.081064394099966 -0.000460521574206279 -7.78470999080406 88.6912629062003 558226.393334912
-0.0548 -0.0462184966708835 -0.0259601791805677 -7.8609574998577 88.6818805658949 557863.44027568
-0.0548999999999998 0.00857630152824931 0.0617451072724609 -7.81470260742122 88.6724982255896 558188.114101928
-0.055 -0.00231795110198732 -0.0612807501954153 -7.87991883910073 88.6631158852843 557876.28996132
-0.0550999999999998 0.027284360499315 0.0285494350864355 -7.84895809461413 88.653733544979 558123.046619472
-0.0551999999999999 -0.0391400881969704 -0.0130875108501587 -7.91147181170272 88.6443512046737 557824.64504814
-0.0552999999999999 0.0269151066346595 0.024263513451774 -7.87636492102074 88.6349688643683 558078.19484481
-0.0553999999999999 -0.000666223532286651 -0.0432689016719616 -7.9359616635387 88.625586524063 557840.086189501
-0.0554999999999999 0.00979004097209022 0.0362417561710287 -7.90830841445177 88.6162041837577 558057.948533174
-0.0555999999999999 -0.0423778121201077 -0.000701490052869504 -7.96344887006239 88.6068218434524 557843.103800348
-0.0556999999999999 0.0539571305361832 -0.00871486301306012 -7.92910003690505 88.5974395031471 558031.649308143
-0.0557999999999999 -0.0267377612002866 -0.0158590618527882 -7.97502339295967 88.5880571628417 557803.212070236
-0.0558999999999999 -0.00710103561586147 0.0461853122230406 -7.95438075955252 88.5786748225364 557976.262186876
-0.0559999999999998 0.0128439647141771 -0.0487502208742796 -8.00108676315018 88.5692924822311 557800.266567062
-0.0560999999999999 0.0246142903292402 0.0140976023535299 -7.99111895811315 88.5599101419258 557972.538833134
-0.0561999999999998 -0.0219656083821341 -0.0027863098554269 -8.03036774492533 88.5505278016205 557794.055178577
-0.0563 0.013092431962749 0.0268439247788794 -8.00959759355652 88.5411454613151 557926.198723847
-0.0563999999999998 0.0123186871318868 -0.0544795459555974 -8.05647948273357 88.5317631210098 557730.092586433
-0.0564999999999998 -0.00478417892035113 0.0369241866964089 -8.04391407202323 88.5223807807045 557891.268551687
-0.0565999999999999 -0.0301926109830979 0.00803316812921795 -8.08687450166263 88.5129984403992 557747.591414824
-0.0566999999999999 0.0609288253074388 -0.027101244154208 -8.07330847873609 88.5036161000939 557887.679635752
-0.0567999999999999 -0.0236569593521441 -0.00340775517669251 -8.11291394318659 88.4942337597885 557711.400331556
-0.0568999999999999 -0.00971616169937003 0.0532004069259409 -8.09943355575436 88.4848514194832 557846.040053562
-0.0569999999999999 0.0139563750425503 -0.0433648289661506 -8.1314596662994 88.4754690791779 557674.584958051
-0.0570999999999999 0.0381738378297263 -0.00418166768407679 -8.11570530061307 88.4660867388726 557838.566058225
-0.0571999999999999 -0.0545912571142607 0.0266349090010372 -8.15720450123412 88.4567043985672 557711.376882218
-0.0572999999999998 0.0285301153023165 0.0112306594200103 -8.14530596340397 88.4473220582619 557852.388193001
-0.0573999999999999 0.011517521146957 -0.053629223523545 -8.19585645240805 88.4379397179566 557626.053885764
-0.0574999999999998 -0.0133981069363538 0.0449661503511613 -8.16966312246705 88.4285573776513 557775.015306809
-0.0576 -0.0288302431399762 0.00125987286643158 -8.20571014496714 88.419175037346 557616.737045761
-0.0576999999999998 0.0408261743217802 -0.0232772067025585 -8.20576123026748 88.4097926970406 557724.349308558
-0.0577999999999998 -0.0186266753116473 -0.00494350631259352 -8.24098944185129 88.4004103567353 557592.886991673
-0.0578999999999999 -0.0110674259927382 0.0423732435056725 -8.23365196754005 88.39102801643 557742.654763144
-0.0579999999999999 0.01218655478853 -0.0368985493178588 -8.26762938485264 88.3816456761247 557610.845832752
-0.0580999999999999 0.0183079241298527 0.00252133275968942 -8.25594119847986 88.3722633358194 557668.078779312
-0.0581999999999999 -0.0333996351368513 0.0111707057034331 -8.28717100788614 88.362880995514 557548.865479666
-0.0582999999999999 0.0212255858640827 0.00685694936577765 -8.28374032009917 88.3534986552087 557654.790961662
-0.0583999999999999 0.00324741632265951 -0.0261538230878414 -8.31555777336233 88.3441163149034 557536.562570121
-0.0584999999999999 0.00863750644093487 0.0175202368981052 -8.30921884724833 88.3347339745981 557654.052662829
-0.0585999999999998 -0.00990789120094839 0.00279931487697822 -8.33327322045045 88.3253516342928 557572.686363622
-0.0586999999999999 0.0270811174450593 -0.00958816030468834 -8.33562736171483 88.3159692939874 557602.673568622
-0.0587999999999998 -0.00794469029288205 -0.00252106606488198 -8.35753104441854 88.3065869536821 557514.202451954
-0.0589 -0.0227047630929485 0.0261189049661945 -8.35922420595847 88.2972046133768 557542.017806316
-0.0589999999999998 0.0145624000331554 -0.0203401707873963 -8.38475272585004 88.2878222730715 557481.199964604
-0.0590999999999998 0.0179136850409142 -0.00629709655639079 -8.39379427546826 88.2784399327661 557520.087128179
-0.0591999999999998 -0.0334702248816909 0.0260115436728658 -8.41183445907429 88.2690575924608 557490.311882376
-0.0592999999999999 0.020860316488304 -0.00374798221912054 -8.40694837667501 88.2596752521555 557547.361831841
-0.0593999999999999 0.00593192618183088 -0.0164513718572597 -8.43743185512753 88.2502929118502 557453.175172524
-0.0594999999999999 -0.00906295235460611 0.0293691939617325 -8.44302475244668 88.2409105715449 557489.14616123
-0.0595999999999999 -0.0022297160955545 -0.0054077586551216 -8.46496906683039 88.2315282312395 557419.230377396
-0.0596999999999999 0.0240593408906081 -0.020888807684036 -8.46422022101424 88.2221458909342 557447.444661615
-0.0597999999999999 -0.0174889057702557 0.00712420660679086 -8.48881788449915 88.2127635506289 557366.104201501
-0.0598999999999999 -0.0253677918944272 0.0335325167532613 -8.48749911667494 88.2033812103236 557413.982421513
-0.0599999999999999 0.0348588730521353 -0.05179010366231 -8.52012328157184 88.1939988700182 557369.900037203
-0.0600999999999998 -0.00839288290652349 0.0237196790860835 -8.51798466998253 88.1846165297129 557433.069454737
-0.0602 -0.0392155515415114 0.0281830948470229 -8.54343189195323 88.1752341894076 557355.990696955
-0.0602999999999998 0.0319418578549483 -0.0190897330614671 -8.53960112477371 88.1658518491023 557386.076584246
-0.0603999999999998 0.00943413680464361 -0.0217013487096216 -8.5653232999247 88.156469508797 557313.791693198
-0.0604999999999998 -0.0186745685195836 0.031050807038017 -8.57744923750559 88.1470871684917 557334.473042185
-0.0605999999999999 -0.00688589518028737 0.0147817973354473 -8.59122047785595 88.1377048281863 557323.409838027
-0.0606999999999999 0.0399380078870155 -0.0386105055522049 -8.59873892690496 88.128322487881 557338.373052905
-0.0607999999999999 -0.0139824119748971 0.0131903457500464 -8.61827865325213 88.1189401475757 557314.510917147
-0.0608999999999999 -0.0319332219215006 0.0364019060694072 -8.63213335064713 88.1095578072704 557310.292312243
-0.0609999999999999 0.0510549794367332 -0.0519343850449509 -8.63495849950431 88.100175466965 557292.401335654
-0.0610999999999999 -0.0147535821340763 0.0155205962718525 -8.64788926983014 88.0907931266597 557260.567853157
-0.0611999999999999 -0.023292874978733 0.0245575846898038 -8.66809486237369 88.0814107863544 557251.537773246
-0.0612999999999999 0.0175938647299986 -0.0230646414001238 -8.68292352334972 88.0720284460491 557201.80374409
-0.0613999999999998 0.0101991802915544 0.00324032575868792 -8.68532595801143 88.0626461057438 557291.737130886
-0.0615 -0.016115268637816 0.00168658872596598 -8.70866800674796 88.0532637654384 557203.060153532
-0.0615999999999998 -0.00266615018322968 0.006839279981354 -8.70849376762012 88.0438814251331 557244.573011973
-0.0617 0.0135703956631757 -0.0378149433204243 -8.73750720662312 88.0344990848278 557147.270607694
-0.0617999999999998 -0.00646275519431831 0.0180428776474749 -8.73597853863779 88.0251167445225 557229.278363065
-0.0618999999999998 -0.0329507251785236 0.0139598571118485 -8.76506662910081 88.0157344042172 557130.292946097
-0.0619999999999999 0.0494037698158681 -0.0330511531878476 -8.75922138539306 88.0063520639118 557206.681494086
-0.0620999999999999 -0.0278809544844118 0.00777498829177496 -8.78961589180294 87.9969697236065 557109.983850213
-0.0621999999999999 -0.0023444493954147 0.0247700694412958 -8.78829797507009 87.9875873833012 557188.296565369
-0.0622999999999999 -0.000665478670416338 -0.0224160089533229 -8.81579568826277 87.9782050429959 557084.086689733
-0.0623999999999999 0.0210621779440645 0.00457400417087174 -8.80956789824534 87.9688227026905 557175.409518548
-0.0624999999999999 -0.0177385171681007 -0.00839585239864432 -8.84190418389415 87.9594403623852 557039.419735157
-0.0625999999999999 0.00185914724421439 0.0179290458753244 -8.83557104932566 87.9500580220799 557143.953473451
-0.0626999999999998 0.017397286380626 -0.0401858533740023 -8.86064494400276 87.9406756817746 557042.805737088
-0.0628 -0.00183432097151268 0.0273383092122423 -8.85654006427376 87.9312933414693 557162.916625772
-0.0628999999999998 -0.0255406828048262 0.00135515921432005 -8.89385784752247 87.9219110011639 557020.968022868
-0.063 0.0437722791524435 -0.0134154094369159 -8.88420284310678 87.9125286608586 557116.401669917
-0.0630999999999998 -0.030256096177445 -0.00566722756444659 -8.92330473586327 87.9031463205533 556940.238005747
-0.0631999999999998 0.00513189177127756 0.0261105317409413 -8.91041000586765 87.893763980248 557089.504143351
-0.0632999999999999 0.00600743722403272 -0.0332020711581154 -8.94952519117926 87.8843816399427 556952.277111749
-0.0633999999999999 0.0152173023311783 0.0231762649843378 -8.93707682245435 87.8749992996373 557100.783964592
-0.0634999999999999 -0.0264551908986355 0.00397894920074038 -8.97080569732633 87.865616959332 556936.730236578
-0.0635999999999999 0.0229107653876851 0.0173853853447018 -8.95275094147889 87.8562346190267 557070.40501644
-0.0636999999999999 0.00120176537453699 -0.0278470669270442 -8.99566058903721 87.8468522787214 556888.932286936
-0.0637999999999999 0.0109169784771676 0.0160949092054829 -8.99209659528699 87.837469938416 556997.067220256
-0.0638999999999999 -0.0262923252937215 0.00740648732220568 -9.02610743056322 87.8280875981107 556892.56246042
-0.0639999999999998 0.0404875525142087 -0.0101820117944371 -9.01057573121573 87.8187052578054 557031.658720887
-0.0640999999999999 -0.0089954354416031 -0.0040847563773021 -9.04118975911192 87.8093229175001 556891.096880729
-0.0641999999999998 -0.00145503596965299 0.0323971185467974 -9.04221463373836 87.7999405771948 556995.657261436
-0.0643 -0.000937462096997376 -0.0405327269255852 -9.07877831923842 87.7905582368894 556779.2818027
-0.0643999999999998 0.00390472248815192 0.0256509494502468 -9.05545820262393 87.7811758965841 556952.288582318
-0.0644999999999998 -0.00637063478555114 -0.024358440466653 -9.10662722939388 87.7717935562788 556792.807045054
-0.0645999999999999 0.0145905326782743 0.0320848787811592 -9.08809054647744 87.7624112159735 556972.029141544
-0.0646999999999999 -0.0121506640036407 -0.0240121138623561 -9.12670512128602 87.7530288756682 556800.746910812
-0.0647999999999999 0.0253030415983731 0.00200156613791978 -9.11097558266559 87.7436465353628 556936.357136407
-0.0648999999999999 -0.0396031325989712 0.0057293493824077 -9.15326576359659 87.7342641950575 556779.709096805
-0.0649999999999999 0.0376323950787158 -0.00931439679860205 -9.13881655264399 87.7248818547522 556925.132529527
-0.0650999999999999 -0.0228201545986551 -0.00300991033183333 -9.17754575961832 87.7154995144469 556729.636908946
-0.0651999999999999 0.00705764993135478 0.0282198303201936 -9.16174096483412 87.7061171741416 556887.839568401
-0.0652999999999999 -0.00206522609744425 -0.0344762648419132 -9.20829757236705 87.6967348338362 556728.947041665
-0.0653999999999999 0.0114229635051953 0.0330107946313699 -9.18582093351357 87.6873524935309 556904.564330599
-0.0654999999999998 -0.016406313207382 -0.0315489630577732 -9.23903250113408 87.6779701532256 556673.30350641
-0.0656 0.0111862173647661 0.032926717127485 -9.20498370725888 87.6685878129203 556875.383546182
-0.0656999999999998 -0.0148098635240373 -0.0381778405032349 -9.26479476684578 87.659205472615 556624.251730153
-0.0657999999999998 0.0344690131561349 0.0156967262022313 -9.22971400487885 87.6498231323096 556885.813345076
-0.0658999999999998 -0.062180300958253 0.0058112639219949 -9.29686720220463 87.6404407920043 556637.201222826
-0.0659999999999999 0.063100371150704 0.00742587927715216 -9.24665310594177 87.631058451699 556925.304535045
-0.0660999999999999 -0.0366426834811982 -0.0439185157687063 -9.32294261059994 87.6216761113937 556543.402956251
-0.0661999999999999 0.0142117861696002 0.0672549422014861 -9.26647397360966 87.6122937710883 556902.30847242
-0.0662999999999999 -0.0294411501289279 -0.0605847833412622 -9.35109220866272 87.602911430783 556470.423938746
-0.0663999999999999 0.0646237298051975 0.0449198336589783 -9.28038865365785 87.5935290904777 556956.698814354
-0.0664999999999999 -0.0495372841865476 -0.049343137449701 -9.38974922844667 87.5841467501724 556441.688486212
-0.0665999999999999 0.0391701176367034 0.0898564486178944 -9.29314110891958 87.5747644098671 556996.458886093
-0.0666999999999999 -0.0386777994289729 -0.0916002008860855 -9.4211466562131 87.5653820695617 556335.751171387
-0.0667999999999998 0.0774493790097584 0.047669059584428 -9.32234473268969 87.5559997292564 556958.215905694
-0.0669 -0.113646348648187 -0.0274422890856047 -9.45315477830431 87.5466173889511 556290.886922026
-0.0669999999999998 0.0877735003696559 0.0518197769719751 -9.33616855124912 87.5372350486458 556971.280493402
-0.0671 -0.0534414263512844 -0.0957224259605982 -9.48557947944738 87.5278527083404 556251.342327119
-0.0671999999999998 0.0395682570267503 0.111479210049766 -9.35843103480994 87.5184703680351 557010.475506446
-0.0672999999999998 -0.0643158692613741 -0.085378126698997 -9.51182621353996 87.5090880277298 556259.593513797
-0.0673999999999999 0.0893149935630933 0.0664274966193865 -9.38872799068381 87.4997056874245 556947.294328713
-0.0674999999999999 -0.0710843963097672 -0.0575977353039179 -9.5302484021953 87.4903233471192 556244.123908182
-0.0675999999999999 0.0488505953179312 0.0692179102742894 -9.42658481090044 87.4809410068139 556847.052232014
-0.0676999999999999 -0.0446199619172109 -0.0687777425732487 -9.54564578355838 87.4715586665085 556262.345136367
-0.0677999999999999 0.0507005748894996 0.0475307975435035 -9.4642706971681 87.4621763262032 556779.857608613
-0.0678999999999999 -0.0606299437305134 -0.0247389927317528 -9.55732176193755 87.4527939858979 556324.257289838
-0.0679999999999999 0.0643791855764994 0.0212452123157273 -9.49250283382566 87.4434116455926 556735.80753181
-0.0680999999999998 -0.0342569556559723 -0.0466282198572251 -9.58067061308799 87.4340293052873 556322.627122269
-0.0682 0.0134700809381991 0.0581587736507249 -9.52260993763515 87.4246469649819 556652.615663629
-0.0682999999999998 -0.0141580409676909 -0.0521855227758582 -9.59771892511748 87.4152646246766 556323.175468015
-0.0684 0.0330630642546207 0.0223660152969565 -9.55774980896543 87.4058822843713 556621.076419255
-0.0684999999999998 -0.0515985657018892 -0.00974530121996677 -9.61111348429522 87.396499944066 556358.67278016
-0.0685999999999998 0.0278360766800058 0.0137812018881946 -9.57603164562211 87.3871176037606 556616.687821449
-0.0686999999999999 -0.0179534378267829 -0.0356178533087533 -9.64692695735317 87.3777352634553 556332.23544275
-0.0687999999999999 0.0246957955161037 0.0274308675042154 -9.61142027218797 87.36835292315 556554.244895741
-0.0688999999999999 -0.0475859990239 -0.00430538970394001 -9.66684505564586 87.3589705828447 556291.360261274
-0.0689999999999999 0.0522455486643329 0.00131567359697048 -9.63183572173671 87.3495882425394 556545.766772259
-0.0690999999999999 -0.0162633816501583 -0.0380296687893482 -9.6915729679609 87.340205902234 556294.036921752
-0.0691999999999999 -0.00914658941560154 0.0676501244695855 -9.65263255006031 87.3308235619287 556565.270102562
-0.0692999999999999 -0.00729550434067815 -0.0503327612850176 -9.70970222393915 87.3214412216234 556285.979909866
-0.0693999999999998 0.0459879941670491 0.00613797221210912 -9.67939798382807 87.3120588813181 556515.804891067
-0.0695 -0.0566210824650033 -0.00666185880850272 -9.74159101577642 87.3026765410127 556234.863820224
-0.0695999999999998 0.0271418684172913 0.0311781131947752 -9.70947545677644 87.2932942007074 556502.731025175
-0.0697 -0.00101854052846811 -0.0508173707771553 -9.76829788195291 87.2839118604021 556226.30291822
-0.0697999999999998 0.0266456532177051 0.0336872123184218 -9.72216920521079 87.2745295200968 556528.45809756
-0.0698999999999998 -0.0513919279958418 -0.00319434040794102 -9.79377647978371 87.2651471797915 556225.173794395
-0.0699999999999999 0.0408035887655517 0.0173627328351217 -9.75404811653384 87.2557648394861 556468.787450852
-0.0700999999999999 -0.0049365449563103 -0.0506709789506793 -9.815346126417 87.2463824991808 556177.798291357
-0.0701999999999999 -0.00672907723297725 0.0619598114343212 -9.78125483679794 87.2370001588755 556413.456546133
-0.0702999999999999 -0.0215445050475196 -0.0264606467353846 -9.84214217897662 87.2276178185702 556174.115445886
-0.0703999999999999 0.0566188948093796 -0.0153251816752882 -9.81152102158372 87.2182354782649 556406.260779718
-0.0704999999999999 -0.0533043154588768 0.0118960132175925 -9.85984114748853 87.2088531379595 556200.743378731
-0.0705999999999999 0.0207397817649097 0.0202895311373737 -9.8270511952332 87.1994707976542 556383.930427583
-0.0706999999999998 -0.00131460462632236 -0.0428079033255066 -9.8815672790892 87.1900884573489 556158.867592376
-0.0707999999999999 0.0205944515217538 0.0141542516514045 -9.86615446678623 87.1807061170436 556329.549078524
-0.0708999999999998 -0.0367182154901344 0.0114215000861637 -9.90464615981725 87.1713237767383 556173.031623534
-0.071 0.0200900879517315 -0.00218799387438225 -9.88852310231621 87.1619414364329 556299.492096192
-0.0710999999999998 0.0084962615938763 -0.0397183624164076 -9.92720510350291 87.1525590961276 556159.470727924
-0.0711999999999998 -0.0158178373299046 0.0377534967624582 -9.91383968177018 87.1431767558223 556289.598555369
-0.0712999999999998 -0.0162303289321564 -0.0100194818696571 -9.9481444396633 87.133794415517 556143.696518417
-0.0713999999999999 0.037190904492574 -0.0151715675836509 -9.94104110071724 87.1244120752117 556219.682300306
-0.0714999999999999 -0.0198998845228407 0.000107445675287721 -9.97005846492822 87.1150297349063 556132.04373278
-0.0715999999999999 -0.0159412227788418 0.0225831475959395 -9.96864195061801 87.105647394601 556212.370277343
-0.0716999999999999 0.0233257946366143 -0.0314330113099333 -9.99426677383592 87.0962650542957 556177.338270425
-0.0717999999999999 -0.00200540700282511 0.000527038505075673 -10.0030159061384 87.0868827139904 556168.312829492
-0.0718999999999999 -0.0134562425417298 0.0264224752852286 -10.004245759531 87.077500373685 556167.303266458
-0.0719999999999999 0.0178120164902263 -0.0258785218676324 -10.0221528530494 87.0681180333797 556115.050822796
-0.0720999999999999 -3.86734852759292e-07 0.00443708709172585 -10.0344615772251 87.0587356930744 556141.049944515
-0.0721999999999998 -0.0227986230992598 0.00707167306331714 -10.0566729428615 87.0493533527691 556089.636696657
-0.0723 0.0102276601459944 0.0167697508439296 -10.0521696136713 87.0399710124638 556191.735299435
-0.0723999999999998 0.0036049743024683 -0.0357782168628224 -10.0909032798682 87.0305886721584 556049.210557997
-0.0724999999999998 0.006234092577205 0.0256919011433282 -10.0715190426867 87.0212063318531 556166.895523201
-0.0725999999999998 -0.0345287156377614 0.000113999492881038 -10.1113832460114 87.0118239915478 556000.893518889
-0.0726999999999998 0.0333391423139522 -0.00430780528350913 -10.0937616312943 87.0024416512425 556140.296390862
-0.0727999999999999 -0.0131783226714464 -0.0259078001959294 -10.1365919370689 86.9930593109372 555977.128207882
-0.0728999999999999 -0.00618277723657118 0.0349946511684459 -10.1177629560687 86.9836769706318 556173.644712421
-0.0729999999999999 -0.0174426506206588 -0.0212540303522455 -10.161409230727 86.9742946303265 555987.430542508
-0.0730999999999999 0.0451066514330099 0.00396024656981648 -10.1342600254893 86.9649122900212 556148.062343028
-0.0731999999999999 -0.0392128419711808 -0.0142293977205477 -10.1943278564076 86.9555299497159 555885.993737755
-0.0732999999999999 0.0141040757647212 0.0440314627927262 -10.1525165891858 86.9461476094105 556167.25679437
-0.0733999999999999 -0.0153820644595801 -0.0427332966025553 -10.2262878060398 86.9367652691052 555867.780687445
-0.0734999999999998 0.0464325296578359 0.0209714076003647 -10.1821983569824 86.9273829287999 556164.086589189
-0.0736 -0.0572864780303108 -0.0174954667925567 -10.2577934925569 86.9180005884946 555836.567093856
-0.0736999999999998 0.0425038883676835 0.0447006127928041 -10.1908558273004 86.9086182481893 556217.754961025
-0.0738 -0.00979857255448815 -0.0752306655709093 -10.2912702847017 86.8992359078839 555738.048775664
-0.0738999999999998 0.0394608939524451 0.0644487203384458 -10.21487810366 86.8898535675786 556184.674700285
-0.0739999999999998 -0.0808525146479966 -0.0215350907481729 -10.3180822875181 86.8804712272733 555705.316412747
-0.0740999999999999 0.0867909507068675 0.0188582397581088 -10.2346726257897 86.871088886968 556216.869380374
-0.0741999999999999 -0.0481186086510608 -0.0592929602040769 -10.3461501357479 86.8617065466627 555683.936551691
-0.0742999999999999 0.0244914481077576 0.107358306570429 -10.2523685864108 86.8523242063573 556233.919276251
-0.0743999999999999 -0.0512225056759668 -0.0827289010198391 -10.3862548040006 86.842941866052 555562.020307044
-0.0744999999999999 0.0917550891833808 0.0425525844069938 -10.2672855595989 86.8335595257467 556206.874214874
-0.0745999999999999 -0.0743651108781924 -0.0419114156931146 -10.3955242363233 86.8241771854414 555622.116532867
-0.0746999999999999 0.0318076199480847 0.0853983452415309 -10.3030588401929 86.814794845136 556201.448597853
-0.0747999999999998 -0.0166413226553237 -0.0857718364339861 -10.4135001155844 86.8054125048307 555632.923523057
-0.0749 0.0528642047825204 0.0438767987643139 -10.3298435873826 86.7960301645254 556101.35044903
-0.0749999999999998 -0.0830700051969915 -0.012531408669824 -10.4410909058291 86.7866478242201 555624.564449373
-0.0751 0.0638282036666526 0.0217140820888987 -10.3587995320316 86.7772654839148 556061.425324858
-0.0751999999999998 -0.0377198764152967 -0.0471804319765216 -10.4572852300146 86.7678831436095 555665.55662236
-0.0752999999999998 0.0216983719828268 0.0529144812920461 -10.3911640960876 86.7585008033041 556041.434281999
-0.0753999999999999 -0.0330284931810047 -0.0356155763683115 -10.4770076265008 86.7491184629988 555663.916433045
-0.0754999999999999 0.0346444148436596 0.0395240863808694 -10.4190778968874 86.7397361226935 555979.291730203
-0.0755999999999999 -0.0272336332055133 -0.0457318760426453 -10.4956004782586 86.7303537823882 555606.302193502
-0.0756999999999999 0.0169873687009243 0.0366123318518567 -10.4493919090951 86.7209714420828 555932.826296761
-0.0757999999999999 -0.0373807823590624 -0.0149978908751939 -10.5152410464347 86.7115891017775 555679.022452202
-0.0758999999999999 0.049917949633932 0.00621104850222488 -10.4780723614887 86.7022067614722 555907.979772787
-0.0759999999999999 -0.0284294659718825 -0.00734079130095674 -10.5312453231592 86.6928244211669 555681.973857385
-0.0760999999999999 0.0160676353450501 0.0258683187614979 -10.5041362226534 86.6834420808616 555875.574389233
-0.0761999999999999 -0.00447292924765452 -0.0291078165067682 -10.5471602457751 86.6740597405562 555691.215768598
-0.0762999999999998 0.00689337927211174 0.0177359229615323 -10.5293966069097 86.6646774002509 555814.906910837
-0.0764 0.000457299095800443 -0.0240322138232015 -10.573581402911 86.6552950599456 555674.380122954
-0.0764999999999998 -0.00435095365179914 0.0262613453595283 -10.5599968577729 86.6459127196403 555791.053422715
-0.0765999999999998 -0.00480399344717192 -0.0154981881387402 -10.5903559690158 86.636530379335 555714.678967792
-0.0766999999999999 0.0186154369297664 -0.0143882449201662 -10.5901866405063 86.6271480390296 555763.334504457
-0.0767999999999999 -0.0300735240664164 0.0247409440468406 -10.6129777676302 86.6177656987243 555698.17628837
-0.0768999999999999 0.0143827554565807 -0.0181637716878156 -10.6204906968817 86.608383358419 555684.894097943
-0.0769999999999999 0.00952078244549767 4.72395237471634e-05 -10.6253228555077 86.5990010181137 555703.864523012
-0.0770999999999999 -0.0290058456892233 0.0164540859119376 -10.6495005973514 86.5896186778083 555656.894102389
-0.0771999999999999 0.0313560015470183 -0.00563326703864844 -10.6452877183285 86.580236337503 555770.140533115
-0.0772999999999999 -0.0131480448681811 -0.015001366039059 -10.6755867151344 86.5708539971977 555632.184637308
-0.0773999999999999 0.0151856526423514 0.0268613137527662 -10.6529910877896 86.5614716568924 555779.75996547
-0.0774999999999999 -0.0215764113305561 -0.0378627971806598 -10.7175897455691 86.5520893165871 555523.647073822
-0.0775999999999998 0.0237227768213035 0.0290970875489001 -10.6750447190537 86.5427069762817 555783.190168361
-0.0777 -0.033221969286764 -0.0372407039749186 -10.7457033143438 86.5333246359764 555491.569722139
-0.0777999999999998 0.035891015272878 0.0472262831592976 -10.6788316768998 86.5239422956711 555889.084600615
-0.0778999999999998 -0.0510052475499323 -0.0514302679283278 -10.7800579170608 86.5145599553658 555391.251142051
-0.0779999999999998 0.0647222347952825 0.0477820255615053 -10.6935337404583 86.5051776150605 555903.754272622
-0.0780999999999999 -0.075569485543751 -0.0536958339515506 -10.8201704292169 86.4957952747551 555297.923096607
-0.0781999999999999 0.0758227871705938 0.0584561608666301 -10.709045097986 86.4864129344498 555941.162854772
-0.0782999999999999 -0.0747377870813728 -0.0742922873008351 -10.8552208915853 86.4770305941445 555247.239061375
-0.0783999999999999 0.0779625000931648 0.0858056082566458 -10.7201949929775 86.4676482538392 556036.228258266
-0.0784999999999999 -0.0655580929020272 -0.0873330115369141 -10.8887166254795 86.4582659135339 555217.961662102
-0.0785999999999999 0.0724793340617771 0.0897682163780542 -10.7445864832842 86.4488835732285 555981.145734721
-0.0786999999999999 -0.0739395773813692 -0.0799982013352083 -10.9033927448656 86.4395012329232 555203.920438675
-0.0787999999999999 0.0839836579469216 0.0688547762567654 -10.7671494993529 86.4301188926179 555930.781278983
-0.0788999999999998 -0.0785737249437054 -0.0614713541978206 -10.9241071202868 86.4207365523126 555184.102587728
-0.079 0.0714855020657137 0.0597423884281118 -10.800537468609 86.4113542120072 555876.160531876
-0.0790999999999998 -0.0617325941982188 -0.0604216338671271 -10.9346917575156 86.4019718717019 555276.291866362
-0.0792 0.046503976207786 0.062940515125102 -10.8415612415142 86.3925895313966 555813.074566027
-0.0792999999999998 -0.0494017282200013 -0.050097117332524 -10.9495198989817 86.3832071910913 555272.976285619
-0.0793999999999998 0.0467056969107576 0.0357913751220153 -10.8696412677647 86.373824850786 555737.028456072
-0.0794999999999999 -0.0481400830377569 -0.0350952434545922 -10.9651277585562 86.3644425104806 555301.193932916
-0.0795999999999999 0.0411324357648264 0.0309436507983311 -10.8984562984146 86.3550601701753 555691.967189788
-0.0796999999999999 -0.0420880425630654 -0.029608165004548 -10.9751307354447 86.34567782987 555356.025538427
-0.0797999999999999 0.0442880495832921 0.0211369523172127 -10.9260384410263 86.3362954895647 555687.622452453
-0.0798999999999999 -0.0269788292283118 -0.0202756834081969 -10.998185594242 86.3269131492594 555381.499012026
-0.0799999999999999 0.0146638500565527 0.0365180793750001 -10.9641958673592 86.317530808954 555593.123464561
-0.0800999999999999 -0.0150718692051059 -0.0225948910294191 -11.0178727287004 86.3081484686487 555366.540246231
-0.0801999999999998 0.0271423508096267 0.00526554314076621 -10.9928021516851 86.2987661283434 555543.343155459
-0.0803 -0.0276489730103754 -0.00269471676978902 -11.0404348632481 86.2893837880381 555367.920471223
-0.0803999999999998 0.0107127022443481 0.0139459805184369 -11.0192750526308 86.2800014477328 555524.423890026
-0.0805 -0.004330842538314 -0.0208946470295338 -11.0486655910302 86.2706191074274 555412.903605323
-0.0805999999999998 0.0170371042912952 0.00615417962370683 -11.0408988669942 86.2612367671221 555508.981003543
-0.0806999999999998 -0.0234339420436403 0.00360768765124825 -11.0809145579195 86.2518544268168 555364.359738525
-0.0807999999999999 -0.00337657773040359 0.0130535422513529 -11.0778631080698 86.2424720865115 555450.747143582
-0.0808999999999999 0.0162801755519907 -0.020160647099201 -11.096792637484 86.2330897462061 555383.410563804
-0.0809999999999999 -0.0095464804560281 0.0126122399808904 -11.0961787085378 86.2237074059008 555434.285932879
-0.0810999999999999 -0.0222391947617855 0.0139938811814128 -11.1140049364557 86.2143250655955 555395.339980773
-0.0811999999999999 0.0349418223422453 -0.0332180804965255 -11.1207347807306 86.2049427252902 555440.938138823
-0.0812999999999999 -0.0140848901279924 0.00406989474754814 -11.1373884573367 86.1955603849849 555381.751827432
-0.0813999999999999 -0.0325069719015265 0.0244050066806314 -11.1428162359894 86.1861780446795 555359.180167887
-0.0814999999999998 0.0176582188565316 -0.0132712888590082 -11.151742178909 86.1767957043742 555388.447908215
-0.0816 -0.000939777440454347 -0.0100211932463552 -11.172052821175 86.1674133640689 555358.348934914
-0.0816999999999998 -0.00219674507360676 0.0181092373833446 -11.1783691689849 86.1580310237636 555404.237278591
-0.0818 -0.0123361324431842 -0.0105728027996213 -11.20768053086 86.1486486834582 555318.989053771
-0.0818999999999998 0.0174260835963711 0.00910080784726383 -11.18995189596 86.1392663431529 555433.297990695
-0.0819999999999998 -0.0148204195356631 -0.0283135913432193 -11.2329144596315 86.1298840028476 555259.183313718
-0.0820999999999999 0.000744353887172551 0.0390065008680663 -11.2053759696755 86.1205016625423 555439.061460775
-0.0821999999999999 -0.0191818958846326 -0.0285699866993539 -11.2650112093917 86.111119322237 555200.382155419
-0.0822999999999999 0.0640675974023948 0.00225587251867607 -11.2222863860059 86.1017369819317 555445.202770044
-0.0823999999999999 -0.0661456871246018 0.00338487622258629 -11.2928234884498 86.0923546416263 555165.668251698
-0.0824999999999999 0.02686349705559 0.0444510968422178 -11.2364849965415 86.082972301321 555512.343312068
-0.0825999999999999 0.000806484907983015 -0.0729688212075423 -11.3230543930745 86.0735899610157 555142.388140081
-0.0826999999999999 0.0233633105944558 0.0590504971395188 -11.2553859465339 86.0642076207104 555496.846243161
-0.0827999999999998 -0.0651948130011504 -0.0270081458553654 -11.3495052711699 86.0548252804051 555046.703794648
-0.0828999999999999 0.0624154463372989 0.0371418602528992 -11.2681967142275 86.0454429400997 555520.56827613
-0.0829999999999998 -0.0373407701230506 -0.0661886193024704 -11.3803959108574 86.0360605997944 555031.284798555
-0.0831 0.0453133275568593 0.0648702369837519 -11.2910087978078 86.0266782594891 555548.238663169
-0.0831999999999998 -0.0772497294045513 -0.0350939171371598 -11.4077301604633 86.0172959191838 555007.258422933
-0.0832999999999998 0.0779261518271119 0.0237082088849348 -11.3155767925611 86.0079135788784 555490.746856831
-0.0833999999999998 -0.0371753806116919 -0.0656904626332014 -11.4289433042508 85.9985312385731 554970.603435612
-0.0834999999999999 0.0136775494965071 0.0913589295129267 -11.3417738027937 85.9891488982678 555489.411500749
-0.0835999999999999 -0.0279397506492799 -0.064572520014818 -11.4502109646912 85.9797665579625 555021.853593372
-0.0836999999999999 0.0669243828844449 0.0160372850158324 -11.3725955751873 85.9703842176572 555434.275222158
-0.0837999999999999 -0.0778298507447069 -0.00244025324149761 -11.4650073129521 85.9610018773518 555005.667522745
-0.0838999999999999 0.0399479056987453 0.0330824160343935 -11.400864718237 85.9516195370465 555370.087908804
-0.0839999999999999 -0.00776407300248053 -0.0652011701146015 -11.4792790324375 85.9422371967412 555012.077477481
-0.0840999999999999 0.00742548338974021 0.0573437695801388 -11.4305793906982 85.9328548564359 555325.555890022
-0.0841999999999999 -0.0314413382623386 -0.0222286061171261 -11.5097052376436 85.9234725161305 555041.971662234
-0.0842999999999998 0.0391586402914634 0.0114056370013728 -11.4639416042173 85.9140901758252 555325.820986825
-0.0844 -0.0203401854795241 -0.0203136985293925 -11.5183216445651 85.9047078355199 555071.097862361
-0.0844999999999998 0.018240544457191 0.0244245684351002 -11.4904000913645 85.8953254952146 555258.309162937
-0.0845999999999998 -0.0371407917699905 -0.00161491768697353 -11.5422447507355 85.8859431549093 555032.001970307
-0.0846999999999998 0.044562187400768 -0.0106152562992231 -11.5120199489518 85.8765608146039 555218.575248778
-0.0847999999999998 -0.0149252960736356 -0.00531690715787589 -11.5471394847983 85.8671784742986 555105.574493429
-0.0848999999999999 -0.0172095929475019 0.044816287508685 -11.5377143131473 85.8577961339933 555225.515906459
-0.0849999999999999 0.0157493454773445 -0.0432740875315242 -11.5792190274678 85.848413793688 555090.313677992
-0.0850999999999999 0.00728696402313112 0.00986427041731436 -11.5644784598943 85.8390314533827 555170.937203164
-0.0851999999999999 -0.0363696237517884 0.0192393272819191 -11.5889257669444 85.8296491130773 555069.812650582
-0.0852999999999999 0.0289270191508676 -0.0202079157433576 -11.5865419680531 85.820266772772 555122.646724609
-0.0853999999999999 -0.00480467586929534 -0.00429808681753213 -11.6070715768469 85.8108844324667 555098.187257658
-0.0854999999999999 -0.0144217030827802 0.020459330268963 -11.6157432489652 85.8015020921614 555142.269276869
-0.0855999999999998 0.0125277793733515 -0.0194503937105919 -11.6318745760101 85.7921197518561 555116.055429142
-0.0857 -0.00512718669313501 0.00257589830309116 -11.6370147163242 85.7827374115507 555102.262630723
-0.0857999999999998 0.0186215475911672 -0.000271703048884014 -11.6425214560706 85.7733550712454 555109.27981454
-0.0858999999999998 -0.00765279476869894 -0.0100659161740734 -11.672782092409 85.7639727309401 555014.729279728
-0.0859999999999998 0.00033663455642337 0.0233797753140033 -11.6624979120392 85.7545903906348 555156.886514298
-0.0860999999999998 0.0118557472671517 -0.0311869287162475 -11.7019958909103 85.7452080503295 555032.369522324
-0.0861999999999999 0.00667634443286078 0.0246113353847071 -11.6833920762695 85.7358257100241 555138.693585564
-0.0862999999999999 -0.0180707496504249 0.000977465747947703 -11.7308473638656 85.7264433697188 554989.944508468
-0.0863999999999999 0.0365665746662509 -0.000555592823554981 -11.708444327213 85.7170610294135 555118.718933456
-0.0864999999999999 -0.0226421250483942 -0.0221998274852748 -11.7586662923868 85.7076786891082 554937.161143561
-0.0865999999999999 0.0131637981720544 0.042458556353443 -11.7252412873041 85.6982963488028 555196.448195754
-0.0866999999999999 -0.0123796856883871 -0.0481024457573717 -11.7929129207994 85.6889140084975 554900.096478468
-0.0867999999999999 0.0499308941393174 0.0364588699316729 -11.7303468962976 85.6795316681922 555229.789863154
-0.0868999999999998 -0.0613832148694435 -0.0179668085421325 -11.8211684648455 85.6701493278869 554800.369386054
-0.087 0.0457529322289292 0.0446372273210718 -11.750625999806 85.6607669875816 555227.795546009
-0.0870999999999998 -0.0342321173925283 -0.0604228874680335 -11.8561364031207 85.6513846472762 554789.780823271
-0.0872 0.0484807951791304 0.0479312777343699 -11.7562415078177 85.6420023069709 555297.841539766
-0.0872999999999998 -0.0696743186869276 -0.0204135020922384 -11.8661736941355 85.6326199666656 554790.235715527
-0.0873999999999998 0.0525022652400036 0.0402264186919076 -11.7875198632791 85.6232376263603 555222.226927394
-0.0874999999999999 -0.0120089719335451 -0.074806585022229 -11.8887379271788 85.613855286055 554786.161147393
-0.0875999999999999 0.00752417640601888 0.068059161022907 -11.8170402403698 85.6044729457496 555165.509117075
-0.0876999999999999 -0.0463278654317133 -0.0190610994450644 -11.8977992986018 85.5950906054443 554838.879564578
-0.0877999999999999 0.0586532359638976 -0.00717483915674193 -11.8555449339316 85.585708265139 555140.798613016
-0.0878999999999999 -0.0405196016995699 -0.00760903276842261 -11.9110941545029 85.5763259248337 554895.943600512
-0.0879999999999999 0.0050101659589015 0.0267950315138194 -11.87861943205 85.5669435845283 555068.094980782
-0.0880999999999999 0.000512097192508617 -0.0234344734303473 -11.9195196410223 85.557561244223 554899.822950325
-0.0881999999999998 0.00116598716284715 0.00665691794797352 -11.9193372214555 85.5481789039177 554957.747499081
-0.0882999999999999 0.00461237026067859 -0.00640168478120334 -11.935249503264 85.5387965636124 554948.842284549
-0.0883999999999998 -0.017842006958414 0.00516069438300851 -11.9488078041936 85.5294142233071 554936.674639471
-0.0885 0.00722665569553895 0.000200833443415899 -11.9479336745516 85.5200318830017 555015.184469688
-0.0885999999999998 0.00378241725413569 -0.0252526212254898 -11.9759648420727 85.5106495426964 554897.676016686
-0.0886999999999998 -0.0233489215205977 0.0385704931749807 -11.9666660183467 85.5012672023911 554976.562587426
-0.0887999999999999 0.00270074751184731 -0.0329990349060415 -12.0077762840218 85.4918848620858 554844.637634311
-0.0888999999999999 0.0292528777751392 0.0101707957416531 -11.9845019979446 85.4825025217805 555012.754602928
-0.0889999999999999 -0.0511017665458509 0.00376020809569701 -12.0324792588439 85.4731201814751 554814.030474922
-0.0890999999999999 0.0366504646934766 0.0156611173385973 -11.9966310822866 85.4637378411698 555076.055536516
-0.0891999999999999 -0.0088176499361832 -0.0422902354531169 -12.0663843699332 85.4543555008645 554790.851997292
-0.0892999999999999 0.0134605330788478 0.0665202811646321 -12.0092910569106 85.4449731605592 555090.167905016
-0.0893999999999999 -0.0269997725733398 -0.0477270429676563 -12.0905121137694 85.4355908202539 554711.765876069
-0.0894999999999999 0.0497472605118862 0.0323062455472957 -12.0158271325924 85.4262084799485 555088.301063356
-0.0895999999999999 -0.0548907694857406 -0.0430759472853623 -12.1160192354365 85.4168261396432 554674.773546774
-0.0896999999999998 0.0370994845009961 0.0475355118873427 -12.0422949752434 85.4074437993379 555123.330896715
-0.0898 -0.0382717279455241 -0.0565236793201701 -12.1526988104372 85.3980614590326 554656.28217557
-0.0898999999999998 0.0688337172794403 0.0399868914548579 -12.0576799224082 85.3886791187273 555137.945535084
-0.0899999999999998 -0.0529492174637299 -0.0419197313643088 -12.1759117550102 85.3792967784219 554586.566717779
-0.0900999999999998 0.0434395387033609 0.0543764752562848 -12.0768934585623 85.3699144381166 555094.955806589
-0.0901999999999998 -0.0400296274918459 -0.0633492644354391 -12.1897982026661 85.3605320978113 554595.522059389
-0.0902999999999999 0.0557557646967972 0.0507620199940228 -12.0901846380323 85.351149757506 555124.05941935
-0.0903999999999999 -0.0652624136156636 -0.0282574498609119 -12.2137276057333 85.3417674172006 554620.124639343
-0.0904999999999999 0.0787839364885889 0.0141592925049936 -12.1301174166028 85.3323850768953 555083.370320662
-0.0905999999999999 -0.059723867526122 -0.0396092138652456 -12.2383498436797 85.32300273659 554580.874451524
-0.0906999999999999 0.0258849024531945 0.0555266151628924 -12.1531124010647 85.3136203962847 555039.964228026
-0.0907999999999999 -0.0195626871199043 -0.0604448162394344 -12.2511730642364 85.3042380559794 554607.335136656
-0.0908999999999999 0.0412765716142086 0.0431719322919603 -12.179831626151 85.294855715674 554998.437806473
-0.0909999999999998 -0.0521675819410133 -0.0130043263301798 -12.2629569141367 85.2854733753687 554628.40130856
-0.0911 0.0460406428089198 0.0211629215980726 -12.2091849727261 85.2760910350634 554964.167724252
-0.0911999999999998 -0.0312616044592292 -0.0222766701140982 -12.2751012900888 85.2667086947581 554693.346816178
-0.0913 0.0197123201218789 0.0249992819337055 -12.2347494652455 85.2573263544527 554940.263307609
-0.0913999999999998 -0.0208269973528804 -0.0169692745339889 -12.2898905868876 85.2479440141474 554706.378810598
-0.0914999999999998 0.0197405107649973 0.00925164189313814 -12.2691423922685 85.2385616738421 554830.655894044
-0.0915999999999999 -0.0085675107178647 -0.0180868201267578 -12.301861746936 85.2291793335368 554704.967429748
-0.0916999999999999 -0.00258881636926778 0.0170894449067052 -12.2985584281587 85.2197969932315 554791.430003476
-0.0917999999999999 -0.01060513602859 0.00632533174870309 -12.3193588704772 85.2104146529261 554748.1002755
-0.0918999999999999 0.016562771652146 -0.0279907959880331 -12.3315476296023 85.2010323126208 554761.961713004
-0.0919999999999999 0.00203999626094562 0.0205557098902563 -12.3290077154782 85.1916499723155 554833.748811749
-0.0920999999999999 -0.0246963857997547 0.00221588157470942 -12.3662052382339 85.1822676320102 554705.141365528
-0.0921999999999999 0.0281801314178678 -0.00118550213447656 -12.3451961347911 85.1728852917049 554814.630100727
-0.0922999999999998 -0.0353000552331675 -0.0111762615808171 -12.3924858611931 85.1635029513996 554627.164456411
-0.0924 0.0199950778385565 0.0159749901486886 -12.3628955357582 85.1541206110942 554821.857119782
-0.0924999999999998 -0.025008489566352 -0.0269280462333173 -12.4156279843396 85.1447382707889 554628.89446415
-0.0926 0.0226592037429647 0.0348174748913216 -12.3654506076931 85.1353559304836 554911.223257084
-0.0926999999999998 -0.012454904599656 -0.0552812946319393 -12.4509730052851 85.1259735901783 554571.010702728
-0.0927999999999998 0.0235370567585976 0.0499027677473384 -12.3843216680909 85.1165912498729 554898.968896786
-0.0928999999999999 -0.0496530937928132 -0.0374345070955516 -12.476966301745 85.1072089095676 554494.093252251
-0.0929999999999999 0.0634225135476104 0.0272265455381242 -12.4008015190517 85.0978265692623 554930.732826417
-0.0930999999999999 -0.0735942834433133 -0.0264825568557479 -12.5051045666238 85.088444228957 554476.764178501
-0.0931999999999999 0.0387771636598824 0.065695278595056 -12.4130105021519 85.0790618886517 555003.952230413
-0.0932999999999999 -0.014206833052269 -0.0813193279107385 -12.5349859505065 85.0696795483463 554468.025892016
-0.0933999999999999 0.0333690549268551 0.0893503612215113 -12.4322468809018 85.060297208041 554981.66426068
-0.0934999999999999 -0.0662692847059588 -0.050607948054901 -12.5517300045146 85.0509148677357 554401.111020867
-0.0935999999999999 0.0731541812354569 0.0343214210512864 -12.4531144931187 85.0415325274304 554954.447788231
-0.0936999999999999 -0.0654778477811288 -0.0407720553088907 -12.5796318367357 85.032150187125 554421.786545667
-0.0937999999999998 0.0517331374949222 0.0571851762143387 -12.4725267085226 85.0227678468197 554963.307070683
-0.0939 -0.0526818284445515 -0.0472175038326712 -12.5895908783937 85.0133855065144 554447.914369592
-0.0939999999999998 0.0418092280311048 0.0403154116439616 -12.5055716565942 85.0040031662091 554911.149432695
-0.0940999999999998 -0.0255540363011733 -0.0530972933060201 -12.6045928749937 84.9946208259038 554458.529079821
-0.0941999999999999 0.0149199248355285 0.043998186802728 -12.5401905470266 84.9852384855984 554788.781456753
-0.0942999999999999 -0.027593447337485 -0.0302014787993922 -12.6084932696936 84.9758561452931 554510.689207009
-0.0943999999999999 0.0479870681281308 0.00156342463609674 -12.5654068743787 84.9664738049878 554796.18595347
-0.0944999999999999 -0.0411253151807071 0.00665098165347792 -12.6225041255162 84.9570914646825 554584.301724484
-0.0945999999999999 0.0116809969302577 0.0202682973989168 -12.6054907690343 84.9477091243772 554742.836550877
-0.0946999999999999 0.0264891311395231 -0.0337743756056888 -12.6335195211642 84.9383267840718 554621.040305084
-0.0947999999999999 -0.0202310767741581 0.0324664306267446 -12.6300386555881 84.9289444437665 554660.578625405
-0.0948999999999998 -0.0119046808084067 0.0180013770961702 -12.6494637429149 84.9195621034612 554623.359077751
-0.0949999999999999 0.0266823425927753 -0.0375620154540095 -12.662829778174 84.9101797631559 554614.568776688
-0.0950999999999998 -0.00910528162659739 0.0162645559129686 -12.662564053883 84.9007974228506 554682.000107549
-0.0952 -0.0199371926128683 0.00438582093027137 -12.6886903144445 84.8914150825452 554584.731883549
-0.0952999999999998 0.0156421724976566 0.00131971312162011 -12.6814863358292 84.8820327422399 554690.28242565
-0.0953999999999998 -0.0150669035265137 -0.0201374996447366 -12.7206380197319 84.8726504019346 554518.208317759
-0.0954999999999998 0.0131255632591634 0.031520327202109 -12.6927758441707 84.8632680616293 554668.89642693
-0.0955999999999999 -0.0276501372573653 -0.0246140690446574 -12.7495720559691 84.8538857213239 554475.877017992
-0.0956999999999999 0.0323330270000346 0.0222936226791665 -12.7034937161677 84.8445033810186 554758.226952703
-0.0957999999999999 -0.0282323781785385 -0.027013963598453 -12.7700744024423 84.8351210407133 554479.219481466
-0.0958999999999999 0.0175375213593801 0.041942250844058 -12.7263161231462 84.825738700408 554767.929696049
-0.0959999999999999 -0.0298514509107341 -0.0384508381597746 -12.8000488088807 84.8163563601027 554430.620901573
-0.0960999999999999 0.0428621423634835 0.0181696466243328 -12.7395144807865 84.8069740197973 554757.463749157
-0.0961999999999999 -0.0681203319474981 -0.0154317279922121 -12.8234304971388 84.797591679492 554390.704937557
-0.0962999999999999 0.0275354919578837 0.0333840326809229 -12.755628336356 84.7882093391867 554758.992406333
-0.0963999999999998 -0.00494656426048473 -0.0625920496540887 -12.8407303041565 84.7788269988814 554441.507424393
-0.0965 0.0136373764762878 0.0579133935513274 -12.7797646017964 84.769444658576 554757.733482761
-0.0965999999999998 -0.0306529580807688 -0.0157469761652892 -12.85005328351 84.7600623182707 554451.712531136
-0.0966999999999998 0.0513424025065457 0.0046992120761644 -12.8092575105343 84.7506799779654 554702.675460945
-0.0967999999999998 -0.0297785755730356 -0.0132674858864543 -12.8643401806794 84.7412976376601 554449.715583151
-0.0968999999999998 0.00336646600925844 0.0366518470323469 -12.8361164773789 84.7319152973548 554665.789828641
-0.0969999999999999 -0.00615027855992956 -0.0298934584626722 -12.8808198590968 84.7225329570495 554503.286729637
-0.0970999999999999 0.00756765222854407 0.0115060627706839 -12.8607549697831 84.7131506167441 554647.059221791
-0.0971999999999999 -0.0187154941971647 0.00281454209999781 -12.8957361653863 84.7037682764388 554527.520302051
-0.0972999999999999 -0.00533271511433326 0.00536296414710277 -12.8873167419726 84.6943859361335 554564.291699468
-0.0973999999999999 0.00675807222056921 -0.0151540569803606 -12.9132637952374 84.6850035958282 554512.669449333
-0.0974999999999999 0.00122489098552897 -0.00580704274609711 -12.9208643549872 84.6756212555228 554550.295421322
-0.0975999999999999 -0.0230388272399909 0.0207096606274944 -12.9137000580985 84.6662389152175 554563.338339354
-0.0976999999999998 -0.00232084564490979 -3.91178681337787e-05 -12.9317600387035 84.6568565749122 554553.36541268
-0.0977999999999999 0.0276509179009431 -0.0349559612121634 -12.9469464985708 84.6474742346069 554538.604427377
-0.0978999999999998 -0.0287666080533081 0.028388694790493 -12.9565527532158 84.6380918943016 554550.118297357
-0.0979999999999998 -0.00504109457422733 0.0136437782741804 -12.96212983116 84.6287095539962 554578.269092105
-0.0980999999999998 0.0269926043769839 -0.0415064304193895 -12.9870209945036 84.6193272136909 554499.170404975
-0.0981999999999998 -0.0133546352152561 0.0315273677193836 -12.9742251228633 84.6099448733856 554579.233281426
-0.0982999999999999 -0.020735858607534 0.00340647448220777 -13.0127559590637 84.6005625330803 554473.659751692
-0.0983999999999999 0.0240394829025725 -0.00622141111490852 -12.9995489777632 84.591180192775 554587.713520502
-0.0984999999999999 -0.00310957805469697 -0.013779885941432 -13.0276953583201 84.5817978524696 554492.119201807
-0.0985999999999999 0.0061216001175527 0.0351318994684807 -13.0070868645105 84.5724155121643 554635.850158415
-0.0986999999999999 -0.0281673866436641 -0.0279846761013848 -13.0732362464985 84.563033171859 554386.416455404
-0.0987999999999999 0.0427800800526235 0.0263346729267711 -13.0119991601369 84.5536508315537 554676.663656641
-0.0988999999999999 -0.0318585513641412 -0.0425226499582324 -13.1046400962983 84.5442684912483 554321.702184819
-0.0989999999999998 0.0289002879787414 0.0582258430586097 -13.0246670427981 84.534886150943 554721.244872267
-0.0990999999999999 -0.0467118428848742 -0.0430099595193211 -13.1262636802787 84.5255038106377 554290.028121764
-0.0991999999999998 0.0643252509766288 0.0366912275451156 -13.0406009797387 84.5161214703324 554785.043429146
-0.0993 -0.0679588911809049 -0.0415451166893752 -13.1599198415257 84.5067391300271 554253.425359579
-0.0993999999999998 0.0462065757854083 0.0659104333235316 -13.0503504654904 84.4973567897217 554787.481718008
-0.0994999999999998 -0.0430533283150881 -0.0871420079900967 -13.1875935272216 84.4879744494164 554188.493784878
-0.0995999999999999 0.0646088377539949 0.0547470707646909 -13.0707461457139 84.4785921091111 554790.430512919
-0.0996999999999999 -0.0914887978757467 -0.0186450917052238 -13.1980619502155 84.4692097688058 554231.13540597
-0.0997999999999999 0.0597544352383637 0.0426676621348489 -13.0890741609132 84.4598274285005 554786.932654837
-0.0998999999999999 -0.0190949839748246 -0.0725592071149711 -13.2074069969567 84.4504450881951 554269.26639197
-0.0999999999999999 0.0302935123473667 0.0547344822839565 -13.1238398583773 84.4410627478898 554709.321027096
-0.1001 -0.0505242163137118 -0.0226619453548103 -13.2190751241556 84.4316804075845 554310.409576612
-0.1002 0.0439040770346836 0.0135253144703909 -13.1604893306405 84.4222980672792 554628.543554427
-0.1003 -0.0119237971066924 -0.0304256427563296 -13.2156776045235 84.4129157269739 554387.213354257
-0.1004 -0.000553603717818761 0.0107180469583281 -13.1977462845049 84.4035333866685 554529.406377167
-0.1005 -0.0150473736810107 -0.00690767351440378 -13.2248861326525 84.3941510463632 554466.225888944
-0.1006 0.0141349507914093 -0.0088750455880542 -13.2202185119289 84.3847687060579 554511.060584464
-0.1007 0.00510689524518456 -0.00274144758510906 -13.236181661408 84.3753863657526 554487.459430506
-0.1008 -0.0252526551380393 0.00329374411287701 -13.2604574199108 84.3660040254473 554395.447146863
-0.1009 0.0193562189503474 0.0205158079437633 -13.2437208530296 84.3566216851419 554547.510317
-0.101 -0.00935036312280068 -0.0346781970711649 -13.2875718483722 84.3472393448366 554356.929879572
-0.1011 0.0285495680663833 0.0267521457800821 -13.2508437162884 84.3378570045313 554610.485440944
-0.1012 -0.0310953904511726 -0.0124830095146643 -13.3164847281929 84.328474664226 554375.4144169
-0.1013 0.0434106233444018 0.016533582904645 -13.271166771356 84.3190923239206 554642.736015384
-0.1014 -0.0385836237147093 -0.0386067346114879 -13.3428371717231 84.3097099836153 554299.803025951
-0.1015 0.035901416544647 0.0415192478616949 -13.2764446246002 84.30032764331 554655.655775588
-0.1016 -0.0384684833489977 -0.0482783795892191 -13.3751914672792 84.2909453030047 554234.455540165
-0.1017 0.039641698943141 0.0496382800806243 -13.2852348194324 84.2815629626994 554670.791628126
-0.1018 -0.0451735286518434 -0.0375088102386 -13.3913679390165 84.272180622394 554225.320278661
-0.1019 0.0536913397935226 0.0324717995224507 -13.3177569215176 84.2627982820887 554684.848297662
-0.102 -0.0545102736945763 -0.0246038901701934 -13.4048214964579 84.2534159417834 554272.089183356
-0.1021 0.0324933579626387 0.0463059567559033 -13.3284389905734 84.2440336014781 554640.181884383
-0.1022 -0.030230592620923 -0.0501793649341604 -13.424369671581 84.2346512611728 554237.100469003
-0.1023 0.0345434824033692 0.0384042436282509 -13.3599178300026 84.2252689208674 554609.079638022
-0.1024 -0.0266102884071716 -0.0315726667610788 -13.4361761628497 84.2158865805621 554286.500165631
-0.1025 0.0253913364804973 0.0267594328459313 -13.3929849824335 84.2065042402568 554575.623386018
-0.1026 -0.0295483086927898 -0.0161738467774111 -13.4554318347374 84.1971218999515 554351.613589966
-0.1027 0.0345440959063382 0.00699180198907109 -13.4170076137803 84.1877395596461 554542.139937345
-0.1028 -0.026089842456797 -0.0146752900545598 -13.4700897115684 84.1783572193408 554309.058298219
-0.1029 -0.00108569883857129 0.0333921483832377 -13.440672463256 84.1689748790355 554494.426064279
-0.103 0.0173986471424256 -0.0410610427772344 -13.4803864918343 84.1595925387302 554349.622011894
-0.1031 -0.00162736007183613 0.0246393533153896 -13.4614438034802 84.1502101984249 554501.709016339
-0.1032 -0.0283362954521014 0.00723006050459714 -13.4956542796418 84.1408278581195 554396.269759849
-0.1033 0.0128845162196464 -0.00972201225619396 -13.4893825956323 84.1314455178142 554458.347162768
-0.1034 -0.000291528234983325 -0.00994111615932172 -13.5103768307173 84.1220631775089 554402.180990825
-0.1035 -0.0204237800100231 0.00835503646300727 -13.5193227478231 84.1126808372036 554410.133093835
-0.1036 0.010748282567598 -0.00124351998612788 -13.5291231414483 84.1032984968983 554420.580293336
-0.1037 -0.00514917785537795 -0.00504156306198186 -13.544822568611 84.0939161565929 554370.052496852
-0.1038 -0.00457396530665698 0.0148004075112752 -13.5354117259436 84.0845338162876 554448.617737583
-0.1039 -0.00805781379713903 -0.00944130887467619 -13.5669009586401 84.0751514759823 554351.763234029
-0.104 0.0152495950087776 0.00831182354901222 -13.5563652446848 84.065769135677 554477.112494947
-0.1041 -0.0230106888030668 -0.0106206929026835 -13.5848536463624 84.0563867953717 554354.119926648
-0.1042 0.00584295998143787 0.0157868841744158 -13.569745309607 84.0470044550663 554460.089657399
-0.1043 -0.0128183335890113 -0.0204009506058152 -13.6136981568988 84.037622114761 554292.878601114
-0.1044 0.0204154642719036 0.0188758057136811 -13.5826780734509 84.0282397744557 554488.956339563
-0.1045 -0.0268870298414519 -0.011098759910703 -13.6409118966714 84.0188574341504 554278.351188549
-0.1046 0.0262883227987542 0.0259154844342556 -13.6034558464981 84.0094750938451 554536.075591342
-0.1047 -0.0217823917106989 -0.0368636517604362 -13.6594845683552 84.0000927535397 554269.166948136
-0.1048 0.0164001191232552 0.0368739976824207 -13.6189595068286 83.9907104132344 554527.511586346
-0.1049 -0.0340738316354061 -0.023952778390865 -13.6824195194347 83.9813280729291 554263.801926816
-0.105 0.0330685941752972 0.00439274785259816 -13.6292264675608 83.9719457326238 554517.662952805
-0.1051 -0.0273302258803852 -0.0275678758505829 -13.7015906302885 83.9625633923184 554249.826749495
-0.1052 0.0188780907478003 0.028552245814016 -13.6610314165279 83.9531810520131 554490.326157342
-0.1053 -0.0217249090897668 -0.0246379079753571 -13.7147451023866 83.9437987117078 554308.233300602
-0.1054 0.0232999977791174 0.0157439356548525 -13.6811361339614 83.9344163714025 554507.40722541
-0.1055 -0.0119796935323734 -0.024957379612817 -13.7366126947034 83.9250340310972 554294.381828657
-0.1056 0.0159619055785228 0.0284538477856319 -13.6936389560319 83.9156516907918 554503.650902875
-0.1057 -0.0321927746103374 -0.0159178376934598 -13.7517101815546 83.9062693504865 554252.832078489
-0.1058 0.0358381796656795 0.00447842120661226 -13.717040932594 83.8968870101812 554489.171021294
-0.1059 -0.00801002343286107 -0.0108265346228261 -13.7629224574311 83.8875046698759 554320.144433795
-0.106 -0.0084914079228773 0.0239644838353431 -13.7490677749078 83.8781223295705 554414.786942328
-0.1061 0.00594925061834244 -0.00341302602060386 -13.7641592818794 83.8687399892652 554403.998869714
-0.1062 0.018998263291055 -0.0278738121773187 -13.7790993800118 83.8593576489599 554387.016630691
-0.1063 0.00496681287539062 0.0202060529653578 -13.767282572876 83.8499753086546 554466.351217927
-0.1064 -0.0358138238990257 -0.00202551069099231 -13.8164546209068 83.8405929683493 554274.757555426
-0.1065 0.038927832040487 0.00231387326352099 -13.7762372254258 83.8312106280439 554490.685612329
-0.1066 -0.0260533863428664 -0.050216239588996 -13.8495552368743 83.8218282877386 554189.083161389
-0.1067 0.0213284544113242 0.0554972322834914 -13.7701984569906 83.8124459474333 554608.13471655
-0.1068 -0.0579443230396309 -0.0330714126127832 -13.879692112254 83.803063607128 554169.673772866
-0.1069 0.0733129717034393 0.0321941782310988 -13.7820935148699 83.7936812668227 554671.492348345
-0.107 -0.0469273993202363 -0.0624859761739931 -13.9170910014821 83.7842989265173 554073.177998722
-0.1071 0.0222065378508305 0.0892348676922089 -13.7972280512965 83.774916586212 554641.420904686
-0.1072 -0.0493117728174762 -0.0686559841646841 -13.9297794296089 83.7655342459067 554083.849815785
-0.1073 0.0682738651008747 0.0359206678383964 -13.8214423298202 83.7561519056014 554659.346735789
-0.1074 -0.0737109776678859 -0.0306980707081732 -13.9505253951683 83.7467695652961 554124.759974892
-0.1075 0.0529741626289715 0.0466831191019294 -13.8402447857948 83.7373872249907 554630.03178529
-0.1076 -0.0283610155827523 -0.0636195545074529 -13.9592116901922 83.7280048846854 554111.492040797
-0.1077 0.0266117345011487 0.0544982689142044 -13.8722908315448 83.7186225443801 554552.938151693
-0.1078 -0.0361287879162212 -0.033451160747895 -13.9590469353242 83.7092402040748 554179.420363896
-0.1079 0.0380078589842345 0.0218469727227977 -13.8959536586124 83.6998578637695 554541.537526264
-0.108 -0.0121995913937632 -0.0307514389606665 -13.9695098704982 83.6904755234641 554259.736872885
-0.1081 0.00721149741762069 0.0204512299532426 -13.9383171816058 83.6810931831588 554434.339086175
-0.1082 -0.0166989498070017 0.00369883128488664 -13.9729054540589 83.6717108428535 554323.791097403
-0.1083 0.00706316680271404 -0.00914453798372638 -13.9750149446575 83.6623285025482 554347.048411444
-0.1084 0.00466141037479223 0.00543964278247973 -13.9707538658902 83.6529461622428 554400.903005387
-0.1085 -0.0159541436333932 -0.0088873621514722 -13.998095392807 83.6435638219375 554322.320074362
-0.1086 0.0148590142737008 0.00428868440818033 -13.983666772885 83.6341814816322 554455.612319537
-0.1087 -0.0273976260711174 -0.0193321114310437 -14.0317639059712 83.6247991413269 554234.217554481
-0.1088 0.0208356666550872 0.0396636920295403 -13.9887149603565 83.6154168010216 554496.582912798
-0.1089 -0.0161983682788381 -0.0449387632459595 -14.0619929453062 83.6060344607162 554182.103393239
-0.109 0.0324035137798292 0.0489024460426852 -13.9858271850025 83.5966521204109 554568.128780173
-0.1091 -0.0524892338235131 -0.0380912322461996 -14.0963755457248 83.5872697801056 554144.49718471
-0.1092 0.0590508030411042 0.0259765916335794 -14.0119123599784 83.5778874398003 554584.22139821
-0.1093 -0.0354986644105647 -0.0402451819173731 -14.1084365673463 83.568505099495 554149.997834601
-0.1094 0.0283537674919289 0.0587823081510666 -14.0183085476606 83.5591227591896 554597.55560096
-0.1095 -0.0403487708785168 -0.0403631815217078 -14.1263521155102 83.5497404188843 554178.409668942
-0.1096 0.0540959661632122 0.0218496740681627 -14.053055409984 83.540358078579 554555.586806804
-0.1097 -0.0420840763091707 -0.0210007378044056 -14.1370624763096 83.5309757382737 554171.413593022
-0.1098 0.0291882286969141 0.0370674954134413 -14.0779844533933 83.5215933979684 554486.12805564
-0.1099 -0.0259786431498495 -0.0392006263631169 -14.1539596071256 83.512211057663 554207.186359686
-0.11 0.0385662742815223 0.0266298542493841 -14.0898044322768 83.5028287173577 554543.617689131
-0.1101 -0.030377372309583 -0.0236097730903894 -14.1545497298591 83.4934463770524 554271.969039077
-0.1102 0.0105017140132175 0.0232243515764516 -14.1166928951198 83.4840640367471 554454.358725474
-0.1103 -0.00818593456841049 -0.0157479732558843 -14.1661223197107 83.4746816964417 554291.727353537
-0.1104 0.0153155023750481 0.000901694883494861 -14.1554672352784 83.4652993561364 554412.137750984
-0.1105 -0.0147256203766625 0.000531065014913333 -14.1832850940131 83.4559170158311 554333.740782607
-0.1106 0.0120500961042813 0.000916846832791303 -14.1759379774468 83.4465346755258 554434.98066456
-0.1107 0.00297639268356917 -0.00106608792612358 -14.1838229635077 83.4371523352205 554401.489696147
-0.1108 -0.00934828313986839 -0.00436753660208692 -14.2073354970473 83.4277699949151 554325.037872147
-0.1109 0.00692338098387222 0.0131401656574867 -14.194555060155 83.4183876546098 554435.984788918
-0.111 -0.0222477236135859 -0.0186924787334155 -14.2359289501658 83.4090053143045 554259.808155302
-0.1111 0.0298825728495461 0.0278171953057256 -14.1944792278884 83.3996229739992 554500.067677501
-0.1112 -0.0349303108075685 -0.0320304139492134 -14.2708845458734 83.3902406336938 554215.442612025
-0.1113 0.0284263369662765 0.0561555145460881 -14.2004846716439 83.3808582933885 554607.271442772
-0.1114 -0.0394313901685426 -0.052865804309065 -14.297066365973 83.3714759530832 554161.031835708
-0.1115 0.0680339470695979 0.0421279159392464 -14.2001479346191 83.3620936127779 554634.778580636
-0.1116 -0.0673354660289655 -0.036782514745188 -14.3260868473673 83.3527112724726 554079.44947398
-0.1117 0.055949995638232 0.0564484383228214 -14.2038414300403 83.3433289321673 554681.826176494
-0.1118 -0.0438889568261905 -0.0897930421163581 -14.3515262047224 83.3339465918619 554064.278484629
-0.1119 0.0457874502620902 0.0800355858284064 -14.2157913164071 83.3245642515566 554739.884167635
-0.112 -0.0838143377776221 -0.0456247809062638 -14.3721097262429 83.3151819112513 554095.699195547
-0.1121 0.0779262362845518 0.0526265006784476 -14.2300307734319 83.305799570946 554752.742360017
-0.1122 -0.0394769467977718 -0.076036638600923 -14.3829291530916 83.2964172306406 554078.023201794
-0.1123 0.0398707572733881 0.0820357579538231 -14.266510507477 83.2870348903353 554664.290625298
-0.1124 -0.0524495639344182 -0.0293808812114033 -14.3835397224822 83.27765255003 554146.94727915
-0.1125 0.0505834438224503 0.00600248643209053 -14.3103199319295 83.2682702097247 554534.453857303
-0.1126 -0.0192193335655259 -0.0204541836144934 -14.3715324079569 83.2588878694194 554290.078207494
-0.1127 -0.00793976895912408 0.0344485471927889 -14.3467540623225 83.249505529114 554478.964994578
-0.1128 0.00104117299992406 -0.00290553239839568 -14.3686539193992 83.2401231888087 554393.470565335
-0.1129 0.0168529567906552 -0.0275557342003101 -14.3850450944761 83.2307408485034 554342.441275383
-0.113 0.00095812787004646 0.0320947252479954 -14.3679448020388 83.2213585081981 554465.203207184
-0.1131 -0.0214802140473481 -0.0265253159558357 -14.4193325663106 83.2119761678928 554279.572870822
-0.1132 0.0258027472702407 0.0274267298753842 -14.383885628316 83.2025938275874 554522.595437209
-0.1133 -0.0197400814866627 -0.0454803359979828 -14.4445641183086 83.1932114872821 554245.752031041
-0.1134 0.0318108279255302 0.0388792789201569 -14.3791657656006 83.1838291469768 554608.954406417
-0.1135 -0.0511211635539068 -0.0263888586256616 -14.4711089073269 83.1744468066715 554220.639717481
-0.1136 0.0482105097937229 0.0257188258725647 -14.3962746991533 83.1650644663661 554572.251836156
-0.1137 -0.0370904007953779 -0.0451487489652958 -14.4954101356613 83.1556821260608 554169.419569205
-0.1138 0.02101327535518 0.0533072288654963 -14.4088727234583 83.1462997857555 554591.560557639
-0.1139 -0.0300890527807255 -0.036825159609607 -14.5008628685934 83.1369174454502 554225.459358791
-0.114 0.0491317960280749 0.0271423380591534 -14.4375979484417 83.1275351051449 554602.416900203
-0.1141 -0.0448479686252395 -0.0189593762129519 -14.5178565581942 83.1181527648396 554239.609197696
-0.1142 0.0225973460710889 0.0337273815407186 -14.4488749964273 83.1087704245342 554538.13517795
-0.1143 -0.0147065441156426 -0.0395290966372208 -14.5249953780299 83.0993880842289 554255.431052524
-0.1144 0.0230644197094846 0.0184569605557863 -14.4842617163209 83.0900057439236 554510.220603468
-0.1145 -0.0318831156436821 -0.0139246813111897 -14.5334091444337 83.0806234036183 554317.406545979
-0.1146 0.016839156906089 0.00763860256285796 -14.5065958757478 83.0712410633129 554504.67857639
-0.1147 -0.0020663139503108 -0.0228249158323637 -14.545123071652 83.0618587230076 554346.983298626
-0.1148 0.00912962134332343 0.00799810797403301 -14.5281502823928 83.0524763827023 554461.046650974
-0.1149 -0.0181427827001605 0.00488117675955832 -14.552158771073 83.043094042397 554386.000221059
-0.115 -0.00857005062989848 0.0137294838692875 -14.5571444746241 83.0337117020917 554421.673336438
-0.1151 0.024862483772357 -0.0161468043203906 -14.5663931170546 83.0243293617863 554424.672785854
-0.1152 -0.00596917366566 -0.00635649950790444 -14.5840298761074 83.014947021481 554398.418604968
-0.1153 -0.00288740551886441 0.0360181168216115 -14.5682444402783 83.0055646811757 554519.245322822
-0.1154 -0.0145879658759473 -0.0266506942283592 -14.6164336506016 82.9961823408704 554334.204100157
-0.1155 0.038599577638835 0.00700934397168679 -14.5708109722492 82.9868000005651 554538.783613525
-0.1156 -0.0495176067623733 -0.0241646239232766 -14.6454870472086 82.9774176602597 554240.402201942
-0.1157 0.0151922782598076 0.0580106293512198 -14.577349649234 82.9680353199544 554617.501713771
-0.1158 -0.0108753918628416 -0.0604528903912047 -14.6695104855237 82.9586529796491 554235.557931243
-0.1159 0.0620518465451106 0.0265310574980943 -14.5780387180163 82.9492706393438 554680.714021616
-0.116 -0.0751448751034434 -0.00235411526500589 -14.6854097737608 82.9398882990384 554240.395811107
-0.1161 0.0428205485651021 0.0460373509454561 -14.6075114369175 82.9305059587331 554641.646214436
-0.1162 0.00416069001205014 -0.0815220739312715 -14.6981446880314 82.9211236184278 554227.196136081
-0.1163 0.0163188966672978 0.0461534249809965 -14.6306030275404 82.9117412781225 554612.572910552
-0.1164 -0.0624742108091936 0.000803501092499675 -14.7053742128223 82.9023589378172 554280.095797428
-0.1165 0.0574179782295734 -0.0160955390491446 -14.6517159020697 82.8929765975118 554552.031729894
-0.1166 -0.00097734477747847 -0.032543545817935 -14.7098343565697 82.8835942572065 554366.134564464
-0.1167 -0.0295783710209467 0.0494639022251215 -14.6902461735817 82.8742119169012 554501.339954166
-0.1168 0.0131127211858222 -0.0205367001953388 -14.7131024190972 82.8648295765959 554431.910069315
-0.1169 0.0298210167577678 -0.0263998045583345 -14.7142915340625 82.8554472362906 554434.659612237
-0.117 -0.0206209102918044 0.0314001359844705 -14.719476293064 82.8460648959852 554453.926491123
-0.1171 -0.0180542326518458 -0.0034715889662923 -14.7498036050967 82.8366825556799 554375.708944083
-0.1172 0.0295409395050164 -0.00109082050097275 -14.7208343521509 82.8273002153746 554536.658742332
-0.1173 -0.0151336584324305 -0.0132327984399833 -14.7726740853139 82.8179178750693 554377.10095283
-0.1174 0.00686514862103574 0.0330843903945339 -14.7408251949824 82.8085355347639 554550.355980647
-0.1175 -0.0202218486419036 -0.0233896511582797 -14.7864157299862 82.7991531944586 554349.251936596
-0.1176 0.0327718733666496 0.0138499522245219 -14.7496556450964 82.7897708541533 554553.732097513
-0.1177 -0.0251722692365257 -0.0275112193192891 -14.8220249506307 82.780388513848 554284.403889835
-0.1178 0.0243104782141266 0.0369974031488553 -14.753426450224 82.7710061735427 554622.651385033
-0.1179 -0.0352200588901595 -0.0209578262612799 -14.8279276825348 82.7616238332373 554337.503542955
-0.118 0.0299584704196682 0.0192291337278643 -14.7700431214609 82.752241492932 554620.168881265
-0.1181 -0.0131714011789357 -0.0321378898807947 -14.8417830912248 82.7428591526267 554345.638632158
-0.1182 0.00339158558921666 0.0351002435055318 -14.7971345644064 82.7334768123214 554566.79761018
-0.1183 -0.0277419988992551 -0.0155163209728044 -14.8521350548495 82.7240944720161 554354.338369272
-0.1184 0.0357247546999788 -0.0123832140916819 -14.8112527708103 82.7147121317107 554547.459404516
-0.1185 -0.0298987609040883 0.00864217415677025 -14.8594448544187 82.7053297914054 554409.518544849
-0.1186 -0.00401782326823665 0.0214874803152217 -14.8507724875552 82.6959474511001 554541.302864853
-0.1187 0.0282562821452368 -0.0374680742203482 -14.855863839808 82.6865651107948 554479.65167816
-0.1188 -0.00473168169601061 0.00195793120722964 -14.8606695738337 82.6771827704895 554489.678446961
-0.1189 -0.0324296003081861 0.0409095366790275 -14.8778582732784 82.6678004301841 554491.856047049
-0.119 0.00637804082819111 -0.0303817344640064 -14.9005984032583 82.6584180898788 554412.272740974
-0.1191 0.0488903427604198 -0.0138724541277167 -14.872004073072 82.6490357495735 554588.816787424
-0.1192 -0.0581681000805007 0.0204203378035126 -14.9266178540521 82.6396534092682 554396.704093058
-0.1193 0.0281571409120765 0.0324387405133954 -14.8668980481311 82.6302710689629 554670.825310015
-0.1194 -0.00158519317900652 -0.0746258734360055 -14.9597252661643 82.6208887286575 554313.127376838
-0.1195 0.0214965597583188 0.0571817000024044 -14.8776958883246 82.6115063883522 554703.265880152
-0.1196 -0.066327524143466 -0.0280175731990672 -14.9952206576819 82.6021240480469 554225.575550367
-0.1197 0.0670221493621055 0.0239413793444296 -14.8915919967947 82.5927417077416 554698.699309757
-0.1198 -0.0449632809766033 -0.0499973317443469 -15.0017305112291 82.5833593674362 554242.973130954
-0.1199 0.0162495612207565 0.0615627386086668 -14.9043135424974 82.5739770271309 554734.414180423
-0.12 -0.0404643287866144 -0.0406843720761834 -15.015095722271 82.5645946868256 554310.253907652
-0.1201 0.0694500262510061 0.0214478229250168 -14.9241808431835 82.5552123465203 554762.27829582
-0.1202 -0.0509406399948109 -0.0192628422962473 -15.0248810154829 82.545830006215 554336.092053128
-0.1203 0.0223290979695438 0.0311234734872562 -14.9558449137194 82.5364476659096 554658.192231269
-0.1204 -0.0237518905090372 -0.024091180580986 -15.0329154108148 82.5270653256043 554367.171119629
-0.1205 0.0227687685359568 0.0104492279936708 -14.982331910771 82.517682985299 554598.945974997
-0.1206 -0.000112468400695539 -0.0226431332423696 -15.0245639961099 82.5083006449937 554474.346610535
-0.1207 -0.00393581720536662 0.0214855028854265 -15.0178470175142 82.4989183046883 554576.295063322
-0.1208 -0.00613743924513609 0.00497052009398514 -15.0225200541443 82.489535964383 554549.103521589
-0.1209 0.00165550162870699 -0.0298733087516282 -15.0557694464647 82.4801536240777 554453.341136312
-0.121 0.0228968659868454 0.0206303072338304 -15.0195786194407 82.4707712837724 554629.551565873
-0.1211 -0.0609248792861347 0.0002725557616109 -15.090803133138 82.4613889434671 554344.356507657
-0.1212 0.0568362924270594 0.00767206407163049 -15.0214612664939 82.4520066031617 554697.338562971
-0.1213 -0.0152544735530291 -0.0368684188572595 -15.1026798252007 82.4426242628564 554413.506163558
-0.1214 0.00341540400471724 0.0508222380989484 -15.0368831760544 82.4332419225511 554730.229316472
-0.1215 -0.031306614227234 -0.0278055976921554 -15.1247591913948 82.4238595822458 554387.356435236
-0.1216 0.0500347625077198 0.00496695321288103 -15.0585814370053 82.4144772419405 554682.57301048
-0.1217 -0.0391510817701206 -0.0119515444891502 -15.1321772258159 82.4050949016351 554393.440872577
-0.1218 0.0100188190663416 0.0328673835863683 -15.0812056749971 82.3957125613298 554685.05185211
-0.1219 -0.00606730277830203 -0.035281726271473 -15.1394497772736 82.3863302210245 554474.678473212
-0.122 0.0127817022654391 0.024136595671292 -15.1008054426382 82.3769478807192 554680.111749989
-0.1221 -0.0229614481360722 -0.000384781068445986 -15.1403054949765 82.3675655404139 554511.528839216
-0.1222 0.0144289314655647 -0.0085684689806972 -15.1310960125153 82.3581832001085 554584.664546105
-0.1223 0.00181078074086035 -0.0099384415539433 -15.146877319745 82.3488008598032 554560.423256301
-0.1224 -0.0215014925393507 0.0124369969296991 -15.1487342975404 82.3394185194979 554605.088607434
-0.1225 0.00589820380811209 0.0162922574539142 -15.1515677501145 82.3300361791926 554665.450414574
-0.1226 0.000137220439205364 -0.0222233286319146 -15.176036514159 82.3206538388873 554534.236838926
-0.1227 0.0131019667113701 0.0241942553876199 -15.1455103930135 82.3112714985819 554702.132387959
-0.1228 -0.0277327556307096 -0.0365254985765857 -15.2169486119573 82.3018891582766 554424.041221899
-0.1229 0.0344906725289192 0.0380422579132454 -15.144481646177 82.2925068179713 554793.155168496
-0.123 -0.0464442731849354 -0.0294953258269889 -15.2473333461368 82.283124477666 554417.941473915
-0.1231 0.0502640407930772 0.0418131198834497 -15.1538034905913 82.2737421373606 554874.878317235
-0.1232 -0.0586078920590535 -0.0377866203206273 -15.2651009554372 82.2643597970553 554383.264161761
-0.1233 0.0528620691095603 0.0333718228917818 -15.1651714224728 82.25497745675 554841.064535153
-0.1234 -0.0332228213514155 -0.0605761810921912 -15.2849558644147 82.2455951164447 554367.870125313
-0.1235 0.0271511154702958 0.0670110894485294 -15.1813278759327 82.2362127761394 554868.049713462
-0.1236 -0.0525311431869541 -0.0422543154064649 -15.2944715052337 82.226830435834 554388.686489816
-0.1237 0.0662321649271596 0.00409109996027718 -15.1950206621535 82.2174480955287 554885.287164816
-0.1238 -0.0365895954589634 -0.0212313105665686 -15.2845840339001 82.2080657552234 554514.186209826
-0.1239 -0.010197285106833 0.0493333915767274 -15.2402797790035 82.1986834149181 554741.190736295
-0.124 -0.00155066950580819 -0.0155952039307606 -15.2834232950964 82.1893010746128 554598.082950886
-0.1241 0.0294260575515257 -0.0411407266412578 -15.2783159726253 82.1799187343074 554621.451869244
-0.1242 0.000481074740968454 0.0339258138377026 -15.2710671369356 82.1705363940021 554732.847969916
-0.1243 -0.0578002646789895 0.0170551142742596 -15.3217880134899 82.1611540536968 554540.775683269
-0.1244 0.0769602667994392 -0.0111505522457243 -15.2499442557878 82.1517717133915 554869.731403087
-0.1245 -0.0233618551784206 -0.0486458703239775 -15.3502256589634 82.1423893730861 554499.977674834
-0.1246 -0.0107001084017011 0.0803831347456166 -15.2686492908382 82.1330070327808 554858.554141238
-0.1247 -0.0393175386757945 -0.037385236277844 -15.3677673867522 82.1236246924755 554447.193693016
-0.1248 0.0669168968068967 0.00537380034907588 -15.2771127170697 82.1142423521702 554874.987816276
-0.1249 -0.0566312726936014 -0.0121164510690128 -15.3721828329122 82.1048600118649 554518.598343764
-0.125 0.0256564623412137 0.0454676060062389 -15.3021672402092 82.0954776715596 554876.213912483
-0.1251 -0.00601670695736953 -0.0496129146953336 -15.3832393426586 82.0860953312542 554562.620609801
-0.1252 0.0294628925738483 0.0186844796062865 -15.325716909371 82.0767129909489 554813.073069807
-0.1253 -0.0522530154974173 0.0107182314270602 -15.3807731410829 82.0673306506436 554594.988197934
-0.1254 0.0289589779700355 -0.0021869484112614 -15.3504340245388 82.0579483103383 554779.432194155
-0.1255 -0.00405378848609648 -0.0361923878938434 -15.39367473584 82.0485659700329 554637.220734801
-0.1256 -0.00764731404891241 0.0461535991986472 -15.3684271183084 82.0391836297276 554811.6129808
-0.1257 -0.00858088906306887 0.000618126084411949 -15.4004750785115 82.0298012894223 554688.31581805
-0.1258 0.0260616093180441 -0.0174997922315924 -15.3999573319212 82.020418949117 554730.715011895
-0.1259 -0.0132121601861273 -0.000189501539230251 -15.4114807760069 82.0110366088117 554680.017179255
-0.126 -0.0251663168670956 0.0231364308115424 -15.4101677115105 82.0016542685063 554732.102203182
-0.1261 0.0154393502601016 -0.0170002471002296 -15.4209264383117 81.992271928201 554726.997544851
-0.1262 0.0140223431588523 -0.0137851039076948 -15.4296182568897 81.9828895878957 554747.709625903
-0.1263 -0.0121687200369805 0.0236438808783989 -15.4297592201765 81.9735072475904 554772.26956865
-0.1264 -0.0123418830421039 -0.00700776068190577 -15.4506343666378 81.9641249072851 554693.185522496
-0.1265 0.040984962810109 -0.0181852769049433 -15.4334344694078 81.9547425669797 554817.899301817
-0.1266 -0.0235450530124059 -0.0202551018683473 -15.4733546977616 81.9453602266744 554653.161026852
-0.1267 -0.00979895638606476 0.0582686650513275 -15.439494671325 81.9359778863691 554875.343779051
-0.1268 -0.00326776464000431 -0.053021246753731 -15.5004415315169 81.9265955460638 554651.400054595
-0.1269 0.0512045554525595 0.0195268119805205 -15.4330502481178 81.9172132057584 554957.866751479
-0.127 -0.0510808513352885 -0.0175029617250557 -15.5243024419194 81.9078308654531 554588.576687734
-0.1271 0.0280783551203875 0.0472779435603551 -15.4481356641687 81.8984485251478 554951.470184944
-0.1272 -0.0136952370291571 -0.0588347253229236 -15.5482030202425 81.8890661848425 554560.876842289
-0.1273 0.0325365738657106 0.037030628046621 -15.4684877576033 81.8796838445372 554964.985480476
-0.1274 -0.0602671457516498 -0.0150853303617186 -15.5496223285159 81.8703015042318 554619.65971159
-0.1275 0.0405040949912578 0.0255501725286221 -15.4720478617663 81.8609191639265 554973.034106035
-0.1276 -0.00920574211587494 -0.0451913246181288 -15.5498438440853 81.8515368236212 554670.821300458
-0.1277 0.00307908570374071 0.0373906241366655 -15.5022963354794 81.8421544833159 554924.422609653
-0.1278 -0.0310314543572316 -0.000457702104425859 -15.559303518001 81.8327721430106 554717.042455725
-0.1279 0.0214195735440819 -0.00307941429044636 -15.5357045498375 81.8233898027052 554865.337059251
-0.128 0.0297518496255027 -0.0170016186225341 -15.5463884479718 81.8140074623999 554870.708187649
-0.1281 -0.0403944037760833 0.00880352445439303 -15.5773570460054 81.8046251220946 554766.128158669
-0.1282 0.0192762118113425 0.0312304359533192 -15.5299146208473 81.7952427817893 554995.150663266
-0.1283 -0.0242297009022697 -0.0519810888901224 -15.6180712402343 81.7858604414839 554632.919075015
-0.1284 0.0564791848003115 0.037841304313818 -15.5165423013997 81.7764781011786 555077.1094184
-0.1285 -0.0665613416361823 -0.037080182290752 -15.6401739933611 81.7670957608733 554571.189274494
-0.1286 0.0491414306654738 0.0631176322188023 -15.5279074229486 81.757713420568 555169.030257825
-0.1287 -0.0461479906150357 -0.0714180749112163 -15.6643495675197 81.7483310802627 554588.230800321
-0.1288 0.0578474592990858 0.0535408084375591 -15.5341572295222 81.7389487399574 555173.639198339
-0.1289 -0.0620195570468901 -0.0423473921605919 -15.6802225593383 81.729566399652 554589.209690913
-0.129 0.0537687354769911 0.0484722708744919 -15.5547062498441 81.7201840593467 555141.129177842
-0.1291 -0.0331265648692475 -0.0600906823118484 -15.6754886862815 81.7108017190414 554635.06901308
-0.1292 0.0313691883561084 0.0445141490745545 -15.5839107651751 81.7014193787361 555087.35675951
-0.1293 -0.0414014017850854 -0.019842725777241 -15.6639032775271 81.6920370384307 554771.299436578
-0.1294 0.0261515245652985 0.0110233107985581 -15.6187410977968 81.6826546981254 555008.948127886
-0.1295 0.00820418279232044 -0.0287238787640897 -15.6601514819354 81.6732723578201 554866.502249239
-0.1296 -0.0169723561322728 0.0203799116895735 -15.6560099195983 81.6638900175148 554905.311425709
-0.1297 -0.0146004063860323 0.0165060660792824 -15.6564756611916 81.6545076772095 554910.332468863
-0.1298 0.00607714524271854 -0.0199415797818672 -15.6814723137722 81.6451253369041 554878.568941376
-0.1299 0.0100981262875716 0.000906978709230783 -15.661763476243 81.6357429965988 554976.199606284
-0.13 -0.0112811652124831 0.00360677790321858 -15.6987754103005 81.6263606562935 554879.070352212
-0.1301 0.00306271313564928 0.0199921731849863 -15.6794680349954 81.6169783159882 554983.121528314
-0.1302 0.0056395848173634 -0.0213911923443568 -15.7006654109723 81.6075959756828 554921.668683236
-0.1303 0.00900807320678113 0.00551010700360029 -15.6852954724333 81.5982136353775 555031.536643407
-0.1304 -0.0282551318111683 0.017774264572563 -15.7157418595277 81.5888312950722 554920.528044882
-0.1305 0.00758915361438289 -0.00618542832219454 -15.7049768708978 81.5794489547669 554966.570992552
-0.1306 0.0108240887605099 -0.0138636912041682 -15.7287663831295 81.5700666144616 554929.958369924
-0.1307 -0.00315579638860826 0.026909828340064 -15.7202420944015 81.5606842741562 555007.119924255
-0.1308 -0.000956253482516095 0.00211810607174905 -15.7437307199481 81.5513019338509 554978.354986292
-0.1309 0.0200192339198193 -0.00345011526423423 -15.7276694100605 81.5419195935456 555054.493334945
-0.131 0.00061143677242083 -0.00945434897337621 -15.7512398230372 81.5325372532403 554982.058747279
-0.1311 -0.00880799437442704 0.0256894661469223 -15.7587083212136 81.523154912935 555025.293250077
-0.1312 0.0150903330034674 -0.0224474708966619 -15.7590275495291 81.5137725726296 554982.469033736
-0.1313 -0.00191210719621802 -0.00918279139917799 -15.7711986275458 81.5043902323243 554972.788302563
-0.1314 0.00316123701999684 0.00615842979317225 -15.7757446561261 81.495007892019 555027.175185699
-0.1315 -0.0192243618761189 0.00755335573757904 -15.78772336073 81.4856255517137 554993.184011162
-0.1316 0.0228765817070758 0.011325805435698 -15.7702596458831 81.4762432114084 555103.139887932
-0.1317 -0.00344665990966926 -0.00898531566601463 -15.8003835273856 81.466860871103 555006.854065961
-0.1318 0.0015816840630458 0.0150205182504226 -15.7808319253828 81.4574785307977 555080.662459714
-0.1319 -0.0226036331911567 -0.000121031797296039 -15.8196003096517 81.4480961904924 554974.379445591
-0.132 0.0212571388323422 0.00330511189560708 -15.8015049709666 81.4387138501871 555090.701289611
-0.1321 -0.00173060883614472 -0.0162162083930582 -15.8242531104219 81.4293315098817 555025.943792438
-0.1322 0.0141524478688772 0.0128134274106993 -15.8079736224601 81.4199491695764 555150.578790714
-0.1323 -0.010466792345909 -0.00965110525267713 -15.8435753221475 81.4105668292711 555022.012112152
-0.1324 0.0111723997084624 0.00803073597511727 -15.814495339232 81.4011844889658 555141.911439228
-0.1325 -0.00170767577634217 -0.0184172732721071 -15.8555857530957 81.3918021486605 555018.860041031
-0.1326 0.00320712193662456 0.00479950301421926 -15.8374602455319 81.3824198083551 555101.801971832
-0.1327 -0.0099099721565209 0.0109862826562015 -15.8573311919102 81.3730374680498 555077.144113371
-0.1328 0.0134440876756156 -0.00454311140226197 -15.8579682596943 81.3636551277445 555114.426581136
-0.1329 0.00882332844990109 0.0136554774642419 -15.8518384130853 81.3542727874392 555178.726724098
-0.133 -0.014607805689982 -0.0205825059550461 -15.8908633930735 81.3448904471339 555028.236977344
-0.1331 0.00932535810387419 0.0370356175061295 -15.8526910199097 81.3355081068285 555210.624265076
-0.1332 -0.0248143019563759 -0.0298180777180888 -15.9185360781842 81.3261257665232 554964.373351121
-0.1333 0.0501170810548273 0.0258059231302526 -15.8432138220555 81.3167434262179 555334.548848032
-0.1334 -0.0578309353417321 -0.0284788241463362 -15.9526771478261 81.3073610859126 554923.977591415
-0.1335 0.0385106419153943 0.0506031236513608 -15.8322593569114 81.2979787456073 555415.872930247
-0.1336 -0.0362115418550718 -0.0666919424784162 -15.9746405530105 81.2885964053019 554869.054161282
-0.1337 0.0463801493450683 0.0483963875500344 -15.86423244652 81.2792140649966 555382.088256067
-0.1338 -0.0746762643952013 -0.0267494047183284 -15.9822220270381 81.2698317246913 554869.222073798
-0.1339 0.0483265552405327 0.0269246477190876 -15.8765448727361 81.260449384386 555387.960964585
-0.134 -0.0279042045556141 -0.0414663555077149 -15.9753541530481 81.2510670440806 555001.884348868
-0.1341 0.0115200626273524 0.0386071942643402 -15.9022730138089 81.2416847037753 555346.694631097
-0.1342 -0.0288892193818457 -0.00158756476968354 -15.9605786795939 81.23230236347 555123.925515947
-0.1343 0.0185466257580979 -0.0152818936341531 -15.9440972613408 81.2229200231647 555203.143323916
-0.1344 0.0195057468200444 -0.00445565579857056 -15.9444390303598 81.2135376828594 555243.491064591
-0.1345 -0.0511150910117729 0.00790662272002377 -15.9883721457644 81.204155342554 555084.726876859
-0.1346 0.0326038058383719 0.019500933274471 -15.914830964098 81.1947730022487 555401.759650812
-0.1347 -0.0179542809149476 -0.0600647344730918 -16.0175322273996 81.1853906619434 555049.162746885
-0.1348 0.0391370232702301 0.0487221496936599 -15.9249193593933 81.1760083216381 555475.689859772
-0.1349 -0.0562077746229806 -0.0346159130913366 -16.0367358872118 81.1666259813328 554991.68323164
-0.135 0.0644977135909156 0.0319755468141169 -15.938869146465 81.1572436410274 555481.518291381
-0.1351 -0.0396504588312909 -0.0619558635270534 -16.0587839960768 81.1478613007221 554958.038264876
-0.1352 0.0240869459382886 0.0686173422084501 -15.9349431590907 81.1384789604168 555540.910944569
-0.1353 -0.0252244363833948 -0.0319971398695792 -16.0532742301898 81.1290966201115 555101.328054854
-0.1354 0.0478625670923049 0.00532479847538652 -15.9773736687205 81.1197142798061 555426.438367926
-0.1355 -0.0262809870083715 0.00362167821018993 -16.0286014136482 81.1103319395008 555219.517067958
-0.1356 -0.00663073149600402 0.0200953323328391 -16.0060630229624 81.1009495991955 555320.164730535
-0.1357 0.0137255759655927 -0.0159527135240986 -16.0239150971987 81.0915672588902 555309.086894203
-0.1358 -0.00507524862505758 -0.00950617003039139 -16.04274896878 81.0821849185849 555305.051930034
-0.1359 0.0056742493703049 0.0225726780255415 -16.0026407524708 81.0728025782795 555445.621363864
-0.136 -0.0185258864583834 -0.022221997876307 -16.067373645009 81.0634202379742 555232.43277678
-0.1361 0.0287376705311749 0.0229725571087578 -16.0210284804752 81.0540378976689 555458.478120432
-0.1362 -0.0378235622072254 -0.0224322380494724 -16.0935315753664 81.0446555573636 555157.113539041
-0.1363 0.0211531969743472 0.0315434641405211 -16.0232310676942 81.0352732170583 555510.203803155
-0.1364 -0.0198842491045692 -0.032315351549276 -16.1046076720191 81.0258908767529 555247.197010409
-0.1365 0.036216173122231 0.0266982255720321 -16.0335764925473 81.0165085364476 555544.613455459
-0.1366 -0.0469930103987063 -0.00796757584898897 -16.1069208236371 81.0071261961423 555261.438333874
-0.1367 0.0431557592704605 -0.000681361559148943 -16.0502246611544 80.997743855837 555500.084789376
-0.1368 -0.0158820588974629 -0.0169171121729948 -16.107404074345 80.9883615155317 555284.331511211
-0.1369 -0.000386662325214456 0.0265127235256716 -16.0721638539488 80.9789791752263 555472.674313256
-0.137 -0.00102660095907646 -0.0314703100049995 -16.1005281037645 80.969596834921 555366.162423055
-0.1371 0.0174483770517719 0.00964800691885221 -16.0805392750662 80.9602144946157 555523.252899883
-0.1372 -0.0137790772695711 -0.0115825166413476 -16.1135264600503 80.9508321543104 555378.972398683
-0.1373 -0.00973503481223757 0.0178638208276783 -16.1047477030531 80.9414498140051 555466.894478418
-0.1374 0.0101093664580322 0.000808094974765173 -16.1179490389675 80.9320674736997 555447.017371783
-0.1375 0.00301529585456306 -0.0143325412614438 -16.136064492563 80.9226851333944 555410.225197801
-0.1376 -0.00230611754295863 0.0292122139064322 -16.1096076142493 80.9133027930891 555530.635603761
-0.1377 -0.0232930361423617 -0.0114387322823842 -16.1643292250861 80.9039204527838 555388.608174664
-0.1378 0.059078341183357 0.00246499644803757 -16.0881652225764 80.8945381124784 555698.728693953
-0.1379 -0.0520212818378621 -0.0365189123716477 -16.2049548011249 80.8851557721731 555237.71931238
-0.138 0.0413600927216768 0.0678375937640145 -16.0767558565314 80.8757734318678 555792.003891509
-0.1381 -0.0660688477156146 -0.0590290815753051 -16.2403259903855 80.8663910915625 555134.124049944
-0.1382 0.0738021549298239 0.0526088171936683 -16.0803604088402 80.8570087512572 555843.257589307
-0.1383 -0.0773920254563407 -0.0628166055146585 -16.2527160602673 80.8476264109518 555160.73367453
-0.1384 0.0465018520479225 0.066754515074882 -16.109441894175 80.8382440706465 555837.923467401
-0.1385 -0.0387325098737249 -0.0546559695196353 -16.2393630550721 80.8288617303412 555295.038697159
-0.1386 0.0349578871132608 0.0291997022667605 -16.1374802478969 80.8194793900359 555709.678791101
-0.1387 -0.0275201966452706 -0.00146544384247553 -16.2086194740234 80.8100970497306 555445.376412104
-0.1388 -0.00864877165626203 -0.00096714006673298 -16.1933019650036 80.8007147094252 555534.288907107
-0.1389 0.0241900242182749 -0.0057837267620427 -16.1782067482776 80.7913323691199 555614.651797197
-0.139 -0.016899551010665 -0.0174665619524729 -16.2305593526051 80.7819500288146 555480.388952146
-0.1391 0.0216556197917256 0.0483315560482212 -16.1758286466749 80.7725676885093 555776.853365957
-0.1392 -0.0418845302465864 -0.0523778298862084 -16.2700541353537 80.7631853482039 555307.211158504
-0.1393 0.0464358123689604 0.0458333981860983 -16.1530016240666 80.7538030078986 555838.153886298
-0.1394 -0.0508516808966258 -0.0505314385876167 -16.2951584749112 80.7444206675933 555312.097750953
-0.1395 0.0515988701841953 0.0467337325595916 -16.1655193884682 80.735038327288 555889.511095427
-0.1396 -0.0475337682729039 -0.0415559300715999 -16.2886546819785 80.7256559869827 555400.098683269
-0.1397 0.0395136802212582 0.0352227474874239 -16.2000385025854 80.7162736466774 555845.46868796
-0.1398 -0.0280880356523908 -0.0319077739589083 -16.2773613457705 80.706891306372 555491.618753981
-0.1399 0.017441919308838 0.0310225476687741 -16.2225012828231 80.6975089660667 555741.67904593
-0.14 -0.0241331841016863 -0.015184063980751 -16.2752712187275 80.6881266257614 555538.078640311
-0.1401 0.0271133336434984 0.004325169651553 -16.2404682869285 80.6787442854561 555729.38094399
-0.1402 -0.00440192371045305 0.0055091990330752 -16.2712381899567 80.6693619451507 555667.976999712
-0.1403 -0.0306891021392773 0.0147164767227018 -16.2664600919432 80.6599796048454 555657.867928825
-0.1404 0.0253771899172004 -0.0075641507141958 -16.2539769186971 80.6505972645401 555762.66154754
-0.1405 0.00347496828707095 -0.027537573727757 -16.2960928677822 80.6412149242348 555642.263623042
-0.1406 0.000307014714406425 0.032615574447644 -16.2750021666591 80.6318325839295 555764.383212932
-0.1407 -0.0258691139839895 -0.00342902587905881 -16.3000366392102 80.6224502436241 555605.321883105
-0.1408 0.0371920158400243 -0.0147258681558902 -16.267991652507 80.6130679033188 555791.777704876
-0.1409 -0.0244262242799248 -0.0189006518299804 -16.3288931524196 80.6036855630135 555619.544171635
-0.141 0.0070329355608735 0.0336253934774319 -16.2820021334277 80.5943032227082 555851.754378928
-0.1411 -0.0164180146083951 -0.0250201436313355 -16.3291100051138 80.5849208824029 555658.601109675
-0.1412 0.0300291677285188 0.00869336762599956 -16.287053777931 80.5755385420975 555880.466715947
-0.1413 -0.0128937333178035 -0.0198635905683929 -16.3323227925582 80.5661562017922 555678.050409488
-0.1414 -0.0180733848624401 0.0347692507831533 -16.3140165300443 80.5567738614869 555804.50204645
-0.1415 -0.00403879281618025 -0.0293722789425016 -16.3459563338194 80.5473915211816 555696.116381729
-0.1416 0.0215444776110644 -0.0063515842500644 -16.3184769186868 80.5380091808762 555864.027617724
-0.1417 -0.0142118398621232 0.0175183763514923 -16.33559386405 80.5286268405709 555821.642872119
-0.1418 -0.018521068212244 0.013274726644942 -16.3451803044734 80.5192445002656 555809.632930217
-0.1419 0.0363954000227148 -0.0262325032405761 -16.3350319469334 80.5098621599603 555845.571973779
-0.142 -0.00841237623229968 -0.029295268721004 -16.3772530202623 80.500479819655 555721.284255133
-0.1421 -0.0354579610908829 0.0776438721013312 -16.3142385180822 80.4910974793496 555974.497644512
-0.1422 -0.0221842568513522 -0.0466395029738148 -16.407862045262 80.4817151390443 555679.745269194
-0.1423 0.0831164118614472 0.00552685343483934 -16.3041895906072 80.472332798739 556117.421422137
-0.1424 -0.0571167585363272 -0.0280441301642461 -16.4125703475327 80.4629504584337 555637.151358556
-0.1425 0.018789992914713 0.0752620398576122 -16.3201827144816 80.4535681181284 556126.324289208
-0.1426 -0.020815616599506 -0.0727733231923801 -16.4353052537674 80.444185777823 555620.497186839
-0.1427 0.059252339861979 0.0307305408470667 -16.3073486436122 80.4348034375177 556153.694177009
-0.1428 -0.0625718703228873 -0.0193626765936945 -16.4422757429454 80.4254210972124 555687.327173849
-0.1429 0.0262084576290352 0.0362846450232542 -16.3473322882351 80.4160387569071 556101.337692174
-0.143 -0.00370354919785703 -0.0379505880568669 -16.420494744666 80.4066564166017 555808.669124178
-0.1431 0.0189115055761688 0.00676226915779499 -16.380981756118 80.3972740762964 556008.433460833
-0.1432 -0.0376953708186886 0.0194785776822185 -16.4073946875025 80.3878917359911 555899.854248025
-0.1433 0.0150821880466515 -0.00906469571068609 -16.4079166832664 80.3785093956858 555963.891325798
-0.1434 0.0450274290275768 -0.00928525820305373 -16.390635246469 80.3691270553805 556084.724078922
-0.1435 -0.053998531762894 0.0028967477718215 -16.4519088135846 80.3597447150752 555840.822600386
-0.1436 0.0220118016651155 0.0417910018378436 -16.3728673047737 80.3503623747698 556152.651046867
-0.1437 -0.0193470454410029 -0.0654763551600427 -16.4880727871876 80.3409800344645 555728.199040251
-0.1438 0.0344522577360512 0.0513728043950494 -16.3718963580278 80.3315976941592 556253.964359917
-0.1439 -0.0416483690439964 -0.0288773800969345 -16.4829771981771 80.3222153538539 555814.306962932
-0.144 0.0314325962315523 0.0278297124908941 -16.3954629463044 80.3128330135485 556210.867321708
-0.1441 -0.0323259137112039 -0.0292391544231398 -16.491504045198 80.3034506732432 555857.883071151
-0.1442 0.01511000811535 0.0363244650050951 -16.4157466743773 80.2940683329379 556190.066766465
-0.1443 -0.0229051040437494 -0.00975290294310057 -16.4645599490811 80.2846859926326 555962.053903329
-0.1444 0.0266532580627908 -0.00170380028208703 -16.4556878333501 80.2753036523273 556104.204474152
-0.1445 0.00267315314446414 -0.00522001946663973 -16.4515708564063 80.2659213120219 556077.89339963
-0.1446 -0.0136894833711545 0.00398159845526131 -16.4671516374714 80.2565389717166 556076.00274585
-0.1447 0.0180539953167574 0.00568300000280825 -16.4503578077141 80.2471566314113 556204.089918509
-0.1448 -0.0109904657935443 -0.0104784706714935 -16.4832177021113 80.237774291106 556067.145895672
-0.1449 0.0184317870513884 0.0209760656470151 -16.4618958236346 80.2283919508006 556220.215879094
-0.145 -0.00470945891272551 -0.0373920660799244 -16.5125638047164 80.2190096104953 555995.812469069
-0.1451 -0.00522722459870358 0.0280972019438547 -16.4672450758068 80.20962727019 556207.691978379
-0.1452 -0.0187522762217311 -0.00664776014213801 -16.5129818733066 80.2002449298847 556057.158538817
-0.1453 0.03581768140363 -0.00646753713544943 -16.4698245181916 80.1908625895794 556266.690564546
-0.1454 -0.0236834345679084 -0.00371233778929984 -16.5075360893195 80.181480249274 556130.912351092
-0.1455 -0.0303585873003645 0.0217683427536486 -16.4875857722286 80.1720979089687 556188.347084841
-0.1456 0.0330600366929199 -0.0123136809254059 -16.4871889022777 80.1627155686634 556235.342360906
-0.1457 0.00271349815789902 -0.0274812150983797 -16.5130830978013 80.1533332283581 556145.387887986
-0.1458 -0.0196330993869888 0.0409431275777394 -16.4967689841272 80.1439508880528 556307.731032656
-0.1459 -0.0295647226393025 -0.012340636042426 -16.5281783062583 80.1345685477474 556150.043551312
-0.146 0.0576187319543061 -0.0156861576130216 -16.4769533514543 80.1251862074421 556376.129100694
-0.1461 -0.0250451496608296 -0.029707189233089 -16.5691310008616 80.1158038671368 556059.696867426
-0.1462 -0.0183102777215426 0.0625231148007716 -16.494903411801 80.1064215268315 556362.229127417
-0.1463 -0.0172440466505637 -0.0233410828360838 -16.5609216460527 80.0970391865262 556145.674244626
-0.1464 0.0547734295288837 -0.0257736173217625 -16.5065053134329 80.0876568462208 556375.708098244
-0.1465 -0.0203491191086715 0.013290703212314 -16.5381447071084 80.0782745059155 556286.311661596
-0.1466 -0.0306285984300243 0.0249420265179376 -16.539236326165 80.0688921656102 556312.65374235
-0.1467 0.0299490591401308 -0.00464248569480234 -16.5069285199924 80.0595098253049 556382.781908004
-0.1468 0.00789266109163535 -0.0439338896433997 -16.5644105581074 80.0501274849995 556197.073522822
-0.1469 -0.00283070155376192 0.0518338602325606 -16.491445767391 80.0407451446942 556519.214680183
-0.147 -0.0515266201254098 -0.00942178920163948 -16.5773472390585 80.0313628043889 556200.555067586
-0.1471 0.0774637633959949 0.00744570629905197 -16.4851962582858 80.0219804640836 556623.033060317
-0.1472 -0.0366055228191336 -0.0436588686980716 -16.6095564839148 80.0125981237783 556169.437468684
-0.1473 -0.00649973017207725 0.0885583171437373 -16.4943103542105 80.0032157834729 556630.021520239
-0.1474 -0.0299234879413827 -0.0411347483124764 -16.6016964616463 79.9938334431676 556201.395345173
-0.1475 0.0579213356289794 -0.0148185939072678 -16.5372996282644 79.9844511028623 556526.072119919
-0.1476 -0.0323952067467009 0.005708458974971 -16.5728201578684 79.975068762557 556408.220490731
-0.1477 -0.0170164856016731 0.0385624783976614 -16.5587982988938 79.9656864222517 556519.912871192
-0.1478 0.0240054663065565 -0.0271697621063135 -16.5789237647024 79.9563040819463 556460.267665454
-0.1479 -0.00060376678703783 -0.0163233707454366 -16.5991547000171 79.946921741641 556390.786700556
-0.148 -0.00374161692909651 0.0148601610530023 -16.5860657863341 79.9375394013357 556459.436733254
-0.1481 -0.0391817637395372 0.0202873008694742 -16.6298296748522 79.9281570610304 556371.504714956
-0.1482 0.0298764054298601 -0.0126106188127903 -16.5850786608999 79.9187747207251 556555.853955521
-0.1483 -0.00392785487296652 -0.0203631042438129 -16.6039739494111 79.9093923804197 556464.420468369
-0.1484 -0.0234186093642558 0.0381639277419744 -16.5801752769905 79.9000100401144 556579.007076941
-0.1485 -0.000702436125506107 -0.00157462109533373 -16.5840962867203 79.8906276998091 556570.007833226
-0.1486 0.0329886986977405 -0.0287805312621978 -16.5786033574368 79.8812453595038 556586.697643871
-0.1487 -0.00826945318899478 -0.0069465972437481 -16.5991471981837 79.8718630191984 556544.470152228
-0.1488 -0.0207460116405228 0.0313859508150682 -16.5982973910258 79.8624806788931 556632.517054891
-0.1489 0.00865351638429513 -0.00780082737060777 -16.6032968780058 79.8530983385878 556620.180053933
-0.149 0.0325238049971718 -0.0203772471735513 -16.5983832544674 79.8437159982825 556639.38027111
-0.1491 -0.0262924828489126 0.0191652393993963 -16.6111889028558 79.8343336579772 556603.248490119
-0.1492 -0.0169332001058616 0.0134514874299504 -16.6243486541434 79.8249513176718 556601.942786743
-0.1493 0.0249162198099953 -0.0198601321876555 -16.6250427696835 79.8155689773665 556639.420359338
-0.1494 0.0142157959643482 -0.0133813192405102 -16.6174053666772 79.8061866370612 556693.302230482
-0.1495 -0.0280041363650938 0.0172104692780872 -16.6193299745242 79.7968042967559 556691.517787504
-0.1496 0.0190647471184513 -0.00722225059215189 -16.6105227343736 79.7874219564506 556716.686799858
-0.1497 0.00587488913159704 -0.0122745406009569 -16.641140710565 79.7780396161452 556647.375357746
-0.1498 -0.00462081062026422 0.0127513956219178 -16.620920435085 79.7686572758399 556734.008689129
-0.1499 0.00791013276861576 -0.00685856670185446 -16.6213658729859 79.7592749355346 556756.989110082
-0.15 -0.00918675645957006 0.015957699858096 -16.6228241201561 79.7498925952293 556793.946933533
-0.1501 -0.0223659779305894 -0.00550400655389859 -16.6387312423893 79.7405102549239 556716.340334227
-0.1502 0.0180949831709608 -0.0108953360364553 -16.6197005589033 79.7311279146186 556803.657806818
-0.1503 -0.018924334174353 -0.00086983547356087 -16.6233076541331 79.7217455743133 556768.377506033
-0.1504 0.00700743906954898 0.0304186151989365 -16.5957457648555 79.712363234008 556904.817897608
-0.1505 -0.00581236444809257 -0.0289131517633882 -16.6326236318451 79.7029808937027 556773.599176779
-0.1506 0.0114387901763374 0.0139842305571892 -16.5792282585764 79.6935985533974 556991.240657754
-0.1507 -0.0115872062539791 -0.021466532510094 -16.6220818620274 79.684216213092 556823.7993045
-0.1508 0.0302126193166402 0.00839556505912747 -16.5636268342077 79.6748338727867 557081.208561499
-0.1509 -0.0285985592658244 -0.00672915121123715 -16.6229892706632 79.6654515324814 556858.497505915
-0.151 0.0144545320451285 0.00479527682669266 -16.6166967095501 79.6560691921761 556963.983121184
-0.1511 -0.000604900085032421 -0.00133845918458586 -16.6371051809053 79.6466868518707 556924.87713287
-0.1512 0.00480534538902853 -0.018490127815138 -16.6522294055346 79.6373045115654 556928.485063597
-0.1513 0.00167907827156027 0.0271839527181177 -16.6123109862347 79.6279221712601 557070.011696407
-0.1514 -0.034442503065103 -0.0195593621315549 -16.6445379021262 79.6185398309548 556903.853942356
-0.1515 0.0425866986250389 0.03227903259051 -16.5636188625247 79.6091574906495 557255.756684553
-0.1516 -0.0477127636702441 -0.0546183632485749 -16.6779988321554 79.5997751503441 556765.090793028
-0.1517 0.0517943176543084 0.0577339092983665 -16.5473515519217 79.5903928100388 557369.194900359
-0.1518 -0.0599488488331224 -0.0486484031635427 -16.7018484342849 79.5810104697335 556773.872907645
-0.1519 0.0466486539216037 0.0606018175160985 -16.561761347621 79.5716281294282 557389.879499784
-0.152 -0.0304231522512803 -0.0593972608123039 -16.6796563199382 79.5622457891229 556886.902713633
-0.1521 0.0436037504292021 0.0479599392709866 -16.5480233374626 79.5528634488175 557385.909910394
-0.1522 -0.0432392889914056 -0.0246250153694359 -16.6632559888866 79.5434811085122 556947.232237171
-0.1523 0.0324497558145123 0.0188739495969384 -16.5682241242453 79.5340987682069 557339.729169659
-0.1524 0.0121491115510269 -0.0318326934814622 -16.6115816524489 79.5247164279016 557206.076285326
-0.1525 -0.0285595693747072 0.000253459208890888 -16.6047496992266 79.5153340875962 557200.710917657
-0.1526 0.0271627443777906 0.0287831698129804 -16.5612685057093 79.5059517472909 557426.169209049
-0.1527 -0.0291156171349566 -0.053305035185932 -16.6656954628895 79.4965694069856 557026.985783121
-0.1528 0.0416662529239995 0.0544844390612756 -16.5516578803282 79.4871870666803 557550.672051964
-0.1529 -0.0718438521386319 -0.0275122725387097 -16.6618093821878 79.477804726375 557072.426732323
-0.153 0.0717338410743577 0.0309331511517932 -16.5315773216226 79.4684223860696 557636.460212993
-0.1531 -0.0462398747574546 -0.0490639312890813 -16.6804665184635 79.4590400457643 557072.662400098
-0.1532 0.0259219360652334 0.0702457973965693 -16.5430067650873 79.449657705459 557610.351642923
-0.1533 -0.050634089255346 -0.0442907706964199 -16.6482069297047 79.4402753651537 557119.758420504
-0.1534 0.0479233856882288 0.0275497494286247 -16.5643036795573 79.4308930248484 557596.473726278
-0.1535 -0.0217179987193415 -0.0195811649130558 -16.6307590422708 79.421510684543 557305.383191603
-0.1536 -0.00643198794847062 0.0280643702172828 -16.5718303220156 79.4121283442377 557541.63764327
-0.1537 0.00432510587766751 -0.0131173777491411 -16.5964732901432 79.4027460039324 557459.73397023
-0.1538 0.00183186513820987 -0.0129538406616665 -16.5837502835541 79.3933636636271 557447.52488812
-0.1539 -0.0142600970914908 0.0240536373773802 -16.5447884968378 79.3839813233217 557565.718309819
-0.154 -0.00332676040671016 -0.023632353293463 -16.5760663613775 79.3745989830164 557497.591792027
-0.1541 0.00832364460981613 0.0188351449024143 -16.5248534105002 79.3652166427111 557692.542764882
-0.1542 -0.0214589977621106 -0.012866366134471 -16.5696403372488 79.3558343024058 557539.731876308
-0.1543 0.0306243054083124 0.000520901541404519 -16.5015349316961 79.3464519621005 557783.60487455
-0.1544 -0.0234471748318925 -0.0198932642802677 -16.5177527283982 79.3370696217952 557609.431318935
-0.1545 0.00895182984620096 0.042241644319701 -16.4619996692474 79.3276872814898 557902.294174054
-0.1546 -0.0287340027177427 -0.0134250759011704 -16.4960715879694 79.3183049411845 557710.797608841
-0.1547 0.0384770530176483 -0.0100423937734645 -16.4284042878011 79.3089226008792 557955.496283393
-0.1548 -0.0146245394808608 -0.0134730281743113 -16.4392128832718 79.2995402605739 557878.542249736
-0.1549 -0.00978786479332071 0.040076083874369 -16.3780370048649 79.2901579202685 558089.312107284
-0.155 -0.0181358323896921 -0.0135769562973044 -16.4009225039 79.2807755799632 557990.681161182
-0.1551 0.0303009279563012 -0.0197690818443331 -16.3441088340561 79.2713932396579 558179.76346286
-0.1552 5.7993436090378e-05 -0.00692578049460317 -16.3127263446882 79.2620108993526 558198.088496303
-0.1553 -0.0176749731304194 0.0347254110934857 -16.2767289353423 79.2526285590473 558286.041830025
-0.1554 0.000628145881975968 -0.00997611802365899 -16.2390616726569 79.2432462187419 558334.760026491
-0.1555 0.0233269450671617 -0.0167600295159586 -16.2198744196455 79.2338638784366 558428.238923783
-0.1556 -0.00186082000104628 0.00761471172746782 -16.1700541310331 79.2244815381313 558526.587537887
-0.1557 -0.0258126108800028 0.0193364027425377 -16.0769096015964 79.215099197826 558725.832318648
-0.1558 0.0194000552215831 -0.0157591445340434 -15.9941901444253 79.2057168575207 558911.979848976
-0.1559 0.0221731082727466 -0.0365411486569116 -15.9578448806547 79.1963345172153 558936.616725708
-0.156 -0.0271971402939862 0.0550269250027854 -15.9050902859087 79.18695217691 559106.024428232
-0.1561 -0.0260198697945464 -0.0107293485385184 -15.8085747218291 79.1775698366047 559182.855518135
-0.1562 0.0593267662474872 -0.0155723473018236 -15.645412770881 79.1681874962994 559602.309237369
-0.1563 -0.0347405646315265 -0.0241047203121654 -15.5641986751708 79.158805155994 559620.292957653
-0.1564 0.0253708672428467 0.0307282070561578 -15.3225932860059 79.1494228156887 560248.979593157
-0.1565 -0.0472549811702475 -0.0238015754279517 -15.1697527511941 79.1400404753834 560326.390007395
-0.1566 0.0325873506701561 0.0389857684639661 -14.8502378789999 79.1306581350781 561156.41398766
-0.1567 -0.00388411619788912 -0.0331196827214597 -14.6760134397064 79.1212757947728 561262.973574748
-0.1568 0.0174060432678704 0.027895228850943 -14.4268032163298 79.1118934544674 561762.478748115
-0.1569 -0.0249545293050962 -0.0514614132353595 -14.1990086358476 79.1025111141621 561851.968007564
-0.157 0.0176044722868507 0.0435590058215038 -13.7996028636204 79.0931287738568 562671.575545276
-0.1571 -0.0460491015162118 -0.04717682077062 -13.4997587846119 79.0837464335515 562697.737446037
-0.1572 0.0821691148349639 0.0224296456524773 -13.0068984118565 79.0743640932462 563654.066351935
-0.1573 -0.0742294943116471 -0.008118090820344 -12.6205258190396 79.0649817529408 563742.671591236
-0.1574 0.019299070055479 0.0179925537898066 -12.1641573835803 79.0555994126355 564427.726829396
-0.1575 -0.0244302724494624 -0.0256823858318113 -11.7505142828569 79.0462170723302 564547.201458183
-0.1576 0.0117013598311484 0.0370495831333849 -11.1388800910361 79.0368347320249 565354.189488816
-0.1577 -0.00632398546843309 -0.0288251724830337 -10.6802747850569 79.0274523917195 565502.280952647
-0.1578 0.0198701845579475 0.000336392087657709 -10.1389746307766 79.0180700514142 565958.990492962
-0.1579 0.00574083560829183 0.00117549759261308 -9.63080653317714 79.0086877111089 566320.598780851
-0.158 0.00641478623934025 0.00732817628673954 -9.1139900191123 78.9993053708036 566675.225463155
-0.1581 -0.0206767708747866 -0.025849156280668 -8.65828356175052 78.9899230304983 566816.999896816
-0.1582 0.0235845401347465 -0.00489331235012231 -8.18143737101109 78.9805406901929 567165.630933791
-0.1583 0.0187320346313182 -0.0247910208060544 -7.71254177819956 78.9711583498876 567425.627787467
-0.1584 -0.0504798298751149 0.0450448876547331 -7.28200058272056 78.9617760095823 567730.655733224
-0.1585 0.0448942307208497 -0.0302488387385822 -6.80172463598525 78.952393669277 568152.582039868
-0.1586 -0.0178589804059929 0.00339764616731683 -6.39611018292715 78.9430113289717 568345.128983651
-0.1587 0.00126372200168483 -0.0211379892188408 -6.06249372613889 78.9336289886663 568523.368883193
-0.1588 -0.00344734760044702 0.00288652084109899 -5.68402533582883 78.924246648361 568871.887312218
-0.1589 0.000776718540229453 0.0106702330879579 -5.3467735814955 78.9148643080557 569171.713118526
-0.159 -0.011254805191697 -0.0189519051792583 -5.1258111445467 78.9054819677504 569188.166512991
-0.1591 0.00586086397203454 0.0555126117753411 -4.85268789897536 78.8960996274451 569549.207655633
-0.1592 -0.017091769486759 -0.0497283392477803 -4.6945425789517 78.8867172871397 569435.881449374
-0.1593 0.0468455217915257 -0.0101738219739686 -4.48375125138775 78.8773349468344 569737.154080765
-0.1594 -0.0749972739810515 0.0403775655645863 -4.34472471226386 78.8679526065291 569777.580550258
-0.1595 0.0542335641632126 -0.0276743598531858 -4.21119868932367 78.8585702662238 570025.261242756
-0.1596 0.00853988758423715 -0.00757202604222915 -4.07216164752905 78.8491879259184 570055.637495135
-0.1597 -0.0233478201370289 0.0229555005811567 -3.94703238827906 78.8398055856131 570163.62447417
-0.1598 -0.0260949430031714 -0.000863876928196473 -3.83308683031772 78.8304232453078 570181.550327129
-0.1599 0.00614717125585964 0.0187602123274623 -3.72914265934624 78.8210409050025 570321.315143307
-0.16 -0.00278411048616446 -0.0210597125211595 -3.67328886624189 78.8116585646972 570254.777019577
-0.1601 -0.00711419230984239 0.0237435902994304 -3.57045667116895 78.8022762243918 570423.236791562
-0.1602 -0.00296219840918017 -0.018133937573949 -3.47165647978513 78.7928938840865 570460.643978798
-0.1603 0.0206622175086981 -0.0243797705960983 -3.47295981740213 78.7835115437812 570358.129299535
-0.1604 -0.0142741997913668 0.0225938190991645 -3.37558031770634 78.7741292034759 570512.70458306
-0.1605 0.00193124673051952 -0.000758998368707881 -3.35732625471699 78.7647468631706 570483.137374063
-0.1606 0.00918558515419247 -0.012559951769163 -3.32497827994991 78.7553645228652 570477.606467357
-0.1607 0.0259088071568913 0.0292841238422515 -3.24621026752433 78.7459821825599 570733.000963041
-0.1608 -0.0373493198273728 -0.0403064460592215 -3.29512791662492 78.7365998422546 570326.133106941
-0.1609 0.0522530660595181 0.0425554781296405 -3.23720275389099 78.7272175019493 570697.237797601
-0.161 -0.028479533506647 -0.0609611155696742 -3.28793682340679 78.717835161644 570253.06361302
-0.1611 0.0373474084310514 0.0615100749704149 -3.15842538023553 78.7084528213386 570793.83052336
-0.1612 -0.057143807961875 -0.033985160179616 -3.20853293339999 78.6990704810333 570275.652824818
-0.1613 0.0645688535005813 0.0613835958098399 -3.11647701443363 78.689688140728 570787.574733721
-0.1614 -0.0329973576383236 -0.0627299631733692 -3.22217814150596 78.6803058004227 570165.619307919
-0.1615 0.0289711318750493 0.0551245874110452 -3.1539442470266 78.6709234601174 570597.694910154
-0.1616 -0.0717066125379332 -0.0341958364382247 -3.17858108592743 78.661541119812 570134.466537831
-0.1617 0.0488890845973649 0.0446176857932136 -3.08741842695449 78.6521587795067 570630.591909052
-0.1618 -0.0309919700783422 -0.0508938780157693 -3.11438024931955 78.6427764392014 570233.355103899
-0.1619 0.0330864711969754 0.0370018485606387 -3.05823188267894 78.6333940988961 570603.052843367
-0.162 -0.0363397090555137 -0.00799458027973429 -3.09835982291899 78.6240117585907 570294.474086873
-0.1621 0.0424389886494399 0.00889104028450331 -3.03541611758261 78.6146294182854 570581.496862674
-0.1622 -0.0310242569177297 -0.0164845157476003 -3.04218135531719 78.6052470779801 570328.735300982
-0.1623 0.0197256465687394 0.0403896292831039 -3.00771774157652 78.5958647376748 570513.558320893
-0.1624 -0.00628338208709291 -0.0388480616180635 -3.06528315843836 78.5864823973695 570230.521924381
-0.1625 0.0104336864717573 0.0446756104534421 -3.01603426735383 78.5771000570641 570487.794413581
-0.1626 -0.0536058068767978 -0.0333859160996573 -3.01529133860156 78.5677177167588 570214.997018201
-0.1627 0.063809171471376 0.00686514421444669 -2.96189343309208 78.5583353764535 570571.809314243
-0.1628 -0.0272599844476886 -0.0240087948256529 -2.9877316172183 78.5489530361482 570286.673173271
-0.1629 -0.0139359896048272 0.0513958622897987 -2.9305642285695 78.5395706958429 570497.599147897
-0.163 0.00368704246229491 -0.0693738432610554 -2.96294141834292 78.5301883555375 570234.739494268
-0.1631 0.0194907345824897 0.0364511751288868 -2.91840126631355 78.5208060152322 570511.016653819
-0.1632 -0.018276959398045 -0.0203198370926842 -2.94199109912935 78.5114236749269 570274.954779002
-0.1633 0.0168886502158862 0.0234876846851557 -2.89128106320767 78.5020413346216 570490.255419569
-0.1634 -0.0148494571894316 -0.00378884904078114 -2.92035981992287 78.4926589943162 570311.408504801
-0.1635 0.0129064990364449 0.0129005238966621 -2.89381880202251 78.4832766540109 570396.231327387
-0.1636 0.000147200423486783 -0.0215178829708544 -2.88282182212276 78.4738943137056 570281.960634169
-0.1637 0.0047233086813816 0.030893889914881 -2.85400421777562 78.4645119734003 570432.357985655
-0.1638 0.00807851094115575 -0.0469998785701841 -2.8704363322016 78.455129633095 570280.306990726
-0.1639 -0.01319578711909 0.0406264246482192 -2.84760859208834 78.4457472927896 570388.147924932
-0.164 -0.0104792671870618 -0.00712618369878792 -2.84561966998049 78.4363649524843 570274.752831936
-0.1641 0.0488002727927438 -0.0222744177306767 -2.80810088300886 78.426982612179 570382.076330635
-0.1642 -0.0204809573605724 -0.00398656242033183 -2.83931118723369 78.4176002718737 570200.357925772
-0.1643 -0.0105019024456133 0.0119348050400614 -2.83767994117658 78.4082179315684 570279.681901059
-0.1644 0.0193015565496203 -0.0022275911109339 -2.83673561781417 78.398835591263 570316.711099722
-0.1645 -0.03322410884634 -0.0359399896412159 -2.85489661197586 78.3894532509577 570135.594320638
-0.1646 0.0171327046620677 0.0536180512955439 -2.83253232405844 78.3800709106524 570346.193279713
-0.1647 -0.0339066969528374 -0.0353071118854765 -2.88061099622468 78.3706885703471 569989.847992061
-0.1648 0.0398506860863921 -0.00722590572029017 -2.83598354510161 78.3613062300417 570219.794800119
-0.1649 -0.0250054026377671 0.00705187803349581 -2.83985412729666 78.3519238897364 570079.747713558
-0.165 0.0161938130878832 -0.0052354959248665 -2.80028017420045 78.3425415494311 570194.031932
-0.1651 0.0087360703420212 -0.00588775847045749 -2.8097962298318 78.3331592091258 570196.854814306
-0.1652 -0.0229620937226989 -0.000825771989315244 -2.83002619981569 78.3237768688205 570079.477667309
-0.1653 0.0141697595311375 0.0258813492475086 -2.80048647829891 78.3143945285152 570245.487216837
-0.1654 -0.0198237977893581 -0.0251447975453507 -2.85672717267303 78.3050121882098 569959.77279084
-0.1655 0.0122051699669528 0.0167672038420688 -2.80901883525902 78.2956298479045 570153.024333704
-0.1656 0.00511474437682172 -0.0332739613332183 -2.82919426167063 78.2862475075992 570011.720693119
-0.1657 0.0360393654899981 0.0185551386477656 -2.83155384999087 78.2768651672939 570133.119338871
-0.1658 -0.0190320936785644 -0.000390835783284769 -2.79606936076178 78.2674828269885 570071.96378269
-0.1659 -0.00543538075203148 0.0163355409077918 -2.79424020492639 78.2581004866832 570127.055788602
-0.166 0.00457157831336021 -0.0377474664314245 -2.8253989383626 78.2487181463779 569931.836388934
-0.1661 0.0268169039409361 0.00777214903992326 -2.82091842860296 78.2393358060726 570038.29633267
-0.1662 -0.0225130294122954 0.0061341347881497 -2.86223547531999 78.2299534657673 569885.621151053
-0.1663 0.0182117211267981 0.00845537943856041 -2.84236647390857 78.2205711254619 570005.423288131
-0.1664 -0.0192634316187461 -0.0444951465443874 -2.90969398252702 78.2111887851566 569712.636867486
-0.1665 0.0107412794546933 0.0350562593035288 -2.84105548343764 78.2018064448513 570023.374278258
-0.1666 -0.00110127135169605 -0.028080381509934 -2.8694229231919 78.192424104546 569780.808191961
-0.1667 0.0160466647836949 0.0126467897508395 -2.83095609346633 78.1830417642407 569957.02373957
-0.1668 -0.0194763798888132 -0.0117128557078959 -2.87687882770026 78.1736594239353 569785.947586477
-0.1669 0.00822790944129249 0.00860970751912098 -2.85350073028747 78.16427708363 569930.132113586
-0.167 -0.015573652914629 -0.0367279135655793 -2.89394497930008 78.1548947433247 569693.877264214
-0.1671 0.0346044965180368 0.00415163878809689 -2.8630879670755 78.1455124030194 569932.534721572
-0.1672 -0.0530242615376519 0.0242655066000199 -2.88962236091574 78.136130062714 569683.629262659
-0.1673 0.0244754077637768 -0.0226953783101145 -2.90818838456701 78.1267477224087 569689.420547973
-0.1674 0.0264198173514421 5.5604345583285e-05 -2.88543464990304 78.1173653821034 569791.505709884
-0.1675 -0.0640081674808551 0.0324246895379736 -2.90025551209123 78.1079830417981 569650.060539769
-0.1676 0.031426457495747 -0.013334645503026 -2.87249270357062 78.0986007014928 569804.905955788
-0.1677 0.0182806796327541 -0.0486403082917044 -2.88995150751073 78.0892183611874 569705.978050821
-0.1678 -0.0411989372452626 0.059328535771928 -2.85769967759813 78.0798360208821 569839.308094544
-0.1679 0.0223558881075742 -0.0418637821554096 -2.87095628302732 78.0704536805768 569752.371033731
-0.168 0.0286286160060491 0.0127221796007489 -2.8486254201293 78.0610713402715 569884.963524447
-0.1681 -0.0330718033388564 -0.00112682389914915 -2.88890293137087 78.0516889999662 569659.403844117
-0.1682 0.0121824202079441 0.0269496162797143 -2.86821593055232 78.0423066596608 569850.571869833
-0.1683 0.00204532379579704 -0.0408779981612346 -2.90627593144463 78.0329243193555 569641.793742249
-0.1684 -0.0123555050224091 0.0396321997006871 -2.86938419119497 78.0235419790502 569800.551980439
-0.1685 0.0249561395910544 -0.0277246755325925 -2.86990453702104 78.0141596387449 569730.438935796
-0.1686 -0.0117552396458897 0.0085862626060424 -2.84748703821546 78.0047772984395 569768.999709393
-0.1687 -0.0121515852021658 -0.0176974284181037 -2.85016651639894 77.9953949581342 569688.584137645
-0.1688 -0.00424211913724748 0.0348511670330894 -2.82595414374211 77.9860126178289 569818.2470278
-0.1689 0.00114533444638812 -0.0384357799878621 -2.85787756607448 77.9766302775236 569634.719313297
-0.169 0.0398420084253094 0.00426437953371756 -2.83702736837097 77.9672479372183 569836.715240852
-0.1691 -0.0614415632831144 0.0123484819515767 -2.85196289702276 77.9578655969129 569618.358514034
-0.1692 0.0166290297079173 0.0192005954083454 -2.83346612970939 77.9484832566076 569752.356371433
-0.1693 0.0241551066389225 -0.0318793595577149 -2.83210821860209 77.9391009163023 569639.79422903
-0.1694 -0.0221241499494045 0.0213947298595218 -2.81315543153956 77.929718575997 569669.572153465
-0.1695 -0.0295243031058036 0.0363149300463853 -2.80654160600347 77.9203362356917 569702.560834023
-0.1696 0.037493794508889 -0.0480452966059133 -2.82071155936655 77.9109538953863 569624.590481235
-0.1697 -0.000633095758821495 -0.0225314442308523 -2.83488427191067 77.901571555081 569614.403682011
-0.1698 -0.0414200091166676 0.0567931210585985 -2.835774995469 77.8921892147757 569651.016457488
-0.1699 0.0177253087134527 -0.0365424437322277 -2.84720634304672 77.8828068744704 569503.085921039
-0.17 0.0383216724530069 -0.0268906140473382 -2.85104489174881 77.8734245341651 569529.378853367
-0.1701 -0.0668896811917567 0.050240312753318 -2.85198557579339 77.8640421938597 569542.184257174
-0.1702 0.0308080048139129 0.00984423182176876 -2.84628220823266 77.8546598535544 569617.086078812
-0.1703 -0.00226929540575977 -0.039660411697821 -2.8607714446281 77.8452775132491 569446.414525193
-0.1704 0.00503163113505826 0.0183869490335826 -2.83703048291897 77.8358951729438 569598.611935973
-0.1705 -0.0288988378420406 0.0105386043188026 -2.86045898505041 77.8265128326385 569438.14493133
-0.1706 0.0444340810956446 -0.00248547814207747 -2.85597419384213 77.8171304923331 569617.567134935
-0.1707 -0.0238520400075407 -0.0331942071669297 -2.89365198446897 77.8077481520278 569365.302436221
-0.1708 0.023002448824159 0.0329267069627342 -2.85004920751425 77.7983658117225 569620.497705333
-0.1709 -0.0312345798249736 -0.040950019585592 -2.91803109809025 77.7889834714172 569246.935489984
-0.171 0.0457136049504073 0.0188684503094975 -2.8655291683914 77.7796011311118 569588.305104206
-0.1711 -0.033685816132067 -0.0271270742261577 -2.92268219995784 77.7702187908065 569238.563497224
-0.1712 0.0236476434971111 0.0299317364804167 -2.90301391582708 77.7608364505012 569454.652817212
-0.1713 -0.0243059052365993 -0.0511264245316263 -2.91996633960391 77.7514541101959 569204.876651342
-0.1714 0.0221111889148245 0.035146350427594 -2.88176406003341 77.7420717698906 569541.19372837
-0.1715 -0.045186181065162 0.00277427468057312 -2.95641769234754 77.7326894295852 569215.774256781
-0.1716 0.0319695190801132 0.00581055477435518 -2.94062229688723 77.7233070892799 569401.882608241
-0.1717 -0.0197755579764954 -0.0083276381287872 -2.96446509625172 77.7139247489746 569253.563145373
-0.1718 0.0388844010345831 -0.0236307226720892 -2.93154386968125 77.7045424086693 569372.439553916
-0.1719 -0.0392935315303427 0.00255874497775624 -2.95194465330867 77.695160068364 569163.513542509
-0.172 0.0166231228137414 0.00862260232973236 -2.91984680540035 77.6857777280586 569335.030002619
-0.1721 0.00988850042124085 -0.0204010534520226 -2.92868860141323 77.6763953877533 569283.19633254
-0.1722 0.0130118500015032 -0.00148864873183903 -2.90258042165134 77.667013047448 569355.595789826
-0.1723 -0.0506632054676955 0.00776869466148219 -2.96195989778376 77.6576307071427 569080.373248496
-0.1724 0.0528563182008304 0.00932718624234549 -2.92472344673497 77.6482483668374 569317.490355702
-0.1725 -0.0115639427554368 -0.0543299169729243 -2.97896947602986 77.638866026532 569064.170889876
-0.1726 -0.00557221645393274 0.0475911661026724 -2.9448832658314 77.6294836862267 569288.363736679
-0.1727 -0.0226620152881883 0.00985994096589197 -2.95815103935627 77.6201013459214 569203.193806879
-0.1728 0.0537852836614873 -0.0302201730655929 -2.97818788398535 77.6107190056161 569183.51599493
-0.1729 -0.0454185998695628 0.0279574719014707 -2.99615038919929 77.6013366653107 569120.128554618
-0.173 0.0082407248366015 0.00391579030311615 -2.96248295808426 77.5919543250054 569195.892424381
-0.1731 -0.0178244183059533 -0.0326024635242023 -3.00934127583135 77.5825719847001 569017.426577853
-0.1732 0.0425174859424862 0.0180082584668864 -2.97110119704632 77.5731896443948 569207.296536518
-0.1733 -0.0298441529055182 0.0149827305145054 -3.02155275875594 77.5638073040895 569011.586349504
-0.1734 0.0165613553638208 -0.0103382210830388 -3.02139577447311 77.5544249637841 569060.351332983
-0.1735 -0.0302820494183546 0.0131008287698896 -3.00977767211189 77.5450426234788 569029.262338031
-0.1736 0.0456732770519971 -0.0294420073894127 -2.97878809732839 77.5356602831735 569138.971130682
-0.1737 -0.0187930182803294 -0.00455287610787335 -3.04842081775396 77.5262779428682 568970.16593928
-0.1738 -0.051251913422913 0.0822268673691365 -3.02831768525842 77.5168956025629 569097.60681079
-0.1739 0.0373119994903148 -0.0562922750421323 -3.03311287371147 77.5075132622575 568999.165776607
-0.174 0.0151383722551947 -0.0197849539520772 -3.03467883110947 77.4981309219522 568974.722520143
-0.1741 -0.042724209705967 0.0376119425924797 -3.05230741730937 77.4887485816469 568955.572463273
-0.1742 0.0161701670451062 -0.019482857776684 -3.03264390612695 77.4793662413416 568963.833223024
-0.1743 0.036670854480858 -0.0265233436348466 -3.04877541377079 77.4699839010362 568951.133155599
-0.1744 -0.00595661821354463 0.0286363084303477 -3.03254768523117 77.4606015607309 568943.708336289
-0.1745 -0.0219313738443961 2.84762738904435e-05 -3.06049125822235 77.4512192204256 568855.689657307
-0.1746 0.0332897326100593 0.00528419233524769 -3.05580546958776 77.4418368801203 569014.405896978
-0.1747 0.00662618247551707 -0.0282300916672001 -3.06969303273966 77.432454539815 568872.063406252
-0.1748 -0.0301622096457521 0.0329999033369435 -3.05803611011031 77.4230721995096 568942.352518253
-0.1749 0.0109444028184853 -0.00890439286236952 -3.0732914461029 77.4136898592043 568910.044020021
-0.175 -0.011834608844267 -0.0165241834974552 -3.08625220497581 77.404307518899 568811.944117151
-0.1751 0.0090178323246105 0.0287351215517987 -3.07049161863738 77.3949251785937 568956.861381639
-0.1752 -0.0122330824565131 -0.0309696074352154 -3.08892186974343 77.3855428382884 568757.918747501
-0.1753 -0.00448716219769188 0.0219197239113097 -3.07097850611855 77.376160497983 568866.221146348
-0.1754 0.0133800844969047 -0.0240350067093822 -3.09074180514843 77.3667781576777 568795.923974776
-0.1755 -0.0108948324129854 0.00687582766476394 -3.08784489726134 77.3573958173724 568741.872912146
-0.1756 0.0239198572983808 0.00281104844020764 -3.09670163141609 77.3480134770671 568839.109944
-0.1757 -0.0194416697878503 -0.00985298790051391 -3.12890390618722 77.3386311367618 568671.201578045
-0.1758 -0.0172594538993789 0.0365468572616719 -3.1163906265483 77.3292487964564 568830.142469388
-0.1759 0.0186596478916794 -0.0305872438468598 -3.12755633226747 77.3198664561511 568708.540584254
-0.176 -0.00767775778914196 0.00610696994433049 -3.15951522015343 77.3104841158458 568694.829576674
-0.1761 -0.0063659764357754 0.00174544712386097 -3.15921704390992 77.3011017755405 568653.734863022
-0.1762 0.00856311800651715 0.0177332256980215 -3.14855143195293 77.2917194352352 568681.152495334
-0.1763 0.00884440790914857 -0.0368120339265843 -3.17325745871765 77.2823370949298 568561.227677959
-0.1764 0.00489188114450275 0.032859036793393 -3.15712599674317 77.2729547546245 568695.997379624
-0.1765 -0.0339262733303212 -0.00770839201872308 -3.16597546299534 77.2635724143192 568530.653838903
-0.1766 0.0424167645126902 0.00275275692999762 -3.15462890103036 77.2541900740139 568667.348479704
-0.1767 -0.0268070198651292 0.00428698576813651 -3.19083975399539 77.2448077337085 568534.667822117
-0.1768 0.00528787194777285 0.0212691028370126 -3.15514838202777 77.2354253934032 568709.349484511
-0.1769 0.0139927668742153 -0.0565151277433099 -3.21686027238789 77.2260430530979 568456.196493722
-0.177 -0.00795974315095928 0.0611749867246214 -3.18208073731884 77.2166607127926 568635.850961232
-0.1771 -0.0122981356930071 -0.0375205916915375 -3.19567874705753 77.2072783724873 568438.316926193
-0.1772 0.0188306443869152 0.000942207350120239 -3.19601332491621 77.1978960321819 568597.851658935
-0.1773 -0.0485618710707859 0.0227777823136739 -3.20662563565627 77.1885136918766 568467.345632333
-0.1774 0.0419214190748615 -0.00439143156177628 -3.19809024463061 77.1791313515713 568582.903051447
-0.1775 0.00732659169080166 -0.0519181089544551 -3.243898257239 77.169749011266 568331.036942624
-0.1776 -0.00354361731911688 0.0572307073623746 -3.18811199632034 77.1603666709607 568676.389616123
-0.1777 -0.0433175486560152 -0.0465302773761696 -3.26267454840673 77.1509843306553 568255.418489983
-0.1778 0.0642647178363405 0.0471645905943447 -3.22034402072477 77.14160199035 568675.166923813
-0.1779 -0.0457047024159111 -0.0568622078520826 -3.29711976806396 77.1322196500447 568174.64687873
-0.178 0.0611571122927243 0.0201713386286303 -3.26055556525014 77.1228373097394 568552.647500364
-0.1781 -0.0553194129928021 -0.0316324790929636 -3.30844629312312 77.113454969434 568122.153558786
-0.1782 0.0315398246853255 0.0537040746176937 -3.25568544103974 77.1040726291287 568495.549876823
-0.1783 -0.0333826225830742 -0.066639368065082 -3.30008384646742 77.0946902888234 568119.746986745
-0.1784 0.0267397403656452 0.0900636170104125 -3.23027571958173 77.0853079485181 568649.494601001
-0.1785 -0.0371600358245334 -0.0748361666287655 -3.32544509124759 77.0759256082128 568083.831499099
-0.1786 0.0537078091058958 0.0609133204543137 -3.23727387068884 77.0665432679074 568633.118174485
-0.1787 -0.0513189705758045 -0.0661757141665945 -3.31812528929096 77.0571609276021 568069.415785422
-0.1788 0.0514035189021262 0.0414482064928655 -3.24859623696745 77.0477785872968 568547.793894244
-0.1789 -0.0598836140385364 -0.0347776429637243 -3.30417816353075 77.0383962469915 568125.275821056
-0.179 0.0414809626873394 0.0380882040430413 -3.27449405259439 77.0290139066862 568461.437436305
-0.1791 -0.0320942591968195 -0.0321291892622068 -3.32876432199092 77.0196315663808 568119.289148155
-0.1792 0.0194001778221525 0.020702865076294 -3.31120510857593 77.0102492260755 568309.234716458
-0.1793 -0.00633707131202516 -0.0128502910962439 -3.36612656539473 77.0008668857702 568125.222967745
-0.1794 0.00657613329684646 0.00543156683580506 -3.35494856048082 76.9914845454649 568248.912849142
-0.1795 -0.0260238583824413 0.0173212096926562 -3.37393273538164 76.9821022051595 568174.259267511
-0.1796 0.00740017538096103 -0.0366775379389088 -3.40951806025436 76.9727198648542 568047.242736732
-0.1797 0.0106020556716081 -0.00155354878151935 -3.36738506030062 76.9633375245489 568197.533327368
-0.1798 -0.0286737847636069 0.00600534731150637 -3.39302651001029 76.9539551842436 568096.177698819
-0.1799 0.0248851357683593 -0.00130401761296623 -3.35914664631844 76.9445728439383 568197.299102955
-0.18 0.00103152809726807 -0.0070331371982819 -3.39834329955058 76.935190503633 568093.349878018
-0.1801 0.0191020862841377 -0.0212294079560481 -3.40462664372399 76.9258081633276 568053.819934039
-0.1802 -0.0194520172685766 0.0130187481832805 -3.42281162341855 76.9164258230223 567989.902461366
-0.1803 0.0135315390714223 0.00439934086974774 -3.43287897010841 76.907043482717 568044.412476926
-0.1804 -0.00631720815654903 -0.0075187490975834 -3.46734540898938 76.8976611424117 567962.412100476
-0.1805 -0.0177212102097946 0.0116406131006517 -3.45329588935447 76.8882788021063 568029.195391644
-0.1806 -0.00606562104787612 -0.00258238560924481 -3.46484162756108 76.878896461801 567955.724738897
-0.1807 -0.00818740340175849 -0.00517526229321941 -3.47109828417304 76.8695141214957 567919.980598625
-0.1808 0.00302878338647627 -0.00451816627750106 -3.49847457795232 76.8601317811904 567956.947760493
-0.1809 0.0198697963996143 0.000380696676244197 -3.50908369415614 76.8507494408851 567938.514230682
-0.181 -0.0286758950610696 0.0162796766083966 -3.53117161237323 76.8413671005797 567822.353566732
-0.1811 0.0158234856755834 0.00622589940990115 -3.5479575677364 76.8319847602744 567901.586785915
-0.1812 0.00659885328331722 -0.0329843961244734 -3.56807174335918 76.8226024199691 567766.461258904
-0.1813 -0.00395690672481163 -0.00258761504715654 -3.56895140080449 76.8132200796638 567779.721826764
-0.1814 -0.0144057458585154 0.0193319544253928 -3.5513379273402 76.8038377393585 567828.828174408
-0.1815 0.00123023873150989 -0.0175125799261602 -3.59071840599109 76.7944553990531 567733.881315091
-0.1816 0.0248869575271674 -0.0140392914440658 -3.57595084478679 76.7850730587478 567820.686860157
-0.1817 -0.0161744442878281 0.0176014137023651 -3.58451812868723 76.7756907184425 567785.30136867
-0.1818 0.00381758159306159 -0.0102385443093337 -3.5971892153653 76.7663083781372 567707.252398866
-0.1819 -0.00866789146407477 0.0240382846957259 -3.59773893692143 76.7569260378318 567774.671124931
-0.182 0.0493848667111609 -0.0560472251345257 -3.62194418755882 76.7475436975265 567645.18657755
-0.1821 -0.0416340048533831 0.04500409574849 -3.60386969181746 76.7381613572212 567741.624395033
-0.1822 -0.0161904863795648 -0.0133425319753724 -3.62328285201799 76.7287790169159 567674.429670774
-0.1823 0.0214891908782519 -0.0215334285219258 -3.63367760973145 76.7193966766106 567707.999606139
-0.1824 -0.0006564234517729 0.0143815372103703 -3.63265691789632 76.7100143363052 567696.718311555
-0.1825 -0.0170280968647976 -0.000850586010106938 -3.67269854013508 76.7006319959999 567608.426662681
-0.1826 0.00451896624938469 -0.0127157965920505 -3.66427459068036 76.6912496556946 567604.861948681
-0.1827 0.0288653516601752 -0.00896467314040475 -3.66982717766414 76.6818673153893 567639.576272815
-0.1828 -0.0465685321006987 0.0018353360581469 -3.71621672564651 76.672484975084 567459.782916446
-0.1829 0.0503490604401025 0.0148846216061509 -3.67676662931759 76.6631026347786 567715.448537923
-0.183 -0.0485515396680339 -0.0329745891334752 -3.77126149206242 76.6537202944733 567296.693225266
-0.1831 0.071126469601807 0.0332324134518027 -3.72198937005109 76.644337954168 567735.174987085
-0.1832 -0.0773495767477883 -0.0265846238705577 -3.79496536822167 76.6349556138627 567204.55918053
-0.1833 0.0753421690352612 0.0318230635835755 -3.70876295293425 76.6255732735574 567730.316082829
-0.1834 -0.0401764460745588 -0.0571012658086382 -3.7852754228377 76.616190933252 567247.740948641
-0.1835 0.0208862021838932 0.0884903064360235 -3.73890655055381 76.6068085929467 567721.907918864
-0.1836 -0.0324754622019233 -0.0931110926264589 -3.85868782726485 76.5974262526414 567120.428271265
-0.1837 0.0513292579075617 0.0731174225684526 -3.77741491496985 76.5880439123361 567667.423129258
-0.1838 -0.092705900990371 -0.053984566782308 -3.86389842976474 76.5786615720307 567049.555285846
-0.1839 0.0606233777681256 0.0705858373697953 -3.77687879101952 76.5692792317254 567719.768859674
-0.184 -0.039904497554975 -0.119085401529281 -3.89532902714764 76.5598968914201 566989.280953452
-0.1841 0.0592784560521985 0.0872255964414342 -3.80449807187391 76.5505145511148 567702.356667163
-0.1842 -0.0632605028051037 -0.058341855546718 -3.89910651091068 76.5411322108095 567053.656258204
-0.1843 0.0604015653264973 0.0506651954094023 -3.8070236298944 76.5317498705041 567627.969825201
-0.1844 -0.0470559778535421 -0.0571404381621914 -3.90155093092982 76.5223675301988 567003.516760167
-0.1845 0.0486941726711446 0.0472272860723223 -3.85103286554045 76.5129851898935 567465.343179975
-0.1846 -0.0346212911015583 -0.0502047879474987 -3.90792881590705 76.5036028495882 567086.142048254
-0.1847 0.0305028850484276 0.0378639369871616 -3.8884947253478 76.4942205092829 567412.354568809
-0.1848 -0.0507995365342319 -0.0363660831957911 -3.95726958888893 76.4848381689775 567055.44204357
-0.1849 0.0617413418244629 0.0200566637121703 -3.90440877716835 76.4754558286722 567466.927638193
-0.185 -0.0547567478716225 -0.0260650303975764 -3.95703599521072 76.4660734883669 567036.079540164
-0.1851 0.0389355398316344 0.0222470164912168 -3.92937343111473 76.4566911480616 567318.581417364
-0.1852 -0.0187529980743874 -0.0221304442812595 -3.96038448221721 76.4473088077563 567057.502453163
-0.1853 0.0145484535069432 0.009671950764635 -3.95364028295828 76.4379264674509 567179.695093652
-0.1854 -0.011588023566476 -0.0160286873407971 -3.98569893696933 76.4285441271456 567025.207297852
-0.1855 0.00608550244545991 0.00714045920900209 -3.95763763045437 76.4191617868403 567181.197485623
-0.1856 -0.0295966592907681 -0.0214042215839262 -4.01054474936947 76.409779446535 566986.902207017
-0.1857 0.0484272656530445 0.0192757158206846 -3.98479989606307 76.4003971062296 567264.701576878
-0.1858 -0.0437754477294164 -0.025912087896338 -4.05356172350106 76.3910147659243 566888.807907963
-0.1859 0.0486312251075138 0.0122241117236075 -4.00365931461432 76.381632425619 567236.48444309
-0.186 -0.0491144215280886 -0.0288273952515636 -4.0626379714298 76.3722500853137 566862.08373028
-0.1861 0.0218337145092419 0.0598890571379136 -4.02696405817438 76.3628677450084 567226.210710746
-0.1862 -0.0630236787228671 -0.0468533640382053 -4.11331344558058 76.353485404703 566730.561786299
-0.1863 0.0541714504705098 0.050916429332091 -4.05282300810814 76.3441030643977 567238.306929916
-0.1864 -0.0298570596412835 -0.0603328631419031 -4.12225992937194 76.3347207240924 566772.044832576
-0.1865 0.0330239800668514 0.0391605820526725 -4.06840716147162 76.3253383837871 567119.323309408
-0.1866 -0.00951325182428897 -0.0378890113284443 -4.11462322048684 76.3159560434817 566824.199969508
-0.1867 -0.00703895241929353 0.0302913628559401 -4.08248028696666 76.3065737031764 567010.922475483
-0.1868 -0.0132280488017376 -0.00218672025862127 -4.12727985633296 76.2971913628711 566849.149663228
-0.1869 0.0136391021861848 0.0102645692823759 -4.11948929621208 76.2878090225658 566984.85710785
-0.187 -0.00249658615792633 -0.0182497065525853 -4.1659563741863 76.2784266822605 566846.441652457
-0.1871 -0.0126520359706387 0.0249602063796708 -4.14510614436828 76.2690443419552 566900.89240863
-0.1872 0.000643918182003218 -0.0171689790673938 -4.17534391216526 76.2596620016498 566776.811520077
-0.1873 0.0189060872730414 0.0105487112109219 -4.19732097840901 76.2502796613445 566822.115550294
-0.1874 -0.0210001681737988 0.0127342875338789 -4.18877324564985 76.2408973210392 566784.697869711
-0.1875 0.0170730485976599 -0.0178389718433518 -4.18087873832183 76.2315149807339 566834.923120359
-0.1876 -0.0533231008272817 0.0261815406360373 -4.17624624853514 76.2221326404285 566765.285825623
-0.1877 0.0518284634843654 -0.0351863176294071 -4.20790480791736 76.2127503001232 566777.42996859
-0.1878 -0.0150419919595508 0.0142014774755568 -4.22955181365039 76.2033679598179 566735.566713001
-0.1879 -0.0159854692571609 0.022022816781359 -4.23434399869907 76.1939856195126 566733.025533022
-0.188 0.0156697902048495 -0.0306092597498668 -4.27689165167014 76.1846032792073 566628.195164662
-0.1881 -0.00196670797007615 0.0252689661924329 -4.26523702625651 76.1752209389019 566694.9080531
-0.1882 -0.0336685919394468 0.000995836542951108 -4.29242225345467 76.1658385985966 566555.622202409
-0.1883 0.0405404623278016 0.000240593430908433 -4.25493590236228 76.1564562582913 566726.742989825
-0.1884 -0.0191604626765042 -0.028899638942988 -4.29731375236735 76.147073917986 566546.571291109
-0.1885 -0.0200547019845772 0.0484579512713395 -4.2620943416224 76.1376915776807 566741.383939158
-0.1886 0.00487841315021936 -0.0390186902796968 -4.28911127281588 76.1283092373753 566626.78957388
-0.1887 0.0258359066441396 0.00701898081471723 -4.28500241912269 76.11892689707 566686.261582448
-0.1888 -0.0323862992328888 -0.00416647403188808 -4.31421879737045 76.1095445567647 566502.07046778
-0.1889 0.00859361423731191 0.0253789750566025 -4.28679404215926 76.1001622164594 566710.932876472
-0.189 0.025673363965384 -0.0622997776238518 -4.35780555403415 76.090779876154 566424.479227119
-0.1891 -0.0156685070973772 0.0756110272993259 -4.2946531345865 76.0813975358487 566703.75198161
-0.1892 -0.0359564909668211 -0.0244032981184639 -4.35190561209274 76.0720151955434 566448.523398128
-0.1893 0.0654295504414564 -0.0307575134204809 -4.33595084414277 76.0626328552381 566634.704648468
-0.1894 -0.0421078628674309 0.00929811267254797 -4.36565896643983 76.0532505149328 566527.061074221
-0.1895 0.00648842503930716 0.0210458223595458 -4.35785531990239 76.0438681746274 566630.792751119
-0.1896 0.0016439297908666 -0.0290718615612339 -4.40172901743617 76.0344858343221 566430.740440231
-0.1897 0.00745509547115796 0.0378493019278326 -4.36224811452967 76.0251034940168 566601.520159816
-0.1898 -0.0409990546205358 0.00286654827080573 -4.39956447488066 76.0157211537115 566405.212956416
-0.1899 0.0304592791938821 0.000550480844428339 -4.40459531776759 76.0063388134062 566556.721736889
-0.19 0.0155282150632605 -0.035053586384981 -4.42276177848423 75.9969564731008 566439.746485137
-0.1901 -0.021111557701163 0.0207146220219454 -4.4147373527121 75.9875741327955 566494.071842782
-0.1902 -0.00115800661821149 -0.0224673197517331 -4.44028843175055 75.9781917924902 566415.59105746
-0.1903 0.0087530405488129 -0.00444151562119978 -4.43960860183611 75.9688094521849 566421.281680735
-0.1904 -0.0205270719266626 -0.0126390683417199 -4.48270727131639 75.9594271118796 566315.60837028
-0.1905 0.0210420980456174 0.0192088618926352 -4.4619240341701 75.9500447715742 566478.188279877
-0.1906 -0.0213577629736844 0.00428088948719189 -4.48329150689252 75.9406624312689 566301.110515998
-0.1907 0.0276372418497168 0.00212155467718795 -4.49392596348009 75.9312800909636 566410.068635722
-0.1908 -0.0291906694145864 0.00936062422062514 -4.49553151705135 75.9218977506583 566352.538151212
-0.1909 0.0268807641276712 -0.00319795750808694 -4.50672759746088 75.912515410353 566357.724715196
-0.191 -0.00312010184621467 -0.0106332289140274 -4.51272458850399 75.9031330700476 566284.31855527
-0.1911 -0.0204597547167985 0.0279666512280733 -4.52865356349773 75.8937507297423 566308.073502636
-0.1912 0.0256627325922583 -0.0116442499020909 -4.537472571292 75.884368389437 566315.478796065
-0.1913 0.0111999736659209 -0.0324816045164325 -4.57473058076932 75.8749860491317 566170.134572959
-0.1914 -0.0284001019445483 0.0430432132898756 -4.55532119374588 75.8656037088263 566287.99708148
-0.1915 0.021246974460352 -0.0414099904447642 -4.56386981980953 75.856221368521 566195.242217704
-0.1916 2.71348114215108e-05 0.0215294353603017 -4.56484291865868 75.8468390282157 566283.867408947
-0.1917 -0.0311052402032116 0.00235423163640957 -4.59725849836755 75.8374566879104 566105.740394851
-0.1918 0.0338126265129124 0.00164590491882842 -4.57208368914525 75.8280743476051 566315.310825258
-0.1919 -0.0109772660964159 -0.0313746396799062 -4.60771569657906 75.8186920072997 566133.990735079
-0.192 -0.00843129366842724 0.0417546345654552 -4.57113165866415 75.8093096669944 566361.909265933
-0.1921 0.00538040165008838 -0.0447814096076075 -4.62958943113327 75.7999273266891 566087.121850236
-0.1922 -0.00220661363306823 0.0347903415617633 -4.57838766498845 75.7905449863838 566319.600852798
-0.1923 -0.0363109133674092 -0.0220299944142997 -4.64838887945603 75.7811626460785 566044.796072539
-0.1924 0.0325048779824741 0.0484712642439513 -4.60423104786808 75.7717803057731 566363.40160882
-0.1925 -0.0111929848669644 -0.0757825596436665 -4.6548103125398 75.7623979654678 565987.965275525
-0.1926 0.0145454900047792 0.06229695869854 -4.5912954234852 75.7530156251625 566350.531138033
-0.1927 -0.0437149386629057 -0.037206742609129 -4.65006020840598 75.7436332848572 566028.382600474
-0.1928 0.0512273114019929 0.0242131317880394 -4.58803734765459 75.7342509445518 566375.780954676
-0.1929 -0.0463781166412943 -0.0371839500634236 -4.65445712968616 75.7248686042465 565919.797635647
-0.193 0.0649629046236158 0.0327179713615449 -4.56030621760213 75.7154862639412 566441.248740728
-0.1931 -0.0615403235597743 -0.0408919714004196 -4.63400071317841 75.7061039236359 565978.093000172
-0.1932 0.0402613948920226 0.0444323036675275 -4.56463798447967 75.6967215833306 566387.575813712
-0.1933 -0.0313337820163473 -0.0473960993854356 -4.62774179357509 75.6873392430252 565979.605058618
-0.1934 0.0304509006381214 0.0287070074044404 -4.57632463390535 75.6779569027199 566345.087753417
-0.1935 -0.0492652100285736 -0.00710946852781919 -4.62177598394916 75.6685745624146 566036.913779676
-0.1936 0.0494924809470317 -0.00903062297812504 -4.59850803176493 75.6591922221093 566218.271251759
-0.1937 -0.0143972846570134 -0.0193572710325069 -4.62948523372588 75.649809881804 566044.21633242
-0.1938 0.0036604724666513 0.0174000342157503 -4.62938056568368 75.6404275414986 566115.279034263
-0.1939 -0.0172695323406051 0.00322367072279225 -4.63833046164136 75.6310452011933 566073.024356315
-0.194 0.0100144352443646 0.016521050266017 -4.63535131304628 75.621662860888 566166.808578386
-0.1941 0.0124882933962026 -0.0403805082568468 -4.65807195979579 75.6122805205827 566014.707946497
-0.1942 0.000651215933191944 0.0334740301851123 -4.65788943743193 75.6028981802774 566134.039474076
-0.1943 -0.00258141101285808 -0.0227993667035612 -4.6576573952636 75.593515839972 566037.626760505
-0.1944 -0.00532713769910447 0.0154176326333042 -4.65930156247691 75.5841334996667 566074.990396023
-0.1945 0.0147065050606479 -0.0106704623774364 -4.67185568335071 75.5747511593614 566024.796530575
-0.1946 -0.0286874428300372 -0.00905432343057699 -4.69677371928165 75.5653688190561 565871.377248314
-0.1947 0.0333854950546236 0.0128102807436788 -4.67277890980496 75.5559864787508 566091.602375523
-0.1948 -0.0104517985041666 -0.0304368290035215 -4.72517850953796 75.5466041384454 565829.756764983
-0.1949 0.021383856672407 0.0236270539950501 -4.7012427421687 75.5372217981401 566045.329064136
-0.195 -0.0639078651633415 0.005727329765271 -4.74334866288391 75.5278394578348 565838.113957612
-0.1951 0.0550175396984237 0.024715523881996 -4.66545283692867 75.5184571175295 566137.428215777
-0.1952 -0.0133674229796204 -0.0706393153353707 -4.75183614906898 75.5090747772241 565705.045810638
-0.1953 0.0188949923620823 0.0641076352112787 -4.70017722277922 75.4996924369188 566099.0992352
-0.1954 -0.0539697814172914 -0.0340337609264558 -4.79434020748412 75.4903100966135 565662.661395225
-0.1955 0.0620056488470257 0.0435155629893139 -4.71552250229739 75.4809277563082 566098.318474608
-0.1956 -0.0418068057803726 -0.0510410337506001 -4.78473002533386 75.4715454160029 565710.653944175
-0.1957 0.0588761906782906 0.0684449238573325 -4.69584753930681 75.4621630756975 566184.516085921
-0.1958 -0.0646511726067497 -0.061224324460882 -4.8090792153056 75.4527807353922 565543.885757152
-0.1959 0.0592217407503665 0.0636523257890918 -4.70566247384685 75.4433983950869 566153.557253435
-0.196 -0.0539649331414106 -0.0612315448363897 -4.80455388743772 75.4340160547816 565613.354834951
-0.1961 0.0493779270372216 0.0381572921808284 -4.73605003768381 75.4246337144763 566124.758062044
-0.1962 -0.0620843876539538 -0.0372708210306052 -4.80134012126467 75.4152513741709 565663.421871076
-0.1963 0.0541239938146643 0.0394479618306174 -4.74887007267407 75.4058690338656 566050.146895638
-0.1964 -0.0444647332235927 -0.0563126634370906 -4.79659008282398 75.3964866935603 565649.065386994
-0.1965 0.0360526308410408 0.0734760570723096 -4.75071440996071 75.387104353255 566133.166050485
-0.1966 -0.0535554830832492 -0.0656079613109601 -4.83204598747844 75.3777220129496 565608.628192694
-0.1967 0.0784297947979041 0.0231601337658008 -4.78615044394901 75.3683396726443 566061.936486157
-0.1968 -0.0648188035249626 -0.0301531637796648 -4.85736839535844 75.358957332339 565552.232476842
-0.1969 0.0311955089527579 0.0637479971329629 -4.78544408322819 75.3495749920337 565995.446708197
-0.197 -0.00708915648252325 -0.078434613439242 -4.83543766585708 75.3401926517284 565645.648538075
-0.1971 0.0337532664241634 0.0668440894184625 -4.77184934301386 75.330810311423 566102.944129863
-0.1972 -0.0655247730665481 0.00150420855207022 -4.80894384417184 75.3214279711177 565723.454589122
-0.1973 0.0406010690730463 0.0176645358855481 -4.77519814980428 75.3120456308124 565982.092945418
-0.1974 -0.00693326568279373 -0.0296522820473586 -4.82786431572272 75.3026632905071 565694.600451896
-0.1975 -0.0134215724262564 0.0347374390780057 -4.83806689578851 75.2932809502018 565807.296786999
-0.1976 -0.00257191313220337 -0.00828275640121937 -4.84979335122706 75.2838986098964 565738.060043926
-0.1977 0.0520972541557202 -0.0178596858093311 -4.82157363668336 75.2745162695911 565874.29971073
-0.1978 -0.0591864827161507 0.0171244113832399 -4.86774026501179 75.2651339292858 565694.892452815
-0.1979 0.0123396638218746 0.0140151731918281 -4.83500627242729 75.2557515889805 565858.101058463
-0.198 0.0121788322728233 -0.0309213063138773 -4.83198987590847 75.2463692486752 565744.652604975
-0.1981 0.0084814832132348 0.00114116916613855 -4.81329472154985 75.2369869083698 565831.869736821
-0.1982 -0.010801489983168 0.00765350470448554 -4.83548048581507 75.2276045680645 565771.253519197
-0.1983 -0.0115422663011056 0.0181599685815174 -4.82309174523773 75.2182222277592 565777.859354067
-0.1984 0.0266907752260836 -0.0137020461242435 -4.81586647478372 75.2088398874539 565835.185902975
-0.1985 -0.0178812487009888 0.0166322017477374 -4.78581965777108 75.1994575471485 565860.910816397
-0.1986 -0.0130832407455396 -0.0132655748996824 -4.7919607398815 75.1900752068432 565820.909671016
-0.1987 0.0393730806838997 -0.00138234826591649 -4.76915181486986 75.1806928665379 565986.104058583
-0.1988 -0.0426164505900948 0.00454875881362543 -4.79161609872071 75.1713105262326 565848.282740442
-0.1989 0.0167129722819732 -0.00639798045990558 -4.78195027845322 75.1619281859273 565852.926012366
-0.199 0.0131221534785345 -0.0185268130081802 -4.7725801329735 75.1525458456219 565848.637366428
-0.1991 -0.0305437804125566 0.0166066915132359 -4.78171685978481 75.1431635053166 565800.682695164
-0.1992 0.0270385092916838 0.000918374757395965 -4.78826053778416 75.1337811650113 565933.796319504
-0.1993 -0.022730394969448 0.00126845868897473 -4.78618632218929 75.124398824706 565856.342180913
-0.1994 0.0126814901194357 0.0071531216909965 -4.78093161991075 75.1150164844007 565923.909250495
-0.1995 0.0175254112654475 -0.0313530200874372 -4.79307567987012 75.1056341440953 565809.53860794
-0.1996 -0.0186201594760234 0.0222422459518447 -4.7548745064254 75.09625180379 565894.964346416
-0.1997 -0.00452474359353215 -0.00915770201389856 -4.72794570837362 75.0868694634847 565948.028630854
-0.1998 0.0183886123093676 0.00284985521264163 -4.72571195102807 75.0774871231794 565980.811086781
-0.1999 -0.0299323729212437 -0.00437540640485728 -4.71500697125812 75.068104782874 565941.478174892
-0.2 0.0126375896217893 0.038222718666738 -4.7050754800648 75.0587224425687 566047.606120228
-0.2001 -0.00253138515839132 -0.0417882774704439 -4.72202294899791 75.0493401022634 565880.699121992
-0.2002 0.0200894052436704 0.0039385372094009 -4.70017895736783 75.0399577619581 566003.080861179
-0.2003 -0.0266512295747132 -0.00889314121803211 -4.73532307414812 75.0305754216528 565820.84941576
-0.2004 -0.0018637424775394 0.0411819259100729 -4.69875465801493 75.0211930813474 566024.982788584
-0.2005 0.0159765513500158 -0.064374027086739 -4.72811507081644 75.0118107410421 565798.135970518
-0.2006 0.0320654773090929 0.00756881460324317 -4.69555632929319 75.0024284007368 565939.245968723
-0.2007 -0.02792551921414 0.0240377977894381 -4.71145430371938 74.9930460604315 565840.140762524
-0.2008 0.0205503919999785 0.00449236330279452 -4.7016673254247 74.9836637201262 565957.793724338
-0.2009 0.000985179007902029 0.00772718886219238 -4.69236501033752 74.9742813798208 565990.344780825
-0.201 -0.0123439217858326 -0.00327086351403696 -4.7065405438953 74.9648990395155 565917.488042657
-0.2011 -0.00629907656186166 0.0274373960230135 -4.68142258822826 74.9555166992102 565999.274273018
-0.2012 0.0265951861427449 -0.0577961632501513 -4.70551216905889 74.9461343589049 565906.5339745
-0.2013 0.00454067114772901 0.0201348088340653 -4.69975231272418 74.9367520185996 565968.843225458
-0.2014 -0.0566580116993532 0.0332312732098227 -4.72152833371561 74.9273696782942 565873.555812319
-0.2015 0.0436325343018175 -0.0311142818525951 -4.70018218403867 74.9179873379889 565942.203075154
-0.2016 0.00705828481943074 -0.0166042498108345 -4.69889452638851 74.9086049976836 565854.309480864
-0.2017 -0.0352130040460696 0.0459470302524735 -4.71030434947655 74.8992226573783 565921.291384874
-0.2018 0.00176734482661342 -0.0427330120191275 -4.71193700293415 74.889840317073 565868.951172449
-0.2019 0.0563235335056252 -0.00754815680859303 -4.68688100179746 74.8804579767676 566045.087059497
-0.202 -0.0567401492529465 0.0117548908314427 -4.73398124707004 74.8710756364623 565775.244764867
-0.2021 0.00588008068090211 0.0428301178107601 -4.72784180244601 74.861693296157 565926.046090288
-0.2022 0.0155712125803591 -0.0721925304997035 -4.76040098480077 74.8523109558517 565690.063861386
-0.2023 -0.00268299527626731 0.0562625267351183 -4.74019872451084 74.8429286155463 565885.451061093
-0.2024 -0.0201004229539747 -0.0270228277520342 -4.76063237820133 74.833546275241 565719.852295794
-0.2025 0.0531385794143348 -0.00727450533601702 -4.72702471344297 74.8241639349357 565924.016106557
-0.2026 -0.0224737842995992 -0.00602115340900519 -4.74695685335019 74.8147815946304 565759.221365654
-0.2027 -0.00225523121920448 0.0311574655717538 -4.74062046747689 74.8053992543251 565915.45359768
-0.2028 0.00705445391540331 -0.0210406592509343 -4.7587292288302 74.7960169140197 565812.819421882
-0.2029 0.0121731344959865 -0.00375246984145995 -4.74606096047326 74.7866345737144 565831.350120849
-0.203 -0.0320602719174254 0.0100579043029117 -4.79276358264721 74.7772522334091 565705.647518853
-0.2031 0.0404956165966129 0.00904667607319573 -4.7764803391019 74.7678698931038 565821.067042851
-0.2032 -0.0174070529730513 -0.0346847103781781 -4.79065360201854 74.7584875527985 565632.707000203
-0.2033 0.00455851207976808 0.0129262267213673 -4.7690586825019 74.7491052124931 565784.203158857
-0.2034 -0.011347998022558 -0.00226602682145415 -4.78657339659999 74.7397228721878 565653.791277568
-0.2035 0.0271372883539205 -0.0196596764429219 -4.77814752170435 74.7303405318825 565744.019109735
-0.2036 -0.0332363655110638 0.00918964200697816 -4.79430293684334 74.7209581915772 565718.927095516
-0.2037 0.0136814668472386 0.0203797605228194 -4.79060829160075 74.7115758512718 565805.561848223
-0.2038 0.0227558081371707 -0.0534163729278589 -4.82503099749361 74.7021935109665 565666.626997668
-0.2039 -0.0331526453054792 0.0323302534354992 -4.81826781827382 74.6928111706612 565710.737418678
-0.204 0.00264478532061455 -0.0162325637967917 -4.84327867605395 74.6834288303559 565582.112551354
-0.2041 0.0542515171168929 -0.0256917489983294 -4.81520987544994 74.6740464900506 565742.525420688
-0.2042 -0.0341843403443195 -0.00377317702831609 -4.8578683651364 74.6646641497452 565534.511821636
-0.2043 -0.00426499320569838 0.0689443586427605 -4.8030248728064 74.6552818094399 565862.143569592
-0.2044 -0.0125624060285489 -0.0584906095726673 -4.85929879123024 74.6458994691346 565522.722373841
-0.2045 0.075353103190138 -0.012947214055376 -4.81067215655694 74.6365171288293 565841.081202882
-0.2046 -0.084285878733981 0.0141504371584558 -4.87693674950569 74.627134788524 565518.454711025
-0.2047 0.0251059889714531 0.0223871937740206 -4.83461284131242 74.6177524482186 565802.668999483
-0.2048 0.0192970665315333 -0.077073685718334 -4.85696389776951 74.6083701079133 565558.609937231
-0.2049 -0.00278042700049721 0.0398688211239564 -4.84135608162414 74.598987767608 565739.112473247
-0.205 -0.0343500446141624 -0.011932739432917 -4.904315454848 74.5896054273027 565523.019680376
-0.2051 0.0476261563263446 0.0028192722657241 -4.87932761266357 74.5802230869973 565771.220865431
-0.2052 -0.0527978689648475 -0.0202531763339355 -4.91915132479285 74.570840746692 565472.957447886
-0.2053 0.0274651180711529 0.0202111157594731 -4.8737969769105 74.5614584063867 565748.334587323
-0.2054 -0.0124752591281348 -0.0478416039231981 -4.91682728720747 74.5520760660814 565510.963519916
-0.2055 0.00891691980167232 0.0552740831946137 -4.88652708491209 74.5426937257761 565766.406893137
-0.2056 -0.0187523321461521 -0.0331434058304763 -4.93227385069117 74.5333113854708 565485.710322561
-0.2057 0.0377789594709303 0.0249662477140929 -4.89890083442933 74.5239290451654 565698.583369133
-0.2058 -0.0191907307906399 -0.00939949995291353 -4.9454510212935 74.5145467048601 565482.753699914
-0.2059 0.00141649157995937 0.0134853766369657 -4.93083062648549 74.5051643645548 565593.239062115
-0.206 0.000692690249114419 -0.0233341739853379 -4.95462634551749 74.4957820242495 565481.601948941
-0.2061 0.00572492820587047 0.00957350536653714 -4.93912750679361 74.4863996839441 565586.308649899
-0.2062 -0.00244376087560317 0.0122449594127123 -4.95935857301181 74.4770173436388 565526.579025871
-0.2063 0.00529173989191949 -0.0136781893075265 -4.99135268912161 74.4676350033335 565466.903853036
-0.2064 -0.00304314712613279 0.0122625584312255 -4.99799433763974 74.4582526630282 565504.161870822
-0.2065 -0.00786417581685327 -0.0149000725369529 -5.01292536918035 74.4488703227229 565425.478812782
-0.2066 -0.00308813813572068 0.00779721443538116 -5.01701906368767 74.4394879824175 565452.142015254
-0.2067 -0.0015348946123396 -0.00819970393656613 -5.01820000781112 74.4301056421122 565408.576274721
-0.2068 0.012226157172322 -0.0129833475712789 -5.02693219928898 74.4207233018069 565412.118616242
-0.2069 -0.0183704460351015 0.00673804981853121 -5.04907304787434 74.4113409615016 565346.771753088
-0.207 0.0398638955018748 -0.0043743636962337 -5.03190953434028 74.4019586211963 565518.728196275
-0.2071 -0.0470698280073475 -0.0157767546209875 -5.06322879478297 74.3925762808909 565282.335569488
-0.2072 0.0212574957588432 0.0413023203928916 -5.01637092761282 74.3831939405856 565584.374195136
-0.2073 -0.0386125057297565 -0.0465701195375906 -5.06861393456956 74.3738116002803 565212.11220604
-0.2074 0.0510057474582682 0.0553571616767153 -4.97973747088488 74.364429259975 565701.559605484
-0.2075 -0.0675303168694741 -0.0719381985153938 -5.05894118803463 74.3550469196696 565104.031944841
-0.2076 0.07381898603173 0.0875025264256025 -4.97191556248921 74.3456645793643 565845.761784089
-0.2077 -0.0800619308255448 -0.0890503761246019 -5.091500401999 74.336282239059 565067.94827771
-0.2078 0.0631929252740363 0.0981191112449433 -4.98567442924163 74.3268998987537 565814.396901663
-0.2079 -0.0664576624879396 -0.088183784411967 -5.12164758830378 74.3175175584484 565040.279832132
-0.208 0.0597914705969214 0.0891933870112883 -5.01333768289505 74.308135218143 565740.113552075
-0.2081 -0.0657414106541656 -0.0800219810832588 -5.12873923150886 74.2987528778377 565021.98841017
-0.2082 0.0727475724817278 0.0674722410957004 -5.03817030183802 74.2893705375324 565694.277828873
-0.2083 -0.084002289846559 -0.0812084789362786 -5.16502103187522 74.2799881972271 564966.216723766
-0.2084 0.0474671464038408 0.0862875320329486 -5.07188671555395 74.2706058569218 565640.070440299
-0.2085 -0.0344462742381771 -0.0881029858509255 -5.14584780109411 74.2612235166164 565086.712098197
-0.2086 0.0315909295845933 0.0751213820819847 -5.06774376080303 74.2518411763111 565609.558061153
-0.2087 -0.0489085262094801 -0.0349396081988424 -5.1641543479946 74.2424588360058 565120.303337791
-0.2088 0.0353622526494645 0.0188839951521446 -5.11238247983212 74.2330764957005 565457.758763368
-0.2089 -0.0221926705815238 -0.0242765669527096 -5.16175145608934 74.2236941553952 565163.601923815
-0.209 0.0285805893428934 0.0257256570854652 -5.12709981226562 74.2143118150898 565444.930360162
-0.2091 -0.0366614163346753 -0.0215492803501949 -5.16691696619271 74.2049294747845 565195.639699052
-0.2092 0.0590658493540618 0.00497964585774226 -5.13485183018475 74.1955471344792 565415.730989456
-0.2093 -0.0465658597139166 -0.0039686331137557 -5.18588313285981 74.1861647941739 565127.366421305
-0.2094 0.0142072227380625 0.045213936614647 -5.1554256958077 74.1767824538686 565395.621089146
-0.2095 -0.0197962382219288 -0.0535668970958034 -5.22119876706713 74.1674001135632 565046.41770082
-0.2096 0.0584381758725552 0.0270884937001505 -5.20116714691293 74.1580177732579 565359.542928389
-0.2097 -0.0729000309169461 0.00431847430123648 -5.26389451950626 74.1486354329526 565032.730089191
-0.2098 0.0550072649758246 0.00799633160361349 -5.19501030993522 74.1392530926473 565375.879631603
-0.2099 -0.0496887866395072 -0.0259538530074647 -5.2403759807377 74.1298707523419 565039.097669946
-0.21 0.036704838132952 0.0376819809478589 -5.21574851004281 74.1204884120366 565349.312689884
-0.2101 -0.0209340789835229 -0.0681665808389582 -5.29072004917945 74.1111060717313 564921.186468612
-0.2102 0.0293919912277554 0.0589251449013441 -5.21636749953268 74.101723731426 565431.84688004
-0.2103 -0.0555483131196624 -0.0124947931086964 -5.29432767332672 74.0923413911207 565014.42791436
-0.2104 0.053382413786379 0.0135541327422198 -5.25267269933324 74.0829590508153 565293.504049015
-0.2105 -0.0447803375314683 -0.038809202868516 -5.30455149037435 74.07357671051 564951.859174189
-0.2106 0.04021672711019 0.0466305632030157 -5.26954984913727 74.0641943702047 565310.661428939
-0.2107 -0.0522557279709105 -0.0587548766686895 -5.33099864923743 74.0548120298994 564839.279632888
-0.2108 0.0595436522911429 0.0524417571037926 -5.27143871628002 74.045429689594 565393.156545522
-0.2109 -0.0394589103597685 -0.0670849659635114 -5.36221720953508 74.0360473492887 564800.041621267
-0.211 0.0369550799326179 0.0553499054683993 -5.28821605736486 74.0266650089834 565324.160076385
-0.2111 -0.0274440781555557 -0.0479458320325988 -5.35411625486331 74.0172826686781 564904.925785381
-0.2112 0.0171666302051807 0.0373087015810203 -5.32185930303173 74.0079003283728 565192.37476681
-0.2113 -0.024772116878061 -0.0360658527734368 -5.37542891050562 73.9985179880674 564888.021412305
-0.2114 0.0382512923101467 0.0422938603903913 -5.33042905828328 73.9891356477621 565235.787522654
-0.2115 -0.0522465967034311 -0.0261062639933984 -5.39862180675011 73.9797533074568 564895.085036103
-0.2116 0.0491812749926287 0.0196840901468885 -5.34478979417211 73.9703709671515 565253.748520094
-0.2117 -0.0308492794016877 -0.0151205923530403 -5.37642180279385 73.9609886268462 564933.740872058
-0.2118 0.0401011015644222 0.0122490603224259 -5.34700297627027 73.9516062865408 565170.248237251
-0.2119 -0.0477956098803957 -0.0113845272298093 -5.38379266494359 73.9422239462355 564931.368814943
-0.212 0.0323072448755754 0.00778319784422179 -5.37065557947082 73.9328416059302 565115.002873389
-0.2121 -0.00756141034874414 -0.0141527329620351 -5.42445045100906 73.9234592656249 564907.432839499
-0.2122 0.00886882250628705 0.0225890668818708 -5.39948910879001 73.9140769253196 565105.375772458
-0.2123 -0.0165005511940835 0.00337396007167599 -5.42885064812412 73.9046945850142 564932.366472419
-0.2124 0.0253462613667562 -0.0198844266526442 -5.41235233553041 73.8953122447089 565006.695822809
-0.2125 0.000129425474254187 -0.00387138119600101 -5.43942654639359 73.8859299044036 564958.660312583
-0.2126 -0.0246218391497623 0.0243323896871777 -5.41832144229177 73.8765475640983 565033.548676756
-0.2127 0.0102469881202979 -0.0257860996620732 -5.44097145095233 73.867165223793 564995.129210321
-0.2128 0.000973339620092271 0.00634933591804115 -5.44584401367508 73.8577828834876 565006.147995866
-0.2129 -0.0110761893262897 0.0192920619980959 -5.40840923895047 73.8484005431823 565147.123028418
-0.213 -0.00685592405700885 -0.0174399238460662 -5.44824561933542 73.839018202877 564964.475088174
-0.2131 -0.000103161951284788 0.0174715750264637 -5.44039095269354 73.8296358625717 565082.976214677
-0.2132 -0.00945540304181895 -0.0172834088705922 -5.42594527456504 73.8202535222663 564969.152463759
-0.2133 0.0337579760073477 -0.0168197441355367 -5.42133527849541 73.810871181961 565053.204486208
-0.2134 -0.0468086320874569 0.00967791767901255 -5.4701660421864 73.8014888416557 564870.031529349
-0.2135 0.0373364244911595 0.00439834721118621 -5.44136284209573 73.7921065013504 565067.886586321
-0.2136 -0.00964425381118338 -0.0215523405894665 -5.48721639592274 73.7827241610451 564849.45709655
-0.2137 0.0233918042532415 0.0186459520233982 -5.46847730337478 73.7733418207397 565020.768611934
-0.2138 -0.0399197418294763 -0.00144604607313453 -5.48221469621587 73.7639594804344 564857.673856984
-0.2139 0.025104491807527 0.00608640206455805 -5.45323690813342 73.7545771401291 565025.268113565
-0.214 -0.0190381683403943 -0.0181663606585543 -5.48369982770371 73.7451947998238 564864.151454197
-0.2141 -0.0165540258984926 0.0403049337032548 -5.47030306279973 73.7358124595185 565010.602087038
-0.2142 0.0101761306488067 -0.0275617447185744 -5.47201783725528 73.7264301192131 564899.820786245
-0.2143 0.0194259318368702 0.0171348593211802 -5.45122833773012 73.7170477789078 565075.259368674
-0.2144 -0.032860670266906 -0.0105096391690164 -5.48314477995615 73.7076654386025 564912.386957569
-0.2145 0.0292186747034506 0.00564699371398068 -5.46821472818456 73.6982830982972 565051.207520932
-0.2146 -0.0204727811710161 0.00493639694784939 -5.49859994291092 73.6889007579918 564957.651222625
-0.2147 0.0103907987564842 -0.00162282116900706 -5.49849537108827 73.6795184176865 564977.344734226
-0.2148 0.00905261785628815 -0.000672752769403136 -5.50052801563446 73.6701360773812 564985.7341297
-0.2149 0.00869326752976133 -0.0107474122432198 -5.48722922735532 73.6607537370759 564993.272024522
-0.215 0.00309774556564545 0.0156934738145073 -5.50492796998941 73.6513713967706 565013.399744609
-0.2151 -0.0241650734685271 0.011753170739425 -5.50934134383201 73.6419890564652 564910.741886774
-0.2152 0.0298217956079343 -0.036012977036216 -5.48868447056932 73.6326067161599 564932.463423377
-0.2153 -0.00362072749254065 0.00704858270869988 -5.5061687145767 73.6232243758546 564957.280923541
-0.2154 -0.0220046718932553 0.00746190012463679 -5.49861891724029 73.6138420355493 564954.214806841
-0.2155 0.0324744688420744 -0.0158331509331585 -5.50934234574472 73.604459695244 565025.910332082
-0.2156 -0.0148770655336975 0.00322131538092819 -5.49032136539414 73.5950773549386 564995.044020857
-0.2157 -0.0126084020138155 0.0294357063292226 -5.47981707416883 73.5856950146333 565031.585138421
-0.2158 0.00135462782959607 -0.0249540021548116 -5.49170341498062 73.576312674328 564990.347637558
-0.2159 0.0122874775622795 0.00138809810994972 -5.48970485605216 73.5669303340227 565035.646627093
-0.216 -0.0274045300869731 0.0385485398057403 -5.48522518190173 73.5575479937173 565066.201320246
-0.2161 0.00402595863692189 -0.018971916333782 -5.50440598816856 73.548165653412 565025.484428963
-0.2162 0.0153711961468621 0.0115148862464636 -5.50705155030076 73.5387833131067 565086.973541997
-0.2163 -0.0271648671021374 -0.0112223883380651 -5.52018923486319 73.5294009728014 564929.082622255
-0.2164 0.00859395122608812 0.0427768873865491 -5.5047434439141 73.5200186324961 565108.152487927
-0.2165 -0.013914918002285 -0.0673049931970057 -5.53827794522232 73.5106362921908 564822.582522699
-0.2166 0.0542339344855074 0.025465966383146 -5.51858500006932 73.5012539518854 565129.593954947
-0.2167 -0.073736626878648 -0.0112410059193807 -5.56365190114894 73.4918716115801 564770.079443921
-0.2168 0.0474673831467973 0.0241429244198839 -5.5217537262585 73.4824892712748 565095.873114348
-0.2169 0.0133516689480329 -0.0447140671672439 -5.55241764269156 73.4731069309695 564885.713928835
-0.217 -0.0276085145731035 0.0473045790064453 -5.52934653437113 73.4637245906641 565034.762452282
-0.2171 0.0236897705515201 -0.0486081546535049 -5.51992581799511 73.4543422503588 564970.885261459
-0.2172 0.0213585781804005 -0.00224617760156553 -5.50804772509923 73.4449599100535 565081.677181649
-0.2173 -0.0502119710190473 0.0308841896907141 -5.51035190949418 73.4355775697482 565020.173482525
-0.2174 0.0341881190702735 -0.0204896831145531 -5.49251851282439 73.4261952294429 565073.273822407
-0.2175 -0.00615197589656793 -0.00627471694563128 -5.54180517729998 73.4168128891375 564982.843389271
-0.2176 -0.00491359665863515 0.0268459528623143 -5.5370581941115 73.4074305488322 565003.032083171
-0.2177 0.0102221703628384 -0.0409674310253819 -5.54513744311712 73.3980482085269 564911.830625655
-0.2178 0.028853856754055 0.00309952045659184 -5.52180349443468 73.3886658682216 565034.52360068
-0.2179 -0.0397289844797821 0.0114781664252557 -5.550742460168 73.3792835279163 564955.069008059
-0.218 0.0146570266586488 0.00520988726574798 -5.4918583248451 73.3699011876109 565171.115627685
-0.2181 0.00536630169900855 -0.0530797955273769 -5.53760424978134 73.3605188473056 564956.715347818
-0.2182 -0.0184665859487935 0.0527589201752101 -5.51199548333739 73.3511365070003 565127.314903153
-0.2183 -0.0371394533018658 -0.018617656067803 -5.55055482275397 73.341754166695 564885.46296968
-0.2184 0.0575117154493182 -0.00262888474595746 -5.54075312089438 73.3323718263896 565116.443416947
-0.2185 -0.03403344202754 -0.0206545001851889 -5.58051419774601 73.3229894860843 564877.506848822
-0.2186 0.0434148906130046 0.0246929379385869 -5.54706941362001 73.313607145779 565174.135511777
-0.2187 -0.0308766023998468 -0.0391328841404768 -5.61867036362815 73.3042248054737 564764.647475532
-0.2188 0.0296796097506493 0.0386504449545282 -5.53800437738661 73.2948424651684 565158.124638986
-0.2189 -0.0443686372902376 -0.0477064135490153 -5.60694232524006 73.2854601248631 564740.423677314
-0.219 0.0542134161275446 0.0639266224594183 -5.52013224019919 73.2760777845577 565232.80991976
-0.2191 -0.0779277521176918 -0.0716634723200044 -5.63759228566788 73.2666954442524 564584.262059047
-0.2192 0.0654697367922539 0.0997759133687721 -5.514287693306 73.2573131039471 565331.427948
-0.2193 -0.0719750609279093 -0.103657476267852 -5.63607047499317 73.2479307636418 564502.747546333
-0.2194 0.0886131036371015 0.0823377132632334 -5.49703151061238 73.2385484233364 565349.258257017
-0.2195 -0.0888325324904654 -0.0745176854711962 -5.62625803936602 73.2291660830311 564561.129440139
-0.2196 0.0574236353501729 0.0978542892495037 -5.50354645968418 73.2197837427258 565335.854962348
-0.2197 -0.0342736436450679 -0.0719289542758478 -5.62638821465932 73.2104014024205 564689.44527077
-0.2198 0.0237423826160749 0.0385449031555951 -5.55992763150571 73.2010190621152 565124.262120281
-0.2199 -0.0164869006408041 -0.019795881548095 -5.59266152494077 73.1916367218098 564876.584019063
-0.22 -0.00692521527795369 0.035868350629087 -5.57111425084837 73.1822543815045 565044.940633069
-0.2201 0.00849041961635177 -0.0442464482504598 -5.61729273705501 73.1728720411992 564849.609767091
-0.2202 -0.0132725302885673 0.034013833031228 -5.59473020871717 73.1634897008939 564970.245455066
-0.2203 -0.00840426101900091 -0.00115463197760588 -5.59423090765218 73.1541073605886 564891.608995158
-0.2204 0.0237735654083488 -0.0139847534616781 -5.59890170760409 73.1447250202832 564961.083027866
-0.2205 -0.022159821811228 0.0304054465686753 -5.57879211451 73.1353426799779 565009.108886192
-0.2206 0.0266641052236892 -0.00894883871258613 -5.58196138551286 73.1259603396726 565040.438754122
-0.2207 -0.00866303987996282 -0.0270452163196705 -5.61203464259298 73.1165779993673 564900.375209182
-0.2208 -0.0049240078181862 0.0280346438263047 -5.56312570718718 73.1071956590619 565045.656608148
-0.2209 -0.0147901336434578 -0.0136787138586788 -5.59914350928053 73.0978133187566 564911.046325974
-0.221 0.00940322805837027 -0.00925941482209615 -5.57000459257958 73.0884309784513 565022.910849785
-0.2211 0.00357416019363204 -0.0160484429614902 -5.5476227063672 73.079048638146 564999.238175015
-0.2212 -0.0173808930006473 0.0478611014018908 -5.57127029782457 73.0696662978407 565035.845688584
-0.2213 0.00702609263091113 -0.0372825694753046 -5.58653319485195 73.0602839575353 564923.481914871
-0.2214 0.0263115811009196 -0.000137171063758718 -5.56540637676151 73.05090161723 565082.810998012
-0.2215 -0.0318657578986844 0.0264904995235218 -5.5821784319607 73.0415192769247 565014.684802254
-0.2216 0.00696818631759858 0.0120744127603643 -5.58136404216315 73.0321369366194 565043.062784013
-0.2217 -0.00213558768035693 -0.0333949562662021 -5.58254250906298 73.0227545963141 564938.892152753
-0.2218 -0.00209577491392362 0.02022790450723 -5.56096199136066 73.0133722560087 565030.358154573
-0.2219 -0.00375202883541655 0.00417312959866183 -5.5644173377216 73.0039899157034 565024.22305069
-0.222 0.0106512602578419 -0.0236547152486493 -5.55807120648224 72.9946075753981 565035.820235873
-0.2221 -0.00842593989966527 0.00889584344653908 -5.57238749268009 72.9852252350928 564969.135828581
-0.2222 -0.00265908385028105 0.0233643666502646 -5.57183536521908 72.9758428947874 564994.195223357
-0.2223 -0.00212792176490656 -0.0314915874042008 -5.55766455692891 72.9664605544821 564931.459948249
-0.2224 0.0355620384898363 0.00734665047922745 -5.52053574142839 72.9570782141768 565171.97153634
-0.2225 -0.0288205956590838 -0.0294146450909565 -5.5459567066181 72.9476958738715 564945.794200666
-0.2226 0.0151129646914531 0.0402507420754494 -5.51939972504408 72.9383135335662 565210.707621222
-0.2227 -0.0292611664522398 -0.0394635001473253 -5.53991887908576 72.9289311932608 564939.3478557
-0.2228 0.0492389085029171 0.0293220376307415 -5.4909217309017 72.9195488529555 565281.394554037
-0.2229 -0.0589318019169365 -0.0396508646362155 -5.55266698905222 72.9101665126502 564836.760291849
-0.223 0.0525509013534524 0.032781541826826 -5.48390127945367 72.9007841723449 565291.909463017
-0.2231 -0.0228456308545589 -0.0618238101304993 -5.56036286441636 72.8914018320396 564818.67960139
-0.2232 0.0268785329355623 0.0847901188480784 -5.49008499332731 72.8820194917342 565272.646485445
-0.2233 -0.0636261315588954 -0.0440236889416559 -5.57539981493245 72.8726371514289 564762.844822798
-0.2234 0.0983888740399035 0.0233712924007092 -5.48957734670444 72.8632548111236 565345.520143011
-0.2235 -0.08305451393869 -0.0392567462916409 -5.57689098404427 72.8538724708183 564755.084370162
-0.2236 0.028053484913882 0.0754728826276279 -5.47531554555994 72.844490130513 565313.070988127
-0.2237 -0.0291409881168178 -0.0892795419897783 -5.52603917490251 72.8351077902076 564840.879311023
-0.2238 0.0666087756596871 0.03449987333236 -5.4567656564767 72.8257254499023 565331.331858162
-0.2239 -0.0795360519890264 -0.0336601736019595 -5.52727366095878 72.816343109597 564815.123608125
-0.224 0.0390291574825154 0.048297420619046 -5.44839797800363 72.8069607692917 565273.395579489
-0.2241 -0.0104458397086405 -0.0815735690859538 -5.53163298061823 72.7975784289863 564834.533213738
-0.2242 0.0277142523734593 0.0581990757735983 -5.45997778866224 72.788196088681 565257.04630672
-0.2243 -0.0389695943332471 -0.0369130743991956 -5.49080715449207 72.7788137483757 564883.073806823
-0.2244 0.0675228499179167 0.0254597093509778 -5.46095997716619 72.7694314080704 565299.983786494
-0.2245 -0.0501801535208388 -0.0175509062979666 -5.51752812903152 72.7600490677651 564852.203051167
-0.2246 0.0285269613682025 0.0407714710190201 -5.44844321896609 72.7506667274597 565261.604221121
-0.2247 -0.0190296148658924 -0.0322802456113188 -5.48597416576717 72.7412843871544 564954.174854642
-0.2248 0.0347260495154316 0.00325459458712345 -5.45988868090761 72.7319020468491 565171.291547021
-0.2249 -0.000452849446112865 -0.0299622881784057 -5.48782464929364 72.7225197065438 564945.661242254
-0.225 0.00263202491982493 0.0208505077599203 -5.4417991028407 72.7131373662385 565176.174860126
-0.2251 0.0112352861491163 0.000976091777401222 -5.4742238038012 72.7037550259331 565084.0366147
-0.2252 0.000799129061184018 -0.00849281875068853 -5.46318442352717 72.6943726856278 565075.435563165
-0.2253 -0.00116385985317869 -0.00416821783919688 -5.46504893072086 72.6849903453225 565043.670490977
-0.2254 -0.00497063007938526 0.0275644535061677 -5.44715365129519 72.6756080050172 565137.087061078
-0.2255 0.032006665821403 -0.0302215263327893 -5.44269834610552 72.6662256647119 565115.535278738
-0.2256 -0.0229524906994612 0.00737378371337432 -5.47707989996549 72.6568433244065 565029.647728747
-0.2257 0.0152699018701858 0.0260524909344862 -5.45171039249565 72.6474609841012 565195.421958313
-0.2258 -0.00183839446987961 -0.0254601891651186 -5.49693131644763 72.6380786437959 564986.421094271
-0.2259 0.0363500466795859 0.00396423343937688 -5.48955758859001 72.6286963034906 565095.562280278
-0.226 -0.0369424407540389 -0.0104691191588807 -5.50130695288663 72.6193139631852 564916.721003929
-0.2261 0.0141209150079705 0.0298891357649963 -5.46316034727867 72.6099316228799 565116.650183173
-0.2262 -0.0113327686160345 -0.0365645928798646 -5.49392767787293 72.6005492825746 564880.907611982
-0.2263 0.0186021454295101 0.0402329200693671 -5.44797036304188 72.5911669422693 565163.12041001
-0.2264 -0.0205819653080512 -0.0511754380251554 -5.5061686353682 72.581784601964 564829.209616596
-0.2265 -0.0120693994639646 0.051102536753464 -5.46203085903678 72.5724022616586 565125.332416188
-0.2266 -0.0212968540358395 -0.035736925102873 -5.52368402698301 72.5630199213533 564851.683412168
-0.2267 0.0603117290038707 0.00791092274816316 -5.46979945682081 72.553637581048 565182.594913532
-0.2268 -0.0412619998837651 -0.031926463787571 -5.53043719976787 72.5442552407427 564808.297572395
-0.2269 0.0329159351329691 0.0404166283574481 -5.47735726019219 72.5348729004373 565188.816701647
-0.227 -0.028459459529904 -0.0693243004033076 -5.55320073681496 72.525490560132 564660.539974184
-0.2271 0.0507157758058986 0.0620297096558266 -5.47105577570895 72.5161082198267 565216.38161757
-0.2272 -0.0681339918452798 -0.0555018300882685 -5.54214594143637 72.5067258795214 564702.82040224
-0.2273 0.0711216336956721 0.0438697322973451 -5.45553296158357 72.4973435392161 565293.448692299
-0.2274 -0.0512190302607081 -0.0703432148427122 -5.57789257462676 72.4879611989108 564683.361042074
-0.2275 0.0182631443188881 0.0934955021377472 -5.47217004817541 72.4785788586054 565289.080283861
-0.2276 -0.0409774438876239 -0.07986265788183 -5.57310350789892 72.4691965183001 564702.672213533
-0.2277 0.0822250721986 0.0366334306655472 -5.47990144534099 72.4598141779948 565256.662183151
-0.2278 -0.071599862505614 -0.050138717089274 -5.57147969288606 72.4504318376895 564700.620954634
-0.2279 0.0256545012047084 0.058068766129751 -5.50583381409167 72.4410494973841 565151.404962121
-0.228 -0.00717046501101294 -0.0647224536155036 -5.54593209255496 72.4316671570788 564791.845291632
-0.2281 0.03704994401518 0.045400531007675 -5.46521998567536 72.4222848167735 565169.26934332
-0.2282 -0.0761542041538536 -0.0163239134828688 -5.56896254768367 72.4129024764682 564693.052382319
-0.2283 0.0687866984127432 0.0333645934274243 -5.48508156096767 72.4035201361629 565200.221344856
-0.2284 -0.0415578693836762 -0.0528638324929206 -5.55601001441617 72.3941377958575 564755.112319198
-0.2285 0.0277341425825269 0.0479589889066416 -5.47320647329401 72.3847554555522 565205.322754847
-0.2286 -0.0353483807192563 -0.0362241069313238 -5.50815549589277 72.3753731152469 564836.635463416
-0.2287 0.0315788194710832 0.0310393664298942 -5.47076479131765 72.3659907749416 565143.774448515
-0.2288 -0.0339936931978615 -0.0341872702618604 -5.51861543624846 72.3566084346363 564875.222487425
-0.2289 0.027377061794543 0.000629563402422801 -5.47967666827532 72.3472260943309 565055.46545591
-0.229 -0.0349917901024034 0.0110133254005379 -5.51126276759915 72.3378437540256 564918.094178444
-0.2291 0.00880721420897971 -0.000895549533572254 -5.5135660955969 72.3284614137203 564977.12237037
-0.2292 0.00889324572569312 -0.0207944394385338 -5.52164693845984 72.319079073415 564906.871597214
-0.2293 -0.00228498669312323 0.0133698091615457 -5.49360230214743 72.3096967331096 565013.969048217
-0.2294 0.0106836150087942 0.0161372878049049 -5.49284136911458 72.3003143928043 565053.305209624
-0.2295 0.0199875000125111 -0.025362443414161 -5.50801042129911 72.290932052499 564943.438907186
-0.2296 -0.0356323985909677 0.0313438160235294 -5.51293310120722 72.2815497121937 564958.700726219
-0.2297 0.0134675362005624 0.00444279083364797 -5.50391038171858 72.2721673718884 564993.849137597
-0.2298 0.0028809912428282 -0.0148568650619351 -5.51596144004057 72.262785031583 564941.408478938
-0.2299 -0.00718561516580994 0.00737640717416041 -5.51329932344211 72.2534026912777 564935.836883939
-0.23 -0.0169755446851049 0.0102985865873595 -5.5123233234999 72.2440203509724 564942.336431645
-0.2301 0.0328087229678498 -0.0300714902806703 -5.50578191911956 72.2346380106671 564944.728296985
-0.2302 -0.00175024630600766 -0.00213878218902595 -5.5137242990732 72.2252556703618 564914.790365733
-0.2303 -0.0146848931396949 0.0065877023346146 -5.50073057261358 72.2158733300564 564966.799696264
-0.2304 0.0220061703617604 0.0105597912288747 -5.49220662395506 72.2064909897511 565054.470846382
-0.2305 -0.0206003475028402 -0.0143251120552756 -5.50812605703443 72.1971086494458 564939.84767984
-0.2306 0.0171758310799264 -0.00123738006324209 -5.48358030124071 72.1877263091405 565076.344833846
-0.2307 -0.0197341709621615 0.0145658740345752 -5.47796058473475 72.1783439688352 565019.495665616
-0.2308 0.00183204619312931 -0.013490361505229 -5.46396803803762 72.1689616285298 565021.895993471
-0.2309 0.0137071005599833 -0.0119190416624154 -5.47042587935769 72.1595792882245 564996.272343512
-0.231 0.0107133265731141 -0.00802448091037751 -5.46509566948679 72.1501969479192 564981.645416539
-0.2311 -0.0286580607936679 0.0168251090897119 -5.46074110060448 72.1408146076139 565022.968072631
-0.2312 0.0180196715149985 -0.005528363386625 -5.47581678703585 72.1314322673086 565020.858305904
-0.2313 0.0035230973055343 -0.0206402258263323 -5.50259384555844 72.1220499270032 564944.102396486
-0.2314 -0.00288223337191159 0.0262436447886639 -5.49299760506352 72.1126675866979 564973.384616382
-0.2315 0.010701754366666 -0.0127195276036498 -5.52357187457341 72.1032852463926 564922.376094233
-0.2316 -0.0279730897072285 0.0184109166218656 -5.51943554498039 72.0939029060873 564927.604906027
-0.2317 0.00712465511786871 -0.015357397905155 -5.52612732897748 72.0845205657819 564912.272257596
-0.2318 -0.0161074305665041 -0.000263475673616702 -5.55211447644174 72.0751382254766 564852.685942895
-0.2319 0.0103779618008768 0.0208353418455555 -5.56982699667645 72.0657558851713 564920.816689264
-0.232 -0.00590802892789334 -0.00353824028248456 -5.61279807386477 72.056373544866 564788.391417486
-0.2321 -0.0014009467167966 -0.011369908132141 -5.59811497827515 72.0469912045607 564776.448811646
-0.2322 0.0195292092092301 -0.000401153777574581 -5.59159885627436 72.0376088642553 564858.567476442
-0.2323 -0.0333871594276529 0.000337720598216225 -5.63471466174958 72.02822652395 564697.025397182
-0.2324 0.0209678336234703 0.0106033780626943 -5.63218731047233 72.0188441836447 564808.753452847
-0.2325 -0.0258866475934735 -0.00253957496614605 -5.65573024331269 72.0094618433394 564711.390936574
-0.2326 0.0180971146195333 -0.0127024983642492 -5.67243156024421 72.0000795030341 564699.062244206
-0.2327 0.00584329613454727 0.00251817552398223 -5.66781883960209 71.9906971627287 564676.34218581
-0.2328 -0.0167861601250698 -0.00248491581170916 -5.70948025803601 71.9813148224234 564569.714066676
-0.2329 0.00690272408437973 0.00438905969732362 -5.69135636458927 71.9719324821181 564672.976763207
-0.233 0.0176747511845061 -0.013006721905221 -5.70216448744827 71.9625501418128 564622.337243371
-0.2331 0.00176939460833017 0.00677350748520436 -5.74434278987696 71.9531678015074 564581.4412299
-0.2332 0.00170515505228805 -0.0164568603411359 -5.77135709984414 71.9437854612021 564487.201380035
-0.2333 0.011744733800634 0.0155333491395334 -5.77408464849046 71.9344031208968 564543.207025957
-0.2334 -0.00724779601428981 -0.0249141260848881 -5.79767532772843 71.9250207805915 564386.660641291
-0.2335 0.00781018850617124 0.00643770918598313 -5.80043735010756 71.9156384402862 564467.196803935
-0.2336 0.00542383798506073 -0.0160844061898905 -5.82384774386061 71.9062560999809 564356.609657098
-0.2337 -0.0184024921887247 0.0218300807795314 -5.83082320861452 71.8968737596755 564367.780162739
-0.2338 -0.00140297239615225 -0.00901253116391034 -5.82875389183688 71.8874914193702 564355.99590415
-0.2339 -0.000457201930644901 -0.0039982683144684 -5.83983009913308 71.8781090790649 564393.785773912
-0.234 -0.0108158369573756 -0.00813907374688041 -5.8747956932951 71.8687267387596 564337.996146663
-0.2341 0.0193194849481176 -0.00451817536314751 -5.88669043068934 71.8593443984542 564332.221721839
-0.2342 -0.0382684494616272 0.0293522361954404 -5.87446955227213 71.8499620581489 564332.268581165
-0.2343 0.00685260540524096 -0.0119572358398556 -5.87076837842654 71.8405797178436 564318.439510553
-0.2344 0.0308148755976248 -0.00258757266302287 -5.8712361353101 71.8311973775383 564346.042672852
-0.2345 -0.0482969750397547 0.0027671793132938 -5.9075077409578 71.821815037233 564225.010647005
-0.2346 0.0302446068797341 0.0077619670390686 -5.91293812384786 71.8124326969276 564337.744952117
-0.2347 -0.0102456454440995 -0.0417438975374877 -5.94853265364889 71.8030503566223 564098.593268796
-0.2348 0.0144928717148427 0.0242628014776712 -5.88166063315052 71.793668016317 564417.981146163
-0.2349 -0.0441313439750483 0.00896061595985048 -5.93322438720941 71.7842856760117 564203.968127347
-0.235 0.0500767602971015 -0.0236550198968082 -5.93397351108131 71.7749033357064 564294.249075683
-0.2351 -0.00991865923982051 -0.0152363464452157 -5.94831012072206 71.765520995401 564189.815260225
-0.2352 -0.0189026664536984 0.0456626216859451 -5.93879970620182 71.7561386550957 564290.283775682
-0.2353 -0.018341842231483 -0.0360829082194697 -5.9733445654993 71.7467563147904 564128.549086695
-0.2354 0.0451585438378002 0.0152500856760018 -5.9486879895758 71.7373739744851 564381.950989457
-0.2355 -0.053611585266526 -0.0247530660241991 -5.99792286057634 71.7279916341797 564043.593514177
-0.2356 0.0516588266848937 0.0243893781280296 -5.9489366314566 71.7186092938744 564406.580975151
-0.2357 -0.0263723231919812 -0.0325645099609108 -6.01679456171326 71.7092269535691 564028.571144567
-0.2358 0.0248014057748901 0.0231061522937751 -5.98905742097995 71.6998446132638 564308.798456828
-0.2359 -0.0190849281659709 -0.00229526374805843 -5.99895636068794 71.6904622729585 564187.044367685
-0.236 0.0100052052264882 0.0188365225527135 -5.99338560113717 71.6810799326531 564276.722695963
-0.2361 -0.00544604467587531 -0.0125992513003378 -5.99756724733974 71.6716975923478 564184.565438099
-0.2362 0.0134485670653986 0.00483181423618287 -5.98662384606582 71.6623152520425 564275.060926587
-0.2363 -0.0301498606126278 0.0136127444500762 -6.0132784137288 71.6529329117372 564140.369097403
-0.2364 0.0337957426340946 0.0110682454473224 -5.99080679447404 71.6435505714319 564313.886704815
-0.2365 -0.0254976749987983 -0.0195517129745728 -6.01462896736604 71.6341682311265 564113.131910499
-0.2366 0.0370423732636868 0.0147526659892493 -6.02337675989201 71.6247858908212 564252.353251798
-0.2367 -0.0419875389376412 -0.0278377974640727 -6.10196494457689 71.6154035505159 563920.052873517
-0.2368 0.0601847850435859 0.0428509834653252 -6.05890211738968 71.6060212102106 564294.759734141
-0.2369 -0.0566389760396102 -0.0241500341456027 -6.15056571259172 71.5966388699052 563807.427056347
-0.237 0.066832017484391 0.0367174538631292 -6.08131047511075 71.5872565295999 564283.543466417
-0.2371 -0.0510394203251701 -0.0411786376068907 -6.15480518143736 71.5778741892946 563806.413552181
-0.2372 0.0477643860352886 0.0485096981024831 -6.0940967472718 71.5684918489893 564228.135834585
-0.2373 -0.0411670052684124 -0.0805714921878154 -6.18500647820851 71.559109508684 563690.985477066
-0.2374 0.0393039758286394 0.0765467560329609 -6.09656108740578 71.5497271683786 564326.830573912
-0.2375 -0.0551628743839079 -0.0702660461900012 -6.21030757614288 71.5403448280733 563719.369996956
-0.2376 0.0584034230331936 0.0773311612584446 -6.10136298295939 71.530962487768 564340.38094662
-0.2377 -0.0662794438215725 -0.0834245946809444 -6.21718111134873 71.5215801474627 563635.913201375
-0.2378 0.0581532046075397 0.0939133513450308 -6.12485512268269 71.5121978071574 564322.978944202
-0.2379 -0.0550673381135344 -0.0825439731603919 -6.23560929416444 71.502815466852 563637.406719914
-0.238 0.0757212192065453 0.0346127823992773 -6.1501637380647 71.4934331265467 564220.607380132
-0.2381 -0.0579730659396408 -0.0331332556919799 -6.26730991113099 71.4840507862414 563692.701227373
-0.2382 0.0357542166369723 0.0343062254555155 -6.17967977387006 71.4746684459361 564138.414298852
-0.2383 -0.0219344969267795 -0.0214828044152631 -6.26188745336611 71.4652861056308 563755.77390709
-0.2384 0.0536798404157573 0.0014704205422516 -6.21645684090154 71.4559037653254 564010.200562061
-0.2385 -0.0643596775726675 -0.0144243242217224 -6.27645921389726 71.4465214250201 563715.810013782
-0.2386 0.0323007624706336 0.0395220346430196 -6.20726974357239 71.4371390847148 564070.505774156
-0.2387 -0.00744940716484109 -0.0641642875049463 -6.27878644031417 71.4277567444095 563722.194135204
-0.2388 0.0185633672666606 0.0584661519329736 -6.23178674672772 71.4183744041041 564081.682292025
-0.2389 -0.0674699362161026 -0.0281924674869333 -6.33311146678448 71.4089920637988 563578.781164743
-0.239 0.07829520945678 -0.00534100588602944 -6.28095169730744 71.3996097234935 563974.650803655
-0.2391 -0.0593162099905448 0.00297925732373082 -6.36540082350082 71.3902273831882 563576.280770788
-0.2392 0.0123172300115849 0.0532214463506777 -6.31247738020076 71.3808450428829 563888.332202469
-0.2393 0.00413555166299317 -0.0865571387556712 -6.39119615244358 71.3714627025775 563507.011890052
-0.2394 0.0219681486930391 0.0505318020533585 -6.35492215685151 71.3620803622722 563815.982030965
-0.2395 -0.0510491292708108 -0.0306279360195863 -6.42877238598985 71.3526980219669 563491.655272858
-0.2396 0.0351337357888618 0.0364111634413194 -6.35621516956902 71.3433156816616 563880.235334167
-0.2397 -0.0185332787524304 -0.0530003136158744 -6.41933673600282 71.3339333413563 563512.734905921
-0.2398 0.0300826457838144 0.0361064237527664 -6.36314255391997 71.3245510010509 563845.352171012
-0.2399 -0.0351196101859364 -0.0197692735937142 -6.42160333394923 71.3151686607456 563575.421293379
-0.24 0.0510499080994652 0.00281181081724954 -6.39796148117005 71.3057863204403 563800.328128227
-0.2401 -0.0373868725147491 -0.0055647728248848 -6.42150916828914 71.296403980135 563553.060656095
-0.2402 0.0173818062895329 0.0361688818270925 -6.38241492013427 71.2870216398296 563784.979233938
-0.2403 0.00990417228515412 -0.0494155971646822 -6.4170862043145 71.2776392995243 563559.087304497
-0.2404 0.0152312425561816 0.016205494409297 -6.38460672966555 71.268256959219 563772.212756066
-0.2405 -0.040087673130683 -7.0519786277611e-05 -6.42894027780656 71.2588746189137 563583.654752328
-0.2406 0.0420445954541938 -0.00156956115017638 -6.43063593367296 71.2494922786084 563708.687889532
-0.2407 0.0134934988618065 -0.0350912327735984 -6.42757275308737 71.240109938303 563622.178422128
-0.2408 -0.0047655252379139 0.0463915270433897 -6.42402017784045 71.2307275979977 563739.499756019
-0.2409 -0.00154890616853367 -0.0327476410303298 -6.46255919000886 71.2213452576924 563519.89721766
-0.241 0.0120335908222151 0.0321051577406325 -6.41836902284383 71.2119629173871 563762.284566519
-0.2411 -0.0288792254449425 -0.0317451559578782 -6.47295612401559 71.2025805770818 563497.762936691
-0.2412 0.0399973793961336 0.0547667910854175 -6.42088869957224 71.1931982367764 563841.244065429
-0.2413 -0.0251500058847458 -0.0704965453958765 -6.52742975898898 71.1838158964711 563302.091517443
-0.2414 0.0573368242935406 0.0490264882730447 -6.43277856679998 71.1744335561658 563799.594378019
-0.2415 -0.067492611735777 -0.030133811241379 -6.52242132426338 71.1650512158605 563340.132219716
-0.2416 0.0629692401977803 0.0460931818359693 -6.44322009287061 71.1556688755552 563863.030295846
-0.2417 -0.0224029040285416 -0.0672762819031892 -6.53737582824821 71.1462865352498 563349.964445037
-0.2418 -0.0144518114130808 0.0795417527045085 -6.49375374388152 71.1369041949445 563654.825999234
-0.2419 -0.00626201803336613 -0.0420695684053371 -6.52266465524988 71.1275218546392 563407.709739203
-0.242 0.0520977360010982 0.000253480248678318 -6.51871489398677 71.1181395143339 563609.459272979
-0.2421 -0.043931327153358 -0.00756785440539989 -6.54578968565091 71.1087571740286 563403.097726195
-0.2422 -0.000911229034552576 0.0516255450164148 -6.50955750693089 71.0993748337232 563668.752055074
-0.2423 0.0326607023994067 -0.0746168642995177 -6.55399318968052 71.0899924934179 563409.971019732
-0.2424 0.0194392917614386 0.0388924855070864 -6.50606306316522 71.0806101531126 563654.706643079
-0.2425 -0.0686114913014421 0.00393181329211723 -6.57981053954038 71.0712278128073 563349.378083407
-0.2426 0.0630370424388289 -0.00273513903109246 -6.53603216887811 71.0618454725019 563654.912042392
-0.2427 -0.0331850199967346 -0.0410692494231809 -6.61878593705858 71.0524631321966 563283.081000802
-0.2428 0.0247623828696431 0.0641067406846192 -6.54816064422913 71.0430807918913 563660.093521392
-0.2429 -0.0337192564148803 -0.0544575333784033 -6.62878190855028 71.033698451586 563253.526865551
-0.243 0.0699715194619151 0.0248274973844234 -6.5705873332493 71.0243161112807 563651.040422387
-0.2431 -0.0764248559092617 -0.0156932885908376 -6.64128315231115 71.0149337709753 563236.108143318
-0.2432 0.0752319491968634 0.0126813902903302 -6.58230303729771 71.00555143067 563700.963850467
-0.2433 -0.0489939454754478 -0.0312579755297188 -6.65357996959069 70.9961690903647 563197.736374635
-0.2434 0.0210631800312838 0.0429953275028455 -6.61838627795112 70.9867867500594 563563.822864414
-0.2435 -0.00288346086972021 -0.054467147107397 -6.66886335619111 70.9774044097541 563232.054655892
-0.2436 0.0164407815787675 0.0454141139538759 -6.60884423226482 70.9680220694487 563577.959017195
-0.2437 -0.0256824054366106 -0.0293032378108348 -6.67601567249174 70.9586397291434 563269.697601318
-0.2438 0.0238416653451193 0.0256935610254232 -6.63729155544 70.9492573888381 563482.57216326
-0.2439 -0.0241897356399559 -0.0407607456817935 -6.70586571652263 70.9398750485328 563197.394033719
-0.244 0.0190641853820564 0.0265443372603824 -6.67111603797856 70.9304927082274 563455.673670257
-0.2441 -0.0292137904335554 -0.00195324835986438 -6.71417041333566 70.9211103679221 563274.081023946
-0.2442 0.0238078968187398 0.0217264963865729 -6.68250840571518 70.9117280276168 563472.431747312
-0.2443 -0.0223058778594623 -0.011668490426683 -6.72049243096409 70.9023456873115 563236.466279783
-0.2444 0.0167923309683167 0.0251068728548471 -6.68299507660492 70.8929633470062 563414.7285702
-0.2445 -0.0147699065607171 -0.0206197024437935 -6.75440299681826 70.8835810067009 563172.167714916
-0.2446 0.0101103050377316 0.0312431395155313 -6.73974545312588 70.8741986663955 563369.950600606
-0.2447 -0.0142961119707427 -0.0250000513542296 -6.78076159098793 70.8648163260902 563193.8582233
-0.2448 0.0402554422368379 0.0140870491595209 -6.72183814886902 70.8554339857849 563466.679192533
-0.2449 -0.0456431235900345 -0.000288467041690898 -6.78319233112247 70.8460516454796 563153.233891399
-0.245 0.0191416466133405 0.00974503564581992 -6.72829523715829 70.8366693051742 563381.573394616
-0.2451 0.00571262827359891 -0.0276910392693569 -6.77179466533355 70.8272869648689 563178.539895741
-0.2452 0.00451479723854385 0.0200544634694246 -6.7590109006421 70.8179046245636 563314.064663007
-0.2453 -0.0181462147542859 0.0017311171113575 -6.78596397596876 70.8085222842583 563245.039195803
-0.2454 0.0382317819756 -0.0098773819260221 -6.78419299043578 70.799139943953 563363.045204315
-0.2455 -0.0261875865127239 0.0015508990690067 -6.81622784769121 70.7897576036476 563170.659125283
-0.2456 -0.00265708218788115 0.0268654316082365 -6.80653619570643 70.7803752633423 563262.991241706
-0.2457 0.00792744605202919 -0.0364099596996732 -6.82627765280333 70.770992923037 563166.522655777
-0.2458 0.0186263721154905 -0.00546181483767236 -6.82695981364134 70.7616105827317 563247.113962639
-0.2459 -0.034987175861428 0.0252473808504541 -6.83732100598499 70.7522282424264 563193.235888514
-0.246 0.0204397151909224 -0.00660612626847648 -6.86229685067103 70.742845902121 563194.065776612
-0.2461 0.00217821407033969 -0.0161542836680227 -6.87525425928257 70.7334635618157 563125.246336737
-0.2462 0.0119617286845536 -0.00725450175837327 -6.87628048003967 70.7240812215104 563168.043985948
-0.2463 -0.0084772079384407 0.0128367115245864 -6.88643099039859 70.7146988812051 563153.502464884
-0.2464 0.00245963296446678 -0.00511982377535569 -6.88076831026469 70.7053165408997 563170.415276189
-0.2465 0.0197539134858118 0.00823562012700249 -6.89607295557754 70.6959342005944 563190.917781772
-0.2466 -0.00844920661821312 -0.014625806642373 -6.92142762318948 70.6865518602891 563069.579853319
-0.2467 -0.00549810206510423 0.0205510350073414 -6.89633256355808 70.6771695199838 563138.221637785
-0.2468 0.0264117516788741 -0.0168750120570631 -6.9142843227485 70.6677871796785 563149.357451984
-0.2469 -0.00789511397407019 -0.0158577382758932 -6.93464749099876 70.6584048393731 563039.799699171
-0.247 0.00276336378391941 0.0273717725969481 -6.92361219885254 70.6490224990678 563145.842981846
-0.2471 0.00159120008292228 0.0146537382828618 -6.95322350086761 70.6396401587625 563064.512919447
-0.2472 0.0190820006273978 -0.00582682990240255 -6.95786262396022 70.6302578184572 563097.745549512
-0.2473 -0.0192531710724306 0.000463492280381529 -6.99348449843473 70.6208754781519 562964.419385189
-0.2474 0.000894934425354575 0.0156601162254242 -6.9754394828435 70.6114931378465 563072.196776046
-0.2475 0.015061253493777 -0.011949546561488 -7.00553650682287 70.6021107975412 563028.906275054
-0.2476 0.0047483845836665 0.0317014070887046 -6.98633079660809 70.5927284572359 563128.783147306
-0.2477 -0.0192285589499341 -0.0266258740155685 -7.0254034578108 70.5833461169306 562913.914118083
-0.2478 0.0311433061386651 0.0170899287156805 -6.98788900106289 70.5739637766252 563180.174989161
-0.2479 -0.029670106572807 -0.0252291801902421 -7.05885107083164 70.5645814363199 562847.000549566
-0.248 0.0191863908737001 0.0424496170317388 -7.02093859477701 70.5551990960146 563133.736653563
-0.2481 -0.0343951573858398 -0.0251122147884776 -7.06555732088955 70.5458167557093 562888.576711058
-0.2482 0.0358286642356801 0.0154121278484204 -7.03827965362174 70.536434415404 563114.311470624
-0.2483 -0.00693482141420873 -0.019433871870366 -7.12106973091682 70.5270520750986 562849.650140205
-0.2484 -0.0137075534998193 0.0196812267224264 -7.09761474213086 70.5176697347933 562970.203110881
-0.2485 0.0105090505819351 -0.0146799236527873 -7.09900611985369 70.508287394488 562944.105361021
-0.2486 -0.00770768241185042 0.00307942394058036 -7.09701472098946 70.4989050541827 562924.801336576
-0.2487 0.0180013820080154 -0.00054593841666853 -7.07828593042597 70.4895227138774 562998.352404861
-0.2488 -0.00861348406760286 -0.0104152466483253 -7.12646102475227 70.480140373572 562877.025373064
-0.2489 -0.0150171771300453 0.0222800583539196 -7.13199325686068 70.4707580332667 562924.022645791
-0.249 0.0142526918122062 0.00883753252431333 -7.10796534167779 70.4613756929614 562960.171864833
-0.2491 0.00667724667883949 -0.0228096375041265 -7.13118106108812 70.4519933526561 562890.437729484
-0.2492 -0.0195049833429421 0.0409137981032272 -7.12140268379154 70.4426110123508 562954.170586473
-0.2493 -0.025888489884963 -0.0246892320964601 -7.12585571090144 70.4332286720454 562842.177601269
-0.2494 0.0220208587296841 -0.00190920925146327 -7.12825459257365 70.4238463317401 562988.805526935
-0.2495 -0.0216614187898369 -0.0355622010674973 -7.19055774437339 70.4144639914348 562757.02264244
-0.2496 0.0241767720252152 0.0695161132190237 -7.15351786427832 70.4050816511295 563057.935694607
-0.2497 -0.0393688571945425 -0.0501304814544955 -7.22627317372724 70.3956993108242 562609.450534251
-0.2498 0.0658085243865311 0.0256885766831637 -7.1339317870532 70.3863169705188 563140.204024125
-0.2499 -0.0908577009728176 -0.0300467644421819 -7.231211467563 70.3769346302135 562552.317445645
-0.25 0.0647546626784519 0.0390317101897246 -7.16007374431262 70.3675522899082 563102.383854753
-0.2501 -0.0421525911174992 -0.068102929625491 -7.22599363088883 70.3581699496029 562612.906046478
-0.2502 0.0188278082301411 0.0662774297467747 -7.14899158909019 70.3487876092975 563080.612521083
-0.2503 -0.0181037601111626 -0.0314864383043983 -7.23955816297221 70.3394052689922 562686.921333165
-0.2504 0.00247287201568377 0.0260077474763144 -7.20667557774542 70.3300229286869 562950.431882459
-0.2505 -0.0125870604948543 -0.00503205877451131 -7.23273313616751 70.3206405883816 562792.064770331
-0.2506 -0.0085486459243207 0.00686639698559463 -7.22682691211662 70.3112582480763 562819.010493317
-0.2507 0.0200954794303776 -0.000508034764400722 -7.21880195998139 70.3018759077709 562833.784736793
-0.2508 -0.00774756229421476 0.00241217401080329 -7.25324317960485 70.2924935674656 562806.031068168
-0.2509 0.00778483193549631 -0.00439328958380114 -7.24596015903534 70.2831112271603 562814.050523083
-0.251 -0.0137099197540347 0.0120172737437334 -7.24660324826016 70.273728886855 562857.235374422
-0.2511 -0.00510817535695243 -0.00265697865380411 -7.26366760549208 70.2643465465496 562816.240896339
-0.2512 -0.00141568814749631 0.00548886015407635 -7.2799422617889 70.2549642062443 562787.377203836
-0.2513 -0.00299235623560996 -0.00696113382881521 -7.28217054060517 70.245581865939 562746.715793012
-0.2514 -0.00634447933805711 -0.00734643130982253 -7.26924110846781 70.2361995256337 562736.293646208
-0.2515 -0.000579392653489732 0.0218860351838668 -7.25319501018159 70.2268171853284 562853.307967582
-0.2516 -0.0130438100904963 -0.021991772281546 -7.27748346746788 70.217434845023 562715.835303452
-0.2517 0.0116767337915844 0.00600189502285992 -7.28745924184453 70.2080525047177 562775.290162394
-0.2518 -0.00971571804805709 -0.000631319116790256 -7.28449296839238 70.1986701644124 562721.752687728
-0.2519 0.00711099987354035 -0.0147028596691459 -7.27944707456292 70.1892878241071 562740.550324069
-0.252 0.0034090058187032 0.0321573075228956 -7.24258862823622 70.1799054838018 562891.843810006
-0.2521 -0.0296906897884142 0.00618218153728151 -7.29912752051832 70.1705231434964 562711.71635153
-0.2522 0.0299765006035473 -0.0204135981688774 -7.27669392902637 70.1611408031911 562778.747229113
-0.2523 -0.0158998218906162 -0.0146298535300195 -7.28633259675297 70.1517584628858 562718.349433572
-0.2524 0.00407299075890254 0.034598846669128 -7.29234100990463 70.1423761225805 562833.070648953
-0.2525 -0.00257021440835072 -0.0351145642777402 -7.31155603069902 70.1329937822752 562699.872171498
-0.2526 0.0410581313828189 0.0210992743798183 -7.29929000809823 70.1236114419698 562871.367824504
-0.2527 -0.0212499718479387 -0.0148924639995737 -7.30384507827069 70.1142291016645 562695.301802914
-0.2528 0.0240592505544722 0.00870122816320229 -7.30377527111091 70.1048467613592 562829.155768763
-0.2529 -0.00977026714332029 0.00690968913453323 -7.31738846073162 70.0954644210539 562729.977970644
-0.253 0.019385417861429 -0.00735882866760212 -7.32930848174984 70.0860820807486 562706.543258445
-0.2531 0.0034932679779885 -0.00367793470381366 -7.32860726446258 70.0766997404432 562755.476355569
-0.2532 -0.0233725552082575 0.018246789285819 -7.34766451869557 70.0673174001379 562705.574209395
-0.2533 -0.00297689130437339 0.0461088885096764 -7.34049660206144 70.0579350598326 562854.82279657
-0.2534 0.0224662700762319 -0.0733388321259121 -7.35953375133118 70.0485527195273 562679.606412671
-0.2535 0.0362003505777642 0.0137546765178888 -7.32625623827485 70.0391703792219 562870.802154576
-0.2536 -0.0588657611534981 0.0215928535260738 -7.37416225604089 70.0297880389166 562683.92015006
-0.2537 0.0387345880699074 -0.018232142899971 -7.3483500818852 70.0204056986113 562836.936427357
-0.2538 -0.00123130212098304 -0.00657247418323284 -7.35306466601582 70.011023358306 562798.601957283
-0.2539 -0.0155271994929456 0.0336921846643255 -7.35481313757077 70.0016410180007 562846.244938831
-0.254 0.0123554476301948 -0.0271027218865656 -7.36724964495203 69.9922586776953 562706.363118262
-0.2541 0.0161058812959459 0.0183222404592382 -7.34347001937207 69.98287633739 562869.116292845
-0.2542 -0.0459795202803496 0.0148972133331777 -7.36818116769165 69.9734939970847 562690.282462418
-0.2543 0.0325371514755094 -0.0203637478253808 -7.3407793253095 69.9641116567794 562831.229272428
-0.2544 -0.00967041024038047 -0.0195373004105125 -7.35528704493122 69.9547293164741 562700.88559885
-0.2545 -0.00249639501705975 0.0332122105975521 -7.30050352021962 69.9453469761687 562920.436835181
-0.2546 -0.0123474501060447 -0.00805228793608848 -7.32862081239062 69.9359646358634 562805.255908369
-0.2547 0.0425676610461131 0.00375195444505793 -7.28742312205768 69.9265822955581 562941.114654795
-0.2548 -0.0397083903622482 -0.011787089259149 -7.30785136528836 69.9171999552528 562774.485280686
-0.2549 0.0223968163170752 0.0314496855824676 -7.28754636377675 69.9078176149474 562976.99493891
-0.255 -0.0164597090636051 -0.0339079955444746 -7.29876663025541 69.8984352746421 562821.643467685
-0.2551 0.038103951796803 0.00865378021479211 -7.26424898355447 69.8890529343368 563037.643647101
-0.2552 -0.0585806913969533 -0.000421833132919278 -7.27843200800562 69.8796705940315 562795.203976384
-0.2553 0.0215904143417392 0.0256931873543011 -7.2214716969566 69.8702882537262 563125.617508012
-0.2554 0.00720434474416531 -0.0657132035919211 -7.26384011621137 69.8609059134209 562848.791563637
-0.2555 -0.00966992793558791 0.0730526069484264 -7.18271660325216 69.8515235731155 563219.919257093
-0.2556 -0.0170437385096163 -0.0581835378721491 -7.25297598366037 69.8421412328102 562886.393257558
-0.2557 0.0225804250800048 0.0342021777893398 -7.18412742904501 69.8327588925049 563133.30700774
-0.2558 -0.0350818031539624 -0.0189360594113123 -7.1891346063456 69.8233765521996 562976.419157014
-0.2559 0.0162712605450426 0.0174537099161701 -7.13216653457082 69.8139942118942 563196.12101938
-0.256 0.0157060673496055 -0.024133358120804 -7.12695795208639 69.8046118715889 563121.074770468
-0.2561 0.0169208763767704 -0.00386677713318567 -7.12301344884933 69.7952295312836 563115.120274013
-0.2562 -0.0294579679121354 0.035033497948034 -7.13092030146978 69.7858471909783 563107.307674242
-0.2563 0.030147708672558 -0.0342510690936169 -7.09990396645795 69.776464850673 563168.783752827
-0.2564 -0.0366593223512791 0.00851472940109296 -7.11328173451374 69.7670825103676 563115.992109223
-0.2565 0.022515022840183 0.00618384618867668 -7.06185912220417 69.7577001700623 563298.114010188
-0.2566 0.00252981123973931 -0.00851274547316422 -7.05563421172804 69.748317829757 563204.722595544
-0.2567 0.0184964157602713 0.00898598612637024 -7.05431752157288 69.7389354894517 563228.561426122
-0.2568 -0.0229320972050394 -0.00768510683626832 -7.03376855708904 69.7295531491464 563179.095770081
-0.2569 0.00786811311761314 0.0113318359076908 -7.01160265737252 69.720170808841 563279.876586483
-0.257 -0.0166837930380357 -0.025194032350863 -7.01476331198771 69.7107884685357 563183.698806727
-0.2571 0.00543430836619949 0.0219312459245545 -6.95059549372329 69.7014061282304 563373.562882903
-0.2572 -0.0183640921376972 -0.0119207306229547 -6.98201582321717 69.6920237879251 563247.915694183
-0.2573 0.00691178513785225 -0.00507276185674729 -6.92335724788966 69.6826414476197 563357.424309219
-0.2574 -0.00187432026282704 0.011069387980056 -6.87652939247638 69.6732591073144 563466.42448625
-0.2575 0.000768386870319356 -0.00761148938835723 -6.89231636608149 69.6638767670091 563421.023105427
-0.2576 -0.00629257416503615 -0.000617811698379868 -6.85282990432669 69.6544944267038 563390.653373805
-0.2577 -0.0143975400928 0.0108063923237392 -6.83242745050853 69.6451120863985 563450.82301433
-0.2578 -0.000280757944307941 -0.018499634706158 -6.83782601833694 69.6357297460931 563399.050693743
-0.2579 0.0165930952108599 0.0093184939676874 -6.80643468351814 69.6263474057878 563510.1488302
-0.258 -0.0188297879533669 -0.0212065056505982 -6.80413159298564 69.6169650654825 563346.658475601
-0.2581 0.00289371066866976 0.0388506692065545 -6.79378399415774 69.6075827251772 563508.191017912
-0.2582 0.0185185786522749 -0.0210904255306097 -6.81073694576856 69.5982003848719 563396.009110621
-0.2583 -0.000377894537382323 0.00912708428117567 -6.77775338278883 69.5888180445665 563483.994980054
-0.2584 -0.0176270554787038 0.0461799719430063 -6.7526132645719 69.5794357042612 563530.18035133
-0.2585 0.0274037143666823 -0.0359678882259876 -6.74832107981914 69.5700533639559 563426.041898344
-0.2586 0.0164929215746506 0.0128307061637308 -6.7081664746661 69.5606710236506 563567.645148875
-0.2587 -0.0481527485214167 0.0014953492014027 -6.7114092079836 69.5512886833452 563422.367443463
-0.2588 0.0133498318064683 0.00773121617592354 -6.69927649081309 69.5419063430399 563572.812304544
-0.2589 -0.00428278216953471 -0.0266792534473055 -6.71126495309607 69.5325240027346 563431.234986599
-0.259 0.0066249603411688 0.00635635602419252 -6.68374232647157 69.5231416624293 563525.959443122
-0.2591 -0.0240541938221812 -0.00717939966169257 -6.67627775708197 69.513759322124 563469.655902125
-0.2592 0.00473608318660684 0.0167498127552165 -6.6150229461612 69.5043769818187 563639.06067926
-0.2593 -0.0109674034825649 -0.0361291322618509 -6.65110857965703 69.4949946415133 563453.203971679
-0.2594 -0.0113961561840541 0.0254774928594915 -6.64184258361207 69.485612301208 563610.066569187
-0.2595 -0.00887566788401263 -0.00245801175991952 -6.66116999172036 69.4762299609027 563501.263229331
-0.2596 0.0148399541828178 -0.0236600288928887 -6.64079453636708 69.4668476205974 563529.64171439
-0.2597 -0.00495446873584955 0.00136385317110882 -6.65279920263137 69.457465280292 563542.099749841
-0.2598 -0.0325503095356889 0.018398551442655 -6.62725139868028 69.4480829399867 563615.624733211
-0.2599 0.0503995118484742 -0.0232333931730104 -6.60222696268146 69.4387005996814 563691.374967543
-0.26 -0.0141713493647373 0.0243865526537035 -6.57781981368556 69.4293182593761 563663.939002606
-0.2601 -0.023413860749228 -0.00921850118947038 -6.58550211205207 69.4199359190708 563612.32605943
-0.2602 0.0536402457862154 -0.00808622343071656 -6.51797134377833 69.4105535787654 563891.796868705
-0.2603 -0.0321652032756624 -0.0099843647564091 -6.57217851082317 69.4011712384601 563641.817770135
-0.2604 0.00579079609258149 0.0367348899157015 -6.51899214363658 69.3917888981548 563877.173433162
-0.2605 -0.0362497525122695 -0.0430145125021255 -6.56877434824599 69.3824065578495 563563.996523786
-0.2606 0.0492532167978066 0.0176956449662164 -6.50041639435429 69.3730242175442 563900.616211077
-0.2607 -0.0268016797296962 -0.035948506887014 -6.5611770528376 69.3636418772388 563563.998547855
-0.2608 0.0304019553365986 0.0717314137792573 -6.51683407565448 69.3542595369335 563938.231477972
-0.2609 -0.0241034050221571 -0.0676018682419909 -6.56465493410219 69.3448771966282 563507.180358194
-0.261 0.0671666254891443 0.0378929877046392 -6.49146916294286 69.3354948563229 563962.650101935
-0.2611 -0.0817594286094914 -0.0439370003392481 -6.60291366675782 69.3261125160175 563410.938250373
-0.2612 0.0500310728911829 0.0666169768760428 -6.4583124076074 69.3167301757122 564056.668654161
-0.2613 -0.0460250327921069 -0.0555206321686347 -6.56891266072482 69.3073478354069 563480.389440161
-0.2614 0.0706126641566566 0.0224660909897612 -6.48474123645815 69.2979654951016 563955.412659666
-0.2615 -0.0758740167074255 -0.0127939924431302 -6.55405479096768 69.2885831547963 563505.500374715
-0.2616 0.0391116652107672 0.0567091086246783 -6.49499600030527 69.2792008144909 563922.960978291
-0.2617 -0.00278396877855895 -0.0657437404172209 -6.55061972319444 69.2698184741856 563539.125995952
-0.2618 0.0426387109633834 0.0402556288563086 -6.50098288869557 69.2604361338803 563875.05760443
-0.2619 -0.0775220795994256 -0.023423592380625 -6.57082251217411 69.251053793575 563423.728355122
-0.262 0.064207738175232 0.032496886859182 -6.498000738814 69.2416714532697 563931.995081867
-0.2621 -0.0440479192453622 -0.0417161453072542 -6.55327256798874 69.2322891129643 563544.922240949
-0.2622 0.0363532187509836 0.042322826513608 -6.48995974619694 69.222906772659 563927.342001683
-0.2623 -0.0319170372389576 -0.0533084390181431 -6.54841940064998 69.2135244323537 563535.016636477
-0.2624 0.05360508550779 0.0448478946412911 -6.4712903262972 69.2041420920484 563960.001506788
-0.2625 -0.0669160130953826 -0.0174226972158776 -6.54814247734457 69.194759751743 563515.901549845
-0.2626 0.040044834337539 0.034938843536032 -6.49054602068068 69.1853774114377 563915.945267581
-0.2627 -0.0133423500835586 -0.0378414059261487 -6.5557508583621 69.1759950711324 563509.998716037
-0.2628 -0.000100913024746849 0.0329353162363212 -6.51351458443098 69.1666127308271 563729.252204843
-0.2629 -0.0455946450987657 -0.0273487923342616 -6.54828833062471 69.1572303905218 563526.881468047
-0.263 0.0639156934784301 -0.0179371194651794 -6.50362185373734 69.1478480502164 563821.716212436
-0.2631 -0.0241625202067079 -0.0121635542617746 -6.53988651044281 69.1384657099111 563602.512069465
-0.2632 -0.03437220204545 0.0371257693215049 -6.5068416298984 69.1290833696058 563726.34833637
-0.2633 0.025616212378266 -0.0196278795253576 -6.51377923205636 69.1197010293005 563718.480173257
-0.2634 0.0247537741981234 -0.0292467793977726 -6.49924178629648 69.1103186889952 563706.237820081
-0.2635 -0.0423197407444497 0.0298934469964534 -6.51545223675841 69.1009363486898 563649.644642098
-0.2636 -0.00148211362809543 0.00382415900431557 -6.50304610043417 69.0915540083845 563696.291291675
-0.2637 0.0584792661080798 -0.0318196881882065 -6.52761207488161 69.0821716680792 563755.317952872
-0.2638 -0.0558578765640036 0.000861290616751939 -6.54328061856696 69.0727893277739 563622.857636954
-0.2639 -0.0111998463548927 0.0468815090843101 -6.51723696548878 69.0634069874686 563791.207075458
-0.264 0.0105557463441542 -0.0435378038010782 -6.5508590471489 69.0540246471632 563530.49056257
-0.2641 0.0201174372725227 0.0322511632284911 -6.507786334092 69.0446423068579 563788.811225107
-0.2642 -0.0421667381630358 -0.0134338047212501 -6.5457443729543 69.0352599665526 563554.603796227
-0.2643 0.0302940953988363 0.018406561787393 -6.50485240791502 69.0258776262473 563787.755816291
-0.2644 -0.0198544569545802 -0.0455568548998631 -6.5479024656189 69.0164952859419 563505.009628554
-0.2645 0.016896031830277 0.0210110207313697 -6.50601118897774 69.0071129456366 563777.859486227
-0.2646 -0.0362799309843407 -0.021295204243613 -6.55312789489776 68.9977306053313 563515.390626883
-0.2647 0.0204064911967181 0.0245392240799056 -6.50803566317606 68.988348265026 563799.905084941
-0.2648 -0.0164370367509494 -0.0350412833940816 -6.54585020338913 68.9789659247207 563591.882979601
-0.2649 0.0184174506824791 0.024600999225002 -6.52149422519964 68.9695835844153 563778.509547798
-0.265 -0.0363381206579688 -0.00756135186487519 -6.53467996811429 68.96020124411 563572.905212245
-0.2651 0.0390625925478745 0.0137907598078109 -6.50881312518596 68.9508189038047 563763.66241111
-0.2652 -0.0352295585643667 -0.0385509297592048 -6.56194805192376 68.9414365634994 563448.947276906
-0.2653 0.0203578130377968 0.0581759078239338 -6.48357687437083 68.9320542231941 563799.610729096
-0.2654 -0.0373763790604217 -0.0446263378582745 -6.54224191686317 68.9226718828887 563451.008557551
-0.2655 0.0553778098671225 0.0208788218176352 -6.49945986185142 68.9132895425834 563826.487757551
-0.2656 -0.0530833686153318 -0.028499142886245 -6.56533731767077 68.9039072022781 563407.34092864
-0.2657 0.0466553078837801 0.0309741236385039 -6.47900214164959 68.8945248619728 563858.588589877
-0.2658 -0.0159742799845436 -0.0530573791679454 -6.55109419928344 68.8851425216675 563451.742822698
-0.2659 0.0317443942040163 0.0505134780123166 -6.47094699070184 68.8757601813621 563882.933578354
-0.266 -0.062052786120765 -0.0292812570686413 -6.52534857115976 68.8663778410568 563480.764828279
-0.2661 0.0752754554449112 0.0244737839352212 -6.4656844702391 68.8569955007515 563950.316916789
-0.2662 -0.0549713366195225 -0.0352323412618922 -6.54152668658146 68.8476131604462 563459.164195585
-0.2663 0.0310807753217938 0.0738615400462849 -6.48586946220802 68.8382308201409 563878.684640995
-0.2664 -0.0322647798600883 -0.093976241381395 -6.57934323655859 68.8288484798355 563312.729450548
-0.2665 0.068190231922967 0.0602059829097663 -6.44714851964064 68.8194661395302 563989.965861487
-0.2666 -0.0737462132284101 -0.0662928376052968 -6.55070211803517 68.8100837992249 563340.133879812
-0.2667 0.0549456747729117 0.0857613043275113 -6.43577987454936 68.8007014589196 564010.254134175
-0.2668 -0.0606169098158493 -0.10411206168143 -6.55181507385843 68.7913191186142 563274.173257264
-0.2669 0.0745256013573705 0.103301426374509 -6.42237161580392 68.7819367783089 564095.036350848
-0.267 -0.0812031327026582 -0.0694803004529997 -6.52539908376214 68.7725544380036 563327.032715471
-0.2671 0.0749538298996469 0.0555196549786535 -6.38743225769912 68.7631720976983 564085.996179933
-0.2672 -0.0889804020732076 -0.0455552562745281 -6.53500862127118 68.753789757393 563372.856604287
-0.2673 0.0500353433000273 0.0668481146167983 -6.43465506577801 68.7444074170876 563960.340691939
-0.2674 -0.0553848723049407 -0.0670002874743039 -6.5174220900231 68.7350250767823 563440.39777406
-0.2675 0.067927210613284 0.0307955025923964 -6.42098428248026 68.725642736477 564004.038883433
-0.2676 -0.0573483504454755 -0.0231809024147675 -6.48259064800426 68.7162603961717 563558.32172862
-0.2677 0.0487997938641615 0.0294969626831573 -6.40451193061707 68.7068780558664 564016.449983328
-0.2678 -0.0595313350861163 -0.0611823605252358 -6.48391811003397 68.697495715561 563539.854662076
-0.2679 0.0458137906905813 0.0611463651892484 -6.41837758968686 68.6881133752557 564004.519767327
-0.268 -0.0500179413858911 -0.0335907505251926 -6.47339806744764 68.6787310349504 563583.521110098
-0.2681 0.0278585347044642 0.0525091986759971 -6.40780097661853 68.6693486946451 563989.591451316
-0.2682 -0.00377039113197017 -0.053974507866073 -6.45872076727755 68.6599663543397 563662.624135091
-0.2683 -0.000584959053506832 0.0571095774067823 -6.41940286254548 68.6505840140344 563940.883204333
-0.2684 -0.0112821609841267 -0.0518598239488722 -6.4758535663155 68.6412016737291 563661.585381208
-0.2685 0.00288927464866255 0.063115342351525 -6.42831925716541 68.6318193334238 563937.770263904
-0.2686 -0.013812689694108 -0.04508885227931 -6.45077442162073 68.6224369931185 563680.577444453
-0.2687 0.0221946212838705 0.0140774013903112 -6.42209687983015 68.6130546528131 563901.248439139
-0.2688 -0.0152033493250758 -0.00917559040190209 -6.4292122976302 68.6036723125078 563772.779290999
-0.2689 -0.00793601389357272 0.0364946868884194 -6.39711415232866 68.5942899722025 563940.101727991
-0.269 0.00924111500367491 -0.00787533633060398 -6.38761692763131 68.5849076318972 563846.330826035
-0.2691 -7.12052180247021e-05 -0.0240366266617169 -6.38297281364939 68.5755252915919 563878.20270671
-0.2692 -0.00442027733625581 0.0387614169405486 -6.35867592053437 68.5661429512865 563966.768455619
-0.2693 -0.0116085312969056 -0.0261754708599681 -6.38802698805128 68.5567606109812 563782.024636954
-0.2694 0.0250037016588275 -0.00154959465750107 -6.36449345089467 68.5473782706759 563933.640021921
-0.2695 -0.0311466857576592 0.00101102852574147 -6.39303003723107 68.5379959303706 563819.889815565
-0.2696 0.0405127720487205 0.00590922997434227 -6.35366107237092 68.5286135900652 563986.173054534
-0.2697 -0.0262170909012216 0.00980605962699369 -6.33098554261574 68.5192312497599 563923.129618276
-0.2698 -0.0169606082429229 0.0271438857276608 -6.32661343651274 68.5098489094546 563977.579296281
-0.2699 0.0128809841897669 -0.0282768445435314 -6.3379249778467 68.5004665691493 563892.299471529
-0.27 0.00926373275924588 0.021648398331599 -6.29196210785277 68.491084228844 564031.779596925
-0.2701 -0.0267731665378059 0.0144701894490411 -6.2986776679998 68.4817018885387 563983.625956564
-0.2702 0.0263040362556442 -0.00876216073209493 -6.27960961633942 68.4723195482333 564052.718874155
-0.2703 -0.00954153288446776 0.00585157828460896 -6.27553412219683 68.462937207928 564026.687970521
-0.2704 -0.0156637783747936 0.000959268907717838 -6.28269606340273 68.4535548676227 563935.842832026
-0.2705 0.0219994030275109 0.0040876349726379 -6.23584570930029 68.4441725273174 564104.82815955
-0.2706 0.00203102529458784 -0.0370235512089257 -6.24569973791287 68.434790187012 563977.40347194
-0.2707 -0.00569427788224176 0.0392082329457813 -6.22907719121188 68.4254078467067 564160.60793679
-0.2708 -0.00664773022526917 -0.00525033470425882 -6.24096887186498 68.4160255064014 563999.01052356
-0.2709 0.03627563746567 -0.000492924930527673 -6.20688767086898 68.4066431660961 564162.26356325
-0.271 -0.0259896440801157 -0.00963186856082994 -6.20436230116311 68.3972608257908 564032.523525039
-0.2711 0.0119090254325588 0.0175081367751608 -6.15003160502951 68.3878784854854 564244.114762486
-0.2712 -0.0131644964444955 -0.00765763161800748 -6.18810093338049 68.3784961451801 564116.587943746
-0.2713 0.0426473736441329 -0.023083498913773 -6.15744334377381 68.3691138048748 564210.040889164
-0.2714 0.00707179647004128 -0.00605740542951027 -6.16003662580166 68.3597314645695 564172.098897518
-0.2715 -0.0270846663002002 0.0348687029591651 -6.15714892085234 68.3503491242642 564185.095422073
-0.2716 0.0177623333715904 -0.0399421249218092 -6.16218292262313 68.3409667839588 564162.512938643
-0.2717 0.0144268308008305 0.0485711237757443 -6.11322438336726 68.3315844436535 564347.597286989
-0.2718 -0.0332217679759427 -0.0369400626611229 -6.11513757014589 68.3222021033482 564095.976057899
-0.2719 0.045180275546465 0.0204710334785326 -6.07416149066817 68.3128197630429 564394.477746631
-0.272 -0.0549382825468639 -0.00996457194468451 -6.09750238411437 68.3034374227375 564128.280893103
-0.2721 0.0281224104265881 0.0387438496508543 -6.01851228843858 68.2940550824322 564475.267609818
-0.2722 -0.00981951897558812 -0.0274803235157319 -6.01294652184609 68.2846727421269 564269.919705678
-0.2723 0.0236299155224182 0.0245459071594702 -5.96090609364907 68.2752904018216 564474.461219375
-0.2724 -0.0214339002541597 -0.00691941654558773 -5.94927345154273 68.2659080615163 564335.083005139
-0.2725 -0.00901189178576962 0.0457112516084511 -5.89225977454333 68.2565257212109 564558.789413969
-0.2726 0.0138680177483733 -0.0563626847792248 -5.90778471273721 68.2471433809056 564415.570715591
-0.2727 0.034325266425099 0.0113340608691202 -5.85301220501082 68.2377610406003 564614.766651687
-0.2728 -0.0704656472000237 0.0237346219207958 -5.87216462420387 68.228378700295 564433.509697709
-0.2729 0.0502711537856184 0.0018372998544702 -5.83063668387723 68.2189963599897 564646.188540957
-0.273 -0.00350593493466574 -0.041084860112278 -5.85656992860213 68.2096140196843 564449.487004576
-0.2731 -0.00435956514185043 0.067643028366899 -5.82594006706227 68.200231679379 564700.05253852
-0.2732 -0.0414647979577871 -0.0254020330176482 -5.85058712393559 68.1908493390737 564414.253710427
-0.2733 0.0572761257253723 0.00475262113243362 -5.80106804347219 68.1814669987684 564695.052525732
-0.2734 -0.0533227581121061 -0.0175321284857264 -5.84169891795515 68.172084658463 564388.668572893
-0.2735 0.00968931319587116 0.0523608387375935 -5.75241668001498 68.1627023181577 564760.908871213
-0.2736 -0.00729837134915323 -0.0436642665307385 -5.78432180141086 68.1533199778524 564514.968776747
-0.2737 0.0235038365670596 0.0189657408225429 -5.72139253699526 68.1439376375471 564783.078750171
-0.2738 -0.0296164682439801 0.00332255726218862 -5.72102861479746 68.1345552972418 564664.129170617
-0.2739 0.00980267474172682 0.0185352418413866 -5.69588783357804 68.1251729569365 564777.970839844
-0.274 -0.0240279097044812 -0.0204918035164698 -5.72035909918388 68.1157906166311 564602.523207887
-0.2741 0.0292532133805582 0.0241599691213465 -5.68325365997951 68.1064082763258 564846.718985673
-0.2742 -0.0401667001143971 -0.0428969584813686 -5.70142513966901 68.0970259360205 564509.090085943
-0.2743 0.00723776367919746 0.0544083167589492 -5.66001853558534 68.0876435957152 564838.656944339
-0.2744 -0.0142557357415773 -0.0255944686941139 -5.69110644413885 68.0782612554098 564585.742968798
-0.2745 0.00993818657475373 0.00669141686960436 -5.66821882565667 68.0688789151045 564718.712763346
-0.2746 0.00252601719161046 -0.0116697304397689 -5.67722693331836 68.0594965747992 564702.104787431
-0.2747 -0.00701558056049012 0.00841653767037978 -5.62525903920968 68.0501142344939 564775.98862051
-0.2748 6.56437611257722e-05 -0.0125599359653762 -5.63932261013141 68.0407318941886 564713.051595842
-0.2749 -0.000269621313733925 0.0122409788214307 -5.63218551041543 68.0313495538832 564751.982373894
-0.275 0.0155063252859118 -0.0463073504530224 -5.64803340687027 68.0219672135779 564671.918219837
-0.2751 -0.0264549919368593 0.0368175776410479 -5.62444086206024 68.0125848732726 564796.825071821
-0.2752 0.00649612894354215 0.00477403544017433 -5.62327441805669 68.0032025329673 564784.694665087
-0.2753 0.0185720212389836 -0.0303602270485528 -5.63316262348724 67.9938201926619 564767.82025083
-0.2754 -0.00261369081715127 0.0519856881261935 -5.62928119894416 67.9844378523566 564873.843185833
-0.2755 -0.00919514992959811 -0.026174598205364 -5.64951262647944 67.9750555120513 564672.607023406
-0.2756 0.0368797643314322 -0.0166806105539002 -5.62318982490546 67.965673171746 564776.559919115
-0.2757 -0.0216362317455606 -0.00379763094628319 -5.62096230143038 67.9562908314407 564700.548156447
-0.2758 0.00814090013475298 0.035454633582367 -5.59727900622446 67.9469084911353 564864.969429918
-0.2759 0.00120053029154094 -0.0504264605866044 -5.63613062310901 67.93752615083 564623.334447559
-0.276 0.0140806462057005 0.0236091623845259 -5.61821119789483 67.9281438105247 564841.369760838
-0.2761 -0.0592201643407209 0.00999493273040896 -5.65965558215421 67.9187614702194 564587.480084635
-0.2762 0.0414833123310243 -0.0138302819499668 -5.6394941276905 67.9093791299141 564789.968878223
-0.2763 0.00736936721172287 -0.0329711888063725 -5.63821792816943 67.8999967896087 564718.892688028
-0.2764 -0.0245656048124989 0.0475404064367139 -5.605378921108 67.8906144493034 564871.896832208
-0.2765 -0.0023699427825301 -0.0131010117142533 -5.61335658085397 67.8812321089981 564745.169327533
-0.2766 0.0269214847485749 -0.0360487024477813 -5.63158408020096 67.8718497686928 564769.773077747
-0.2767 -0.0298918347417554 0.0375991714334584 -5.60914815194944 67.8624674283875 564814.126915358
-0.2768 -0.00362583261992365 -0.00232776657157614 -5.62260841849944 67.8530850880821 564796.140001642
-0.2769 0.00319849968764194 -0.00718119592320968 -5.63181459961997 67.8437027477768 564772.702443264
-0.277 0.00772517021827986 0.0145877139917296 -5.63173032375806 67.8343204074715 564851.213224796
-0.2771 -0.045793859032576 0.0138040824523799 -5.64551585118693 67.8249380671662 564683.903067138
-0.2772 0.044426982114606 -0.0263058805699982 -5.62044882498181 67.8155557268609 564809.78247278
-0.2773 -0.028915601744048 0.0199906852091784 -5.58833835631077 67.8061733865555 564788.660616705
-0.2774 0.02263506381813 0.00947482964978622 -5.6125606763298 67.7967910462502 564836.849718236
-0.2775 -0.0179059621330975 -0.0199329654148476 -5.61956541999719 67.7874087059449 564715.326843303
-0.2776 0.00986973946122293 0.0307408697056025 -5.57224640846957 67.7780263656396 564933.284497503
-0.2777 0.00157420921118301 -0.0172877275801151 -5.5914859219762 67.7686440253342 564758.726623741
-0.2778 -0.00201968742341294 0.00960795887692579 -5.56052957247322 67.7592616850289 564838.599855892
-0.2779 0.0078704891901495 -0.0192856445191647 -5.57880411616456 67.7498793447236 564776.042697993
-0.278 -0.00295526535661972 0.0341032929719934 -5.54625786584529 67.7404970044183 564949.327638433
-0.2781 -0.0173937699553958 -0.0163274164946703 -5.57631215371552 67.731114664113 564782.377280788
-0.2782 0.0504658704537449 0.0123548489922127 -5.50699053844384 67.7217323238076 565039.402485799
-0.2783 -0.0592445229541423 -0.0285555709417744 -5.55704489256174 67.7123499835023 564689.040243851
-0.2784 0.0281165006605978 0.08011951561946 -5.48517785843115 67.702967643197 565167.919991292
-0.2785 0.0138625483182211 -0.094580807150728 -5.57649930274469 67.6935853028917 564637.827669656
-0.2786 0.0323462354352067 0.0779661426907762 -5.49463576452005 67.6842029625864 565123.387961473
-0.2787 -0.0835977017104714 -0.0148188694742145 -5.55074385880291 67.674820622281 564650.792801216
-0.2788 0.0797745970851221 0.00997340863511133 -5.50283314750549 67.6654382819757 565069.153368895
-0.2789 -0.0536677140991416 -0.0380024672084592 -5.56027551361716 67.6560559416704 564663.960177272
-0.279 0.0217830632089678 0.0618698928091065 -5.5107080037871 67.6466736013651 565093.328793207
-0.2791 -0.00582984683820645 -0.057352448320991 -5.54458055180261 67.6372912610597 564793.122049961
-0.2792 -0.00846025244528397 0.0608274503086388 -5.52672060563928 67.6279089207544 564998.984522646
-0.2793 -0.0405042231970661 -0.020721027599262 -5.5731496450379 67.6185265804491 564710.675672429
-0.2794 0.0522996557073844 -0.0144047892033716 -5.53236874221653 67.6091442401438 564961.969995667
-0.2795 -0.00944787078924733 -0.0122753311269938 -5.54808547648837 67.5997618998385 564824.179334608
-0.2796 -0.0150930407889413 0.0336056626209201 -5.56089606423653 67.5903795595331 564861.095818406
-0.2797 0.00943667490187815 -0.0197592847782739 -5.5614547240777 67.5809972192278 564825.932945069
-0.2798 0.0215928028374324 -0.00745298066417762 -5.56692411561024 67.5716148789225 564870.689060364
-0.2799 -0.00799829000314397 0.00566668048669582 -5.60145288652055 67.5622325386172 564783.101600877
-0.28 -0.0139433052201303 -0.0101994288589573 -5.59173811565281 67.5528501983119 564733.967158217
-0.2801 0.0166365566582924 0.0134726654436977 -5.55073268805185 67.5434678580065 564914.792688152
-0.2802 -0.0217515085247734 -0.00920778484189171 -5.5891664491069 67.5340855177012 564742.779731815
-0.2803 0.00622451468228003 0.01977435827324 -5.58520051631033 67.5247031773959 564857.267997435
-0.2804 0.00132409702738428 -0.0253812447112195 -5.61553772744341 67.5153208370906 564738.13212255
-0.2805 0.017431021370281 0.0110267596221463 -5.59701523214736 67.5059384967852 564791.878761333
-0.2806 -0.00836978948621457 -0.00203844046534363 -5.60683520231364 67.4965561564799 564714.192147354
-0.2807 0.00585304029693592 0.00675895867860703 -5.58817612573532 67.4871738161746 564825.672262261
-0.2808 -0.0037154517719987 -0.0108254540495322 -5.58479138323296 67.4777914758693 564767.269179061
-0.2809 0.0241965932867759 0.00114063340883683 -5.59303813200583 67.468409135564 564817.236443673
-0.281 -0.0428679796116254 0.00824507427311133 -5.60311977388638 67.4590267952587 564742.302588033
-0.2811 0.0113961362427192 0.0312659214653095 -5.57809177522885 67.4496444549533 564916.082357193
-0.2812 0.0191868153258517 -0.0512128290269873 -5.6252480515251 67.440262114648 564676.585657723
-0.2813 -0.0163891700574135 0.0198518424888061 -5.59898588953047 67.4308797743427 564808.370883076
-0.2814 -0.0177813813723341 0.0329383029865376 -5.60533505491592 67.4214974340374 564793.742587718
-0.2815 0.0216878581321186 -0.0313142471424172 -5.62022506489645 67.412115093732 564708.71671127
-0.2816 0.00778238191517301 -0.0122863038253911 -5.63098342675667 67.4027327534267 564659.181236489
-0.2817 0.00538329653558278 0.00616137539447034 -5.62255592895984 67.3933504131214 564731.67618193
-0.2818 -0.0288931944453755 -0.000419360515130127 -5.63610831920947 67.3839680728161 564664.765827071
-0.2819 0.048569336313206 0.00609586992770968 -5.62069986636628 67.3745857325108 564857.554215212
-0.282 -0.0171047664478955 -0.0492011518372281 -5.67693421265844 67.3652033922054 564554.685762619
-0.2821 9.00358897614809e-05 0.0720482691537438 -5.64203966035613 67.3558210519001 564838.480268093
-0.2822 -0.030097948290094 -0.0348331323769923 -5.71954594455976 67.3464387115948 564432.769293454
-0.2823 0.0716024162375429 0.00025167162615302 -5.67477380855817 67.3370563712895 564740.843802858
-0.2824 -0.0504608823014927 -0.0118674728576243 -5.74383598051479 67.3276740309842 564438.363322723
-0.2825 0.0212431825725027 0.0476221652404721 -5.68988244305256 67.3182916906788 564731.196156935
-0.2826 -0.017873467718524 -0.0508711666248039 -5.75986310680858 67.3089093503735 564399.292266918
-0.2827 0.0441715511768188 0.0191460863393304 -5.73489339262342 67.2995270100682 564620.872219581
-0.2828 -0.056614233318822 -0.00808989801840178 -5.80339262358823 67.2901446697629 564344.988130104
-0.2829 0.0300921252553206 0.0197781005719223 -5.7700652491365 67.2807623294575 564624.285596161
-0.283 -0.00020628718572689 -0.0719671204021482 -5.82263818400478 67.2713799891522 564297.020399035
-0.2831 0.00045255919638482 0.0764530255162942 -5.76373278154104 67.2619976488469 564659.397975512
-0.2832 -0.0301537597586711 -0.0353221960081495 -5.84107980731294 67.2526153085416 564287.931114851
-0.2833 0.0539453517240208 0.0146367993442089 -5.79289838413695 67.2432329682363 564677.09374464
-0.2834 -0.0391730468207172 -0.026319070995324 -5.87128715337073 67.2338506279309 564285.419497575
-0.2835 0.0168018605939041 0.051981861970029 -5.8296965818937 67.2244682876256 564585.858381198
-0.2836 -0.0313250186526531 -0.0357605584392722 -5.89471772532069 67.2150859473203 564235.8165052
-0.2837 0.0276841860728718 0.046584013746345 -5.8546637158998 67.205703607015 564519.81199679
-0.2838 -0.0208536380446107 -0.0342118519267472 -5.90578922938797 67.1963212667097 564219.426937758
-0.2839 0.0329860385188034 0.0117268908941762 -5.88256689272038 67.1869389264043 564481.518741839
-0.284 -0.0477834950149858 -0.00265103430898513 -5.94687387112858 67.177556586099 564150.084362009
-0.2841 0.0242913597267409 0.0293752995654959 -5.89755581252012 67.1681742457937 564445.131390938
-0.2842 0.00108732029024753 -0.0573879666631025 -5.96208226332171 67.1587919054884 564178.760020988
-0.2843 0.0187113664143719 0.0292930363919332 -5.92314046069545 67.149409565183 564408.203846382
-0.2844 -0.0302383726082133 -0.0113185603051353 -5.97369714085895 67.1400272248777 564161.512049703
-0.2845 0.0346933504781869 0.00106393418058907 -5.96485032028744 67.1306448845724 564311.144993508
-0.2846 -0.0208164140210062 0.000527709162663844 -6.0066758232389 67.1212625442671 564126.294274808
-0.2847 0.00667697807969372 0.00235817289143498 -6.01930204940673 67.1118802039618 564175.687552228
-0.2848 -0.0121242857528415 -0.00913767313869572 -6.03274864752224 67.1024978636565 564135.631980948
-0.2849 0.0121452214511778 0.00898732703439364 -6.00860505957405 67.0931155233511 564234.559264021
-0.285 -0.0372194224636359 0.0223664835102681 -6.02164451110979 67.0837331830458 564115.024242954
-0.2851 0.0606297767303862 -0.0349818663681468 -6.01364934981582 67.0743508427405 564253.085150947
-0.2852 -0.0369251455843166 -0.0157063997605297 -6.07617276702424 67.0649685024352 564016.17959356
-0.2853 0.00139711845805825 0.0674147712568112 -6.0391819633282 67.0555861621298 564303.722480904
-0.2854 -0.0076935991262065 -0.0478047931463197 -6.1066262072121 67.0462038218245 563942.70183414
-0.2855 0.0574737396432942 0.0188906998188637 -6.06211936041712 67.0368214815192 564263.001474414
-0.2856 -0.0589999224052731 0.00149140444951916 -6.11933501925706 67.0274391412139 563917.898145144
-0.2857 0.039523275864501 0.0520288473411196 -6.07550821115653 67.0180568009086 564290.401368495
-0.2858 -0.00794664740979768 -0.0835879950428015 -6.13263429727275 67.0086744606032 563885.409195306
-0.2859 0.0293507272006977 0.0475978082546461 -6.09207453955677 66.9992921202979 564256.991707065
-0.286 -0.0512261013756471 -0.0133038649084445 -6.15873416234302 66.9899097799926 563875.055339976
-0.2861 0.0685071453492217 0.0054668888725538 -6.10362198579033 66.9805274396873 564239.269064912
-0.2862 -0.0276194418819976 -0.0334011428019529 -6.17535084487018 66.971145099382 563832.958543263
-0.2863 -0.00899822549038284 0.0618656322075974 -6.13208293939907 66.9617627590766 564131.537561237
-0.2864 -0.0106242008657109 -0.0590343100058327 -6.17978706988076 66.9523804187713 563848.637837336
-0.2865 0.0689953790784128 0.0216427684543658 -6.12631471012144 66.942998078466 564271.238932583
-0.2866 -0.0806479600573659 -0.00698839182445841 -6.20656583270009 66.9336157381607 563853.512261962
-0.2867 0.0733263355897571 0.0188383924997775 -6.15632837975629 66.9242333978553 564207.358390411
-0.2868 -0.0713719938316926 -0.0165285903579304 -6.24265974469417 66.91485105755 563792.751259162
-0.2869 0.0329701574411213 0.0439008698266513 -6.1918889316778 66.9054687172447 564109.487539358
-0.287 0.0073527411072149 -0.0513749592494111 -6.25506837360063 66.8960863769394 563797.21078039
-0.2871 0.00769132806398577 0.0256605991051204 -6.2304608543608 66.8867040366341 563964.085731605
-0.2872 -0.00542116899032253 -0.0171101484487959 -6.29418502786744 66.8773216963287 563767.218876786
-0.2873 0.024193557812145 -0.00671764825993541 -6.26869138494773 66.8679393560234 563900.281853238
-0.2874 -0.0251799111810751 0.0288810251972475 -6.26757922865106 66.8585570157181 563924.564107936
-0.2875 -0.0128290141653168 0.0192337193238895 -6.30337331576491 66.8491746754128 563861.082139038
-0.2876 0.0501474618074182 -0.0484542024437692 -6.31033005537767 66.8397923351075 563828.997465667
-0.2877 -0.000446598273728415 0.0188096291275412 -6.31894690427141 66.8304099948021 563833.223352715
-0.2878 -0.0573161732093854 0.0391097171673703 -6.32578000973053 66.8210276544968 563785.100231666
-0.2879 0.0336918757288965 -0.0329054943315304 -6.33437688950374 66.8116453141915 563799.458222713
-0.288 0.0328458521903117 -0.0334017323244422 -6.33623765723275 66.8022629738862 563823.330671093
-0.2881 -0.0353644260719175 0.0765044637086543 -6.36052858353538 66.7928806335809 563854.50683468
-0.2882 -0.00973614633599415 -0.0056020402490762 -6.35872088723105 66.7834982932755 563750.560594384
-0.2883 0.0328177860732795 -0.0260282608416916 -6.35719665617645 66.7741159529702 563787.126523731
-0.2884 -0.0213801369032768 0.0154699350305331 -6.3615540868684 66.7647336126649 563769.79512404
-0.2885 0.0237050926629231 -0.000281524749501377 -6.34967520575025 66.7553512723596 563859.158248258
-0.2886 -0.0159479369821906 -0.0123087969271452 -6.40655796967401 66.7459689320542 563712.529602846
-0.2887 0.0318647017845066 0.0208345828112312 -6.36958023886846 66.7365865917489 563912.102519355
-0.2888 -0.0457620939829179 -0.00155994483463542 -6.4264236842346 66.7272042514436 563642.413562233
-0.2889 0.0234507976079654 0.0115415627574611 -6.41261278326354 66.7178219111383 563823.581400336
-0.289 0.00721528749707909 -0.0241297367777818 -6.44863215564517 66.708439570833 563676.079808978
-0.2891 -0.0188421373530774 0.0228976681998024 -6.42618688689526 66.6990572305276 563783.741562996
-0.2892 0.0291534048765058 -0.0184973574562823 -6.42300292119964 66.6896748902223 563794.496752254
-0.2893 -0.0171712360651345 0.00280275066484365 -6.44418986542005 66.680292549917 563732.747635375
-0.2894 0.022148947706925 -0.014790744333166 -6.43224497143251 66.6709102096117 563772.76543855
-0.2895 -0.0335150321774184 0.0098798528037127 -6.45056462511017 66.6615278693064 563659.685363314
-0.2896 -0.0175205288402418 0.014895827654429 -6.45812043556277 66.652145529001 563711.501491206
-0.2897 0.0304894593543196 -0.0594822518249942 -6.47800546425479 66.6427631886957 563699.398948514
-0.2898 -0.0178410030375811 0.0295347835531039 -6.47230315257646 66.6333808483904 563727.301551933
-0.2899 -0.0188108089543856 -0.0040484296227879 -6.48458258648525 66.6239985080851 563640.420200276
-0.29 0.0389724980253615 -0.0170220526092704 -6.49400453541952 66.6146161677797 563691.213668011
-0.2901 -0.030539361589566 0.0156780375755911 -6.50894533651336 66.6052338274744 563621.572337441
-0.2902 0.00463322870578057 0.00634879065710959 -6.50248545052178 66.5958514871691 563708.386100769
-0.2903 0.0242203825980765 -0.042361259859612 -6.5057933319037 66.5864691468638 563602.644495587
-0.2904 -0.0161235205119085 0.0305481339525099 -6.50629713548384 66.5770868065585 563678.864191603
-0.2905 -0.0415051882151012 0.00839906455102474 -6.52406835790954 66.5677044662531 563536.003771023
-0.2906 0.0420065728778597 -0.0134859964709524 -6.51487591367259 66.5583221259478 563742.861692672
-0.2907 -0.0075395803336224 -0.035875583779001 -6.57792780741714 66.5489397856425 563490.689729893
-0.2908 -0.00299267074117673 0.0795529097208686 -6.54277032247105 66.5395574453372 563773.160551546
-0.2909 -0.0112299322701585 -0.0840378337187416 -6.62663116037466 66.5301751050319 563335.867770756
-0.291 0.036648794835382 0.0371957532327692 -6.59968866588341 66.5207927647265 563663.471727863
-0.2911 -0.0572853261710449 -0.0164133821026711 -6.64982263904194 66.5114104244212 563348.424784794
-0.2912 0.0262585370405593 0.0128651066965762 -6.62362753249694 66.5020280841159 563601.292705265
-0.2913 0.00553830259390363 -0.021572440188414 -6.65315851477928 66.4926457438106 563471.131946847
-0.2914 -0.019672191988298 -0.00266833583557105 -6.63631362807675 66.4832634035052 563527.676476165
-0.2915 0.0152223952571328 0.0203333108814732 -6.63539266393833 66.4738810631999 563600.510392875
-0.2916 -0.00877885941094192 -0.0300891834542629 -6.65582336071241 66.4644987228946 563473.302808268
-0.2917 -0.0048035740575476 0.0104295292138633 -6.66551514145701 66.4551163825893 563507.59892736
-0.2918 0.00595770682379775 0.00783859942038942 -6.67661876720027 66.445734042284 563514.914621217
-0.2919 -0.0334693617227731 -0.000754135672212633 -6.70372600542198 66.4363517019787 563393.030511124
-0.292 0.0314237970557427 0.00344611874704229 -6.66928938124903 66.4269693616733 563602.471866034
-0.2921 -0.0337555266626518 2.52416805874707e-05 -6.73563851159585 66.417587021368 563336.547284152
-0.2922 0.00122233968185841 0.0467553345223178 -6.71612385440309 66.4082046810627 563551.463368753
-0.2923 0.0240584880694964 -0.0635524508832141 -6.72024723912516 66.3988223407574 563389.793915066
-0.2924 -0.00889363539483991 0.0438322267262895 -6.6926560584823 66.389440000452 563546.52379571
-0.2925 -0.0053581567468759 -0.0324457965240367 -6.74906625452806 66.3800576601467 563370.993306837
-0.2926 0.0335915755358261 0.00838422831951728 -6.74750616291441 66.3706753198414 563489.760977967
-0.2927 -0.0074419512943036 -0.0146012312600967 -6.77753838127209 66.3612929795361 563326.392026772
-0.2928 0.0049553758812736 0.0437681001407194 -6.74211979007223 66.3519106392308 563511.483719379
-0.2929 -0.037945152795028 -0.00598945391003238 -6.78674771863586 66.3425282989254 563263.565257777
-0.293 0.0590982428435155 -0.0146993748727541 -6.76196908109465 66.3331459586201 563457.706965083
-0.2931 -0.022345113500608 -0.0110630728707192 -6.77560570808153 66.3237636183148 563317.901381198
-0.2932 -0.0123439603967932 0.0191929290584794 -6.73107205832204 66.3143812780095 563410.84165884
-0.2933 0.0136290579068689 -0.0182377846004159 -6.76701088172086 66.3049989377042 563297.600228913
-0.2934 0.00549768163503105 0.0031938653800957 -6.73958357999903 66.2956165973988 563413.103089884
-0.2935 -0.018085613933912 0.00456963123018625 -6.74080030087173 66.2862342570935 563385.511694642
-0.2936 0.0063275457864924 -0.00685839202213891 -6.70500440523023 66.2768519167882 563547.466889357
-0.2937 0.0148061594143811 -0.0329159622241504 -6.70536888810744 66.2674695764829 563481.524433528
-0.2938 -0.0379000020999566 0.0510197135426444 -6.70159432205635 66.2580872361775 563522.506486554
-0.2939 0.0070297045182592 -0.0302521934287401 -6.72475163919583 66.2487048958722 563371.873664739
-0.294 0.0479609627875657 0.0178443724247316 -6.71394643860589 66.2393225555669 563595.116305795
-0.2941 -0.0719227605558539 0.0133180259287863 -6.73660513056454 66.2299402152616 563281.348226832
-0.2942 0.0567281947775092 0.0317910372111811 -6.68493519900153 66.2205578749563 563632.438679932
-0.2943 -0.000262021981288689 -0.0817204689946066 -6.74098307755221 66.2111755346509 563230.216276691
-0.2944 0.0188550583648692 0.0711777478256799 -6.64629063251683 66.2017931943456 563680.413716292
-0.2945 -0.068291887773481 -0.00852665941763074 -6.70978834371036 66.1924108540403 563295.908651928
-0.2946 0.082902792448555 0.00611107940970235 -6.65371475379551 66.183028513735 563689.774260009
-0.2947 -0.0394175174448801 -0.0536221461563944 -6.70965646369114 66.1736461734297 563277.091429889
-0.2948 -0.00411722537969693 0.0795616077606196 -6.64901345446186 66.1642638331243 563662.785619483
-0.2949 -0.0299486376876923 -0.0478313874072236 -6.69413187843332 66.154881492819 563347.975218392
-0.295 0.0570166664091058 0.00494151493647058 -6.65767046018038 66.1454991525137 563624.996899806
-0.2951 -0.0483873609608347 -0.00189902871850043 -6.6859573012875 66.1361168122084 563420.326844729
-0.2952 0.0479952326863521 0.0124104952514462 -6.66757817788961 66.126734471903 563620.739379415
-0.2953 -0.00816592532230238 -0.0216289211330703 -6.68581883826627 66.1173521315977 563421.74770089
-0.2954 0.00207650603901352 0.0354442973169784 -6.66508448475894 66.1079697912924 563575.351785391
-0.2955 -0.0126128926601072 -0.00905211351695213 -6.68183425966525 66.0985874509871 563407.688041689
-0.2956 0.0303774322502355 0.00117025074655521 -6.66103690758823 66.0892051106818 563567.191718288
-0.2957 -0.0340572824446487 -0.00419621357659871 -6.66030357609587 66.0798227703765 563487.134450924
-0.2958 0.0126250773368494 0.0273816237820136 -6.65906584895612 66.0704404300711 563621.780206665
-0.2959 0.0146325455536356 -0.0461503649914323 -6.68339138782468 66.0610580897658 563472.149226298
-0.296 -0.0143932378235765 0.0178272091595965 -6.64933286371229 66.0516757494605 563557.811554881
-0.2961 -0.00858069934350966 0.0115515850611861 -6.66134032737409 66.0422934091552 563545.269499197
-0.2962 0.0150251636652682 -0.0311063246468579 -6.65181984263488 66.0329110688498 563485.006169328
-0.2963 -0.014569099383888 0.0191487662151191 -6.64052047355182 66.0235287285445 563576.35950505
-0.2964 -0.0275877590794186 -0.000547188918566652 -6.66158107112564 66.0141463882392 563463.532208607
-0.2965 0.0241792364246739 -0.0108207230272183 -6.64170944906163 66.0047640479339 563609.145473847
-0.2966 -0.0267633535243114 -0.00857499090969594 -6.6571096114255 65.9953817076286 563502.870874252
-0.2967 -0.000198907374756953 0.0315818964396539 -6.62155588744622 65.9859993673232 563620.581405421
-0.2968 0.00116180972247442 -0.0272252912061509 -6.65093463834306 65.9766170270179 563481.095078318
-0.2969 0.0107782229289208 0.0232778779562985 -6.61911134710585 65.9672346867126 563619.884048842
-0.297 0.00505466618852716 -0.0132965624792062 -6.63549676200389 65.9578523464073 563516.546883759
-0.2971 -0.0136249319636537 0.0264924789267669 -6.63107829088785 65.948470006102 563595.743370591
-0.2972 0.0108085010243566 -0.0152465358615793 -6.62260098474985 65.9390876657966 563615.723020885
-0.2973 -0.00292896410601009 0.00635945753173621 -6.61542268970841 65.9297053254913 563614.066156383
-0.2974 -0.0129733251041191 0.00793272107060155 -6.60839239843118 65.920322985186 563596.290411609
-0.2975 0.0369679410906336 -0.0230345274083247 -6.58159413774399 65.9109406448807 563695.768437764
-0.2976 -0.0245118525023802 0.0110013251477136 -6.5717342301249 65.9015583045753 563628.169654664
-0.2977 -0.0127719137431634 0.0160077581688221 -6.55060034610574 65.89217596427 563681.502421363
-0.2978 -0.00511469668073147 -0.00991449343140554 -6.52513443585915 65.8827936239647 563668.086310741
-0.2979 0.0194682843177148 -0.00600580628470778 -6.50828700493714 65.8734112836594 563785.684314052
-0.298 -0.0117493908635663 0.0139041307727802 -6.50184160028045 65.8640289433541 563731.759867416
-0.2981 0.0136927679999025 0.00788964419733899 -6.49447614104363 65.8546466030487 563830.181176164
-0.2982 -0.00684752684764371 -0.0228474641783467 -6.48883014092677 65.8452642627434 563668.444033072
-0.2983 0.0215640080066351 0.0147735045636325 -6.4422250852583 65.8358819224381 563835.990951897
-0.2984 -0.027132542627526 0.0152641236233701 -6.45374817600541 65.8264995821328 563751.957342612
-0.2985 0.0100724608370445 0.00942819782916681 -6.44376452946891 65.8171172418275 563807.497889132
-0.2986 -0.00728905966324298 -0.0243619649308336 -6.42341397956937 65.8077349015221 563778.877864924
-0.2987 0.00743995070115988 0.0442758424225698 -6.36925126797815 65.7983525612168 563971.660217021
-0.2988 -0.0051209320134009 -0.0360066435875998 -6.40490665795839 65.7889702209115 563746.075162734
-0.2989 0.0165055682888786 0.0265920634584189 -6.36753591827981 65.7795878806062 563989.299994649
-0.299 -0.0509061532352665 -0.000936702796958532 -6.37441177324947 65.7702055403009 563820.216001291
-0.2991 0.0600508028284313 -0.0145384315091628 -6.34341895553816 65.7608231999955 564056.379277428
-0.2992 -0.0288886848269062 -0.0183905809759481 -6.3800839777515 65.7514408596902 563836.720635035
-0.2993 -0.0213387654496635 0.05365870201028 -6.34410797554219 65.7420585193849 564044.840679679
-0.2994 0.02297344751739 -0.0648131231516335 -6.37204924376025 65.7326761790796 563858.619860611
-0.2995 0.000883957779537688 0.00643695065302133 -6.36156828894646 65.7232938387742 563928.660753508
-0.2996 -0.0451605317853575 0.0218321844421952 -6.39737145260479 65.7139114984689 563780.063160865
-0.2997 0.0242024557652152 -0.00352709276311693 -6.38702836022815 65.7045291581636 563914.572718014
-0.2998 0.00336601673124654 -0.0374976105010138 -6.38694486089118 65.6951468178583 563865.187067772
-0.2999 0.0157477410314019 0.0299901345750746 -6.38001355903447 65.685764477553 564009.30720261
-0.3 -0.0210635288437999 -0.000483651499426192 -6.39534001957133 65.6763821372476 563861.177076687
-0.3001 0.0023067374310508 -0.00666871861438914 -6.39669999827783 65.6669997969423 563879.942687938
-0.3002 0.008331180564547 -0.0098975878583741 -6.3876172555087 65.657617456637 563897.531470683
-0.3003 0.00909128984639174 0.0124110907112387 -6.39260769155798 65.6482351163317 563843.927364406
-0.3004 -0.00242982809474214 0.0167080289372949 -6.36501199317007 65.6388527760264 563975.855926133
-0.3005 0.00753821025051257 0.00605456669096546 -6.38473854943117 65.629470435721 563960.340963372
-0.3006 0.0248746225636411 -0.0255204760361056 -6.38541938569072 65.6200880954157 563925.374684534
-0.3007 -0.0107405903497988 0.00775115000631804 -6.39828146410081 65.6107057551104 563848.13127771
-0.3008 -0.00790657380231208 0.0200499713707883 -6.42210960694705 65.6013234148051 563819.59375795
-0.3009 0.0385660273031215 -0.0231698717477282 -6.4118250867799 65.5919410744998 563879.585821644
-0.301 0.0119418362304541 -0.0104859375642932 -6.4184783993171 65.5825587341944 563854.66172853
-0.3011 -0.0183738616417766 0.0208108543965548 -6.43914478505283 65.5731763938891 563857.645123494
-0.3012 0.00332668484134432 0.0144905394694322 -6.45254624580164 65.5637940535838 563880.146476204
-0.3013 0.0144589927588009 -0.0256338043207403 -6.45744217679251 65.5544117132785 563781.477021708
-0.3014 -0.00533306947064484 -6.14330777961892e-06 -6.44608509812917 65.5450293729731 563844.384733268
-0.3015 -0.032039100124044 0.0123915517937165 -6.46982092296632 65.5356470326678 563726.835086298
-0.3016 0.0140688663140339 -0.0134076561360554 -6.46375851085978 65.5262646923625 563759.241378502
-0.3017 -0.000274014941037375 0.022020695659472 -6.45943494966455 65.5168823520572 563853.07126955
-0.3018 0.00437876692485296 0.010857543561761 -6.47100473567563 65.5075000117519 563798.120173303
-0.3019 0.0199310925689326 -0.0202623705515359 -6.47719495224469 65.4981176714465 563749.135658297
-0.302 0.0186194156782927 -0.0138702458943981 -6.4941480952976 65.4887353311412 563763.248374292
-0.3021 -0.0213013877880064 0.0208141830840407 -6.48757654571117 65.4793529908359 563785.250334034
-0.3022 0.00800020226139367 -0.0245532372570427 -6.51287043330437 65.4699706505306 563727.312048875
-0.3023 0.0238516850659376 0.00215497078430092 -6.48285447496656 65.4605883102252 563897.943033321
-0.3024 -0.0174973702839012 -0.00715488402904493 -6.50969166649975 65.4512059699199 563713.172239155
-0.3025 0.00101560032776402 -0.00505397404965306 -6.4963689341805 65.4418236296146 563786.887541547
-0.3026 0.0147422141244971 0.0158207867572186 -6.49491887223072 65.4324412893093 563804.004400542
-0.3027 -0.0124385136654816 -0.0137131711349788 -6.53266215761704 65.423058949004 563668.570742123
-0.3028 0.017151013103556 0.0111347715873965 -6.54577449183573 65.4136766086987 563717.451596753
-0.3029 -0.0391310731270422 -0.00783160152701819 -6.54717759804225 65.4042942683933 563569.71419309
-0.303 0.0414406025856688 0.0113153522790394 -6.5051713745086 65.394911928088 563834.934818465
-0.3031 -0.0339630551050777 0.00435124907962759 -6.55634025537868 65.3855295877827 563619.034821423
-0.3032 0.00978629751807433 0.0270909423181824 -6.54213974153825 65.3761472474774 563759.427472513
-0.3033 -0.00690016948706084 -0.0366214532490725 -6.57082247990698 65.3667649071721 563547.821622123
-0.3034 0.0407417162131635 0.0154377463769435 -6.51240091114167 65.3573825668667 563829.718376752
-0.3035 -0.0618199971603357 0.0066995723162442 -6.59553977005505 65.3480002265614 563469.332666762
-0.3036 0.0236272430107533 0.0253885230369048 -6.54438109053583 65.3386178862561 563743.540488958
-0.3037 0.00772229258664334 -0.0492548423234488 -6.60179284072804 65.3292355459508 563488.555512547
-0.3038 0.0117278077372298 0.0199950181711068 -6.56551267409881 65.3198532056454 563705.449337718
-0.3039 -0.0331811570728237 0.0164734228128423 -6.59940459739241 65.3104708653401 563588.400791932
-0.304 0.015891492891831 0.00607580134895662 -6.60220019496984 65.3010885250348 563662.69744598
-0.3041 0.0100912208680594 -0.0430984866983473 -6.62568960727572 65.2917061847295 563492.615235186
-0.3042 -0.00500455395186002 0.0577767151060831 -6.59555285025096 65.2823238444242 563685.845408802
-0.3043 -0.0184743602102799 -0.0091712553857168 -6.62453947685515 65.2729415041188 563457.162314986
-0.3044 0.0358436134038311 -0.00424084836897524 -6.61639015920456 65.2635591638135 563633.487472203
-0.3045 -0.0213377313927413 0.0124299538134464 -6.64168779053282 65.2541768235082 563474.464407896
-0.3046 -0.0104287386523878 0.024537056205794 -6.64091547853293 65.2447944832029 563531.399696799
-0.3047 0.0209926127886417 -0.0530416804839834 -6.67268626042153 65.2354121428975 563430.937552982
-0.3048 0.000751207209394329 0.0442118955219923 -6.65381271887392 65.2260298025922 563605.611064145
-0.3049 -0.0434613321223969 0.0189467008990633 -6.68597300023307 65.2166474622869 563427.410974533
-0.305 0.0506312286531698 -0.00959589614787984 -6.68134386904353 65.2072651219816 563560.766735221
-0.3051 -0.00256302864754029 -0.0352123947713828 -6.70635893968481 65.1978827816763 563382.73683754
-0.3052 0.000363148847698701 0.0329188767406553 -6.69305175483485 65.1885004413709 563509.940961022
-0.3053 0.00311701190171651 -0.0429801892367476 -6.73545721955191 65.1791181010656 563327.46640114
-0.3054 0.0244781543758054 0.0460030248433567 -6.70419159703044 65.1697357607603 563627.83242082
-0.3055 -0.0289020267481503 -0.0373307703937226 -6.73435854009405 65.160353420455 563311.773743209
-0.3056 0.038349303880416 0.053704593338218 -6.70539982284795 65.1509710801497 563626.214670438
-0.3057 -0.0351409358517547 -0.050123900095356 -6.7613713235403 65.1415887398443 563227.711208314
-0.3058 0.0571820456340542 0.0520684553968977 -6.69336390285679 65.132206399539 563702.026885003
-0.3059 -0.0746507117323048 -0.0446138175174266 -6.79800256493145 65.1228240592337 563112.039874483
-0.306 0.0799114294129423 0.0500971947959871 -6.7034882718244 65.1134417189284 563692.596779759
-0.3061 -0.0963622091764151 -0.0555185948618926 -6.80767426749549 65.1040593786231 563051.624984068
-0.3062 0.0863601452298499 0.0401025025760903 -6.69134087888802 65.0946770383177 563796.374102028
-0.3063 -0.0750672568830944 -0.051647991618809 -6.81208054707662 65.0852946980124 563157.973599539
-0.3064 0.0266406801508735 0.082327090323039 -6.73838717976822 65.0759123577071 563676.143372898
-0.3065 -0.0233926233171736 -0.0431135818518968 -6.81434905955092 65.0665300174018 563252.798820963
-0.3066 0.0448978183032735 0.0246570464802794 -6.76174617352598 65.0571476770965 563597.666155542
-0.3067 -0.0574960848401298 -0.0338524682397598 -6.80996086565095 65.0477653367911 563202.797664511
-0.3068 0.0518149078127411 0.030954770263747 -6.75496206143742 65.0383829964858 563618.196081547
-0.3069 -0.0280343545222389 -0.0527068079731709 -6.81033970002416 65.0290006561805 563268.030400158
-0.307 0.0119822802420087 0.0652157529614397 -6.73340619628028 65.0196183158752 563720.004965388
-0.3071 -0.0107861876464715 -0.0609271938681392 -6.82828565691983 65.0102359755698 563299.365010095
-0.3072 0.0320727252978475 0.023151896897851 -6.78875225224002 65.0008536352645 563540.009543514
-0.3073 -0.056884536907463 -0.0151944550891008 -6.86891204884084 64.9914712949592 563183.278054217
-0.3074 0.0435822732794147 0.0233211205153041 -6.80510657274421 64.9820889546539 563518.649371255
-0.3075 -0.0315747031407021 -0.0364286288349429 -6.8449167453643 64.9727066143486 563273.26993975
-0.3076 0.014578032850408 0.0615633708374148 -6.78125063044783 64.9633242740432 563624.636545138
-0.3077 -0.0164222266494484 -0.0413198883732864 -6.82569057634717 64.9539419337379 563308.747872577
-0.3078 0.0234444106256676 0.0485750800683697 -6.77277163109888 64.9445595934326 563639.669594032
-0.3079 -0.0361566145758451 -0.0274662617437926 -6.8371755758599 64.9351772531273 563285.929315508
-0.308 0.0140102514912075 0.0238598748892098 -6.7978020947997 64.925794912822 563492.552367223
-0.3081 0.000297507487220105 -0.0339092432511209 -6.84002693811017 64.9164125725166 563324.449196557
-0.3082 0.00279258881900185 0.0379603141901903 -6.80257553288247 64.9070302322113 563519.577223069
-0.3083 -0.00493018483435242 -0.0202359926357883 -6.83929204580076 64.897647891906 563315.438351476
-0.3084 0.0318762384038461 0.0132538949381761 -6.80570885206026 64.8882655516007 563537.247896491
-0.3085 -0.0435053399929728 -0.00376578935662899 -6.83751652077359 64.8788832112953 563296.720652906
-0.3086 0.0224125834371757 0.0281008576627979 -6.79640318072415 64.86950087099 563532.626306395
-0.3087 0.0207335522190216 -0.0547697398349658 -6.84416135926535 64.8601185306847 563298.220474136
-0.3088 0.00896714588419916 0.0233454181779127 -6.7871437823462 64.8507361903794 563573.258918223
-0.3089 -0.0322009158649576 -0.00522844669575042 -6.81424748774292 64.8413538500741 563383.719211816
-0.309 0.0169358184290679 0.0223596735789971 -6.78878739321365 64.8319715097687 563545.51694175
-0.3091 0.00329776737130162 -0.0249366984798852 -6.81163858405956 64.8225891694634 563380.82425338
-0.3092 0.0120110593593223 0.00123491249664011 -6.78090374882623 64.8132068291581 563510.862975895
-0.3093 -0.011262561727703 0.0025356519419316 -6.77923070608834 64.8038244888528 563489.725032645
-0.3094 0.00490788216243969 0.016660991657004 -6.76156317981081 64.7944421485475 563598.752218194
-0.3095 -0.0260475968850465 -0.00147790023079051 -6.78758453217691 64.7850598082421 563469.943452675
-0.3096 0.0411561306449327 -0.0316547103896983 -6.76190864212597 64.7756774679368 563554.157400186
-0.3097 -0.0469621105897335 0.0300711300463546 -6.80405372902812 64.7662951276315 563412.594506129
-0.3098 0.0291231691708507 0.015553264016845 -6.72733830779994 64.7569127873262 563683.149329493
-0.3099 -0.0121893823893073 -0.0571699309161937 -6.77891294040506 64.7475304470208 563377.503869757
-0.31 0.0306006997300769 0.0612387264758 -6.68447285196715 64.7381481067155 563796.159672982
-0.3101 -0.0497178252019145 -0.0412510027298452 -6.74194777485216 64.7287657664102 563433.560398222
-0.3102 0.0649044118386562 0.0410064813294467 -6.68108637796133 64.7193834261049 563927.036503079
-0.3103 -0.0452941568788404 -0.0518889308069909 -6.74733731808122 64.7100010857996 563451.070534445
-0.3104 0.0429266554398167 0.0406954197456916 -6.67810585921986 64.7006187454943 563897.944511756
-0.3105 -0.0295668367647183 -0.0529543988658246 -6.72292927946446 64.6912364051889 563485.68275815
-0.3106 0.0216103545697861 0.0447896154093259 -6.65203754407861 64.6818540648836 563832.645438375
-0.3107 -0.00900482338686601 -0.0138762484222914 -6.68463840039845 64.6724717245783 563630.362478942
-0.3108 -0.0068853991334141 0.0311200284437442 -6.61654250996329 64.663089384273 563829.313687547
-0.3109 -0.00126223397559259 -0.0244568940674691 -6.62111649223665 64.6537070439676 563744.255372953
-0.311 0.0240035807836638 0.00472959336522043 -6.5282057837344 64.6443247036623 564015.998628591
-0.3111 -0.0261471851299022 -0.0183406209949745 -6.56772604564825 64.634942363357 563828.158102765
-0.3112 -0.00775677957842136 0.0360044257489099 -6.53445594663051 64.6255600230517 563963.347399198
-0.3113 0.00788043237060915 -0.0139689483507395 -6.51881413698005 64.6161776827464 563934.691325438
-0.3114 0.00724085920855628 0.00680270829647041 -6.50993687269333 64.606795342441 563949.343271676
-0.3115 0.00124199456943843 0.0114378518181141 -6.50338872921235 64.5974130021357 563981.615411866
-0.3116 0.00195658267257048 -0.0186220715627194 -6.49814823680824 64.5880306618304 563938.993428678
-0.3117 -0.0109024559868672 0.00747015281643335 -6.47357374661083 64.5786483215251 564027.564924975
-0.3118 0.0102003775624884 -0.0108221993522625 -6.48513099767052 64.5692659812198 564000.839798823
-0.3119 0.0133243902053034 -0.000128787532543689 -6.45394424049019 64.5598836409144 564092.652245907
-0.312 -0.0286886926756979 0.0374751013277998 -6.46242234345103 64.5505013006091 564050.838577119
-0.3121 0.0163476090825778 -0.023454257097678 -6.45765275304165 64.5411189603038 563990.186572901
-0.3122 0.0356198516852351 0.00735190734011518 -6.4168975677611 64.5317366199985 564176.912701798
-0.3123 -0.0509138765872467 -0.00123033027146944 -6.43451036707974 64.5223542796931 563971.617558734
-0.3124 0.0521101978053597 0.0110614331623376 -6.35738927941652 64.5129719393878 564297.833574057
-0.3125 -0.047192157942301 -0.0273625990544268 -6.41820185600774 64.5035895990825 563983.566542042
-0.3126 0.0355562971750682 0.046455309422475 -6.33954406392942 64.4942072587772 564403.432072472
-0.3127 -0.0327284212368148 -0.0561130577163638 -6.42196023286501 64.4848249184719 563939.979725494
-0.3128 0.0627046703791704 0.0345534357127027 -6.33966021077469 64.4754425781665 564426.748479516
-0.3129 -0.0790957010729376 -0.0274609372004284 -6.38671489738208 64.4660602378612 563989.241232986
-0.313 0.0657582359189649 0.0390224846935224 -6.29544021261922 64.4566778975559 564518.753904094
-0.3131 -0.0130392358922056 -0.0678533463635652 -6.36460540482637 64.4472955572506 564076.845368776
-0.3132 0.016498451411572 0.0450349782219418 -6.31603182433564 64.4379132169453 564411.526890016
-0.3133 -0.0255160679762289 -0.0148842211972452 -6.36973696654429 64.4285308766399 564132.854386451
-0.3134 0.0260365707538587 0.00943917831767143 -6.3267905793294 64.4191485363346 564323.698794249
-0.3135 -0.0242122559027142 -0.00404416182157406 -6.34008767802381 64.4097661960293 564229.338441222
-0.3136 0.0135919717182726 0.0080232672777139 -6.29312683527696 64.400383855724 564450.369015923
-0.3137 -0.0279752424345572 -0.001648305177098 -6.31870518400672 64.3910015154187 564288.61867657
-0.3138 0.0219048925087034 -0.00573682393488057 -6.30472382673612 64.3816191751133 564363.750120586
-0.3139 -0.0128074852222822 0.0112691092852407 -6.30126103694541 64.372236834808 564378.90269986
-0.314 0.0097665730663003 -0.0120533700141351 -6.2887714205224 64.3628544945027 564401.948537656
-0.3141 0.0156617778829161 -0.0197329882623221 -6.27019808033776 64.3534721541974 564397.266586574
-0.3142 -0.0076201726978659 0.0256356776842506 -6.25060866772436 64.344089813892 564431.335458386
-0.3143 0.015603250422406 -0.0271839102591128 -6.23339892996663 64.3347074735867 564458.511997176
-0.3144 0.0182302173832505 -0.00705601732848138 -6.20431895395893 64.3253251332814 564556.6012986
-0.3145 -0.0294447374727009 0.0298210321655411 -6.20809920637356 64.3159427929761 564513.263241824
-0.3146 0.0171612540695518 0.0121732841716561 -6.17865008086889 64.3065604526708 564617.858209893
-0.3147 0.00183828176561049 -0.0456191555387469 -6.20700283987152 64.2971781123654 564437.426756496
-0.3148 -0.00565658398985861 0.0570980917171013 -6.13581588913443 64.2877957720601 564678.250106349
-0.3149 -0.0356797356953353 -0.027441822667063 -6.15146404909703 64.2784134317548 564471.149676937
-0.315 0.0866005123638685 0.0044386198068601 -6.06945350269355 64.2690310914495 564797.780633765
-0.3151 -0.0460029499562201 -0.0404112658384701 -6.12959618965165 64.2596487511442 564438.885200344
-0.3152 0.000302900080262861 0.104299664840113 -6.03656881635799 64.2502664108388 564902.812659342
-0.3153 -0.00665973489765912 -0.0883621555986494 -6.12387889208637 64.2408840705335 564457.188274683
-0.3154 0.0610773479304463 0.0327355116385147 -6.05730712714406 64.2315017302282 564929.383514802
-0.3155 -0.0988206188780748 -0.00431452837200652 -6.10108919281266 64.2221193899229 564466.577719718
-0.3156 0.0502005871790201 0.0304622381525396 -6.00687746750734 64.2127370496176 564938.419062694
-0.3157 -0.0145469560519343 -0.0674476595559514 -6.05355921128448 64.2033547093122 564566.937160275
-0.3158 0.00200039095635801 0.0705170049920757 -5.9567613217673 64.1939723690069 565013.136214138
-0.3159 -0.0336592860736893 -0.0337478040193648 -6.00847729244825 64.1845900287016 564714.701472706
-0.316 0.0613524450909936 0.00289667962472438 -5.95230174574364 64.1752076883963 565013.73088381
-0.3161 -0.0552295557198791 -0.016976466196694 -6.00615015368315 64.1658253480909 564705.332191424
-0.3162 -0.00526900105899103 0.0354040636973797 -5.95585886223299 64.1564430077856 564945.366586916
-0.3163 0.00275017218568563 -0.0294088369122858 -5.95312334972461 64.1470606674803 564820.445908749
-0.3164 0.0279968177066531 -0.0128464903409479 -5.92245966082441 64.137678327175 564931.371265453
-0.3165 -0.035644556267509 0.0121457196619373 -5.92299211501941 64.1282959868697 564874.30181265
-0.3166 0.0253966941552717 0.00275824248094197 -5.90771351695985 64.1189136465643 564957.600650805
-0.3167 -0.0208853690882528 -0.0381839517219089 -5.93065151794071 64.109531306259 564776.107854116
-0.3168 0.0240947540382263 0.0385224840589529 -5.87542050921811 64.1001489659537 565081.127898211
-0.3169 -0.0286003605325026 -0.0305544425281851 -5.93833794165641 64.0907666256484 564759.861548623
-0.317 0.035279681949447 0.0331910510217994 -5.87791032640393 64.0813842853431 565121.080982657
-0.3171 -0.0449401159303176 -0.0244963360330072 -5.91934573155704 64.0720019450377 564803.081565212
-0.3172 0.0407522094280057 0.00290438318653952 -5.86304811898887 64.0626196047324 565070.371507062
-0.3173 -0.0146833218823663 -0.0122921667498258 -5.88056742435697 64.0532372644271 564920.956375382
-0.3174 -0.00495473358257107 0.0194980962676689 -5.85632327636527 64.0438549241218 565039.696314423
-0.3175 -0.00993718886950585 -0.00697780891572349 -5.86806345844458 64.0344725838165 564922.622966297
-0.3176 0.00794720894375812 0.0094852841383634 -5.82612031805026 64.0250902435111 565063.569931658
-0.3177 -0.0132348658668014 -0.0213490060119807 -5.86479011049394 64.0157079032058 564869.109714108
-0.3178 0.0141559460076218 0.00309997291750822 -5.84721647318885 64.0063255629005 565006.305707993
-0.3179 -0.00358615422347362 -0.0114987244088123 -5.87257435923197 63.9969432225952 564938.257533962
-0.318 0.028284121693149 -0.00141918564346071 -5.83058833645253 63.9875608822898 565097.168698647
-0.3181 -0.0392457417547412 -0.00635131537432749 -5.87675745401332 63.9781785419845 564855.955337216
-0.3182 0.00227682416942484 0.0374825263188584 -5.8512005816128 63.9687962016792 565044.758648461
-0.3183 0.00389364932480441 -0.0560137427705545 -5.86808380426359 63.9594138613739 564853.667249107
-0.3184 0.011338987316016 0.0377403221190855 -5.82698783659154 63.9500315210686 565107.982913802
-0.3185 -0.0386574714458781 -0.0422958905891729 -5.8612010672944 63.9406491807632 564826.373727027
-0.3186 0.0365335139949617 0.0300350533324285 -5.82517501544482 63.9312668404579 565127.064193334
-0.3187 -0.0261399432976268 -0.0315304040053418 -5.84980559427233 63.9218845001526 564833.940061889
-0.3188 0.0443226013811579 0.0191175104951353 -5.77341754886442 63.9125021598473 565189.166661093
-0.3189 -0.0452873794364643 -0.0200006306000061 -5.81566443597485 63.9031198195419 564904.84810004
-0.319 -0.0180679459821321 0.0617412481667909 -5.77704393639198 63.8937374792366 565177.684019756
-0.3191 -0.00954613189332866 -0.0368712112128581 -5.80725165305778 63.8843551389313 564963.287562385
-0.3192 0.0439654934205906 0.0243999549357956 -5.75293003022323 63.874972798626 565286.535828785
-0.3193 -0.0814425158627901 -0.0196829075468115 -5.80316049113247 63.8655904583207 564859.879443933
-0.3194 0.0824241663053156 0.0321387632661254 -5.72849445490248 63.8562081180154 565369.727671364
-0.3195 -0.0708928661996114 -0.0414628607455902 -5.77870728513758 63.84682577771 564881.189657032
-0.3196 0.0158955176153793 0.0631015759350969 -5.71722446243048 63.8374434374047 565380.114419753
-0.3197 -0.00661030708793239 -0.0675502722951233 -5.74742588097721 63.8280610970994 565048.627068696
-0.3198 0.0242107767254277 0.0483167142714246 -5.66388632220203 63.8186787567941 565447.952378105
-0.3199 -0.0575232376831186 -0.00553307178641326 -5.74998855935988 63.8092964164887 565023.841553553
-0.32 0.030767438800733 0.00178055492813775 -5.70844304216874 63.7999140761834 565266.470195763
-0.3201 -0.00201226990566682 -0.0181842406183233 -5.72177767718946 63.7905317358781 565144.140824069
-0.3202 0.00315249207601371 0.0198931018182189 -5.69696536249544 63.7811493955728 565245.082011505
-0.3203 -0.0355104679789139 -0.00822128242559311 -5.71520659473678 63.7717670552675 565101.696530862
-0.3204 0.0428393480384178 0.000977619853058987 -5.69523275079433 63.7623847149621 565244.624080587
-0.3205 -0.0241566364933274 -0.0229185882286888 -5.72566339375454 63.7530023746568 565110.449126884
-0.3206 0.0321130635062449 0.00262796460834235 -5.67756221165647 63.7436200343515 565337.437661787
-0.3207 -0.0232862381569817 -0.0133449462385745 -5.72366446199796 63.7342376940462 565104.440222015
-0.3208 0.000703171593572264 0.0189782555658519 -5.66436482938019 63.7248553537408 565300.736817555
-0.3209 0.00437623101389292 -0.0355829748092674 -5.6790746959946 63.7154730134355 565144.181192935
-0.321 0.00523931948377585 0.0422026164733914 -5.62760719852576 63.7060906731302 565372.499426625
-0.3211 -0.0224735582174294 -0.0202519540342114 -5.68298436653959 63.6967083328249 565077.153221148
-0.3212 0.0231224180709217 0.0371886481703075 -5.64578398751209 63.6873259925196 565317.591892206
-0.3213 -0.0259373625621127 -0.0204913550057594 -5.64651586830591 63.6779436522142 565149.980549988
-0.3214 0.0173759879186736 0.0200671287704952 -5.60515170586542 63.6685613119089 565359.543799573
-0.3215 -0.0240358721304183 0.00862321038358497 -5.63330068448306 63.6591789716036 565193.477983033
-0.3216 0.0332539412118953 -0.000528344895396829 -5.61771351863776 63.6497966312983 565340.126443677
-0.3217 -0.0172400636779238 0.00249119045253743 -5.64177575468511 63.640414290993 565186.034829312
-0.3218 0.00421168292680974 0.0179032351211915 -5.61948426647621 63.6310319506876 565271.294671272
-0.3219 0.0176541035150917 -0.0388082353513409 -5.62903183670348 63.6216496103823 565150.414184095
-0.322 0.0213053825249783 0.0328095927591723 -5.60194185528671 63.612267270077 565331.066348543
-0.3221 -0.0472739049643306 0.0176237274437322 -5.6189289497428 63.6028849297717 565119.747474795
-0.3222 0.0588566924860246 -0.00996392367155103 -5.57486499841281 63.5935025894664 565339.806158658
-0.3223 -0.0338338795857761 -0.0217736317773771 -5.60029507911533 63.584120249161 565139.615827299
-0.3224 0.0155951016205313 0.0493877645152 -5.58829624142371 63.5747379088557 565375.321061227
-0.3225 -0.0308964316190182 -0.0559997848257486 -5.61345769702391 63.5653555685504 565084.342375505
-0.3226 0.044691405885922 0.0704342933772913 -5.55856604647385 63.5559732282451 565485.039450269
-0.3227 -0.0648930049806676 -0.0573198742062085 -5.62995818276951 63.5465908879398 564949.698704005
-0.3228 0.0345079557363711 0.0707008929544633 -5.56353889770372 63.5372085476344 565469.551053721
-0.3229 -0.0319969327083861 -0.0897078676121409 -5.63641968155465 63.5278262073291 564940.372775165
-0.323 0.0323229598862632 0.0792383880499656 -5.54249601448902 63.5184438670238 565509.229827347
-0.3231 -0.0341475437124416 -0.0469233216284241 -5.6271156822113 63.5090615267185 565004.842859535
-0.3232 0.0466692974943784 0.0275670788279911 -5.56085992093064 63.4996791864131 565401.791978715
-0.3233 -0.0662114831683463 -0.00484397839765723 -5.60601649168934 63.4902968461078 565071.041550529
-0.3234 0.0407577541942432 0.014983170466691 -5.56376389169629 63.4809145058025 565406.106605479
-0.3235 -0.00813302522252203 -0.0535555063810136 -5.61037741430813 63.4715321654972 565075.33995589
-0.3236 0.0132850860241257 0.0520962150109027 -5.57681478741623 63.4621498251919 565413.328491678
-0.3237 -0.0414895581100312 -0.0385771534945435 -5.61470639744195 63.4527674848865 565107.990658851
-0.3238 0.0670756980048506 0.00559073641621265 -5.56735988463567 63.4433851445812 565406.284136249
-0.3239 -0.0473057306831879 -0.0197026132522856 -5.62095813542904 63.4340028042759 565084.351002242
-0.324 0.0199709048950067 0.0514352601234809 -5.58082506391317 63.4246204639706 565415.110719482
-0.3241 -0.00708478235361361 -0.0708694717514043 -5.64783503799635 63.4152381236653 564990.241176326
-0.3242 0.00746890228075644 0.0722788034024861 -5.54588642165156 63.4058557833599 565460.659033889
-0.3243 -0.02090509427653 -0.037924671463189 -5.61110681218525 63.3964734430546 565078.249731156
-0.3244 0.032392069212139 0.0495772414402616 -5.53015570750079 63.3870911027493 565489.106747849
-0.3245 -0.0328158109611355 -0.0368622027899358 -5.57810325185136 63.377708762444 565124.048187655
-0.3246 0.0305048401963199 0.0469497134266008 -5.54172114880307 63.3683264221387 565461.355317847
-0.3247 -0.0479501937908799 -0.029503105770684 -5.57765357178498 63.3589440818333 565170.766741217
-0.3248 0.0494119439152631 0.0173437069096975 -5.52062161400853 63.349561741528 565443.713717505
-0.3249 -0.0435225479855703 -0.0514573644347557 -5.58223718149933 63.3401794012227 565043.708705255
-0.325 0.0353445759085576 0.0664438257003856 -5.497924356192 63.3307970609174 565551.830822746
-0.3251 -0.0630634119397223 -0.047910726975894 -5.60057583586057 63.3214147206121 564999.914917247
-0.3252 0.0492841057943126 0.0637807519025209 -5.53263984063762 63.3120323803067 565483.033766872
-0.3253 -0.0367089602990384 -0.0929695856466173 -5.63506967586531 63.3026500400014 564887.522204151
-0.3254 0.0495879679485363 0.0638817441521907 -5.54117562913633 63.2932676996961 565483.745900632
-0.3255 -0.0668149307886922 -0.0457628474394225 -5.61378996035274 63.2838853593908 564971.37338591
-0.3256 0.0567544808737054 0.0510223091200548 -5.56009406226536 63.2745030190854 565469.626431737
-0.3257 -0.0200036370116755 -0.0439028593287639 -5.62985636842567 63.2651206787801 565021.48036845
-0.3258 0.0115078179626015 0.0383682526938307 -5.57542196892726 63.2557383384748 565346.23541549
-0.3259 -0.0224180779186238 -0.0084821764448959 -5.63385355464392 63.2463559981695 565098.675324729
-0.326 0.0424507200726055 0.00789072683826256 -5.58611236107605 63.2369736578642 565310.290065714
-0.3261 -0.0444864947150343 -0.0017357117919566 -5.64445279849067 63.2275913175588 565066.451677675
-0.3262 0.0279651600958911 0.0151083757080666 -5.59731440996096 63.2182089772535 565264.974348625
-0.3263 -0.00889702156260402 -0.03551233312342 -5.62909971847328 63.2088266369482 565069.900460663
-0.3264 0.00410469731306033 0.0280577572238246 -5.5992603442575 63.1994442966429 565261.646944422
-0.3265 -0.00769638423705025 -0.0238448128725382 -5.63004418352624 63.1900619563376 565078.949681755
-0.3266 0.0058113577359408 0.0231918555428656 -5.60577354782233 63.1806796160322 565229.842124965
-0.3267 -0.0253472333608296 -0.0108088468874177 -5.62906233830068 63.1712972757269 565128.398525524
-0.3268 0.0256038944820644 -0.00745403113435906 -5.61859590370824 63.1619149354216 565260.975220489
-0.3269 -0.0281370872823116 0.0105201563502874 -5.62430982807578 63.1525325951163 565142.614647994
-0.327 0.00455106906352023 -0.0166851940431065 -5.62430135720187 63.1431502548109 565148.578833279
-0.3271 0.0105433841320705 0.000886743229033347 -5.60456445390149 63.1337679145056 565244.170433723
-0.3272 -0.00549927850466114 0.00441779821783446 -5.62265233341296 63.1243855742003 565137.52634446
-0.3273 0.00877407110227979 0.018133389407847 -5.62929591525239 63.115003233895 565238.019934528
-0.3274 -0.00545458229253641 -0.00651240289700356 -5.65861593029728 63.1056208935897 565100.497261716
-0.3275 0.00383727705197647 0.0266138846900338 -5.6334647577423 63.0962385532844 565195.263637889
-0.3276 0.00482862521638165 -0.0291579684390815 -5.6284241873572 63.086856212979 565114.272729785
-0.3277 0.00804455565970887 0.033332299473787 -5.63672776791631 63.0774738726737 565235.086953243
-0.3278 -0.019248807837933 -0.0357089130695033 -5.659840452638 63.0680915323684 565027.869208322
-0.3279 0.0125188343205951 0.0362779243319542 -5.6129815407008 63.0587091920631 565351.693260587
-0.328 -0.00906969482228978 -0.0434394032974127 -5.67710309250672 63.0493268517577 565040.862840073
-0.3281 0.0256814363451724 0.0424480209218632 -5.63608535852898 63.0399445114524 565292.682943383
-0.3282 -0.0480502838671881 -0.0273260087772933 -5.66951742202466 63.0305621711471 564962.20711542
-0.3283 0.0556997504183517 0.0290101356349275 -5.6236563094052 63.0211798308418 565329.012945231
-0.3284 -0.0615652147386291 -0.0213682241456677 -5.68884528537535 63.0117974905365 564932.663000075
-0.3285 0.0586282168029035 0.0401045142371829 -5.61843548098092 63.0024151502311 565392.995616156
-0.3286 -0.0711969527699071 -0.0678305035889144 -5.72353222957975 62.9930328099258 564765.624170106
-0.3287 0.0771739787203496 0.0662857311507952 -5.60108224969672 62.9836504696205 565513.108199037
-0.3288 -0.0635233425529038 -0.0708337467945542 -5.73170245287018 62.9742681293152 564817.480966759
-0.3289 0.0342095566775115 0.0955240488322274 -5.63377822428852 62.9648857890098 565428.684697443
-0.329 -0.0358077333346931 -0.107411797647855 -5.75631634707272 62.9555034487045 564733.299046666
-0.3291 0.0444725805975289 0.0898592116962997 -5.647002960797 62.9461211083992 565405.465889789
-0.3292 -0.0816671913955058 -0.0461194704924205 -5.75828991438377 62.9367387680939 564726.750836788
-0.3293 0.0704875465006504 0.0370139586682917 -5.66947254247362 62.9273564277886 565363.997783876
-0.3294 -0.0314808552383887 -0.0624239003892219 -5.72003483166294 62.9179740874832 564870.305541588
-0.3295 0.0260999450369789 0.0670947473080101 -5.66088659791315 62.9085917471779 565315.812389154
-0.3296 -0.0761906565585769 -0.0330193305836242 -5.7177920379734 62.8992094068726 564822.157196149
-0.3297 0.0706979513306808 0.0289023158585481 -5.65275221001577 62.8898270665673 565318.279226324
-0.3298 -0.0387740533219889 -0.0674320002796599 -5.72415994771263 62.880444726262 564859.645532781
-0.3299 0.0381009325009624 0.0615061785339067 -5.67705947899612 62.8710623859566 565298.184502237
-0.33 -0.0402469518605533 -0.0546670444525054 -5.72792409567919 62.8616800456513 564862.303754792
-0.3301 0.0281430452729408 0.0290629272526167 -5.66584562893627 62.852297705346 565243.469700725
-0.3302 -0.0199133963005647 -0.0289209579379202 -5.69912916692177 62.8429153650407 564967.587802298
-0.3303 0.00359544715774539 0.0314412518895394 -5.69030210879194 62.8335330247354 565132.626122357
-0.3304 0.000268585633065792 -0.0237167579370927 -5.71801642766444 62.82415068443 565013.082874842
-0.3305 0.0177583699275191 -0.00219596331181303 -5.68957613233251 62.8147683441247 565140.025246751
-0.3306 -0.022359937014954 0.0174475799849069 -5.66421563860381 62.8053860038194 565188.959562001
-0.3307 0.00369280855579695 -0.00582683108219978 -5.66026827338406 62.7960036635141 565204.267319264
-0.3308 0.00350170887788381 0.00407718790447909 -5.63340162466799 62.7866213232087 565240.667541442
-0.3309 0.0133656685999477 -0.0165892167428208 -5.6554002931103 62.7772389829034 565187.747336552
-0.331 0.00295458685925968 0.00923497717661333 -5.63931558275019 62.7678566425981 565207.735121795
-0.3311 -0.0184289269283611 0.00701062229607942 -5.66994710786218 62.7584743022928 565133.915996617
-0.3312 0.0264318959252754 -0.00261632273744572 -5.66106245784345 62.7490919619875 565196.436590414
-0.3313 -0.0199447689285582 -0.00414471782202678 -5.62488223350384 62.7397096216821 565174.043905956
-0.3314 0.00750010998045571 0.00911453261676426 -5.61774193222612 62.7303272813768 565298.578530988
-0.3315 0.011396913169422 -0.0254047092617629 -5.63314256328656 62.7209449410715 565205.017302747
-0.3316 -0.00409850691881165 0.000976884845211226 -5.64620907420407 62.7115626007662 565205.16590097
-0.3317 -0.00552272852754019 0.000991464610206674 -5.64132464422006 62.7021802604609 565211.856108525
-0.3318 -0.00735926959132542 -0.00720641514473577 -5.63860936647708 62.6927979201555 565198.540205443
-0.3319 0.00383391364568906 0.00269436834693924 -5.62368568966778 62.6834155798502 565278.022081211
-0.332 -0.00195219436514602 -0.0270029854923901 -5.65871485418798 62.6740332395449 565170.166421914
-0.3321 0.010727759420372 0.0410635431073458 -5.64612934023789 62.6646508992396 565337.558443727
-0.3322 -0.0196647117897966 -0.0251514127469968 -5.67197251650446 62.6552685589343 565074.120392886
-0.3323 0.0491168072693621 0.031620451747361 -5.62650797151082 62.6458862186289 565419.466421369
-0.3324 -0.05048008747885 -0.0275730685256725 -5.663364449347 62.6365038783236 565071.904975257
-0.3325 0.0422170045627335 0.0289828689873616 -5.60798203354577 62.6271215380183 565431.015430492
-0.3326 -0.0497134787104358 -0.0142680409664213 -5.68171782458549 62.617739197713 565054.505596242
-0.3327 0.0133578016015123 0.0310739653067593 -5.60634310918363 62.6083568574076 565321.423627182
-0.3328 -0.00581572531097508 -0.0405074140149945 -5.65774234843633 62.5989745171023 565066.505270534
-0.3329 0.0170239146223725 0.0364802424328968 -5.60440145425694 62.589592176797 565381.139830558
-0.333 -0.0218315369460142 -0.0160295305529859 -5.62253952309637 62.5802098364917 565207.63700007
-0.3331 0.0198376420528545 0.0182449912894592 -5.59557567294816 62.5708274961864 565388.451260382
-0.3332 -0.0351683904891681 -0.0103819494095612 -5.64490383571534 62.561445155881 565173.612471332
-0.3333 0.0542024141662519 0.0129365651082446 -5.6148024331111 62.5520628155757 565362.950963832
-0.3334 -0.0449429420276302 -0.0301203439262463 -5.6437074192375 62.5426804752704 565072.212936651
-0.3335 0.0288845306216077 0.018987804041042 -5.61825138068207 62.5332981349651 565359.636491685
-0.3336 -0.0325365420488432 -0.0142625972303934 -5.62158184219966 62.5239157946598 565183.404625281
-0.3337 0.0345758795586958 -0.00352157681166876 -5.57533705329034 62.5145334543544 565386.036192684
-0.3338 -0.0224208187224977 -0.0239958445866238 -5.61179830622949 62.5051511140491 565193.600908555
-0.3339 -0.0230351694161133 0.0402451560761615 -5.62218633247749 62.4957687737438 565271.906737534
-0.334 0.0210006530505264 -0.0261776674501036 -5.63236301789689 62.4863864334385 565212.20864427
-0.3341 0.00817569230865786 -0.0099786892319108 -5.62453591120397 62.4770040931331 565213.276438548
-0.3342 -0.0154069658614971 0.0250288071498361 -5.62053291451566 62.4676217528278 565234.432589492
-0.3343 -8.21748285668951e-05 -0.0327178728679643 -5.63114671863217 62.4582394125225 565185.740140112
-0.3344 0.0316087100450002 0.0124598534650642 -5.58746978331267 62.4488570722172 565388.723805048
-0.3345 -0.0475744039305513 -0.0207421390212998 -5.63085730972611 62.4394747319119 565133.301223888
-0.3346 0.0246293409516765 0.0456841241662449 -5.59469271354407 62.4300923916065 565438.970895594
-0.3347 -0.0173864874934679 -0.0625394026107176 -5.64902069993076 62.4207100513012 565031.896418369
-0.3348 0.0792186849730049 0.0406855907018598 -5.56918262990543 62.4113277109959 565526.887938947
-0.3349 -0.108448596993291 -0.0451191600244314 -5.65503561808116 62.4019453706906 564875.646996601
-0.335 0.0692357694858934 0.089544767669481 -5.50776664191769 62.3925630303853 565667.699324599
-0.3351 -0.0471691672814651 -0.0981363097656432 -5.63649181420125 62.3831806900799 564884.636071892
-0.3352 0.0462579941920812 0.0849801035768098 -5.53074973983441 62.3737983497746 565569.356409064
-0.3353 -0.0781737171631181 -0.0318969550103482 -5.62822536212017 62.3644160094693 565008.650363371
-0.3354 0.0780988767462566 0.0145609384910616 -5.53503952080325 62.355033669164 565507.791666834
-0.3355 -0.0415162313972579 -0.0529143899982437 -5.56891121118724 62.3456513288587 565170.46155021
-0.3356 0.017210921538732 0.0684648117317896 -5.53243503175099 62.3362689885533 565516.563253116
-0.3357 -0.0294915440321806 -0.0453014695577743 -5.60365354131646 62.326886648248 565046.721491424
-0.3358 0.0249193236516953 0.0189307905145893 -5.54645643936534 62.3175043079427 565374.978216844
-0.3359 -0.0134757170099845 0.000746922164322494 -5.56285063166805 62.3081219676374 565233.115515142
-0.336 0.0145078142174079 -0.00338762384312746 -5.54692212019801 62.298739627332 565332.575714149
-0.3361 -0.00178465630970671 -0.000382507902348263 -5.53842237301247 62.2893572870267 565389.305451876
-0.3362 0.00353140670323817 -0.00226986888817378 -5.52225425971337 62.2799749467214 565392.221406976
-0.3363 -0.00933295562509831 0.0181508469332389 -5.53584188052279 62.2705926064161 565351.550549629
-0.3364 0.0161685001507705 0.00843972397691189 -5.50233894514666 62.2612102661108 565378.234153293
-0.3365 -0.0195386318092579 -0.0165248095760091 -5.54005446450328 62.2518279258054 565265.568221969
-0.3366 0.0106968759958223 0.00666653436401642 -5.53154844569829 62.2424455855001 565348.014517006
-0.3367 0.0275726858666395 -0.0189644653959132 -5.51205431428531 62.2330632451948 565355.303223724
-0.3368 -0.0328683980329968 -0.00452043837470982 -5.52006055237143 62.2236809048895 565265.514876628
-0.3369 -0.00312296059227388 0.0783136981416225 -5.49056126820853 62.2142985645842 565474.872505132
-0.337 0.00124871857661732 -0.0877089706789322 -5.54559931650423 62.2049162242788 565139.079389628
-0.3371 0.0577388072498194 0.0321821190219875 -5.48215336955806 62.1955338839735 565566.961461177
-0.3372 -0.103912820519228 0.013010293034322 -5.53262727387706 62.1861515436682 565205.509503598
-0.3373 0.0812904153366013 0.0241463428432411 -5.46828520906568 62.1767692033629 565642.010873882
-0.3374 -0.0392684004198268 -0.0489811973245525 -5.54543758607249 62.1673868630576 565154.290741236
-0.3375 0.030217050585207 0.0537342488455193 -5.4715671706843 62.1580045227522 565575.860144694
-0.3376 -0.0603306222006844 -0.0250920051775658 -5.55891694679707 62.1486221824469 565142.437713766
-0.3377 0.0606840835148762 0.0280803989481553 -5.47229795161711 62.1392398421416 565583.992489272
-0.3378 -0.0359900282089046 -0.0425256550916681 -5.54085140388415 62.1298575018363 565098.290582102
-0.3379 0.028795335096641 0.0356295236419476 -5.46817869846381 62.1204751615309 565497.209761874
-0.338 -0.037240388173292 -0.0205126679622806 -5.51646092771252 62.1110928212256 565255.090624484
-0.3381 0.0223485777446526 0.0251963408245959 -5.5034050412086 62.1017104809203 565492.876892117
-0.3382 0.00136385303479377 -0.0388904000347222 -5.53451118983125 62.092328140615 565221.429244852
-0.3383 0.0307729853973747 0.0227513934557254 -5.49028577163177 62.0829458003097 565438.984849275
-0.3384 -0.0399734461533026 0.0142156999184908 -5.54204963027038 62.0735634600043 565236.89232041
-0.3385 0.0388261074403172 -0.0154816285592927 -5.51641916921234 62.064181119699 565370.332026906
-0.3386 -0.0151838441066305 -0.0244784479586052 -5.55841223261684 62.0547987793937 565140.339234694
-0.3387 -0.00106276434577836 0.044901351117175 -5.52863121474273 62.0454164390884 565420.687689187
-0.3388 -0.000284211491284346 -0.0409108423448464 -5.56405276598614 62.0360340987831 565230.921456857
-0.3389 0.0442907780193418 0.0180204889744843 -5.54577199303358 62.0266517584777 565510.218239786
-0.339 -0.0430066406100105 -0.0170141675132046 -5.58440444845857 62.0172694181724 565145.95180871
-0.3391 0.0110785084515157 0.0548119571652573 -5.54323078265491 62.0078870778671 565465.472490523
-0.3392 0.00719096837466049 -0.0615751161167655 -5.60633279572722 61.9985047375618 565101.306384816
-0.3393 0.00703548732177937 0.0422711678587461 -5.58088586438016 61.9891223972565 565301.548431561
-0.3394 -0.0314303499451366 0.00583842700756657 -5.60024027223719 61.9797400569511 565147.392477403
-0.3395 0.0429390560512057 -0.0411553295638529 -5.60714613065031 61.9703577166458 565207.644755365
-0.3396 -0.0332142177980214 0.0214320578980978 -5.61843315638055 61.9609753763405 565187.689574216
-0.3397 0.0327767883110025 -0.00959439041864662 -5.63573490853481 61.9515930360352 565216.378932751
-0.3398 -0.00603714820977207 -0.00666569550545852 -5.66007279078398 61.9422106957299 565095.42674155
-0.3399 -0.0132499480442588 0.0167025217828059 -5.66920359264105 61.9328283554245 565129.153923689
-0.34 0.0275379718486324 -0.0246789018946545 -5.67908775592073 61.9234460151192 565095.86277516
-0.3401 0.000465980414472275 -0.00258464826738733 -5.71421628747414 61.9140636748139 565035.363432073
-0.3402 -0.0126068110481232 0.00274426235945073 -5.72997222611679 61.9046813345086 564980.275427836
-0.3403 -0.00546780027574279 0.0177408497522621 -5.72136181932914 61.8952989942032 565077.407987217
-0.3404 -0.0086508972311346 -0.00397798167560399 -5.72559474005793 61.8859166538979 564968.530048339
-0.3405 0.000986423812171171 -0.0082818603299206 -5.74357919417149 61.8765343135926 565003.566694413
-0.3406 -0.0314483063407529 -0.0054537396957126 -5.73711756416247 61.8671519732873 565010.189033513
-0.3407 0.0231870301546461 0.00834542106466377 -5.71189398345738 61.857769632982 565125.452580872
-0.3408 -0.00746800273788563 -0.00304059296716485 -5.75010793233753 61.8483872926766 564953.325471824
-0.3409 -0.00240326494912339 0.0292632683278793 -5.75316688013927 61.8390049523713 565030.580010463
-0.341 -0.0214899958509606 -0.0215527168717232 -5.76821682508327 61.829622612066 564862.760889709
-0.3411 0.0273676081962879 0.0128602333824631 -5.74171928629456 61.8202402717607 565068.607298549
-0.3412 -0.0157722388492286 -0.0177950043237293 -5.78045274828175 61.8108579314554 564912.603919749
-0.3413 0.0150595996484725 0.0263719516358712 -5.7639475310695 61.80147559115 565061.790125635
-0.3414 -0.0344270378329263 -0.0232846488836497 -5.78903426746228 61.7920932508447 564853.847519329
-0.3415 0.0564776281724359 0.00862661424729235 -5.73981880621528 61.7827109105394 565115.119213054
-0.3416 -0.0511751024532966 -0.0265090214198292 -5.79164705629725 61.7733285702341 564788.411037039
-0.3417 0.0276737596916126 0.038675170221988 -5.74861630801057 61.7639462299287 565150.075989983
-0.3418 -0.0282926802566825 -0.0303211410089118 -5.79496610300203 61.7545638896234 564806.596335948
-0.3419 0.0514243022279431 0.0154710061528798 -5.74418706408179 61.7451815493181 565169.595209989
-0.342 -0.0506079309725886 -0.00556215826151577 -5.79597487371332 61.7357992090128 564817.862303107
-0.3421 0.0367729557803599 0.0453589516952209 -5.73416854408156 61.7264168687075 565192.321511605
-0.3422 -0.0323374031694339 -0.0655460987527502 -5.80809392138567 61.7170345284021 564742.738865856
-0.3423 0.0320833328219292 0.0510144678599503 -5.76055460102337 61.7076521880968 565114.330882178
-0.3424 -0.0312616139062477 -0.0447299243030178 -5.82621843517297 61.6982698477915 564717.655295987
-0.3425 0.0162524636201689 0.0481587901109535 -5.77501102480899 61.6888875074862 565036.126306831
-0.3426 -0.00284783178436219 -0.0586321234059128 -5.82216784920314 61.6795051671809 564736.031367906
-0.3427 0.0104285650412588 0.0519932425244717 -5.79140816063687 61.6701228268755 565076.072302828
-0.3428 -0.0294178071544547 -0.0422540207654627 -5.85221221578629 61.6607404865702 564771.676410369
-0.3429 0.0267480360831542 0.0176508033130503 -5.8046640389421 61.6513581462649 565068.187186577
-0.343 -0.0313030496033258 -0.0244783583937806 -5.85379097177183 61.6419758059596 564769.562023112
-0.3431 0.0219313510832738 0.0384131948311004 -5.81651209944558 61.6325934656542 565025.959057336
-0.3432 -0.0208370932962898 -0.0267115007601029 -5.84694656345065 61.6232111253489 564776.854812892
-0.3433 0.0308689724323926 0.0159959665667246 -5.80820561642234 61.6138287850436 565016.022413165
-0.3434 -0.00479397178472161 -0.025765639574588 -5.84433079117916 61.6044464447383 564826.926858388
-0.3435 0.00958564683616844 0.0132158550763667 -5.83292011679911 61.595064104433 564968.69963843
-0.3436 -0.00307098397770996 -0.00508455078895125 -5.88063851680266 61.5856817641276 564823.510573783
-0.3437 0.000565483910042278 0.0139503126978918 -5.84789944359554 61.5762994238223 564947.594357695
-0.3438 0.00354598169997617 -0.0275341447366353 -5.8478728239395 61.566917083517 564839.517492829
-0.3439 0.0386721304129399 0.0120151789065941 -5.79564659924528 61.5575347432117 565044.194537729
-0.344 -0.0337541756543777 -0.00795416128876612 -5.86213335737592 61.5481524029064 564783.435633281
-0.3441 0.00695669035637908 0.0142579945232695 -5.84047427264818 61.538770062601 564950.882270726
-0.3442 0.0234652912411418 -0.0395066253875662 -5.84446150576952 61.5293877222957 564894.666299032
-0.3443 -0.00174598010976947 0.0417553396743085 -5.83535819948104 61.5200053819904 564985.606891954
-0.3444 -0.0500072201417635 0.016343429008975 -5.84543723540567 61.5106230416851 564868.390995911
-0.3445 0.0597216458184997 -0.0405251475613867 -5.86029204619294 61.5012407013798 564943.51022464
-0.3446 0.00187075624774781 -0.0202846210559308 -5.897831762185 61.4918583610744 564775.188293419
-0.3447 -0.0330403381107003 0.0598080372301059 -5.87228037788064 61.4824760207691 564927.388736979
-0.3448 0.0046651622698362 -0.0292000510016201 -5.88451344542047 61.4730936804638 564794.72073927
-0.3449 0.00233693345061283 0.00244213407233619 -5.89681568562528 61.4637113401585 564821.324266151
-0.345 -0.00238821858068791 0.000711200520915548 -5.88032116065298 61.4543289998531 564868.664519528
-0.3451 0.0121090987915667 0.00294988849739034 -5.87863682508714 61.4449466595478 564954.884604059
-0.3452 -0.00131491157291401 -0.0194511358931864 -5.91414926256796 61.4355643192425 564807.657843034
-0.3453 0.0001988521708834 0.0189985059115733 -5.87988595138444 61.4261819789372 564935.970221875
-0.3454 -0.015764561162105 -0.0314766536071101 -5.90670258920706 61.4167996386319 564791.81138559
-0.3455 0.0172244611914972 0.0415463032733866 -5.84115223537564 61.4074172983265 565045.00976371
-0.3456 -0.00255377662305939 -0.0450428846567696 -5.88307802965229 61.3980349580212 564822.706622986
-0.3457 0.0225851205851407 0.0363445342414653 -5.84534489172421 61.3886526177159 565076.962515729
-0.3458 -0.0474034659012319 -0.0191823717141772 -5.90682576940176 61.3792702774106 564746.878597681
-0.3459 0.0248103333432657 0.0241358584218738 -5.8613925421687 61.3698879371053 565062.66557522
-0.346 0.00852301927292661 -0.0483980711771694 -5.90591598829021 61.3605055967999 564809.632455745
-0.3461 0.00509632474380688 0.0467247297956864 -5.88770154337986 61.3511232564946 565019.132585703
-0.3462 -0.0470285243833142 -0.0106448092377377 -5.94253982720907 61.3417409161893 564695.398526477
-0.3463 0.0704731962490592 0.0232972261422822 -5.88149580254753 61.332358575884 565095.173260186
-0.3464 -0.0392923192708832 -0.0421473835618259 -5.94101066058846 61.3229762355787 564683.066363344
-0.3465 0.0341439885672113 0.0769505967249236 -5.87491433242686 61.3135938952733 565139.189296122
-0.3466 -0.0358704868215672 -0.0663557384609111 -5.94643083747187 61.304211554968 564601.694406258
-0.3467 0.0697262229075336 0.0438487372137165 -5.83120834815446 61.2948292146627 565217.911404033
-0.3468 -0.0983970900215434 -0.0349450384592081 -5.90955167450702 61.2854468743574 564631.588135433
-0.3469 0.0748619692620873 0.0578800467340017 -5.82817888720428 61.2760645340521 565247.289476689
-0.347 -0.0430455048976512 -0.0863410604515896 -5.93552785264399 61.2666821937467 564626.384049653
-0.3471 0.0514319066373516 0.0844794453578642 -5.81400910415656 61.2572998534414 565291.920158411
-0.3472 -0.0728845418017713 -0.0498167721620087 -5.91301791088818 61.2479175131361 564663.333885672
-0.3473 0.0784344119297944 0.00493170075411592 -5.83137755594833 61.2385351728308 565125.817264575
-0.3474 -0.0481679535655741 -0.0295334506950565 -5.90444305707023 61.2291528325254 564725.306364649
-0.3475 -0.00559921056079511 0.0837331628401654 -5.81479079689143 61.2197704922201 565142.048867595
-0.3476 0.0280897400698739 -0.0854661800206332 -5.86006262615467 61.2103881519148 564856.005389845
-0.3477 0.00641136603212952 0.0200720891358377 -5.8499934979001 61.2010058116095 565088.613911318
-0.3478 -0.0254942830480652 0.0258878702692325 -5.87318605558295 61.1916234713042 564935.889272693
-0.3479 2.44810951991917e-05 -0.0216273826528231 -5.86062537209017 61.1822411309988 564942.731892585
-0.348 4.68661995060636e-05 0.0106435921230585 -5.85369203348688 61.1728587906935 564978.337730422
-0.3481 0.0173757219874422 -0.0220674517116472 -5.87090029029828 61.1634764503882 564934.341558203
-0.3482 -0.0102303263259198 -0.00283627244240843 -5.87907385940784 61.1540941100829 564875.988548313
-0.3483 -0.0329318190530877 0.0203285797603752 -5.87065338898869 61.1447117697776 564916.673297686
-0.3484 0.0259343540874244 -0.0102076232322685 -5.85634074998721 61.1353294294722 564926.700936811
-0.3485 -0.00165652166590406 -0.00726863348823973 -5.8711059525592 61.1259470891669 564880.589196017
-0.3486 0.00207704165126844 0.0226722087422685 -5.8404711556971 61.1165647488616 564952.988570944
-0.3487 -0.00783537408940775 -0.00522972959787831 -5.8725613908386 61.1071824085563 564847.423680327
-0.3488 0.0185420349813304 -0.0082278791398489 -5.87333269442311 61.0978000682509 564907.043352741
-0.3489 -0.0147876823033979 0.0276011725798936 -5.85737558271531 61.0884177279456 564952.273731025
-0.349 -0.0108908656329889 -0.00290435798291292 -5.86775249617364 61.0790353876403 564823.269845289
-0.3491 0.025216685571867 0.013817085359692 -5.83375876246105 61.069653047335 565001.432311479
-0.3492 -0.0163971491425763 -0.0344818718274556 -5.86050381310845 61.0602707070297 564784.473046757
-0.3493 0.0203404323478062 0.0330845441964223 -5.82451500653526 61.0508883667244 565042.338809103
-0.3494 -0.0528774118754295 0.00974789716810709 -5.85620841004153 61.041506026419 564802.286538855
-0.3495 0.0594850636151827 -0.0171793826276901 -5.83616147627933 61.0321236861137 564959.436888084
-0.3496 -0.0110939006687118 -0.0339477401754391 -5.86877286147821 61.0227413458084 564750.652834225
-0.3497 -0.0284090178591722 0.0522431517899987 -5.87161386325986 61.0133590055031 564858.78190351
-0.3498 0.00119147543298669 -0.0167621361818223 -5.89996333013197 61.0039766651977 564818.958337513
-0.3499 0.0227052689125873 -0.0351979931699474 -5.89527330367833 60.9945943248924 564830.163107782
-0.35 -0.0253702236563933 0.0397247301197378 -5.8822165350124 60.9852119845871 564874.410600273
-0.3501 -0.00395849434137827 -0.0200895178542861 -5.90477298790198 60.9758296442818 564755.717450572
-0.3502 0.0278275949796145 0.0108291202348432 -5.89198044039935 60.9664473039765 564862.469296715
-0.3503 -0.0237650119411203 -0.0134281071388954 -5.93517193026917 60.9570649636711 564673.833052979
-0.3504 0.0127439497124825 0.00635016367251463 -5.90736095243391 60.9476826233658 564837.04650223
-0.3505 -0.0213710296326013 0.00372087908996227 -5.93090381083745 60.9383002830605 564730.815810817
-0.3506 0.0112525740315751 0.012174286388702 -5.92162775919753 60.9289179427552 564832.02950362
-0.3507 -0.000314254526343177 -0.0199598746719576 -5.93567830411369 60.9195356024498 564732.746884732
-0.3508 -0.00109720308078195 0.0121352694142833 -5.91864509555379 60.9101532621445 564751.407899344
-0.3509 -0.0480959779227022 -0.0146745526007131 -5.96675636383538 60.9007709218392 564589.300337161
-0.351 0.0533699877802878 0.0108133560307682 -5.93349369985598 60.8913885815339 564865.399022345
-0.3511 -0.0567226638891384 -0.0333575938942821 -5.97417745185585 60.8820062412286 564535.730118946
-0.3512 0.0569477272071169 0.055469811473208 -5.91216243593847 60.8726239009232 564950.85791752
-0.3513 -0.0472285595388841 -0.0552422882295503 -5.99376696528781 60.8632415606179 564408.963930053
-0.3514 0.0474151122464065 0.0532476830177066 -5.90725449201654 60.8538592203126 564942.07366737
-0.3515 -0.0372579269096599 -0.0484476096952457 -5.97345561646742 60.8444768800073 564499.467128046
-0.3516 0.0297088104064467 0.0346491835416663 -5.91028648647946 60.835094539702 564856.497579558
-0.3517 -0.045923990808185 -0.0250132406026953 -5.9491256624468 60.8257121993966 564539.874208094
-0.3518 0.0344181085316767 0.0262392180622149 -5.92090140199331 60.8163298590913 564831.879573876
-0.3519 -0.0308772638550796 -0.0455881688499376 -5.96505389161876 60.806947518786 564511.936406389
-0.352 0.0372576780726854 0.0108168267341558 -5.90237617516567 60.7975651784807 564891.599850815
-0.3521 -0.0169365525842296 0.00738477591902213 -5.93671100560706 60.7881828381754 564728.589440121
-0.3522 0.00623554898442122 -0.00304739557809253 -5.9248210389879 60.77880049787 564761.400541267
-0.3523 -0.0207848695898993 -0.0204469426389161 -5.94524135695162 60.7694181575647 564596.859596151
-0.3524 0.0182210189296036 0.0190040302731416 -5.94993315640073 60.7600358172594 564731.470606243
-0.3525 0.00880351601758977 -0.0104829299453934 -5.93523615247871 60.7506534769541 564672.726558253
-0.3526 -0.0107900251203409 0.0218670696748882 -5.92168587699254 60.7412711366487 564726.088555883
-0.3527 -0.0167959934691207 0.00894160394225018 -5.93719079121875 60.7318887963434 564618.541146803
-0.3528 0.0223249661082979 -0.00674971920408142 -5.91716796158449 60.7225064560381 564701.753323933
-0.3529 -0.0343413716594356 0.0121361291141923 -5.93859441978001 60.7131241157328 564565.28367483
-0.353 0.0193655004998332 0.0136238836518924 -5.90865688421315 60.7037417754275 564771.421051853
-0.3531 0.00936777987456667 -0.0256469332559003 -5.91189372809089 60.6943594351221 564694.656288789
-0.3532 -0.00147824246768139 0.00401149291497564 -5.93161658984023 60.6849770948168 564716.635840409
-0.3533 -0.0355363122262271 0.0105276641362648 -5.94834501090127 60.6755947545115 564594.920567235
-0.3534 0.0435922945821707 -0.0048751974864894 -5.91994530120047 60.6662124142062 564730.870490872
-0.3535 -0.00769246532230843 -0.0378198288260714 -5.94789359256306 60.6568300739009 564550.123814257
-0.3536 0.014171216312785 0.0502713873370391 -5.91463413334131 60.6474477335955 564814.725978475
-0.3537 -0.031660281486913 -0.0214730205445806 -5.95641274451503 60.6380653932902 564496.594310155
-0.3538 0.0103489086185128 0.0148466710543017 -5.91535682450292 60.6286830529849 564716.750725304
-0.3539 -0.00689934642401387 -0.0256099789693308 -5.94895407003971 60.6193007126796 564546.070271854
-0.354 -0.00205636919090499 0.0216061875538204 -5.95346418910071 60.6099183723743 564672.204009693
-0.3541 -0.000871522330687134 -0.0162336850063045 -5.95739582828267 60.6005360320689 564641.138071231
-0.3542 0.00847984677452903 0.0169771694921986 -5.95022713453522 60.5911536917636 564705.096373276
-0.3543 -0.0247396971630417 -0.018965241060768 -5.99963720272113 60.5817713514583 564494.017515344
-0.3544 0.0213527183027902 0.0103146825925397 -5.95974544150827 60.572389011153 564707.357229126
-0.3545 -0.0102107625393091 -0.0246666418837649 -5.98690237413135 60.5630066708477 564545.188395196
-0.3546 0.022206339382158 0.025618683511718 -5.97529554348555 60.5536243305423 564671.63690265
-0.3547 -0.0359645305808476 0.000385444712127776 -5.99446450462124 60.544241990237 564499.664592002
-0.3548 0.0365857520326729 -0.0123488634686162 -6.00287890422663 60.5348596499317 564577.581579239
-0.3549 -0.0069395814104571 -0.0217859755066586 -6.00977801188471 60.5254773096264 564463.239262092
-0.355 -0.015799602489407 0.07642928008985 -6.00125425407892 60.516094969321 564665.289509235
-0.3551 0.000294076012055942 -0.0426358210531203 -6.05325725785788 60.5067126290157 564395.985797185
-0.3552 0.0692488676176767 -0.00799057361188856 -5.99928263556241 60.4973302887104 564715.830918667
-0.3553 -0.0493667858571203 -0.0230427036864066 -6.02629407499788 60.4879479484051 564459.194257225
-0.3554 -0.0024432233762927 0.0656728136139425 -5.98049496267705 60.4785656080998 564722.554924762
-0.3555 0.0239872921269318 -0.0658968305461026 -6.03948639349109 60.4691832677944 564422.579412951
-0.3556 0.00218623957259272 0.0325608525560779 -6.01416350831432 60.4598009274891 564569.972210387
-0.3557 -0.0290525859818246 -0.00933580667273564 -6.06135690609566 60.4504185871838 564379.721791707
-0.3558 0.0265533727269485 -0.00655096256747491 -6.03612183617388 60.4410362468785 564558.443097302
-0.3559 0.00579293673343184 0.00609441772553869 -6.04544547296597 60.4316539065731 564501.227204259
-0.356 -0.0111089397949557 0.0102370366135148 -6.08357425519937 60.4222715662678 564415.820736749
-0.3561 -0.00170054775252317 -0.0116698199512111 -6.08440772450757 60.4128892259625 564416.712672485
-0.3562 0.00620868386961816 0.0137996606984422 -6.07422355531296 60.4035068856572 564492.820952128
-0.3563 -0.0264443010722387 -0.00974476150385818 -6.07257910820653 60.3941245453519 564389.108412242
-0.3564 0.029722276792699 -0.0102249588119377 -6.07514429140932 60.3847422050465 564457.530344357
-0.3565 0.00902951823250345 -0.0052548901788702 -6.12634648370707 60.3753598647412 564357.938427235
-0.3566 -0.0201015054883311 0.0454823460369382 -6.12762729452471 60.3659775244359 564422.603137656
-0.3567 0.0081739587701949 -0.0230106733158829 -6.13748642523641 60.3565951841306 564303.034738933
-0.3568 0.0357500829382334 -0.0445812536850923 -6.13924970202884 60.3472128438253 564307.573757534
-0.3569 -0.00993981787282114 0.0415638110429528 -6.12031425599793 60.3378305035199 564398.737435416
-0.357 -0.0296986895421518 0.0207804348461743 -6.14489851827669 60.3284481632146 564300.702097818
-0.3571 0.0582242091492465 -0.0494212516495794 -6.14442490116917 60.3190658229093 564345.585813194
-0.3572 -0.0168286006100655 0.0027706990033398 -6.17274613623788 60.309683482604 564225.611424572
-0.3573 -0.0407031340137075 0.0485524064686923 -6.15132012408423 60.3003011422987 564254.225067367
-0.3574 0.0491323736801414 -0.0564966845403299 -6.1728495253521 60.2909188019933 564222.666105992
-0.3575 0.00954909510797367 -0.0148689775289363 -6.16203105694579 60.281536461688 564250.859571817
-0.3576 -0.034681308928295 0.0505347861650844 -6.18140256403485 60.2721541213827 564327.388762673
-0.3577 0.00867636769149402 -0.022884969888935 -6.1770792081998 60.2627717810774 564250.262611854
-0.3578 0.0174461876139702 -0.0112261028096122 -6.17563970630477 60.253389440772 564292.950474688
-0.3579 -0.0323431405881815 0.016532113646155 -6.18619919844422 60.2440071004667 564259.768983193
-0.358 0.00415090045909856 -0.00843264750628237 -6.16779970624414 60.2346247601614 564294.754829082
-0.3581 0.0152433123423977 -0.00178617172462589 -6.16575569659967 60.2252424198561 564291.781224677
-0.3582 -0.00908789226336292 -0.0148781096025599 -6.19906583509339 60.2158600795508 564184.893193354
-0.3583 0.0105440503552294 0.0291717647130041 -6.1640503755266 60.2064777392454 564349.849183218
-0.3584 -0.0178140982897825 -0.0305134095501622 -6.21637372405633 60.1970953989401 564115.980770423
-0.3585 0.0403832779776833 0.0226708327396704 -6.18672633678752 60.1877130586348 564370.112928829
-0.3586 -0.0347970604248533 -0.00199380189626518 -6.24128400633689 60.1783307183295 564137.724528482
-0.3587 0.0149524218090503 -0.013078891581817 -6.22023391454779 60.1689483780242 564259.239077953
-0.3588 -0.0074262525033368 -0.00539625992012254 -6.23043754655497 60.1595660377188 564191.507282654
-0.3589 0.00450879360885216 0.0093800141529923 -6.25787300754377 60.1501836974135 564146.820132055
-0.359 -0.0109826650522696 -0.020625724809236 -6.25811777560398 60.1408013571082 564105.611076856
-0.3591 0.0250148782865874 0.00816129992263342 -6.2434662070723 60.1314190168029 564230.825487758
-0.3592 -0.0228195160959043 -0.00918057468132049 -6.27282841091773 60.1220366764976 564031.513210481
-0.3593 -0.0174968756498703 0.0150728555103609 -6.26816626700693 60.1126543361922 564117.847621262
-0.3594 -0.00172693664808915 -0.0292303756037241 -6.30017920946377 60.1032719958869 564017.538035801
-0.3595 0.00473807289176267 0.00664381992923857 -6.27275362520909 60.0938896555816 564166.1021202
-0.3596 -0.0224204864366016 -0.00344936874420069 -6.30743925196664 60.0845073152763 564012.289828802
-0.3597 0.0243899062287567 0.0147315664524599 -6.32630873464156 60.0751249749709 564088.371755095
-0.3598 -0.00149133809439888 -0.0288242401401225 -6.35127609051729 60.0657426346656 563965.384944803
-0.3599 0.0185118080759294 0.0278240239691691 -6.34232417565484 60.0563602943603 564091.879866778
-0.36 -0.0239559694513422 -0.00791615310530138 -6.34545489322057 60.046977954055 564015.362594991
-0.3601 0.0207428458838669 -0.00187618636488628 -6.34002692685169 60.0375956137497 564124.666138011
-0.3602 -0.0187100501764669 -0.00347472332770519 -6.37884531606408 60.0282132734443 563983.372459194
-0.3603 0.00740452503275291 -0.0203954702206524 -6.3889744921854 60.018830933139 563980.934818975
-0.3604 -0.00950445146572769 0.0258663460433011 -6.40074002658696 60.0094485928337 563971.776893255
-0.3605 -0.023532716999346 0.000163423510426265 -6.41138032115229 60.0000662525284 563926.103957903
-0.3606 0.0514018214275619 -0.021964365072114 -6.39332997505274 59.9906839122231 564049.136512305
-0.3607 -0.0455980449013884 0.0238988221574411 -6.41638590847578 59.9813015719177 563906.528387449
-0.3608 0.0278605096912386 0.0076697972404932 -6.39990821637259 59.9719192316124 564064.92713708
-0.3609 -0.00273564706436945 -0.0152013248128229 -6.4188378554227 59.9625368913071 563959.520655378
-0.361 -0.0149761482357745 0.030807932874124 -6.41430644003763 59.9531545510018 564013.170586643
-0.3611 -0.00298226184498068 -0.00826863220426166 -6.44377487293113 59.9437722106965 563904.663028837
-0.3612 0.0288549136856154 -0.0266888245917855 -6.44748407465712 59.9343898703911 563909.098108572
-0.3613 -0.0170551338430217 0.0242011161323061 -6.43004726391566 59.9250075300858 563975.112789946
-0.3614 -0.0258570219254357 0.00238677347386112 -6.47293404036008 59.9156251897805 563832.167300045
-0.3615 0.0440675504514133 -0.00677142808353235 -6.42990169792056 59.9062428494752 564062.19429898
-0.3616 -0.0229243600489794 -0.0264608222718248 -6.48985178485473 59.8968605091699 563835.17176976
-0.3617 -0.0188765924379373 0.061174363169961 -6.4456357876621 59.8874781688645 564079.370814382
-0.3618 -0.018484795053002 -0.039988972901954 -6.50347846957496 59.8780958285592 563794.722934108
-0.3619 0.0698536682648941 -0.00915041949604116 -6.46203219982454 59.8687134882539 564054.786863641
-0.362 -0.0726217935347378 0.0192908670639891 -6.50023850042733 59.8593311479486 563835.604509105
-0.3621 0.020054058009878 0.0487782631831011 -6.46689892838889 59.8499488076432 564158.613390031
-0.3622 0.00633016158315903 -0.0741051651654098 -6.54474161765481 59.8405664673379 563735.107369924
-0.3623 0.0333316651891769 0.0344537778886221 -6.49541469508037 59.8311841270326 564042.046110481
-0.3624 -0.0290072306189754 0.00809584733511102 -6.51533118740681 59.8218017867273 563848.730694726
-0.3625 0.018496134255323 -0.0111522717326233 -6.49793676997452 59.812419446422 563954.869868421
-0.3626 0.0156690493449642 -0.0455132310573864 -6.52975026046582 59.8030371061166 563810.901845993
-0.3627 0.00526778130047279 0.0278760150608513 -6.51089804286525 59.7936547658113 563920.601062319
-0.3628 -0.0504766272683761 0.02036668538042 -6.54563598393316 59.784272425506 563730.697648983
-0.3629 0.0579240434999144 -0.0300291061876746 -6.52609548741021 59.7748900852007 563927.352132246
-0.363 -0.0182072569213768 0.00332831974041869 -6.56249548434987 59.7655077448954 563833.893384994
-0.3631 -0.0240822419739611 0.0269518968559528 -6.53916369038834 59.75612540459 563899.436053047
-0.3632 0.0477440940698191 -0.0442434758680769 -6.54884457517968 59.7467430642847 563889.646617595
-0.3633 -0.000109296604467092 0.0325832819894359 -6.57745334413376 59.7373607239794 563881.479272555
-0.3634 -0.032791499567531 -0.00393619268734314 -6.60901649086723 59.7279783836741 563747.004898809
-0.3635 0.0346861290103743 0.00223882776397366 -6.57564111383141 59.7185960433687 563918.072187907
-0.3636 -0.0317464159992591 -0.0293623810138984 -6.60874902743857 59.7092137030634 563742.229282562
-0.3637 0.0291636800570113 0.0466763526177018 -6.58067649786768 59.6998313627581 564033.907601691
-0.3638 -0.0186101356160135 -0.0239476020142087 -6.60100717403584 59.6904490224528 563780.954884687
-0.3639 0.0155788599169308 -0.00610522294183947 -6.59881784297322 59.6810666821475 563863.359978503
-0.364 -0.00900920638348811 0.00280032670212507 -6.5903425512862 59.6716843418422 563893.478358919
-0.3641 -0.0138642245405331 0.00856808046421377 -6.56683582272585 59.6623020015368 563904.128337995
-0.3642 0.0344231611463572 -0.0073638595208939 -6.57386494727572 59.6529196612315 564013.590921156
-0.3643 -0.0125563848755128 0.00220950067062259 -6.59087202439045 59.6435373209262 563873.607589151
-0.3644 -0.00618768669315766 0.00470978937785155 -6.58071946735515 59.6341549806209 563939.741718597
-0.3645 0.0178534159906314 -0.00854373700393509 -6.58525150862958 59.6247726403155 563912.653087427
-0.3646 -0.00384675132373882 -0.00461397603918517 -6.57350790172026 59.6153903000102 563894.516397064
-0.3647 0.00437050794306014 -0.00532141301926752 -6.5749393327615 59.6060079597049 563901.676088006
-0.3648 -0.0174118840113421 0.00537025349146047 -6.57253387921514 59.5966256193996 563922.439805522
-0.3649 -0.00507488673890542 -0.000773591405815751 -6.569531415434 59.5872432790943 563934.217058135
-0.365 -0.000590179306501427 -0.00512007615042962 -6.60060804131649 59.5778609387889 563867.254011471
-0.3651 0.00564158554536821 -0.000957108015259812 -6.54553429570838 59.5684785984836 563954.404307572
-0.3652 0.0153124732276739 -0.0129023127274777 -6.55759122497645 59.5590962581783 563948.585137202
-0.3653 -0.0172820861443651 0.00686430272542721 -6.55697356184303 59.549713917873 563977.280783875
-0.3654 0.012052059054214 -0.00241224869092245 -6.51583522152063 59.5403315775676 564030.486712695
-0.3655 -0.0134106545461634 0.00797932710148954 -6.54140973314295 59.5309492372623 563956.625588717
-0.3656 -0.0162308366190953 0.00187818739449048 -6.53336114404024 59.521566896957 563939.895891112
-0.3657 0.0314548051827367 -0.007955844240504 -6.51584344759264 59.5121845566517 564098.079490345
-0.3658 -0.0366531295948779 0.0148856643407596 -6.53979087051389 59.5028022163464 563944.134299655
-0.3659 -0.0166474644303206 0.00818353146162594 -6.53154495306476 59.493419876041 564011.825105852
-0.366 0.045876106387357 -0.024099841596438 -6.49324095031806 59.4840375357357 564068.432731206
-0.3661 -0.0429186739873634 0.0282539287958928 -6.52405495866553 59.4746551954304 563961.527885513
-0.3662 -0.0041483555915092 0.00947193486790793 -6.49856329934819 59.4652728551251 564109.820772701
-0.3663 0.0224755642283493 -0.0266620340787178 -6.4958457245601 59.4558905148198 564080.72324768
-0.3664 -0.000794863752286189 0.0136215700961861 -6.46611112350817 59.4465081745144 564161.559456481
-0.3665 -0.0411896924072623 0.00154980955531706 -6.49653304314938 59.4371258342091 564001.985219777
-0.3666 0.0543747143523665 0.010721864523808 -6.44461790901441 59.4277434939038 564282.72042256
-0.3667 -0.0370862022831068 -0.0653289287107899 -6.4845877404206 59.4183611535985 563908.322933573
-0.3668 0.0246463120004804 0.0626915142515918 -6.39745490356835 59.4089788132932 564352.873942094
-0.3669 -0.0542817607383143 -0.0573088057647368 -6.49322191700571 59.3995964729878 563800.969324908
-0.367 0.0773047499881272 0.0403423911746513 -6.40613580685474 59.3902141326825 564371.729418223
-0.3671 -0.0527238163192902 -0.0411959405091154 -6.48162705726746 59.3808317923772 563906.864207139
-0.3672 0.0240741787007817 0.0381066135080166 -6.42568330685148 59.3714494520719 564316.240482959
-0.3673 -0.0414338750395815 -0.0359197093952447 -6.45349926571574 59.3620671117665 564029.011253648
-0.3674 0.0614768050876096 0.0264544470661104 -6.40113450634275 59.3526847714612 564404.110191728
-0.3675 -0.0471722737913459 -0.0216067371870547 -6.4442909314751 59.3433024311559 563990.236949634
-0.3676 0.0381516201972672 0.0292309745552841 -6.39093315935731 59.3339200908506 564364.358707057
-0.3677 -0.0141812871348309 -0.0285491198024622 -6.43813135279194 59.3245377505453 564064.379293754
-0.3678 0.00868826541290882 0.0350057569983181 -6.40471907801627 59.3151554102399 564312.022961575
-0.3679 -0.0226648129923573 -0.0190634532663215 -6.4512134167291 59.3057730699346 564069.71477715
-0.368 0.0241420244830687 0.0203898893048608 -6.42098036342079 59.2963907296293 564324.569096152
-0.3681 -0.0350882193087043 -0.00843631295245693 -6.46349601255409 59.287008389324 564106.466270594
-0.3682 0.0362092250180961 0.0227641300277991 -6.4039639506336 59.2776260490187 564341.059903716
-0.3683 -0.0292842934447882 -0.0240714733186089 -6.44075770630109 59.2682437087133 564082.678750623
-0.3684 0.0298639418620687 0.0352950869462149 -6.41653817616684 59.258861368408 564323.057135019
-0.3685 -0.0326489156100251 -0.0282442927549066 -6.45292850807594 59.2494790281027 564040.330223066
-0.3686 0.0452069743569541 0.00242692689945083 -6.40766875129518 59.2400966877974 564339.947921671
-0.3687 -0.052648128280452 0.0106203780383948 -6.44886723396647 59.2307143474921 564119.85527416
-0.3688 0.0298617468128125 -0.0137748575773464 -6.41085039560042 59.2213320071867 564282.363249739
-0.3689 0.00553867787257027 0.00118595541122033 -6.42284699783693 59.2119496668814 564239.48180954
-0.369 -0.0137481067295646 0.0204835132389115 -6.42080466095597 59.2025673265761 564229.49354726
-0.3691 -0.0103214607586488 0.00350972637045493 -6.41706328301927 59.1931849862708 564162.138726292
-0.3692 0.0414975768344135 -0.0367358913853093 -6.3964488271997 59.1838026459654 564188.296172578
-0.3693 -0.00462328596967993 0.0119632741716078 -6.39429243206894 59.1744203056601 564232.670703348
-0.3694 -0.031589331854902 0.0417966288160872 -6.39240259565177 59.1650379653548 564223.549640735
-0.3695 0.0237027940586681 -0.0498184878032105 -6.3777447070546 59.1556556250495 564198.905187586
-0.3696 0.00072933551274991 0.0136248074056212 -6.31847483071999 59.1462732847442 564341.34901388
-0.3697 -0.0401608479362978 0.0229266769278251 -6.29839947660011 59.1368909444388 564329.732678378
-0.3698 0.0228879339899345 -0.0298881761691726 -6.30815438983771 59.1275086041335 564378.879692433
-0.3699 0.00263024987782537 0.0116871471485661 -6.29261962749701 59.1181262638282 564431.825874328
-0.37 -0.0303039918214508 0.0201008033424346 -6.28822630734774 59.1087439235229 564340.295745819
-0.3701 0.012050917966533 -0.0147067737098381 -6.25918009729353 59.0993615832176 564408.301159966
-0.3702 -0.0105922293609569 -0.00885776797141647 -6.20589052912142 59.0899792429122 564449.701470433
-0.3703 0.0226054830604945 -0.00597343823526665 -6.1912120525817 59.0805969026069 564493.676680093
-0.3704 -0.0217103811496681 0.017164168194438 -6.16191297418766 59.0712145623016 564519.366740568
-0.3705 0.00313107632645277 0.00892918500524752 -6.15315460608428 59.0618322219963 564545.00564754
-0.3706 0.0225540190472883 -0.0300531152531077 -6.13998218128141 59.0524498816909 564517.192977666
-0.3707 -0.0201415895835118 0.0161010699397835 -6.10876422449114 59.0430675413856 564596.583478567
-0.3708 0.00215385826360656 0.0105786261348019 -6.09367738063056 59.0336852010803 564610.567688744
-0.3709 0.0236003135674907 -0.0143730132056655 -6.09129463268018 59.024302860775 564645.365608746
-0.371 -0.0108256812979807 0.000802678608232104 -6.06078223506645 59.0149205204697 564601.240562384
-0.3711 -0.00805588365377707 0.0211816738835835 -6.04260963704298 59.0055381801644 564694.381611899
-0.3712 0.0342552099783911 -0.0266947144743023 -6.06505901586508 58.996155839859 564639.394633128
-0.3713 -0.00412435237567378 -0.0121735561883781 -6.0404675512499 58.9867734995537 564656.485412827
-0.3714 -0.0278736097588946 0.0363402248826976 -6.0129753135177 58.9773911592484 564701.914166302
-0.3715 0.0259076301364699 -0.0325302078215129 -5.98205707184282 58.9680088189431 564695.212171344
-0.3716 0.0132034517082648 -0.0259460686981198 -5.96533818242015 58.9586264786377 564752.614394756
-0.3717 -0.0281541778084278 0.0524842157207005 -5.93402012083957 58.9492441383324 564884.254477849
-0.3718 -0.000412994953877504 -0.0460653881434631 -5.96861172665497 58.9398617980271 564682.754116916
-0.3719 0.0451522015890941 0.0155842437437516 -5.92226599662458 58.9304794577218 564882.027356097
-0.372 -0.0365622210749451 -0.0157493855100887 -5.95839503764817 58.9210971174165 564635.380079623
-0.3721 0.0170379732227701 0.0331118323552636 -5.9033128000015 58.9117147771111 564927.299142621
-0.3722 -0.0290384782587693 -0.0231877047871823 -5.91168529645533 58.9023324368058 564760.084321918
-0.3723 0.040963495123501 0.00906134888591347 -5.89433627078666 58.8929500965005 564929.523512635
-0.3724 -0.0616850159543497 -0.00874181853423935 -5.91955187702219 58.8835677561952 564649.029310071
-0.3725 0.0684603406866974 0.0157077403124251 -5.83632671721636 58.8741854158898 565064.072470762
-0.3726 -0.0525814370503901 -0.0410029981458922 -5.92273441593361 58.8648030755845 564615.598142674
-0.3727 0.0476695707123626 0.0710845645879192 -5.85527820844772 58.8554207352792 565108.504471045
-0.3728 -0.0716697886289374 -0.0821263198734678 -5.92071109649582 58.8460383949739 564474.879010328
-0.3729 0.090439656306649 0.0816213696792245 -5.81119545025422 58.8366560546686 565208.577480657
-0.373 -0.0977748163625919 -0.0581833350712607 -5.90314528878303 58.8272737143632 564539.24382043
-0.3731 0.0974685673780034 0.0518425944159641 -5.79043609701019 58.8178913740579 565279.658894595
-0.3732 -0.0803434952012062 -0.0729566530854366 -5.910917307073 58.8085090337526 564505.173853614
-0.3733 0.0696538592416449 0.0930464840654122 -5.74321374258853 58.7991266934473 565311.42866702
-0.3734 -0.0838767171217392 -0.0850445436927412 -5.87963750809436 58.789744353142 564518.767636257
-0.3735 0.0785652962824808 0.036157292928157 -5.75688946148009 58.7803620128366 565225.775707719
-0.3736 -0.0556889887727074 -0.0364714824233531 -5.838084943079 58.7709796725313 564656.290800877
-0.3737 0.031528153461742 0.0459560698081755 -5.79282769973537 58.761597332226 565049.173162035
-0.3738 -0.0257397406477875 -0.0318296044508411 -5.8171942278019 58.7522149919207 564790.066446926
-0.3739 0.0323623141249839 0.0193542657849004 -5.74745944182418 58.7428326516154 565079.855787146
-0.374 -0.0396858865722254 -0.0178177914586407 -5.82388482324204 58.73345031131 564731.644470746
-0.3741 0.0160700857584063 0.0112901135173862 -5.79222577665682 58.7240679710047 564972.232340241
-0.3742 0.00414814805895733 -0.021765336724101 -5.82978657690653 58.7146856306994 564828.339399347
-0.3743 -0.00116470844145969 0.0297265797564734 -5.80703670460574 58.7053032903941 564963.502478428
-0.3744 -0.017972520572413 -0.00102177983515894 -5.82748541524083 58.6959209500887 564829.782570085
-0.3745 0.0227684372818142 0.00684976748497325 -5.82481564983706 58.6865386097834 564941.192228364
-0.3746 -0.00149056346504521 -0.0272575144462821 -5.82462079343775 58.6771562694781 564827.383776585
-0.3747 0.0218251050754978 0.0254643961893902 -5.78978995178431 58.6677739291728 564973.41810685
-0.3748 -0.0460108162344541 -0.023201291145409 -5.84113717663927 58.6583915888675 564702.924073546
-0.3749 0.0467182132389862 0.0191745065468815 -5.79506398021851 58.6490092485621 565024.286725323
-0.375 -0.0378697017945431 -0.029513414470553 -5.86227102222165 58.6396269082568 564660.510566151
-0.3751 0.0472751953062543 0.0486340077381994 -5.81367395094213 58.6302445679515 565030.031444776
-0.3752 -0.057474488012896 -0.0545974891045894 -5.86134609454296 58.6208622276462 564624.999415057
-0.3753 0.0505885382822956 0.0496938478640562 -5.81291794642223 58.6114798873409 565112.211607922
-0.3754 -0.0260543355028838 -0.0758939435471706 -5.86029203186461 58.6020975470355 564662.583035278
-0.3755 0.0443723075138285 0.0827717871641985 -5.78498066951433 58.5927152067302 565204.882981711
-0.3756 -0.0603550218860102 -0.0340208717447 -5.85301615005634 58.5833328664249 564666.602632131
-0.3757 0.0513184917879089 0.0413156139374386 -5.79341250266079 58.5739505261196 565085.903803964
-0.3758 -0.0223578622374436 -0.0706442063165234 -5.84789992998932 58.5645681858143 564680.434825688
-0.3759 0.010300166887852 0.0822518174574182 -5.76555957812946 58.5551858455089 565153.293507927
-0.376 -0.0401430785719161 -0.0561271785233845 -5.85773217390816 58.5458035052036 564622.85319682
-0.3761 0.0412024475288831 0.0485833815802281 -5.78922329248328 58.5364211648983 565090.104406441
-0.3762 -0.0462043722763651 -0.0502931498465943 -5.83791475683134 58.527038824593 564716.551375827
-0.3763 0.0226885556761417 0.0405970810670158 -5.76814434342279 58.5176564842877 565140.952711826
-0.3764 -0.0305202203251261 -0.0241401245540839 -5.8379150559161 58.5082741439823 564785.722380038
-0.3765 0.0392108821323653 0.0255909877072441 -5.79082809974741 58.498891803677 565077.043270313
-0.3766 -0.0333177085456393 -0.0287105501850463 -5.8362776189016 58.4895094633717 564774.737193744
-0.3767 0.0266568660839707 0.0448973149974044 -5.78481071061781 58.4801271230664 565088.994118244
-0.3768 -0.029128275519649 -0.0398490172826309 -5.83895375295732 58.470744782761 564792.555100843
-0.3769 0.0495669432412565 0.00336924443274944 -5.78860175395544 58.4613624424557 565114.380332948
-0.377 -0.0429469709601913 0.0124923608584508 -5.82984754341317 58.4519801021504 564889.721417344
-0.3771 0.0110974019556153 -0.00120071180835516 -5.80370037823962 58.4425977618451 565019.39671455
-0.3772 -0.00468307151791132 -0.00356810124903741 -5.81854170575494 58.4332154215398 564936.549856438
-0.3773 0.02304603660973 -0.0108912903246402 -5.81526853690966 58.4238330812344 564979.227103278
-0.3774 -0.0259691884238042 0.0229131711834586 -5.80157835558444 58.4144507409291 564972.31253963
-0.3775 -0.0132807566836431 0.00232118206839941 -5.83182951928944 58.4050684006238 564894.378267498
-0.3776 0.0269070609332912 -0.00385198444230094 -5.85279070420668 58.3956860603185 564927.488829259
-0.3777 -0.0196482181589081 -0.00107333872699047 -5.86367308976012 58.3863037200132 564872.245095462
-0.3778 0.00867074221288134 -0.00476624808915162 -5.84616856572573 58.3769213797078 564965.062711764
-0.3779 0.0100070013947122 -0.0168669649104097 -5.85008605550737 58.3675390394025 564895.287242498
-0.378 0.00321965305261761 -0.00894738118136972 -5.85632892881331 58.3581566990972 564856.169745819
-0.3781 0.00140191087551389 0.0259053315181441 -5.82613346389637 58.3487743587919 564973.394379206
-0.3782 -0.0184903163682485 0.0100568998108616 -5.82066620716087 58.3393920184865 564899.685398518
-0.3783 0.0270881714018201 -0.0159935246041139 -5.82214794826255 58.3300096781812 564930.541690342
-0.3784 -0.00293718951996941 0.0100419172698173 -5.83315870891128 58.3206273378759 564905.258980196
-0.3785 0.00530951951629023 -0.0189131438533081 -5.872829180156 58.3112449975706 564805.599304605
-0.3786 -0.00535433007365375 0.0276343119918142 -5.83716906480769 58.3018626572653 564938.698074746
-0.3787 -0.024847414263395 -0.00227750776454194 -5.85474620963791 58.29248031696 564799.034875331
-0.3788 0.0343787371021654 -0.0124392842760694 -5.85202787317407 58.2830979766546 564933.438330702
-0.3789 -0.0149174019579741 -0.0215423483334312 -5.84595704693626 58.2737156363493 564842.118107495
-0.379 -0.0317772538324371 0.0311946949940396 -5.86144484705298 58.264333296044 564870.926335143
-0.3791 0.0360596845383116 -0.0374330766567149 -5.84857685363993 58.2549509557387 564896.356289038
-0.3792 -0.00129706141881337 -0.0182210035218681 -5.86584979376695 58.2455686154333 564827.048787592
-0.3793 -0.044262325764365 0.0760573832731239 -5.86696061575504 58.236186275128 564920.384788739
-0.3794 0.00922652380040381 -0.0314937980133977 -5.88629582009501 58.2268039348227 564772.943258242
-0.3795 0.0396482688705448 -0.0568335938906703 -5.88222036120019 58.2174215945174 564788.67811059
-0.3796 -0.0361903590532872 0.0396465346773516 -5.90060544633019 58.2080392542121 564805.919893976
-0.3797 0.000120798212005906 0.026947427711596 -5.89112259182269 58.1986569139067 564936.351551142
-0.3798 0.0269864206543496 -0.0503897799363196 -5.91718154803412 58.1892745736014 564811.31559453
-0.3799 -0.00231160984078571 0.027118384151402 -5.89978837228713 58.1798922332961 564908.347231474
-0.38 -0.0264688071397664 0.0309599603699906 -5.92500773830103 58.1705098929908 564830.171790366
-0.3801 0.0433819212170591 -0.0600203648015223 -5.9184300379254 58.1611275526854 564791.392391142
-0.3802 -0.0135650469129989 0.0220978613081701 -5.92161844950941 58.1517452123801 564827.453798011
-0.3803 -0.0277714142078654 0.00351463405952782 -5.9329659295774 58.1423628720748 564738.249610171
-0.3804 0.0212497151253802 -0.00475125908607036 -5.92085678047454 58.1329805317695 564819.740120799
-0.3805 -0.0010600421008631 -0.0343304410092473 -5.95114802921825 58.1235981914642 564678.429300472
-0.3806 -0.000909847625528273 0.0443290545222793 -5.9168543741814 58.1142158511588 564862.205824377
-0.3807 -0.0362581854919618 0.0108600482406419 -5.96922341184275 58.1048335108535 564680.488521501
-0.3808 0.0272065830690987 -0.0229223535105254 -5.9770375593772 58.0954511705482 564743.602617788
-0.3809 -0.0162544051692145 0.0203776591301854 -5.98682963389418 58.0860688302429 564762.046016734
-0.381 0.0102852040419779 0.0107425207886318 -6.01098850750099 58.0766864899376 564732.358088783
-0.3811 -0.00514260294486551 -0.0414328484345792 -6.0291687578096 58.0673041496322 564534.325945303
-0.3812 0.0282141767437256 0.0185059608099448 -5.97145054317484 58.0579218093269 564882.793684964
-0.3813 -0.0467334336430398 -0.019896586458737 -6.03781692128677 58.0485394690216 564566.425744193
-0.3814 0.0132743106260456 0.0234473270113266 -6.00847258079437 58.0391571287163 564811.343011513
-0.3815 0.00716046018908047 -0.0414310009719717 -6.01008336241858 58.029774788411 564679.198084863
-0.3816 0.00344265982474328 0.0117326165421763 -6.01613158337226 58.0203924481056 564737.34842544
-0.3817 0.00457218614417574 0.0121664036062859 -6.02162216762111 58.0110101078003 564727.328216715
-0.3818 -0.00822418011326588 -0.0116112280232337 -6.04499992724328 58.001627767495 564601.83769571
-0.3819 0.0138634367988279 0.0215976392347423 -6.03293555649965 57.9922454271897 564739.201264037
-0.382 -0.0214081515475466 -0.00770397573970882 -6.0505896661956 57.9828630868843 564625.014527777
-0.3821 0.0183777874862608 0.011487116273284 -6.05116324392393 57.973480746579 564710.7571881
-0.3822 -0.0078742323974855 -0.0112445546547562 -6.08177817374243 57.9640984062737 564617.04740092
-0.3823 0.0250365812020272 0.00466482700766136 -6.06055407218714 57.9547160659684 564779.38383954
-0.3824 -0.0398184933721472 -0.00809610147244732 -6.10901819551802 57.9453337256631 564506.495840324
-0.3825 0.043032012213147 0.00303176957502285 -6.08556229900272 57.9359513853577 564714.091327938
-0.3826 -0.0379145800512611 -0.0181459315583614 -6.15765591826749 57.9265690450524 564408.642429094
-0.3827 0.0128601047809803 0.053127028714182 -6.11123613415343 57.9171867047471 564686.553238582
-0.3828 -0.0195215625860079 -0.0532404947303285 -6.16091787104872 57.9078043644418 564358.797341289
-0.3829 0.0618659337105636 0.011999971641296 -6.13834289524031 57.8984220241365 564645.078080744
-0.383 -0.0741922764439353 -0.011187927861795 -6.22473962756006 57.8890396838311 564226.374468563
-0.3831 0.028103668396507 0.0753084967858509 -6.1478264320634 57.8796573435258 564741.295957919
-0.3832 -0.00516411647067176 -0.122147576578283 -6.22954200337161 57.8702750032205 564193.577272178
-0.3833 0.0347909712412709 0.0782675696072496 -6.15599104823414 57.8608926629152 564742.562727529
-0.3834 -0.0722039463537272 -0.0458705678535382 -6.21921524729436 57.8515103226099 564206.658365056
-0.3835 0.0706306995933848 0.0373911365144302 -6.15062174612853 57.8421279823045 564697.552879769
-0.3836 -0.0517736473281807 -0.0540135906693825 -6.20749665134765 57.8327456419992 564237.422513872
-0.3837 0.044830435297911 0.0768847834830777 -6.14435407109752 57.8233633016939 564753.448418762
-0.3838 -0.0506269092175785 -0.0484000667487327 -6.23929404083937 57.8139809613886 564223.162566926
-0.3839 0.0686190465427335 0.0219345303805634 -6.16575606398135 57.8045986210833 564680.147515224
-0.384 -0.0718033345909735 -0.0326959963582816 -6.24717738858745 57.7952162807779 564227.964516184
-0.3841 0.0471490455167109 0.0587774899464164 -6.1682956732366 57.7858339404726 564730.764739375
-0.3842 -0.0571499406008745 -0.0728998277726422 -6.25670635463269 57.7764516001673 564196.264101324
-0.3843 0.052240465876778 0.0714303331895219 -6.18265419011741 57.767069259862 564739.578767928
-0.3844 -0.0403404828925601 -0.084484636104901 -6.26724673656864 57.7576869195566 564119.238404388
-0.3845 0.0497014941210163 0.0543736701972327 -6.16331030336485 57.7483045792513 564682.212831942
-0.3846 -0.0756529726393405 -0.0149854630356314 -6.24085341347717 57.738922238946 564246.684385925
-0.3847 0.0623784326244751 0.0478432307954807 -6.16139107785783 57.7295398986407 564708.070393179
-0.3848 -0.00478706754400372 -0.0945668106517436 -6.25087576023896 57.7201575583354 564147.684046086
-0.3849 0.013171477802361 0.0675041607488505 -6.1825016363597 57.71077521803 564591.1119248
-0.385 -0.0335964545097841 -0.0345197082071059 -6.23520275797262 57.7013928777247 564270.1585741
-0.3851 0.0465978826365376 0.0133333154558642 -6.18199764429196 57.6920105374194 564607.045221497
-0.3852 -0.0445086302929351 -0.0232846195648762 -6.22231076350983 57.6826281971141 564308.397634348
-0.3853 0.0522807475122568 0.0248464444753792 -6.14983677407435 57.6732458568087 564632.165787328
-0.3854 -0.0580433582373323 -0.00860353606649658 -6.19770330062345 57.6638635165034 564335.248094063
-0.3855 0.0493026234354115 0.0214450445211884 -6.13536343196301 57.6544811761981 564663.521387459
-0.3856 -0.0323385791346498 -0.0395396839826892 -6.19065747589562 57.6450988358928 564310.849379142
-0.3857 0.0211725309898878 0.0228480353403826 -6.13274185300689 57.6357164955875 564546.313337143
-0.3858 -0.028797447456773 0.00846404286135139 -6.14573640100448 57.6263341552822 564413.424900067
-0.3859 0.0242143247345124 -0.0220463243545138 -6.12348009841801 57.6169518149768 564534.367606052
-0.386 0.00461597322004028 -0.00627079431611211 -6.14369903024565 57.6075694746715 564498.409953679
-0.3861 0.00750802010100602 0.000354196656163999 -6.13026658736041 57.5981871343662 564592.994736726
-0.3862 -0.0235413580167038 0.0170484387477919 -6.13335002062891 57.5888047940609 564562.917620774
-0.3863 0.0120492547802896 -0.00947588856322925 -6.13884605009981 57.5794224537555 564527.941407969
-0.3864 0.00161115054254427 -0.0122484494422551 -6.13207919093254 57.5700401134502 564510.32224359
-0.3865 -0.0101680931722767 0.0334351410565778 -6.14139246776394 57.5606577731449 564546.457565059
-0.3866 0.00346483927691732 -0.00715297892982621 -6.18011519327182 57.5512754328396 564427.32006586
-0.3867 0.0269053874616288 -0.0193225032590179 -6.14966428409221 57.5418930925343 564485.704500474
-0.3868 -0.0155727466006427 0.0191441492631444 -6.14106853233723 57.5325107522289 564469.878269837
-0.3869 -0.0093176479700194 -0.00487703960270618 -6.15797387760432 57.5231284119236 564456.007157948
-0.387 -0.00162286228736609 -0.0114687570426785 -6.13848719868349 57.5137460716183 564473.54576334
-0.3871 0.0423512684244393 0.00138154928717499 -6.13967604167679 57.504363731313 564642.361464441
-0.3872 -0.0721550285374708 0.0146094601414312 -6.16274114122209 57.4949813910076 564365.708468076
-0.3873 0.0689514142403135 -0.00386209854157567 -6.1357501315784 57.4855990507023 564627.058405661
-0.3874 -0.0154556773456373 -0.0492147318720862 -6.20644940088716 57.476216710397 564260.432052876
-0.3875 -0.00907178606338259 0.0623854354170196 -6.16316905015715 57.4668343700917 564568.420145023
-0.3876 -0.0269534144341395 -0.0202398483738741 -6.2090927821558 57.4574520297864 564337.683003699
-0.3877 0.0393908516762229 0.00202690342946673 -6.18613433050162 57.448069689481 564541.989693276
-0.3878 -0.0216342978632602 -0.0268872814674043 -6.22538394239054 57.4386873491757 564292.757380825
-0.3879 0.0148783740796256 0.0293036638013966 -6.20583561118071 57.4293050088704 564472.818962851
-0.388 -0.0164114144438687 -0.00750208515760035 -6.22311910300707 57.4199226685651 564327.094165575
-0.3881 0.0489047477543869 -0.0247286545146793 -6.21778454652785 57.4105403282598 564403.439594559
-0.3882 -0.0587498497656696 0.0393770152333245 -6.25186451739374 57.4011579879544 564257.944160569
-0.3883 0.0221584014649979 -0.00529555273218796 -6.21258024091794 57.3917756476491 564391.053441658
-0.3884 0.00773396115101993 -0.0332423570386665 -6.24312589155747 57.3823933073438 564285.128027386
-0.3885 0.00549103840426729 0.0233247453998193 -6.21629516322305 57.3730109670385 564446.825147292
-0.3886 -0.0431526330467429 0.00173622157391692 -6.24780405372093 57.3636286267332 564307.845619549
-0.3887 0.0328216083662841 0.0155650620549901 -6.20753176789637 57.3542462864278 564500.20450605
-0.3888 -0.00792421055489775 -0.0270971330733072 -6.23756571611258 57.3448639461225 564312.994489041
-0.3889 2.84086472303261e-05 0.0189259867685364 -6.20798246043902 57.3354816058172 564415.034417123
-0.389 -0.00799349273895848 -0.0167896769294563 -6.26120562755468 57.3260992655119 564261.814955489
-0.3891 0.00871945015006003 0.00683509028850451 -6.25312917054504 57.3167169252065 564389.904780484
-0.3892 -0.0202291975299795 -0.0148513948386907 -6.26833859942353 57.3073345849012 564285.452906856
-0.3893 -0.00174112551026236 0.03489444356097 -6.2219584477756 57.2979522445959 564503.447916545
-0.3894 0.00323907615951785 -0.0526632017174783 -6.27654869308107 57.2885699042906 564200.91422535
-0.3895 0.006604706477065 0.0586583574538827 -6.241586290939 57.2791875639853 564452.60998166
-0.3896 -0.0301449688845947 -0.0221023401712449 -6.26068899994493 57.2698052236799 564234.013330657
-0.3897 0.0353898744576579 0.0183237577911421 -6.23156436496563 57.2604228833746 564454.857254024
-0.3898 -0.0438794027381353 -0.0156881506555071 -6.26758482154673 57.2510405430693 564250.171823908
-0.3899 0.0276275236677766 0.00902769601284352 -6.24001882347458 57.241658202764 564498.30807859
-0.39 0.00129931657928332 -0.0330464948859771 -6.25418621984787 57.2322758624587 564306.309062088
-0.3901 0.0167541165650872 0.0474157810676894 -6.20392126846931 57.2228935221533 564563.178332712
-0.3902 -0.0170274900796509 -0.0626318999793855 -6.2888310429915 57.213511181848 564179.371292315
-0.3903 0.045041403258124 0.0627887665797659 -6.19334776445249 57.2041288415427 564640.925079301
-0.3904 -0.0773363767451569 -0.0345107722272757 -6.25968476153672 57.1947465012374 564157.556322774
-0.3905 0.0602153008120168 0.0392364115521437 -6.15009354001126 57.1853641609321 564732.708734247
-0.3906 -0.0501221644496661 -0.0676548064372002 -6.27889803479811 57.1759818206267 564133.546288702
-0.3907 0.0555219459378689 0.0794528013715879 -6.15361668770512 57.1665994803214 564846.416900637
-0.3908 -0.088981182634124 -0.0432619929003906 -6.23982148479538 57.1572171400161 564247.584284458
-0.3909 0.0826779098865915 0.0256117880648402 -6.14789299079208 57.1478347997108 564760.689029979
-0.391 -0.0634923062190216 -0.0426570325463545 -6.19776712403411 57.1384524594055 564278.343254747
-0.3911 0.0581906234547821 0.0511149200881396 -6.15481121611699 57.1290701191001 564739.519364356
-0.3912 -0.0617839214299607 -0.0565778888064847 -6.23481572428794 57.1196877787948 564198.048007242
-0.3913 0.0661685543050771 0.0481677892150077 -6.13882307640996 57.1103054384895 564777.876040361
-0.3914 -0.0493595628584766 -0.0575002779825828 -6.21256864775388 57.1009230981842 564259.474017486
-0.3915 0.051636972557401 0.0419559442225268 -6.1274842490249 57.0915407578788 564803.848895222
-0.3916 -0.04532878331111 -0.0493298546587544 -6.21570462667411 57.0821584175735 564309.672507084
-0.3917 0.0505016574993655 0.0810788235839976 -6.10702355411975 57.0727760772682 564843.479429753
-0.3918 -0.0507755356963801 -0.0621247750596547 -6.21534304480649 57.0633937369629 564241.237707113
-0.3919 0.0513814181579808 0.0694966539708734 -6.08781614904986 57.0540113966576 564916.68485224
-0.392 -0.0431641643362539 -0.0439673211555489 -6.16987628379733 57.0446290563522 564335.095368317
-0.3921 0.0582260622583484 0.0468853602420351 -6.08985921199248 57.0352467160469 564820.039123451
-0.3922 -0.0576048935085661 -0.0564270532646981 -6.15522910655092 57.0258643757416 564299.260212293
-0.3923 0.0361347680025824 0.0428273171391011 -6.05636799693144 57.0164820354363 564796.835419179
-0.3924 -0.0343998014794922 -0.049136072963656 -6.11994121750825 57.007099695131 564401.876070391
-0.3925 0.0347221916502021 0.0437486200260738 -5.99722123694776 56.9977173548256 564932.596495079
-0.3926 -0.0426272109439855 -0.0405673291510523 -6.06656297792619 56.9883350145203 564499.988008743
-0.3927 0.0399894342478762 0.0401517648463878 -5.99158161938795 56.978952674215 564924.994780002
-0.3928 -0.0290554816179708 -0.0595453866764784 -6.06121004866274 56.9695703339097 564549.14368268
-0.3929 0.0311238805817735 0.0681541416260351 -5.96566986130898 56.9601879936044 564980.997456333
-0.393 -0.0700382487534524 -0.050752208016395 -6.0531988152408 56.950805653299 564424.13620449
-0.3931 0.072319661076073 0.022376959710388 -5.94321285356534 56.9414233129937 564995.477354897
-0.3932 -0.0699454075078083 -0.0252406784324689 -5.98755498737011 56.9320409726884 564587.737087728
-0.3933 0.030937194702908 0.0343813686492494 -5.93509757459683 56.9226586323831 564955.005589171
-0.3934 -0.0102534715521285 -0.0371378664511322 -5.96196245657456 56.9132762920777 564678.099551354
-0.3935 0.00187774224411748 0.0205587472453359 -5.92701435724335 56.9038939517724 564895.696002131
-0.3936 -0.00722010628316483 -0.00961634289383246 -5.9382208166926 56.8945116114671 564754.394276042
-0.3937 0.0208422751237487 0.00779660483280898 -5.90097431132469 56.8851292711618 564956.065616216
-0.3938 -0.0254154699093282 0.000224611472968201 -5.92165389164521 56.8757469308565 564783.357671582
-0.3939 0.0205307033846755 0.0169900056907706 -5.91037264011752 56.8663645905511 564936.52975434
-0.394 -0.0250161617095672 -0.0141845035077741 -5.90461653849442 56.8569822502458 564803.251115251
-0.3941 0.0124425407644094 0.0113891581353972 -5.87201123167638 56.8475999099405 565007.933851383
-0.3942 0.00197914948148565 -0.0347459126482315 -5.90103370529704 56.8382175696352 564809.713965873
-0.3943 -0.00404231890143066 0.0489453989733139 -5.8845627247754 56.8288352293298 564950.689442333
-0.3944 -0.0194911659811355 -0.033071278547916 -5.91908709689073 56.8194528890245 564727.842216881
-0.3945 0.0494558880520677 0.0108778515527858 -5.87628597778054 56.8100705487192 564996.16572792
-0.3946 -0.056405938258226 -0.0103703498404022 -5.90763223915798 56.8006882084139 564723.653680315
-0.3947 0.0411335571363137 0.0234623662372573 -5.86529220670229 56.7913058681086 565028.263698844
-0.3948 -0.0160137433293314 -0.0163881891893706 -5.90428965173615 56.7819235278032 564802.175218196
-0.3949 0.0069882972217482 -0.00140355336816199 -5.89766335248957 56.7725411874979 564862.334312628
-0.395 -0.0136842081462853 0.00491108484362455 -5.88347284900315 56.7631588471926 564866.001507955
-0.3951 -0.0234065822681526 0.00864220160410609 -5.89479544045829 56.7537765068873 564830.287354891
-0.3952 0.0266209196593213 -0.0226185553716852 -5.89741025298021 56.744394166582 564832.30749874
-0.3953 -0.0173477240213331 0.0183016453643965 -5.86208634582145 56.7350118262766 564898.076127305
-0.3954 -0.024363351977789 0.00757134720568399 -5.89374022106492 56.7256294859713 564855.209234681
-0.3955 0.038045388449334 -0.0255110404587845 -5.88605928290058 56.716247145666 564907.166359095
-0.3956 -0.0228514973881296 0.0136604999589222 -5.89183876240146 56.7068648053607 564804.901730776
-0.3957 -0.0128284622563378 0.0209582362561096 -5.89878200822236 56.6974824650554 564843.460773402
-0.3958 0.0134855821993192 -0.0353303216607398 -5.91554434589826 56.68810012475 564791.642276116
-0.3959 0.00593131663697429 0.0148756246421179 -5.92416666576494 56.6787177844447 564893.740927488
-0.396 -0.0180945861836245 0.0169736904050957 -5.9079785825263 56.6693354441394 564876.065157506
-0.3961 0.0111997087764602 -0.0297016365296661 -5.91240332456644 56.6599531038341 564838.73116671
-0.3962 0.0207102821524464 0.00864851627398518 -5.857307574018 56.6505707635288 564966.80097332
-0.3963 -0.0587445199170818 0.00696758272974048 -5.9115739843396 56.6411884232234 564714.315514186
-0.3964 0.0653689006848716 0.0187948229271144 -5.85262766333934 56.6318060829181 565069.914342434
-0.3965 -0.0395905228954511 -0.0431361212331334 -5.91482030697687 56.6224237426128 564609.536210994
-0.3966 0.0581008524289395 0.0400458735278238 -5.87870074498847 56.6130414023075 565024.257845496
-0.3967 -0.0958083306061578 -0.0389323551146069 -5.9717076291386 56.6036590620021 564438.979199885
-0.3968 0.11060238144263 0.0384201782896523 -5.87880488313106 56.5942767216968 565143.089429654
-0.3969 -0.0783198508800657 -0.0778641134816211 -5.97622803061201 56.5848943813915 564427.253413992
-0.397 0.0512006584894644 0.11734809875524 -5.88150797763456 56.5755120410862 565153.231228947
-0.3971 -0.0667869825004886 -0.115607184571888 -6.02115339253162 56.5661297007809 564306.036936424
-0.3972 0.0814754443481804 0.0622452429072326 -5.88930894241291 56.5567473604755 565085.210179345
-0.3973 -0.0796623381340069 -0.0646804561876519 -5.98725030805494 56.5473650201702 564424.172739211
-0.3974 0.0553989491508268 0.0745893691654791 -5.88009570095763 56.5379826798649 565122.472553268
-0.3975 -0.0577800328398374 -0.0712196296466546 -5.99700565077216 56.5286003395596 564457.161902451
-0.3976 0.0696921566216161 0.0590587452804982 -5.89278874935197 56.5192179992543 565091.444802129
-0.3977 -0.0789959000624598 -0.0725475774964572 -5.9951155798666 56.5098356589489 564412.202710764
-0.3978 0.0391700365392041 0.0684034904994469 -5.90484146548356 56.5004533186436 565020.505654495
-0.3979 -0.0370465084868163 -0.0630213182079846 -5.98907274714751 56.4910709783383 564491.15082404
-0.398 0.0354087803395825 0.0706867960736691 -5.94799407814376 56.481688638033 564964.013268907
-0.3981 -0.037080192675175 -0.0634153271396315 -6.04610133344884 56.4723062977277 564433.092980149
-0.3982 0.058088489962674 0.0398726372782164 -5.97539377287718 56.4629239574223 564903.767086925
-0.3983 -0.0456436840421132 -0.0438756423558326 -6.03679210827845 56.453541617117 564448.548138033
-0.3984 0.0310860828372599 0.0624393187536572 -5.98610178262035 56.4441592768117 564901.360253665
-0.3985 -0.0232598544411161 -0.0729382429989081 -6.05186332576919 56.4347769365064 564447.394939296
-0.3986 0.0290453467580542 0.0493170895982656 -5.98693420873145 56.425394596201 564851.586816452
-0.3987 -0.0598246004295797 -0.0341212368841511 -6.06218357665351 56.4160122558957 564442.974317677
-0.3988 0.0593105886534634 0.0192552372611661 -5.98832687035464 56.4066299155904 564810.031974051
-0.3989 -0.0856164829477339 0.0113137638248978 -6.08702846229683 56.3972475752851 564418.202991055
-0.399 0.0451427505648125 0.0111047133009249 -6.01476139678597 56.3878652349798 564769.900542011
-0.3991 -0.0200996064263077 -0.0188447746482964 -6.06733575165293 56.3784828946744 564566.666361545
-0.3992 0.0169725297960731 -0.00265986384704154 -6.03968308827116 56.3691005543691 564726.895880761
-0.3993 -0.00832440392438869 0.0032810231903885 -6.06906495640138 56.3597182140638 564638.643278544
-0.3994 -0.0129398913634212 0.00507841242470788 -6.08859484464294 56.3503358737585 564586.448536353
-0.3995 0.0120915216240706 -0.0127116343630328 -6.10195760321106 56.3409535334532 564555.819114286
-0.3996 -0.021101727463247 0.0155540300951511 -6.09485746763596 56.3315711931478 564572.719024979
-0.3997 -0.0139587061482134 0.00707731343084502 -6.13650322819597 56.3221888528425 564481.624447638
-0.3998 0.0176952839324189 -0.014132114238428 -6.13472763529372 56.3128065125372 564504.464721665
-0.3999 0.0097850760074475 -0.00565835289817358 -6.14888421406875 56.3034241722319 564470.40436284
-0.4 -0.0237504368741444 -0.00816948573657878 -6.15472226787712 56.2940418319265 564393.98951805
