# Fix print output for fix defprint
0 0.135004675986649 0.134888523474048 -0.272585090827377 938.302162561648 568513922.849528
-0.0001 0.00338414755642446 0.00351801226235287 -0.366129694369918 938.208332345392 567875292.366488
-0.0002 -0.00320774118710932 -0.00309263096477133 -0.384009630460678 938.114502129136 567818768.148158
-0.0003 -0.000491272777017118 -0.000594779129030158 -0.396368280311421 938.02067191288 567805762.760721
-0.0004 -0.00123264987386656 -0.00150308052610691 -0.410118744702229 937.926841696624 567778474.230937
-0.0005 -0.000998928008019892 -0.000899089742067781 -0.423011273604502 937.833011480367 567758042.824773
-0.0006 -0.0011408114040016 -0.000672447179407169 -0.436492523482216 937.739181264111 567735025.833011
-0.0007 -0.000612053295325533 -0.000958103775601558 -0.450226411734085 937.645351047855 567712509.117112
-0.0008 -0.00115637404772111 -0.000421573064103832 -0.46431823989262 937.551520831599 567690659.323647
-0.0009 -0.000618111057604975 -0.000775978422499086 -0.478076531556351 937.457690615343 567668842.999094
-0.001 -0.000953729491811807 -0.00059376997859861 -0.491840429128352 937.363860399087 567646258.797891
-0.0011 7.49715460519039e-05 -0.000857084104353596 -0.505069783625483 937.27003018283 567624737.801008
-0.0012 -0.00109029558470214 -0.000513727982084801 -0.518826007744518 937.176199966574 567600892.707617
-0.0013 -0.000463814191103585 -0.000784385081207788 -0.532277425190859 937.082369750318 567579387.469315
-0.0014 -0.000740130136493096 -0.000613232605209383 -0.546177159391763 936.988539534062 567557079.740651
-0.0015 -0.000568591045148945 -0.000762771627931509 -0.559922023353112 936.894709317806 567535162.008498
-0.0016 -0.00068722746578595 -0.000418845925449198 -0.573384569358973 936.80087910155 567513526.361023
-0.0017 -0.000537910223666672 -0.000684368987477142 -0.587116650781061 936.707048885293 567490745.998367
-0.0018 -0.000836381473499894 -0.000535107286185505 -0.60083349614003 936.613218669037 567468055.847792
-0.0019 -0.000628685973085592 -0.00065176076159531 -0.61454204281489 936.519388452781 567445917.187426
-0.002 -0.000575558412765494 -0.000616586933905731 -0.628221262730091 936.425558236525 567423480.790015
-0.0021 -0.000821629523063811 -0.000650688846130885 -0.641868476165523 936.331728020269 567401418.052765
-0.0022 -0.000555504494262415 -0.000391751107076413 -0.655433598613759 936.237897804013 567380987.789906
-0.0023 -0.000594935612399478 -0.000778755763565572 -0.669223207396197 936.144067587756 567357830.609579
-0.0024 -0.000521151845029487 -0.000598272909522301 -0.68294103640163 936.0502373715 567335178.462465
-0.0025 -0.000617562572962649 -0.000629929726627989 -0.696722979649927 935.956407155244 567312622.03499
-0.0026 -0.000918145768788107 -0.000562977116201732 -0.710242309253775 935.862576938988 567290641.835291
-0.0027 -0.000561136898736774 -0.000852966676372299 -0.72384270915718 935.768746722732 567268676.073952
-0.0028 -0.000754873462027813 -0.000442538982364813 -0.737616355685332 935.674916506475 567246268.689477
-0.0029 -0.000393827149713839 -0.000563737114295756 -0.751268847121466 935.581086290219 567223755.883413
-0.003 -0.000905147465963454 -0.000484319734529834 -0.76527115986691 935.487256073963 567201294.923344
-0.0031 -0.000662559530223903 -0.000523041953022018 -0.778944828013903 935.393425857707 567180862.353946
-0.0032 -0.000712579871866966 -0.000689832170354226 -0.79259606578512 935.299595641451 567158776.686935
-0.0033 -0.000290446176128292 -0.000502715846021833 -0.805920822875156 935.205765425195 567137285.570332
-0.0034 -0.000609036612382316 -0.000752518784469139 -0.819883170047154 935.111935208939 567113777.59113
-0.0035 -0.000354907109597751 -0.000563962423874147 -0.833614181999939 935.018104992682 567092456.22685
-0.0036 -0.000559893211293223 -0.000734283433246537 -0.847214120532067 934.924274776426 567070159.223075
-0.0037 -0.000689540778522133 -0.000589305586883729 -0.86084164932575 934.83044456017 567048381.445253
-0.0038 -0.000536662960455173 -0.000749163785947707 -0.874614218946927 934.736614343914 567026137.604007
-0.0039 -0.000684121898477344 -0.000571297991787979 -0.888364390762011 934.642784127658 567004273.962032
-0.004 -0.000434848978596071 -0.000687957962857641 -0.902075553865006 934.548953911402 566982495.127078
-0.0041 -0.000807778223655376 -0.000559580712148866 -0.915857768261074 934.455123695145 566961621.863426
-0.0042 -0.000390640961664411 -0.000720128372568906 -0.929489928130354 934.361293478889 566939913.610923
-0.0043 -0.000792984741712442 -0.000512270510964383 -0.943184299099461 934.267463262633 566917640.063133
-0.0044 -0.000257623322425849 -0.000811201209416997 -0.956933151874735 934.173633046377 566895884.971727
-0.0045 -0.000757040801542054 -6.74093099848298e-05 -0.970436206409176 934.079802830121 566874309.661916
-0.0046 -0.000391185678363419 -0.000809143114115746 -0.984399227126476 933.985972613865 566851349.625142
-0.0047 -0.000580296663584198 -0.000418934188906427 -0.997942423764888 933.892142397608 566829716.106723
-0.0048 -0.000289876341276663 -0.00109136050548476 -1.01192665348387 933.798312181352 566807240.466995
-0.0049 -0.000783286453727093 -0.000497570652037705 -1.02535508660926 933.704481965096 566785099.829809
-0.005 -0.000673424698697623 -0.000633646133552811 -1.03904486456558 933.61065174884 566763841.771411
-0.0051 -0.000587114495630164 -0.000652594697289878 -1.05273028259635 933.516821532584 566742832.045979
-0.0052 -0.000535493955727216 -0.00066670858086733 -1.06647362044149 933.422991316328 566722054.921207
-0.0053 -0.000707732907466208 -0.000382805012356282 -1.08020290987245 933.329161100071 566699875.105258
-0.0054 -0.000524738422636076 -0.000771263954857509 -1.09423452296571 933.235330883815 566677884.438751
-0.0055 -0.000713764542575208 -0.000386589416874409 -1.10781119773948 933.141500667559 566655615.03246
-0.0056 -0.000394659667122316 -0.000675322986609486 -1.12139875617113 933.047670451303 566634553.541928
-0.0057 -0.000688884362861005 -0.000498856380402668 -1.13519818864101 932.953840235047 566612560.578848
-0.0058 -0.000382521395815595 -0.000616015271710028 -1.14886493129555 932.860010018791 566591207.413805
-0.0059 -0.000896993605058359 -0.000555765589222495 -1.16281513794602 932.766179802534 566568687.007144
-0.006 -0.000372275373296003 -0.000614260977409452 -1.17624178664272 932.672349586278 566547437.668414
-0.0061 -0.000654412043307151 -0.000639409992568593 -1.19003910645656 932.578519370022 566525962.426563
-0.0062 -0.000678153372735559 -0.00089272396665144 -1.20374731560191 932.484689153766 566505532.423249
-0.0063 -0.00057277293059638 -0.000445632190269208 -1.21731053626246 932.39085893751 566484086.491704
-0.0064 -0.000759231864476115 -0.000612869855490502 -1.23116035084566 932.297028721254 566461833.62659
-0.0065 -0.000544425281860908 -0.000802606577804848 -1.24499508075019 932.203198504998 566440302.22099
-0.0066 -0.000819689808284059 -0.000526525255243144 -1.25868737217159 932.109368288741 566418387.260922
-0.0067 -0.000411379663197387 -0.00070394646227943 -1.27218228625235 932.015538072485 566397429.942393
-0.0068 -0.000710710774523119 -0.000543648652940895 -1.28578897851268 931.921707856229 566375601.655759
-0.0069 -0.000491092560337166 -0.000847578465305632 -1.29943749735716 931.827877639973 566353859.446868
-0.007 -0.000822386754603087 -0.000463450483787228 -1.3131246825864 931.734047423717 566332609.235901
-0.0071 -0.000401166711055606 -0.000991971686937567 -1.32737134335118 931.64021720746 566311600.593587
-0.0072 -0.000870288010215454 -0.000322423012742175 -1.34117423871707 931.546386991204 566290140.882123
-0.0073 -0.000290829453168805 -0.000817286153455742 -1.35487861289189 931.452556774948 566269058.784008
-0.0074 -0.000855249782844418 -0.000425459252390963 -1.36830688778261 931.358726558692 566247157.981093
-0.0075 -0.000679757510656958 -0.000819254904884771 -1.38198413611592 931.264896342436 566225654.234162
-0.0076 -0.000637770641885005 -0.000533769402869116 -1.39577572755914 931.17106612618 566204365.04475
-0.0077 -0.00057673472411961 -0.000810175441109132 -1.40993248289849 931.077235909924 566183478.251097
-0.0078 -0.000568596204389056 -0.000536250778742223 -1.42337193273152 930.983405693667 566162768.246663
-0.0079 -0.00078190929339056 -0.000527065052805574 -1.43689230882545 930.889575477411 566141655.087282
-0.008 -0.000585181440067731 -0.000765560241894344 -1.4507205011532 930.795745261155 566119138.34449
-0.0081 -0.000701701627483238 -0.00045039398912337 -1.46439021934021 930.701915044899 566098218.634397
-0.0082 -0.000748285961298916 -0.000802348133775448 -1.4786011161293 930.608084828643 566076577.944333
-0.0083 -0.000778550667175401 -0.00045451188789677 -1.49224383393612 930.514254612387 566056419.566322
-0.0084 -0.000506716961600678 -0.000840158171092741 -1.50574690411659 930.42042439613 566035702.578262
-0.0085 -0.000787825504363742 -0.000696573588853959 -1.51931991750917 930.326594179874 566013683.031147
-0.0086 -0.000653654016715489 -0.000573954074071676 -1.53311924347504 930.232763963618 565992281.698593
-0.0087 -0.000816642935105431 -0.000619241516216002 -1.54710155151087 930.138933747362 565970698.551431
-0.0088 -0.000444394287912283 -0.000854627947088408 -1.56067024591085 930.045103531106 565949840.115589
-0.0089 -0.000837604793657464 -0.000601869999760452 -1.57433137852445 929.951273314849 565928874.791195
-0.009 -0.000414956013932031 -0.000824132722996156 -1.58803793390723 929.857443098593 565907447.972812
-0.0091 -0.000451462702846332 -0.000489374894592193 -1.60160264126255 929.763612882337 565886727.94282
-0.0092 -0.000764741021622114 -0.000546888509026331 -1.61562358880579 929.669782666081 565865331.351898
-0.0093 -0.000577714970383105 -0.000840982072508848 -1.62945673129701 929.575952449825 565845091.422111
-0.0094 -0.000517865812118056 -0.000430434533317913 -1.64315951362838 929.482122233569 565824546.692367
-0.0095 -0.000459702128669192 -0.00088380515451323 -1.65693577553939 929.388292017313 565802271.496536
-0.0096 -0.00075137229308387 -0.000633303619213416 -1.67053147173588 929.294461801056 565781850.256634
-0.0097 -0.000409150602278814 -0.000715792698616456 -1.68425275583718 929.2006315848 565760553.167011
-0.0098 -0.000877340944535704 -0.000193889968309208 -1.69788856701537 929.106801368544 565739862.986035
-0.0099 -0.000358453013850475 -0.000865776850887069 -1.71197144877915 929.012971152288 565718537.681083
-0.01 -0.000819372064579238 -0.000622575781943245 -1.72573138392542 928.919140936032 565696498.103607
-0.0101 -0.000594578394649178 -0.000833573565406851 -1.73946005099793 928.825310719776 565675688.917922
-0.0102 -0.000493091895982105 -0.00058150068021123 -1.7531905806868 928.731480503519 565656493.06338
-0.0103 -0.000398438259585103 -0.000784305537471708 -1.76680238981801 928.637650287263 565635342.321189
-0.0104 -0.000725466379188091 -0.000401888852435482 -1.78069170502673 928.543820071007 565614732.849191
-0.0105 -0.000515059858844091 -0.000933222482334823 -1.79453923528352 928.449989854751 565592552.398859
-0.0106 -0.000592317554321649 -0.000403165124068196 -1.80813775775512 928.356159638495 565572299.337282
-0.0107 -0.000774180159017518 -0.00069585928369451 -1.82193246729567 928.262329422239 565551739.179865
-0.0108 -0.000757405730920339 -0.000502272293918602 -1.8356099621002 928.168499205982 565531425.544706
-0.0109 -0.00077129353482159 -0.000511155712097502 -1.84949774323094 928.074668989726 565511085.679139
-0.011 -0.000528893698115395 -0.00079387499171953 -1.86324674876545 927.98083877347 565489376.324642
-0.0111 -0.000989252185647632 -0.000502371303530327 -1.87702369380737 927.887008557214 565468249.570156
-0.0112 -0.000574979164666311 -0.000835289585994397 -1.89073410930209 927.793178340958 565447683.209383
-0.0113 -0.00101603710677485 -0.000315548105333312 -1.90442127526083 927.699348124702 565426720.025244
-0.0114 -0.000319265977511196 -0.00112303559010804 -1.9182071257359 927.605517908445 565405870.607366
-0.0115 -0.000783822658860252 -0.000401063197772567 -1.93179864161647 927.511687692189 565384699.682053
-0.0116 -0.000333212415649625 -0.000954038918354258 -1.94570000550278 927.417857475933 565364257.320233
-0.0117 -0.000792117181576429 -0.000411403785388267 -1.95978735256038 927.324027259677 565344096.786268
-0.0118 -0.000374194303998449 -0.000757544267970858 -1.97350848779516 927.230197043421 565323747.023653
-0.0119 -0.000902731511554336 -0.000382992522374292 -1.98728070011457 927.136366827165 565302969.155666
-0.012 -0.000574696995117799 -0.00067990178514069 -2.00092302635412 927.042536610908 565281825.477019
-0.0121 -0.000651749174198253 -0.000582266411710405 -2.01468086777642 926.948706394652 565261183.619132
-0.0122 -0.000703880300619105 -0.000435773477329863 -2.02847692887787 926.854876178396 565240568.407297
-0.0123 -0.000407129283898287 -0.000826970601296331 -2.04231570097252 926.76104596214 565220084.037786
-0.0124 -0.000787351335439303 -0.000151016089049154 -2.05585389474161 926.667215745884 565199559.316054
-0.0125 -0.000358219414059416 -0.000898556372378191 -2.06967242495906 926.573385529628 565177960.611935
-0.0126 -0.00102624504125831 -0.000466158346050238 -2.08338977949624 926.479555313372 565157931.893759
-0.0127 -0.000605540027735468 -0.000988993351343042 -2.09728382803201 926.385725097115 565138011.625471
-0.0128 -0.000765139584115076 -0.000432547236725739 -2.11099658336295 926.291894880859 565118375.611687
-0.0129 -0.000493891342503163 -0.000955308436779497 -2.12480631696816 926.198064664603 565097152.342908
-0.013 -0.000811560903412658 -0.000427204852098407 -2.13863810271287 926.104234448347 565076866.660608
-0.0131 -0.000376669844991556 -0.000863085603987306 -2.15244465746015 926.010404232091 565055772.310084
-0.0132 -0.000892722147960899 -0.000490238488344184 -2.1661953193167 925.916574015834 565035625.686183
-0.0133 -0.00048429347152888 -0.000418775093471589 -2.17981381127698 925.822743799578 565015926.028907
-0.0134 -0.000684707907779592 -0.000763929144862539 -2.19365360108962 925.728913583322 564995249.412063
-0.0135 -0.000839147303456783 -0.000428989522385838 -2.20737780330682 925.635083367066 564974333.864966
-0.0136 -0.000491074445857414 -0.000913776631065144 -2.2211208689004 925.54125315081 564952920.35308
-0.0137 -0.000962416848663115 -0.000336421821248153 -2.23497670788366 925.447422934554 564933137.710535
-0.0138 -0.00032800151785535 -0.0010350166456165 -2.24893249746841 925.353592718297 564913749.280558
-0.0139 -0.000682331219077818 -0.000507225385826135 -2.26262889579938 925.259762502041 564894475.656026
-0.014 -0.000450379438972845 -0.000779734536190211 -2.27643490657939 925.165932285785 564873139.381961
-0.0141 -0.000950047726151456 -0.000512429777094691 -2.29033124029756 925.072102069529 564852539.546387
-0.0142 -0.000618168526649761 -0.00089831925103542 -2.30409175120952 924.978271853273 564831479.004506
-0.0143 -0.000464134085216602 -0.000513237218529197 -2.31763650440588 924.884441637017 564812083.202571
-0.0144 -0.000565105457659554 -0.000716019840720106 -2.33149917439707 924.79061142076 564791246.781658
-0.0145 -0.000458599624980524 -0.000592812521893033 -2.34517560366261 924.696781204504 564771480.151066
-0.0146 -0.00054176270396997 -0.000784083430446904 -2.35905127308105 924.602950988248 564750501.550804
-0.0147 -0.000638473340908108 -0.000754534576260359 -2.37289556792415 924.509120771992 564730772.549326
-0.0148 -0.000595512979771276 -0.00043734169545248 -2.38660002519548 924.415290555736 564711651.741715
-0.0149 -0.000725825332810165 -0.00058454754922772 -2.40040047914808 924.32146033948 564691613.797753
-0.015 -0.000690344939268384 -0.000422632132283237 -2.41397687518643 924.227630123223 564670406.006808
-0.0151 -0.00028505960495967 -0.00103363634826574 -2.42797481423496 924.133799906967 564650163.890239
-0.0152 -0.000929705387769873 -0.0004587516116199 -2.44207079983712 924.039969690711 564629397.937946
-0.0153 -0.000465197175135028 -0.000837880822434242 -2.45567314810538 923.946139474455 564610126.224804
-0.0154 -0.00104355025376844 -0.000495741330115466 -2.4696558944981 923.852309258199 564590630.234107
-0.0155 -0.000227423052415592 -0.000787771270751432 -2.48315301369677 923.758479041943 564571159.31908
-0.0156 -0.00100093209159981 -0.00061110708055281 -2.49693748925157 923.664648825687 564549066.049993
-0.0157 -0.000502679803824115 -0.000680124119487947 -2.51073906215239 923.57081860943 564530017.418593
-0.0158 -0.000874443760185326 -0.000583613919630621 -2.52440824879734 923.476988393174 564509576.321469
-0.0159 -0.000703535824426429 -0.000791932145822627 -2.53821309289009 923.383158176918 564490348.763403
-0.016 -0.000592402382250159 -0.000931343198293945 -2.55174467215338 923.289327960662 564470769.580672
-0.0161 -0.000612025566575113 -0.000370577230050771 -2.56578191105437 923.195497744406 564451220.06011
-0.0162 -0.000673271232452605 -0.000759707021579542 -2.57959521188052 923.101667528149 564429694.837814
-0.0163 -0.000765543111818621 -0.000578080390305127 -2.59349390644254 923.007837311893 564409753.743754
-0.0164 -0.00048396312346794 -0.000922471085393698 -2.60717282997333 922.914007095637 564390149.396457
-0.0165 -0.00108211897298803 -0.000294842913332131 -2.62087595349191 922.820176879381 564369989.17473
-0.0166 -0.000428072559441867 -0.000857876196934169 -2.63467446443595 922.726346663125 564350013.070922
-0.0167 -0.000842629492385981 -0.000490035284981905 -2.64849651178876 922.632516446869 564329838.644929
-0.0168 -0.000710657597003633 -0.000831717620255041 -2.66238706145493 922.538686230612 564309774.811899
-0.0169 -0.00055891139520038 -0.000636723878451688 -2.67594619828916 922.444856014356 564291664.27694
-0.017 -0.000886207080880948 -0.00105620438948777 -2.69014795202801 922.3510257981 564270717.521428
-0.0171 -0.000385906906915466 -0.000478942928963595 -2.70366312988232 922.257195581844 564252131.760194
-0.0172 -0.000819424181183558 -0.000783318332615283 -2.71781252292482 922.163365365588 564230828.710943
-0.0173 -0.000709659964161199 -0.00061974601398228 -2.73131304749098 922.069535149332 564211790.866032
-0.0174 -0.000930447166932124 -0.00045591053243948 -2.74503416385529 921.975704933076 564191696.685163
-0.0175 -0.000393048253619424 -0.000776061691367001 -2.75880343502059 921.881874716819 564172192.690808
-0.0176 -0.000718445238263946 -0.000492899995786323 -2.77264076558209 921.788044500563 564152134.495865
-0.0177 -0.000675079298872044 -0.000935409334336329 -2.78651936935942 921.694214284307 564131406.734937
-0.0178 -0.000954907434507574 -0.000444106578479647 -2.80018057657703 921.600384068051 564112168.16966
-0.0179 -0.000528969638612462 -0.000702368164354611 -2.8140884390925 921.506553851795 564093735.439933
-0.018 -0.000815190985790239 -0.000502340398091535 -2.82796090777623 921.412723635538 564073995.339135
-0.0181 -0.000491186520858589 -0.000743858766289655 -2.84176762017945 921.318893419282 564054065.783761
-0.0182 -0.00061295706393231 -0.000574113960229753 -2.85557997154884 921.225063203026 564033977.849281
-0.0183 -0.000783820660212236 -0.000637667690216508 -2.86929951954762 921.13123298677 564013883.683499
-0.0184 -0.000790938312293348 -0.000821549340958726 -2.88312560441534 921.037402770514 563994211.941578
-0.0185 -0.000635619213334358 -0.000588744694958085 -2.89666490163785 920.943572554258 563975619.204009
-0.0186 -0.000577929230384521 -0.000711902952630682 -2.91080723850524 920.849742338002 563957026.684335
-0.0187 -0.000923968763264368 -0.000341579292680747 -2.92442653617651 920.755912121745 563937115.11169
-0.0188 -0.000343441113660906 -0.000930915038235425 -2.93810948549535 920.662081905489 563916759.48914
-0.0189 -0.000651669821279906 -0.000505700368012121 -2.95177498607509 920.568251689233 563897799.112068
-0.019 -0.000519353051311425 -0.00103273465180706 -2.96573649088953 920.474421472977 563877329.0748
-0.0191 -0.000992899173515746 -0.000472757843848651 -2.97959374633167 920.380591256721 563858243.795089
-0.0192 -0.000739829634610476 -0.000691764120470427 -2.99334348137911 920.286761040465 563839110.085572
-0.0193 -0.00077636246614179 -0.000644532006329414 -3.0071611146772 920.192930824208 563820010.601484
-0.0194 -0.000628596903511936 -0.000465766010501391 -3.02055670287787 920.099100607952 563801126.333731
-0.0195 -0.000619595633985146 -0.000887173210075824 -3.03458557495745 920.005270391696 563780204.71577
-0.0196 -0.000654810327789618 -0.000545521396449113 -3.04832305404446 919.91144017544 563761174.040383
-0.0197 -0.000561347328526244 -0.000789359201670257 -3.06237064720491 919.817609959184 563741840.274377
-0.0198 -0.000759636827374759 -0.000593130126422735 -3.07619218285689 919.723779742927 563723632.096756
-0.0199 -0.000488323429808396 -0.000653165190754999 -3.0899421836219 919.629949526671 563704968.027704
-0.02 -0.000798456166768716 -0.000679604954512669 -3.10380095528577 919.536119310415 563684770.350797
-0.0201 -0.000596321355465481 -0.000732995844914544 -3.11749228574261 919.442289094159 563664846.256605
-0.0202 -0.000483793076575316 -0.00080393969579132 -3.13120896015504 919.348458877903 563645469.52446
-0.0203 -0.00102589010640273 -0.000593051051235294 -3.14472262570245 919.254628661647 563625973.594643
-0.0204 -0.000753982656742218 -0.000947196488734991 -3.15866274531895 919.160798445391 563606383.720525
-0.0205 -0.000873048950406342 -0.000435067607015028 -3.17242829768677 919.066968229134 563587508.023567
-0.0206 -0.000718939447664331 -0.000768265922764911 -3.18652868836161 918.973138012878 563568395.272548
-0.0207 -0.000630443436635855 -0.000772826089766826 -3.20029689291263 918.879307796622 563550107.838517
-0.0208 -0.000571742903675749 -0.000796403304636725 -3.21392929804615 918.785477580366 563530559.021395
-0.0209 -0.000836780062497248 -0.000586769218640946 -3.22758697745877 918.69164736411 563510889.605632
-0.021 -0.000567475578549294 -0.000856435310403785 -3.24149614057287 918.597817147854 563491471.621134
-0.0211 -0.000758566686855731 -0.000637975847401695 -3.25536534201138 918.503986931597 563472203.040467
-0.0212 -0.000585409589783303 -0.000522124412228157 -3.26907961782957 918.410156715341 563453744.264557
-0.0213 -0.000808273602811948 -0.000704763752297167 -3.28301630161099 918.316326499085 563434166.618691
-0.0214 -0.000697943474747277 -0.000593999656796018 -3.29678919806955 918.222496282829 563415666.779793
-0.0215 -0.000638666178213054 -0.000705029662223876 -3.31057047211193 918.128666066573 563395987.820188
-0.0216 -0.000546330122622756 -0.000971545764076042 -3.32425150755701 918.034835850317 563376434.619451
-0.0217 -0.000802086943964113 -0.000719565144394097 -3.3380096886478 917.941005634061 563357883.087369
-0.0218 -0.00060733720754691 -0.000757560015458228 -3.35173600662344 917.847175417804 563339372.41139
-0.0219 -0.000588473255106649 -0.000601074090754718 -3.365873680823 917.753345201548 563321097.069474
-0.022 -0.000765979741922204 -0.000402802688501615 -3.379564709681 917.659514985292 563302166.575427
-0.0221 -0.000492956280176097 -0.000849990342689642 -3.39328133072023 917.565684769036 563282390.484022
-0.0222 -0.000603023849039984 -0.000557281116170585 -3.4069529628786 917.47185455278 563263425.800172
-0.0223 -0.000604574840723749 -0.000869618896495634 -3.42069909326819 917.378024336523 563243674.128662
-0.0224 -0.000728088214489936 -0.000860085333916825 -3.43452429765993 917.284194120267 563224826.487651
-0.0225 -0.000732717656295127 -0.000533917635002177 -3.44827673036092 917.190363904011 563205694.774525
-0.0226 -0.000653291191254943 -0.000590601290827692 -3.4620296524604 917.096533687755 563187893.371324
-0.0227 -0.000796759471613183 -0.000633876535195611 -3.47584801963128 917.002703471499 563169554.304078
-0.0228 -0.000773379791760718 -0.000652239344156343 -3.48966352641887 916.908873255243 563150499.809441
-0.0229 -0.000511603645025783 -0.000928813618142707 -3.5035521572042 916.815043038986 563130601.581545
-0.023 -0.000784578825649535 -0.00068462315185747 -3.5173315515503 916.72121282273 563111743.040855
-0.0231 -0.000940615805493809 -0.000886635630125817 -3.53123977517262 916.627382606474 563091967.10535
-0.0232 -0.00032770157073779 -0.000760161695661774 -3.54487790603659 916.533552390218 563074791.569567
-0.0233 -0.000710057383881917 -0.000542200694724638 -3.55857560402873 916.439722173962 563055209.518307
-0.0234 -0.000573672627157408 -0.000740434944655865 -3.57243839241935 916.345891957706 563036455.65119
-0.0235 -0.00069632767343077 -0.00095185882283063 -3.58639939223142 916.25206174145 563017101.854459
-0.0236 -0.000844170290563032 -0.000585548938368902 -3.6000801096034 916.158231525193 562999583.960615
-0.0237 -0.000821868110046112 -0.000377096147487183 -3.61378323040404 916.064401308937 562981381.608671
-0.0238 -0.000608056198682014 -0.00083713007781936 -3.62749919783004 915.970571092681 562962297.622723
-0.0239 -0.00093940469518924 -0.000784268556821872 -3.6413811545343 915.876740876425 562943007.39299
-0.024 -0.000490595160512065 -0.00065851991440714 -3.65496168927964 915.782910660169 562925312.43867
-0.0241 -0.000658490852599683 -0.00066948204443771 -3.66894736181059 915.689080443912 562905981.349318
-0.0242 -0.000730472959309748 -0.000490091114665467 -3.68268993871372 915.595250227656 562887526.343845
-0.0243 -0.000490653436359603 -0.00100852893068261 -3.69655135426076 915.5014200114 562868447.002786
-0.0244 -0.00103649860864761 -0.000701506187571854 -3.71023105218881 915.407589795144 562849189.615824
-0.0245 -0.000215432422094752 -0.00106910941495128 -3.72370775242633 915.313759578888 562831628.531322
-0.0246 -0.00122792204343355 -0.00036809332963026 -3.73762332109686 915.219929362632 562813614.88409
-0.0247 -0.000272227309700371 -0.00123104499577253 -3.75158513080042 915.126099146376 562795291.728433
-0.0248 -0.000997239090088626 -0.000410824878508826 -3.765123930812 915.032268930119 562776315.922772
-0.0249 -0.000623461480223925 -0.000804506929163471 -3.77895047467701 914.938438713863 562757841.789338
-0.025 -0.000946386848815396 -0.000461384214538809 -3.79268210833938 914.844608497607 562739439.857231
-0.0251 -0.000821097742452339 -0.000657526633006616 -3.80672016171004 914.750778281351 562720399.14872
-0.0252 -0.000381272268937062 -0.000807138145383721 -3.82038144949649 914.656948065095 562702154.384937
-0.0253 -0.000875884684229596 -0.000401950524626795 -3.8341106500551 914.563117848838 562683703.28643
-0.0254 -0.000401030765663404 -0.000969013491961993 -3.84771600644417 914.469287632582 562665483.410235
-0.0255 -0.000958646178300557 -0.000448615201284596 -3.86149471359006 914.375457416326 562646637.338688
-0.0256 -0.000522617443480229 -0.00115769202039024 -3.87541662113238 914.28162720007 562627976.574753
-0.0257 -0.00114112542579993 -0.000410404393712137 -3.88919913417293 914.187796983814 562610244.742209
-0.0258 -0.000591897478278235 -0.00104303615196497 -3.90305446314176 914.093966767558 562592289.663444
-0.0259 -0.000885039906589907 -0.00029055485675372 -3.91667154177942 914.000136551301 562574620.243353
-0.026 -0.000660256346116667 -0.00104415521003364 -3.93059742747608 913.906306335045 562554690.028118
-0.0261 -0.000920804686350049 -0.00057504806115272 -3.94440486281647 913.812476118789 562536731.211098
-0.0262 -0.000907025834902826 -0.001011453645828 -3.9583010171655 913.718645902533 562518069.819324
-0.0263 -0.000639389562389968 -0.00103905411760034 -3.97176689028027 913.624815686277 562501089.760786
-0.0264 -0.000949952958681259 -0.000737658771822154 -3.98554538387387 913.530985470021 562483204.53981
-0.0265 -0.000691365982414201 -0.000852554138954109 -3.99917872887821 913.437155253765 562465694.942654
-0.0266 -0.000819215032413248 -0.000678580900441944 -4.01320000802672 913.343325037508 562446149.042994
-0.0267 -0.000469924291940065 -0.000892544279399603 -4.0270363544217 913.249494821252 562427972.028125
-0.0268 -0.00101046549660178 -0.000632056039362468 -4.04067638687965 913.155664604996 562408785.518261
-0.0269 -0.000777463218906417 -0.0007002367580034 -4.05440511448811 913.06183438874 562391445.223872
-0.027 -0.000820658422201896 -0.000749638809917427 -4.06798730847324 912.968004172484 562373025.953224
-0.0271 -0.000834693123803915 -0.000781277398130744 -4.08199407188741 912.874173956227 562355539.381179
-0.0272 -0.000741703181121836 -0.000828741084749174 -4.09584976664387 912.780343739971 562337940.167866
-0.0273 -0.000948606068925672 -0.00050128664554866 -4.10955471138921 912.686513523715 562319579.983529
-0.0274 -0.000575181012015962 -0.00111491274649273 -4.1231844674476 912.592683307459 562300291.137721
-0.0275 -0.00101984420994527 -0.000377412681537809 -4.13674866953728 912.498853091203 562283083.992676
-0.0276 -0.00033567083285156 -0.00116255354883908 -4.15066703450925 912.405022874947 562264846.828988
-0.0277 -0.000852202144664273 -0.00069100983011202 -4.16461800962602 912.311192658691 562247163.358165
-0.0278 -0.000596957522799503 -0.000997940924477855 -4.17824970034229 912.217362442434 562229162.164824
-0.0279 -0.00103402302977991 -0.000679368946432066 -4.19185056700821 912.123532226178 562210864.894172
-0.028 -0.00085793423029784 -0.00101598999461101 -4.20568708178504 912.029702009922 562192318.573247
-0.0281 -0.000865765390829749 -0.000621957636749611 -4.21936998448411 911.935871793666 562174493.167062
-0.0282 -0.00083274648804291 -0.00101744749888995 -4.23326422389392 911.84204157741 562156770.037519
-0.0283 -0.000698009215520044 -0.00076577134571364 -4.24678381687311 911.748211361154 562140377.370875
-0.0284 -0.000791530351251595 -0.000766734905966782 -4.26072585977994 911.654381144897 562122210.901575
-0.0285 -0.000465935184595567 -0.000966134363386025 -4.27460469542321 911.560550928641 562103868.952053
-0.0286 -0.00114319984857935 -0.000419575050134892 -4.28823406177169 911.466720712385 562085655.424574
-0.0287 -0.000781538241884658 -0.000922450000540181 -4.30188655755924 911.372890496129 562067531.739386
-0.0288 -0.000592980055263254 -0.00109725872432534 -4.3157381276861 911.279060279873 562049474.889783
-0.0289 -0.000832744005355644 -0.000558315143140355 -4.3292169386246 911.185230063616 562032042.280828
-0.029 -0.000917154977780573 -0.000868543165989985 -4.34304451864132 911.09139984736 562013744.863276
-0.0291 -0.000845224577184655 -0.000834351697036979 -4.35683349491686 910.997569631104 561995814.61848
-0.0292 -0.000571949911608684 -0.000976104336547175 -4.3707769965633 910.903739414848 561978868.546652
-0.0293 -0.000597241458512886 -0.000705917761909058 -4.38450414869406 910.809909198592 561961619.89748
-0.0294 -0.000726627220711829 -0.000475339998132687 -4.39801402181928 910.716078982336 561943968.560409
-0.0295 -0.000991040409931354 -0.00090221035259696 -4.41181053489461 910.62224876608 561925202.310067
-0.0296 -0.000764197611682417 -0.000934903000352981 -4.42551543848105 910.528418549823 561907590.917814
-0.0297 -0.000882470322801371 -0.000561565989775034 -4.43927236952102 910.434588333567 561890349.949921
-0.0298 -0.000618510825856618 -0.000978789914077309 -4.45317564200531 910.340758117311 561872693.79289
-0.0299 -0.000944176783527872 -0.00052298875430272 -4.46680145869072 910.246927901055 561855263.954351
-0.03 -0.000911488172345768 -0.00074922605492159 -4.48054950095462 910.153097684799 561837542.462678
-0.0301 -0.000642116954551309 -0.000708198360615905 -4.49431041755409 910.059267468543 561819346.261406
-0.0302 -0.000620190916485194 -0.000745160033217399 -4.50802754177426 909.965437252286 561802385.815461
-0.0303 -0.000914284515940483 -0.000847645407499597 -4.52174318578275 909.87160703603 561784431.30029
-0.0304 -0.000805575423472756 -0.000652718135520576 -4.53553567641717 909.777776819774 561768298.09199
-0.0305 -0.000764743127366013 -0.000808807414719165 -4.54923211439147 909.683946603518 561750418.752832
-0.0306 -0.000762807658504653 -0.00060454037276097 -4.5628990924667 909.590116387262 561732805.810825
-0.0307 -0.000731741602323093 -0.000874503728150747 -4.5766224355807 909.496286171006 561714443.336408
-0.0308 -0.000899106107741863 -0.000611607133617081 -4.59017206486886 909.402455954749 561697845.634554
-0.0309 -0.000909259676145672 -0.000682459886221486 -4.60418371702615 909.308625738493 561679198.797501
-0.031 -0.000712822808699824 -0.000652216136688786 -4.61799929454383 909.214795522237 561662159.356082
-0.0311 -0.000902532826084865 -0.000514825621058977 -4.63159104631755 909.120965305981 561644845.958244
-0.0312 -0.000493122855165037 -0.000708724289665416 -4.64513103092 909.027135089725 561628716.301885
-0.0313 -0.00102626993507454 -0.000551324057666139 -4.65896154343997 908.933304873469 561610621.703313
-0.0314 -0.000546491854089447 -0.000852566166431006 -4.67266359149812 908.839474657212 561592622.779039
-0.0315 -0.0011576005661847 -0.000543196602211454 -4.68636465482732 908.745644440956 561574502.383252
-0.0316 -0.000646186871514172 -0.00119444514547394 -4.70023004382429 908.6518142247 561557777.013508
-0.0317 -0.000999448415049196 -0.000790726913054621 -4.71403932251863 908.557984008444 561541513.08307
-0.0318 -0.000682351923374254 -0.000616762473506628 -4.72736084388136 908.464153792188 561524820.318342
-0.0319 -0.0008226758733054 -0.000996151395278855 -4.74113907823285 908.370323575932 561506332.229275
-0.032 -0.000888565991137567 -0.000677310168963306 -4.75485755862463 908.276493359675 561489419.88997
-0.0321 -0.000729789447300964 -0.00102394101763809 -4.76864132187515 908.182663143419 561471577.150332
-0.0322 -0.00110953699377708 -0.000734893033872786 -4.78260366173177 908.088832927163 561453613.735783
-0.0323 -0.000695215090937048 -0.00103114462622944 -4.79615388690062 907.995002710907 561437906.131199
-0.0324 -0.000952094271606895 -0.000881658669629996 -4.80964239043911 907.901172494651 561421169.560239
-0.0325 -0.000758709158021785 -0.000753782966763515 -4.82346339672809 907.807342278395 561404034.473695
-0.0326 -0.000902407250826795 -0.000848366856639228 -4.83727797567482 907.713512062139 561385464.962194
-0.0327 -0.000887094030955997 -0.000764608711157907 -4.85098193948433 907.619681845882 561368934.132126
-0.0328 -0.000721109615402147 -0.00106254331407727 -4.86448317948343 907.525851629626 561351690.637172
-0.0329 -0.000919333325582022 -0.000500873960575489 -4.87807962330415 907.43202141337 561334670.421078
-0.033 -0.00069780083645931 -0.000984435992640617 -4.892041087181 907.338191197114 561316812.680621
-0.0331 -0.000975810812940544 -0.000607553419685178 -4.90572804078651 907.244360980858 561299557.229347
-0.0332 -0.000864134658637137 -0.00113590908206165 -4.91976261896211 907.150530764601 561282927.640307
-0.0333 -0.000672115745412096 -0.000749739857425496 -4.93304699885715 907.056700548345 561266985.34321
-0.0334 -0.000715975998275392 -0.000908645125744669 -4.94669690214059 906.962870332089 561250087.311572
-0.0335 -0.000833043925765194 -0.000784404434294331 -4.96020951622846 906.869040115833 561232613.788577
-0.0336 -0.00104394271209836 -0.000734677396903239 -4.97408019066225 906.775209899577 561215318.517826
-0.0337 -0.000614745203741468 -0.000708017542493694 -4.98778625111027 906.681379683321 561198561.900308
-0.0338 -0.000976002274358122 -0.000791472389712171 -5.00140716331875 906.587549467064 561181779.263492
-0.0339 -0.00068365960538942 -0.000994554946302935 -5.01523324627232 906.493719250808 561164861.591095
-0.034 -0.00104647858274789 -0.000466216803076555 -5.02909242657523 906.399889034552 561147693.166945
-0.0341 -0.000270758283391565 -0.00102924918938216 -5.04250616927819 906.306058818296 561130488.534698
-0.0342 -0.00085261804082204 -0.000809084492413793 -5.0561217327421 906.21222860204 561113139.574235
-0.0343 -0.000835396950371918 -0.000889496293446219 -5.06986874919856 906.118398385784 561097609.400294
-0.0344 -0.00056510319678583 -0.000880468345672296 -5.08347511545634 906.024568169528 561081448.044711
-0.0345 -0.000793769320868432 -0.000956605076114166 -5.09725965949817 905.930737953271 561064107.196241
-0.0346 -0.000960088289741506 -0.000802046507746674 -5.11096647171425 905.836907737015 561047232.519054
-0.0347 -0.000598329558947165 -0.000816876590941326 -5.12465552370671 905.743077520759 561029906.40665
-0.0348 -0.000834181815477571 -0.000898122202064637 -5.13841125334591 905.649247304503 561012894.495687
-0.0349 -0.00101403584677703 -0.000456225591575944 -5.15183434730106 905.555417088247 560997231.883828
-0.035 -0.000494999574309694 -0.00108595972246216 -5.16536661761487 905.46158687199 560980126.22555
-0.0351 -0.000909916068722124 -0.000778540420818437 -5.17930015318028 905.367756655734 560962881.051388
-0.0352 -0.000652412179906873 -0.000853986472073289 -5.19300393239879 905.273926439478 560946227.891234
-0.0353 -0.000762807716594798 -0.000707582127637843 -5.20654426507294 905.180096223222 560929332.421085
-0.0354 -0.000931495713121628 -0.000765693361820335 -5.22008626326681 905.086266006966 560913606.491629
-0.0355 -0.000844030862613992 -0.000709509527028524 -5.23363266155846 904.99243579071 560897089.643445
-0.0356 -0.00078638719305063 -0.000740540321459673 -5.24754662420504 904.898605574454 560881012.371247
-0.0357 -0.000563560416801901 -0.000902803243845533 -5.26096881764074 904.804775358197 560864099.206894
-0.0358 -0.000880555999175299 -0.000522575127805603 -5.27482775488884 904.710945141941 560847497.406714
-0.0359 -0.000825869626630976 -0.000880943650206829 -5.28859153999147 904.617114925685 560829918.322888
-0.036 -0.00073961582278682 -0.000881016766275045 -5.3021325180957 904.523284709429 560813756.41358
-0.0361 -0.00052967679515258 -0.000990090932521806 -5.31582718202035 904.429454493173 560797357.987039
-0.0362 -0.00070139701969745 -0.000578074392277154 -5.32945977823848 904.335624276917 560782003.896181
-0.0363 -0.00115940253641704 -0.000669353394611777 -5.34338254408881 904.24179406066 560764961.289189
-0.0364 -0.000516419422474466 -0.000799316105673015 -5.35666879321359 904.147963844404 560748680.842105
-0.0365 -0.00103207168759844 -0.000919057289349704 -5.37042904463066 904.054133628148 560731201.459111
-0.0366 -0.000566847610518434 -0.000878303264264822 -5.38397057489731 903.960303411892 560715255.702755
-0.0367 -0.00112475362168795 -0.000948673587369373 -5.39769888309055 903.866473195636 560698166.122841
-0.0368 -0.000753016075097507 -0.00113879749496268 -5.4112504984672 903.772642979379 560682236.573042
-0.0369 -0.000812405200686091 -0.000734153975338317 -5.425048055707 903.678812763123 560665958.358244
-0.037 -0.000930604512720049 -0.000593933825877434 -5.43870116990773 903.584982546867 560649583.53821
-0.0371 -0.000712391508079277 -0.00120879330333567 -5.45230405183457 903.491152330611 560633216.719078
-0.0372 -0.000790463346692855 -0.000838528948057162 -5.46581404570232 903.397322114355 560617441.599405
-0.0373 -0.000602828129095923 -0.000950441850593887 -5.47950286938511 903.303491898099 560601235.610359
-0.0374 -0.00099142814612096 -0.000594696228552069 -5.4930637951368 903.209661681843 560583910.132388
-0.0375 -0.000592920669107483 -0.000922834600111499 -5.50659877271129 903.115831465586 560567985.340765
-0.0376 -0.00101593162327895 -0.000855268907173282 -5.52046707645804 903.02200124933 560552653.132338
-0.0377 -0.000496246861763569 -0.000867630597167717 -5.5338311721889 902.928171033074 560536711.839125
-0.0378 -0.000777819604043623 -0.000790863563378424 -5.54747926281397 902.834340816818 560520097.678783
-0.0379 -0.000893930177549896 -0.000634165376363056 -5.56118613313043 902.740510600562 560503397.392753
-0.038 -0.000478164260796951 -0.00101055850412054 -5.5748845166288 902.646680384305 560486921.92513
-0.0381 -0.000977761522012719 -0.000448406549008457 -5.58841573037882 902.552850168049 560471177.337356
-0.0382 -0.00101535144174181 -0.000810483372296275 -5.60186112426393 902.459019951793 560455531.760648
-0.0383 -0.000759531937758975 -0.00123973992355392 -5.61554764612681 902.365189735537 560439751.190998
-0.0384 -0.000506416074799291 -0.00100562547891834 -5.62916204104682 902.271359519281 560424431.606245
-0.0385 -0.00100628993578445 -0.000692691661914898 -5.64300446437041 902.177529303025 560406824.264266
-0.0386 -0.000767664852744087 -0.000727344756102729 -5.65649901617688 902.083699086769 560390948.161597
-0.0387 -0.00102386499317247 -0.000773554633938792 -5.67010195197828 901.989868870512 560374704.117957
-0.0388 -0.000654751733761902 -0.000963990195788947 -5.68347318048235 901.896038654256 560358579.779329
-0.0389 -0.000846901827077529 -0.0006944230904018 -5.69701306095333 901.802208438 560342531.342449
-0.039 -0.00103951691817309 -0.000797647973693716 -5.71079960629711 901.708378221744 560326337.788216
-0.0391 -0.000796167042247027 -0.000862008470567394 -5.72444805916737 901.614548005488 560311308.970149
-0.0392 -0.000556087595098197 -0.000746275243426785 -5.7378511517405 901.520717789232 560295918.616589
-0.0393 -0.000970634663754689 -0.000691221339778574 -5.7515768492524 901.426887572975 560279019.436183
-0.0394 -0.00068994204931494 -0.000963452450827451 -5.76516478168189 901.333057356719 560262257.735697
-0.0395 -0.00130770751362085 -0.000803437332305723 -5.77876450943749 901.239227140463 560246475.205522
-0.0396 -0.000712939140241091 -0.00105650440571946 -5.79215978431334 901.145396924207 560231533.358715
-0.0397 -0.000965479806665701 -0.000526786422419393 -5.80594107469017 901.051566707951 560215802.127944
-0.0398 -0.000896772474541158 -0.000801735340873437 -5.81966492969043 900.957736491695 560199949.596613
-0.0399 -0.000939729169637527 -0.00114778315422463 -5.83313058014974 900.863906275438 560184991.011436
-0.04 -0.000951256015513627 -0.000670136592435923 -5.84633551525836 900.770076059182 560168965.681806
-0.0401 -0.000621786197501058 -0.00117691114496452 -5.86021957576573 900.676245842926 560152203.993948
-0.0402 -0.00118876967506753 -0.000666262162568871 -5.87392977100211 900.58241562667 560135713.742159
-0.0403 -0.000818037111971796 -0.000980672624154683 -5.88723287308073 900.488585410414 560120431.420852
-0.0404 -0.000978244666201393 -0.000461085399177529 -5.90064961541148 900.394755194158 560105815.735775
-0.0405 -0.000609295835272824 -0.00106304718266766 -5.91458694914684 900.300924977901 560090308.201731
-0.0406 -0.00100904948378879 -0.000789847075086117 -5.92813120100746 900.207094761645 560074000.604301
-0.0407 -0.0011803750877579 -0.00055911692919619 -5.94179648498615 900.113264545389 560057668.090593
-0.0408 -0.000271593978054621 -0.000906443034265863 -5.9550398183576 900.019434329133 560042943.84362
-0.0409 -0.00126402583529663 -0.000680738635102418 -5.96881146723899 899.925604112877 560026621.299628
-0.041 -0.000449807448650302 -0.000994930576905826 -5.98216489194829 899.831773896621 560011830.594828
-0.0411 -0.00103207093114275 -0.000630560125426436 -5.99589356734237 899.737943680364 559996055.336013
-0.0412 -0.000700732332230477 -0.00122187175497772 -6.00955586884128 899.644113464108 559980501.314776
-0.0413 -0.000860578636383528 -0.000842772145848769 -6.02272403908474 899.550283247852 559964688.591131
-0.0414 -0.00102760277008317 -0.000779673497026727 -6.03632594972056 899.456453031596 559948923.269868
-0.0415 -0.000588297306080305 -0.00102199172132498 -6.04997421183681 899.36262281534 559933933.144753
-0.0416 -0.00122167828583343 -0.000503541491291421 -6.06347866667512 899.268792599084 559918295.657353
-0.0417 -0.000640347946055365 -0.00129212060998506 -6.07695527774327 899.174962382828 559903442.98615
-0.0418 -0.00111650800011531 -0.000583215730461351 -6.09034681274428 899.081132166571 559888156.003848
-0.0419 -0.000757638464519619 -0.00107431380683748 -6.10399339989892 898.987301950315 559871965.253454
-0.042 -0.000826777580415051 -0.00109319603657302 -6.11783239827913 898.893471734059 559855443.800744
-0.0421 -0.000747187382801526 -0.000650137814141859 -6.13101239187664 898.799641517803 559841171.156972
-0.0422 -0.000977964323098032 -0.00112318005121737 -6.14456666784623 898.705811301547 559825215.912922
-0.0423 -0.000829568938468266 -0.00086153153236268 -6.15806673083528 898.61198108529 559811446.353344
-0.0424 -0.000933906710505767 -0.00104206341046865 -6.17188848676029 898.518150869034 559795137.746252
-0.0425 -0.000838539176300687 -0.000863373065297923 -6.18528004310082 898.424320652778 559779970.347622
-0.0426 -0.000833982449551079 -0.000702205113976249 -6.19856627298952 898.330490436522 559764520.770107
-0.0427 -0.000867503865580519 -0.00094533541811448 -6.21215046708468 898.236660220266 559749372.348325
-0.0428 -0.000921791674576511 -0.000948089274164179 -6.22570232577271 898.14283000401 559734324.801092
-0.0429 -0.000961301500773341 -0.000799967903236395 -6.23918741202945 898.048999787753 559719612.479172
-0.043 -0.000872079325917417 -0.000802425378695845 -6.25294893065461 897.955169571497 559703731.248031
-0.0431 -0.000815729897166411 -0.00111548005901218 -6.26650244849691 897.861339355241 559688262.304079
-0.0432 -0.00097043479512493 -0.000991158196255921 -6.27967216605035 897.767509138985 559673273.319223
-0.0433 -0.000975401867409507 -0.000991300844970079 -6.29323943772254 897.673678922729 559657941.012859
-0.0434 -0.000625549712530766 -0.000976183079688712 -6.3067297534967 897.579848706473 559643138.763005
-0.0435 -0.000731012006514102 -0.000807377929902732 -6.32009578685115 897.486018490217 559628463.733439
-0.0436 -0.00101308097819209 -0.00081352186353762 -6.33359277917981 897.39218827396 559613638.967961
-0.0437 -0.000961879968029309 -0.000882236100859248 -6.34703412008092 897.298358057704 559598837.559573
-0.0438 -0.000946589450180275 -0.00108002244466991 -6.36074795222254 897.204527841448 559582908.214614
-0.0439 -0.000851619471581798 -0.000708278996876279 -6.37415117410369 897.110697625192 559567900.338792
-0.044 -0.000848138652570835 -0.000853654017186278 -6.38765766572509 897.016867408936 559552459.149827
-0.0441 -0.000775183890421189 -0.00104946348778992 -6.40127006168101 896.923037192679 559537034.123596
-0.0442 -0.00110084639823378 -0.000874355459332264 -6.41481868168016 896.829206976423 559523220.290552
-0.0443 -0.000583014661620616 -0.000919925704749038 -6.42791545492524 896.735376760167 559509376.914907
-0.0444 -0.0010038209916633 -0.000824479818618271 -6.44153841978993 896.641546543911 559493526.419347
-0.0445 -0.000420361637421237 -0.00131656740524346 -6.45504320187428 896.547716327655 559477928.83597
-0.0446 -0.00108490975260594 -0.000585876396213364 -6.46851079826013 896.453886111399 559462779.137136
-0.0447 -0.000797457609295899 -0.000733981085531909 -6.48173975550866 896.360055895143 559448134.508646
-0.0448 -0.000577099478334283 -0.000828110916658222 -6.49546977304893 896.266225678886 559433316.512254
-0.0449 -0.000927388261455469 -0.000820373418060598 -6.50895230226787 896.17239546263 559418684.116161
-0.045 -0.000433034245728882 -0.000846126689346009 -6.52229320469516 896.078565246374 559404633.96268
-0.0451 -0.00121314838971536 -0.000324736394598957 -6.5357219146886 895.984735030118 559389427.542434
-0.0452 -0.000539428521902895 -0.00134550335604347 -6.5491340535064 895.890904813862 559373462.787547
-0.0453 -0.000942250211648627 -0.000753766113341679 -6.5625641318637 895.797074597606 559358850.382085
-0.0454 -0.000910520620190777 -0.000777959386167482 -6.5758948269752 895.703244381349 559344467.062207
-0.0455 -0.000465963619689669 -0.00118650367752471 -6.58933828279565 895.609414165093 559330790.812992
-0.0456 -0.00108478863190634 -0.000701763382229774 -6.6029413400974 895.515583948837 559316326.153336
-0.0457 -0.000625224256870858 -0.0010408298000624 -6.61627294260855 895.421753732581 559301533.168856
-0.0458 -0.0012520961674843 -0.000848105996389078 -6.62973808815228 895.327923516325 559286059.983816
-0.0459 -0.000810414434244992 -0.00111284841000255 -6.64314873138948 895.234093300068 559271010.039122
-0.046 -0.00115118144051374 -0.000593573243504651 -6.65657674720826 895.140263083812 559256198.020182
-0.0461 -0.00100361006820512 -0.00069619763496209 -6.67014914535945 895.046432867556 559241396.596303
-0.0462 -0.000642138630949928 -0.00109459084404411 -6.68363096452977 894.9526026513 559226764.341644
-0.0463 -0.00130398468947652 -0.000492294763723746 -6.69690950841843 894.858772435044 559213357.608314
-0.0464 -0.00055385211626455 -0.0012724834396973 -6.71040798128653 894.764942218788 559198163.411624
-0.0465 -0.000741464221559946 -0.000716634744401606 -6.7237256438102 894.671112002532 559184134.337837
-0.0466 -0.0010961439775421 -0.00106410568469097 -6.73705209522322 894.577281786275 559168217.8175
-0.0467 -0.000809482889598444 -0.00109457273651168 -6.75033243658847 894.483451570019 559154654.214664
-0.0468 -0.0012476300120285 -0.000835869598688169 -6.76386743443993 894.389621353763 559139728.07266
-0.0469 -0.000600891486301344 -0.00118950684058423 -6.77731385892541 894.295791137507 559125404.771953
-0.047 -0.00127942608955361 -0.000512045236677561 -6.79097502761283 894.201960921251 559111257.126208
-0.0471 -0.000821913579353972 -0.00129116840880436 -6.80435557105003 894.108130704995 559096611.864492
-0.0472 -0.000809395693349579 -0.000712871121307976 -6.81739058521683 894.014300488738 559082234.298435
-0.0473 -0.00103045398392696 -0.000873247982653185 -6.83085678524823 893.920470272482 559066951.067218
-0.0474 -0.00061054200014898 -0.00107542580326903 -6.84429942590743 893.826640056226 559053253.025633
-0.0475 -0.00122433509490796 -0.000637904101158895 -6.85765495545233 893.73280983997 559039255.406076
-0.0476 -0.000526059987698754 -0.00100626141964143 -6.8709700293427 893.638979623714 559025726.863413
-0.0477 -0.00105002740167263 -0.000962832876783746 -6.88454602908184 893.545149407458 559010594.514248
-0.0478 -0.000852416674123172 -0.0009321875191388 -6.8979491893389 893.451319191201 558995846.637239
-0.0479 -0.000847482338822395 -0.00113116410689092 -6.91129168523445 893.357488974945 558981612.929223
-0.048 -0.0010540180635157 -0.00069469845251294 -6.9244910481747 893.263658758689 558967416.770763
-0.0481 -0.000856598281920905 -0.00133108182379496 -6.93792618036206 893.169828542433 558953402.045817
-0.0482 -0.000885226563781873 -0.000568987268050701 -6.95092075079365 893.075998326177 558941096.427142
-0.0483 -0.00100036143685025 -0.00116884441832452 -6.9646260315185 892.982168109921 558924833.282888
-0.0484 -0.000881112394056882 -0.000915552019250183 -6.97806600172438 892.888337893664 558910491.11841
-0.0485 -0.00107234270201404 -0.000960873129675593 -6.99128234089815 892.794507677408 558896297.396521
-0.0486 -0.000873771144639614 -0.000802727174965783 -7.00441359191124 892.700677461152 558883229.515232
-0.0487 -0.00129061200787532 -0.000943041737456784 -7.01819570041479 892.606847244896 558868421.437464
-0.0488 -0.000739424954989353 -0.00104061793539348 -7.03132222478649 892.51301702864 558854705.764184
-0.0489 -0.00113405858644138 -0.000612264122305106 -7.04465914849793 892.419186812384 558841041.906283
-0.049 -0.00106985785024721 -0.00111481280795207 -7.05796929762982 892.325356596127 558826078.810971
-0.0491 -0.00102564668983468 -0.00068242242851216 -7.07129204005181 892.231526379871 558811987.487399
-0.0492 -0.00102078369273902 -0.00111729950994988 -7.08471765715432 892.137696163615 558797397.632524
-0.0493 -0.00110189672449274 -0.000938323464638497 -7.09788949701988 892.043865947359 558784072.923234
-0.0494 -0.000897201772678219 -0.000968262912159808 -7.11109191970085 891.950035731103 558771254.000244
-0.0495 -0.000905211891915671 -0.000956157701604112 -7.12450767376096 891.856205514847 558756967.798629
-0.0496 -0.0010167991381122 -0.000901112769062236 -7.13816649372048 891.76237529859 558742529.518733
-0.0497 -0.000864894799638544 -0.000847852428174151 -7.15120672366219 891.668545082334 558727986.790391
-0.0498 -0.000859494081327672 -0.00100918992497538 -7.16443395959272 891.574714866078 558714547.811738
-0.0499 -0.000976033848796634 -0.000645641818464789 -7.17769807770912 891.480884649822 558700344.802886
-0.05 -0.000781281887921657 -0.00114714763377589 -7.1912546576919 891.387054433566 558687270.398278
-0.0501 -0.00116479823613358 -0.000687034438933287 -7.20431132316605 891.29322421731 558674104.583424
-0.0502 -0.000627279881848818 -0.00113080879072522 -7.21763954669472 891.199394001053 558660022.857468
-0.0503 -0.00105169393428766 -0.000556150192012764 -7.23080028100962 891.105563784797 558644796.113159
-0.0504 -0.000923144438716912 -0.00107396709836795 -7.24445039543628 891.011733568541 558631030.883011
-0.0505 -0.00076195276017667 -0.0011295018715675 -7.25748841728619 890.917903352285 558617398.44524
-0.0506 -0.00106050222894002 -0.000614180638910758 -7.27073993498457 890.824073136029 558605382.865754
-0.0507 -0.000860905337517669 -0.00134793941271565 -7.28424273593619 890.730242919773 558591079.215321
-0.0508 -0.000778040339044266 -0.00103998431755851 -7.2973642875845 890.636412703516 558576608.260275
-0.0509 -0.00106533474472245 -0.00105325913411489 -7.31086391575271 890.54258248726 558561999.155787
-0.051 -0.000767331007760467 -0.000697396299952184 -7.3237846048939 890.448752271004 558549681.254053
-0.0511 -0.00118782796473602 -0.000791822884657884 -7.33721023419092 890.354922054748 558536085.140132
-0.0512 -0.000733928498055462 -0.00135474225805043 -7.35047166073628 890.261091838492 558522683.366661
-0.0513 -0.000908036629551861 -0.00108307502341905 -7.36344377500797 890.167261622236 558509337.421878
-0.0514 -0.000947046617575089 -0.0010250354970003 -7.3767391738235 890.073431405979 558494030.404949
-0.0515 -0.00104703538221872 -0.000999053553126062 -7.39030717717452 889.979601189723 558480468.809194
-0.0516 -0.00105890344807454 -0.00094260502238212 -7.40351409397703 889.885770973467 558467625.870129
-0.0517 -0.00101735993400129 -0.0010885244635836 -7.41669249770349 889.791940757211 558454446.335747
-0.0518 -0.00099060107605229 -0.000881018948379223 -7.42985447560693 889.698110540955 558441589.974917
-0.0519 -0.00102633195877774 -0.0012717983292634 -7.44326271845964 889.604280324699 558427651.244601
-0.052 -0.00109867060666333 -0.000997086259016919 -7.45624692572382 889.510450108442 558413387.289291
-0.0521 -0.000947154472617293 -0.000921249167949398 -7.4695317421662 889.416619892186 558399818.21459
-0.0522 -0.00079054689733637 -0.000976834068851649 -7.48266847077185 889.32278967593 558387119.568774
-0.0523 -0.00127145062641061 -0.00071753588696831 -7.49604733864417 889.228959459674 558373603.225294
-0.0524 -0.000882931162070214 -0.00121032094446076 -7.50943475483935 889.135129243418 558359855.414171
-0.0525 -0.00101332246587511 -0.000826683422363421 -7.52265815070083 889.041299027162 558347261.624827
-0.0526 -0.00082515391523718 -0.00103846013350962 -7.53560464284305 888.947468810906 558334170.559881
-0.0527 -0.00111885720330863 -0.000872044027957623 -7.54882134528764 888.853638594649 558320201.519323
-0.0528 -0.00107540881163685 -0.000648701841876598 -7.56199322667794 888.759808378393 558307421.384595
-0.0529 -0.000493963350477235 -0.00126938957970734 -7.57551348988712 888.665978162137 558293334.791283
-0.053 -0.00117811233911179 -0.000658047572591388 -7.58855643812062 888.572147945881 558281174.12669
-0.0531 -0.000763058264598311 -0.00128665248050557 -7.60163801694054 888.478317729625 558268128.748963
-0.0532 -0.00113361016091988 -0.000841403277212948 -7.61474961688825 888.384487513368 558254850.385492
-0.0533 -0.000980275715604081 -0.000989545259833183 -7.62811671028361 888.290657297112 558241173.649335
-0.0534 -0.000853566007871883 -0.00117079067873555 -7.64142715526921 888.196827080856 558227600.268931
-0.0535 -0.00125425488104967 -0.00064558373919293 -7.65450111314332 888.1029968646 558214782.581302
-0.0536 -0.00064733965747157 -0.00140018720494874 -7.66759204206113 888.009166648344 558202005.946632
-0.0537 -0.000940100318436144 -0.000803882730711444 -7.68072755493602 887.915336432088 558189076.022776
-0.0538 -0.00103816137329247 -0.000848688166418803 -7.69411182832366 887.821506215832 558176122.320436
-0.0539 -0.000780402847271291 -0.000984371070055387 -7.70712136180103 887.727675999575 558163453.861725
-0.054 -0.00106967743968247 -0.00107176826537477 -7.72051612353545 887.633845783319 558149081.568907
-0.0541 -0.000606857909414157 -0.00111766582747542 -7.73341271782058 887.540015567063 558136345.950328
-0.0542 -0.00116310869277242 -0.000707519228504356 -7.74655306929106 887.446185350807 558123496.937951
-0.0543 -0.000681241357696251 -0.00129371380082719 -7.75989244761656 887.352355134551 558110174.330056
-0.0544 -0.00111566079257095 -0.000819742365047127 -7.77305646961522 887.258524918295 558098271.730902
-0.0545 -0.00118148951471084 -0.000715983759043064 -7.78590720172962 887.164694702038 558085734.512633
-0.0546 -0.000951174171367727 -0.00122630593766015 -7.79919141288799 887.070864485782 558071791.53725
-0.0547 -0.00104748028947 -0.000932765749129424 -7.8124247108121 886.977034269526 558058626.648787
-0.0548 -0.00104995497835154 -0.00125721155582348 -7.82554693969313 886.88320405327 558044925.58294
-0.0549 -0.00120918167416961 -0.000942146753717414 -7.83851078430932 886.789373837014 558032606.060053
-0.055 -0.00130971334214436 -0.000760976040496167 -7.85147440577594 886.695543620757 558020389.773955
-0.0551 -0.000901038588870229 -0.0012422301987901 -7.86492118766065 886.601713404501 558008033.752369
-0.0552 -0.00112876104066703 -0.000984961246145196 -7.87793482172225 886.507883188245 557994970.651899
-0.0553 -0.00101213451268646 -0.000933773415301449 -7.89114952867767 886.414052971989 557981395.692108
-0.0554 -0.00098578108241903 -0.000789045995475827 -7.90414840028 886.320222755733 557968172.196751
-0.0555 -0.000843409728830922 -0.000994524180112592 -7.91706354668092 886.226392539477 557956312.332973
-0.0556 -0.000822012678149199 -0.001085926798391 -7.93033080342076 886.132562323221 557943995.094777
-0.0557 -0.00104775357659729 -0.00121894292962765 -7.94353696476421 886.038732106964 557931060.987952
-0.0558 -0.00122101760397478 -0.0012000087682954 -7.95686885230475 885.944901890708 557917349.953645
-0.0559 -0.0012078528818353 -0.000663077558776437 -7.96956291739367 885.851071674452 557904939.40376
-0.056 -0.00102978828249154 -0.0012334028271692 -7.98255994760174 885.757241458196 557892216.534884
-0.0561 -0.000999556727800314 -0.0010454168907281 -7.99586890171357 885.66341124194 557880237.742708
-0.0562 -0.00112296209905008 -0.000830376151814684 -8.00885620628259 885.569581025684 557867277.444642
-0.0563 -0.00107066679590881 -0.0010756634332032 -8.02189865651348 885.475750809427 557855311.17754
-0.0564 -0.00103775467256075 -0.00117727074986348 -8.03484263215583 885.381920593171 557842118.081385
-0.0565 -0.000953760981658104 -0.00102955082895995 -8.04791464615753 885.288090376915 557828977.431964
-0.0566 -0.00136407854559491 -0.000972692393704403 -8.06126827445329 885.194260160659 557816559.743563
-0.0567 -0.000974097511753173 -0.0012651470975887 -8.07426232319843 885.100429944403 557804923.853968
-0.0568 -0.000981035899190674 -0.00092187569775906 -8.08701621742277 885.006599728147 557792930.91329
-0.0569 -0.00121498019644047 -0.00112448830698279 -8.10013073068228 884.91276951189 557779473.511423
-0.057 -0.00141186338936811 -0.000986552019336414 -8.11316768222149 884.818939295634 557767187.671423
-0.0571 -0.00114222165198886 -0.00142335860671365 -8.12606173251859 884.725109079378 557754417.444341
-0.0572 -0.00132692404115747 -0.0012031269055474 -8.13892972005311 884.631278863122 557741508.516826
-0.0573 -0.00124307979640395 -0.000982905274495241 -8.15229688019182 884.537448646866 557729597.110085
-0.0574 -0.000970972698557669 -0.00141758363234516 -8.16548193241712 884.44361843061 557717616.332187
-0.0575 -0.00133073566497534 -0.000591367452893342 -8.17828010689076 884.349788214353 557706281.22895
-0.0576 -0.000942347016835384 -0.0012952623096011 -8.19141526801648 884.255957998097 557693073.951018
-0.0577 -0.00122651496179387 -0.000797730787851674 -8.20434736431658 884.162127781841 557680421.56215
-0.0578 -0.00103121735454784 -0.00116846337458013 -8.21748814799564 884.068297565585 557667501.129032
-0.0579 -0.000844805906048169 -0.00131922471992303 -8.2303999265555 883.974467349329 557655711.14113
-0.058 -0.00117029027708501 -0.000459885678103046 -8.24327644193248 883.880637133073 557644736.782956
-0.0581 -0.000735495588349209 -0.00163554339364703 -8.25650816276144 883.786806916816 557632331.516922
-0.0582 -0.00119153857596634 -0.000741128523650005 -8.26930674971844 883.69297670056 557620289.419167
-0.0583 -0.000822599224133915 -0.00122746195141141 -8.28260037291191 883.599146484304 557606908.070985
-0.0584 -0.00117335162837982 -0.00072758624522469 -8.29538492521395 883.505316268048 557594632.752395
-0.0585 -0.00106586143809398 -0.000870364759072078 -8.3083177041819 883.411486051792 557582666.548919
-0.0586 -0.00107147205704884 -0.00104099606224205 -8.32156487942701 883.317655835536 557570833.268859
-0.0587 -0.000855833434534093 -0.00093090232881199 -8.33440136896253 883.22382561928 557559706.922235
-0.0588 -0.000904181661037692 -0.000942617521939001 -8.34736800217535 883.129995403023 557547255.657593
-0.0589 -0.00100844516012007 -0.000739319748326936 -8.36023674372975 883.036165186767 557535351.065681
-0.059 -0.000826501000570244 -0.00148531691953792 -8.37326318229568 882.942334970511 557522280.378898
-0.0591 -0.00103949139079404 -0.000899924088590912 -8.38616041942984 882.848504754255 557510479.308713
-0.0592 -0.00104221981414917 -0.00110390808180228 -8.39928248987715 882.754674537999 557498542.126496
-0.0593 -0.00109394780446367 -0.00102162776533504 -8.41206648341237 882.660844321742 557487223.420475
-0.0594 -0.00117162968053442 -0.00119569676813613 -8.42514755290235 882.567014105486 557474789.035543
-0.0595 -0.00112763456545693 -0.000841360750079056 -8.43797030804678 882.47318388923 557463804.115821
-0.0596 -0.00107258185115176 -0.000802691532181517 -8.45093041186904 882.379353672974 557451610.618069
-0.0597 -0.000710105976086638 -0.000990676924485299 -8.46386756067622 882.285523456718 557439938.211834
-0.0598 -0.000843512635487298 -0.00112290250070995 -8.47674142108824 882.191693240462 557427743.524378
-0.0599 -0.00118690144778065 -0.000929001403550871 -8.48949490859454 882.097863024205 557415901.311338
-0.06 -0.000949414571154672 -0.00103200444360527 -8.50231800669971 882.004032807949 557403768.874106
-0.0601 -0.00136212213345827 -0.000840994445079421 -8.5151827351563 881.910202591693 557392049.422527
-0.0602 -0.000880201135767374 -0.00121181418855442 -8.52830558252129 881.816372375437 557381146.564502
-0.0603 -0.00146204357341507 -0.000584607400654257 -8.54105921953095 881.722542159181 557369146.750921
-0.0604 -0.000833844465348204 -0.00129029499751792 -8.5539631084089 881.628711942925 557357581.893358
-0.0605 -0.00100652912250044 -0.000904086606355617 -8.56693737737919 881.534881726669 557345350.645679
-0.0606 -0.00111472538371164 -0.000606373367227209 -8.57991685883278 881.441051510412 557332461.325047
-0.0607 -0.000846868547492218 -0.00127646144720402 -8.59286225922144 881.347221294156 557319902.964608
-0.0608 -0.00132210515474033 -0.000936640091942571 -8.60541195683763 881.2533910779 557309683.262095
-0.0609 -0.00097890046700365 -0.00138032577215231 -8.61858289237135 881.159560861644 557298282.508641
-0.061 -0.00100405377765954 -0.00111682752316963 -8.63161286109639 881.065730645388 557286996.105913
-0.0611 -0.00128561047681024 -0.000707059927139022 -8.64426860320911 880.971900429131 557276170.108963
-0.0612 -0.00068096194332495 -0.00128438204520587 -8.65711508792333 880.878070212875 557264590.260356
-0.0613 -0.00131380077655676 -0.000766260334611982 -8.66985430171065 880.784239996619 557252130.091026
-0.0614 -0.000924053109800826 -0.00139527561211024 -8.68279245274371 880.690409780363 557240433.672046
-0.0615 -0.00135200659553584 -0.00131500498119846 -8.69585180298431 880.596579564107 557228346.785476
-0.0616 -0.00113299598633153 -0.000642931304316593 -8.708331972277 880.502749347851 557218358.159668
-0.0617 -0.00106538320721741 -0.00153934330247816 -8.72145236336711 880.408919131595 557206287.761528
-0.0618 -0.00121210389339034 -0.00070193826024364 -8.73407027065446 880.315088915338 557195613.515502
-0.0619 -0.000867821257796384 -0.00154537771927292 -8.74717699813458 880.221258699082 557183058.423903
-0.062 -0.000983924241735141 -0.00112464674404916 -8.75969176452669 880.127428482826 557172243.081432
-0.0621 -0.00142333254590815 -0.000693886488223454 -8.77264103384727 880.03359826657 557160251.376288
-0.0622 -0.000947703419502441 -0.00136990010473223 -8.78542128418301 879.939768050314 557149011.742793
-0.0623 -0.0014127498252424 -0.00100856882863757 -8.79829865635431 879.845937834058 557138161.006882
-0.0624 -0.000689056037659056 -0.000888353563674639 -8.81087366074865 879.752107617801 557128132.359249
-0.0625 -0.000971507767862584 -0.00106028050236295 -8.8239366487501 879.658277401545 557116084.036747
-0.0626 -0.00110464641543283 -0.000839024488629642 -8.83678719404912 879.564447185289 557104325.414569
-0.0627 -0.000745873437122622 -0.00148737519908452 -8.84943812447528 879.470616969033 557092409.90129
-0.0628 -0.0015194803910854 -0.000601780226868506 -8.86217891883535 879.376786752777 557080524.879006
-0.0629 -0.000632103824730999 -0.00140430928935173 -8.87498651634254 879.28295653652 557069751.228773
-0.063 -0.00133597635082513 -0.000891290755055819 -8.88779350268643 879.189126320264 557059094.760918
-0.0631 -0.00112538793642479 -0.00121269385427635 -8.9007435058512 879.095296104008 557047899.019464
-0.0632 -0.000866074221802593 -0.00129377884613858 -8.91336664649314 879.001465887752 557037104.740314
-0.0633 -0.00133683193366966 -0.000906376683441287 -8.92593042890454 878.907635671496 557026185.267449
-0.0634 -0.000985087333695057 -0.00147963671364948 -8.93888764676616 878.81380545524 557014923.713728
-0.0635 -0.00100458124296562 -0.00114265284515786 -8.95155696454882 878.719975238984 557004172.173764
-0.0636 -0.00124620199998807 -0.00105876230721605 -8.96442546771948 878.626145022727 556992074.23034
-0.0637 -0.00100368690865485 -0.00120543369644141 -8.97704062745417 878.532314806471 556980972.887517
-0.0638 -0.00120936281612357 -0.00116464142493022 -8.9898297181557 878.438484590215 556970367.111392
-0.0639 -0.000917593229705508 -0.00105635443245192 -9.00244209548342 878.344654373959 556960260.306168
-0.064 -0.00116385977287998 -0.00117073132836599 -9.015338040212 878.250824157703 556948888.316759
-0.0641 -0.00117641487776184 -0.00102481655043991 -9.02790661745164 878.156993941446 556937861.892332
-0.0642 -0.00085585255678772 -0.00127787242891233 -9.04060296955432 878.06316372519 556926477.60726
-0.0643 -0.00103451514639604 -0.00111906672334652 -9.05350399662376 877.969333508934 556915152.817432
-0.0644 -0.00123860373185578 -0.00103834203047232 -9.06610854201832 877.875503292678 556905162.782325
-0.0645 -0.000707718170018709 -0.00117933331511796 -9.0785038733205 877.781673076422 556895410.659633
-0.0646 -0.00136185626982186 -0.000822422188558407 -9.09133351011896 877.687842860166 556883744.621569
-0.0647 -0.000973209486323596 -0.00119250080950058 -9.10421824814234 877.59401264391 556872004.816342
-0.0648 -0.00102619616333148 -0.000929409406937816 -9.11679662803873 877.500182427653 556861170.833365
-0.0649 -0.00124861118965989 -0.000965664326879102 -9.12949865173389 877.406352211397 556850668.373472
-0.065 -0.000781509298622662 -0.00138733037370286 -9.14221787320074 877.312521995141 556841053.922464
-0.0651 -0.00166531624197135 -0.000818210854226692 -9.15515234177478 877.218691778885 556829126.289883
-0.0652 -0.000836603666848299 -0.00103115629088389 -9.16739213301151 877.124861562629 556819555.774625
-0.0653 -0.00126291445672672 -0.00120917027448573 -9.18008716362546 877.031031346373 556807386.672716
-0.0654 -0.00109306414524448 -0.000884899204319251 -9.19262748162588 876.937201130116 556797665.68255
-0.0655 -0.00114258726055042 -0.00110794925895605 -9.2055964207902 876.84337091386 556787190.90737
-0.0656 -0.00112091438907834 -0.000883019962443566 -9.21794403659256 876.749540697604 556777303.053781
-0.0657 -0.00125468671682615 -0.00133696763983429 -9.23073142169509 876.655710481348 556765801.846914
-0.0658 -0.00116530249091068 -0.001051884207525 -9.24336280617004 876.561880265092 556754473.59361
-0.0659 -0.00108521127718436 -0.00109188028329302 -9.25598174087603 876.468050048835 556743917.358534
-0.066 -0.000820596567930164 -0.00125935833443118 -9.26835038488237 876.374219832579 556735348.202895
-0.0661 -0.00149636303844178 -0.000774834497737482 -9.28095525764905 876.280389616323 556724547.768373
-0.0662 -0.0012243992448119 -0.00112006441742644 -9.29377487707074 876.186559400067 556713061.223581
-0.0663 -0.000790614174398219 -0.00131040933613184 -9.30623216683073 876.092729183811 556702568.096022
-0.0664 -0.00118835104766734 -0.000739185028295259 -9.31903508736519 875.998898967555 556692218.134648
-0.0665 -0.00104915066822044 -0.00163925925267153 -9.33189243938944 875.905068751299 556681034.581557
-0.0666 -0.00107574920812382 -0.00118969236539358 -9.34384914765704 875.811238535042 556672821.927269
-0.0667 -0.00117715130045006 -0.000922228045873359 -9.35649591373533 875.717408318786 556662183.578498
-0.0668 -0.000991794861267616 -0.00110722086198474 -9.36935931116859 875.62357810253 556650717.165436
-0.0669 -0.00126736970038138 -0.00116774095475886 -9.38199991905602 875.529747886274 556639853.266583
-0.067 -0.00115385034554536 -0.000971604188132809 -9.39434548136463 875.435917670018 556629947.911606
-0.0671 -0.00111090564698186 -0.00147810973614564 -9.40706358058405 875.342087453762 556619327.922935
-0.0672 -0.0014232466204665 -0.000964359392658771 -9.41964219580566 875.248257237505 556610381.490111
-0.0673 -0.000657908633394672 -0.00118686213282901 -9.43195619755468 875.154427021249 556601255.097481
-0.0674 -0.00115067362662386 -0.000841582609051644 -9.44476065230567 875.060596804993 556589192.644906
-0.0675 -0.00123567091088854 -0.00125254107470455 -9.45744937409881 874.966766588737 556577645.280548
-0.0676 -0.000957130398249766 -0.00103844583851418 -9.46983446846594 874.872936372481 556568735.79511
-0.0677 -0.00130877547057697 -0.000790012031984965 -9.4822106065565 874.779106156225 556557987.31278
-0.0678 -0.00117233449645435 -0.00112063544714232 -9.4947657133854 874.685275939969 556549032.8052
-0.0679 -0.001001501955002 -0.00121444292889127 -9.50713856449712 874.591445723712 556539211.45503
-0.068 -0.00113579593312727 -0.00140646820628149 -9.5197073964351 874.497615507456 556528149.852002
-0.0681 -0.00108097617665081 -0.00124359076349972 -9.53235060544979 874.4037852912 556517769.833836
-0.0682 -0.00162522224079139 -0.000820662486212953 -9.54465075549095 874.309955074944 556507558.053191
-0.0683 -0.000844545031798629 -0.00140496748732417 -9.55696674687203 874.216124858688 556498661.533235
-0.0684 -0.00116369990243511 -0.00124780692295078 -9.56950300799227 874.122294642431 556488074.969115
-0.0685 -0.00107281289136946 -0.00118586112345302 -9.58246887029461 874.028464426175 556478361.004134
-0.0686 -0.00125319550112464 -0.00123091033472687 -9.59491016788097 873.934634209919 556468677.854276
-0.0687 -0.00118002691539262 -0.000794196186810069 -9.60709111368507 873.840803993663 556459492.300916
-0.0688 -0.00106970494535896 -0.00125683762026043 -9.61938486996919 873.746973777407 556448516.704331
-0.0689 -0.00116223359121924 -0.00106096583999728 -9.63192785848318 873.653143561151 556437631.55059
-0.069 -0.00104187614377715 -0.00101561968116193 -9.64453475125442 873.559313344894 556428269.564167
-0.0691 -0.00113334570618401 -0.00115845873440057 -9.65696231750496 873.465483128638 556418338.128791
-0.0692 -0.00109806380618812 -0.0011910145506757 -9.66933213479308 873.371652912382 556409414.396662
-0.0693 -0.00134058399246862 -0.00105263949083953 -9.68171650062942 873.277822696126 556399255.161047
-0.0694 -0.000836605979833148 -0.00120422283363308 -9.69391363877769 873.18399247987 556389147.920822
-0.0695 -0.00137530065859965 -0.00118853019980163 -9.70679375589118 873.090162263614 556377904.30726
-0.0696 -0.00136769452934562 -0.000974450810595041 -9.71907361880235 872.996332047358 556369295.700221
-0.0697 -0.000888437494565786 -0.00164549106321517 -9.73135984934168 872.902501831101 556359956.041817
-0.0698 -0.00120275995088775 -0.00111293780201936 -9.74374445723869 872.808671614845 556350634.461963
-0.0699 -0.00131588724239829 -0.00103018962874257 -9.7562233937431 872.714841398589 556340692.557379
-0.07 -0.00102423569755603 -0.00136334819843507 -9.768728277874 872.621011182333 556330049.91286
-0.0701 -0.00121488193585853 -0.0010769573520509 -9.7810303355627 872.527180966077 556320402.168833
-0.0702 -0.00128933355674401 -0.00100609563289325 -9.79324536389448 872.43335074982 556311245.516186
-0.0703 -0.00118060091951075 -0.000993086136286443 -9.80543371279746 872.339520533564 556302648.427707
-0.0704 -0.00131317638334781 -0.00130134695104189 -9.81815672301436 872.245690317308 556292047.96808
-0.0705 -0.00119259070439786 -0.00119909285821438 -9.83054803059521 872.151860101052 556283196.083162
-0.0706 -0.00160315349281354 -0.00109654112261465 -9.84293862066073 872.058029884796 556273365.232605
-0.0707 -0.00100107742493485 -0.00117475486838968 -9.85504971013779 871.96419966854 556264931.2665
-0.0708 -0.00134539179651849 -0.00132174715582596 -9.86762006176221 871.870369452284 556254789.794732
-0.0709 -0.00132688404879576 -0.00124668619634889 -9.88009028016089 871.776539236027 556244792.498674
-0.071 -0.00115627439249897 -0.00132450469291372 -9.89239741682526 871.682709019771 556234846.27165
-0.0711 -0.00152232323508774 -0.000886389651064215 -9.90452826982253 871.588878803515 556225443.161034
-0.0712 -0.00114740649501674 -0.00132822152071204 -9.91707829721411 871.495048587259 556216757.234917
-0.0713 -0.00123349046345849 -0.00119428497779595 -9.92916514798444 871.401218371003 556207967.606294
-0.0714 -0.00139594541823462 -0.00115119576283716 -9.94135377385367 871.307388154747 556198805.269376
-0.0715 -0.00129738211818248 -0.00135543434733853 -9.95371909387049 871.21355793849 556188643.995586
-0.0716 -0.00121186208760484 -0.0011437307091214 -9.96626333644112 871.119727722234 556178979.714397
-0.0717 -0.00113949567921511 -0.00140692068091763 -9.97839906620696 871.025897505978 556169546.079458
-0.0718 -0.00144946129438738 -0.00113171231720499 -9.99036221284699 870.932067289722 556161054.940972
-0.0719 -0.0011677489805392 -0.00116439373092516 -10.0030568829025 870.838237073466 556151955.851458
-0.072 -0.00117249388524673 -0.0013477212095438 -10.0154865757195 870.744406857209 556142889.078138
-0.0721 -0.000865508139793808 -0.00114698157795584 -10.0275951300975 870.650576640953 556133607.324147
-0.0722 -0.00144398827593908 -0.00101202644729427 -10.0400141753608 870.556746424697 556123178.864578
-0.0723 -0.000893508475133779 -0.0012092311912156 -10.0520902142468 870.462916208441 556114490.193979
-0.0724 -0.00101408723972517 -0.00117716972582815 -10.0645637894286 870.369085992185 556105699.122771
-0.0725 -0.0010486005924027 -0.00105288880818914 -10.076902445314 870.275255775929 556096687.875195
-0.0726 -0.0013595245763216 -0.00121821626833338 -10.0890084729082 870.181425559673 556087876.307292
-0.0727 -0.00105352036123292 -0.00130750986416413 -10.100969272829 870.087595343416 556079057.339928
-0.0728 -0.00156207847104688 -0.00099247081723838 -10.1132780852815 869.99376512716 556069569.533462
-0.0729 -0.00110598973158574 -0.00134025461550052 -10.1257986439138 869.899934910904 556059647.623309
-0.073 -0.00114110435397847 -0.00115830873095637 -10.1378996664465 869.806104694648 556050904.106688
-0.0731 -0.00128938695951921 -0.000973970113796203 -10.1500104985401 869.712274478392 556042684.05552
-0.0732 -0.00119239555495048 -0.00128377863551589 -10.1623423110012 869.618444262136 556033661.0385
-0.0733 -0.00111312502437936 -0.00144300923279067 -10.1744140911508 869.524614045879 556025496.398098
-0.0734 -0.00121000961192199 -0.000908617703880216 -10.1867262798538 869.430783829623 556016320.075192
-0.0735 -0.00131149954726877 -0.000956264357989756 -10.1986950089886 869.336953613367 556006708.531326
-0.0736 -0.000995721004912296 -0.00157503193269322 -10.2111834912956 869.243123397111 555997093.836893
-0.0737 -0.00141315926553454 -0.00122905862516144 -10.2231380593651 869.149293180855 555988414.302685
-0.0738 -0.00133835684539414 -0.00129411733409169 -10.2351990059296 869.055462964599 555980374.176743
-0.0739 -0.00117639014830658 -0.00135228764421407 -10.247806208945 868.961632748342 555971667.935751
-0.074 -0.0010305841455901 -0.00104540285391265 -10.2597142633368 868.867802532086 555963052.502349
-0.0741 -0.0015320910766802 -0.00108301403438565 -10.2718025284326 868.77397231583 555953957.006314
-0.0742 -0.00115169432285815 -0.000930597584947779 -10.2838869669937 868.680142099574 555944942.723368
-0.0743 -0.00095838616493139 -0.00126409933786282 -10.2959885634899 868.586311883318 555935649.183173
-0.0744 -0.0013605389199849 -0.00109262790204177 -10.3081987581842 868.492481667062 555927993.165422
-0.0745 -0.00113980623331078 -0.00127343615751688 -10.3203928324153 868.398651450805 555919087.210923
-0.0746 -0.00112466399833983 -0.000951659946867672 -10.3323507475671 868.304821234549 555911161.258751
-0.0747 -0.00130460349092544 -0.0013398417432771 -10.3447017547541 868.210991018293 555902011.738946
-0.0748 -0.0010411882475486 -0.00142113402110567 -10.3566744732218 868.117160802037 555893875.39789
-0.0749 -0.00165417909534434 -0.0011356951489632 -10.3686719412002 868.023330585781 555884872.024143
-0.075 -0.0011958839398682 -0.00143745339758414 -10.3809489949213 867.929500369524 555875542.157017
-0.0751 -0.0014153987954989 -0.00133387745989905 -10.3932582056221 867.835670153268 555867009.827203
-0.0752 -0.0010566202068876 -0.0013214355992853 -10.4050313015515 867.741839937012 555859468.582432
-0.0753 -0.00116243383539156 -0.001357629075766 -10.4172788730541 867.648009720756 555850750.736309
-0.0754 -0.00135219945129582 -0.0011575362504406 -10.4292745297828 867.5541795045 555842343.539402
-0.0755 -0.000868088837576658 -0.00120427770872277 -10.4411561391179 867.460349288244 555834188.460276
-0.0756 -0.00111448561592241 -0.00147313935953275 -10.4535137811698 867.366519071988 555825140.262236
-0.0757 -0.00125401680792723 -0.000841480809501327 -10.4654366595197 867.272688855731 555817282.3554
-0.0758 -0.00118768229260037 -0.00156635767583114 -10.4776263873231 867.178858639475 555808815.200316
-0.0759 -0.00154500182519408 -0.00104435678669027 -10.4894218127368 867.085028423219 555800956.885387
-0.076 -0.00109946895856019 -0.00135039746616527 -10.5014095304262 866.991198206963 555792740.844738
-0.0761 -0.00123216135160458 -0.00116512315585049 -10.5136107197517 866.897367990707 555783245.909588
-0.0762 -0.00172554737530557 -0.00103532784945461 -10.5255547719695 866.803537774451 555774653.44792
-0.0763 -0.00106193146602443 -0.0015796865589911 -10.5374512830301 866.709707558194 555766900.019306
-0.0764 -0.00168576758275724 -0.0012409716193167 -10.5494976413905 866.615877341938 555759081.483471
-0.0765 -0.00128881523806321 -0.00113219156043252 -10.5612328172916 866.522047125682 555751332.336418
-0.0766 -0.00126104402620703 -0.00142046480051544 -10.5734184123559 866.428216909426 555742631.361272
-0.0767 -0.00161278364711961 -0.00134500235056558 -10.5855164041344 866.33438669317 555734716.639279
-0.0768 -0.000984847392149754 -0.00137642962054597 -10.5974110893724 866.240556476914 555727630.756961
-0.0769 -0.0015165123314542 -0.000942691903380866 -10.6095086933608 866.146726260657 555719292.427816
-0.077 -0.0011000224971941 -0.00142988027557539 -10.621260779114 866.052896044401 555710164.584446
-0.0771 -0.00114153373919427 -0.00140881900411343 -10.6333576254054 865.959065828145 555701712.6766
-0.0772 -0.00158606575112775 -0.00091647868363624 -10.645245553969 865.865235611889 555694285.615739
-0.0773 -0.0010927491477216 -0.00154598731940227 -10.6570677516853 865.771405395633 555686574.486928
-0.0774 -0.00120223263965751 -0.0011751623496083 -10.6690227528302 865.677575179377 555679261.70845
-0.0775 -0.00147257584987263 -0.00122682340078516 -10.6809760938696 865.58374496312 555670632.370873
-0.0776 -0.00110768310832418 -0.00115895352626182 -10.6926580874179 865.489914746864 555663110.596144
-0.0777 -0.00138064001877796 -0.00106073509371771 -10.7050096476396 865.396084530608 555654151.875559
-0.0778 -0.00102573629507163 -0.00148614374676338 -10.7168839958367 865.302254314352 555646045.8821
-0.0779 -0.00136821597772152 -0.00105136510558059 -10.7287248428168 865.208424098096 555638858.46627
-0.078 -0.00120654691387123 -0.00104977445008179 -10.7405561740678 865.11459388184 555631788.447849
-0.0781 -0.00108148485810377 -0.00151757420725364 -10.7524167146998 865.020763665583 555623576.825229
-0.0782 -0.0013732990442485 -0.00102420488432657 -10.7642505163229 864.926933449327 555615082.537789
-0.0783 -0.0013497702162516 -0.00128852999505014 -10.7762100651557 864.833103233071 555606507.711133
-0.0784 -0.0010632241627526 -0.00125822744243917 -10.7880488606528 864.739273016815 555599388.18649
-0.0785 -0.00107221161922197 -0.00149562801108492 -10.8002008525168 864.645442800559 555591189.769735
-0.0786 -0.0013770730091388 -0.0011700502355213 -10.8119020197229 864.551612584303 555584082.729071
-0.0787 -0.00139497229164818 -0.00121176007710527 -10.8236103390768 864.457782368047 555576900.185088
-0.0788 -0.00115180741954503 -0.00124896599063113 -10.8354180532342 864.36395215179 555569009.689327
-0.0789 -0.00118379275249018 -0.00127696482325559 -10.847154538759 864.270121935534 555560773.864927
-0.079 -0.00145985140826066 -0.00132166065532201 -10.8591549488555 864.176291719278 555552839.220608
-0.0791 -0.00108785830832438 -0.00146717756774483 -10.8711331286021 864.082461503022 555545176.569072
-0.0792 -0.00154981135971766 -0.00101300005896849 -10.8828955953915 863.988631286766 555538056.435346
-0.0793 -0.00109762319620302 -0.00135370598599298 -10.8944899086383 863.894801070509 555531484.182366
-0.0794 -0.00114303757417031 -0.00105062176400104 -10.9064613797008 863.800970854253 555523803.453541
-0.0795 -0.0014309953919598 -0.00130059699328687 -10.9183386083328 863.707140637997 555515743.437921
-0.0796 -0.000987429076656793 -0.00146353668613381 -10.9298214006153 863.613310421741 555509386.766534
-0.0797 -0.00137811711328417 -0.000886072079471246 -10.9415353780819 863.519480205485 555501756.878135
-0.0798 -0.00131924930667424 -0.0012055090714454 -10.9533376758699 863.425649989229 555493429.050579
-0.0799 -0.00123118219664348 -0.00131895841602497 -10.9652500329118 863.331819772972 555485582.542238
-0.08 -0.00145219043516188 -0.00127427829574403 -10.9768675689639 863.237989556716 555478315.3132
-0.0801 -0.00123734989273579 -0.001446072694649 -10.9885837210263 863.14415934046 555471515.878465
-0.0802 -0.00142426163537424 -0.00131832180472822 -11.0003835730681 863.050329124204 555464008.226759
-0.0803 -0.00124937938556864 -0.001352076377661 -11.0121523163113 862.956498907948 555456968.961177
-0.0804 -0.00128890201381871 -0.00137497568216936 -11.023886816199 862.862668691692 555448682.110787
-0.0805 -0.00141465534636698 -0.00121317198320104 -11.0353978775032 862.768838475436 555441432.530079
-0.0806 -0.00132690755773728 -0.00141807646512915 -11.0475899640733 862.675008259179 555434054.289217
-0.0807 -0.00127725144522841 -0.000841810783050657 -11.0590124479573 862.581178042923 555428476.543676
-0.0808 -0.000959099672389897 -0.00127325829751367 -11.0705108251842 862.487347826667 555421043.483881
-0.0809 -0.00150306034118518 -0.00146049522498073 -11.0821059186781 862.393517610411 555413465.05273
-0.081 -0.00113140570282183 -0.000921541379005322 -11.0941000170881 862.299687394155 555405666.860611
-0.0811 -0.0015265737358523 -0.00123807653724467 -11.1059682350928 862.205857177898 555396905.050012
-0.0812 -0.00119016545606735 -0.00123627326182815 -11.1171604978594 862.112026961642 555391477.549439
-0.0813 -0.00140171336306292 -0.00138424050613379 -11.1289026366899 862.018196745386 555384840.169608
-0.0814 -0.00158867887089062 -0.000839164213911349 -11.1406460928942 861.92436652913 555377854.976018
-0.0815 -0.000868945890102738 -0.00145740910399791 -11.1522440815373 861.830536312874 555371473.259435
-0.0816 -0.00133428076607569 -0.000987248164256782 -11.1638748184401 861.736706096618 555364683.856634
-0.0817 -0.00152544902602878 -0.00115511606578952 -11.1756091772501 861.642875880362 555355881.791343
-0.0818 -0.0013713490672564 -0.00139790518285753 -11.1871388930775 861.549045664105 555348742.795714
-0.0819 -0.00146547308269062 -0.00111148128821491 -11.1988278408708 861.455215447849 555342022.040361
-0.082 -0.00101023010067473 -0.00138456742723528 -11.2102451408817 861.361385231593 555336358.399821
-0.0821 -0.00132313165105452 -0.00121350205349883 -11.2218587474865 861.267555015337 555328787.132075
-0.0822 -0.00140929408824771 -0.00130756377457259 -11.2336813487674 861.173724799081 555322174.893162
-0.0823 -0.000959130192173558 -0.00154310103401962 -11.2452128205328 861.079894582825 555315115.236767
-0.0824 -0.00145754976688265 -0.000765448367190329 -11.2564970787238 860.986064366568 555309055.778743
-0.0825 -0.000975171894855793 -0.00161853291739567 -11.2683294413453 860.892234150312 555301970.602338
-0.0826 -0.00140472405146233 -0.00146430220495826 -11.2801872520726 860.798403934056 555294872.535829
-0.0827 -0.00142813436830627 -0.000790168700400354 -11.2910145277808 860.7045737178 555288974.48715
-0.0828 -0.000851701591048084 -0.00174079989493209 -11.3026347039498 860.610743501544 555282319.61158
-0.0829 -0.00149878887843807 -0.0012014838273983 -11.3145781788229 860.516913285288 555274868.932315
-0.083 -0.00148864329864267 -0.000758536733883781 -11.3260148733525 860.423083069031 555267736.595157
-0.0831 -0.000930858538824891 -0.00178216695038326 -11.3375645032273 860.329252852775 555260622.70812
-0.0832 -0.00147403858108286 -0.00100182423767097 -11.3489507534578 860.235422636519 555254566.359393
-0.0833 -0.00127037957399377 -0.00167907562266414 -11.3608000152305 860.141592420263 555247898.007241
-0.0834 -0.00127010838892955 -0.00151521614575464 -11.3722027916908 860.047762204007 555241619.990108
-0.0835 -0.00143978972065615 -0.00110645584856863 -11.3835962960839 859.953931987751 555235066.822191
-0.0836 -0.00115447923282271 -0.00150783766917373 -11.3950389699904 859.860101771494 555228700.488484
-0.0837 -0.00164107318432706 -0.001049485196624 -11.4065443457771 859.766271555238 555220633.509672
-0.0838 -0.00158395860204856 -0.0011554971983613 -11.4183267303999 859.672441338982 555213551.904731
-0.0839 -0.000680088699850754 -0.0019536777379251 -11.4295904806667 859.578611122726 555208809.521164
-0.084 -0.00185077148049418 -0.000776796610028965 -11.4408470478229 859.48478090647 555202531.502609
-0.0841 -0.00119043368156642 -0.00158515464789764 -11.4525074210562 859.390950690214 555195988.60058
-0.0842 -0.00106888592464373 -0.00165263561288393 -11.463815498016 859.297120473957 555189854.505503
-0.0843 -0.00197119935605136 -0.000915925734907373 -11.4753548997093 859.203290257701 555183385.340116
-0.0844 -0.000575799805716517 -0.00171280687224784 -11.4866399058628 859.109460041445 555176987.775869
-0.0845 -0.00139884144062871 -0.00143241752973116 -11.4985244017057 859.015629825189 555168725.913208
-0.0846 -0.00171915694899054 -0.00105154645485402 -11.5095162639607 858.921799608933 555163847.307603
-0.0847 -0.00107016737196021 -0.00188968241245651 -11.5209038080713 858.827969392677 555158177.782848
-0.0848 -0.00158961333422272 -0.000980423860623505 -11.5325123336239 858.734139176421 555152035.791615
-0.0849 -0.00113013387809103 -0.0012988718979881 -11.543791669148 858.640308960164 555145907.642373
-0.085 -0.000891162855117183 -0.00177466168548629 -11.5550623312211 858.546478743908 555139256.492692
-0.0851 -0.00173416707229747 -0.000883403690495472 -11.566488722193 858.452648527652 555132613.23489
-0.0852 -0.00124632210581854 -0.00137423904652025 -11.5779435698386 858.358818311396 555126892.676342
-0.0853 -0.00110013418264328 -0.00147009791340016 -11.589231243033 858.26498809514 555121286.019829
-0.0854 -0.00155094615820022 -0.000949016155085301 -11.60038840552 858.171157878883 555115518.043927
-0.0855 -0.000804331747806093 -0.00173879742517957 -11.6118319796806 858.077327662627 555108958.259775
-0.0856 -0.00151601318120432 -0.00130903626237946 -11.62357986549 857.983497446371 555100845.454669
-0.0857 -0.00165465797144318 -0.00125054719612143 -11.6343439958112 857.889667230115 555095791.899457
-0.0858 -0.00085016858791582 -0.00191909331289555 -11.6455649587733 857.795837013859 555090949.617462
-0.0859 -0.00187331023386188 -0.00080497607727058 -11.6571073940153 857.702006797603 555083924.165001
-0.086 -0.00150013646385138 -0.00169695978956934 -11.6686820203289 857.608176581346 555077506.746542
-0.0861 -0.00106160467394881 -0.00185545226655692 -11.6796103543271 857.51434636509 555073466.288198
-0.0862 -0.00173308630898924 -0.00110754309723092 -11.6911918517949 857.420516148834 555066929.510427
-0.0863 -0.00137765404699239 -0.00140615061000198 -11.7022461517668 857.326685932578 555061579.82137
-0.0864 -0.00118415887401023 -0.00135483367958526 -11.7135898505461 857.232855716322 555055735.279361
-0.0865 -0.00133413065537669 -0.0012918404815909 -11.7249414514485 857.139025500066 555048391.105774
-0.0866 -0.00117960472300079 -0.00161550273863291 -11.7361053558014 857.045195283809 555042450.001007
-0.0867 -0.00170392043375595 -0.00110694252033915 -11.747251698467 856.951365067553 555037604.381268
-0.0868 -0.00144552499724361 -0.0014881028547062 -11.758677410063 856.857534851297 555031316.567733
-0.0869 -0.00131465922002557 -0.00145460143288345 -11.7700813514487 856.763704635041 555025598.484683
-0.087 -0.00161587444657789 -0.000997907724739242 -11.7811501870056 856.669874418785 555020173.46801
-0.0871 -0.00121818413083352 -0.00164795982507311 -11.7922408518411 856.576044202529 555013777.613289
-0.0872 -0.00138791585546154 -0.00145446515521375 -11.8033500783097 856.482213986272 555007686.497684
-0.0873 -0.0017399245999909 -0.000961947061048303 -11.8144936081811 856.388383770016 555002664.21371
-0.0874 -0.000873740898805571 -0.00200910528046201 -11.8258037902417 856.29455355376 554997377.130653
-0.0875 -0.00169485058509975 -0.00105898572277732 -11.8369594900575 856.200723337504 554992059.455483
-0.0876 -0.00152246269958378 -0.00120639931543348 -11.8482400923087 856.106893121248 554986313.807703
-0.0877 -0.00138032081676217 -0.00151774861405926 -11.8594029649906 856.013062904992 554980796.576581
-0.0878 -0.00151083951138319 -0.00127715797368475 -11.8705496751128 855.919232688736 554975725.805122
-0.0879 -0.00139851267297248 -0.00127116501316385 -11.8814742657482 855.825402472479 554970276.504924
-0.088 -0.00110868436738253 -0.00165532838713135 -11.8927238435409 855.731572256223 554964005.900981
-0.0881 -0.00172506025101169 -0.00141730241464305 -11.903925089281 855.637742039967 554957532.031688
-0.0882 -0.0015375696716508 -0.00144184563858687 -11.914975137446 855.543911823711 554952534.741518
-0.0883 -0.00121951637546203 -0.00145187828049333 -11.9260980822215 855.450081607455 554948402.319995
-0.0884 -0.00158725639316526 -0.00144372637030834 -11.9370337226652 855.356251391198 554942519.028758
-0.0885 -0.00120691343322105 -0.00161046066068599 -11.9479466091041 855.262421174942 554937293.178394
-0.0886 -0.00140981638917395 -0.00141815264070536 -11.959422294284 855.168590958686 554931601.852948
-0.0887 -0.00178778240438776 -0.00112552051701014 -11.9704945117051 855.07476074243 554925944.989138
-0.0888 -0.000924554452479026 -0.00185855697964188 -11.9814306124081 854.980930526174 554922002.772883
-0.0889 -0.00138290024389484 -0.00126701047519088 -11.9926181927269 854.887100309918 554916759.395804
-0.089 -0.00175713502659277 -0.00136270173145054 -12.0038303083322 854.793270093661 554910156.446471
-0.0891 -0.000832282388230371 -0.00163226131751762 -12.0146157804474 854.699439877405 554904979.120596
-0.0892 -0.00152634709576306 -0.00126562725226483 -12.02576756762 854.605609661149 554899556.849965
-0.0893 -0.00132046843380475 -0.00108521561683886 -12.0367779426526 854.511779444893 554895821.214824
-0.0894 -0.000882839294321696 -0.00171037575409607 -12.0477400815836 854.417949228637 554890386.550511
-0.0895 -0.0017412135688149 -0.000967851742083254 -12.0585087861452 854.324119012381 554885803.279796
-0.0896 -0.00134303976270612 -0.0014385691769838 -12.0698517114725 854.230288796125 554880959.857405
-0.0897 -0.00127298496961477 -0.00145409581535681 -12.080801459775 854.136458579868 554875812.314604
-0.0898 -0.00157400876874615 -0.00143104653986863 -12.091779083651 854.042628363612 554869219.195451
-0.0899 -0.00116564900253459 -0.00152457511241381 -12.1027633083888 853.948798147356 554864179.591554
-0.09 -0.00149772495073522 -0.00128752797066171 -12.1140020578796 853.8549679311 554858364.57209
-0.0901 -0.00171500258352361 -0.00110831495092353 -12.1247824504045 853.761137714844 554854836.278408
-0.0902 -0.000860787667902874 -0.00178383170167964 -12.1356238852383 853.667307498587 554849971.763988
-0.0903 -0.00171243660471023 -0.00104839344701337 -12.1468116097269 853.573477282331 554844499.595669
-0.0904 -0.00147947761765298 -0.00131867714354245 -12.1576017252855 853.479647066075 554839213.102467
-0.0905 -0.000988183540202031 -0.00175797201418026 -12.1683329305475 853.385816849819 554834393.166614
-0.0906 -0.0016639414665965 -0.00143279599045019 -12.1795598395778 853.291986633563 554828655.522486
-0.0907 -0.00142767675806725 -0.00134813441812547 -12.1903705245831 853.198156417307 554824945.977556
-0.0908 -0.00127403639185843 -0.00146216540563049 -12.2013884846897 853.104326201051 554820345.061857
-0.0909 -0.00136617760556764 -0.00137551115275547 -12.2121480355322 853.010495984794 554815844.03933
-0.091 -0.00130472852201366 -0.00138081747174888 -12.2230330991853 852.916665768538 554810518.187756
-0.0911 -0.00146053366715698 -0.00140862681523416 -12.2341083985754 852.822835552282 554804614.303753
-0.0912 -0.00134804774378723 -0.00122040213984139 -12.2448619305602 852.729005336026 554800242.968962
-0.0913 -0.0013359030383754 -0.00166075926745595 -12.2556967217477 852.63517511977 554795850.13621
-0.0914 -0.00149891371351063 -0.0014701541557356 -12.2665018248319 852.541344903514 554791524.08678
-0.0915 -0.00158213718592293 -0.00128648602038569 -12.2772024815728 852.447514687257 554787672.748929
-0.0916 -0.00126318304682307 -0.00160485746302567 -12.2883219909447 852.353684471001 554782452.472212
-0.0917 -0.00142010222781274 -0.00150527677701953 -12.2990150770663 852.259854254745 554777986.66973
-0.0918 -0.00140367627563886 -0.001360160586117 -12.3099391449468 852.166024038489 554773865.461189
-0.0919 -0.00129713790890129 -0.00154520132579293 -12.320791953191 852.072193822233 554768667.476657
-0.092 -0.00172794033070716 -0.00116775489283882 -12.3313878657116 851.978363605976 554764520.929655
-0.0921 -0.00147216350831207 -0.00146950513406414 -12.3423856420571 851.88453338972 554759129.870836
-0.0922 -0.00147346309410548 -0.00155890633835746 -12.3531120496712 851.790703173464 554753866.861263
-0.0923 -0.001901083363257 -0.00141308972448889 -12.363871867489 851.696872957208 554750512.54487
-0.0924 -0.00181911009406629 -0.00131560901998494 -12.3745700681139 851.603042740952 554746406.220619
-0.0925 -0.00159966052394196 -0.00150567424490085 -12.3853283210276 851.509212524696 554741834.614671
-0.0926 -0.00115039563785181 -0.00162080332029088 -12.3960319123441 851.41538230844 554738189.417056
-0.0927 -0.00171442738815543 -0.00147126527441072 -12.406900336894 851.321552092183 554732698.441573
-0.0928 -0.00131724441453752 -0.0015607031201502 -12.4173761684033 851.227721875927 554729322.040891
-0.0929 -0.00160410548364387 -0.00137130269587299 -12.4281315377198 851.133891659671 554725621.776362
-0.093 -0.00110732267268522 -0.00172015867537853 -12.4387310110144 851.040061443415 554720996.104503
-0.0931 -0.00142574912791408 -0.00176188287983189 -12.4497046823968 850.946231227159 554715095.321949
-0.0932 -0.00202935910672337 -0.00100352232832545 -12.4603737000341 850.852401010903 554711297.249362
-0.0933 -0.00120598195420152 -0.00170063162208224 -12.4709489844998 850.758570794646 554707344.456715
-0.0934 -0.0014692844168144 -0.00126552753083097 -12.4817413792316 850.66474057839 554703939.12668
-0.0935 -0.00136605055038575 -0.00138750931469813 -12.4922462387146 850.570910362134 554699628.916572
-0.0936 -0.00135394482824744 -0.00149110012220727 -12.5029909297606 850.477080145878 554695697.676055
-0.0937 -0.00147953312928952 -0.00139294771089098 -12.5139213736927 850.383249929622 554691269.190692
-0.0938 -0.00154711753394668 -0.00144790963598663 -12.5241423774187 850.289419713366 554687846.10756
-0.0939 -0.00113706031726786 -0.00162016779546968 -12.5349718253955 850.195589497109 554683994.102107
-0.094 -0.00162602068215504 -0.00136755928276869 -12.5454447127998 850.101759280853 554678755.071999
-0.0941 -0.00146649152827358 -0.00144641936765758 -12.5560372712505 850.007929064597 554674730.253745
-0.0942 -0.00147599450447788 -0.00151126628561243 -12.5668769991886 849.914098848341 554670626.556209
-0.0943 -0.00170791945782696 -0.00122773377794189 -12.5774023541639 849.820268632085 554666723.30646
-0.0944 -0.0012951662218376 -0.00178331666260473 -12.5878398200241 849.726438415829 554663572.596517
-0.0945 -0.00135339810945087 -0.00147756735312587 -12.5983196164615 849.632608199572 554659719.045238
-0.0946 -0.0015267646799384 -0.00121759680112886 -12.6090078284068 849.538777983316 554655508.280079
-0.0947 -0.00142192152454715 -0.00158154345194373 -12.61973631438 849.44494776706 554651933.958889
-0.0948 -0.00143508621632096 -0.0013536664296429 -12.6301227219927 849.351117550804 554648725.705049
-0.0949 -0.00152509415479056 -0.00132321361993498 -12.6408988186877 849.257287334548 554643701.409742
-0.095 -0.00112755978188754 -0.00149063169088402 -12.651032760879 849.163457118292 554640491.589356
-0.0951 -0.00153839262690834 -0.00156027241474166 -12.6617508247194 849.069626902035 554635816.018624
-0.0952 -0.0015953158095927 -0.00144485796098499 -12.6723995197525 848.975796685779 554632009.546136
-0.0953 -0.00146356268571904 -0.0014845524523356 -12.6828257307489 848.881966469523 554629077.399667
-0.0954 -0.00148165318192338 -0.00147272885337899 -12.6932305760354 848.788136253267 554625525.211443
-0.0955 -0.00170036699822398 -0.00161076327655204 -12.7035659474873 848.694306037011 554621368.218751
-0.0956 -0.00142480433042929 -0.00164849961743865 -12.7141386493784 848.600475820755 554618537.856546
-0.0957 -0.00160857667141493 -0.00124232328025021 -12.7246335944489 848.506645604499 554616119.097182
-0.0958 -0.00156176965273921 -0.00128986847653475 -12.7350488494972 848.412815388242 554611861.319648
-0.0959 -0.00139530803480581 -0.0016098852633409 -12.7456175263941 848.318985171986 554607466.680121
-0.096 -0.00180536492195694 -0.00125581011751349 -12.7560323755519 848.22515495573 554603636.993099
-0.0961 -0.00168442306640665 -0.00142792465038904 -12.7665142913443 848.131324739474 554600239.56039
-0.0962 -0.00137607687308429 -0.00192155272805188 -12.7768600847135 848.037494523218 554596851.557068
-0.0963 -0.00154259840537298 -0.00155927429171831 -12.7870798867554 847.943664306961 554593795.113629
-0.0964 -0.00164778132623917 -0.00123893610006029 -12.7976457480994 847.849834090705 554590291.666575
-0.0965 -0.000932074840637952 -0.00185809461227065 -12.8080279675636 847.756003874449 554586593.850318
-0.0966 -0.0018923163573217 -0.00146142789197477 -12.8186367856066 847.662173658193 554582554.937266
-0.0967 -0.0012713255912141 -0.00211931699318818 -12.8288978537021 847.568343441937 554579118.467436
-0.0968 -0.00215485904687955 -0.00137440056664288 -12.8392072262643 847.474513225681 554575925.965711
-0.0969 -0.00131605917889899 -0.00137535255323801 -12.8492622641938 847.380683009425 554575162.821812
-0.097 -0.00151181276316978 -0.00194021552459578 -12.8599202009536 847.286852793168 554569988.60189
-0.0971 -0.00163993731537684 -0.00128497626862554 -12.8702983609302 847.193022576912 554567052.210159
-0.0972 -0.00202196201144602 -0.00153014411752491 -12.8804390622539 847.099192360656 554562334.731327
-0.0973 -0.00109835811573762 -0.00188595283336507 -12.8908827341238 847.0053621444 554559618.357498
-0.0974 -0.00177216367425516 -0.00151912209032397 -12.9015605815082 846.911531928144 554556007.77784
-0.0975 -0.00157798754981971 -0.00157561586632078 -12.9117094140605 846.817701711887 554553680.504305
-0.0976 -0.0016815955519252 -0.00149907959641386 -12.9217876270919 846.723871495631 554550892.540169
-0.0977 -0.00175742307319019 -0.00147346821775799 -12.9320739947174 846.630041279375 554547925.605395
-0.0978 -0.00139074846436979 -0.00164289600749958 -12.9423550391266 846.536211063119 554545120.693529
-0.0979 -0.00157249990629636 -0.00153228087088532 -12.9526242076755 846.442380846863 554541860.517454
-0.098 -0.00143017097592252 -0.0014846028617966 -12.962722426065 846.348550630607 554539657.603084
-0.0981 -0.0013331279663281 -0.00146786022590769 -12.9731568064279 846.25472041435 554536099.663907
-0.0982 -0.00164399842304888 -0.00117781135730634 -12.9833052065679 846.160890198094 554531952.205532
-0.0983 -0.00145116445218711 -0.00185518562491523 -12.9936742466013 846.067059981838 554529084.514205
-0.0984 -0.00159079494473089 -0.00166452896972741 -13.0039327340461 845.973229765582 554526251.640676
-0.0985 -0.00154877528063372 -0.00129614370069146 -13.0138686686726 845.879399549326 554524202.054818
-0.0986 -0.00153249804166395 -0.00163912074829032 -13.0242716602962 845.78556933307 554520912.429899
-0.0987 -0.00158333656199541 -0.00158229246223238 -13.034281467279 845.691739116814 554518020.684168
-0.0988 -0.00164113092280538 -0.00164781938468108 -13.0446863476973 845.597908900557 554514973.024822
-0.0989 -0.00154073802037425 -0.00182833254010103 -13.0546105841946 845.504078684301 554512897.605614
-0.099 -0.00172312944795669 -0.00162791027708435 -13.0649256020871 845.410248468045 554510427.464029
-0.0991 -0.00172526717795524 -0.00159543359558649 -13.0749930410611 845.316418251789 554507567.646437
-0.0992 -0.00173361829490379 -0.00169067313308671 -13.0846688300414 845.222588035533 554504152.84806
-0.0993 -0.00162471599627619 -0.00190048908264264 -13.0951226222306 845.128757819277 554499664.13153
-0.0994 -0.00168718091180877 -0.0013768195778114 -13.1052678112308 845.03492760302 554498639.953254
-0.0995 -0.00148030372281157 -0.00161051358979 -13.1155069201025 844.941097386764 554496059.500706
-0.0996 -0.00138235974569102 -0.00156427988766724 -13.1255394936166 844.847267170508 554493307.676748
-0.0997 -0.00175342060480804 -0.00130201609225173 -13.1354924904655 844.753436954252 554491602.807622
-0.0998 -0.00142985043347557 -0.00179864320353613 -13.1456124976865 844.659606737996 554489152.889338
-0.0999 -0.00171985818421563 -0.00163819737884541 -13.1556284597622 844.56577652174 554486227.386529
-0.1 -0.00154545269510683 -0.00153550493741734 -13.1655535042949 844.471946305483 554484017.011326
-0.1001 -0.0016722531984102 -0.0017152024693945 -13.1758425384178 844.378116089227 554481108.972955
-0.1002 -0.00174215633678238 -0.00171148478315478 -13.1858789714284 844.284285872971 554478923.811728
-0.1003 -0.00158507236331156 -0.0014934950720573 -13.1954977558446 844.190455656715 554476810.722468
-0.1004 -0.00151348122089998 -0.0019017602564242 -13.2060051245718 844.096625440459 554472686.737959
-0.1005 -0.00166276493565438 -0.00147916240037364 -13.2160321430755 844.002795224203 554470676.832031
-0.1006 -0.00173419464595279 -0.00158080551877455 -13.225882732617 843.908965007946 554468076.001239
-0.1007 -0.00114312124724565 -0.00180387222512603 -13.2356468098107 843.81513479169 554467066.56558
-0.1008 -0.00200837514465138 -0.00149416870852886 -13.2460958405184 843.721304575434 554464021.105012
-0.1009 -0.00172086699509513 -0.0014104973975823 -13.2556047608433 843.627474359178 554462735.321742
-0.101 -0.00125373899682478 -0.0020606626718091 -13.2655897985028 843.533644142922 554460371.701208
-0.1011 -0.00171860375964597 -0.0016054478749076 -13.2757144097575 843.439813926665 554457722.371594
-0.1012 -0.00154365379747797 -0.00136603682444485 -13.2855418420013 843.345983710409 554456155.835555
-0.1013 -0.00120856462178453 -0.00162604291798756 -13.2956605455785 843.252153494153 554453600.870477
-0.1014 -0.00155747443659982 -0.00146046378799052 -13.3056221705642 843.158323277897 554450618.747044
-0.1015 -0.00160935005417971 -0.00156267343987559 -13.3153653211404 843.064493061641 554448289.136515
-0.1016 -0.00157081749234547 -0.00181185166782934 -13.3255763517487 842.970662845385 554445967.553832
-0.1017 -0.00144903818242299 -0.00168782813623982 -13.3351233828058 842.876832629129 554445094.774778
-0.1018 -0.00160309193597331 -0.0016302773914637 -13.345150453789 842.783002412872 554441887.882674
-0.1019 -0.00135678242582427 -0.00168589474782016 -13.3549865812505 842.689172196616 554440832.549312
-0.102 -0.0020214160918713 -0.00174335700916018 -13.3646764048238 842.59534198036 554438662.397046
-0.1021 -0.00159067565744847 -0.00141864343729245 -13.374706021829 842.501511764104 554437536.781834
-0.1022 -0.0012581769251446 -0.00163141751571982 -13.3843419514266 842.407681547848 554435943.829833
-0.1023 -0.00165931824121838 -0.00170005816096921 -13.394460859835 842.313851331592 554432294.710649
-0.1024 -0.00168526493497805 -0.00145267491586799 -13.4043643305644 842.220021115335 554429913.552908
-0.1025 -0.00158162706779588 -0.00180395498263233 -13.4140545473609 842.126190899079 554427832.033098
-0.1026 -0.00174179983212167 -0.00142445175202573 -13.4235797793386 842.032360682823 554426895.947124
-0.1027 -0.00143869037175787 -0.0017934542199775 -13.4332885993508 841.938530466567 554425531.366007
-0.1028 -0.00161513306028937 -0.00157653640220438 -13.4432747827446 841.844700250311 554423638.971382
-0.1029 -0.00198592885977602 -0.00135692305098987 -13.4530920374483 841.750870034055 554421264.277899
-0.103 -0.0016714868043529 -0.00185548198700074 -13.4628584094241 841.657039817798 554419221.949574
-0.1031 -0.00131232395890097 -0.00194658811731352 -13.4725090127332 841.563209601542 554417514.570283
-0.1032 -0.002020609716963 -0.00131445060427398 -13.4825048487917 841.469379385286 554415847.027836
-0.1033 -0.00148107107033692 -0.00183153477385776 -13.4921472158247 841.37554916903 554414683.64137
-0.1034 -0.00150027773106714 -0.00189361519747835 -13.501795821838 841.281718952774 554413218.79276
-0.1035 -0.00192489650116859 -0.00132734304858716 -13.5112137108074 841.187888736518 554411938.868384
-0.1036 -0.00126395628101699 -0.00187508648423548 -13.5209034743715 841.094058520261 554410422.02219
-0.1037 -0.00186089933464525 -0.00183523734910567 -13.5310134527653 841.000228304005 554407001.765149
-0.1038 -0.00166246134486978 -0.00177802018185691 -13.5406080654836 840.906398087749 554406148.54375
-0.1039 -0.00152265476002279 -0.00168679617030583 -13.5502952881267 840.812567871493 554404464.14286
-0.104 -0.00182719789363559 -0.00143123025320726 -13.5598359246634 840.718737655237 554403599.279077
-0.1041 -0.00172146368783937 -0.00155790149641264 -13.5694373022811 840.624907438981 554402724.373738
-0.1042 -0.00148007327779998 -0.00159894258521383 -13.5792574777268 840.531077222724 554400251.184672
-0.1043 -0.00180583546561858 -0.00152182243125749 -13.5886554924028 840.437247006468 554399202.135324
-0.1044 -0.00149871759213643 -0.00162449465151385 -13.5981768237002 840.343416790212 554399009.490469
-0.1045 -0.00140860983399594 -0.0018932789735824 -13.6078860607687 840.249586573956 554396927.679884
-0.1046 -0.00177285027951607 -0.00141781254991324 -13.6175655502236 840.1557563577 554395319.035797
-0.1047 -0.00185974671213557 -0.00163737868738821 -13.627162621294 840.061926141444 554392993.92305
-0.1048 -0.00156645594944213 -0.00170098863577494 -13.6365780876606 839.968095925188 554391767.979857
-0.1049 -0.00176153680845839 -0.00161868832495499 -13.646197851824 839.874265708931 554391341.836796
-0.105 -0.00168294407090233 -0.0014917640862234 -13.6556453371626 839.780435492675 554390717.95121
-0.1051 -0.00135368475903272 -0.00210010020911244 -13.6652659991171 839.686605276419 554389432.98092
-0.1052 -0.00188457815693041 -0.00167820779410375 -13.6750525091319 839.592775060163 554387045.678181
-0.1053 -0.00170810070812801 -0.00165513548363425 -13.6844203512602 839.498944843907 554386867.197983
-0.1054 -0.00140791995218678 -0.00181725739698313 -13.6939548279736 839.40511462765 554385938.98153
-0.1055 -0.00199366568830233 -0.00147530394461906 -13.7033388663625 839.311284411394 554384783.734826
-0.1056 -0.00174118573715597 -0.00171577350678132 -13.7127981227009 839.217454195138 554383801.671137
-0.1057 -0.00141820781093667 -0.00172711300752507 -13.7225108340834 839.123623978882 554381404.803055
-0.1058 -0.0018759375790082 -0.00133074278968295 -13.7320549934011 839.029793762626 554380164.364792
-0.1059 -0.00137701596626741 -0.00194154049160206 -13.7414774794035 838.93596354637 554379379.665892
-0.106 -0.00166340302467016 -0.00162304820835927 -13.7508746891256 838.842133330113 554379255.097005
-0.1061 -0.00182930676967418 -0.00161958795355266 -13.760173894107 838.748303113857 554378249.304253
-0.1062 -0.00157837756867738 -0.00206364675695108 -13.7696435580098 838.654472897601 554377183.137903
-0.1063 -0.00192717861321561 -0.00150302469377079 -13.7792071288978 838.560642681345 554376992.775927
-0.1064 -0.00190549672411786 -0.00192776937208146 -13.7885422337055 838.466812465089 554376118.823838
-0.1065 -0.00161295622545822 -0.00177655865425952 -13.7976473170192 838.372982248833 554376062.930408
-0.1066 -0.00138409696533331 -0.00186175478357738 -13.807103558412 838.279152032577 554373993.903054
-0.1067 -0.00203564520626636 -0.00157854965165684 -13.8168631353813 838.18532181632 554371706.357728
-0.1068 -0.00146812523870627 -0.00169926507234808 -13.8258958897909 838.091491600064 554371719.630903
-0.1069 -0.00165596100587345 -0.00210676548384753 -13.8355138027119 837.997661383808 554370961.264236
-0.107 -0.0020260106172255 -0.00141353989588554 -13.8448599097901 837.903831167552 554371012.811236
-0.1071 -0.00152675341766432 -0.00202057661069061 -13.8540888047621 837.810000951296 554369731.288281
-0.1072 -0.00179927927539058 -0.00194771302779451 -13.8633689099224 837.716170735039 554369235.241716
-0.1073 -0.00223368717027511 -0.00143790651062228 -13.8727555708171 837.622340518783 554369527.921106
-0.1074 -0.00151591624133731 -0.0019074688951664 -13.8818450970421 837.528510302527 554369040.074408
-0.1075 -0.00141006620044087 -0.00189843000322925 -13.8911628781416 837.434680086271 554367878.630752
-0.1076 -0.00199955874149705 -0.00136352691036632 -13.9002824740443 837.340849870015 554367164.423893
-0.1077 -0.00165948211197288 -0.00188756871705239 -13.9096822042726 837.247019653759 554365922.014744
-0.1078 -0.00182816709227422 -0.00216501075010779 -13.9190958333859 837.153189437503 554365079.915675
-0.1079 -0.00157841023754804 -0.00173789341126768 -13.9280434960173 837.059359221246 554365991.845535
-0.108 -0.00187867154128638 -0.00179447938942115 -13.9374315622167 836.96552900499 554365254.511038
-0.1081 -0.0018778759436294 -0.00175494449752092 -13.9467127475958 836.871698788734 554364710.970871
-0.1082 -0.00190646369995656 -0.00167020831588563 -13.9555895538463 836.777868572478 554364312.424707
-0.1083 -0.00169243311407689 -0.001731755735646 -13.9651242398322 836.684038356222 554364233.879076
-0.1084 -0.00190437827808575 -0.00152298673947606 -13.9741734961291 836.590208139966 554364436.652104
-0.1085 -0.00157391788817651 -0.00197567646744012 -13.9833955867281 836.496377923709 554364002.421758
-0.1086 -0.00176796477105376 -0.00187764194368219 -13.9928044052613 836.402547707453 554362197.898966
-0.1087 -0.00174402351084892 -0.00163960150481603 -14.0018766707687 836.308717491197 554361865.432755
-0.1088 -0.00160908715017042 -0.00212378241192907 -14.0110001394149 836.214887274941 554362136.42271
-0.1089 -0.00151594480215024 -0.00196102226643462 -14.020078572041 836.121057058685 554362580.444487
-0.109 -0.00176108649288781 -0.00175554565086514 -14.0291068403422 836.027226842428 554361882.00342
-0.1091 -0.00148592451167976 -0.00183620488133155 -14.0384432793341 835.933396626172 554361673.912401
-0.1092 -0.00183017461471064 -0.00175061734222069 -14.0473861984184 835.839566409916 554361525.559015
-0.1093 -0.00187988989046879 -0.00179594759541318 -14.0564573170548 835.74573619366 554361804.476841
-0.1094 -0.00170781501910034 -0.00196983936214985 -14.0656134382626 835.651905977404 554361989.752857
-0.1095 -0.00199717418482172 -0.00186552194325305 -14.0746405305114 835.558075761148 554362044.243432
-0.1096 -0.0015755008719082 -0.00157645376795122 -14.083338194065 835.464245544892 554362352.485681
-0.1097 -0.00183045427610823 -0.00181843518755114 -14.0926549824829 835.370415328635 554361186.214996
-0.1098 -0.00157720893519065 -0.00169709134117755 -14.1017918666397 835.276585112379 554361257.783455
-0.1099 -0.00187822378424672 -0.00180397254823221 -14.11065535334 835.182754896123 554361037.590554
-0.11 -0.0018606576041983 -0.00199598737724201 -14.1197116558607 835.088924679867 554361407.50841
-0.1101 -0.00155026304782669 -0.00199280974746841 -14.1286977898394 834.995094463611 554362067.366693
-0.1102 -0.00206723555030864 -0.00153988071873171 -14.1376579169492 834.901264247354 554362399.536687
-0.1103 -0.00161144529609526 -0.00202075175207986 -14.1467481896847 834.807434031098 554362108.362386
-0.1104 -0.00208690125277641 -0.00164963502034304 -14.1557275132801 834.713603814842 554362192.15393
-0.1105 -0.00136372855197463 -0.00187408467907603 -14.1644673240276 834.619773598586 554363854.18896
-0.1106 -0.00184886801158051 -0.00193724883820126 -14.1736924386475 834.52594338233 554362920.2299
-0.1107 -0.0018881854219365 -0.00150544451279778 -14.1825222239062 834.432113166074 554362534.271443
-0.1108 -0.00191155493049204 -0.00161137443984204 -14.1913938472965 834.338282949818 554362715.965849
-0.1109 -0.00182608965458057 -0.00173874984186325 -14.200490544288 834.244452733562 554362773.575202
-0.111 -0.00161065108393701 -0.00176199325729336 -14.2092583753776 834.150622517305 554363206.897445
-0.1111 -0.00198451676198042 -0.00157705449737896 -14.2181409697992 834.056792301049 554364226.825185
-0.1112 -0.00181532417105366 -0.00172527406685591 -14.2270801601537 833.962962084793 554364487.811516
-0.1113 -0.00157387821491843 -0.00206242528731584 -14.2360543370731 833.869131868537 554365045.709476
-0.1114 -0.00188276281076772 -0.00178198667491963 -14.2446659528849 833.775301652281 554365889.420094
-0.1115 -0.00206378135926545 -0.00179301087281871 -14.2536581045433 833.681471436024 554366546.087608
-0.1116 -0.00176886437822139 -0.00172586844767357 -14.2624843280049 833.587641219768 554367296.11351
-0.1117 -0.00172697426526962 -0.00167834593538725 -14.2712909766143 833.493811003512 554367348.086437
-0.1118 -0.00185354737848444 -0.00196346977376714 -14.2804328335721 833.399980787256 554366415.926336
-0.1119 -0.00158479337727881 -0.0019922834773926 -14.2886844469813 833.306150571 554368424.614304
-0.112 -0.0021269008700425 -0.001875922880284 -14.2979242427654 833.212320354743 554367799.242616
-0.1121 -0.00170675085999032 -0.00165900393859603 -14.3066808022144 833.118490138487 554368974.447517
-0.1122 -0.0017137347653132 -0.00159340710809783 -14.3152641631117 833.024659922231 554370263.077028
-0.1123 -0.0017843458671855 -0.00179994253487836 -14.3240064701474 832.930829705975 554370045.427554
-0.1124 -0.00218650171551977 -0.00162107417823966 -14.3327863848022 832.836999489719 554370832.740469
-0.1125 -0.00189946199172456 -0.0018095366522796 -14.3415044374216 832.743169273463 554371535.933191
-0.1126 -0.00181287328845381 -0.00179178090255625 -14.3501302416531 832.649339057207 554373066.233776
-0.1127 -0.00192920671054938 -0.00192386705297243 -14.3589369861307 832.55550884095 554373888.771688
-0.1128 -0.00177463864756818 -0.00202048679355604 -14.3675180385992 832.461678624694 554374859.407586
-0.1129 -0.00198286317621186 -0.00163165498059708 -14.3761176275265 832.367848408438 554375841.990781
-0.113 -0.00190851196812088 -0.00163720506347561 -14.3849617777966 832.274018192182 554375973.828066
-0.1131 -0.00192951155673323 -0.00174039940655787 -14.3936726229296 832.180187975926 554376294.104091
-0.1132 -0.00156552405292957 -0.0023661130000081 -14.4024132665807 832.08635775967 554377614.198505
-0.1133 -0.00192418138596828 -0.00149931138247399 -14.4105485800932 831.992527543413 554379902.069891
-0.1134 -0.0017427016390146 -0.00173213186920268 -14.4194343319018 831.898697327157 554380029.801242
-0.1135 -0.00182741213912479 -0.00199509029123903 -14.4281261603506 831.804867110901 554380229.68584
-0.1136 -0.00201161600344386 -0.00173126659201225 -14.4367481044289 831.711036894645 554381138.490278
-0.1137 -0.0020432474060593 -0.00208259319045845 -14.4454701805836 831.617206678389 554381327.992141
-0.1138 -0.00126352996253635 -0.00183380303461554 -14.4539047232978 831.523376462133 554384031.653813
-0.1139 -0.00227637814485305 -0.00177476743655568 -14.4627029478917 831.429546245877 554383848.917537
-0.114 -0.00169004599068587 -0.00207843229749148 -14.470911801746 831.33571602962 554386674.157177
-0.1141 -0.00164590718793731 -0.0019618040378857 -14.4796839245309 831.241885813364 554387649.533885
-0.1142 -0.00212667227985955 -0.00176494794359735 -14.4882585413023 831.148055597108 554388522.460477
-0.1143 -0.0019023754908169 -0.00168803233860118 -14.4965656384593 831.054225380852 554389965.728781
-0.1144 -0.0016056512559858 -0.00180892600062553 -14.5051111785032 830.960395164596 554390399.066614
-0.1145 -0.00206018713445307 -0.00173867873872492 -14.5139878221639 830.866564948339 554390992.597583
-0.1146 -0.0015061619817348 -0.00168217867059756 -14.5219631296283 830.772734732083 554394091.929379
-0.1147 -0.00190998981887187 -0.0019887901936088 -14.5306437149521 830.678904515827 554394568.186925
-0.1148 -0.00186273088181287 -0.00168962466386533 -14.5391920759302 830.585074299571 554396597.581136
-0.1149 -0.00191904119937751 -0.00187927255954881 -14.5476144023236 830.491244083315 554397058.915211
-0.115 -0.0018812826128616 -0.0019957428988942 -14.5558192671931 830.397413867059 554399803.68287
-0.1151 -0.00181182584466778 -0.00226621141671902 -14.5644883285901 830.303583650802 554401316.721633
-0.1152 -0.00232898321177881 -0.00143661510927993 -14.5727179328238 830.209753434546 554402762.915168
-0.1153 -0.00160491120148854 -0.00193357722176363 -14.5809064566433 830.11592321829 554403221.380299
-0.1154 -0.00181743706527581 -0.00210950088228431 -14.5895766834863 830.022093002034 554404026.710421
-0.1155 -0.0021456632471235 -0.00150623601835963 -14.5980359844915 829.928262785778 554406376.786154
-0.1156 -0.00172622879569302 -0.00199592127712376 -14.6064843947443 829.834432569522 554407592.408894
-0.1157 -0.0018054748647355 -0.00220393205600919 -14.6145443529918 829.740602353266 554409545.169637
-0.1158 -0.00223541814732086 -0.0018914323520154 -14.6229371129008 829.646772137009 554411034.783044
-0.1159 -0.00195670856085688 -0.00175547789115949 -14.6313527209466 829.552941920753 554413550.82429
-0.116 -0.00187126061533215 -0.00230133145474979 -14.6397766894279 829.459111704497 554414208.630556
-0.1161 -0.00189931970947871 -0.0021793654284365 -14.6480207057549 829.365281488241 554416868.027721
-0.1162 -0.00175349987514897 -0.00181876250589248 -14.6563631526851 829.271451271985 554418995.296905
-0.1163 -0.00219446079352736 -0.00185502074971707 -14.6646263002394 829.177621055728 554419185.734636
-0.1164 -0.00180130571440201 -0.00210729780662511 -14.673019664807 829.083790839472 554420856.023322
-0.1165 -0.0018214841537841 -0.00180008098516553 -14.6810219805758 828.989960623216 554423194.31428
-0.1166 -0.00164042293810507 -0.00212522522154743 -14.689177606132 828.89613040696 554425870.786119
-0.1167 -0.00180309228797765 -0.00190203281244909 -14.6975693745574 828.802300190704 554427610.51732
-0.1168 -0.00220172552674437 -0.00185975129054525 -14.7057177485767 828.708469974448 554428694.418222
-0.1169 -0.00174802847332654 -0.00201004086608485 -14.7141423722651 828.614639758192 554430777.759516
-0.117 -0.00202860419722058 -0.00182723848158191 -14.7224634153291 828.520809541935 554432869.620897
-0.1171 -0.00222367887507337 -0.00147811579246412 -14.7301419969564 828.426979325679 554435450.989215
-0.1172 -0.00158539811777322 -0.0022750194457636 -14.7385773765285 828.333149109423 554437510.283213
-0.1173 -0.00214688608800721 -0.00202007155317638 -14.7468229028425 828.239318893167 554438592.323599
-0.1174 -0.00217670527128751 -0.00199655852041316 -14.7549450809693 828.145488676911 554439838.816775
-0.1175 -0.00199035171237821 -0.00195373000574247 -14.7631742192236 828.051658460655 554441919.396755
-0.1176 -0.00178601117402791 -0.00220836661634426 -14.7712319724509 827.957828244398 554444120.632969
-0.1177 -0.00219315871883711 -0.00193816665846455 -14.7792251245554 827.863998028142 554446433.105112
-0.1178 -0.002315724356233 -0.00150759634765011 -14.7872578829226 827.770167811886 554450014.933363
-0.1179 -0.00174799275444026 -0.00210801167658482 -14.7953835301185 827.67633759563 554452232.299293
-0.118 -0.00217925386018433 -0.00201370546554269 -14.8034312927962 827.582507379374 554454051.277652
-0.1181 -0.00188668643292889 -0.00185612285100228 -14.8117135439801 827.488677163117 554456398.211349
-0.1182 -0.00179708620849107 -0.0019914135692258 -14.8197020554584 827.394846946861 554458855.986599
-0.1183 -0.00203362658565286 -0.0019224610987141 -14.8277198306232 827.301016730605 554461191.726974
-0.1184 -0.00172068170679589 -0.0018842714666951 -14.8357726219943 827.207186514349 554463426.402475
-0.1185 -0.0020959007049819 -0.00184061355271842 -14.8438229380598 827.113356298093 554464709.101072
-0.1186 -0.00165188875722341 -0.0020541745034451 -14.8519790373651 827.019526081837 554466544.542413
-0.1187 -0.00207704447414455 -0.001780852137037 -14.8597575959949 826.925695865581 554470202.757443
-0.1188 -0.00207876679838617 -0.00197435016467362 -14.867930284468 826.831865649324 554472381.83947
-0.1189 -0.00171549898802883 -0.00202429084431316 -14.8756834654983 826.738035433068 554475236.187174
-0.119 -0.00183789978826546 -0.00193238863040281 -14.8837591403341 826.644205216812 554477243.567298
-0.1191 -0.00181547691988147 -0.00217279469147953 -14.8918686074274 826.550375000556 554480388.915347
-0.1192 -0.00171408364601969 -0.00233459991875518 -14.8997002136715 826.4565447843 554482596.618064
-0.1193 -0.00257780350212047 -0.00147430082002774 -14.9075992957461 826.362714568044 554485135.074699
-0.1194 -0.0017050286223195 -0.00207227029462635 -14.9154117950264 826.268884351787 554488533.277325
-0.1195 -0.00175327459964691 -0.00191965576256762 -14.9231920170019 826.175054135531 554490871.02197
-0.1196 -0.00229293331513982 -0.00180466887151025 -14.9310436654733 826.081223919275 554492746.916354
-0.1197 -0.00228457677509938 -0.0018078958374177 -14.9392911616827 825.987393703019 554494457.902403
-0.1198 -0.00167735060719383 -0.00233368190583255 -14.9470338785703 825.893563486763 554497705.697179
-0.1199 -0.00202882364628729 -0.00170122921386973 -14.9546172460678 825.799733270507 554501452.923539
-0.12 -0.00220425230821128 -0.00182311000820613 -14.9628406458613 825.70590305425 554503445.768477
-0.1201 -0.00170648029308238 -0.00218759243709959 -14.9702120039044 825.612072837994 554507371.34138
-0.1202 -0.00232192313298178 -0.00212911705508537 -14.9782899860308 825.518242621738 554509353.598221
-0.1203 -0.0019906565770002 -0.00260691083818571 -14.9861291721723 825.424412405482 554512404.107447
-0.1204 -0.00162703697063063 -0.00214560920409762 -14.9937595205201 825.330582189226 554516188.146409
-0.1205 -0.00216638277030186 -0.00199687657835138 -15.0016561110656 825.23675197297 554518810.232427
-0.1206 -0.00187657893234802 -0.00194338106333966 -15.0092704770374 825.142921756713 554521676.80256
-0.1207 -0.00185876182066585 -0.00255334252721382 -15.0171760999304 825.049091540457 554523123.12547
-0.1208 -0.00237569493946443 -0.00198490436484388 -15.0252055616144 824.955261324201 554525611.994216
-0.1209 -0.00192854647132472 -0.00162820857902913 -15.0325957640377 824.861431107945 554529557.067482
-0.121 -0.00166301335362777 -0.00232631828008641 -15.0403514904075 824.767600891689 554532437.180042
-0.1211 -0.00184850270240891 -0.00195137184781252 -15.0479827734468 824.673770675433 554536128.265075
-0.1212 -0.00213451393110091 -0.00178513262720544 -15.0555383979496 824.579940459176 554538946.0912
-0.1213 -0.00211466895930299 -0.00227296758282747 -15.063015578077 824.48611024292 554542555.63984
-0.1214 -0.00205387283844377 -0.00197888199849766 -15.0709577828798 824.392280026664 554545424.856476
-0.1215 -0.00233991155752999 -0.00201271918529913 -15.0786974418567 824.298449810408 554548939.5311
-0.1216 -0.00194142377503063 -0.0018987457868579 -15.0862942161769 824.204619594152 554553128.637363
-0.1217 -0.00202456511478949 -0.00221926959479428 -15.0939003258341 824.110789377896 554554679.459565
-0.1218 -0.00236527659788022 -0.00173385923039881 -15.1014305165962 824.01695916164 554558141.859793
-0.1219 -0.00220855549813254 -0.00209724133585084 -15.1092177646162 823.923128945383 554560751.317621
-0.122 -0.00184089107805664 -0.00183902937693017 -15.1166605293345 823.829298729127 554564835.773747
-0.1221 -0.00185452374514369 -0.00199367044887833 -15.1243531282485 823.735468512871 554567657.155863
-0.1222 -0.00213530179824662 -0.00190999556465755 -15.1318662960563 823.641638296615 554571404.146515
-0.1223 -0.00203068658409618 -0.00226580299951937 -15.139579887467 823.547808080359 554574524.675197
-0.1224 -0.00238858944499266 -0.00163802405026675 -15.146997755234 823.453977864102 554577941.50944
-0.1225 -0.00180832980376977 -0.00227210063033863 -15.1544776230647 823.360147647846 554581947.396629
-0.1226 -0.00227809106992968 -0.00200905654945297 -15.1620382335279 823.26631743159 554585050.958107
-0.1227 -0.0018600122487432 -0.00199499765013611 -15.1695844797818 823.172487215334 554588215.66701
-0.1228 -0.00230317037971049 -0.00199179304524403 -15.1772039089336 823.078656999078 554591676.927766
-0.1229 -0.00182809196975149 -0.00217525929977451 -15.1845923537344 822.984826782822 554595830.293558
-0.123 -0.00234255464566039 -0.00197931435602279 -15.1919154478265 822.890996566565 554599303.408301
-0.1231 -0.0024530054096687 -0.00217604305798559 -15.1992954555071 822.797166350309 554602851.221442
-0.1232 -0.00172354165364549 -0.00222767775614877 -15.2068112455699 822.703336134053 554606809.721331
-0.1233 -0.00203296889677669 -0.00224823301767794 -15.2145464027537 822.609505917797 554609776.540835
-0.1234 -0.00222795563835721 -0.00190038343379038 -15.2214178978981 822.515675701541 554614816.61214
-0.1235 -0.00187656884481951 -0.0022044392641758 -15.2288568126154 822.421845485285 554618739.422353
-0.1236 -0.00175579795274589 -0.00249356942379597 -15.2364013300983 822.328015269028 554621457.169291
-0.1237 -0.00212193815854058 -0.00183485426328686 -15.2437345143779 822.234185052772 554624529.987832
-0.1238 -0.00206524034393194 -0.00196987578962974 -15.2512701762352 822.140354836516 554627897.478683
-0.1239 -0.00234430054716386 -0.00228425249615608 -15.2588081922383 822.04652462026 554631304.117905
-0.124 -0.00176433049143283 -0.00226378107476254 -15.2658281782397 821.952694404004 554636746.261299
-0.1241 -0.00240379252765455 -0.00215861208856757 -15.2734446006391 821.858864187748 554639644.987953
-0.1242 -0.00166570806627954 -0.00223424486659375 -15.280328045965 821.765033971491 554645352.172979
-0.1243 -0.00203773769126981 -0.00202480353669424 -15.2878030562205 821.671203755235 554648628.057122
-0.1244 -0.0022533758554054 -0.00230880355694336 -15.2950061036451 821.577373538979 554652197.481786
-0.1245 -0.00206389149180298 -0.00212631498700561 -15.3020900592448 821.483543322723 554657277.854872
-0.1246 -0.00206187759659728 -0.00208486868959147 -15.3097042371853 821.389713106467 554660635.215432
-0.1247 -0.00200333802503742 -0.00224300406124102 -15.3167463475788 821.295882890211 554663889.376819
-0.1248 -0.00190116192341221 -0.00222591990296405 -15.3242550896245 821.202052673955 554667594.070289
-0.1249 -0.0022601011732113 -0.00206943446258634 -15.3314790168397 821.108222457698 554671594.645527
-0.125 -0.00202628663238357 -0.0018081840205367 -15.338396998406 821.014392241442 554677507.263401
-0.1251 -0.0018249449162938 -0.0026789802994895 -15.345758573415 820.920562025186 554680317.244395
-0.1252 -0.00203089477141087 -0.00231930228654663 -15.3528721578311 820.82673180893 554684682.139597
-0.1253 -0.00240959436644771 -0.00199049465941998 -15.3602298871027 820.732901592674 554688737.4869
-0.1254 -0.00179765482891914 -0.00219699558295449 -15.3674108180789 820.639071376417 554693779.633609
-0.1255 -0.00194743012678982 -0.0020797057105773 -15.3744053507365 820.545241160161 554697890.04391
-0.1256 -0.00238274262947976 -0.00162277737992034 -15.3813677866827 820.451410943905 554702660.015964
-0.1257 -0.00166868713545358 -0.00234219994737644 -15.3886178959594 820.357580727649 554706520.153956
-0.1258 -0.00230340616529331 -0.00154457952054556 -15.3957434848859 820.263750511393 554711100.53526
-0.1259 -0.00243980996759391 -0.00214024018567654 -15.4027830684366 820.169920295137 554715090.101338
-0.126 -0.00200451220770573 -0.00252305857036597 -15.4100432636997 820.07609007888 554719101.308438
-0.1261 -0.00203943389564962 -0.00232120325267603 -15.4171179172795 819.982259862624 554723533.379435
-0.1262 -0.00228005900389637 -0.00195524031310874 -15.423937376472 819.888429646368 554728989.385724
-0.1263 -0.00217157460710799 -0.00236169391974728 -15.4312200570814 819.794599430112 554732875.885315
-0.1264 -0.00202598398551298 -0.00229928974545724 -15.4378656252783 819.700769213856 554738294.061054
-0.1265 -0.00232718432899283 -0.00206343062731626 -15.4451007444188 819.6069389976 554741978.005391
-0.1266 -0.0024256841486357 -0.00196769426041141 -15.4520684956399 819.513108781344 554745081.709439
-0.1267 -0.00206678050301576 -0.00230123890173828 -15.4591220951245 819.419278565087 554750110.484595
-0.1268 -0.00225658388037631 -0.00215457148578835 -15.4661179363302 819.325448348831 554755023.805087
-0.1269 -0.00233234648027257 -0.00214581266444586 -15.4728108642347 819.231618132575 554760130.179704
-0.127 -0.00218746206769313 -0.00242753028857578 -15.4797333859132 819.137787916319 554764899.263188
-0.1271 -0.00225251303836884 -0.00213043841465351 -15.48702116128 819.043957700063 554769447.828586
-0.1272 -0.0021525350849315 -0.0019308657296007 -15.4938206055565 818.950127483806 554774776.419712
-0.1273 -0.002245229533892 -0.00196982796388889 -15.5006668151419 818.85629726755 554779538.646981
-0.1274 -0.00211064289861539 -0.0024997228943792 -15.5078037049 818.762467051294 554784246.980059
-0.1275 -0.00245585576636947 -0.00170924807127472 -15.5143888137506 818.668636835038 554789717.702691
-0.1276 -0.0022349324518755 -0.00211645194247574 -15.5213399576357 818.574806618782 554794097.399902
-0.1277 -0.00210291546806235 -0.00239719654392131 -15.5281375084039 818.480976402526 554798244.308826
-0.1278 -0.00210332820526651 -0.00214931170544006 -15.5352416001559 818.38714618627 554802761.766052
-0.1279 -0.00228933258523131 -0.00198798068608948 -15.5417789646801 818.293315970013 554808002.574592
-0.128 -0.00217633395083705 -0.0023440820217366 -15.5486312634592 818.199485753757 554812565.62889
-0.1281 -0.00200826267522311 -0.00244504182341764 -15.5554900096813 818.105655537501 554818317.845592
-0.1282 -0.00243101460962296 -0.00179640193543117 -15.5623525398857 818.011825321245 554823274.763654
-0.1283 -0.0020698460166391 -0.00263095450638884 -15.569029565294 817.917995104989 554828211.977893
-0.1284 -0.00209594247661578 -0.00243177624690754 -15.5757352429875 817.824164888733 554833343.372428
-0.1285 -0.00204526894501225 -0.00217553764488813 -15.5826642029976 817.730334672476 554838702.937842
-0.1286 -0.00209282248363753 -0.0021345270681106 -15.589114021864 817.63650445622 554844151.059448
-0.1287 -0.00235127315439598 -0.00238800842485266 -15.595754559145 817.542674239964 554848729.076428
-0.1288 -0.00281356010106035 -0.00233151521414519 -15.6029034274285 817.448844023708 554853634.238364
-0.1289 -0.00211330701105787 -0.00221015642984623 -15.6095626344556 817.355013807452 554859879.459385
-0.129 -0.00228190202709961 -0.00234901709607462 -15.6160638523276 817.261183591196 554864846.087335
-0.1291 -0.00229975429010897 -0.00243233453191371 -15.623003237656 817.167353374939 554869515.101391
-0.1292 -0.00229235635125875 -0.00225136296555387 -15.6294060532389 817.073523158683 554875245.560266
-0.1293 -0.00226735596102127 -0.00247833034399557 -15.6359995965412 816.979692942427 554881149.968097
-0.1294 -0.00246760276098506 -0.00205691615797324 -15.6425869326325 816.885862726171 554886959.318195
-0.1295 -0.002353851649077 -0.00191042587251207 -15.6493223127825 816.792032509915 554891326.803536
-0.1296 -0.0019422411586536 -0.00272702600597546 -15.6559215954579 816.698202293659 554895594.639238
-0.1297 -0.00249192277603194 -0.00213918275556655 -15.6624905600225 816.604372077402 554900888.59825
-0.1298 -0.00249529775145038 -0.0015902314499887 -15.6688611476702 816.510541861146 554907793.166891
-0.1299 -0.00169197680724743 -0.00294885109432815 -15.675468938855 816.41671164489 554912900.56438
-0.13 -0.0024626375354901 -0.00215699484387695 -15.6818314504035 816.322881428634 554918894.849368
-0.1301 -0.00243109450357197 -0.00214102537042226 -15.6884776386024 816.229051212378 554924231.564427
-0.1302 -0.00183866552216833 -0.00249268022006051 -15.6950376363789 816.135220996122 554930544.883047
-0.1303 -0.00247638143497938 -0.0022163540889296 -15.7015186047003 816.041390779865 554935535.089696
-0.1304 -0.00210904726609552 -0.00251436739000907 -15.7078992841292 815.947560563609 554941978.044868
-0.1305 -0.00215466532078433 -0.00204124321730826 -15.71446332955 815.853730347353 554947958.070285
-0.1306 -0.00244843143367234 -0.00198256397140058 -15.7206871174232 815.759900131097 554953052.057127
-0.1307 -0.00211357767057367 -0.00223987801818836 -15.7273169514219 815.666069914841 554957240.156385
-0.1308 -0.00230555283717036 -0.00257871089190475 -15.7339120957745 815.572239698585 554962441.286907
-0.1309 -0.0023409360398558 -0.00242414632207715 -15.7401263204995 815.478409482329 554968970.206976
-0.131 -0.00247827309811684 -0.00211672974269074 -15.7466827008241 815.384579266072 554974830.403756
-0.1311 -0.00206265344199104 -0.00261366298876025 -15.7529268577439 815.290749049816 554981046.04899
-0.1312 -0.00241644588483116 -0.00235297151389118 -15.7590927066323 815.19691883356 554987729.728677
-0.1313 -0.00235419361295013 -0.00214429388881438 -15.7654317058697 815.103088617304 554993507.543408
-0.1314 -0.00255339327280454 -0.00213360167632204 -15.7715375733496 815.009258401048 554999550.261134
-0.1315 -0.00274875195954748 -0.00224277446231577 -15.7783093173151 814.915428184791 555005692.814052
-0.1316 -0.0021363107425801 -0.00244916423820737 -15.7844326457333 814.821597968535 555012414.187235
-0.1317 -0.00283730376470547 -0.00218436117378054 -15.7907855034443 814.727767752279 555017595.464477
-0.1318 -0.00229172500790258 -0.00242512318015218 -15.7968202184478 814.633937536023 555023418.201046
-0.1319 -0.0022075107378419 -0.00243896580444318 -15.8034674415565 814.540107319767 555028624.761294
-0.132 -0.00242782791832207 -0.00223388312796222 -15.8097931511215 814.446277103511 555035088.094262
-0.1321 -0.00213875548284562 -0.00234745051678603 -15.8159465111341 814.352446887254 555041508.424494
-0.1322 -0.00238879863206207 -0.0022833620781086 -15.8219176964632 814.258616670998 555047909.19782
-0.1323 -0.00245250715038863 -0.00252757704415686 -15.8281766750168 814.164786454742 555054515.646725
-0.1324 -0.00232769654322242 -0.00252763384384379 -15.8346094772769 814.070956238486 555060545.67794
-0.1325 -0.00223016406406814 -0.00244488486450777 -15.8404516420525 813.97712602223 555066891.94428
-0.1326 -0.00215681657199265 -0.00250310155044659 -15.846770927039 813.883295805974 555072783.606858
-0.1327 -0.00219872993402743 -0.00241799830936375 -15.8529084953412 813.789465589718 555080181.820097
-0.1328 -0.00260948923910439 -0.00187713844016144 -15.8588775559604 813.695635373461 555086920.341547
-0.1329 -0.00199590745634784 -0.00268308642514994 -15.8653042558067 813.601805157205 555092384.091571
-0.133 -0.00219221601808462 -0.00211500553873649 -15.871328383224 813.507974940949 555098536.623229
-0.1331 -0.00267251180747506 -0.00177446904643547 -15.8770161277304 813.414144724693 555104567.36854
-0.1332 -0.00264897437965255 -0.00253374041767491 -15.8834690763096 813.320314508437 555109651.405659
-0.1333 -0.0022517324019258 -0.00250630799174709 -15.8895182671432 813.22648429218 555117538.520392
-0.1334 -0.00248899604958272 -0.0024438588461297 -15.8956319641176 813.132654075924 555124452.981602
-0.1335 -0.00235924704520364 -0.00220145836478996 -15.9013193311242 813.038823859668 555132028.985897
-0.1336 -0.00273568178247873 -0.00231634041692295 -15.9076210046485 812.944993643412 555137418.898353
-0.1337 -0.00244216569823089 -0.00241176770395761 -15.9136201315391 812.851163427156 555144579.399522
-0.1338 -0.00244250460258891 -0.00222055196857644 -15.9197612421151 812.7573332109 555150991.414189
-0.1339 -0.00252662740639406 -0.0025297022748158 -15.9257390587138 812.663502994644 555157221.792576
-0.134 -0.00197028733966608 -0.0026629746719814 -15.931156133756 812.569672778387 555165037.973836
-0.1341 -0.00251667364719982 -0.00202737324722558 -15.9373759022233 812.475842562131 555171451.461966
-0.1342 -0.00206251202279781 -0.00243463958193234 -15.9433961495423 812.382012345875 555177508.462264
-0.1343 -0.00228297137369909 -0.002488483940373 -15.949546023886 812.288182129619 555182743.501733
-0.1344 -0.00233064931511025 -0.00203952514270647 -15.9551748087158 812.194351913363 555191435.769758
-0.1345 -0.00212492771822816 -0.00228565561142573 -15.961130084995 812.100521697107 555198586.364948
-0.1346 -0.00236654401411608 -0.00288976536767957 -15.9669820540719 812.00669148085 555204569.978979
-0.1347 -0.00261232746570387 -0.00198534431298037 -15.9723609966527 811.912861264594 555213395.311012
-0.1348 -0.00216266863118717 -0.00263840505306219 -15.9786937092718 811.819031048338 555218846.050685
-0.1349 -0.0022724957560745 -0.00274687586501214 -15.9846686101815 811.725200832082 555226012.177854
-0.135 -0.00254510951577108 -0.00223445896052498 -15.9902079714502 811.631370615826 555233283.449143
-0.1351 -0.00212472324907287 -0.00240871172781568 -15.9959476846164 811.537540399569 555241191.858985
-0.1352 -0.00246882527415134 -0.00228914134861486 -16.0016169202831 811.443710183313 555248301.079134
-0.1353 -0.00236439778906289 -0.00255057740478987 -16.0075622402411 811.349879967057 555254055.670382
-0.1354 -0.00242177532949272 -0.0023432425616568 -16.0132190613803 811.256049750801 555260893.856808
-0.1355 -0.00256874897860864 -0.00245566716312165 -16.0191689062662 811.162219534545 555267542.017809
-0.1356 -0.00241445285425614 -0.00248262296648694 -16.0248675334143 811.068389318289 555275729.590074
-0.1357 -0.00276786758437052 -0.00230164553510986 -16.0299696617173 810.974559102033 555283258.296484
-0.1358 -0.00182339521670345 -0.00253560951884159 -16.0362289441649 810.880728885776 555291000.077055
-0.1359 -0.00261537248929696 -0.00198148731391325 -16.0418385550211 810.78689866952 555297900.439597
-0.136 -0.00222274622557843 -0.00265963022306104 -16.0473000519708 810.693068453264 555305143.131759
-0.1361 -0.00225545798298849 -0.00244319134611435 -16.0529350643036 810.599238237008 555313400.328236
-0.1362 -0.0026562916677396 -0.00220975261836111 -16.058448827455 810.505408020752 555320624.369733
-0.1363 -0.00222406709953189 -0.00258144708291727 -16.0640430508365 810.411577804495 555328299.146542
-0.1364 -0.0020177860381426 -0.00250791416686046 -16.0695845713724 810.317747588239 555335212.546079
-0.1365 -0.00278867108869054 -0.00200944364240011 -16.0754152052425 810.223917371983 555341679.490174
-0.1366 -0.00249893532936212 -0.00227966100354941 -16.0808886130543 810.130087155727 555349683.809306
-0.1367 -0.0020704879251274 -0.00279367360999807 -16.0863550437371 810.036256939471 555357893.872454
-0.1368 -0.00276077718249694 -0.00214838584104221 -16.0913562573537 809.942426723215 555366277.580873
-0.1369 -0.00266567292935425 -0.00227603468712779 -16.0973134442535 809.848596506959 555373011.619829
-0.137 -0.00213432212893729 -0.00252705537686896 -16.1025327963418 809.754766290702 555381524.012264
-0.1371 -0.00235069879128159 -0.00269593588597996 -16.1083122920546 809.660936074446 555389055.031776
-0.1372 -0.00279291671669961 -0.002263369657813 -16.1135765302304 809.56710585819 555396855.513086
-0.1373 -0.00252516866401503 -0.00249716059817236 -16.1191242574972 809.473275641934 555403799.409705
-0.1374 -0.00181643978249911 -0.00250599990874693 -16.1246059558636 809.379445425678 555411801.020534
-0.1375 -0.00280401695019591 -0.00214803060528139 -16.1302539796907 809.285615209422 555418194.183132
-0.1376 -0.00272139499890122 -0.00253967598567579 -16.1353195422368 809.191784993165 555427186.880978
-0.1377 -0.00234574076427291 -0.00272579052416126 -16.1404806582257 809.097954776909 555435428.233044
-0.1378 -0.00272494258297973 -0.00248074226689729 -16.145747976792 809.004124560653 555442894.447039
-0.1379 -0.00242738507690778 -0.00216478492710851 -16.1511091198992 808.910294344397 555451743.983332
-0.138 -0.00232880357909144 -0.00257532573321104 -16.1566065237435 808.816464128141 555458921.764466
-0.1381 -0.00239908300088964 -0.00266747637177519 -16.1617740077571 808.722633911884 555467209.283674
-0.1382 -0.00249391142931249 -0.00241736539954012 -16.1671601013034 808.628803695628 555475017.120095
-0.1383 -0.00227956765304032 -0.0023613466689297 -16.1725845751985 808.534973479372 555482904.021536
-0.1384 -0.00243223837926493 -0.00247795112881121 -16.1773191639586 808.441143263116 555491666.271408
-0.1385 -0.00270518009693777 -0.00259817136518931 -16.1826400736994 808.34731304686 555499452.463548
-0.1386 -0.00259721046994464 -0.00229587815954506 -16.1880085031893 808.253482830604 555507763.574731
-0.1387 -0.00228248612672595 -0.00262329064613915 -16.1930790366627 808.159652614348 555516615.69812
-0.1388 -0.00245515628555916 -0.00254161461405778 -16.1982533670714 808.065822398091 555524472.650549
-0.1389 -0.00291068436302341 -0.00218333102885137 -16.2033959955806 807.971992181835 555532951.723959
-0.139 -0.00246889501051266 -0.00261501064544574 -16.208368519745 807.878161965579 555541531.266092
-0.1391 -0.00248193169569416 -0.00280764555881512 -16.2133894002144 807.784331749323 555549552.48711
-0.1392 -0.00257603419672651 -0.0026841076187177 -16.2185630556761 807.690501533067 555558007.064929
-0.1393 -0.00235826420090814 -0.00276960293541712 -16.2238811227306 807.596671316811 555566781.785366
-0.1394 -0.00262437829423222 -0.00251481106137466 -16.2286149301677 807.502841100554 555575178.027675
-0.1395 -0.00263840626906207 -0.00244516874768224 -16.2336240129625 807.409010884298 555583834.547288
-0.1396 -0.00261845278748703 -0.00254286358486728 -16.2386215005592 807.315180668042 555592388.320822
-0.1397 -0.00209697761195779 -0.00299800105017313 -16.2437179996206 807.221350451786 555601015.823658
-0.1398 -0.00276982505599887 -0.00247034276630002 -16.2488453233896 807.12752023553 555609497.490621
-0.1399 -0.00278499668124891 -0.00257278315119751 -16.2534209901954 807.033690019274 555618154.420557
-0.14 -0.0023606310022084 -0.0026410479564853 -16.2582681366404 806.939859803017 555627262.269982
-0.1401 -0.00244448271735764 -0.00271457398208769 -16.2635080455724 806.846029586761 555635807.094758
-0.1402 -0.0027927410994985 -0.00231608530233227 -16.2682748535423 806.752199370505 555645193.279833
-0.1403 -0.00246513642510906 -0.00243068193273184 -16.2730672282928 806.658369154249 555653591.907941
-0.1404 -0.00232215168716071 -0.00299288716878724 -16.278137192268 806.564538937993 555662077.792979
-0.1405 -0.00249112652383743 -0.00224304688864749 -16.2826272998561 806.470708721737 555671860.646194
-0.1406 -0.00244344366266476 -0.00259861869151072 -16.2874649829711 806.37687850548 555680271.315755
-0.1407 -0.00262818930699698 -0.00269166860087629 -16.2926737312273 806.283048289224 555689077.103134
-0.1408 -0.00241729164723129 -0.00250563521203643 -16.297091533262 806.189218072968 555698761.204421
-0.1409 -0.00269249992971697 -0.00234519008628303 -16.3020350699693 806.095387856712 555707440.164762
-0.141 -0.00261807047949761 -0.0024218416618245 -16.3069636173854 806.001557640456 555716363.705345
-0.1411 -0.00281747493687452 -0.0026805446333915 -16.3115612066206 805.9077274242 555724826.931278
-0.1412 -0.0026057502881318 -0.0024242451222465 -16.3162619892709 805.813897207943 555734683.729811
-0.1413 -0.00257560022244826 -0.00249779062589178 -16.32102789317 805.720066991687 555743901.5316
-0.1414 -0.00261580529249474 -0.00253959570075567 -16.3254314135182 805.626236775431 555753562.8212
-0.1415 -0.00252606645383785 -0.00275661595809232 -16.329786828048 805.532406559175 555762751.639437
-0.1416 -0.00269965046657393 -0.00265245293728551 -16.3347910454599 805.438576342919 555771739.328194
-0.1417 -0.00255447135323888 -0.00281325750483448 -16.3393516138883 805.344746126663 555780831.702796
-0.1418 -0.00257567478731471 -0.00275937999128702 -16.3441868609121 805.250915910407 555790109.698283
-0.1419 -0.00253212528680962 -0.00225170001572399 -16.3481663489702 805.15708569415 555800905.103028
-0.142 -0.00274983221847835 -0.00236917808339014 -16.3526749552882 805.063255477894 555809885.983437
-0.1421 -0.00253800013720441 -0.00304016746226494 -16.3574559784422 804.969425261638 555818720.057081
-0.1422 -0.00281130041671604 -0.00228079872785749 -16.3622012208031 804.875595045382 555828571.280017
-0.1423 -0.00278709739849278 -0.0024374705725859 -16.3663515462899 804.781764829126 555838117.785391
-0.1424 -0.00214761999321859 -0.00263347992910403 -16.3704965646668 804.687934612869 555848515.851498
-0.1425 -0.00267628187165752 -0.00277693681183064 -16.3750080285663 804.594104396613 555857490.55569
-0.1426 -0.002943667966415 -0.00234405648286711 -16.3794485136687 804.500274180357 555867868.154438
-0.1427 -0.00240671496633968 -0.00267398181865672 -16.3839090652988 804.406443964101 555877311.882072
-0.1428 -0.0025300958256812 -0.00255056901047476 -16.3881145169998 804.312613747845 555887465.85754
-0.1429 -0.00267657809739345 -0.00265104827372162 -16.3926695042968 804.218783531589 555896933.114493
-0.143 -0.00280722366519806 -0.00287624889141993 -16.397260364264 804.124953315333 555906327.372907
-0.1431 -0.00226623220256568 -0.00290777803085117 -16.4007683301058 804.031123099076 555917916.198761
-0.1432 -0.00263394334046146 -0.00262784295348634 -16.4050137268028 803.93729288282 555926948.343204
-0.1433 -0.00310742951112986 -0.00229136681153048 -16.4097045168537 803.843462666564 555936670.047281
-0.1434 -0.00244681865977462 -0.00301692146858584 -16.4136180319245 803.749632450308 555947596.002446
-0.1435 -0.0027124830514905 -0.00285566561876701 -16.4177670354692 803.655802234052 555957234.431874
-0.1436 -0.00309035235306384 -0.00257050221463947 -16.4219913187227 803.561972017796 555967284.89278
-0.1437 -0.00250117247598409 -0.00274539417399142 -16.4260645915701 803.468141801539 555977989.243235
-0.1438 -0.00282739061560015 -0.00252555521407391 -16.4299748159233 803.374311585283 555988624.767176
-0.1439 -0.00286613535781617 -0.00268988071031269 -16.4341919593626 803.280481369027 555998681.205242
-0.144 -0.00263335762013367 -0.00255562536386855 -16.4380883697435 803.186651152771 556009508.660854
-0.1441 -0.00272254010151019 -0.00257624263976417 -16.4420807412111 803.092820936515 556020363.007436
-0.1442 -0.00254060454889848 -0.00295015044321291 -16.4464012035608 802.998990720258 556029970.175324
-0.1443 -0.00269735186398325 -0.00276067331087904 -16.450138903883 802.905160504002 556041419.102809
-0.1444 -0.00319318073586625 -0.00253012434076503 -16.4543337388308 802.811330287746 556051076.227935
-0.1445 -0.00271458882461342 -0.00290639946898058 -16.4582645217399 802.71750007149 556061738.072609
-0.1446 -0.00286391031007548 -0.00243743538808632 -16.4617196220969 802.623669855234 556073253.561295
-0.1447 -0.00275619197122106 -0.00269545523471741 -16.4655830280815 802.529839638978 556083658.58068
-0.1448 -0.0029400471033275 -0.00274849020839525 -16.4691865814047 802.436009422722 556094844.115766
-0.1449 -0.00295534818334079 -0.002493294715231 -16.473046050964 802.342179206465 556105939.696209
-0.145 -0.00241481586915005 -0.00291708678362515 -16.4770341682826 802.248348990209 556116290.877648
-0.1451 -0.00245409017031396 -0.00310169466581304 -16.4805260892405 802.154518773953 556127908.870396
-0.1452 -0.00281451372598643 -0.00240629562878085 -16.4839539517604 802.060688557697 556139382.112365
-0.1453 -0.00278779051492159 -0.00271104915409857 -16.4879217026919 801.966858341441 556150179.996272
-0.1454 -0.00260994471958649 -0.00296194462499569 -16.4918309755622 801.873028125185 556160845.674617
-0.1455 -0.00269760699495734 -0.00299005033051173 -16.495179930597 801.779197908928 556172364.929974
-0.1456 -0.00339892497032136 -0.00209653498290308 -16.4984201300709 801.685367692672 556184225.559632
-0.1457 -0.00237589206233207 -0.00298220430869309 -16.5023145634552 801.591537476416 556194948.08169
-0.1458 -0.00269702625205522 -0.00274699457996148 -16.5056309504936 801.49770726016 556206488.678141
-0.1459 -0.0029664038668678 -0.00262657537621834 -16.5087144178203 801.403877043904 556218902.030082
-0.146 -0.0026506472496539 -0.00300566739026387 -16.5121941433537 801.310046827648 556230183.079182
-0.1461 -0.00307893461920996 -0.0028192562254208 -16.5155338174403 801.216216611391 556241597.847045
-0.1462 -0.00282424930099178 -0.00315651652090995 -16.519145900035 801.122386395135 556252877.810069
-0.1463 -0.00306089442268273 -0.00273289817759181 -16.5221398688183 801.028556178879 556264886.773722
-0.1464 -0.00265698186096789 -0.00292642532975781 -16.5255298345267 800.934725962623 556277419.128223
-0.1465 -0.00261651860606379 -0.00284004973337014 -16.5288503674352 800.840895746367 556289252.739107
-0.1466 -0.00243328414847663 -0.00321756919816628 -16.5320507817582 800.747065530111 556300177.95974
-0.1467 -0.00306840699273 -0.00235159727844939 -16.5350563905046 800.653235313854 556313251.578192
-0.1468 -0.00280401421631809 -0.00313512554498653 -16.5383949470174 800.559405097598 556324178.581612
-0.1469 -0.00281499680263185 -0.00284441468456748 -16.541060470142 800.465574881342 556337404.246875
-0.147 -0.00322392531469302 -0.00247092950558504 -16.5441362023244 800.371744665086 556349347.093853
-0.1471 -0.00278214147474152 -0.0031713978034425 -16.5475478647847 800.27791444883 556360983.120403
-0.1472 -0.0027548687051425 -0.00294138856583486 -16.5496003865755 800.184084232573 556375157.606532
-0.1473 -0.00275542433374537 -0.00299500436570685 -16.553196233773 800.090254016317 556386648.914512
-0.1474 -0.00294994725601739 -0.00298783804867907 -16.5556609194079 799.996423800061 556399733.73323
-0.1475 -0.00340266791957036 -0.00238159472506436 -16.5589439373775 799.902593583805 556411665.393302
-0.1476 -0.00234152019209266 -0.0031638725260568 -16.561453815868 799.808763367549 556424371.286014
-0.1477 -0.00310206215551015 -0.00242283413765596 -16.5643179253023 799.714933151293 556437728.334541
-0.1478 -0.00321968143460085 -0.00283718334509745 -16.5671495500174 799.621102935037 556449412.842564
-0.1479 -0.00316541876069784 -0.00265547724192753 -16.5696178004308 799.52727271878 556463141.619998
-0.148 -0.00236137862676098 -0.00305042827468816 -16.5717169861614 799.433442502524 556477510.210215
-0.1481 -0.00289781795691923 -0.00280092582445791 -16.5749229360403 799.339612286268 556489273.999527
-0.1482 -0.00316791690877235 -0.00309600758744259 -16.5775529788063 799.245782070012 556502088.834406
-0.1483 -0.0027147126789582 -0.00320460543700293 -16.5790691418465 799.151951853756 556516433.840874
-0.1484 -0.00302472946787017 -0.0027299126601328 -16.5817630651933 799.0581216375 556529976.059711
-0.1485 -0.00319895517839602 -0.00275616235908757 -16.584175768958 798.964291421243 556542912.01539
-0.1486 -0.00270699673379321 -0.0031627304171153 -16.5866045917536 798.870461204987 556557374.655529
-0.1487 -0.00297438671657467 -0.00323512647739758 -16.5886223126065 798.776630988731 556570171.890215
-0.1488 -0.002618144422693 -0.00364168866045909 -16.5904211153238 798.682800772475 556584041.289503
-0.1489 -0.00292434330328848 -0.00274227775660903 -16.5932902298438 798.588970556219 556598697.135188
-0.149 -0.00337100671181995 -0.00292587737354952 -16.5950963907513 798.495140339963 556611685.709779
-0.1491 -0.00244707024869192 -0.00330664535585415 -16.5966151642025 798.401310123706 556627548.657358
-0.1492 -0.00309514394971044 -0.00327474160721154 -16.5983987916435 798.30747990745 556640718.052243
-0.1493 -0.00313645772502171 -0.0025346473402446 -16.5995769611202 798.213649691194 556656874.649862
-0.1494 -0.0034311777992814 -0.00295011763488237 -16.6025273737069 798.119819474938 556669311.551709
-0.1495 -0.00272100678162168 -0.00322202394961954 -16.6036021236238 798.025989258682 556686176.836609
-0.1496 -0.00324402430894189 -0.00315634018410298 -16.6056740855584 797.932159042426 556698624.700417
-0.1497 -0.00319377749266604 -0.00307944220007982 -16.6068824588987 797.838328826169 556714594.819754
-0.1498 -0.00290314122640115 -0.00307315260109127 -16.6085441694805 797.744498609913 556729557.106567
-0.1499 -0.00274764243759435 -0.00351750592968633 -16.6107864093202 797.650668393657 556743175.406282
-0.15 -0.00271310386744755 -0.00317657569742157 -16.6121751001567 797.556838177401 556758737.452126
-0.1501 -0.00332358218459952 -0.00278125706923717 -16.6127485777524 797.463007961145 556774959.01843
-0.1502 -0.00266910572111011 -0.00322100993726942 -16.6140876202405 797.369177744889 556790491.731378
-0.1503 -0.00329748584528754 -0.00343795997094686 -16.6151062105047 797.275347528632 556805231.914739
-0.1504 -0.00295186200859301 -0.00302578729325138 -16.6162502852331 797.181517312376 556822491.118711
-0.1505 -0.00305084289382262 -0.00287812994053447 -16.6175441566811 797.08768709612 556837517.204029
-0.1506 -0.00275800422744182 -0.00345445897282555 -16.6187632188631 796.993856879864 556852648.729914
-0.1507 -0.00300811677199825 -0.00347850837671965 -16.6191377152821 796.900026663608 556869536.115829
-0.1508 -0.00305561948850478 -0.00306061548025156 -16.6199386760256 796.806196447352 556886188.49617
-0.1509 -0.00355699540554085 -0.00355427054687468 -16.6216326789742 796.712366231096 556899505.593397
-0.151 -0.00321464016222953 -0.00314676374734982 -16.6209880892873 796.618536014839 556919226.550828
-0.1511 -0.00284496725785977 -0.0032625575203472 -16.6208524582519 796.524705798583 556937340.74972
-0.1512 -0.00351879512658637 -0.00288312262999875 -16.6215458223569 796.430875582327 556953731.355903
-0.1513 -0.00360293127344222 -0.00315172985628251 -16.6222897379572 796.337045366071 556969064.675634
-0.1514 -0.00290497328456867 -0.00315697501288395 -16.622054604903 796.243215149815 556988466.588279
-0.1515 -0.00348140298498145 -0.00316903608238582 -16.6215294493941 796.149384933558 557006084.714203
-0.1516 -0.0035972103991484 -0.00349669796842456 -16.6213652425053 796.055554717302 557023715.118804
-0.1517 -0.00275541261793579 -0.00360770290514207 -16.6210271521948 795.961724501046 557042602.838651
-0.1518 -0.00341114570844809 -0.00323867842573268 -16.6204433313459 795.86789428479 557060902.401751
-0.1519 -0.0032315145777598 -0.00355379813754247 -16.619766866724 795.774064068534 557080008.842619
-0.152 -0.00331547419301034 -0.0034406764210668 -16.6195310286958 795.680233852278 557097611.437335
-0.1521 -0.00302733540055808 -0.00364980686610754 -16.6189098449203 795.586403636021 557116451.845132
-0.1522 -0.00363688429928277 -0.00319664245607941 -16.6173057411877 795.492573419765 557137377.385011
-0.1523 -0.00348479422602534 -0.00327658405946932 -16.616698206678 795.398743203509 557155554.205193
-0.1524 -0.0035384829239019 -0.00353515565650117 -16.6151493927787 795.304912987253 557175633.833449
-0.1525 -0.00338473035676698 -0.00347229831149681 -16.6127126428474 795.211082770997 557198129.253196
-0.1526 -0.00371746459019464 -0.00371817172325281 -16.6117935162022 795.117252554741 557216473.925583
-0.1527 -0.00347946103777104 -0.00387483303513308 -16.609748162821 795.023422338485 557237808.160256
-0.1528 -0.00338009681081186 -0.00361831549947177 -16.6070510922937 794.929592122228 557259622.624311
-0.1529 -0.00375203738120233 -0.00367311188287032 -16.604475431675 794.835761905972 557282011.794492
-0.153 -0.00370794440980482 -0.00358774357796386 -16.6011959566657 794.741931689716 557305307.070883
-0.1531 -0.00393466317724476 -0.00360930243927912 -16.5982311333101 794.64810147346 557327485.795467
-0.1532 -0.00381867359935696 -0.00375537551947754 -16.5948068716749 794.554271257204 557351111.824984
-0.1533 -0.00379670580580807 -0.00396071904410585 -16.5906851032614 794.460441040947 557375938.861642
-0.1534 -0.00313192221379387 -0.00414029252636595 -16.5866324475758 794.366610824691 557400924.56818
-0.1535 -0.00400983630187946 -0.0037046712428416 -16.582249086286 794.272780608435 557425955.075966
-0.1536 -0.00408273898899898 -0.00387776298420729 -16.5773477966793 794.178950392179 557451242.395587
-0.1537 -0.00373630638005563 -0.00394228032626567 -16.571657940231 794.085120175923 557479370.110796
-0.1538 -0.00398273787026696 -0.00425351768886678 -16.5652430753172 793.991289959667 557507577.175163
-0.1539 -0.00437264291812208 -0.00407459557045034 -16.5576643581972 793.897459743411 557537266.293607
-0.154 -0.00394409790756458 -0.00473738027072253 -16.549028485608 793.803629527154 557569657.486903
-0.1541 -0.00454689253185218 -0.00416903612010181 -16.5399659746059 793.709799310898 557602216.35674
-0.1542 -0.00465461796838026 -0.00408697778758457 -16.5309584228007 793.615969094642 557635362.738403
-0.1543 -0.0050673077780467 -0.00453897044760984 -16.5207381718728 793.522138878386 557669569.93205
-0.1544 -0.00422118002713591 -0.00568962966591282 -16.5089077603521 793.42830866213 557706728.075428
-0.1545 -0.00533399929140067 -0.00510135057607651 -16.4941293725293 793.334478445874 557748540.294518
-0.1546 -0.00577290527474026 -0.00535570593087527 -16.4786242762236 793.240648229617 557791104.510223
-0.1547 -0.00539067986207485 -0.00530819583055763 -16.4611590587499 793.146818013361 557837401.386432
-0.1548 -0.00578238614754263 -0.00579070611970919 -16.4416546012698 793.052987797105 557886466.765723
-0.1549 -0.00667538936595256 -0.00613655408477817 -16.4191132736663 792.959157580849 557939298.251002
-0.155 -0.00683796379404984 -0.00670521192824894 -16.3930703429241 792.865327364593 557999458.081809
-0.1551 -0.00737575163330493 -0.00756253827309978 -16.3636507246668 792.771497148336 558063897.65162
-0.1552 -0.00780957453299206 -0.00856041340007323 -16.3287809550965 792.67766693208 558136979.446903
-0.1553 -0.00845044443612568 -0.00953298386440046 -16.2897779500488 792.583836715824 558216988.229543
-0.1554 -0.00981771830259412 -0.0103842258668764 -16.2439151614096 792.490006499568 558307161.230108
-0.1555 -0.0113073267276794 -0.0108575828062433 -16.192642377031 792.396176283312 558406926.152046
-0.1556 -0.0127448812217855 -0.0123579429049408 -16.1340974859632 792.302346067056 558516716.718941
-0.1557 -0.0139787417350623 -0.0153610965112455 -16.0648134932783 792.2085158508 558642070.799772
-0.1558 -0.0167333756682781 -0.0163438165624929 -15.9857536368789 792.114685634543 558783657.026453
-0.1559 -0.0195138768222866 -0.0192707361086017 -15.8941820659247 792.020855418287 558942451.896963
-0.156 -0.0220970257912734 -0.0224319502414883 -15.789706525017 791.927025202031 559121664.941463
-0.1561 -0.0252598535599003 -0.026248583884053 -15.6710815770122 791.833194985775 559320229.548128
-0.1562 -0.0296152051051444 -0.0300122819278493 -15.5358906838452 791.739364769519 559541348.415228
-0.1563 -0.0344879500424206 -0.0357065941678048 -15.3793046398511 791.645534553263 559789156.693797
-0.1564 -0.0400638201964851 -0.0418655685577959 -15.2024659009349 791.551704337006 560063898.048432
-0.1565 -0.0466348870551192 -0.0472409733188793 -15.0028896656591 791.45787412075 560365519.047812
-0.1566 -0.0538116578505637 -0.0537606316684634 -14.7785753831338 791.364043904494 560694505.992733
-0.1567 -0.0604009765932853 -0.0615405662081131 -14.5263134484727 791.270213688238 561051772.675711
-0.1568 -0.0678257733029758 -0.0679936225512575 -14.2470684747729 791.176383471982 561434776.480169
-0.1569 -0.0755425698751988 -0.0759724273955484 -13.9355760550589 791.082553255726 561841343.296369
-0.157 -0.0851028316065638 -0.0834131697354586 -13.5918329461678 790.98872303947 562273893.689687
-0.1571 -0.0914179304588186 -0.0902766652912509 -13.2178522443051 790.894892823213 562726934.126448
-0.1572 -0.0983636467507612 -0.0958296220647713 -12.8122642806884 790.801062606957 563195829.471808
-0.1573 -0.103467157500936 -0.100907330128055 -12.3776313627836 790.707232390701 563678007.946233
-0.1574 -0.108488004395163 -0.103566925843307 -11.9149999123561 790.613402174445 564167410.401218
-0.1575 -0.110564442257648 -0.105258619316704 -11.4301112931808 790.519571958189 564661241.660676
-0.1576 -0.111616122578404 -0.106130766720738 -10.9249223275045 790.425741741932 565152557.947539
-0.1577 -0.111269354464381 -0.106142329408655 -10.4057601290109 790.331911525676 565640748.545794
-0.1578 -0.108389563082852 -0.103154843154046 -9.88017937134894 790.23808130942 566118413.689402
-0.1579 -0.103505356183713 -0.0987130749451618 -9.35478560796983 790.144251093164 566582990.176921
-0.158 -0.0964179656672447 -0.0945467213937538 -8.83491680393322 790.050420876908 567028016.542266
-0.1581 -0.0905527934199725 -0.0864639627673129 -8.32857475394623 789.956590660652 567449630.69546
-0.1582 -0.0821693001450807 -0.0778147624987641 -7.83893713049596 789.862760444395 567843726.593553
-0.1583 -0.0740391075268392 -0.0686408407867944 -7.37409311294093 789.768930228139 568207350.826666
-0.1584 -0.0634111003267339 -0.0598259099794159 -6.93475825691603 789.675100011883 568537815.38764
-0.1585 -0.0555037817642622 -0.0501498065625593 -6.52537757326133 789.581269795627 568831653.509738
-0.1586 -0.0460937670121553 -0.0418760371582322 -6.14777522531693 789.487439579371 569090884.634957
-0.1587 -0.0366542514059456 -0.0344455745567076 -5.80470077395586 789.393609363115 569310874.303365
-0.1588 -0.0297122128384952 -0.0264826172182642 -5.49322919464184 789.299779146858 569494046.161384
-0.1589 -0.0235742271382586 -0.0208599920396584 -5.21438640853472 789.205948930602 569642312.192396
-0.159 -0.0193345790495743 -0.015570282485637 -4.96457252349702 789.112118714346 569761906.455003
-0.1591 -0.0148444032492025 -0.0111952857622415 -4.74434054493625 789.01828849809 569849463.659112
-0.1592 -0.0122921375224406 -0.0082127592920379 -4.54979972126647 788.924458281834 569912961.764063
-0.1593 -0.00866297124057027 -0.00694610565404541 -4.37699860300201 788.830628065578 569957898.707756
-0.1594 -0.00746594449640261 -0.0053685050878787 -4.22623618683781 788.736797849321 569981797.872544
-0.1595 -0.00636031941887999 -0.00415245712130351 -4.09311317401355 788.642967633065 569995898.179344
-0.1596 -0.00417193740334356 -0.00446143037112203 -3.97728584965152 788.549137416809 570001281.521144
-0.1597 -0.0038790485543176 -0.00415949190955576 -3.87543813129942 788.455307200553 570001507.815036
-0.1598 -0.00411989079473663 -0.00272829143091909 -3.7860709363523 788.361476984297 569997391.731668
-0.1599 -0.00441164131781023 -0.00366595505255587 -3.70722243950552 788.267646768041 569995249.887092
-0.16 -0.00391032421731545 -0.0039812651685903 -3.63788722754702 788.173816551785 569994679.547881
-0.1601 -0.00380849094955535 -0.00453728615890198 -3.57656682146368 788.079986335528 569997737.178506
-0.1602 -0.00399785453984201 -0.00470546332919819 -3.52179211769853 787.986156119272 570009676.601981
-0.1603 -0.00507592131832659 -0.00449965486253116 -3.47288631425729 787.892325903016 570026205.288796
-0.1604 -0.0058024510612937 -0.00534082390109578 -3.4271431157856 787.79849568676 570048802.766802
-0.1605 -0.00537674724763058 -0.00479878524422495 -3.38608347841188 787.704665470504 570072762.237066
-0.1606 -0.00454757873243731 -0.00498946203977708 -3.34893577059916 787.610835254247 570091379.82723
-0.1607 -0.00461565319935556 -0.0044632398991232 -3.31258331458375 787.517005037991 570104009.208413
-0.1608 -0.00436774961774506 -0.00465465945264797 -3.27971172353283 787.423174821735 570114086.075648
-0.1609 -0.00442302991615213 -0.00372095739833686 -3.24969215282195 787.329344605479 570120332.358005
-0.161 -0.00396330552820397 -0.00361064914758449 -3.22136195803463 787.235514389223 570126265.558836
-0.1611 -0.00431990150740356 -0.00361953542671358 -3.19601987930395 787.141684172967 570130626.419499
-0.1612 -0.00366389505134191 -0.0043231172488002 -3.1721953850284 787.04785395671 570136305.877063
-0.1613 -0.00410153857033525 -0.00340666775758696 -3.1488428889182 786.954023740454 570139545.534116
-0.1614 -0.0038714030423977 -0.00372668451313017 -3.12682795524041 786.860193524198 570141188.491458
-0.1615 -0.00287740928880452 -0.00354913945400648 -3.10619113189316 786.766363307942 570142931.446545
-0.1616 -0.00347177582403844 -0.00361584393391027 -3.08784923871555 786.672533091686 570141811.758736
-0.1617 -0.00379988314478312 -0.00379812452207059 -3.06868320945142 786.57870287543 570143490.307019
-0.1618 -0.00387309538246917 -0.00349053186503024 -3.05050453567781 786.484872659174 570143863.204314
-0.1619 -0.00338116416187476 -0.00318627448640908 -3.0336898031432 786.391042442917 570145301.048716
-0.162 -0.00357954942278847 -0.00317158228580371 -3.01822721676133 786.297212226661 570143556.419991
-0.1621 -0.00346739404015594 -0.00393113231577461 -3.00393041278738 786.203382010405 570140354.284913
-0.1622 -0.00300059783199822 -0.00290714988276573 -2.99040327467502 786.109551794149 570139114.632637
-0.1623 -0.00327971495856815 -0.00312682248963518 -2.97757956790511 786.015721577893 570134132.67309
-0.1624 -0.00329013753316537 -0.00289611476356639 -2.96501743936545 785.921891361636 570131348.925217
-0.1625 -0.00377621042391656 -0.00314539093555308 -2.95393703642042 785.82806114538 570127436.981742
-0.1626 -0.00252909504235775 -0.00321487794815651 -2.9423219507719 785.734230929124 570124507.349693
-0.1627 -0.00296390405874915 -0.00285754612863147 -2.93298816782795 785.640400712868 570119397.68523
-0.1628 -0.00282363486089262 -0.00341055339014168 -2.92378612983323 785.546570496612 570111810.821661
-0.1629 -0.00273233911095456 -0.00303231300115109 -2.91494263465306 785.452740280356 570108697.122957
-0.163 -0.0039091339650255 -0.00239236840339148 -2.90608394053968 785.3589100641 570102476.666156
-0.1631 -0.0026178403505229 -0.00355720493013568 -2.89863943193609 785.265079847843 570097876.293809
-0.1632 -0.00314423300079846 -0.00251257433920265 -2.8910827554138 785.171249631587 570091908.272302
-0.1633 -0.00266297180757933 -0.00305715232383767 -2.88537120118129 785.077419415331 570084614.254379
-0.1634 -0.00311888475547602 -0.00262560669435671 -2.87817138344299 784.983589199075 570076818.000489
-0.1635 -0.00255305971382898 -0.00268169626799387 -2.87253177125767 784.889758982819 570070322.025442
-0.1636 -0.00304833668572483 -0.00372244506490992 -2.86701792298187 784.795928766563 570062306.856945
-0.1637 -0.00259838999314069 -0.00245883105589927 -2.86182838737661 784.702098550306 570056256.217785
-0.1638 -0.00299611910161351 -0.00269735666140167 -2.85704321554841 784.60826833405 570048982.907286
-0.1639 -0.00312985459395397 -0.00237572764388133 -2.85222236203916 784.514438117794 570042148.056753
-0.164 -0.0028850011677883 -0.00265788248549112 -2.8483970217566 784.420607901538 570032013.420468
-0.1641 -0.00257711695350748 -0.00258141707480394 -2.84440103362906 784.326777685282 570023126.491437
-0.1642 -0.00270977236982976 -0.00309790691909888 -2.84114151214157 784.232947469025 570013708.301178
-0.1643 -0.00300911327051723 -0.00248250828962663 -2.83715768725756 784.139117252769 570007879.193749
-0.1644 -0.0025181812969108 -0.00390298362841879 -2.83438717225107 784.045287036513 569998995.049625
-0.1645 -0.00284085831426547 -0.00205195703356204 -2.83152067979342 783.951456820257 569992068.467249
-0.1646 -0.00266310538117478 -0.0030703864442395 -2.82845536464476 783.857626604001 569981786.769856
-0.1647 -0.00270971516670898 -0.00239780827033295 -2.8269590149407 783.763796387745 569972354.631482
-0.1648 -0.002598255359131 -0.00293753837229229 -2.82514303378338 783.669966171489 569963258.136112
-0.1649 -0.00199009082115973 -0.00304310672666085 -2.8226708010698 783.576135955232 569955825.742418
-0.165 -0.00282234308348933 -0.00268633938521847 -2.82203811246658 783.482305738976 569943441.734846
-0.1651 -0.00226939415691044 -0.00281830737810738 -2.82111891015678 783.38847552272 569934546.927197
-0.1652 -0.00224553225050655 -0.0027743432212463 -2.818931502506 783.294645306464 569925432.733823
-0.1653 -0.00270273211048086 -0.00271499563211926 -2.81829345724071 783.200815090208 569915876.394915
-0.1654 -0.0028648895464517 -0.00224898526148218 -2.81677603488737 783.106984873952 569908131.586624
-0.1655 -0.00273253010974073 -0.00289933708700151 -2.81665027974597 783.013154657695 569896545.623199
-0.1656 -0.00281673102753285 -0.00182893587891721 -2.81556044520546 782.919324441439 569890163.824854
-0.1657 -0.00270120401970206 -0.00279666058922768 -2.81578753674858 782.825494225183 569879161.382297
-0.1658 -0.00222103864667813 -0.00274320958234218 -2.81571341085313 782.731664008927 569869443.117616
-0.1659 -0.00309157706471063 -0.00237227022197748 -2.81485283708269 782.637833792671 569858527.592257
-0.166 -0.00289328692938894 -0.00268078052871555 -2.81419586759628 782.544003576415 569849130.71329
-0.1661 -0.00263840414579836 -0.00228988296294372 -2.8152587149076 782.450173360158 569839818.851724
-0.1662 -0.00295008019566422 -0.00299998012693744 -2.81514859672783 782.356343143902 569828790.586161
-0.1663 -0.00291844837538497 -0.00203012861987485 -2.81553046793352 782.262512927646 569821317.428012
-0.1664 -0.00254667016365317 -0.002876155358591 -2.81587975345124 782.16868271139 569809688.221812
-0.1665 -0.00228246528306209 -0.00309130061784318 -2.81651958924303 782.074852495134 569799613.400988
-0.1666 -0.00219591510949412 -0.0023933586854657 -2.81759632195544 781.981022278878 569789297.971336
-0.1667 -0.002881589211139 -0.00344949078721912 -2.81887370424533 781.887192062621 569776723.194298
-0.1668 -0.00352830311560777 -0.00207821143253252 -2.81937282770415 781.793361846365 569769227.071106
-0.1669 -0.00220680311306443 -0.00239595697521129 -2.82056859933848 781.699531630109 569760287.560933
-0.167 -0.00352984543265633 -0.00315253254232214 -2.82209906658868 781.605701413853 569746050.25534
-0.1671 -0.00185042088863011 -0.00244264850683315 -2.82281292717165 781.511871197597 569739256.512908
-0.1672 -0.00277099277974048 -0.00322190407828625 -2.82489281358257 781.418040981341 569724255.444572
-0.1673 -0.00176438838508703 -0.00253867881431151 -2.82613510124358 781.324210765084 569716712.949744
-0.1674 -0.00297809597804235 -0.00253659685609216 -2.82798065071047 781.230380548828 569704668.26418
-0.1675 -0.0033025614424103 -0.00250009019294455 -2.82891433866951 781.136550332572 569695996.892672
-0.1676 -0.00240199603619886 -0.0021546518754637 -2.83063783216115 781.042720116316 569687472.027061
-0.1677 -0.00297420029857355 -0.00269903799460265 -2.83312507012903 780.94888990006 569675221.796709
-0.1678 -0.00212632352207003 -0.00265601187432942 -2.83463370169802 780.855059683804 569665827.333807
-0.1679 -0.00264855170642366 -0.00298148761306654 -2.83686604267321 780.761229467548 569651840.860005
-0.168 -0.00225644381118297 -0.00260725880294951 -2.83950714924617 780.667399251291 569642642.344548
-0.1681 -0.00256070268818766 -0.00313354487873802 -2.84047350779639 780.573569035035 569632333.575783
-0.1682 -0.00232419859002192 -0.00242252544505172 -2.84380307199323 780.479738818779 569623929.536149
-0.1683 -0.0034611188419288 -0.00246568039285032 -2.84616201609863 780.385908602523 569610772.343085
-0.1684 -0.00176776932695133 -0.00223636177775762 -2.84823108557971 780.292078386267 569602703.346667
-0.1685 -0.00345405018421652 -0.00208941870694294 -2.85112290822154 780.19824817001 569588609.186525
-0.1686 -0.00227447092687299 -0.0029019090205925 -2.85428218712174 780.104417953754 569578689.245252
-0.1687 -0.00241184086901298 -0.00315324537532507 -2.85658749444042 780.010587737498 569567700.274205
-0.1688 -0.00301953442942009 -0.00236876169244539 -2.85867272331399 779.916757521242 569559587.780433
-0.1689 -0.00263707623297234 -0.00269671865400633 -2.86100034422026 779.822927304986 569547916.844599
-0.169 -0.00315476245535074 -0.00229407369058703 -2.86377978366293 779.72909708873 569537167.778593
-0.1691 -0.00221350661205793 -0.00286055271227816 -2.86642394763297 779.635266872473 569527577.847906
-0.1692 -0.00286876009312414 -0.0026438084851338 -2.8682789532002 779.541436656217 569517916.833911
-0.1693 -0.00277284720721677 -0.00294245706385118 -2.87212359957075 779.447606439961 569506742.878983
-0.1694 -0.00336381325205463 -0.00149562455522329 -2.87421510103942 779.353776223705 569498960.768448
-0.1695 -0.00256996954375768 -0.00316287367459126 -2.87659165294582 779.259946007449 569487360.685029
-0.1696 -0.00247167472609751 -0.00231826570119466 -2.87966101935671 779.166115791193 569478718.967091
-0.1697 -0.00263933316750976 -0.00268673578227013 -2.88221349735025 779.072285574937 569467858.890915
-0.1698 -0.00289730527973589 -0.00209779518869371 -2.88582592982056 778.97845535868 569456011.171513
-0.1699 -0.0026089635677254 -0.00276488882514224 -2.8881767234175 778.884625142424 569446059.051028
-0.17 -0.0027343049965568 -0.00257187887454653 -2.89119118388054 778.790794926168 569435349.621661
-0.1701 -0.00223246609690471 -0.00274793111750946 -2.8941320071616 778.696964709912 569425567.071624
-0.1702 -0.00341586240501488 -0.00161425314386481 -2.89759669129882 778.603134493656 569416047.082491
-0.1703 -0.00246871839331758 -0.00287787308710201 -2.90040527795944 778.509304277399 569405666.391776
-0.1704 -0.00298113310823678 -0.00273894828853284 -2.90425771987111 778.415474061143 569393797.346026
-0.1705 -0.00232878353099029 -0.00217340122879812 -2.90686429495524 778.321643844887 569385204.560365
-0.1706 -0.00273628201511331 -0.002619730708737 -2.91100337993917 778.227813628631 569372322.131026
-0.1707 -0.00280997243826599 -0.00274645338812437 -2.91397409156526 778.133983412375 569362538.010899
-0.1708 -0.00254490748338117 -0.00295419367235312 -2.91725433962657 778.040153196119 569352847.8647
-0.1709 -0.00266818999523584 -0.002159798180617 -2.92097018542225 777.946322979863 569342269.109579
-0.171 -0.00241830219061378 -0.00258064718722572 -2.92459058328892 777.852492763606 569331247.870734
-0.1711 -0.00250207934927404 -0.00261052943637888 -2.92814983318719 777.75866254735 569319707.878871
-0.1712 -0.00238218681707048 -0.00274574550929094 -2.93169696682135 777.664832331094 569308756.444963
-0.1713 -0.00270769485846872 -0.00306630817322463 -2.93505077965112 777.571002114838 569297035.938673
-0.1714 -0.00189950329984701 -0.00329934029499308 -2.93776421683128 777.477171898582 569290511.753424
-0.1715 -0.00312611048444593 -0.00287933821382376 -2.94136394431509 777.383341682325 569278982.484746
-0.1716 -0.00298231881904546 -0.00198117706975063 -2.94412429575924 777.289511466069 569270478.888325
-0.1717 -0.00183395238248425 -0.00373569710016762 -2.94785925122566 777.195681249813 569258952.543796
-0.1718 -0.00266784093396693 -0.00185480221727848 -2.95037065882967 777.101851033557 569251094.69693
-0.1719 -0.00238673915982135 -0.00337547417494837 -2.9548920841955 777.008020817301 569239167.077474
-0.172 -0.00279687213507075 -0.00179037424927161 -2.95783997873057 776.914190601045 569230302.561805
-0.1721 -0.00325005292181389 -0.00275949263237765 -2.96225297063158 776.820360384789 569218433.13999
-0.1722 -0.00277433639325214 -0.00248634405443308 -2.96486769678789 776.726530168532 569211425.032382
-0.1723 -0.00256116914324165 -0.00263859277339823 -2.96922864694731 776.632699952276 569197549.525764
-0.1724 -0.00256862473614626 -0.00241465615750549 -2.97314606881351 776.53886973602 569188018.926654
-0.1725 -0.00285054737252115 -0.0021913940065323 -2.9764390560948 776.445039519764 569177859.736196
-0.1726 -0.00277464725316864 -0.00300568833825057 -2.98068894424974 776.351209303508 569166380.943929
-0.1727 -0.0027106496763587 -0.00228017976233253 -2.98437494104175 776.257379087252 569159145.967153
-0.1728 -0.00221942569516348 -0.00281008298162105 -2.98827782715649 776.163548870995 569148015.619042
-0.1729 -0.00248586074394239 -0.00282473296741028 -2.993155863673 776.069718654739 569135865.217624
-0.173 -0.00183876834028308 -0.00323246825933423 -2.99663302387365 775.975888438483 569125946.74951
-0.1731 -0.00305749072371603 -0.00217051138348237 -3.00018578492056 775.882058222227 569115617.540951
-0.1732 -0.0030614369465482 -0.00256652605456575 -3.00451823051881 775.788228005971 569101876.5169
-0.1733 -0.00273194535334936 -0.00232751438055407 -3.00859980465843 775.694397789714 569094736.045807
-0.1734 -0.00234972308052134 -0.00283063286242788 -3.01278328854662 775.600567573458 569083863.505476
-0.1735 -0.00223963346272179 -0.00270620267386768 -3.01647304077576 775.506737357202 569073691.463658
-0.1736 -0.00278510891400318 -0.00262831797464203 -3.02132594966855 775.412907140946 569061823.188052
-0.1737 -0.00312456285606268 -0.00239951179911753 -3.0250583845912 775.31907692469 569052571.979207
-0.1738 -0.00210271365566899 -0.00283551474259967 -3.02911013803901 775.225246708434 569042674.835028
-0.1739 -0.00290917657701883 -0.00272033996535005 -3.03414818714101 775.131416492178 569028329.690379
-0.174 -0.00252517140068149 -0.00187599850485224 -3.03856109249623 775.037586275921 569020232.724023
-0.1741 -0.00259334140821928 -0.00320908409940213 -3.0426633920155 774.943756059665 569008371.602268
-0.1742 -0.00299041500896044 -0.00248880085840775 -3.047109517112 774.849925843409 568998440.236857
-0.1743 -0.00247650601030387 -0.00248683117527855 -3.05063529523944 774.756095627153 568989610.012396
-0.1744 -0.00282177130800597 -0.00325545904555908 -3.05520381536668 774.662265410897 568978493.383141
-0.1745 -0.00298283688353165 -0.002309251555619 -3.05815806748867 774.568435194641 568971514.466774
-0.1746 -0.00260861549762722 -0.00286041492667039 -3.06317917195394 774.474604978384 568960660.385859
-0.1747 -0.00304278098836174 -0.0022277428981454 -3.06809513974234 774.380774762128 568949102.654939
-0.1748 -0.00243840717395426 -0.00327568946320463 -3.07225318175631 774.286944545872 568939504.139691
-0.1749 -0.00240889048755176 -0.00230157769805426 -3.07656902162167 774.193114329616 568929979.075144
-0.175 -0.0034660641295692 -0.00245654622510543 -3.08063949985319 774.09928411336 568918298.912311
-0.1751 -0.0022199834582751 -0.00271881336280316 -3.08523682479391 774.005453897104 568908909.066891
-0.1752 -0.00234970945653203 -0.0027706730637108 -3.09036658234871 773.911623680847 568896492.910586
-0.1753 -0.00312302898595169 -0.00217008356816894 -3.09437541367823 773.817793464591 568888263.462708
-0.1754 -0.00306812977839706 -0.00235468314350854 -3.09917928320545 773.723963248335 568877943.817844
-0.1755 -0.00318676514635638 -0.00242334426361111 -3.1029228636383 773.630133032079 568866691.449889
-0.1756 -0.00213725702063393 -0.00254793218509032 -3.10676426048905 773.536302815823 568858419.998385
-0.1757 -0.00225537228753973 -0.00329719451529478 -3.11053812603447 773.442472599567 568847889.255524
-0.1758 -0.00267767781437995 -0.00232800084634731 -3.11551221621677 773.34864238331 568838314.788036
-0.1759 -0.00289138019207081 -0.0029002620850884 -3.12074812388722 773.254812167054 568825935.376799
-0.176 -0.00253760556192647 -0.00292331860465114 -3.12456771518084 773.160981950798 568818727.211674
-0.1761 -0.00276348789254758 -0.00266774463900037 -3.12922234166818 773.067151734542 568808557.927414
-0.1762 -0.00355368568965404 -0.00226749181410314 -3.13366357447556 772.973321518286 568798213.341821
-0.1763 -0.00247263508331313 -0.00319941349481884 -3.13754187471814 772.87949130203 568790214.273005
-0.1764 -0.00212110649019939 -0.00227925081386319 -3.1423498688044 772.785661085773 568778160.279647
-0.1765 -0.00304639154609406 -0.00317158960736646 -3.14713815673493 772.691830869517 568765689.731554
-0.1766 -0.00231625436028126 -0.0027376864658761 -3.15089046295281 772.598000653261 568760463.849726
-0.1767 -0.00284646222206804 -0.00260317167177405 -3.15573283492652 772.504170437005 568749537.617936
-0.1768 -0.0031365835626621 -0.0023748747121738 -3.16028661084749 772.410340220749 568740059.373624
-0.1769 -0.00240509405313606 -0.00301675937345147 -3.16501640887079 772.316510004493 568728946.9039
-0.177 -0.00272267319492937 -0.0023260069558936 -3.16971860284443 772.222679788237 568717509.437068
-0.1771 -0.00245416496898097 -0.00269531066135093 -3.17403916087303 772.12884957198 568708720.091528
-0.1772 -0.00301865229376361 -0.00316739198494234 -3.17891012986511 772.035019355724 568698222.862762
-0.1773 -0.00266153676964403 -0.00267311085918931 -3.18342412744715 771.941189139468 568687762.113538
-0.1774 -0.00293338028525819 -0.00231668670172345 -3.18817812301013 771.847358923212 568678077.897742
-0.1775 -0.00279650931511502 -0.00261889174153644 -3.191920815825 771.753528706956 568668958.126941
-0.1776 -0.00226848877932482 -0.00309172841303629 -3.19654670318739 771.659698490699 568658728.233904
-0.1777 -0.0030103111215139 -0.00238067296924829 -3.2006494347924 771.565868274443 568648616.982589
-0.1778 -0.00245131726253413 -0.00275801170716742 -3.20580508399598 771.472038058187 568639458.88766
-0.1779 -0.00282511265209418 -0.00297457600573559 -3.21010644220013 771.378207841931 568629876.429042
-0.178 -0.00202652700316056 -0.00310125986502274 -3.21503057847606 771.284377625675 568618799.647674
-0.1781 -0.00307175877744983 -0.00196556227425537 -3.21810631460671 771.190547409419 568611034.225121
-0.1782 -0.00279749776053335 -0.00296227707514932 -3.22326634058524 771.096717193162 568601171.176243
-0.1783 -0.00300881733833126 -0.00234940032804403 -3.22790841099206 771.002886976906 568590277.522539
-0.1784 -0.00205309614130039 -0.00345327381739823 -3.23191642652201 770.90905676065 568581036.10235
-0.1785 -0.00305050871741262 -0.00279997578931413 -3.23664861642441 770.815226544394 568570590.444418
-0.1786 -0.00262217405126087 -0.00242870443989754 -3.24143688855158 770.721396328138 568561795.943403
-0.1787 -0.00318478419290191 -0.00253996603444285 -3.24625360198693 770.627566111882 568551552.178652
-0.1788 -0.00232120988254821 -0.00256667003951264 -3.25011787726286 770.533735895626 568543560.027102
-0.1789 -0.00291876043633264 -0.00243842357220248 -3.25428955251877 770.439905679369 568535272.954289
-0.179 -0.00279191092167174 -0.00278760510876323 -3.25930620445747 770.346075463113 568522882.557527
-0.1791 -0.00254825701902864 -0.00247844355712087 -3.26385004988197 770.252245246857 568514920.962681
-0.1792 -0.00273245593014097 -0.00270305808412545 -3.26813756914349 770.158415030601 568504835.417418
-0.1793 -0.00268059459721493 -0.00310810678695888 -3.27263234210281 770.064584814345 568495848.977641
-0.1794 -0.00290758033332892 -0.00321224830961679 -3.27651133261294 769.970754598088 568486437.765082
-0.1795 -0.00297414772678953 -0.00267018999932011 -3.28127890537447 769.876924381832 568477822.837481
-0.1796 -0.00223417394326911 -0.00328553887305133 -3.28603421890518 769.783094165576 568466977.870549
-0.1797 -0.00310775351339743 -0.00280249607353208 -3.29007686947406 769.68926394932 568456680.187848
-0.1798 -0.00288773527035762 -0.00230980765529901 -3.29432304938989 769.595433733064 568451058.145144
-0.1799 -0.00293119218392002 -0.00319613929268978 -3.29966044358992 769.501603516808 568440481.653987
-0.18 -0.00322912622645608 -0.00198760658252202 -3.30340939412966 769.407773300552 568433086.569241
-0.1801 -0.00291574500269069 -0.0033341042796883 -3.30734605402372 769.313943084295 568424443.785854
-0.1802 -0.00305658561594426 -0.00227097457190328 -3.31188430313348 769.220112868039 568416490.616646
-0.1803 -0.00279349304839114 -0.00322935342079019 -3.31702770249894 769.126282651783 568404652.308993
-0.1804 -0.00250876072566882 -0.00286014205066374 -3.32202511860178 769.032452435527 568395680.300698
-0.1805 -0.00306046649554442 -0.00328569980365615 -3.3261641519583 768.938622219271 568384545.138817
-0.1806 -0.0028338432790522 -0.00208282208656198 -3.33002354785207 768.844792003015 568380181.633076
-0.1807 -0.00257768455865442 -0.00315152022678035 -3.33475219680472 768.750961786758 568370290.297059
-0.1808 -0.00303585613626999 -0.0021715225086897 -3.3384113715277 768.657131570502 568361939.109711
-0.1809 -0.00304722904995532 -0.003111120869092 -3.3439385483302 768.563301354246 568350385.783079
-0.181 -0.00239828919670842 -0.00265023336367813 -3.34710471875777 768.46947113799 568342169.51516
-0.1811 -0.00283372748027902 -0.00297258074647939 -3.35194378474377 768.375640921734 568332236.53142
-0.1812 -0.00291622568653954 -0.00268763819553951 -3.35634170453563 768.281810705477 568323419.154641
-0.1813 -0.00266464124743962 -0.00275244170868391 -3.36004339625488 768.187980489221 568316990.290352
-0.1814 -0.00249496555105534 -0.0027099880575935 -3.36496329776858 768.094150272965 568307358.656927
-0.1815 -0.00258290123426786 -0.00286327073712155 -3.36907339086008 768.000320056709 568298931.301058
-0.1816 -0.00280268644521744 -0.00290905093649374 -3.37253069493971 767.906489840453 568290361.921703
-0.1817 -0.0026300654208358 -0.00271328346316561 -3.37754419496317 767.812659624197 568281914.522193
-0.1818 -0.00354928778923718 -0.0027941159368703 -3.38225212276591 767.718829407941 568271076.585657
-0.1819 -0.00259262683521581 -0.00240816495531536 -3.38670703274311 767.624999191684 568263626.478558
-0.182 -0.00279789245974677 -0.0030513118883141 -3.39098194547012 767.531168975428 568254677.298556
-0.1821 -0.00221271926279488 -0.00301802303397273 -3.39470449330235 767.437338759172 568246969.922175
-0.1822 -0.00347988671926276 -0.00275531350945783 -3.39869945000658 767.343508542916 568237117.914421
-0.1823 -0.00270879284042633 -0.00243213482716428 -3.40350501298387 767.24967832666 568228859.036101
-0.1824 -0.00260296563675321 -0.0032839162135342 -3.40846958328348 767.155848110404 568218742.549366
-0.1825 -0.00238725707599336 -0.00268158051453161 -3.41264838341018 767.062017894147 568211016.010035
-0.1826 -0.00281170458478685 -0.0026620155456372 -3.41635089702653 766.968187677891 568202274.062479
-0.1827 -0.00285123523713078 -0.00289749494690672 -3.42099659752158 766.874357461635 568193028.212737
-0.1828 -0.00301680643107776 -0.00325419174374211 -3.42529767996792 766.780527245379 568184292.371061
-0.1829 -0.00324117138338286 -0.00256278684934455 -3.42987055375652 766.686697029123 568176759.723183
-0.183 -0.00245017741010984 -0.00261841860256624 -3.43388781495893 766.592866812867 568170061.639654
-0.1831 -0.00284330993369677 -0.00279148555684074 -3.43892074186804 766.49903659661 568158696.882896
-0.1832 -0.00236230569286689 -0.00307511510489125 -3.44378720260318 766.405206380354 568148419.864867
-0.1833 -0.00320217750601665 -0.00305057745020381 -3.44802616315894 766.311376164098 568138218.681273
-0.1834 -0.00251060569480853 -0.00285618422283415 -3.45236323170101 766.217545947842 568133191.564124
-0.1835 -0.00288670395209818 -0.00327719628563787 -3.45665127809476 766.123715731586 568123571.095861
-0.1836 -0.00272727472013877 -0.00274391099082329 -3.4608382909202 766.02988551533 568116959.006504
-0.1837 -0.00301054353263806 -0.00298427516654946 -3.46573922706818 765.936055299073 568105953.491565
-0.1838 -0.00300039673813094 -0.00241928574162314 -3.47071898906101 765.842225082817 568098037.676198
-0.1839 -0.00316350793973592 -0.00267081413500338 -3.47515036776259 765.748394866561 568087783.569263
-0.184 -0.0031280398158862 -0.00276285066836315 -3.48026280685129 765.654564650305 568079850.551399
-0.1841 -0.00223246738898279 -0.00308447826463094 -3.48401690763602 765.560734434049 568072070.37533
-0.1842 -0.00352140761060723 -0.00221092468632668 -3.48819846662456 765.466904217792 568062478.884027
-0.1843 -0.00274954989065274 -0.00316109665582682 -3.49269116643475 765.373074001536 568054150.429651
-0.1844 -0.00298569068716898 -0.00268022740893304 -3.49746244242649 765.27924378528 568046265.281317
-0.1845 -0.00301367509391997 -0.00293380048264348 -3.50165938090692 765.185413569024 568037509.767789
-0.1846 -0.00218079801573568 -0.00332077111710314 -3.50650952329754 765.091583352768 568028405.780793
-0.1847 -0.0027327294818697 -0.00279813240094454 -3.51126455064159 764.997753136512 568018481.649848
-0.1848 -0.00315171297632581 -0.00265957129194303 -3.51529914829828 764.903922920256 568010045.477287
-0.1849 -0.00265867881344042 -0.00264221544628363 -3.51937314821746 764.810092703999 568002974.693618
-0.185 -0.00224675166049788 -0.00304929867032332 -3.52408284173725 764.716262487743 567994558.48529
-0.1851 -0.00350126908586158 -0.00193561858358548 -3.52816499708013 764.622432271487 567986631.17881
-0.1852 -0.0027770368402621 -0.00277669321927329 -3.53213567354852 764.528602055231 567978474.933385
-0.1853 -0.00316604076360139 -0.00273281515534937 -3.53741733111491 764.434771838975 567969191.38969
-0.1854 -0.00275678659192507 -0.00326380378228798 -3.54158759080626 764.340941622719 567959005.478542
-0.1855 -0.00336322801681902 -0.00230201199860335 -3.54529398709109 764.247111406462 567952458.197552
-0.1856 -0.00293475114278413 -0.00334546168823096 -3.54928544539516 764.153281190206 567944329.594537
-0.1857 -0.0034347458829997 -0.00258313865307033 -3.55423196180111 764.05945097395 567936024.023656
-0.1858 -0.00285249607272575 -0.00284709587368505 -3.55849162166094 763.965620757694 567929656.817319
-0.1859 -0.00290723866144563 -0.00310197296674665 -3.56284097662966 763.871790541438 567920129.993839
-0.186 -0.00234147482844564 -0.00243123887366672 -3.56747511682275 763.777960325182 567912193.235406
-0.1861 -0.00280984679891366 -0.00350010720144096 -3.57184246686764 763.684130108926 567902498.818052
-0.1862 -0.00329059707135922 -0.00238551059077942 -3.57583383236465 763.590299892669 567894675.488346
-0.1863 -0.00312777385675728 -0.00306053207352239 -3.57983929978105 763.496469676413 567886245.267395
-0.1864 -0.00205259514121131 -0.00332109025432764 -3.58368632128136 763.402639460157 567881647.772741
-0.1865 -0.00341919058703091 -0.00246901397695394 -3.58835234969534 763.308809243901 567872056.60708
-0.1866 -0.0021271766212067 -0.00332479343904591 -3.59364191879763 763.214979027645 567863956.148596
-0.1867 -0.00273086736882829 -0.00247495876054352 -3.59704177838766 763.121148811388 567855777.943025
-0.1868 -0.0024671636795089 -0.00296802537315071 -3.60142576685847 763.027318595132 567845662.110735
-0.1869 -0.00352303652617206 -0.00252669748549152 -3.60621631743115 762.933488378876 567836868.606468
-0.187 -0.00288288317309724 -0.00293099400100548 -3.61112081328943 762.83965816262 567828974.567821
-0.1871 -0.00296020394988618 -0.00355460585438318 -3.61570547741804 762.745827946364 567821300.092799
-0.1872 -0.00271479275891879 -0.00266205288865455 -3.61987196797054 762.651997730108 567814516.71228
-0.1873 -0.00336896716778495 -0.00254106213967884 -3.62336348100072 762.558167513851 567806070.704363
-0.1874 -0.00326932580310916 -0.00240333738550347 -3.62811359403097 762.464337297595 567796492.902707
-0.1875 -0.00292747347490362 -0.00364992471436606 -3.63232544320551 762.370507081339 567788420.840826
-0.1876 -0.00298646515286309 -0.00202730546726319 -3.63652902764118 762.276676865083 567783271.192582
-0.1877 -0.00297102174434444 -0.00319743180661981 -3.64012017254699 762.182846648827 567774989.122191
-0.1878 -0.00313226568910896 -0.00278236703276763 -3.64489922880837 762.089016432571 567767353.419502
-0.1879 -0.00303119376348861 -0.00232847734932485 -3.64784024287469 761.995186216315 567761804.584292
-0.188 -0.00311083914393497 -0.00250515126192819 -3.65270532850452 761.901356000058 567752080.475007
-0.1881 -0.00234453583646219 -0.00332760466590001 -3.65633408987841 761.807525783802 567744776.836684
-0.1882 -0.00337170992628101 -0.00274534035613481 -3.66111019987029 761.713695567546 567735587.731382
-0.1883 -0.00304860406079597 -0.0028422518710967 -3.66482694936203 761.61986535129 567729038.480282
-0.1884 -0.00316360934463171 -0.00302888463053526 -3.66850745488736 761.526035135034 567721793.290257
-0.1885 -0.00274203301959931 -0.00232486237891345 -3.67175302463841 761.432204918777 567716504.306346
-0.1886 -0.00306912409577601 -0.00322902803848832 -3.67600784293392 761.338374702521 567706085.118434
-0.1887 -0.00300383924150521 -0.00266183854362568 -3.67996850339341 761.244544486265 567700797.062063
-0.1888 -0.00415834180093405 -0.00233147670385821 -3.68495737129614 761.150714270009 567690944.108988
-0.1889 -0.0020656682296631 -0.00334651817072921 -3.68926354964597 761.056884053753 567685419.905049
-0.189 -0.00298109765323814 -0.00310715580558913 -3.69359893917307 760.963053837497 567675687.350189
-0.1891 -0.00221021440490688 -0.0027531023644725 -3.69789808649687 760.869223621241 567669112.385295
-0.1892 -0.00297453934672169 -0.0030756562384292 -3.70247469046014 760.775393404984 567658181.346098
-0.1893 -0.00243618518999361 -0.00297566273246956 -3.70578073207774 760.681563188728 567652844.846842
-0.1894 -0.00339368247767161 -0.00272089792012614 -3.70996899771566 760.587732972472 567645297.299603
-0.1895 -0.0031792349186302 -0.00338413703819061 -3.71404255361396 760.493902756216 567637461.287351
-0.1896 -0.00312769476820296 -0.00307202309291698 -3.71822349733474 760.40007253996 567631233.015264
-0.1897 -0.00303172567321488 -0.00282551569570784 -3.72197641886515 760.306242323704 567624379.65234
-0.1898 -0.0035224277708069 -0.0025278151525212 -3.72676852900257 760.212412107447 567615357.307827
-0.1899 -0.00239823396349866 -0.00332945621994447 -3.73075120720059 760.118581891191 567608062.762621
-0.19 -0.00291783849370403 -0.00320404663882312 -3.73500596652082 760.024751674935 567598900.574077
-0.1901 -0.00258738459520745 -0.00309141458864518 -3.73930626491805 759.930921458679 567593576.469939
-0.1902 -0.00377025051328256 -0.00236376260647115 -3.74452577129963 759.837091242423 567582439.619337
-0.1903 -0.00291817517846955 -0.00322183359934923 -3.74795116249329 759.743261026166 567577310.430621
-0.1904 -0.00234888478658454 -0.00333649264872488 -3.7518498354337 759.64943080991 567571077.144031
-0.1905 -0.0032311593597897 -0.00193094640271653 -3.75604849948276 759.555600593654 567563816.806654
-0.1906 -0.00308032206790156 -0.00359691352286971 -3.76075864298225 759.461770377398 567553949.485607
-0.1907 -0.00295934780698558 -0.00294337063684778 -3.76471915404466 759.367940161142 567547046.587266
-0.1908 -0.00301937036032139 -0.00317498214643908 -3.76899184238806 759.274109944886 567540785.026901
-0.1909 -0.00303391479822949 -0.00285874767105821 -3.77261563924149 759.18027972863 567532816.18172
-0.191 -0.00295255204210583 -0.00278867765057515 -3.7768702067707 759.086449512373 567525933.272634
-0.1911 -0.00266408487760766 -0.00310672023029242 -3.78163704107053 758.992619296117 567516270.155043
-0.1912 -0.00274807465431193 -0.0029271855782104 -3.7849942793466 758.898789079861 567510439.177087
-0.1913 -0.00274655656323259 -0.00334611745569891 -3.78867917327387 758.804958863605 567502807.253542
-0.1914 -0.0032911973909126 -0.00286210055225192 -3.79268707728474 758.711128647349 567496755.2791
-0.1915 -0.00261812843694401 -0.00342529445599427 -3.7964584410325 758.617298431093 567490747.368199
-0.1916 -0.00384368682804953 -0.00261473882426858 -3.80026538273705 758.523468214836 567483386.202313
-0.1917 -0.00271590456160074 -0.00312488171642208 -3.80416430458476 758.42963799858 567475756.095496
-0.1918 -0.00249853996150859 -0.00298725244842884 -3.80835556635655 758.335807782324 567469371.116289
-0.1919 -0.00300887027448605 -0.00337916942542286 -3.81303989818151 758.241977566068 567459706.344816
-0.192 -0.00274075988977916 -0.00260308383127168 -3.81668651340397 758.148147349812 567454521.262416
-0.1921 -0.0033367488418501 -0.00336312737341541 -3.82121486819031 758.054317133556 567445617.558131
-0.1922 -0.0027399144925765 -0.00269697314077701 -3.82446810682586 757.960486917299 567441251.56777
-0.1923 -0.00309076800964382 -0.0031288144071069 -3.82933797189601 757.866656701043 567431014.522549
-0.1924 -0.0022962337543365 -0.00267176792447733 -3.83357194079792 757.772826484787 567424771.387487
-0.1925 -0.00348449089637048 -0.00330459718343524 -3.83817522096652 757.678996268531 567414874.239314
-0.1926 -0.00270720281838868 -0.00318195087411615 -3.84146951497892 757.585166052275 567409445.58291
-0.1927 -0.00279508762689054 -0.00356587637389214 -3.8455191549175 757.491335836019 567403343.602781
-0.1928 -0.00310005425740666 -0.00253254528778855 -3.84946837856797 757.397505619762 567396998.054468
-0.1929 -0.00315998755864555 -0.0032196311350124 -3.85373148461045 757.303675403506 567388632.316255
-0.193 -0.00307132804595888 -0.00356214486142517 -3.85701790377114 757.20984518725 567381021.330031
-0.1931 -0.00275886881731569 -0.00281396509971612 -3.8609375552141 757.116014970994 567375286.231405
-0.1932 -0.00382659239500159 -0.0026230923472875 -3.86554050224194 757.022184754738 567365371.183379
-0.1933 -0.00245975507530703 -0.00328118817058176 -3.86850815867886 756.928354538482 567361549.0208
-0.1934 -0.00268363958964432 -0.00361359412680168 -3.87233237193904 756.834524322225 567353148.708968
-0.1935 -0.00286697318587863 -0.0029220970785593 -3.87558895666339 756.740694105969 567348642.187384
-0.1936 -0.00308782756373795 -0.00305371458052914 -3.87917332583862 756.646863889713 567342476.903337
-0.1937 -0.00241586315061326 -0.00302059493249971 -3.88357623792896 756.553033673457 567334951.426162
-0.1938 -0.00388881312208593 -0.00243981639824609 -3.8878863464295 756.459203457201 567325495.932284
-0.1939 -0.00279331803109043 -0.00307527936544531 -3.89185650196334 756.365373240945 567318974.629655
-0.194 -0.00282963258661474 -0.00313248383832537 -3.89613497037741 756.271543024689 567311297.731129
-0.1941 -0.00334776394980814 -0.00351060921412488 -3.8991260763922 756.177712808432 567304747.443367
-0.1942 -0.00325704605471395 -0.00296436877679008 -3.9030202330859 756.083882592176 567299907.664916
-0.1943 -0.00292880198490258 -0.00305568541537613 -3.90674444368163 755.99005237592 567291660.638913
-0.1944 -0.00275235893362737 -0.00318510222880264 -3.91085493869638 755.896222159664 567284132.988464
-0.1945 -0.00318412312255187 -0.00277742762529772 -3.91397409980461 755.802391943408 567280031.724126
-0.1946 -0.00294462064662197 -0.003358312996064 -3.91750405792759 755.708561727151 567272644.375804
-0.1947 -0.0031964220097058 -0.00333231903589226 -3.92155755732297 755.614731510895 567265971.300708
-0.1948 -0.0028969624756533 -0.00320158574339253 -3.92492412918181 755.520901294639 567260626.112018
-0.1949 -0.00313480298103064 -0.00279221994282561 -3.92997053117833 755.427071078383 567253454.735761
-0.195 -0.00321984233753952 -0.0031016501658664 -3.93296416770732 755.333240862127 567246369.247673
-0.1951 -0.00281934614337634 -0.00332791077063372 -3.93592921051295 755.239410645871 567240876.959012
-0.1952 -0.00285068517226439 -0.00372718364295319 -3.93925171494788 755.145580429614 567235776.633616
-0.1953 -0.00303092810949749 -0.00316159266581983 -3.94303549159402 755.051750213358 567230135.971748
-0.1954 -0.00352034279871528 -0.00300586270362518 -3.94780984245088 754.957919997102 567221400.407131
-0.1955 -0.00259816447811385 -0.00329724307394402 -3.95132679999216 754.864089780846 567214650.938168
-0.1956 -0.00343598194565067 -0.00288959282498064 -3.95454184856903 754.77025956459 567207798.537078
-0.1957 -0.00219944563873549 -0.0038977176802092 -3.95784063523331 754.676429348334 567203289.023069
-0.1958 -0.00300034313564254 -0.00296403759338832 -3.96017088002324 754.582599132078 567197808.585973
-0.1959 -0.00318841018817496 -0.00286590652815513 -3.96409762747681 754.488768915821 567190466.387484
-0.196 -0.00347799207898209 -0.00284043264496681 -3.96682208844069 754.394938699565 567184023.476156
-0.1961 -0.00316933659949837 -0.00329502776296242 -3.97003427859927 754.301108483309 567179064.249763
-0.1962 -0.00284280391928932 -0.00305924746214262 -3.97386825721632 754.207278267053 567173466.505415
-0.1963 -0.0033171529771419 -0.00296914943284663 -3.97802465848975 754.113448050797 567166233.243062
-0.1964 -0.0031838582915032 -0.00336604075211258 -3.9816593811664 754.01961783454 567158867.557859
-0.1965 -0.00306918137743917 -0.0031045098458569 -3.98583354970024 753.925787618284 567152807.799632
-0.1966 -0.0025503015958188 -0.0037955465422644 -3.98900294288292 753.831957402028 567146463.916849
-0.1967 -0.00302313425434597 -0.00275464110328889 -3.99210667658615 753.738127185772 567141066.15899
-0.1968 -0.00340614646790944 -0.00255377867607834 -3.99688159412832 753.644296969516 567132970.88637
-0.1969 -0.00310053312453011 -0.00336475788010258 -3.99998962464944 753.55046675326 567126350.237442
-0.197 -0.0026268199449521 -0.00287225617425417 -4.00339784878846 753.456636537004 567120345.880158
-0.1971 -0.00342596213591857 -0.00358143267637143 -4.00717485948768 753.362806320747 567112860.949013
-0.1972 -0.00326639245661334 -0.00276606453711901 -4.01076995072864 753.268976104491 567108266.795666
-0.1973 -0.00325353016227817 -0.00343062381019952 -4.01443895260885 753.175145888235 567101878.6041
-0.1974 -0.00261074725334308 -0.00305558713021056 -4.0179221489324 753.081315671979 567096307.580045
-0.1975 -0.00317077878970875 -0.00306848069834252 -4.02230227752964 752.987485455723 567086591.962719
-0.1976 -0.00328900698071003 -0.00296129941756133 -4.02534385995814 752.893655239466 567082384.361
-0.1977 -0.00361463140814951 -0.00175559055772846 -4.02885650476181 752.79982502321 567076236.345087
-0.1978 -0.00324828343922318 -0.00410213255109866 -4.03244805461782 752.705994806954 567069135.232454
-0.1979 -0.00348507104260479 -0.00237128707772501 -4.03582696784597 752.612164590698 567064393.137318
-0.198 -0.00296332441982034 -0.00336110570320244 -4.04028167630603 752.518334374442 567056380.494363
-0.1981 -0.00344309456310472 -0.00330381321569082 -4.04338806200047 752.424504158186 567050822.349416
-0.1982 -0.00277144322131352 -0.00329810681176636 -4.0469220810949 752.330673941929 567044962.233406
-0.1983 -0.00316443048256893 -0.00288606324526597 -4.0503019492473 752.236843725673 567037425.226319
-0.1984 -0.00329402654373993 -0.00250415727339126 -4.05319557876675 752.143013509417 567032925.865731
-0.1985 -0.00327319067890751 -0.00291624450603345 -4.05715990211663 752.049183293161 567025101.767853
-0.1986 -0.00329691244576568 -0.0033746198452883 -4.06160331876605 751.955353076905 567019288.161598
-0.1987 -0.00290744859799271 -0.00301340064418779 -4.06378626749026 751.861522860649 567016898.472481
-0.1988 -0.00362806530248395 -0.00328863226738289 -4.06694574433455 751.767692644393 567009173.844453
-0.1989 -0.00283901082144803 -0.00318721205400561 -4.06973841362447 751.673862428136 567003811.55381
-0.199 -0.00300831861832392 -0.00319096982486189 -4.07308588853618 751.58003221188 566996292.040411
-0.1991 -0.00338734072797445 -0.00307070395801963 -4.07684687031627 751.486201995624 566989703.789278
-0.1992 -0.00309601644151832 -0.00312036028262202 -4.08062731176434 751.392371779368 566985197.957599
-0.1993 -0.00303391970045917 -0.00339434786066653 -4.08387957720009 751.298541563112 566979336.557031
-0.1994 -0.00339294168848438 -0.00313819935473779 -4.08763414089726 751.204711346855 566973034.763762
-0.1995 -0.00309849729945007 -0.00318190501923955 -4.09057564781098 751.110881130599 566967056.637721
-0.1996 -0.00275750206202777 -0.00319294367394583 -4.09343470300525 751.017050914343 566961009.042264
-0.1997 -0.00298934421917781 -0.00292223857025564 -4.09735190025962 750.923220698087 566955648.7736
-0.1998 -0.00368360617390863 -0.00268132455838692 -4.10025262120565 750.829390481831 566950162.193981
-0.1999 -0.00289822022113289 -0.00340536833340398 -4.10426370687123 750.735560265575 566943021.512342
-0.2 -0.00349510487188225 -0.00353555456579267 -4.10671674054719 750.641730049319 566939210.06477
-0.2001 -0.00247644490084349 -0.00228996243971205 -4.10573613152301 750.566665876314 566942507.539616
-0.2002 -0.0028378442900644 -0.00277780517431411 -4.10676380749448 750.491601703309 566936649.881607
-0.2003 -0.00185187878293678 -0.0022177868166921 -4.10739699489021 750.416537530304 566936640.18344
-0.2004 -0.00327993520592106 -0.00264979383423288 -4.10825546420223 750.341473357299 566932627.307507
-0.2005 -0.00220564375034029 -0.00278983395278038 -4.10791674212654 750.266409184294 566933833.820196
-0.2006 -0.00313582482473502 -0.00278701271033916 -4.10815550955182 750.191345011289 566931769.509759
-0.2007 -0.0022311967237603 -0.00229909818027894 -4.10873997395416 750.116280838284 566931413.136968
-0.2008 -0.00225118052924093 -0.00283506487435892 -4.10886885739256 750.041216665279 566927916.283923
-0.2009 -0.00212278511897228 -0.00236640948648277 -4.10925369513173 749.966152492274 566926571.352736
-0.201 -0.00285789921825115 -0.002692002767859 -4.1095229915959 749.891088319269 566922840.232896
-0.2011 -0.00265982045146269 -0.00218786549844821 -4.11067042498646 749.816024146264 566920997.05131
-0.2012 -0.00226419772599869 -0.00271689698540706 -4.11196612605269 749.740959973259 566918094.076003
-0.2013 -0.00165983399960411 -0.00250527481245838 -4.11309267711384 749.665895800254 566916472.040748
-0.2014 -0.0019727037124542 -0.00233724377420862 -4.11356631554943 749.59083162725 566913559.89505
-0.2015 -0.00297508518568883 -0.00249316420818533 -4.11484200970233 749.515767454244 566908991.08512
-0.2016 -0.00168849327916464 -0.00265733295908161 -4.11549560258361 749.44070328124 566909034.686832
-0.2017 -0.00214278329917442 -0.00222418217517045 -4.11626774989648 749.365639108235 566906543.869205
-0.2018 -0.00237316070480198 -0.00189313330697596 -4.11690982983401 749.29057493523 566904269.110242
-0.2019 -0.00237943403707466 -0.00251641247365801 -4.11766734326754 749.215510762225 566901831.921781
-0.202 -0.00219051446677999 -0.00225709187409694 -4.11874503016989 749.14044658922 566897629.814234
-0.2021 -0.00221381687193294 -0.00192317331569472 -4.11905726780058 749.065382416215 566896099.214875
-0.2022 -0.00207460738288015 -0.00274175693305713 -4.11948442909346 748.99031824321 566894613.968506
-0.2023 -0.00245472744077069 -0.00187289373599954 -4.12052445367751 748.915254070205 566891153.338529
-0.2024 -0.00182505193721258 -0.00272441429252421 -4.12214289594313 748.8401898972 566886997.936707
-0.2025 -0.00190367583328579 -0.00255943831641193 -4.12259187729956 748.765125724195 566885547.457711
-0.2026 -0.00302025621739846 -0.0019611773330693 -4.12370034394133 748.69006155119 566881946.448386
-0.2027 -0.00158596850320887 -0.00204873520786141 -4.12375558645412 748.614997378185 566883241.606325
-0.2028 -0.00231576484823998 -0.00255394783992156 -4.12517374178281 748.53993320518 566876529.518793
-0.2029 -0.00246609217782638 -0.00216794117626116 -4.12616347538091 748.464869032176 566875261.520975
-0.203 -0.00205401532124502 -0.00235314829323159 -4.12786890348696 748.389804859171 566871553.014585
-0.2031 -0.0024769204136421 -0.00190379784034937 -4.12978777175747 748.314740686166 566866973.445663
-0.2032 -0.0023559586611224 -0.00246179701242012 -4.13075194577769 748.239676513161 566863999.063522
-0.2033 -0.00233066674292534 -0.0020119289661255 -4.13212518773303 748.164612340156 566861684.427103
-0.2034 -0.00231275313993767 -0.00230366905842975 -4.13310448325271 748.089548167151 566857079.598817
-0.2035 -0.00213592831828426 -0.00242024701984652 -4.13438035836439 748.014483994146 566855481.989934
-0.2036 -0.00239809734897926 -0.00219848047758573 -4.13500750908931 747.939419821141 566852906.070908
-0.2037 -0.00233369937936893 -0.00245830960897105 -4.13653082405385 747.864355648136 566850392.040579
-0.2038 -0.00231745790214135 -0.00240415023890845 -4.13723317666138 747.789291475131 566848276.036345
-0.2039 -0.00265634150099847 -0.00237241470684722 -4.13858048535985 747.714227302126 566843044.872624
-0.204 -0.00189947088731336 -0.00197336950967761 -4.13919998994915 747.639163129121 566841589.33973
-0.2041 -0.00266059774347253 -0.00241933016258793 -4.14166893554601 747.564098956116 566833867.795023
-0.2042 -0.00233088244206174 -0.0022756811446184 -4.14145115482811 747.489034783111 566836014.384718
-0.2043 -0.0022740646217326 -0.00263354495112762 -4.14275128032174 747.413970610106 566832365.06175
-0.2044 -0.00266226918179897 -0.00187154035665495 -4.14284169961145 747.338906437102 566831748.781481
-0.2045 -0.0022831858144496 -0.00234613852217877 -4.14480468223325 747.263842264097 566826951.079398
-0.2046 -0.0021511342317925 -0.0021622199210754 -4.14549098979014 747.188778091092 566824468.302549
-0.2047 -0.00297782515817509 -0.00245437267365956 -4.14637524275294 747.113713918087 566820948.668037
-0.2048 -0.00218512511596258 -0.00209584786971482 -4.14692253066927 747.038649745082 566819287.124979
-0.2049 -0.0026725622211217 -0.00243610329017018 -4.14835870118551 746.963585572077 566816646.184185
-0.205 -0.00198761421724486 -0.00271114250366258 -4.15005764887494 746.888521399072 566813577.734634
-0.2051 -0.00256831887707296 -0.00192744175889416 -4.15173190261802 746.813457226067 566810710.728838
-0.2052 -0.00221809501411197 -0.00245936739194719 -4.15229581403668 746.738393053062 566808278.617471
-0.2053 -0.00203129227892464 -0.00257293063648954 -4.15305978931914 746.663328880057 566804159.813625
-0.2054 -0.00258929931780996 -0.00162672331539653 -4.15509461482621 746.588264707052 566801554.975222
-0.2055 -0.00203849554770025 -0.00283598247457235 -4.15627274150033 746.513200534047 566797859.541321
-0.2056 -0.00251503388293614 -0.00185489193472364 -4.15822185666542 746.438136361042 566795132.289758
-0.2057 -0.00181166510395039 -0.00275085461285559 -4.15947223902283 746.363072188037 566791893.182906
-0.2058 -0.00254821745762295 -0.00202488465016138 -4.1608973152494 746.288008015033 566788556.48784
-0.2059 -0.00215194182449459 -0.00211930897682517 -4.16189069535469 746.212943842027 566785775.076303
-0.206 -0.00283408724088437 -0.00251275576426744 -4.16295396465188 746.137879669023 566782138.728979
-0.2061 -0.00268808433050357 -0.00116953110840166 -4.16445316524699 746.062815496018 566779653.251132
-0.2062 -0.00228917848968331 -0.00311806511292745 -4.1656311370556 745.987751323013 566776338.427253
-0.2063 -0.00182455470992734 -0.00241227773549526 -4.16718653664024 745.912687150008 566773887.41843
-0.2064 -0.00250013001284145 -0.00255923376021646 -4.16870496941788 745.837622977003 566769627.507606
-0.2065 -0.0025803846414546 -0.00132205659257131 -4.17056569083947 745.762558803998 566767496.907843
-0.2066 -0.00224329382858932 -0.00252513563341925 -4.17306485053421 745.687494630993 566760100.638201
-0.2067 -0.00228787670960398 -0.00191809516242015 -4.17398590155626 745.612430457988 566758752.601964
-0.2068 -0.00250557792022234 -0.00208508398426203 -4.17575956675671 745.537366284983 566754191.62252
-0.2069 -0.00206670919672685 -0.00306526294926088 -4.1766759088504 745.462302111978 566753659.274471
-0.207 -0.00197138466610425 -0.00195940713510326 -4.17824437311832 745.387237938973 566750125.490384
-0.2071 -0.00257772405784312 -0.0027135949542465 -4.17927701176022 745.312173765968 566746331.805351
-0.2072 -0.00227550565855318 -0.00204856382357278 -4.18165225089313 745.237109592963 566743075.29415
-0.2073 -0.00250558193813824 -0.00192783911389219 -4.18297543497606 745.162045419959 566738949.782308
-0.2074 -0.00219132059810817 -0.00210047292792772 -4.18439356021088 745.086981246954 566734541.375545
-0.2075 -0.00283786337528755 -0.0020036221205003 -4.18562210155566 745.011917073949 566732288.636961
-0.2076 -0.00243450819326207 -0.00210698469467868 -4.18711608666095 744.936852900944 566728780.553461
-0.2077 -0.00249700684140072 -0.00208103058242419 -4.18877166404455 744.861788727939 566725755.005849
-0.2078 -0.00205860146050593 -0.00270982599169649 -4.19044170144915 744.786724554934 566721547.585889
-0.2079 -0.00269754802147375 -0.00182616358270032 -4.19191535448308 744.711660381929 566719614.882823
-0.208 -0.00205694129107018 -0.00256737375805527 -4.19331561490328 744.636596208924 566715596.718022
-0.2081 -0.00231372079850395 -0.00201260774967477 -4.19469877355644 744.561532035919 566713543.275012
-0.2082 -0.00265637501349199 -0.00232926881762971 -4.19624200760244 744.486467862914 566709533.49634
-0.2083 -0.00222729826460772 -0.00236352177922826 -4.19731299283078 744.411403689909 566707754.208197
-0.2084 -0.00177051470913082 -0.00218960983776714 -4.19874608491463 744.336339516904 566703720.995478
-0.2085 -0.0027568015081672 -0.00202692999214015 -4.20063677991736 744.261275343899 566700236.635367
-0.2086 -0.00242291492281784 -0.00226659158813475 -4.20172733231221 744.186211170894 566697090.561435
-0.2087 -0.00196892123211882 -0.00274903700417665 -4.20291666199889 744.111146997889 566695653.039184
-0.2088 -0.00266049995489872 -0.0022055435651091 -4.20467818943798 744.036082824884 566691540.636867
-0.2089 -0.0022772607580909 -0.00217314388667762 -4.20631765226379 743.96101865188 566687871.430053
-0.209 -0.00186150958387262 -0.00241937288146255 -4.20799861269631 743.885954478875 566683951.956131
-0.2091 -0.00297686118655261 -0.00224299245183191 -4.20950615721712 743.81089030587 566681048.197662
-0.2092 -0.0022707449255758 -0.00177854460494448 -4.21110127866399 743.735826132865 566678109.235401
-0.2093 -0.00196233357703323 -0.00269535219997866 -4.21320971566768 743.66076195986 566673232.932171
-0.2094 -0.00190463154306314 -0.00246413193928989 -4.21437656789958 743.585697786855 566671189.634637
-0.2095 -0.00262124184459193 -0.00247366991299536 -4.21605044211928 743.51063361385 566667337.347271
-0.2096 -0.00174896576295326 -0.00212321201617974 -4.21858572564396 743.435569440845 566663769.673338
-0.2097 -0.00242959487788866 -0.00197085702625723 -4.21944240681688 743.36050526784 566661790.37939
-0.2098 -0.00216330362843512 -0.00226612724381502 -4.22182353556461 743.285441094835 566657275.344382
-0.2099 -0.00235537830023838 -0.00173709416505025 -4.22310303075018 743.21037692183 566654732.398955
-0.21 -0.00215279946599982 -0.00275154444763381 -4.2254561669292 743.135312748825 566648516.335354
-0.2101 -0.0022319341403975 -0.00194834705281171 -4.2263996781585 743.06024857582 566647722.741014
-0.2102 -0.00253965316330365 -0.0021713348433983 -4.22875159516158 742.985184402816 566642474.346411
-0.2103 -0.00189261666997723 -0.00246612174756884 -4.23016500523054 742.910120229811 566640618.87767
-0.2104 -0.00266461567206758 -0.00162288923072922 -4.23142787012637 742.835056056806 566636044.470729
-0.2105 -0.00218865548958146 -0.00244988395494303 -4.23265184480993 742.759991883801 566633293.692788
-0.2106 -0.00187494803635755 -0.00227462081719493 -4.23384571360497 742.684927710796 566631681.539622
-0.2107 -0.00233855410304872 -0.00259276217383627 -4.2363011463931 742.609863537791 566624687.692956
-0.2108 -0.00214062843656921 -0.00244275466780773 -4.23730624243518 742.534799364786 566624040.379033
-0.2109 -0.00234552029659763 -0.00226755341224945 -4.23873055854419 742.459735191781 566619987.886092
-0.211 -0.0018305486655863 -0.00247881133313857 -4.24106531423069 742.384671018776 566617009.780682
-0.2111 -0.00235415152981446 -0.00235090550900658 -4.24321835869148 742.309606845771 566611796.572905
-0.2112 -0.00241752234319724 -0.00197807218638749 -4.24501911609924 742.234542672766 566609979.529143
-0.2113 -0.00237626307946845 -0.00218036155595492 -4.2470755746141 742.159478499761 566604679.782903
-0.2114 -0.00253110118362968 -0.00281937254061742 -4.24812190243414 742.084414326756 566601505.491314
-0.2115 -0.00210873215311897 -0.00253316838743545 -4.24964878285009 742.009350153751 566600252.300525
-0.2116 -0.00234015006602167 -0.00225512882836776 -4.25128342072284 741.934285980746 566595326.473767
-0.2117 -0.00203188877001429 -0.00187172921572627 -4.25309070160027 741.859221807742 566593407.474254
-0.2118 -0.0023695511731399 -0.00276515530447625 -4.25550898615208 741.784157634737 566586201.888502
-0.2119 -0.00170547076881025 -0.00160241629312625 -4.25607958178902 741.709093461732 566587634.460987
-0.212 -0.00253806569604486 -0.00207049073880221 -4.25882440027895 741.634029288727 566580555.16657
-0.2121 -0.00247975586257364 -0.0026480457228977 -4.26028734309447 741.558965115722 566576607.001213
-0.2122 -0.00201649129087805 -0.0019919537254533 -4.2613180842506 741.483900942717 566575366.47117
-0.2123 -0.00264909102214346 -0.00270177958354676 -4.26303773759033 741.408836769712 566570164.086743
-0.2124 -0.00236079805220009 -0.00236393116364398 -4.26453008651843 741.333772596707 566567752.254963
-0.2125 -0.00284779162783331 -0.00190457238878601 -4.26654132888983 741.258708423702 566563679.131084
-0.2126 -0.00203145926582444 -0.00222960257155135 -4.26878098150767 741.183644250697 566558427.25588
-0.2127 -0.00212110298746524 -0.0025989159934256 -4.27060254068368 741.108580077692 566554922.305478
-0.2128 -0.00228096783854504 -0.00207716403843236 -4.27125858394875 741.033515904687 566554626.327174
-0.2129 -0.00271557958901618 -0.00224381186765343 -4.27318493924052 740.958451731682 566550251.455369
-0.213 -0.00197279654190886 -0.00240530859776485 -4.27524603547907 740.883387558677 566546379.667799
-0.2131 -0.00199493878441136 -0.00267708829822714 -4.27740794827814 740.808323385673 566542968.520548
-0.2132 -0.00258976596548982 -0.00162609367251838 -4.2797619368203 740.733259212667 566537985.262962
-0.2133 -0.00238194700847562 -0.00289745101462983 -4.2813925634614 740.658195039663 566533324.197932
-0.2134 -0.00217976962412462 -0.00224581145195995 -4.28352477688559 740.583130866658 566531601.489685
-0.2135 -0.00168315378722297 -0.00237238087039902 -4.28557165030258 740.508066693653 566528303.629247
-0.2136 -0.00219314977590605 -0.00206002866727528 -4.28842534126802 740.433002520648 566521283.117944
-0.2137 -0.00209991210138274 -0.00274743325196277 -4.29011307922435 740.357938347643 566518686.648066
-0.2138 -0.00214026505432415 -0.00231458123938002 -4.29233512951105 740.282874174638 566514332.679777
-0.2139 -0.00171116641112661 -0.00269799385306155 -4.29529769324236 740.207810001633 566508768.646703
-0.214 -0.00292334147931308 -0.00194004325695585 -4.29583726970248 740.132745828628 566506720.706779
-0.2141 -0.00213547544355201 -0.00180893789146503 -4.29721712808352 740.057681655623 566506601.486458
-0.2142 -0.00222614014796339 -0.00272387288411129 -4.29979024124639 739.982617482618 566499570.414849
-0.2143 -0.00183334309326357 -0.00210383631841997 -4.30152372462185 739.907553309613 566498731.889044
-0.2144 -0.00269967893841553 -0.00208684283479723 -4.303523791802 739.832489136608 566492992.441214
-0.2145 -0.00234496295771521 -0.00215159289807039 -4.30521883226954 739.757424963603 566491695.109432
-0.2146 -0.00270094694531007 -0.00214425902880296 -4.3071511431728 739.682360790599 566487357.12026
-0.2147 -0.00256444026130216 -0.0021052725560975 -4.3089838871248 739.607296617594 566484033.087311
-0.2148 -0.00159228210357684 -0.00202738714911547 -4.31157520274317 739.532232444589 566481301.025181
-0.2149 -0.0026464580494858 -0.00216636303527304 -4.31399594261156 739.457168271584 566474255.110258
-0.215 -0.00194291174630418 -0.00282661450583714 -4.31610202888269 739.382104098579 566468182.234373
-0.2151 -0.00281369607282472 -0.00171073682134888 -4.31719269385809 739.307039925574 566467779.408113
-0.2152 -0.00256714815960457 -0.0022558761356476 -4.31928616505987 739.231975752569 566463449.136407
-0.2153 -0.00216511367012077 -0.00220559888213075 -4.32144768598759 739.156911579564 566459809.375116
-0.2154 -0.00250156605201947 -0.00219852735782918 -4.32282419889747 739.081847406559 566456401.251447
-0.2155 -0.00252650994057145 -0.00195238383285635 -4.32490417462102 739.006783233554 566452989.196783
-0.2156 -0.00210351463156276 -0.0021347811370323 -4.32661750055886 738.931719060549 566449292.19795
-0.2157 -0.00182927051343212 -0.00264023707460145 -4.32858770404986 738.856654887544 566444798.048795
-0.2158 -0.00217485676070044 -0.00264373884518896 -4.32951061375558 738.781590714539 566443146.429331
-0.2159 -0.00308030271218097 -0.00185509046588015 -4.33221427991024 738.706526541534 566439342.223237
-0.216 -0.0021095763083264 -0.00160031121469705 -4.33362738804707 738.631462368529 566436791.852849
-0.2161 -0.002760129567749 -0.00260020266172881 -4.33555632749062 738.556398195524 566431552.027342
-0.2162 -0.00143402775514467 -0.00226822479628352 -4.33714321073293 738.48133402252 566430310.946777
-0.2163 -0.00317070595692015 -0.00230514760146761 -4.33996491072141 738.406269849515 566421709.06421
-0.2164 -0.00131848786978806 -0.00249260787931558 -4.34155255540601 738.33120567651 566421630.67457
-0.2165 -0.00280193535442671 -0.00225722266861682 -4.34335969613953 738.256141503505 566417576.953875
-0.2166 -0.00223699257364776 -0.00239163826669042 -4.34525830355826 738.1810773305 566415615.85847
-0.2167 -0.00286740003564325 -0.00199183631067705 -4.34670487672795 738.106013157495 566411775.551546
-0.2168 -0.00187616781094657 -0.00278839679586856 -4.3491241424852 738.03094898449 566406325.322359
-0.2169 -0.0024755346082068 -0.00224789474273907 -4.35060176182871 737.955884811485 566402759.63115
-0.217 -0.00228136628514373 -0.00210648990517917 -4.35296147725208 737.88082063848 566400228.54482
-0.2171 -0.00193466047835599 -0.00198453177594433 -4.3553562316722 737.805756465475 566397311.838443
-0.2172 -0.00202315987141031 -0.00246416396308541 -4.35676742360082 737.73069229247 566392708.722054
-0.2173 -0.00227542309848039 -0.00242730349955489 -4.35869770539781 737.655628119465 566388989.688738
-0.2174 -0.00213903315455364 -0.00246209035224586 -4.36064947886657 737.58056394646 566385213.191879
-0.2175 -0.00243425317560233 -0.00235020692882533 -4.36190122139922 737.505499773456 566383553.292956
-0.2176 -0.00279600328135472 -0.00201630630396225 -4.36412074879678 737.43043560045 566378805.185855
-0.2177 -0.0022332096523792 -0.00246028445106237 -4.3672004225389 737.355371427446 566374330.398704
-0.2178 -0.00241030285109012 -0.00202090623561609 -4.36863266623559 737.280307254441 566370973.129655
-0.2179 -0.00213666689195407 -0.00288806062900854 -4.37026504532957 737.205243081436 566367210.012747
-0.218 -0.00258165889411254 -0.00193821121300244 -4.37248504248261 737.130178908431 566363972.163628
-0.2181 -0.00162783284133482 -0.0026474925209829 -4.3739283180482 737.055114735426 566360164.215629
-0.2182 -0.00270405608677392 -0.00242571711709236 -4.37583696642198 736.980050562421 566356878.437412
-0.2183 -0.00267324563397756 -0.0019553998733298 -4.37839788039869 736.904986389416 566353185.870464
-0.2184 -0.00234099838650635 -0.0021149564058472 -4.38081963700009 736.829922216411 566349544.635903
-0.2185 -0.00285407757082074 -0.00208460834636433 -4.3827639296241 736.754858043406 566346120.190153
-0.2186 -0.00183080251942509 -0.00266384707353838 -4.38413248644215 736.679793870401 566343875.246398
-0.2187 -0.00199399019019502 -0.00213818785124147 -4.38603796804923 736.604729697396 566340048.487486
-0.2188 -0.00267840916206949 -0.00216754579003514 -4.38836446955612 736.529665524391 566335272.067389
-0.2189 -0.00195575386141735 -0.00247407122651532 -4.38996282837707 736.454601351386 566333379.804949
-0.219 -0.00240730250843048 -0.00191533647369012 -4.39208907979076 736.379537178381 566328427.296647
-0.2191 -0.00216521977463317 -0.00230000839903219 -4.39321457933571 736.304473005377 566326340.529586
-0.2192 -0.00268306062988814 -0.00277957110965052 -4.3947989137645 736.229408832372 566321395.28135
-0.2193 -0.00215014210514914 -0.00240164764428623 -4.39738381374596 736.154344659367 566319081.987483
-0.2194 -0.00257027024803082 -0.00195514468418216 -4.39857047340275 736.079280486362 566316486.661313
-0.2195 -0.00234642046421086 -0.00300601147348525 -4.4010683794941 736.004216313357 566310474.686708
-0.2196 -0.00230257723510644 -0.00150762172100708 -4.40213127623416 735.929152140352 566309948.99405
-0.2197 -0.00244489423379213 -0.00272204133759958 -4.40553169387586 735.854087967347 566300733.880004
-0.2198 -0.00220219043031463 -0.00211836211372039 -4.40658580169388 735.779023794342 566300754.754254
-0.2199 -0.00234083994532533 -0.00247467581775045 -4.40880076370521 735.703959621337 566296769.694546
-0.22 -0.00247852215946451 -0.0022296773409116 -4.41035969269061 735.628895448332 566294886.205494
-0.2201 -0.00231561929802143 -0.00202082820449584 -4.41178192365527 735.553831275327 566292526.320703
-0.2202 -0.00254001786388618 -0.002455624532754 -4.41385197893003 735.478767102322 566286232.907269
-0.2203 -0.00261397963998192 -0.00237204460267523 -4.41542803267123 735.403702929317 566284238.465592
-0.2204 -0.00234396296292972 -0.00237855526788725 -4.41789457207019 735.328638756313 566280149.331822
-0.2205 -0.00176588229918248 -0.00275825539028572 -4.41993332483774 735.253574583307 566277580.038135
-0.2206 -0.0018700437825013 -0.00283942436471521 -4.42191555569182 735.178510410303 566274200.161654
-0.2207 -0.0024252426208078 -0.00201103645752749 -4.42440540347654 735.103446237298 566269666.750753
-0.2208 -0.00271128988437009 -0.00189067098908369 -4.42645057540688 735.028382064293 566266487.460841
-0.2209 -0.00220219309736929 -0.00250354623412604 -4.4280898649968 734.953317891288 566262622.210608
-0.221 -0.00232322891373375 -0.00234525482616183 -4.42940082387093 734.878253718283 566260547.09958
-0.2211 -0.00194277389904917 -0.0024207577410171 -4.43137609574073 734.803189545278 566256309.108845
-0.2212 -0.00289854364404751 -0.00196026186951774 -4.43371152092577 734.728125372273 566252596.895614
-0.2213 -0.00212048492689755 -0.00249168259861806 -4.43496852754436 734.653061199268 566250303.675357
-0.2214 -0.00223393392733175 -0.00210315543525855 -4.43754033363671 734.577997026263 566244551.579174
-0.2215 -0.00193226735716154 -0.00210043129013452 -4.43948481079661 734.502932853258 566242820.740657
-0.2216 -0.0029251762118026 -0.00240220614453111 -4.4417190659876 734.427868680253 566237579.179693
-0.2217 -0.00272748959094665 -0.00183419391874875 -4.44348276370552 734.352804507248 566235609.866591
-0.2218 -0.00144690893772382 -0.00331901006564121 -4.44529780597987 734.277740334243 566232441.243954
-0.2219 -0.00264359197040972 -0.00214718326209725 -4.44710972100721 734.202676161239 566228584.304869
-0.222 -0.00285915108050144 -0.0017011474758114 -4.44888245719934 734.127611988234 566225724.571183
-0.2221 -0.00236755470957965 -0.00219156947673272 -4.4505863898415 734.052547815229 566223055.968531
-0.2222 -0.00226960870981713 -0.00246339964211114 -4.45229528462378 733.977483642224 566218629.563621
-0.2223 -0.0024899870093249 -0.0027328804719249 -4.45395896415173 733.902419469219 566215066.047928
-0.2224 -0.00216151267677663 -0.0019116688836992 -4.45502048312315 733.827355296214 566214504.224205
-0.2225 -0.00258642812890189 -0.0025703185173772 -4.45735121947906 733.752291123209 566208363.253091
-0.2226 -0.00258158731882073 -0.00236781484550988 -4.45908573650239 733.677226950204 566206338.4587
-0.2227 -0.00242531934789282 -0.00238082924650739 -4.46043512650463 733.602162777199 566204230.478516
-0.2228 -0.00204254181472977 -0.00305588773811141 -4.46207457556523 733.527098604194 566200112.880087
-0.2229 -0.00266567855539897 -0.00200430166106902 -4.46372296018305 733.452034431189 566197607.316019
-0.223 -0.00212903373887047 -0.00274488536488498 -4.46561017123852 733.376970258184 566193808.078036
-0.2231 -0.00288169391408315 -0.00205656672902769 -4.46726525913124 733.301906085179 566189771.994191
-0.2232 -0.00207081758051902 -0.00230572215660648 -4.46929570636698 733.226841912174 566187776.972896
-0.2233 -0.0023544396627619 -0.0023327573986269 -4.47040788756716 733.151777739169 566185288.26319
-0.2234 -0.00221051446986901 -0.00219006120964379 -4.47239895107536 733.076713566164 566181950.716312
-0.2235 -0.0028187131332274 -0.00264734035544765 -4.47409462680275 733.00164939316 566177390.150142
-0.2236 -0.00176398388750569 -0.00231535041205465 -4.47541059512912 732.926585220155 566176075.252653
-0.2237 -0.00268897457849212 -0.00204444597133853 -4.47801536479265 732.85152104715 566170128.799598
-0.2238 -0.00224044413041841 -0.00235822998566657 -4.47975358815119 732.776456874145 566168871.022523
-0.2239 -0.00232774336709654 -0.00266857173443477 -4.48117759007021 732.70139270114 566164847.045756
-0.224 -0.00181521070380621 -0.00261303390793965 -4.48265131731847 732.626328528135 566161862.189799
-0.2241 -0.0026041383765111 -0.00212523750503686 -4.48480673673562 732.55126435513 566157791.59949
-0.2242 -0.00225909760597079 -0.00229193970150163 -4.48689996072132 732.476200182125 566154796.011639
-0.2243 -0.00226085813699244 -0.00228391706396395 -4.48821075035117 732.40113600912 566152919.566155
-0.2244 -0.00230228016008843 -0.00264612898805102 -4.49049239987731 732.326071836115 566148662.691382
-0.2245 -0.00269494852118825 -0.00217320920202791 -4.49143665684465 732.25100766311 566145762.805133
-0.2246 -0.00204594731624143 -0.00220805632249018 -4.49364689196337 732.175943490105 566142771.530178
-0.2247 -0.00206641157871814 -0.00282311796466905 -4.49546073543821 732.1008793171 566138425.441993
-0.2248 -0.00223838646850303 -0.00221619900989959 -4.49709057375205 732.025815144096 566135753.501882
-0.2249 -0.00226465851978026 -0.00239169763664862 -4.49846118488455 731.95075097109 566133173.458117
-0.225 -0.00238472265118799 -0.0019806333629293 -4.499959382902 731.875686798086 566130400.466481
-0.2251 -0.00235212319026821 -0.00245251878951547 -4.50088856509785 731.800622625081 566128460.883715
-0.2252 -0.00240119340334518 -0.0025026881645254 -4.50368100525949 731.725558452076 566123760.515345
-0.2253 -0.0022353779293481 -0.00179613607882655 -4.50515306311225 731.650494279071 566121999.120042
-0.2254 -0.00235321651593392 -0.00253205600909925 -4.50677133768258 731.575430106066 566117891.335578
-0.2255 -0.00264286812444467 -0.00200028704211431 -4.50834444219306 731.500365933061 566114773.398235
-0.2256 -0.00259630928568924 -0.00280664408841113 -4.51042545688407 731.425301760056 566112034.450881
-0.2257 -0.00212931260974176 -0.00241191751754874 -4.5119441389649 731.350237587051 566110462.163228
-0.2258 -0.00235389049691013 -0.00258742955332115 -4.51342606005934 731.275173414046 566107319.825286
-0.2259 -0.00213534334917725 -0.00209166025828586 -4.51529424166876 731.200109241041 566105016.584823
-0.226 -0.00190715936782341 -0.00241988128038401 -4.51753054114663 731.125045068036 566100510.058004
-0.2261 -0.0031300949824497 -0.00195733949739933 -4.51924139005935 731.049980895031 566096627.938792
-0.2262 -0.00219008776859698 -0.00223619112171191 -4.52064552671337 730.974916722026 566094916.094446
-0.2263 -0.00275173910636047 -0.00223896248129615 -4.52249885551507 730.899852549021 566091228.198525
-0.2264 -0.00158851312002036 -0.00292678799666456 -4.5247177421896 730.824788376017 566088213.852501
-0.2265 -0.00236121683452436 -0.00213209865963949 -4.52672387454682 730.749724203012 566085075.938617
-0.2266 -0.00228438495881021 -0.00220328907362501 -4.52800099130337 730.674660030007 566082189.902642
-0.2267 -0.00255218561670688 -0.00250999627774783 -4.52985518494998 730.599595857002 566078470.876758
-0.2268 -0.00177810151841286 -0.00234351870064039 -4.53184989448575 730.524531683997 566074467.68719
-0.2269 -0.00257428333897018 -0.00202491855881714 -4.53364802260709 730.449467510992 566070843.395115
-0.227 -0.00170790859713908 -0.00278842384115926 -4.53521268822057 730.374403337987 566069103.175316
-0.2271 -0.00266161021179585 -0.00212303685603188 -4.5375479303287 730.299339164982 566065708.709794
-0.2272 -0.00191116748845105 -0.00231832490829727 -4.53959598180337 730.224274991977 566061226.1636
-0.2273 -0.00221355730517847 -0.00235484801137667 -4.54150822060353 730.149210818972 566057632.048205
-0.2274 -0.00196959075481763 -0.00221550433588223 -4.54396489990186 730.074146645967 566053875.463253
-0.2275 -0.002647431418483 -0.00253393780398171 -4.54586809493675 729.999082472962 566049440.119906
-0.2276 -0.00311680580072953 -0.00142441231152742 -4.54653194006487 729.924018299957 566049866.644638
-0.2277 -0.00181860244516969 -0.00286161877091662 -4.54909204141853 729.848954126952 566046226.988879
-0.2278 -0.00308985669426602 -0.00190121737748634 -4.55177428227389 729.773889953947 566040409.614924
-0.2279 -0.0017445835483893 -0.00299094129046865 -4.55257201475448 729.698825780943 566038433.82071
-0.228 -0.00221813140539321 -0.00224267335979507 -4.55500781093317 729.623761607938 566035252.946946
-0.2281 -0.00231268652137976 -0.0023391788506759 -4.55721037597971 729.548697434933 566030169.396326
-0.2282 -0.00249033153914153 -0.00245359264638079 -4.5597198403497 729.473633261928 566026772.407341
-0.2283 -0.00306948767566091 -0.00185585250718507 -4.56124246512914 729.398569088923 566023665.908616
-0.2284 -0.00223780355482699 -0.0022774620285639 -4.56334620480627 729.323504915918 566023308.99237
-0.2285 -0.00249944000516005 -0.00264212798455532 -4.56421395179998 729.248440742913 566019862.205815
-0.2286 -0.00204968637782506 -0.00221958305726304 -4.56558759788111 729.173376569908 566018316.816606
-0.2287 -0.00265786930930549 -0.00260191716503487 -4.56806229330786 729.098312396903 566010829.476241
-0.2288 -0.00240820011001854 -0.00244246272231894 -4.56963732725925 729.023248223898 566009797.319004
-0.2289 -0.00241223944152721 -0.00246717609156558 -4.57232254024469 728.948184050893 566006071.977132
-0.229 -0.00254636703337706 -0.00232615657499361 -4.57487472953008 728.873119877888 566002196.749348
-0.2291 -0.00224057075504026 -0.00247323739817787 -4.57685515481704 728.798055704883 565998654.572183
-0.2292 -0.00230842097463056 -0.00208030792048762 -4.57795127098965 728.722991531879 565997416.036722
-0.2293 -0.00144224382272586 -0.0030042682736244 -4.58063912801611 728.647927358874 565992326.878878
-0.2294 -0.00264629913345364 -0.00214294396052814 -4.58235045146844 728.572863185869 565987661.776154
-0.2295 -0.0021261036200284 -0.00236750528513927 -4.58481862210436 728.497799012864 565984286.96786
-0.2296 -0.00271380354558062 -0.00264107591273186 -4.58717749866824 728.422734839859 565980176.287003
-0.2297 -0.00246715585635081 -0.00216684901958731 -4.58918379689125 728.347670666854 565978097.410647
-0.2298 -0.00239918704746018 -0.00230217502849513 -4.59115219307234 728.272606493849 565973931.510183
-0.2299 -0.00250440615617116 -0.00266092434641678 -4.59338178900435 728.197542320844 565970410.754353
-0.23 -0.00275927426066642 -0.00203071681763218 -4.59449686549459 728.122478147839 565967674.407003
-0.2301 -0.00216352645038657 -0.00240056074563485 -4.59603104081882 728.047413974834 565964257.889367
-0.2302 -0.00259875281452558 -0.00234873234540351 -4.5975812114538 727.972349801829 565962397.049525
-0.2303 -0.00261291301506596 -0.00250514394451104 -4.59918045571971 727.897285628824 565960633.846831
-0.2304 -0.00215640440727689 -0.00313764053033158 -4.60123242974931 727.822221455819 565957164.456789
-0.2305 -0.00232862293221231 -0.00256843152418637 -4.60245671125741 727.747157282814 565955803.074474
-0.2306 -0.00291969696632126 -0.00142204408264896 -4.60467932168272 727.672093109809 565950818.327188
-0.2307 -0.00269397417896079 -0.00238266101337751 -4.60695677446499 727.597028936804 565945536.971065
-0.2308 -0.00199795570100507 -0.00283098593034469 -4.60808478048647 727.5219647638 565944130.802681
-0.2309 -0.00221673664188289 -0.0029974738840365 -4.61013758096419 727.446900590795 565941085.193418
-0.231 -0.00272067744463428 -0.00241249754034927 -4.61195787694931 727.37183641779 565939599.127487
-0.2311 -0.00257265478026818 -0.00193605436936336 -4.61416528741873 727.296772244785 565935324.067853
-0.2312 -0.00267190707330611 -0.00241158459733355 -4.61617314593995 727.22170807178 565930209.460062
-0.2313 -0.00225331242551827 -0.0025453007602503 -4.61856507168231 727.146643898775 565927045.16291
-0.2314 -0.00284699930972613 -0.00177685545429732 -4.61968094203607 727.07157972577 565925016.158139
-0.2315 -0.00271643976911917 -0.00260858748634366 -4.62232610064883 726.996515552765 565920725.498619
-0.2316 -0.00228112438742384 -0.00275736119980013 -4.62410799663713 726.92145137976 565918639.415387
-0.2317 -0.00230299881021754 -0.00211868654106225 -4.62546134813175 726.846387206755 565917391.894727
-0.2318 -0.0024783988807213 -0.00168693531285706 -4.62784142085737 726.77132303375 565912877.324497
-0.2319 -0.00243663979519878 -0.0021583019867509 -4.63021356665835 726.696258860745 565908736.790737
-0.232 -0.00228220529680828 -0.00311107403092761 -4.63216914545297 726.62119468774 565904032.211182
-0.2321 -0.00220095158744939 -0.00237120144911379 -4.63457408567431 726.546130514736 565901098.283
-0.2322 -0.00227035593850647 -0.00256097809283309 -4.63672054823913 726.47106634173 565898133.019425
-0.2323 -0.00297334785000982 -0.00171696201283345 -4.6380804742332 726.396002168726 565895552.832993
-0.2324 -0.00196197892274564 -0.0029704162537041 -4.64058175652069 726.320937995721 565891677.973595
-0.2325 -0.00277080195514192 -0.0021087088707046 -4.64207778847527 726.245873822716 565888133.65729
-0.2326 -0.00220424454329601 -0.0023824055292822 -4.64412740461813 726.170809649711 565885269.666206
-0.2327 -0.00222816672906995 -0.00258666834243302 -4.64665212677583 726.095745476706 565880117.647425
-0.2328 -0.00249691207217446 -0.00207019483815247 -4.64815259476208 726.020681303701 565879470.682866
-0.2329 -0.00204632621120769 -0.00284322909966232 -4.64998986011847 725.945617130696 565876331.226948
-0.233 -0.00244259349036005 -0.00177741276272512 -4.65204211210461 725.870552957691 565874374.632375
-0.2331 -0.00286069569412434 -0.00270469197702987 -4.65428470538488 725.795488784686 565868040.910625
-0.2332 -0.00206117252546425 -0.00270399003457713 -4.65614746203992 725.720424611681 565865873.325333
-0.2333 -0.00279024820406682 -0.00255207479025901 -4.65867349019102 725.645360438676 565860839.938743
-0.2334 -0.00244830430251923 -0.00261752546056836 -4.6598522689012 725.570296265671 565860613.247993
-0.2335 -0.00285070281035935 -0.0021197009210875 -4.66152366743092 725.495232092666 565857802.199506
-0.2336 -0.0026325402294508 -0.00256053846642947 -4.66407238535963 725.420167919661 565852877.234768
-0.2337 -0.00237016080111786 -0.00275481516026947 -4.66541827990116 725.345103746657 565851599.623982
-0.2338 -0.00282194412091516 -0.00216763434250755 -4.66765850429349 725.270039573652 565848209.884026
-0.2339 -0.00179301648699379 -0.00260014049300461 -4.66948070001787 725.194975400647 565844846.320252
-0.234 -0.00244177833840402 -0.00222303700325514 -4.67150609845988 725.119911227642 565840897.338794
-0.2341 -0.00181078780753713 -0.0023002239191726 -4.67364539660522 725.044847054637 565839036.253145
-0.2342 -0.00278551954014029 -0.00215605075807639 -4.67576121411342 724.969782881632 565834453.940321
-0.2343 -0.00247499994328577 -0.00285462262292807 -4.67686439832077 724.894718708627 565833127.408982
-0.2344 -0.00267950405612497 -0.00196758616114048 -4.67803138587639 724.819654535622 565830216.528137
-0.2345 -0.00221989549175413 -0.00258177118947273 -4.68049382681688 724.744590362617 565826636.751018
-0.2346 -0.00226551587198883 -0.00237297853519149 -4.68216582447622 724.669526189612 565824553.126696
-0.2347 -0.00293806048614227 -0.00237973183842583 -4.6842083669037 724.594462016607 565818894.165479
-0.2348 -0.00197799488777744 -0.0021349716108369 -4.68511580187669 724.519397843602 565821165.8746
-0.2349 -0.00269981099979471 -0.00189430880822863 -4.68831859963368 724.444333670597 565814764.830623
-0.235 -0.00247879075520714 -0.00250933981937073 -4.69001269114556 724.369269497592 565810888.842469
-0.2351 -0.00226603490412024 -0.00204442513378641 -4.69200249084397 724.294205324587 565807905.811102
-0.2352 -0.00232956743774465 -0.00245055233791692 -4.69355851243108 724.219141151583 565805470.742085
-0.2353 -0.00238540913627194 -0.00236219838418654 -4.69548233834776 724.144076978578 565803313.777454
-0.2354 -0.00237081936971047 -0.00249992215843466 -4.69631956938523 724.069012805573 565801710.812064
-0.2355 -0.00226633013723109 -0.00266696365005801 -4.69892774481455 723.993948632568 565797649.722135
-0.2356 -0.0027561689391943 -0.00201868035404489 -4.70123263180404 723.918884459563 565794176.233765
-0.2357 -0.00230142404137158 -0.00312863626098172 -4.70324170988778 723.843820286558 565789745.149169
-0.2358 -0.00211602932545297 -0.0017408402693866 -4.70490091463222 723.768756113553 565787680.741635
-0.2359 -0.00234551675027467 -0.00261840441760741 -4.70741425925776 723.693691940548 565783036.475244
-0.236 -0.0020261633224555 -0.00235564342837215 -4.70889693092038 723.618627767543 565781345.215293
-0.2361 -0.00218355278672728 -0.00242618466437919 -4.71157581361851 723.543563594538 565777553.520347
-0.2362 -0.00270070489238799 -0.00286949761927662 -4.71389655967152 723.468499421533 565773157.653347
-0.2363 -0.00263863269919065 -0.00205060980556086 -4.71499839333638 723.393435248528 565772460.502495
-0.2364 -0.00210539119752211 -0.00308683311467167 -4.71678354000357 723.318371075523 565768083.622277
-0.2365 -0.00175614380843805 -0.00240253321774092 -4.71906044156342 723.243306902518 565765583.662282
-0.2366 -0.00244592557270078 -0.00293922367291775 -4.72062066199532 723.168242729513 565761916.02779
-0.2367 -0.00246454865529565 -0.00230800056096881 -4.72279587104918 723.093178556509 565759275.565796
-0.2368 -0.00222958306424024 -0.00238450589192229 -4.72412986771362 723.018114383504 565756911.466107
-0.2369 -0.0022940992036533 -0.00225770696733161 -4.72574120476865 722.943050210499 565754352.545357
-0.237 -0.00196923542125445 -0.00208205965071046 -4.72720236696765 722.867986037494 565753162.049112
-0.2371 -0.00183356529150838 -0.00333902879214055 -4.7294548301967 722.792921864489 565747304.84726
-0.2372 -0.00263067452742133 -0.00182792799546042 -4.73153179784901 722.717857691484 565745740.931095
-0.2373 -0.0022905410357751 -0.00261794470297223 -4.73419097592706 722.642793518479 565740939.766143
-0.2374 -0.00250189426721734 -0.00268723261664074 -4.73545012342516 722.567729345474 565740145.302202
-0.2375 -0.00219132311190349 -0.001923220310608 -4.73810778084137 722.492665172469 565737930.529889
-0.2376 -0.00231158549019482 -0.00241222946417895 -4.74033382767125 722.417600999464 565732595.655614
-0.2377 -0.00216763449905392 -0.00234690460070307 -4.74260706249613 722.342536826459 565728196.124022
-0.2378 -0.00202436586940088 -0.00280572448686963 -4.74420494206281 722.267472653454 565726010.430315
-0.2379 -0.00281997055744509 -0.00214456205862112 -4.74602261667137 722.192408480449 565723345.117748
-0.238 -0.00252144653967766 -0.00276077966039491 -4.7480088039693 722.117344307444 565720925.651637
-0.2381 -0.00269308921816928 -0.00242612100937145 -4.74986001823534 722.04228013444 565718717.517823
-0.2382 -0.00266344076466345 -0.00188531475164966 -4.75112405104225 721.967215961434 565717436.097579
-0.2383 -0.00284759345376095 -0.00223175739306078 -4.7532226673184 721.89215178843 565711688.168467
-0.2384 -0.00264911583941761 -0.0022314645162934 -4.75568200977025 721.817087615425 565707493.520426
-0.2385 -0.00198195828241197 -0.00230287296521703 -4.75756537660732 721.74202344242 565705058.699151
-0.2386 -0.00259610861221797 -0.00330616403651983 -4.76010877278825 721.666959269415 565700716.881581
-0.2387 -0.00261834085645725 -0.0017013080200896 -4.76159048058891 721.59189509641 565701422.281077
-0.2388 -0.00260651178405466 -0.00293137911023467 -4.76385809518502 721.516830923405 565696338.511509
-0.2389 -0.00234164910867686 -0.00233620336071097 -4.76557817901363 721.4417667504 565695146.122396
-0.239 -0.0025162026057374 -0.00252710635076294 -4.76646514366999 721.366702577395 565692213.796419
-0.2391 -0.00196656614580315 -0.00289185889367252 -4.76836014880351 721.29163840439 565688749.866724
-0.2392 -0.00298779102404905 -0.00259318953754619 -4.76954551778558 721.216574231385 565686329.846816
-0.2393 -0.00218377491476868 -0.00251243123631305 -4.77151441385493 721.14151005838 565685551.700406
-0.2394 -0.00329172507426649 -0.00213961545240416 -4.77336556035003 721.066445885375 565680956.363536
-0.2395 -0.00194111279813778 -0.00271738320040177 -4.77509416070324 720.99138171237 565679327.324628
-0.2396 -0.00209695584027941 -0.00247145224970159 -4.77647613067922 720.916317539366 565676861.045594
-0.2397 -0.00217572292728019 -0.00250839166089519 -4.77873669917703 720.841253366361 565672948.056656
-0.2398 -0.00285388708344218 -0.0025865284890261 -4.77981441582786 720.766189193356 565668806.17239
-0.2399 -0.0025802889866806 -0.00232639396146303 -4.78145070805525 720.691125020351 565668921.674417
-0.24 -0.00255528534833942 -0.00214955814239832 -4.78347545008071 720.616060847346 565665551.177683
-0.2401 -0.00300372538718831 -0.00214167621089637 -4.78498847903742 720.540996674341 565663488.544896
-0.2402 -0.00202900473333094 -0.00282016957800374 -4.78728867543056 720.465932501336 565658747.159691
-0.2403 -0.00285568459320313 -0.00233137257207605 -4.78818460050006 720.390868328331 565657611.898471
-0.2404 -0.00248800790448159 -0.00276727766066612 -4.79025573926551 720.315804155326 565652957.437263
-0.2405 -0.00266133980844101 -0.00236250340548562 -4.79204937521079 720.240739982321 565651357.960191
-0.2406 -0.00257214196225701 -0.00243157801019065 -4.79355935712782 720.165675809316 565648380.047823
-0.2407 -0.00220335761036152 -0.00231255359721805 -4.79407372940093 720.090611636311 565648026.187402
-0.2408 -0.00281135409311643 -0.0026019440094804 -4.79647134426807 720.015547463306 565643652.588065
-0.2409 -0.00279561406211499 -0.00249337575951993 -4.79713554187577 719.940483290301 565643047.069718
-0.241 -0.00261830180115113 -0.00217954857398295 -4.79969441509123 719.865419117297 565639062.35136
-0.2411 -0.00218279229550399 -0.00257503494755899 -4.80118853231702 719.790354944291 565637344.182797
-0.2412 -0.00262570242545573 -0.0027202539866242 -4.80310005091095 719.715290771287 565633579.961408
-0.2413 -0.0028792501447459 -0.00212272449241497 -4.80468874957106 719.640226598282 565632157.876094
-0.2414 -0.00193509702009202 -0.00257312976591766 -4.80665069207348 719.565162425277 565629712.452085
-0.2415 -0.00303746096505664 -0.00170377632801839 -4.80786500371999 719.490098252272 565626222.652028
-0.2416 -0.00190856429659258 -0.00339207379643494 -4.81002004763917 719.415034079267 565622640.562887
-0.2417 -0.00283015386320411 -0.00194236197681693 -4.81101260096527 719.339969906262 565622146.356319
-0.2418 -0.00229866827236854 -0.00315027862929157 -4.81300506191916 719.264905733257 565618394.54676
-0.2419 -0.0030178380355368 -0.0015827117377214 -4.81381211227837 719.189841560252 565618601.278814
-0.242 -0.00279376684314645 -0.00252388890847415 -4.81558971738688 719.114777387247 565614595.168058
-0.2421 -0.00245144093572664 -0.00288326111058178 -4.81710539149103 719.039713214242 565611639.465707
-0.2422 -0.00263259744178492 -0.00230799356060199 -4.81931216464914 718.964649041237 565609701.737045
-0.2423 -0.00201945275054206 -0.00259050740917392 -4.82036871660301 718.889584868232 565607749.065313
-0.2424 -0.00248463792508946 -0.00228063236871022 -4.82267236138587 718.814520695227 565603913.418719
-0.2425 -0.00211092438097247 -0.00277256881131338 -4.82457368855967 718.739456522223 565601121.592693
-0.2426 -0.00267947189288574 -0.0019599955867078 -4.82657343851869 718.664392349218 565599228.060498
-0.2427 -0.00305229828616396 -0.00274865547340545 -4.82828285435712 718.589328176213 565595196.307525
-0.2428 -0.00187180222117648 -0.00247568049794803 -4.82945237739184 718.514264003208 565595369.714942
-0.2429 -0.00253684739424812 -0.00229304985273248 -4.83198746960821 718.439199830203 565590520.389078
-0.243 -0.00253712886883817 -0.00271861616091997 -4.83412990196076 718.364135657198 565586486.466386
-0.2431 -0.0019304174411125 -0.00281630844579907 -4.83555138621944 718.289071484193 565585683.110245
-0.2432 -0.00253522267567658 -0.00252118360900487 -4.83719791658181 718.214007311188 565582168.89173
-0.2433 -0.00255565914102916 -0.00285246471809067 -4.83903166808636 718.138943138183 565580518.760554
-0.2434 -0.00226194904164518 -0.00276607029115626 -4.84068874432905 718.063878965178 565579050.631595
-0.2435 -0.00284388634472767 -0.00258036113810587 -4.8421397603994 717.988814792173 565575896.951695
-0.2436 -0.00239121378758755 -0.00215041282563706 -4.84396884068336 717.913750619168 565572984.563933
-0.2437 -0.00248504457233439 -0.00259964284448144 -4.84567143337382 717.838686446163 565569357.278712
-0.2438 -0.00261525372100659 -0.00244982905195418 -4.84752028743678 717.763622273158 565566903.200156
-0.2439 -0.00219310391643363 -0.00285577442902034 -4.84861059797962 717.688558100153 565566506.961793
-0.244 -0.00238611267741172 -0.00280594061373047 -4.85028970274748 717.613493927149 565563683.060915
-0.2441 -0.0023770524194121 -0.00249593527111759 -4.85189274735882 717.538429754144 565562405.280608
-0.2442 -0.0021843522682666 -0.00285027735743827 -4.85320314884915 717.463365581139 565558528.130209
-0.2443 -0.0027345540677431 -0.00247309829929188 -4.8543633821704 717.388301408134 565555915.6536
-0.2444 -0.00261225288935029 -0.00295518596233853 -4.8558841507921 717.313237235129 565553351.716042
-0.2445 -0.00255925560731603 -0.00298166048805909 -4.85779778696473 717.238173062124 565551827.756151
-0.2446 -0.0028760914903555 -0.00226652247862702 -4.85946346870398 717.163108889119 565548864.620401
-0.2447 -0.00196273888930399 -0.00287976806814132 -4.86098371905326 717.088044716114 565546988.007583
-0.2448 -0.00226049831441572 -0.00249681459183346 -4.86244043087579 717.012980543109 565543189.248324
-0.2449 -0.00195990716597197 -0.002662803072436 -4.86452403393255 716.937916370104 565539737.77197
-0.245 -0.00307752117972076 -0.00253010387916901 -4.86530813862102 716.862852197099 565535973.615239
-0.2451 -0.0020688709859327 -0.00237673532034306 -4.86646449400567 716.787788024094 565537084.097868
-0.2452 -0.0019953227888808 -0.00280197219727598 -4.86814762424207 716.712723851089 565534680.583449
-0.2453 -0.00250954731466838 -0.00244445079151302 -4.87003567501001 716.637659678084 565532696.395177
-0.2454 -0.0022604108595318 -0.00299767128414179 -4.87136748347119 716.56259550508 565530684.473796
-0.2455 -0.00243618127807092 -0.002082304040955 -4.87307402679612 716.487531332074 565527785.106612
-0.2456 -0.00254227404299449 -0.00262281450954993 -4.87405301575487 716.41246715907 565523776.573426
-0.2457 -0.0024473324002906 -0.00290323100833577 -4.87601433271265 716.337402986065 565521170.109481
-0.2458 -0.00239090185620085 -0.0029611479328852 -4.87819837426824 716.26233881306 565517559.764518
-0.2459 -0.0025183513545473 -0.00270435995678979 -4.8786593300695 716.187274640055 565518684.007351
-0.246 -0.00273649715417495 -0.0024833908126571 -4.88064638560166 716.11221046705 565516528.490536
-0.2461 -0.00227710688188568 -0.00305317442065828 -4.88164576935635 716.037146294045 565514560.975258
-0.2462 -0.00280946572327557 -0.0024264512542391 -4.88359820694593 715.96208212104 565511100.482766
-0.2463 -0.00267077101445063 -0.00251047130926888 -4.88435867114326 715.887017948035 565509395.72599
-0.2464 -0.00195643028788913 -0.00283769311488813 -4.88628997750393 715.81195377503 565505956.992445
-0.2465 -0.00225859147448122 -0.00378791043177431 -4.88771779842266 715.736889602025 565503851.9865
-0.2466 -0.00281241057999345 -0.00147991293204198 -4.88884138606941 715.66182542902 565504774.92801
-0.2467 -0.00246345679190234 -0.00274843385349264 -4.89155916555195 715.586761256015 565499968.943136
-0.2468 -0.00202352564966908 -0.00268500545367928 -4.8924436682819 715.51169708301 565498403.524671
-0.2469 -0.00279098906945969 -0.00250327144889555 -4.89504017619938 715.436632910006 565493395.465017
-0.247 -0.00204701025725549 -0.00281239315291439 -4.89588500155302 715.361568737001 565491807.073113
-0.2471 -0.0026748728821628 -0.00243682799257023 -4.89760841183475 715.286504563996 565489201.848694
-0.2472 -0.00244565758825066 -0.00272611285544556 -4.89935803181896 715.211440390991 565487316.145274
-0.2473 -0.00245599486666406 -0.00275743738723357 -4.90094542404315 715.136376217986 565485840.724342
-0.2474 -0.00234730480852975 -0.00236253565036818 -4.90216719025829 715.061312044981 565483595.392826
-0.2475 -0.00185094958562763 -0.00344679956659493 -4.90328653229125 714.986247871976 565480734.644617
-0.2476 -0.00295359450277723 -0.00165622774212059 -4.90507132703192 714.911183698971 565479029.830177
-0.2477 -0.00215261053240171 -0.00270058599493213 -4.90579949404473 714.836119525966 565477551.192179
-0.2478 -0.00263615132433232 -0.0027252614614522 -4.90742857798955 714.761055352961 565474974.872512
-0.2479 -0.00170201267860518 -0.00310660526016599 -4.90865370610205 714.685991179956 565474481.012817
-0.248 -0.00265248965098287 -0.0029925915723271 -4.91054579348284 714.610927006951 565470022.145957
-0.2481 -0.00194695031898469 -0.00255231401705197 -4.91230508300033 714.535862833946 565468811.409516
-0.2482 -0.00265335997806905 -0.00190750404060446 -4.91364956811624 714.460798660941 565465801.750793
-0.2483 -0.00229786980678777 -0.00300979121125212 -4.9152250262621 714.385734487936 565462722.081744
-0.2484 -0.0026418491961575 -0.00256299935510345 -4.91638830650617 714.310670314931 565460035.012578
-0.2485 -0.00200204807568622 -0.00282971240074035 -4.91752403787682 714.235606141927 565458637.916046
-0.2486 -0.00271877361456158 -0.0021201680801816 -4.91910020085403 714.160541968922 565457131.552879
-0.2487 -0.00282729498935651 -0.00193596943029896 -4.92040972078959 714.085477795917 565455670.232864
-0.2488 -0.00161746842949569 -0.00363087022731502 -4.92183268521631 714.010413622912 565451705.911036
-0.2489 -0.00275709913636167 -0.00249934718661895 -4.9235724608675 713.935349449907 565448790.172478
-0.249 -0.00254757316077285 -0.00265085614965272 -4.92514331125015 713.860285276902 565447281.352233
-0.2491 -0.0027552381664719 -0.00285451414740846 -4.92609846907054 713.785221103897 565445222.106263
-0.2492 -0.00227769783773832 -0.0023516017184377 -4.92711723711137 713.710156930892 565445982.139718
-0.2493 -0.00303075281682348 -0.00229148045914273 -4.92833817721633 713.635092757887 565444495.934962
-0.2494 -0.00205206348015731 -0.00272277852807127 -4.93011116400719 713.560028584882 565440750.156177
-0.2495 -0.00287895680654625 -0.00259474975058481 -4.93148531573264 713.484964411877 565436958.249601
-0.2496 -0.00244177092025374 -0.00256322522721239 -4.93243286013967 713.409900238872 565437257.163684
-0.2497 -0.00272886751573965 -0.0027785544730825 -4.93425907841768 713.334836065867 565434668.410563
-0.2498 -0.00268750644313735 -0.00264120928363105 -4.93629373921068 713.259771892863 565431769.794817
-0.2499 -0.00271747679121897 -0.00239596126574733 -4.93731503152719 713.184707719858 565430920.194545
-0.25 -0.00225468572486611 -0.00280268767448861 -4.93843765515781 713.109643546853 565428570.428856
-0.2501 -0.00227391429361347 -0.00276771744103817 -4.94012371648665 713.034579373848 565425820.82139
-0.2502 -0.00227923893136717 -0.00263823304579448 -4.94145272674539 712.959515200843 565423341.335816
-0.2503 -0.00221821051138693 -0.00270157419067151 -4.94244347280957 712.884451027838 565421995.427954
-0.2504 -0.00287444455718894 -0.00216645871050027 -4.94398612884639 712.809386854833 565420307.976832
-0.2505 -0.00214900841173205 -0.00283042386397148 -4.94552259681351 712.734322681828 565418247.399948
-0.2506 -0.00260840907087339 -0.00245771569998069 -4.94671282332425 712.659258508823 565416577.686536
-0.2507 -0.00229458974308213 -0.00279109878170247 -4.94769649900397 712.584194335818 565413505.227977
-0.2508 -0.00253634169245493 -0.00228549665038122 -4.94947576046475 712.509130162813 565411099.406363
-0.2509 -0.0028931143218526 -0.00258541528627384 -4.95108435876979 712.434065989808 565408661.068237
-0.251 -0.00260954043146293 -0.00268849864651543 -4.95291525734893 712.359001816803 565406462.993068
-0.2511 -0.00261317315564192 -0.00250211610427026 -4.95428690966973 712.283937643798 565405470.979311
-0.2512 -0.00204570053775584 -0.0027145680747776 -4.95645342780589 712.208873470793 565403502.310402
-0.2513 -0.00198753673523041 -0.0029368035949184 -4.95724411674115 712.133809297789 565401107.653742
-0.2514 -0.00272057978382842 -0.00290629012942484 -4.95841484069942 712.058745124784 565397555.818737
-0.2515 -0.00272443898511774 -0.0019560573032407 -4.95879446293109 711.983680951779 565397212.830864
-0.2516 -0.00238021574322427 -0.00257158147104661 -4.96008330764037 711.908616778774 565395496.651977
-0.2517 -0.00274512463156541 -0.00231474722208471 -4.96202645165799 711.833552605769 565393893.238408
-0.2518 -0.00236309818428571 -0.00265394785458475 -4.96316345853168 711.758488432764 565393220.484655
-0.2519 -0.00246678606530889 -0.00260557302947203 -4.96498654692058 711.683424259759 565389474.515388
-0.252 -0.00201233494886121 -0.00238271040235468 -4.96653871269343 711.608360086754 565388041.235153
-0.2521 -0.00252963482348849 -0.00308435411268909 -4.96813805823159 711.533295913749 565383304.913434
-0.2522 -0.00257046418262922 -0.00223322242015941 -4.96944026588349 711.458231740744 565383751.393065
-0.2523 -0.00212100211157722 -0.003077471290682 -4.9706782552818 711.383167567739 565380669.915915
-0.2524 -0.00261938446082688 -0.00260093332702238 -4.97295927082996 711.308103394734 565378107.355122
-0.2525 -0.00208413925990454 -0.00259048183269868 -4.97417821201259 711.233039221729 565377983.34963
-0.2526 -0.00250454125325637 -0.00224721433715431 -4.97608982545354 711.157975048724 565374284.214642
-0.2527 -0.00254814114559743 -0.00252952035367248 -4.97753125403024 711.08291087572 565371025.750431
-0.2528 -0.00262720384342125 -0.00219493354211387 -4.97911309491218 711.007846702714 565368411.315075
-0.2529 -0.00247126487154328 -0.00236038517139762 -4.98059772690168 710.93278252971 565365696.494994
-0.253 -0.00265563437174838 -0.00298785449316428 -4.98150625911083 710.857718356705 565364331.78057
-0.2531 -0.00241711995659812 -0.00199922639213008 -4.98278933826687 710.7826541837 565364308.090557
-0.2532 -0.0029672787896141 -0.00252083718814167 -4.98456255212188 710.707590010695 565361010.462269
-0.2533 -0.00238074397398437 -0.00238742533821732 -4.98502773226082 710.63252583769 565360211.333278
-0.2534 -0.0022802496996582 -0.00270891460751576 -4.98629311159453 710.557461664685 565356700.170125
-0.2535 -0.00217231683912443 -0.00279059091003701 -4.98781282013853 710.48239749168 565355586.820106
-0.2536 -0.00293622229195032 -0.0030709280249089 -4.98972084085807 710.407333318675 565351974.950012
-0.2537 -0.00209820864228635 -0.00252688637393144 -4.99040055129066 710.33226914567 565352465.985944
-0.2538 -0.00231314706722222 -0.00260373495313265 -4.99213221986157 710.257204972665 565349358.45068
-0.2539 -0.00271615715982032 -0.00233168476201293 -4.99359769386027 710.18214079966 565346513.005176
-0.254 -0.0019355229487847 -0.00261395649134751 -4.99545018518385 710.107076626655 565344845.661369
-0.2541 -0.00252096792920174 -0.00234628500159226 -4.9971780215654 710.03201245365 565340154.276794
-0.2542 -0.00286265677802231 -0.00251726147002617 -4.9988871597559 709.956948280646 565338004.30208
-0.2543 -0.00311175716821254 -0.00262740447770572 -5.00034218566818 709.881884107641 565336652.526106
-0.2544 -0.0023000514847386 -0.00263468111853772 -5.00135540939773 709.806819934636 565335890.905981
-0.2545 -0.00277307956539851 -0.00217134662264538 -5.0030152346493 709.731755761631 565333291.498676
-0.2546 -0.00234050828987441 -0.00279461132883195 -5.0041911048497 709.656691588626 565330987.692282
-0.2547 -0.00292964628398385 -0.00235739672836481 -5.00508231778783 709.581627415621 565329122.084703
-0.2548 -0.00215020724306536 -0.00263443060869454 -5.00598820866434 709.506563242616 565329286.086131
-0.2549 -0.00310847505289194 -0.00247997957943197 -5.00787208245681 709.431499069611 565325804.791114
-0.255 -0.00258794686328442 -0.002363161539209 -5.00871806420842 709.356434896606 565327108.067021
-0.2551 -0.00212220852762453 -0.00315788931531423 -5.01041588358847 709.281370723601 565322724.51712
-0.2552 -0.00306064611188358 -0.00206937076067213 -5.01112038629923 709.206306550596 565321445.523377
-0.2553 -0.00243143207098766 -0.00300083717980594 -5.01220466237955 709.131242377591 565320067.999754
-0.2554 -0.00279553480848333 -0.00215197710173782 -5.01333625310598 709.056178204586 565318225.551649
-0.2555 -0.00261132341633438 -0.00316530888614951 -5.01561726925548 708.981114031581 565315252.627986
-0.2556 -0.00237248656288321 -0.00239338297712373 -5.01615337840369 708.906049858576 565315519.213727
-0.2557 -0.00326851708341991 -0.00276436520504421 -5.01764747759071 708.830985685571 565312864.031523
-0.2558 -0.00210702801954097 -0.00245807739370979 -5.01840458879218 708.755921512567 565311755.711585
-0.2559 -0.00314418824889476 -0.00248425006897467 -5.02001456118923 708.680857339562 565308987.284966
-0.256 -0.00200515471891742 -0.00248283428746933 -5.02107189813826 708.605793166557 565307764.953238
-0.2561 -0.00307617367455837 -0.00265741104277916 -5.02222881314549 708.530728993552 565304946.309247
-0.2562 -0.00241182263369294 -0.00237762711742228 -5.02332079532395 708.455664820547 565305538.235308
-0.2563 -0.00218073413563348 -0.00375154607947448 -5.02426104758495 708.380600647542 565303303.913363
-0.2564 -0.00246336672412676 -0.00265714614544059 -5.02609416241939 708.305536474537 565302574.604324
-0.2565 -0.00285341391949813 -0.00237082826525166 -5.0277647671269 708.230472301532 565299228.274999
-0.2566 -0.00229561737726655 -0.00258927909091721 -5.02794754808023 708.155408128527 565299011.876195
-0.2567 -0.00275336904336213 -0.00222709796933956 -5.03000643171913 708.080343955522 565294788.958519
-0.2568 -0.00265731556343913 -0.00259635248199783 -5.03205419302542 708.005279782517 565291397.621214
-0.2569 -0.00283493622044203 -0.00247906493659293 -5.03308066249072 707.930215609512 565292162.021331
-0.257 -0.00198239168780077 -0.0028651248363533 -5.03485678352944 707.855151436507 565288833.634353
-0.2571 -0.0030680298360294 -0.00215977675867794 -5.03599012091679 707.780087263503 565287093.834179
-0.2572 -0.00203079222006427 -0.00292026343818966 -5.03746145348062 707.705023090497 565284873.672187
-0.2573 -0.00353105760319346 -0.00210466224908902 -5.03857904507196 707.629958917493 565281489.019963
-0.2574 -0.00200245223687186 -0.0033504867837609 -5.03916720113644 707.554894744488 565281390.001349
-0.2575 -0.00244692791178451 -0.00250946825888617 -5.04041196629894 707.479830571483 565280880.168302
-0.2576 -0.00291051022872215 -0.00273374516898935 -5.04222301687072 707.404766398478 565277381.356604
-0.2577 -0.00224980848230038 -0.00289521822897499 -5.04232246885471 707.329702225473 565278674.781274
-0.2578 -0.00234857613070583 -0.00282358530781341 -5.04458037171407 707.254638052468 565275826.049656
-0.2579 -0.0030241949221788 -0.00246145871698226 -5.04500040347427 707.179573879463 565273961.800892
-0.258 -0.00245179681334889 -0.00237784197653131 -5.04658937448175 707.104509706458 565272151.646606
-0.2581 -0.0024592023259096 -0.00288189170645721 -5.04879781718159 707.029445533453 565268487.22335
-0.2582 -0.00258797130180872 -0.00284614327129669 -5.04949663773222 706.954381360448 565267439.534942
-0.2583 -0.0028279865789334 -0.00270509506065055 -5.05082183914177 706.879317187443 565264940.63938
-0.2584 -0.0030023547249032 -0.0022738851704044 -5.05207851570235 706.804253014438 565264398.195469
-0.2585 -0.00181877364246062 -0.0029569197131492 -5.05341677007014 706.729188841433 565262037.874606
-0.2586 -0.00323300998043394 -0.00234999777552429 -5.05496785148924 706.654124668428 565257532.694878
-0.2587 -0.00262338959971649 -0.00298851478900063 -5.05504959598531 706.579060495424 565258404.126591
-0.2588 -0.00228009831475382 -0.00277331861824234 -5.05632721482834 706.503996322419 565258216.652279
-0.2589 -0.00289077345736814 -0.00252118182677571 -5.05763498911543 706.428932149414 565256788.69696
-0.259 -0.00253180739781325 -0.00257922978317149 -5.05825366960642 706.353867976409 565256322.332717
-0.2591 -0.00277461152388897 -0.00284004080323459 -5.05937562300065 706.278803803404 565253168.685379
-0.2592 -0.00215542883339072 -0.00314705994738109 -5.0604206253704 706.203739630399 565251190.313094
-0.2593 -0.00257379457025783 -0.00257989062256277 -5.06119146131207 706.128675457394 565250653.518314
-0.2594 -0.00286621632178953 -0.00205381003665499 -5.06195578650807 706.053611284389 565249052.610211
-0.2595 -0.00245541214942793 -0.00289443523374489 -5.06408084319282 705.978547111384 565246530.685282
-0.2596 -0.00273961454395306 -0.00278548168821933 -5.06472889700606 705.903482938379 565245065.629992
-0.2597 -0.0024379319231647 -0.00303507609230599 -5.06607971311104 705.828418765374 565243364.1866
-0.2598 -0.00290824130959473 -0.0028862386511473 -5.06749691374311 705.753354592369 565241406.480799
-0.2599 -0.00312440002091575 -0.00246244737183799 -5.06761731634733 705.678290419364 565240442.760994
-0.26 -0.00227344796292456 -0.00263012802524953 -5.06809769441396 705.60322624636 565241230.075857
-0.2601 -0.00219414292960425 -0.00295715664210675 -5.06939818297581 705.528162073354 565239188.845267
-0.2602 -0.00270356058353596 -0.00238012326349986 -5.07045657570733 705.45309790035 565238360.097674
-0.2603 -0.00249282084807213 -0.00249298894355579 -5.07132163725415 705.378033727345 565238320.892681
-0.2604 -0.00261843019557306 -0.00287230696128961 -5.07235360055327 705.30296955434 565235738.371846
-0.2605 -0.00242912375495374 -0.0025503824005278 -5.07281758464352 705.227905381335 565235801.021562
-0.2606 -0.00184927856987488 -0.0031068250414485 -5.07438674836598 705.15284120833 565232933.56895
-0.2607 -0.00305885102949513 -0.00285013342689401 -5.07558636582418 705.077777035325 565230833.322106
-0.2608 -0.00247417844235633 -0.00303546281482073 -5.07629311563721 705.00271286232 565230828.686535
-0.2609 -0.0024639005779471 -0.00275198284651343 -5.0777809675814 704.927648689315 565229914.775642
-0.261 -0.00289163302132985 -0.00204456349818217 -5.07809551078404 704.85258451631 565229517.47144
-0.2611 -0.0023072124910462 -0.00330824401895721 -5.07929485410254 704.777520343305 565226738.208876
-0.2612 -0.00257522576047199 -0.00247946888699063 -5.08042564196089 704.7024561703 565224960.366901
-0.2613 -0.00213652721263527 -0.00334687880378379 -5.08130082787349 704.627391997295 565223132.685551
-0.2614 -0.0030418957778355 -0.00248360678162709 -5.08190135229713 704.55232782429 565222805.419586
-0.2615 -0.0026278545863713 -0.0028866876365004 -5.08301078530632 704.477263651286 565220997.951296
-0.2616 -0.00239457651796134 -0.00278369731450861 -5.08436173256438 704.402199478281 565219823.6285
-0.2617 -0.00360881231069354 -0.00226155967317286 -5.08513171206047 704.327135305276 565217176.38055
-0.2618 -0.00264418765583395 -0.00243318723079429 -5.0859396519524 704.252071132271 565217412.054132
-0.2619 -0.00286538654545653 -0.00250625908695207 -5.08686069417192 704.177006959266 565216237.942388
-0.262 -0.00213367990745101 -0.00311803183691393 -5.08752121248959 704.101942786261 565215764.042364
-0.2621 -0.00265386124806845 -0.0028314161869045 -5.08893207296679 704.026878613256 565213004.435453
-0.2622 -0.0024635465472408 -0.0026375344299125 -5.08996915587306 703.951814440251 565212869.126035
-0.2623 -0.00315177938241157 -0.00257644508340745 -5.09094862084317 703.876750267246 565210598.393068
-0.2624 -0.00219537229702464 -0.00260686031040849 -5.09186200000714 703.801686094241 565210112.160339
-0.2625 -0.00230108396894257 -0.00346522676784815 -5.09312496490441 703.726621921236 565207146.35044
-0.2626 -0.00324928617251361 -0.00209361696497476 -5.09448562430945 703.651557748231 565205444.575789
-0.2627 -0.00249996942938847 -0.00249023570264966 -5.09554806959969 703.576493575226 565205277.258098
-0.2628 -0.00291795199018244 -0.00252709600410022 -5.09674065656042 703.501429402221 565202368.414993
-0.2629 -0.00202865079262929 -0.00319032604857759 -5.09712428704429 703.426365229216 565201834.750809
-0.263 -0.0030310844606586 -0.00229715449110693 -5.09900397047808 703.351301056211 565199188.492766
-0.2631 -0.00195200042337765 -0.00305903709195951 -5.09989214257133 703.276236883207 565197143.248873
-0.2632 -0.00195670978198939 -0.00304001362204808 -5.10115845424455 703.201172710202 565194601.798233
-0.2633 -0.0027035343134111 -0.00292416701759674 -5.10170070623502 703.126108537197 565194315.810287
-0.2634 -0.00278727057489422 -0.00289740795451905 -5.1032574073423 703.051044364192 565192711.207673
-0.2635 -0.00249888412572351 -0.00259599462248617 -5.10438016036473 702.975980191187 565189987.955286
-0.2636 -0.00272034962200963 -0.00194858396495603 -5.10547808608964 702.900916018182 565188685.336129
-0.2637 -0.00216138348145236 -0.0034154809799773 -5.10711473837889 702.825851845177 565184247.2009
-0.2638 -0.00242242525199551 -0.00304770861327172 -5.10814627036185 702.750787672172 565183347.438021
-0.2639 -0.00278641381258264 -0.00268635198829169 -5.10930714431822 702.675723499167 565182064.965101
-0.264 -0.00296428810960931 -0.00251066614397728 -5.11046067559073 702.600659326162 565180282.825815
-0.2641 -0.00234484175314717 -0.00280152698600847 -5.11127676980301 702.525595153157 565181931.308695
-0.2642 -0.00234975653609538 -0.00291087657012923 -5.11278405143965 702.450530980152 565178022.108545
-0.2643 -0.00273840444478795 -0.00297590899105667 -5.11456992420712 702.375466807147 565175208.995624
-0.2644 -0.0024795740164317 -0.00243062668980328 -5.1154589761039 702.300402634143 565175327.723091
-0.2645 -0.00330076097984712 -0.00260164200573825 -5.11617349915142 702.225338461137 565172856.823579
-0.2646 -0.00239260743681433 -0.00292348618434312 -5.11760018756112 702.150274288133 565172269.633339
-0.2647 -0.00299025713798974 -0.00250514149622708 -5.11928754626967 702.075210115128 565170501.274365
-0.2648 -0.00214755175589439 -0.00280693377037601 -5.11994367649717 702.000145942123 565169249.292927
-0.2649 -0.003067202371993 -0.00269993152676087 -5.12179362263767 701.925081769118 565164930.495637
-0.265 -0.00259139621383961 -0.00246872866065569 -5.12253746737096 701.850017596113 565164758.885669
-0.2651 -0.00222026492522842 -0.00293849697839391 -5.12395221110768 701.774953423108 565162413.383829
-0.2652 -0.0033245298830588 -0.00237724439673513 -5.1245226555313 701.699889250103 565161595.467451
-0.2653 -0.00209653345178252 -0.00337546409616697 -5.12498469050764 701.624825077098 565160882.747749
-0.2654 -0.00350901760918328 -0.00204215161881617 -5.12625112341055 701.549760904093 565160032.07883
-0.2655 -0.00222024725160682 -0.00280748603748274 -5.12670032252412 701.474696731088 565158832.394184
-0.2656 -0.0030338341372246 -0.00197001494660934 -5.12836295299215 701.399632558083 565155945.44161
-0.2657 -0.00282784130643978 -0.00248314909495104 -5.1288359317702 701.324568385078 565154286.837136
-0.2658 -0.00299533955886187 -0.00262420696057465 -5.12931238522531 701.249504212073 565154593.905951
-0.2659 -0.00263208573229285 -0.00298628555082821 -5.13099659020378 701.174440039068 565153262.217076
-0.266 -0.00238321010507241 -0.00296847830803966 -5.13215838179736 701.099375866064 565150867.808155
-0.2661 -0.00255613501288533 -0.00302389288849723 -5.13244078670995 701.024311693059 565150221.186255
-0.2662 -0.0026277154871736 -0.00228301732336638 -5.13340891620296 700.949247520054 565150335.724053
-0.2663 -0.00317381380468242 -0.00287588238812272 -5.13452543089622 700.874183347049 565146617.492807
-0.2664 -0.00260321763949102 -0.00242222898516004 -5.13572861941371 700.799119174044 565146801.088163
-0.2665 -0.00279030962083963 -0.00280741401515435 -5.13683952243695 700.724055001039 565145698.134104
-0.2666 -0.00210176037035446 -0.00311025583714088 -5.13795696141174 700.648990828034 565144558.26042
-0.2667 -0.00304452077782928 -0.002288859238709 -5.13892984913576 700.573926655029 565142777.607519
-0.2668 -0.00234141574347232 -0.00254996408818205 -5.1408387631464 700.498862482024 565138762.373958
-0.2669 -0.00237544646507132 -0.00293423938074165 -5.14148700151774 700.423798309019 565137612.5854
-0.267 -0.00216230130785974 -0.00311150730556892 -5.14248446798878 700.348734136014 565135501.003134
-0.2671 -0.00282345549679856 -0.00306399213136948 -5.14356953519334 700.273669963009 565133944.119621
-0.2672 -0.00254368142528912 -0.00259999774916658 -5.14446150844405 700.198605790004 565134492.977427
-0.2673 -0.00273713781972169 -0.00266559161928131 -5.14620117048488 700.123541616999 565130822.567913
-0.2674 -0.00262558457538204 -0.00232297223973589 -5.14708964473905 700.048477443994 565130354.9836
-0.2675 -0.00285530698427258 -0.002917962927898 -5.1473363110415 699.97341327099 565129617.43258
-0.2676 -0.00266468681966632 -0.00263947370110336 -5.14759809629016 699.898349097985 565129366.847926
-0.2677 -0.00268015786783132 -0.00267770845502514 -5.14906790942681 699.82328492498 565126452.102568
-0.2678 -0.00223474748936697 -0.00338876157510963 -5.1503967960163 699.748220751975 565125090.624834
-0.2679 -0.0028102899148474 -0.00284189578374189 -5.15144539282935 699.67315657897 565123013.735517
-0.268 -0.00232486034010509 -0.0029763394881402 -5.15224554145688 699.598092405965 565124121.438242
-0.2681 -0.00282389033656768 -0.00222973378099064 -5.15453169474936 699.52302823296 565120147.096263
-0.2682 -0.0025290608736233 -0.00303374551287832 -5.15571696997003 699.447964059955 565116540.513472
-0.2683 -0.0027617883435062 -0.00220112203677751 -5.15592018743373 699.37289988695 565118122.770206
-0.2684 -0.0026383104434832 -0.00253248678898586 -5.15680559211755 699.297835713945 565116110.387136
-0.2685 -0.00291469217693699 -0.00228919721985539 -5.15850342665353 699.22277154094 565114902.696805
-0.2686 -0.00242219359417125 -0.00326253210549683 -5.15882074536463 699.147707367935 565113548.601633
-0.2687 -0.00260546903949526 -0.0026691179898455 -5.1601185341543 699.07264319493 565111979.659452
-0.2688 -0.00275036163641038 -0.00280583260811133 -5.16101205287665 698.997579021926 565110800.162441
-0.2689 -0.0029753481465882 -0.00308858178457803 -5.16249379059564 698.922514848921 565107795.620207
-0.269 -0.00232924998387127 -0.00223098271948785 -5.16325966084831 698.847450675916 565108339.797198
-0.2691 -0.002626394484397 -0.00300521010331602 -5.164921287785 698.772386502911 565103977.471397
-0.2692 -0.00273043042632394 -0.00285102672720938 -5.16537190250024 698.697322329906 565102843.297459
-0.2693 -0.00279632890324511 -0.0025379983585498 -5.16658534431581 698.622258156901 565102888.780368
-0.2694 -0.00220220684328099 -0.00285215306950318 -5.16736373116764 698.547193983896 565101972.120783
-0.2695 -0.00291662047132685 -0.00283837486797203 -5.16872191431412 698.472129810891 565099183.697023
-0.2696 -0.00261995022496712 -0.00216625411934865 -5.1697143098134 698.397065637886 565099347.291307
-0.2697 -0.00276776859041324 -0.00294178717503209 -5.17078416209525 698.322001464881 565096258.35213
-0.2698 -0.00255670553752854 -0.00281552202843878 -5.17203760394013 698.246937291876 565094607.198085
-0.2699 -0.00289452005509985 -0.00239899409225624 -5.17307456591838 698.171873118871 565092227.369246
-0.27 -0.00164442462523623 -0.00370696765078242 -5.17463401201522 698.096808945866 565090202.957622
-0.2701 -0.00297675451431762 -0.00251983437862027 -5.17512382381783 698.021744772861 565089316.186637
-0.2702 -0.00237318392601553 -0.00347022682388954 -5.17561862082187 697.946680599856 565089125.499248
-0.2703 -0.00179887835795504 -0.00302179023910124 -5.1764296146947 697.871616426851 565090446.710098
-0.2704 -0.00262522411929774 -0.00314618141336326 -5.17824785709082 697.796552253847 565086130.214824
-0.2705 -0.0030044379154863 -0.00253329829812398 -5.17863357357655 697.721488080842 565085500.530803
-0.2706 -0.00247633064847706 -0.00279579892458245 -5.17973423571194 697.646423907837 565083946.4086
-0.2707 -0.00293990528590392 -0.00262717628512515 -5.18116223178991 697.571359734832 565081910.317662
-0.2708 -0.00193823849913996 -0.00299644983097202 -5.18295675192585 697.496295561827 565080248.97733
-0.2709 -0.00277385149340697 -0.00311902531539875 -5.18395734520991 697.421231388822 565076757.133684
-0.271 -0.00293689456884514 -0.00281045305763341 -5.18492871526705 697.346167215817 565076445.695726
-0.2711 -0.0022416896135665 -0.00287611139031427 -5.18575387652139 697.271103042812 565075338.847763
-0.2712 -0.00222276154473756 -0.00298729553059812 -5.18733786311506 697.196038869807 565074402.739356
-0.2713 -0.00237990054042688 -0.00288601797073072 -5.18857879089195 697.120974696802 565070909.97726
-0.2714 -0.00270241397232147 -0.00232746851556802 -5.18968833961623 697.045910523797 565069660.829667
-0.2715 -0.00253873301772729 -0.00290451440674604 -5.19142284068073 696.970846350792 565068064.823208
-0.2716 -0.00246259412706581 -0.00259494158229374 -5.19264325924879 696.895782177787 565066505.83751
-0.2717 -0.00242702601276467 -0.00322714717985732 -5.19415772064098 696.820718004783 565064782.96304
-0.2718 -0.00271009422048708 -0.00271353260368908 -5.19469913976958 696.745653831777 565063939.632491
-0.2719 -0.00280777463989215 -0.00261271638550985 -5.19628370704326 696.670589658773 565061556.308102
-0.272 -0.00274038002641072 -0.00319268887813467 -5.19683032255033 696.595525485768 565060533.434671
-0.2721 -0.00234286009723315 -0.00283243735565755 -5.19799770441023 696.520461312763 565059730.95316
-0.2722 -0.00300566978755583 -0.00285034784312564 -5.19844887537302 696.445397139758 565057423.869681
-0.2723 -0.00353208798800772 -0.00267968493910868 -5.19936095373753 696.370332966753 565057230.733015
-0.2724 -0.0027631212995465 -0.00239913093733698 -5.19951408870854 696.295268793748 565058943.070657
-0.2725 -0.0029342405398934 -0.00269740551528644 -5.20064150685535 696.220204620743 565056051.885334
-0.2726 -0.00310828046155945 -0.00254869455694218 -5.20075660177345 696.145140447738 565056863.592502
-0.2727 -0.00264074752732503 -0.0030481765914527 -5.20197197659129 696.070076274733 565054349.903904
-0.2728 -0.00174059179389683 -0.00289241230268832 -5.20249347372403 695.995012101728 565055419.818848
-0.2729 -0.0026774011553717 -0.00299633897877713 -5.20361775976006 695.919947928723 565051877.853354
-0.273 -0.00261426559512323 -0.00319669473519365 -5.20445799955584 695.844883755718 565050708.519913
-0.2731 -0.00206915087886383 -0.00291051389459956 -5.20519741377726 695.769819582713 565050769.695127
-0.2732 -0.00293015052666501 -0.00275461433105461 -5.20598574704545 695.694755409708 565048897.083298
-0.2733 -0.00241449254546186 -0.00276668235543554 -5.20628178115174 695.619691236704 565048996.795748
-0.2734 -0.00248322334680559 -0.0028007964345712 -5.20780244487651 695.544627063698 565046099.034293
-0.2735 -0.00243988902406875 -0.00254020657034984 -5.20742448434939 695.469562890694 565047411.446277
-0.2736 -0.0034136730488794 -0.00254039198696476 -5.20912341494217 695.394498717689 565044339.639847
-0.2737 -0.00245457302152452 -0.00282344407596625 -5.209262939667 695.319434544684 565046821.045227
-0.2738 -0.00295636995513398 -0.00236987377523025 -5.20909782046504 695.244370371679 565044574.727603
-0.2739 -0.0024786391125886 -0.00310841277794299 -5.20968124049462 695.169306198674 565044364.989083
-0.274 -0.00285060117103992 -0.00275675040741859 -5.21081243265735 695.094242025669 565041734.996146
-0.2741 -0.0026662628013252 -0.00298213976311275 -5.21195027952399 695.019177852664 565039432.18808
-0.2742 -0.00272075326811731 -0.00271866876063673 -5.21266297277912 694.944113679659 565039210.050859
-0.2743 -0.00294299530837077 -0.00234930608122479 -5.21350354559917 694.869049506654 565038301.121639
-0.2744 -0.00262776884728893 -0.00321396749220589 -5.2137037316775 694.793985333649 565037444.774036
-0.2745 -0.00301141774898867 -0.00212719309974611 -5.21324581503589 694.718921160644 565040815.428968
-0.2746 -0.00223164313741751 -0.00296574201237886 -5.21419886292652 694.643856987639 565038030.883864
-0.2747 -0.00300783209635787 -0.00267420900627653 -5.2146953495787 694.568792814634 565036683.93237
-0.2748 -0.00274870395544152 -0.00236246113210922 -5.21547228919236 694.49372864163 565036484.077629
-0.2749 -0.00290201184081194 -0.00320236658539529 -5.2160979509867 694.418664468625 565034792.113803
-0.275 -0.00200186243682488 -0.0028553112319183 -5.2166117046409 694.34360029562 565034633.894425
-0.2751 -0.0032357760002388 -0.00261663933445711 -5.21786070717383 694.268536122615 565032240.687659
-0.2752 -0.00331757445973421 -0.00231965439535515 -5.21893031473085 694.19347194961 565030778.070459
-0.2753 -0.00217538990473228 -0.00314504028204852 -5.2196345536094 694.118407776605 565030195.796953
-0.2754 -0.00285278490048226 -0.003197500824873 -5.22037319959064 694.0433436036 565028291.128736
-0.2755 -0.00282744672009719 -0.00244737514952097 -5.22074866098849 693.968279430595 565028698.27049
-0.2756 -0.0029856507261401 -0.00295898065409189 -5.22152316050045 693.89321525759 565027477.255692
-0.2757 -0.00261482993074839 -0.00234151347001509 -5.22235778458382 693.818151084585 565028231.790078
-0.2758 -0.00303220113746914 -0.00263281209631239 -5.2231849706829 693.74308691158 565025810.049904
-0.2759 -0.00244018519029036 -0.00278970176593122 -5.22349689510603 693.668022738575 565025474.673307
-0.276 -0.00273454478385778 -0.00291236987063556 -5.22487365460097 693.59295856557 565023264.052905
-0.2761 -0.002181625518312 -0.00296410858608482 -5.22559084444906 693.517894392565 565022116.770135
-0.2762 -0.00323303481640991 -0.00231745338385486 -5.22644258088684 693.44283021956 565020322.684757
-0.2763 -0.00243078311404148 -0.0028478276305939 -5.2274422224936 693.367766046556 565020159.623268
-0.2764 -0.00294535435869324 -0.0029270651450683 -5.22816730378137 693.292701873551 565018617.84304
-0.2765 -0.00247486119782269 -0.00318236461059892 -5.22934934589666 693.217637700546 565017198.490714
-0.2766 -0.00285387685459525 -0.00293719396397261 -5.23033969324227 693.142573527541 565015472.205094
-0.2767 -0.0026427511962622 -0.0032531803171391 -5.2312745361119 693.067509354536 565015494.77131
-0.2768 -0.00309115836621829 -0.00240135454832955 -5.23188067760326 692.992445181531 565014660.037255
-0.2769 -0.00246765986227841 -0.00259362235799762 -5.23289283782892 692.917381008526 565013720.218752
-0.277 -0.00284577399544704 -0.00268615122901868 -5.23431912893562 692.842316835521 565010450.342152
-0.2771 -0.00264476230140522 -0.00286822052176788 -5.23464906105146 692.767252662516 565010655.527705
-0.2772 -0.00188533721426249 -0.00275994383477152 -5.23540890138445 692.692188489511 565011120.099655
-0.2773 -0.00308396772095107 -0.00256231380069466 -5.23592101706383 692.617124316506 565010559.261564
-0.2774 -0.00253265691017909 -0.00305963063771562 -5.23650186470704 692.542060143501 565010701.674696
-0.2775 -0.00275309489595762 -0.00259534582681668 -5.23709435326372 692.466995970496 565010113.167329
-0.2776 -0.00260961231792496 -0.00314692881009362 -5.23818756851614 692.391931797491 565007110.023209
-0.2777 -0.00270602680513941 -0.00297838515660148 -5.23803667652652 692.316867624487 565007900.248632
-0.2778 -0.00311334355390398 -0.00226957521082758 -5.23899521844507 692.241803451481 565007105.135198
-0.2779 -0.0028907565409421 -0.00311491431364272 -5.23991229820758 692.166739278477 565004480.498221
-0.278 -0.00283227237354275 -0.0027645260287795 -5.24035669582105 692.091675105472 565004879.492989
-0.2781 -0.00240043270043792 -0.00314302901235959 -5.24040826620525 692.016610932467 565005017.110119
-0.2782 -0.00278645675057152 -0.00277713829455543 -5.241549731343 691.941546759462 565005091.259913
-0.2783 -0.00243162323089042 -0.00290257135852865 -5.2419362995397 691.866482586457 565004184.706546
-0.2784 -0.00269030270674423 -0.00295002046784101 -5.24257635301727 691.791418413452 565002727.15785
-0.2785 -0.00234213332561464 -0.00292341778241989 -5.24363152854086 691.716354240447 565000425.685004
-0.2786 -0.00281058912714251 -0.00345350692934401 -5.24405193833385 691.641290067442 564998028.309002
-0.2787 -0.00241531828373961 -0.00289187214891443 -5.24494804153147 691.566225894437 564998522.362396
-0.2788 -0.00332891671708653 -0.00277496748668222 -5.24569062678639 691.491161721432 564996766.277787
-0.2789 -0.00248569011311949 -0.00287578500638197 -5.24568359446432 691.416097548427 564999814.927225
-0.279 -0.0035342912743327 -0.00293112529982724 -5.24695942495448 691.341033375422 564995991.892406
-0.2791 -0.00248383516766708 -0.00290536676925803 -5.24663353918512 691.265969202417 564997358.870686
-0.2792 -0.00276898489369467 -0.00295375766884621 -5.2469984193643 691.190905029413 564996048.236611
-0.2793 -0.00189232734838184 -0.00369090950730249 -5.24676306829984 691.115840856408 564996231.123696
-0.2794 -0.00269376029737603 -0.00297778855743474 -5.24752317766182 691.040776683403 564995331.283466
-0.2795 -0.00250013708536558 -0.00296492393073531 -5.24798492220418 690.965712510398 564994295.794161
-0.2796 -0.00271288426812427 -0.00282652723920116 -5.24949777248885 690.890648337393 564993150.997369
-0.2797 -0.00245055629952645 -0.00278227556644675 -5.25027126000665 690.815584164388 564991982.295784
-0.2798 -0.00233383248352984 -0.00262706212391124 -5.25102729798737 690.740519991383 564990294.004356
-0.2799 -0.00307257662778373 -0.00274279774040171 -5.25154169259728 690.665455818378 564989026.397987
-0.28 -0.00198938513163123 -0.00340576167027164 -5.25223816804758 690.590391645373 564989196.017579
-0.2801 -0.002670857439469 -0.00334012976611004 -5.25235516914532 690.515327472368 564988597.936111
-0.2802 -0.0027123184222495 -0.00244806483097539 -5.2530166208803 690.440263299363 564988961.508501
-0.2803 -0.00305403564801076 -0.00245238659648899 -5.25328487421048 690.365199126358 564987534.565818
-0.2804 -0.00222179881156368 -0.00309947050099644 -5.25485076713233 690.290134953353 564985793.562892
-0.2805 -0.00285582652155097 -0.00328162799660628 -5.25508067018415 690.215070780348 564983817.653896
-0.2806 -0.00245487489617291 -0.00265805363772134 -5.25590019015342 690.140006607343 564984254.226542
-0.2807 -0.00274180065426141 -0.00306874919950331 -5.25630894301838 690.064942434338 564982269.996693
-0.2808 -0.00289313583608873 -0.0032270968628675 -5.2564707529683 689.989878261334 564982738.842489
-0.2809 -0.00254026692271368 -0.00288965315330533 -5.25704549448777 689.914814088329 564982463.718763
-0.281 -0.00268755955838417 -0.00273081685898898 -5.25690903412519 689.839749915324 564982152.95327
-0.2811 -0.00268709248043165 -0.00260740091633131 -5.25832608450638 689.764685742319 564981001.372515
-0.2812 -0.00250150045156194 -0.00313645920603063 -5.25856752854562 689.689621569314 564980941.328723
-0.2813 -0.00269764343501845 -0.00311335206649746 -5.25910679438978 689.614557396309 564980625.295984
-0.2814 -0.00266526429546466 -0.00240910457047948 -5.26018708710047 689.539493223304 564980330.831102
-0.2815 -0.00276553931730626 -0.00297126804383823 -5.26044733574548 689.464429050299 564978829.432981
-0.2816 -0.0023971864928473 -0.00297222290824884 -5.26142098410802 689.389364877294 564977125.975156
-0.2817 -0.00260763297669536 -0.00281154787228522 -5.26151546157921 689.314300704289 564976933.771982
-0.2818 -0.00252403887798873 -0.00263443759044881 -5.2623857107963 689.239236531284 564976560.723326
-0.2819 -0.00239051424787444 -0.0035647241870488 -5.26316676469431 689.164172358279 564975630.187385
-0.282 -0.00271799272413266 -0.00269152592287185 -5.26378469170722 689.089108185274 564974561.411136
-0.2821 -0.00308346936539804 -0.00285092848336705 -5.26486733524807 689.01404401227 564972399.283599
-0.2822 -0.00267628810838894 -0.00314846740929045 -5.26474310993737 688.938979839265 564974338.363345
-0.2823 -0.0021438217571411 -0.0029749559277449 -5.26501371054663 688.86391566626 564974216.173687
-0.2824 -0.00323607515243944 -0.00273613106038565 -5.26702464860623 688.788851493255 564970919.833316
-0.2825 -0.00266003265045051 -0.00296116454993536 -5.26739279313094 688.71378732025 564971069.189959
-0.2826 -0.00265637592559126 -0.0032386100364754 -5.26860052245486 688.638723147245 564969430.292845
-0.2827 -0.00283244715355177 -0.00271614350341024 -5.2692404337847 688.56365897424 564968939.662307
-0.2828 -0.00174453729141604 -0.00323054062373864 -5.2703790863097 688.488594801235 564966692.363348
-0.2829 -0.00234694967220937 -0.00304363759499055 -5.27089390589114 688.41353062823 564965406.072057
-0.283 -0.00236448482719531 -0.00292591794181568 -5.27212324950679 688.338466455225 564963462.874955
-0.2831 -0.00297096712156255 -0.00298508636443746 -5.27290229579305 688.26340228222 564961934.543766
-0.2832 -0.00239124227928195 -0.00302901867936528 -5.27270177198034 688.188338109215 564962968.426195
-0.2833 -0.00273488786168406 -0.00332794523945117 -5.2743819087019 688.11327393621 564959446.055689
-0.2834 -0.00231708923436232 -0.00271493158172211 -5.27496562635414 688.038209763205 564959289.249306
-0.2835 -0.00326249757887703 -0.00247028190489807 -5.27529415570872 687.9631455902 564958708.571265
-0.2836 -0.0031218082327903 -0.00305641005906519 -5.27665858164643 687.888081417196 564957870.294048
-0.2837 -0.0023693311647637 -0.00261423536190772 -5.2766456333945 687.813017244191 564958404.533883
-0.2838 -0.00263534079891025 -0.00344580358185345 -5.27794992188146 687.737953071186 564955638.399557
-0.2839 -0.00288960550538264 -0.0025265922963447 -5.278126019969 687.662888898181 564956677.945597
-0.284 -0.00244714732220238 -0.00304730394552075 -5.27900063883806 687.587824725176 564954279.727499
-0.2841 -0.00298874867691872 -0.00223861524934231 -5.2807278688943 687.512760552171 564951614.845236
-0.2842 -0.00251398769500474 -0.00315617918776942 -5.28232315345955 687.437696379166 564948688.773703
-0.2843 -0.00302873812343114 -0.00302400440555382 -5.28274716959551 687.362632206161 564949967.299779
-0.2844 -0.0025776872726835 -0.00260276554811402 -5.2834216500714 687.287568033156 564949822.652464
-0.2845 -0.00286527248226686 -0.00306084424953694 -5.28377488088349 687.212503860151 564948516.728024
-0.2846 -0.00298653051320841 -0.00295237228738586 -5.28426806312861 687.137439687146 564947619.852037
-0.2847 -0.00213675146370083 -0.00308268184270684 -5.28514280465309 687.062375514141 564948355.314159
-0.2848 -0.00279611963734045 -0.00243820821217919 -5.28662237756129 686.987311341136 564945060.891376
-0.2849 -0.00308044523071463 -0.00340147608802448 -5.28753666936861 686.912247168131 564943959.569541
-0.285 -0.00255827394013832 -0.00257004558260765 -5.28700953591442 686.837182995127 564944418.099557
-0.2851 -0.00253182671001882 -0.00313617752017988 -5.28780119065172 686.762118822121 564943222.26359
-0.2852 -0.00282904036208235 -0.00314019238608035 -5.28834395685106 686.687054649117 564942240.522601
-0.2853 -0.00302650024730188 -0.0028939765250466 -5.28901139095782 686.611990476112 564942726.963035
-0.2854 -0.00229869616751513 -0.0028655737148026 -5.28983461742386 686.536926303107 564941753.287929
-0.2855 -0.00278733576029419 -0.00286250480473691 -5.29060235260311 686.461862130102 564939329.355252
-0.2856 -0.00329814275142426 -0.00312123984652665 -5.29069062840013 686.386797957097 564938988.518239
-0.2857 -0.00230223333689271 -0.00296285085848815 -5.29137361764242 686.311733784092 564939845.462942
-0.2858 -0.00278537865391495 -0.00271347562467021 -5.29206008635472 686.236669611087 564937376.540882
-0.2859 -0.00253033749182775 -0.00296431757799111 -5.29329420004748 686.161605438082 564935610.803431
-0.286 -0.00238865512563603 -0.00317831178768961 -5.29383391761519 686.086541265077 564934324.773651
-0.2861 -0.00339444113585677 -0.00233062854602118 -5.29460533493882 686.011477092072 564933569.328233
-0.2862 -0.00202165740545113 -0.00339389814875506 -5.29405724304451 685.936412919067 564935866.091397
-0.2863 -0.0022994557503858 -0.00249309832215046 -5.29532857202098 685.861348746062 564934767.999825
-0.2864 -0.00267583461080135 -0.00310681812030683 -5.29611199869829 685.786284573057 564930444.275471
-0.2865 -0.00315219540562192 -0.0024160168315896 -5.29700690270885 685.711220400053 564931617.483991
-0.2866 -0.00303978823539095 -0.00256399438642028 -5.29706543168569 685.636156227048 564929749.296956
-0.2867 -0.00271630969318754 -0.00329426234237548 -5.29796968729799 685.561092054043 564928913.246782
-0.2868 -0.00286452620228247 -0.0028790831436221 -5.29818497354521 685.486027881038 564928803.001155
-0.2869 -0.00224240627985317 -0.00279824868062833 -5.29874582297491 685.410963708033 564928866.28471
-0.287 -0.00316524816685922 -0.00285971411842452 -5.29937058428616 685.335899535028 564926960.106441
-0.2871 -0.00288476544546264 -0.00321306010320028 -5.29922363341586 685.260835362023 564927675.436059
-0.2872 -0.00216163795146121 -0.00294721334787895 -5.30044883976898 685.185771189018 564927140.990398
-0.2873 -0.00309990677041973 -0.00258570116025352 -5.30060374018091 685.110707016013 564926044.287818
-0.2874 -0.00268136459439617 -0.00296267427762616 -5.30185707024366 685.035642843008 564925253.34335
-0.2875 -0.00276265232131631 -0.00288093688482253 -5.30197186894512 684.960578670003 564924228.780388
-0.2876 -0.0029919627487283 -0.0026993668130334 -5.30302735268523 684.885514496998 564924106.320213
-0.2877 -0.00289279781825101 -0.00260361356423188 -5.30391177474194 684.810450323993 564924199.315523
-0.2878 -0.00209998227557908 -0.00371867328682235 -5.30425623712522 684.735386150988 564922383.664165
-0.2879 -0.00302511711811522 -0.00262644313543829 -5.30473158446098 684.660321977983 564922080.485952
-0.288 -0.0027715039768246 -0.00270825197257617 -5.30519000116565 684.585257804978 564921736.072989
-0.2881 -0.00299422048143142 -0.00275336833987358 -5.30605155199211 684.510193631974 564920573.498518
-0.2882 -0.00241591933769086 -0.00294257190892682 -5.30683304863118 684.435129458969 564919380.255315
-0.2883 -0.00341674690951751 -0.00273615393484709 -5.30657959085108 684.360065285964 564920800.339152
-0.2884 -0.00228993569299483 -0.0035044406781552 -5.30771752386623 684.285001112959 564918774.529237
-0.2885 -0.00233340525873219 -0.00283904677794983 -5.30821983741079 684.209936939954 564917567.877362
-0.2886 -0.00293384848668369 -0.00295996141911092 -5.30920669532132 684.134872766949 564915562.498752
-0.2887 -0.00303150956890811 -0.00235236887119325 -5.30979692759478 684.059808593944 564914712.229653
-0.2888 -0.00240284111586985 -0.00334042988889198 -5.31032197333666 683.984744420939 564914786.957911
-0.2889 -0.00241541820001201 -0.00311642671830363 -5.31025128854287 683.909680247934 564915342.83896
-0.289 -0.00287121699535103 -0.00333023344173914 -5.31172849279092 683.834616074929 564913552.416941
-0.2891 -0.00201431682145635 -0.00292690501864125 -5.31184987765856 683.759551901924 564914048.943645
-0.2892 -0.00312767499346813 -0.00275359125901891 -5.31306102930822 683.684487728919 564910444.193699
-0.2893 -0.00309321304536694 -0.00270505147552087 -5.31346564628183 683.609423555914 564910552.044899
-0.2894 -0.00310838169470268 -0.00306914527248206 -5.31305839211744 683.53435938291 564911946.998579
-0.2895 -0.0026040528162545 -0.00260150495238746 -5.31356222423685 683.459295209904 564913105.109721
-0.2896 -0.00334984470815545 -0.00329193640185945 -5.31472627909128 683.3842310369 564910172.762631
-0.2897 -0.00242891886840557 -0.00332168269584339 -5.31485118337993 683.309166863895 564909952.128995
-0.2898 -0.00303514418352552 -0.00321861003000132 -5.31573555879775 683.23410269089 564907688.900643
-0.2899 -0.00269322270250427 -0.00298311692908933 -5.31618710544249 683.159038517885 564908324.796153
-0.29 -0.00282837858892215 -0.00297614087222134 -5.31670074408782 683.08397434488 564908286.966746
-0.2901 -0.00348006525542508 -0.00240393621778735 -5.3172885594844 683.008910171875 564907235.151482
-0.2902 -0.00272928968873042 -0.0030660689016287 -5.31705203047797 682.93384599887 564910357.225965
-0.2903 -0.00280059228075823 -0.00243730643236998 -5.3168457497947 682.858781825865 564909916.547794
-0.2904 -0.00322736719977842 -0.00305512427395325 -5.31714406941918 682.78371765286 564908640.895929
-0.2905 -0.0025652345108426 -0.00249485431414332 -5.31719754445558 682.708653479855 564908855.542542
-0.2906 -0.00310824677429231 -0.00282334700395896 -5.31808772235126 682.63358930685 564906346.036613
-0.2907 -0.00263865106561046 -0.00325331405540008 -5.31857538691189 682.558525133845 564906076.270541
-0.2908 -0.00312881893212892 -0.00289749795621442 -5.31888573183691 682.48346096084 564906871.642844
-0.2909 -0.00314239131081952 -0.00259400057463855 -5.3196112173069 682.408396787835 564906654.627092
-0.291 -0.00205170582749472 -0.00319989322812628 -5.31999824808273 682.333332614831 564906804.394613
-0.2911 -0.00300784124181643 -0.00312763182042327 -5.32004398616231 682.258268441826 564904778.325068
-0.2912 -0.0028787576169281 -0.00253269839358148 -5.32060123741196 682.183204268821 564904653.018232
-0.2913 -0.00371952156648564 -0.00312254142743832 -5.32110493644358 682.108140095816 564902243.938115
-0.2914 -0.00299664973187272 -0.00278340952385276 -5.32083786016647 682.033075922811 564905533.063601
-0.2915 -0.00277887390552137 -0.00324779114337648 -5.32088459191709 681.958011749806 564905751.412628
-0.2916 -0.00263477257513338 -0.00282440400702262 -5.32151054478737 681.882947576801 564905433.28969
-0.2917 -0.00304817583414605 -0.00284539626343071 -5.32249053471882 681.807883403796 564903284.817837
-0.2918 -0.00273691789092212 -0.00302467168905147 -5.32343084877343 681.732819230791 564901042.734076
-0.2919 -0.00244039249706504 -0.00280144668324667 -5.32340974724299 681.657755057786 564901257.033948
-0.292 -0.00314489540527195 -0.00284080712705769 -5.32388221636771 681.582690884781 564901020.517933
-0.2921 -0.00257062576340886 -0.00318479745240143 -5.32395061582692 681.507626711776 564901871.21752
-0.2922 -0.00247377831802918 -0.0030891314158836 -5.32475992231277 681.432562538771 564902095.516448
-0.2923 -0.00264605542745803 -0.00265589377517402 -5.32438833750223 681.357498365767 564902141.159466
-0.2924 -0.00265985285410494 -0.00301758136449305 -5.32567725840924 681.282434192761 564898958.667301
-0.2925 -0.00295513445184908 -0.00257087031185864 -5.32513361616637 681.207370019757 564900301.272943
-0.2926 -0.00225683217212315 -0.00348056008859033 -5.32493595469204 681.132305846752 564900391.783004
-0.2927 -0.00278187529742251 -0.00325458922372506 -5.3254818086695 681.057241673747 564899626.565364
-0.2928 -0.00274222052330869 -0.00257823776529237 -5.32617874509564 680.982177500742 564900142.376924
-0.2929 -0.0027094775009746 -0.00351681315829729 -5.32665229979415 680.907113327737 564898755.424135
-0.293 -0.00295340905880005 -0.00267818760754979 -5.32702131955664 680.832049154732 564899816.651339
-0.2931 -0.00280330670851811 -0.0033520047416934 -5.32715822319461 680.756984981727 564898764.382422
-0.2932 -0.00264485176882639 -0.00265912465316786 -5.32657896457037 680.681920808722 564901547.764565
-0.2933 -0.00301939732076794 -0.00291326179459282 -5.32699250292416 680.606856635717 564898967.458839
-0.2934 -0.00266024270245276 -0.00313381129646234 -5.3274485008113 680.531792462712 564899864.958093
-0.2935 -0.0028366120393381 -0.00323094198029959 -5.3286896186786 680.456728289707 564898653.772935
-0.2936 -0.00203684551080155 -0.00325139540143729 -5.32888971263139 680.381664116702 564898549.16704
-0.2937 -0.00255503396185204 -0.0028968691419373 -5.32921524456682 680.306599943697 564899010.252306
-0.2938 -0.0034049594408845 -0.00287623263755594 -5.3295188482785 680.231535770693 564896817.155484
-0.2939 -0.00248995074980846 -0.00252781369705255 -5.33002009097338 680.156471597688 564898617.27384
-0.294 -0.00324455726434222 -0.00300033954531116 -5.33005217228034 680.081407424683 564896843.09384
-0.2941 -0.00227901921476311 -0.00344786769792474 -5.33024723915919 680.006343251678 564898286.51637
-0.2942 -0.00242818185391815 -0.00321768473362239 -5.3309286818032 679.931279078673 564897452.202343
-0.2943 -0.00272955222942502 -0.00317898370513883 -5.33175310419246 679.856214905668 564896421.798156
-0.2944 -0.00316685816864279 -0.00208161766254795 -5.33254615557434 679.781150732663 564895660.220991
-0.2945 -0.00293845259468303 -0.00309273601721099 -5.33384650374636 679.706086559658 564892863.856596
-0.2946 -0.00284079811071238 -0.00333103113568478 -5.33453474547347 679.631022386653 564891150.93921
-0.2947 -0.00332063716489333 -0.00206154038906251 -5.33412693784804 679.555958213648 564892714.774878
-0.2948 -0.0028747961384726 -0.00287329653916147 -5.33520936682597 679.480894040643 564890645.309461
-0.2949 -0.00261499581023246 -0.00346783930164192 -5.33527952552642 679.405829867638 564891462.573221
-0.295 -0.00245225538207027 -0.00281672899921717 -5.33607527556085 679.330765694633 564890785.161201
-0.2951 -0.00293100196582988 -0.00306746404727121 -5.33701884487334 679.255701521628 564888955.010228
-0.2952 -0.00295827818110569 -0.00333989002207541 -5.33758948657649 679.180637348623 564888498.331056
-0.2953 -0.00282605901907128 -0.00283816804999111 -5.33788665693525 679.105573175618 564889057.992819
-0.2954 -0.00298001549905173 -0.00293779375448635 -5.33857420065283 679.030509002614 564886806.99968
-0.2955 -0.0026270500954866 -0.00286539880340791 -5.33992551848346 678.955444829609 564885800.02502
-0.2956 -0.00291961427195126 -0.00305869610199993 -5.34022288203953 678.880380656604 564886118.778739
-0.2957 -0.00304589389804849 -0.00247665201975827 -5.34043408197217 678.805316483599 564887156.297629
-0.2958 -0.00257118607243805 -0.00282789633641085 -5.34088255168104 678.730252310594 564885863.236729
-0.2959 -0.00288647752662906 -0.00252107219786353 -5.34204831003083 678.655188137589 564883414.771617
-0.296 -0.0021938379878932 -0.00322003637473048 -5.34343562809158 678.580123964584 564880475.628747
-0.2961 -0.00239258021481026 -0.00311141985098985 -5.34382556021261 678.505059791579 564880714.925475
-0.2962 -0.00298802488479668 -0.00274419269631797 -5.34434338483543 678.429995618574 564880741.675559
-0.2963 -0.00282993097587378 -0.00322603936759624 -5.34521926533302 678.354931445569 564879893.880759
-0.2964 -0.00272475710140555 -0.00279169506541168 -5.34590112580583 678.279867272564 564880303.392016
-0.2965 -0.00268427611178844 -0.00317526963990317 -5.34593577446202 678.204803099559 564878648.875957
-0.2966 -0.00297152401849183 -0.00295562662846592 -5.3468061615061 678.129738926554 564876733.281765
-0.2967 -0.00285707504096805 -0.0027127190251422 -5.34674885902526 678.05467475355 564876902.179979
-0.2968 -0.00310228277951438 -0.00281434715345424 -5.34752028382747 677.979610580544 564876688.544852
-0.2969 -0.00282720358298056 -0.00303265296548119 -5.34820663311562 677.90454640754 564875139.767239
-0.297 -0.00281221086539028 -0.00277944627408637 -5.34793482361328 677.829482234535 564876729.109611
-0.2971 -0.00294648702014599 -0.00306244636003492 -5.34810335849015 677.75441806153 564876197.153843
-0.2972 -0.00271638246381519 -0.0028483773113461 -5.34901327325196 677.679353888525 564875796.092975
-0.2973 -0.00294355818473016 -0.00260401936162704 -5.34925381623108 677.60428971552 564875782.783468
-0.2974 -0.00244825523823034 -0.0033219395703209 -5.35044983850669 677.529225542515 564872953.762742
-0.2975 -0.0026452443057987 -0.00275496538146742 -5.35060505156712 677.45416136951 564872341.119606
-0.2976 -0.00242349923209508 -0.0031245910169044 -5.35164163620885 677.379097196505 564872463.873931
-0.2977 -0.00313911428132817 -0.00293149945275975 -5.35225528785288 677.3040330235 564870644.130406
-0.2978 -0.0022825937223727 -0.00289551416121213 -5.35319364887243 677.228968850495 564869896.07542
-0.2979 -0.00301517866266978 -0.00276238475890517 -5.35365679242106 677.15390467749 564868699.982713
-0.298 -0.00274403602322656 -0.00322543821375696 -5.35449635714712 677.078840504485 564869271.643806
-0.2981 -0.00302179575091051 -0.00241578145056555 -5.35492342115458 677.00377633148 564869671.382155
-0.2982 -0.00329281486017267 -0.00290766013688282 -5.35518452216085 676.928712158475 564868930.025358
-0.2983 -0.00310908574010763 -0.00322856221746156 -5.35577026452328 676.853647985471 564868376.737809
-0.2984 -0.00265129965342509 -0.00295955142072858 -5.35583228617985 676.778583812466 564868799.843046
-0.2985 -0.00314138736317723 -0.00235868240586497 -5.35658915001005 676.703519639461 564867406.188558
-0.2986 -0.00280393897649709 -0.00273458814997341 -5.35763404678675 676.628455466456 564865767.393281
-0.2987 -0.00293251535398935 -0.00333426132684383 -5.35828280474585 676.553391293451 564863600.056069
-0.2988 -0.00249387197411896 -0.00283183268393517 -5.35864920866079 676.478327120446 564864344.667635
-0.2989 -0.00287361730694759 -0.00298166624971652 -5.35945507225093 676.403262947441 564862488.583767
-0.299 -0.00288695828156037 -0.00252794184486968 -5.36018378592007 676.328198774436 564862783.701104
-0.2991 -0.0031644642067071 -0.00299647342452576 -5.36058544937661 676.253134601431 564861736.713595
-0.2992 -0.00315687261486467 -0.00300990827420881 -5.36092926282048 676.178070428426 564862735.572984
-0.2993 -0.00270791399463673 -0.00329262538758925 -5.36157787372859 676.103006255421 564861693.482464
-0.2994 -0.00286900390495424 -0.00258093154402265 -5.361758550123 676.027942082416 564861166.502104
-0.2995 -0.00269270530623225 -0.00332025427468224 -5.36261239856175 675.952877909411 564860397.390373
-0.2996 -0.00331479005482085 -0.00271521509820363 -5.36282236496449 675.877813736406 564860117.304896
-0.2997 -0.00296916939779947 -0.00292449604735136 -5.36337751981746 675.802749563401 564859758.701316
-0.2998 -0.00298272183764972 -0.003041468220368 -5.36329222223329 675.727685390397 564860739.701974
-0.2999 -0.00291134320588242 -0.00314096056847086 -5.36435640487284 675.652621217392 564859302.540509
-0.3 -0.00235195002619488 -0.0029719212190212 -5.36507660265358 675.577557044387 564858108.275091
-0.3001 -0.00280129121367646 -0.003210254322429 -5.36583115331865 675.502492871382 564855983.764726
-0.3002 -0.00293424563122227 -0.00316539601643154 -5.36580683626696 675.427428698377 564856477.789873
-0.3003 -0.00225262071984387 -0.0030057929428556 -5.36581717478929 675.352364525372 564856803.651112
-0.3004 -0.00317559227324067 -0.00296319378975831 -5.36668947920581 675.277300352367 564854621.147506
-0.3005 -0.00281231870638724 -0.00297671705351962 -5.36689732895177 675.202236179362 564854941.39395
-0.3006 -0.0031270821751864 -0.00260033645432862 -5.36712455182133 675.127172006357 564855263.034301
-0.3007 -0.00269954689619335 -0.00303704936152906 -5.36755180444812 675.052107833352 564854290.63162
-0.3008 -0.00239820362991054 -0.00305521009254974 -5.36834980376774 674.977043660347 564853147.588543
-0.3009 -0.0031358901307074 -0.00294374756597408 -5.36834266262262 674.901979487342 564852994.0215
-0.301 -0.00311431467593407 -0.00290081884491714 -5.36914471813893 674.826915314337 564851523.45445
-0.3011 -0.00288445733787937 -0.00295182994777076 -5.36938075254433 674.751851141333 564853273.00333
-0.3012 -0.0028349947313373 -0.00309193123409276 -5.37042019908189 674.676786968328 564851799.192515
-0.3013 -0.00257662433185744 -0.00291739421277132 -5.370990522351 674.601722795323 564851320.556837
-0.3014 -0.00279660169924974 -0.00337778106480066 -5.37181392768772 674.526658622318 564850092.032121
-0.3015 -0.00337699490448997 -0.0030634776562637 -5.37144975051534 674.451594449313 564850559.56583
-0.3016 -0.00329023028866139 -0.0029382476202634 -5.37114986824134 674.376530276308 564852502.166813
-0.3017 -0.00313445708695953 -0.00332107679444837 -5.37146801573874 674.301466103303 564851974.239204
-0.3018 -0.00208341397330948 -0.00308684629507952 -5.37183620285769 674.226401930298 564852024.925644
-0.3019 -0.00302374109639492 -0.00310291471119153 -5.37270695747007 674.151337757293 564851474.44649
-0.302 -0.00319219397055004 -0.00271059436329899 -5.37257695968406 674.076273584288 564851290.250634
-0.3021 -0.00231641512550559 -0.00293421325647092 -5.37368695289087 674.001209411283 564848962.873752
-0.3022 -0.00307694357874575 -0.00248331575340222 -5.37429153648531 673.926145238278 564847532.572637
-0.3023 -0.00216718096847935 -0.00364910624727366 -5.37451058960231 673.851081065273 564847685.691848
-0.3024 -0.0035416535201007 -0.0027188635949326 -5.37527099284116 673.776016892268 564845966.354342
-0.3025 -0.00249858991229989 -0.00294096761799672 -5.37441763058281 673.700952719263 564849018.295705
-0.3026 -0.00275047183368128 -0.00313820739412924 -5.37604163343235 673.625888546258 564845793.725212
-0.3027 -0.00320013102129471 -0.00265728605883488 -5.37593314139439 673.550824373254 564845507.669431
-0.3028 -0.00280971119372187 -0.00317711965241175 -5.37712056441307 673.475760200249 564843644.239577
-0.3029 -0.00304211439178372 -0.00309997316013248 -5.37683459615534 673.400696027244 564844813.017677
-0.303 -0.00296700219609782 -0.00272154684927286 -5.37783859172344 673.325631854239 564844368.598786
-0.3031 -0.0025435431557627 -0.00310589545633468 -5.37820455778074 673.250567681234 564843928.296391
-0.3032 -0.00273461573269211 -0.00333229712356766 -5.37909936160903 673.175503508229 564841987.147544
-0.3033 -0.00297636335485557 -0.00259517913837029 -5.38030396799804 673.100439335224 564842635.961448
-0.3034 -0.00378276318749224 -0.00268890676824528 -5.38016293582135 673.025375162219 564841575.25396
-0.3035 -0.00193891017690935 -0.00348002723006845 -5.38139747366803 672.950310989214 564840926.021151
-0.3036 -0.00299434165197485 -0.00271491917374875 -5.38141814797948 672.875246816209 564839754.720912
-0.3037 -0.00273975916832698 -0.00321543380699433 -5.38172600500108 672.800182643204 564838872.236927
-0.3038 -0.00308038329075431 -0.00283729695837885 -5.38184706196071 672.725118470199 564840307.327057
-0.3039 -0.00226981438467948 -0.00336321232108246 -5.38207013635886 672.650054297194 564840486.050168
-0.304 -0.00276884522238045 -0.00353801754788238 -5.38287196689989 672.57499012419 564838451.913214
-0.3041 -0.00284028138537853 -0.00215379422758483 -5.38373574087485 672.499925951184 564839601.764143
-0.3042 -0.00304460949157236 -0.00337857023455306 -5.38429558841887 672.42486177818 564835845.30232
-0.3043 -0.00239004162080916 -0.00307239561793172 -5.38471995181568 672.349797605175 564836946.052845
-0.3044 -0.00298728298247192 -0.00333413701772713 -5.38518945428517 672.27473343217 564834736.325131
-0.3045 -0.0033834625706658 -0.00300208968003279 -5.38470404970868 672.199669259165 564837286.739816
-0.3046 -0.00274042376777305 -0.00363804253194651 -5.38424235992967 672.12460508616 564838355.612213
-0.3047 -0.00318357186685535 -0.00267198983917825 -5.38482239533171 672.049540913155 564839131.654645
-0.3048 -0.00275606410745089 -0.00312090504061014 -5.38511939961991 671.97447674015 564838084.830856
-0.3049 -0.0026021798041541 -0.00319977162135249 -5.38592384008106 671.899412567145 564836010.43503
-0.305 -0.00305675707840111 -0.00329523326691998 -5.38632590669874 671.82434839414 564836071.394343
-0.3051 -0.00321249173112545 -0.00246887813914334 -5.38649247774308 671.749284221135 564835373.84404
-0.3052 -0.00271056718564677 -0.00326431148714988 -5.38684430172152 671.67422004813 564835623.933552
-0.3053 -0.00323017529258608 -0.00335695005814303 -5.38723738448958 671.599155875125 564835502.201238
-0.3054 -0.0021210373641772 -0.00326764021300944 -5.38662272525483 671.52409170212 564838416.193021
-0.3055 -0.0031957488731959 -0.00276754949779532 -5.38724735171263 671.449027529115 564835417.955815
-0.3056 -0.00256054655615253 -0.0034999091108223 -5.38803632452248 671.373963356111 564833349.668661
-0.3057 -0.0025406713562012 -0.00303678617932713 -5.38832731976879 671.298899183106 564833647.388171
-0.3058 -0.0034320151941265 -0.00281140032579441 -5.38817373663622 671.223835010101 564832958.959073
-0.3059 -0.00288809640524574 -0.00313366313445736 -5.38810564277909 671.148770837096 564834460.523703
-0.306 -0.00333137447120016 -0.00249158508394574 -5.38800666499778 671.073706664091 564835525.111265
-0.3061 -0.0027030012821452 -0.00316458078793348 -5.38823455790438 670.998642491086 564835774.605485
-0.3062 -0.00324949919870474 -0.00312736097573333 -5.38921866249596 670.923578318081 564832230.896687
-0.3063 -0.00302303409031873 -0.00293335244874943 -5.38865137333534 670.848514145076 564835652.690009
-0.3064 -0.00293789998628246 -0.00288905072430499 -5.38924806872424 670.773449972071 564833728.565584
-0.3065 -0.00303107133412031 -0.00259890431175426 -5.38896710320339 670.698385799066 564834817.695019
-0.3066 -0.00291185347744423 -0.00313243292834304 -5.3902369212141 670.623321626061 564832817.487943
-0.3067 -0.00277646608333887 -0.00250033136040015 -5.39009324368347 670.548257453056 564834182.40745
-0.3068 -0.00265743766629147 -0.00286631884609262 -5.39046519492559 670.473193280051 564832176.197883
-0.3069 -0.00342899226866125 -0.00297769535199447 -5.39115632770327 670.398129107046 564830172.113701
-0.307 -0.00301726037707135 -0.00231177913152125 -5.39130559084244 670.323064934041 564832470.719427
-0.3071 -0.00216138337780447 -0.00372209730142447 -5.39184099854033 670.248000761037 564831031.497566
-0.3072 -0.00297683949133349 -0.0027291747239483 -5.39215161177612 670.172936588032 564831060.225036
-0.3073 -0.00218353961713781 -0.00340713762732772 -5.39313196787126 670.097872415027 564829933.763208
-0.3074 -0.00319623752628455 -0.00305739558420417 -5.3932813969605 670.022808242022 564828569.175498
-0.3075 -0.0031673571446769 -0.00292687339173044 -5.39401770336645 669.947744069017 564827929.179112
-0.3076 -0.00216366396930216 -0.00343875930120794 -5.39432488437881 669.872679896012 564827799.971
-0.3077 -0.00292445047990264 -0.00310179401505332 -5.39519191338658 669.797615723007 564826881.487948
-0.3078 -0.00274547800212624 -0.00385049278797266 -5.39490591480223 669.722551550002 564827688.215799
-0.3079 -0.00319143429902077 -0.00284542795082071 -5.3947357321622 669.647487376997 564829209.70643
-0.308 -0.00268391714396348 -0.00363381288642679 -5.39541425176076 669.572423203992 564828456.386551
-0.3081 -0.00244432531198601 -0.00282289543938255 -5.39555508961718 669.497359030987 564828290.501505
-0.3082 -0.00248487720136415 -0.00341091587757361 -5.39634657293906 669.422294857982 564826002.69122
-0.3083 -0.00291601334850943 -0.0024698368770876 -5.39572476160862 669.347230684977 564827536.538297
-0.3084 -0.00317472202736965 -0.00310071349609462 -5.39619307932455 669.272166511973 564826095.712132
-0.3085 -0.00324957778917068 -0.0027680480361617 -5.39636062951787 669.197102338967 564826651.135985
-0.3086 -0.00278884013004426 -0.00293985250695942 -5.3967789336715 669.122038165963 564827332.7304
-0.3087 -0.00318037160729307 -0.00323290729906329 -5.39713584615967 669.046973992958 564825398.296811
-0.3088 -0.00245437983942545 -0.00320032045441154 -5.3971909964456 668.971909819953 564825628.563907
-0.3089 -0.00288295432608458 -0.00275638332398823 -5.39850184167049 668.896845646948 564824227.073117
-0.309 -0.00319878012492236 -0.00366858981748192 -5.39832543257275 668.821781473943 564823907.834852
-0.3091 -0.00279014981683355 -0.00324947476328349 -5.39777779896658 668.746717300938 564826330.696732
-0.3092 -0.00279717684401373 -0.00324603107864121 -5.39857551149588 668.671653127933 564825293.494591
-0.3093 -0.00283288222746302 -0.00297474867184156 -5.39851586283902 668.596588954928 564826220.28934
-0.3094 -0.00314811977051469 -0.0029016346952819 -5.39872832396572 668.521524781923 564824424.838303
-0.3095 -0.00261097491320883 -0.00343200460146456 -5.39846095554275 668.446460608918 564825157.227652
-0.3096 -0.00360613052006743 -0.00273947582350426 -5.39850138894973 668.371396435913 564824013.849978
-0.3097 -0.00303684915296846 -0.00291492384291117 -5.39890527137133 668.296332262908 564824064.38994
-0.3098 -0.00298692035867037 -0.00335235505599142 -5.39809973629268 668.221268089903 564825780.420258
-0.3099 -0.00295581115632061 -0.00326405511660425 -5.39813151127868 668.146203916898 564825724.221824
-0.31 -0.00255758979371451 -0.00305417235214864 -5.39838392256183 668.071139743894 564826579.033541
-0.3101 -0.00245853277960294 -0.0038006040657436 -5.39853684013563 667.996075570889 564825541.624966
-0.3102 -0.00324945712731923 -0.00266342956053519 -5.39885348665835 667.921011397884 564824918.229481
-0.3103 -0.00269941686401004 -0.00299666024571542 -5.39947918406176 667.845947224879 564824878.386856
-0.3104 -0.00357455166724578 -0.00306462449123869 -5.39922359445731 667.770883051874 564824733.328754
-0.3105 -0.00267130811509984 -0.00345855345253674 -5.39896605572388 667.695818878869 564826753.744428
-0.3106 -0.00316765830325975 -0.00257371934741607 -5.39882405241728 667.620754705864 564827822.131806
-0.3107 -0.00242709585864135 -0.0026016824836032 -5.39930058622764 667.545690532859 564826285.08947
-0.3108 -0.00319466796783623 -0.00323732669568322 -5.39997176576086 667.470626359854 564822833.656836
-0.3109 -0.00328338583069159 -0.00237782075829035 -5.40078395430327 667.395562186849 564823635.330374
-0.311 -0.00271349734707692 -0.003053686068914 -5.40075619601028 667.320498013844 564823996.640304
-0.3111 -0.00272134138162836 -0.00310595388007617 -5.40131162993524 667.245433840839 564823486.696623
-0.3112 -0.00297195488100031 -0.00288471406016378 -5.40114636858846 667.170369667834 564823875.068163
-0.3113 -0.00304704273442235 -0.0029530153954121 -5.40134341454266 667.09530549483 564822646.546053
-0.3114 -0.0027217130585862 -0.00296552775013411 -5.40161900162554 667.020241321824 564822525.911078
-0.3115 -0.00290798065878059 -0.0031669698516797 -5.40140548758173 666.94517714882 564823687.166734
-0.3116 -0.00297313345373363 -0.00335291961854607 -5.4025439465592 666.870112975815 564821676.563001
-0.3117 -0.00311724448559494 -0.0029729226497602 -5.40213902473703 666.79504880281 564823997.717835
-0.3118 -0.00284187640408765 -0.00285354920248452 -5.40243712688574 666.719984629805 564824013.038449
-0.3119 -0.00290811257642843 -0.00307327998001794 -5.40299263988641 666.6449204568 564822258.53589
-0.312 -0.00278804810421798 -0.00362952673533155 -5.40240065431167 666.569856283795 564821350.152755
-0.3121 -0.00318811517797951 -0.00290059259077051 -5.40246559599285 666.49479211079 564822919.132717
-0.3122 -0.00331686674288601 -0.00333333409978134 -5.40255338409661 666.419727937785 564822492.363297
-0.3123 -0.00257182700582702 -0.00311522524063238 -5.40271352399192 666.34466376478 564825276.636362
-0.3124 -0.00324701438700681 -0.0037144045662581 -5.40389486124927 666.269599591775 564821009.995845
-0.3125 -0.00279845802141342 -0.00256612294026301 -5.40340751860339 666.19453541877 564823375.115495
-0.3126 -0.00312658280107019 -0.00333439198860421 -5.40284290478342 666.119471245765 564823667.364312
-0.3127 -0.00293895301152429 -0.00287411878195256 -5.40298460473771 666.04440707276 564823100.505795
-0.3128 -0.00309519015486023 -0.00285261454981558 -5.40319146115101 665.969342899755 564822192.5355
-0.3129 -0.00327761063972782 -0.00284233569933183 -5.40403938886729 665.894278726751 564822706.650891
-0.313 -0.00238820144836728 -0.0033389962030969 -5.40397887674934 665.819214553745 564823872.522287
-0.3131 -0.002752768036849 -0.00329438557539456 -5.40402245222944 665.744150380741 564823820.276337
-0.3132 -0.00348854385363358 -0.00267757254803932 -5.40339101909819 665.669086207736 564824076.02151
-0.3133 -0.00234223253565194 -0.00297872352917843 -5.40339603926511 665.594022034731 564824444.660606
-0.3134 -0.00331850541404996 -0.00280577282630154 -5.40416179073626 665.518957861726 564821464.825288
-0.3135 -0.00283079669045511 -0.00275122338260888 -5.40378476748208 665.443893688721 564823158.323076
-0.3136 -0.00250277927710105 -0.00355683554601967 -5.40406247638755 665.368829515716 564823212.749104
-0.3137 -0.00286399616169114 -0.0027850001560942 -5.40360366098544 665.293765342711 564824246.316328
-0.3138 -0.00294704699583105 -0.00290990723329833 -5.40307836795911 665.218701169706 564826581.247881
-0.3139 -0.00280821005777503 -0.003426633168234 -5.40453507144735 665.143636996701 564823253.658836
-0.314 -0.00305478352645498 -0.00299571459366739 -5.40436411935682 665.068572823696 564822724.208668
-0.3141 -0.00293747315729962 -0.00281652187419403 -5.40487155486158 664.993508650691 564822179.685372
-0.3142 -0.00290425605962555 -0.00352936662198351 -5.4045477295214 664.918444477686 564823092.176638
-0.3143 -0.00351369591225267 -0.0026990299393452 -5.40506801989124 664.843380304681 564824298.689793
-0.3144 -0.0024030279897321 -0.00332331426282277 -5.40422964256349 664.768316131677 564825701.849485
-0.3145 -0.00291244635247958 -0.00313514369551796 -5.40444837357275 664.693251958672 564825198.688982
-0.3146 -0.00302355454320863 -0.00318391076798936 -5.40477866536001 664.618187785667 564822964.320098
-0.3147 -0.003099211073781 -0.0031811840452428 -5.40363016718432 664.543123612662 564825154.59476
-0.3148 -0.00291706696714672 -0.00320707775096019 -5.40398334874279 664.468059439657 564826147.689387
-0.3149 -0.00298433155824846 -0.00339986664762681 -5.40448234186488 664.392995266652 564826094.361506
-0.315 -0.00315650699100754 -0.00301867590859521 -5.40450567954153 664.317931093647 564826708.795018
-0.3151 -0.00251870482204041 -0.00310974068661481 -5.40424114183205 664.242866920642 564826525.427057
-0.3152 -0.00278184556198818 -0.00296288821126092 -5.40374796321881 664.167802747637 564826321.649287
-0.3153 -0.00228617418759933 -0.0040648671247579 -5.40375997880774 664.092738574632 564825726.178761
-0.3154 -0.00331388445990919 -0.00268334913456245 -5.40408280148583 664.017674401627 564826233.49587
-0.3155 -0.00342478321733064 -0.00344636914514541 -5.40398884377563 663.942610228622 564827173.388619
-0.3156 -0.0033232998773688 -0.00298849018581396 -5.40375037111714 663.867546055617 564828868.641241
-0.3157 -0.00255029294057106 -0.003551128702532 -5.40403352250144 663.792481882612 564827283.495706
-0.3158 -0.00298228930477463 -0.00308230715928188 -5.40379927040005 663.717417709607 564827085.254334
-0.3159 -0.00301413293007076 -0.00329213450191634 -5.40293219391917 663.642353536603 564827485.150539
-0.316 -0.00264308169842099 -0.00360964962216952 -5.40311373545524 663.567289363598 564827515.747121
-0.3161 -0.00288433756654969 -0.00249466878851004 -5.403143572071 663.492225190593 564829223.445886
-0.3162 -0.00277655479733299 -0.00344397567904886 -5.40380499015223 663.417161017588 564827689.62113
-0.3163 -0.00348248082986878 -0.00267736123880087 -5.40443591992826 663.342096844583 564827440.865327
-0.3164 -0.00267403951440458 -0.0028983718871422 -5.40394307314049 663.267032671578 564827819.196291
-0.3165 -0.00284029003452564 -0.00347644010368027 -5.40372507679469 663.191968498573 564827833.708657
-0.3166 -0.00273662027335196 -0.00301860225842103 -5.40353419547031 663.116904325568 564827539.371917
-0.3167 -0.00347221267997372 -0.00265382965983345 -5.40409966027404 663.041840152563 564825825.621736
-0.3168 -0.00267273557923387 -0.00336008468248706 -5.40431531286507 662.966775979558 564826517.607151
-0.3169 -0.00284666320833634 -0.00315231832050108 -5.40387575321379 662.891711806553 564828177.632823
-0.317 -0.00293236894595208 -0.00305874809413495 -5.40494742480534 662.816647633548 564828161.638821
-0.3171 -0.00319553357693023 -0.00244002273617444 -5.40483760582095 662.741583460543 564827894.705548
-0.3172 -0.00261464355869235 -0.00379899823011919 -5.40497243453783 662.666519287538 564825617.752112
-0.3173 -0.00300695192076629 -0.0025136282026106 -5.40499013179072 662.591455114534 564826999.023581
-0.3174 -0.00316825980126566 -0.00313534938920347 -5.40500033629384 662.516390941528 564826395.381198
-0.3175 -0.00257184756520319 -0.00361821256376984 -5.40439352748546 662.441326768524 564828087.114879
-0.3176 -0.00336212654125039 -0.00253047615466675 -5.40457386476881 662.366262595519 564827699.553228
-0.3177 -0.00287657289143623 -0.00290624743548932 -5.40474980306964 662.291198422514 564827507.978869
-0.3178 -0.00306299352353346 -0.0030849741939656 -5.40546652600734 662.216134249509 564826146.983012
-0.3179 -0.00347726107406176 -0.00248002796282186 -5.40501005448976 662.141070076504 564826418.99703
-0.318 -0.00190862374436816 -0.00375869257251033 -5.40552383037922 662.066005903499 564825286.402041
-0.3181 -0.00355937821683715 -0.00281585629309874 -5.40550806829587 661.990941730494 564824998.919753
-0.3182 -0.00254781233923561 -0.00357900291702871 -5.40598795413069 661.915877557489 564825905.659764
-0.3183 -0.00307551384771872 -0.00298067464713024 -5.40578459158834 661.840813384484 564825977.242708
-0.3184 -0.00322491949843089 -0.00304484325453162 -5.40570267265533 661.765749211479 564826051.050121
-0.3185 -0.00294318256675807 -0.0026667792431696 -5.40542288507891 661.690685038474 564826983.448389
-0.3186 -0.0034687375799332 -0.00316060940877704 -5.40489282397265 661.615620865469 564826241.984383
-0.3187 -0.00297208209801679 -0.00292334028361934 -5.40530282451459 661.540556692464 564827869.353968
-0.3188 -0.0029487642125396 -0.0034031735146912 -5.40676249196453 661.46549251946 564824918.981517
-0.3189 -0.00324528284852018 -0.00310980572503956 -5.40662974367765 661.390428346455 564826541.054811
-0.319 -0.0026686982801292 -0.00326568540431016 -5.40648773661521 661.31536417345 564825566.330577
-0.3191 -0.00358934394051181 -0.00255277805480542 -5.40627306978101 661.240300000445 564826871.656629
-0.3192 -0.00249203227864031 -0.00363864468688502 -5.40718799149857 661.16523582744 564824232.941572
-0.3193 -0.00336971668381246 -0.00260147926045445 -5.40783917872505 661.090171654435 564823969.677849
-0.3194 -0.00351678204379587 -0.00316508357138245 -5.40745854818541 661.01510748143 564824111.99662
-0.3195 -0.00280493150955866 -0.00319381072095139 -5.40724304112125 660.940043308425 564828023.994393
-0.3196 -0.0030160905256875 -0.00331414031289603 -5.4074143728493 660.86497913542 564825604.472229
-0.3197 -0.00340633594784502 -0.00302830978529575 -5.40776733897045 660.789914962415 564825755.40861
-0.3198 -0.00240241939525974 -0.00346788363142615 -5.40814012066967 660.71485078941 564824679.097886
-0.3199 -0.00304674475727739 -0.00279949738825449 -5.40828471784488 660.639786616405 564825017.734994
-0.32 -0.0026844225322386 -0.0038676488088638 -5.40835967105233 660.5647224434 564825407.074352
-0.3201 -0.00292282499859582 -0.00325285101469631 -5.4090696197289 660.489658270395 564825385.880716
-0.3202 -0.00237112563256285 -0.00383127449367516 -5.40864493145288 660.414594097391 564825950.093507
-0.3203 -0.00322939710741841 -0.00208379602622228 -5.40917992759538 660.339529924385 564825125.52567
-0.3204 -0.00263633972176399 -0.00302455341062188 -5.41029432210784 660.264465751381 564822055.96892
-0.3205 -0.00292332706506843 -0.00357105083093584 -5.41016420746294 660.189401578376 564821528.390288
-0.3206 -0.0033448621718608 -0.00263150589740252 -5.41085479513555 660.114337405371 564823089.955955
-0.3207 -0.00333094912122004 -0.00346890728373755 -5.41027117101827 660.039273232366 564822691.43461
-0.3208 -0.00242534551129788 -0.00288083930679572 -5.41062904724715 659.964209059361 564824382.971268
-0.3209 -0.00245913649753306 -0.00373410342699756 -5.41066170779791 659.889144886356 564822493.331902
-0.321 -0.0028930347481173 -0.0029418071975009 -5.41067470145174 659.814080713351 564822412.665046
-0.3211 -0.00338712648730063 -0.00279829150252977 -5.41088921422687 659.739016540346 564822185.164702
-0.3212 -0.0027364172577045 -0.00384760829778178 -5.41042989115758 659.663952367341 564821662.524465
-0.3213 -0.0025102262896621 -0.00308311765820852 -5.41094987718456 659.588888194336 564823264.158308
-0.3214 -0.00289507418056118 -0.00301203938721493 -5.41096870183862 659.513824021331 564822796.20727
-0.3215 -0.00342805522871488 -0.00301866554211548 -5.41021571065514 659.438759848326 564823359.510178
-0.3216 -0.00351930439718112 -0.00289221505850756 -5.41014772752737 659.363695675321 564823106.738335
-0.3217 -0.00225812152258129 -0.00315695295464634 -5.41092137282534 659.288631502317 564823385.340207
-0.3218 -0.00345766626152358 -0.00314083901987891 -5.41045091854149 659.213567329312 564822802.391799
-0.3219 -0.0029551546464228 -0.00283111316597147 -5.41040207840361 659.138503156307 564824784.668212
-0.322 -0.00325879509511382 -0.00302612528011091 -5.41038257542714 659.063438983302 564823324.445827
-0.3221 -0.00326221687896348 -0.00291149710825824 -5.4110030199502 658.988374810297 564822726.714762
-0.3222 -0.00226808461029457 -0.00362065563858708 -5.41078170487797 658.913310637292 564824340.167073
-0.3223 -0.00301942350430619 -0.0037017403262469 -5.41163886167077 658.838246464287 564821217.824155
-0.3224 -0.00296540323217142 -0.00225537510412224 -5.41218190165502 658.763182291282 564823600.134256
-0.3225 -0.0037904199370659 -0.00266139855312247 -5.41293140773286 658.688118118277 564818981.69526
-0.3226 -0.00256353900387593 -0.00357673685227355 -5.41268080841126 658.613053945272 564821081.363788
-0.3227 -0.00293809856491689 -0.00240597016165402 -5.41288737883698 658.537989772267 564821325.630368
-0.3228 -0.00364593384336718 -0.00309913777359892 -5.41263324295628 658.462925599262 564819692.874675
-0.3229 -0.00228000907407742 -0.00339448661732916 -5.41258172497847 658.387861426257 564820494.007884
-0.323 -0.00361420681884862 -0.00308781428861434 -5.41320029280976 658.312797253252 564819635.485538
-0.3231 -0.0029277670297957 -0.00279987394389123 -5.41330910966388 658.237733080247 564820999.394365
-0.3232 -0.00312170736417837 -0.00344795008486878 -5.41371492658748 658.162668907243 564819485.155563
-0.3233 -0.00296237704793834 -0.00278088756138034 -5.4132512408311 658.087604734238 564820973.933915
-0.3234 -0.0035236079301922 -0.00397434310510516 -5.41399728268996 658.012540561233 564818239.492782
-0.3235 -0.00239031561156172 -0.00308775061198308 -5.41420863428355 657.937476388228 564821144.689141
-0.3236 -0.00292137345052182 -0.00309778323530052 -5.41424718539389 657.862412215223 564818974.387644
-0.3237 -0.00358887720187914 -0.00307585208008842 -5.41474611184249 657.787348042218 564817579.151575
-0.3238 -0.00285045355095478 -0.00390401664358306 -5.41470685967526 657.712283869213 564818549.643368
-0.3239 -0.0029107965218918 -0.0030698521686468 -5.41497420224683 657.637219696208 564819444.916869
-0.324 -0.00304139089106906 -0.00322710700614099 -5.41506828958422 657.562155523203 564819900.740187
-0.3241 -0.00290148614885801 -0.00306278527363449 -5.41559651040636 657.487091350198 564819537.04925
-0.3242 -0.00312308812861918 -0.00269406381965713 -5.41590687172712 657.412027177193 564817716.395129
-0.3243 -0.00281063613471579 -0.00233565351116619 -5.41607160943438 657.336963004188 564818417.271546
-0.3244 -0.00306025822555023 -0.00303093245388586 -5.41630095115742 657.261898831183 564816874.20788
-0.3245 -0.0030676948795724 -0.00345436810695449 -5.41540136017517 657.186834658178 564818985.912309
-0.3246 -0.00241001798573347 -0.00423556063715068 -5.41502611332522 657.111770485174 564820030.148922
-0.3247 -0.00303435360858941 -0.00278881253624759 -5.41517456997128 657.036706312168 564820862.915259
-0.3248 -0.00260910571836812 -0.00348992368973615 -5.41519379856126 656.961642139164 564820230.579787
-0.3249 -0.00340023721745525 -0.00265455880935221 -5.41555933133959 656.886577966159 564820471.771542
-0.325 -0.00272724865478515 -0.0034142876574644 -5.41600691959589 656.811513793154 564819175.921286
-0.3251 -0.00264388208011299 -0.00329619445191956 -5.41592047621457 656.736449620149 564819922.828222
-0.3252 -0.00347964540436783 -0.00294440476471303 -5.41629992699915 656.661385447144 564818083.579335
-0.3253 -0.00244285425326347 -0.00343498076911136 -5.41601413299623 656.586321274139 564820071.158666
-0.3254 -0.00298912986904915 -0.00278694572616956 -5.41589868738157 656.511257101134 564817712.016849
-0.3255 -0.00346111932259806 -0.00352745809402503 -5.41580784773522 656.436192928129 564817924.880192
-0.3256 -0.00276583887702086 -0.00285153150179584 -5.4152088668937 656.361128755124 564821112.295084
-0.3257 -0.00291895676131772 -0.0034288422681697 -5.41620938693131 656.286064582119 564817791.860693
-0.3258 -0.00277043253177668 -0.0034089764040091 -5.41641302365327 656.211000409114 564818629.413877
-0.3259 -0.00377421947823237 -0.00288791167293382 -5.41566758907976 656.135936236109 564819647.189124
-0.326 -0.00315694579323859 -0.00309397737670768 -5.41631651179677 656.060872063104 564818384.37734
-0.3261 -0.00301638358579291 -0.00285852284039917 -5.41672424824149 655.9858078901 564817034.690452
-0.3262 -0.00287998030375599 -0.00345329665876246 -5.41728452860294 655.910743717095 564815876.247844
-0.3263 -0.00317186486074161 -0.00273943159271949 -5.41765887219168 655.83567954409 564816066.49744
-0.3264 -0.0028514173832659 -0.00330531458263289 -5.41806773883194 655.760615371085 564815549.264795
-0.3265 -0.00284226701355612 -0.00313142028353842 -5.41808447992635 655.68555119808 564817166.05893
-0.3266 -0.00321917344972078 -0.0034376854638854 -5.41774834418927 655.610487025075 564815135.965709
-0.3267 -0.00281566565490704 -0.00248575254895018 -5.41764271249296 655.53542285207 564817756.926153
-0.3268 -0.00344538597956447 -0.00316277550617793 -5.41743121167463 655.460358679065 564816282.59396
-0.3269 -0.00327994934698041 -0.00314261760165458 -5.41810325706717 655.38529450606 564814968.618317
-0.327 -0.00334620427600877 -0.00273367073489174 -5.41796175891717 655.310230333055 564815974.098342
-0.3271 -0.00266243102540912 -0.00349556785703648 -5.41853409901344 655.23516616005 564815308.318271
-0.3272 -0.00296489840643294 -0.00269106505268754 -5.41841462219091 655.160101987045 564815774.855031
-0.3273 -0.00299328779193927 -0.00360155119068049 -5.41902941680484 655.08503781404 564814591.400181
-0.3274 -0.00328943799341594 -0.00315842078839145 -5.41968868671773 655.009973641035 564813235.785063
-0.3275 -0.0029155555948942 -0.0029542710106387 -5.41939543714794 654.93490946803 564814778.794671
-0.3276 -0.00311291310901219 -0.00292852015666412 -5.41967421922537 654.859845295025 564813926.260921
-0.3277 -0.00294637000166445 -0.00351460783012842 -5.42003378067203 654.784781122021 564814192.485799
-0.3278 -0.00236505740015389 -0.00381579548749336 -5.42060260193907 654.709716949016 564813399.848853
-0.3279 -0.00211580088431681 -0.00348195891072842 -5.42012988317548 654.634652776011 564815122.860422
-0.328 -0.00374295371609513 -0.00299592402139979 -5.41989615220545 654.559588603006 564813534.313161
-0.3281 -0.00242196521082453 -0.00324495251018975 -5.42021123983475 654.484524430001 564813398.514827
-0.3282 -0.00250135831696596 -0.00384948059860618 -5.42148653009897 654.409460256996 564811271.597732
-0.3283 -0.00316073729579557 -0.00310908609883354 -5.42105578651836 654.334396083991 564811927.349611
-0.3284 -0.00238076065052811 -0.00364742771291706 -5.42142985206659 654.259331910986 564812263.976303
-0.3285 -0.00344432737587928 -0.00280844918732068 -5.42116183542502 654.184267737981 564811946.605347
-0.3286 -0.00226158016036637 -0.00383720276367366 -5.42153798858949 654.109203564976 564811640.669925
-0.3287 -0.00360932911754245 -0.00281388647328421 -5.42200014348867 654.034139391971 564811654.308869
-0.3288 -0.00269821260383159 -0.00351594111490562 -5.4219893833812 653.959075218966 564811361.084743
-0.3289 -0.00310485609809298 -0.00347204884182316 -5.42164384198819 653.884011045961 564811444.703607
-0.329 -0.00296997238764983 -0.00361668925020578 -5.42232844846775 653.808946872957 564810596.401144
-0.3291 -0.00384801815007986 -0.00239083343415007 -5.42187928438167 653.733882699952 564813057.199359
-0.3292 -0.00308585523430694 -0.00299434592116368 -5.42150397376454 653.658818526947 564814082.092459
-0.3293 -0.00263964366911637 -0.00362639282387493 -5.42186402905469 653.583754353942 564812521.870673
-0.3294 -0.00294266646607547 -0.00317147098471724 -5.42277392250668 653.508690180937 564811346.617794
-0.3295 -0.00277877169997806 -0.00346020803236022 -5.42284691599543 653.433626007932 564811186.525074
-0.3296 -0.00288705136822249 -0.0029009557110244 -5.42324395410726 653.358561834927 564811495.35743
-0.3297 -0.0035944556588562 -0.00299809281672044 -5.42349246091605 653.283497661922 564809585.237757
-0.3298 -0.00288466036481885 -0.00292645219485168 -5.42317435052686 653.208433488917 564811365.547955
-0.3299 -0.00287798529212954 -0.00329323575318717 -5.42437758462167 653.133369315912 564808568.387307
-0.33 -0.00327501459698332 -0.00267808375386322 -5.42428991569862 653.058305142907 564809170.004452
-0.3301 -0.0026545076394603 -0.00376513269878444 -5.42404583148866 652.983240969902 564808596.862168
-0.3302 -0.00309934012651734 -0.0032116057614708 -5.42392623792869 652.908176796897 564809391.309627
-0.3303 -0.00337849145755725 -0.00299082227580044 -5.4240357562952 652.833112623892 564809321.727495
-0.3304 -0.00366243187628284 -0.00289109011531307 -5.42485569418015 652.758048450887 564808038.998945
-0.3305 -0.00236546918571919 -0.0030596131208779 -5.4245046572784 652.682984277882 564808869.505048
-0.3306 -0.00247718142546665 -0.00352106877928707 -5.42464677068829 652.607920104878 564808055.227319
-0.3307 -0.00295217045915387 -0.00356214435940628 -5.42458842629162 652.532855931873 564810301.673761
-0.3308 -0.00309323338289413 -0.00298848568108594 -5.42446309589692 652.457791758868 564809556.00859
-0.3309 -0.00318339169506089 -0.00278088418348401 -5.42460260856268 652.382727585863 564809323.805851
-0.331 -0.00304182792063021 -0.00358196081578132 -5.42518227592505 652.307663412858 564807738.271081
-0.3311 -0.00265917254844906 -0.00306579211465209 -5.42508746573534 652.232599239853 564808845.680117
-0.3312 -0.00249522713343497 -0.00360259769876783 -5.42527872526858 652.157535066848 564808358.702303
-0.3313 -0.00332173195167446 -0.00321523596526135 -5.42597481054881 652.082470893843 564807329.492769
-0.3314 -0.00284230861494117 -0.00346687049696729 -5.42587633392422 652.007406720838 564807696.274998
-0.3315 -0.00327476298220254 -0.00321797340110735 -5.42673562113813 651.932342547833 564806783.788937
-0.3316 -0.00308035569218249 -0.00315067485065646 -5.42668802373955 651.857278374828 564806872.754026
-0.3317 -0.00376232146506671 -0.00292914430824524 -5.42691426953402 651.782214201823 564806231.26585
-0.3318 -0.00314870056239979 -0.00309969761604192 -5.42715748803721 651.707150028818 564806991.282532
-0.3319 -0.00336562885727037 -0.00335095436234614 -5.42770325188337 651.632085855814 564804782.679412
-0.332 -0.00252050927221932 -0.00305330612000455 -5.42779051899818 651.557021682808 564805871.777349
-0.3321 -0.00312195294123921 -0.00371824453905971 -5.42831418602607 651.481957509804 564804941.52091
-0.3322 -0.0022890714928516 -0.00285573638225894 -5.42896121694449 651.406893336799 564805723.263218
-0.3323 -0.00336477074513524 -0.00326638871734975 -5.42917788563906 651.331829163794 564802521.433091
-0.3324 -0.00236990135459669 -0.00308007822629432 -5.42845319836584 651.256764990789 564805912.020049
-0.3325 -0.0031943647852298 -0.00295118877822228 -5.42965220759477 651.181700817784 564803447.060287
-0.3326 -0.0026296900171395 -0.00356745605910638 -5.43005677055714 651.106636644779 564803595.204555
-0.3327 -0.00282355091333724 -0.00292888040530463 -5.43046294897111 651.031572471774 564803156.64276
-0.3328 -0.00248854655727814 -0.00353584456487195 -5.43124312308827 650.956508298769 564802721.636393
-0.3329 -0.00315731128799381 -0.00292033238293585 -5.43170668549422 650.881444125764 564800939.949333
-0.333 -0.00340602177804798 -0.00316461784792935 -5.43272602795582 650.806379952759 564798722.225567
-0.3331 -0.00261240717203917 -0.00349708906856091 -5.43233906977808 650.731315779754 564799639.863404
-0.3332 -0.00342688842812047 -0.002946336686876 -5.43301251895073 650.656251606749 564800022.520368
-0.3333 -0.00267863776959058 -0.00301327380598307 -5.43361142514578 650.581187433744 564799427.731807
-0.3334 -0.00355517281507841 -0.00302880070156824 -5.43366245445916 650.50612326074 564798809.66074
-0.3335 -0.00239209151595313 -0.00339574843624217 -5.43288282660292 650.431059087735 564800782.992254
-0.3336 -0.00319787851402861 -0.00339781684765526 -5.43422117022502 650.35599491473 564798508.525562
-0.3337 -0.00321213703472819 -0.00269389589100345 -5.43488818766804 650.280930741725 564799031.540742
-0.3338 -0.00297131596802052 -0.00324996089693351 -5.43576670983167 650.20586656872 564798340.159604
-0.3339 -0.00321913493245504 -0.00285157554584041 -5.43536169558972 650.130802395715 564799014.150417
-0.334 -0.00274352392431074 -0.00309742360984977 -5.4362698320044 650.05573822271 564796984.451232
-0.3341 -0.00336279187089881 -0.00313942699770917 -5.43710185950445 649.980674049705 564794783.036128
-0.3342 -0.00317064015094624 -0.00332153670261536 -5.43755191805526 649.9056098767 564794418.533433
-0.3343 -0.00302377958479413 -0.0024151641925051 -5.43804930633576 649.830545703695 564795254.261699
-0.3344 -0.00298201119732511 -0.0034210789401783 -5.43860364362114 649.75548153069 564793945.779043
-0.3345 -0.00315349534149077 -0.00279200115298739 -5.43890276404291 649.680417357685 564793964.667447
-0.3346 -0.00300584119139748 -0.0033412913709688 -5.43903224315279 649.60535318468 564792778.513655
-0.3347 -0.00259419220329878 -0.00343715467902811 -5.44033035828234 649.530289011675 564792371.748669
-0.3348 -0.00267353304587489 -0.00322292915545141 -5.44130932120429 649.45522483867 564791984.098881
-0.3349 -0.00341058433500884 -0.00369467779493827 -5.4419003416525 649.380160665665 564788983.389906
-0.335 -0.00224929719988426 -0.00331215367438477 -5.44167512470949 649.305096492661 564792296.822847
-0.3351 -0.00318878422662774 -0.00328313375183593 -5.44265386372662 649.230032319656 564790429.960119
-0.3352 -0.00317424956695446 -0.00331845399555934 -5.44328477458574 649.154968146651 564789123.03452
-0.3353 -0.00310131234065305 -0.00359460545435069 -5.44374617781037 649.079903973646 564787922.204677
-0.3354 -0.00339199464630343 -0.00251779345682709 -5.44412985810973 649.004839800641 564787359.293382
-0.3355 -0.00279202696675215 -0.00319524986681458 -5.4443311235265 648.929775627636 564787766.061616
-0.3356 -0.00350031691905713 -0.00301967793451375 -5.44536617582594 648.854711454631 564784973.696839
-0.3357 -0.00309622091848217 -0.00327909272859891 -5.44602849594615 648.779647281626 564786170.30058
-0.3358 -0.0029306153438171 -0.0032171518242167 -5.44601160717019 648.704583108621 564785909.607668
-0.3359 -0.00314896011217671 -0.00331569178181822 -5.4463172416507 648.629518935616 564784319.366192
-0.336 -0.00264987717984088 -0.00324514594563353 -5.44711146273698 648.554454762611 564784870.773692
-0.3361 -0.00294834342861512 -0.00296206874372783 -5.44735584325543 648.479390589606 564784792.558198
-0.3362 -0.00343080650230957 -0.00297554867635575 -5.44862723857297 648.404326416601 564782262.616206
-0.3363 -0.0029633261267808 -0.00299683585041003 -5.44892333182758 648.329262243597 564783554.053594
-0.3364 -0.00299961596609725 -0.00328684128552201 -5.44930578227054 648.254198070591 564783551.459342
-0.3365 -0.00313223355050973 -0.00279955401491544 -5.450503348848 648.179133897587 564782480.429582
-0.3366 -0.00284810796800742 -0.00318824566840973 -5.45115130635706 648.104069724582 564779955.51462
-0.3367 -0.00335604151315958 -0.00291935458652003 -5.45186631234633 648.029005551577 564778842.955893
-0.3368 -0.00314791851495581 -0.00325821149599861 -5.45269411171773 647.953941378572 564778270.488909
-0.3369 -0.00353995170016027 -0.00285217692786072 -5.45286367616632 647.878877205567 564778302.678361
-0.337 -0.0026745725270529 -0.00318303954593835 -5.45324158535142 647.803813032562 564779765.547299
-0.3371 -0.00252994123354156 -0.00354710131482586 -5.45331467120395 647.728748859557 564778657.593671
-0.3372 -0.00354071879007019 -0.00251649478121349 -5.4537729911572 647.653684686552 564777843.722999
-0.3373 -0.00313443181704999 -0.00287147650226717 -5.45447570649985 647.578620513547 564777020.094011
-0.3374 -0.00292632894689261 -0.00322873953895398 -5.45451600190836 647.503556340542 564776970.597726
-0.3375 -0.00323424527222551 -0.0030344247507878 -5.45598708783532 647.428492167537 564775592.361332
-0.3376 -0.00362379924144173 -0.00351895964639062 -5.45698680852385 647.353427994532 564774939.570886
-0.3377 -0.00285380493449756 -0.00290944242904355 -5.45700666296768 647.278363821527 564775959.506667
-0.3378 -0.0030484340195608 -0.00350966108363696 -5.45768069811891 647.203299648522 564774178.210349
-0.3379 -0.00259546472521555 -0.00281368133375071 -5.45809100056738 647.128235475518 564773383.484764
-0.338 -0.00378264965197542 -0.00274769567554838 -5.45849413229369 647.053171302513 564771650.385447
-0.3381 -0.00271922413897188 -0.00314673894966063 -5.45853567887674 646.978107129508 564773014.589456
-0.3382 -0.0034604138071141 -0.00312704099406564 -5.45878540503328 646.903042956503 564772485.81848
-0.3383 -0.00313566916377739 -0.00284459620797997 -5.45854753775914 646.827978783498 564774587.604371
-0.3384 -0.00279422061587217 -0.00332987908731033 -5.45891165554992 646.752914610493 564774140.956836
-0.3385 -0.00285643828978202 -0.00341040788442522 -5.45912247162679 646.677850437488 564771948.873032
-0.3386 -0.00329241566924637 -0.00241175281429094 -5.4597818334624 646.602786264483 564771222.794843
-0.3387 -0.0033470805253187 -0.00289940593371644 -5.46011520577149 646.527722091478 564769979.2271
-0.3388 -0.00383206513094932 -0.00249782433144939 -5.46003170522635 646.452657918473 564770949.027825
-0.3389 -0.0027740289580122 -0.00382199761454059 -5.46017515173471 646.377593745468 564772138.388083
-0.339 -0.00344633474290338 -0.00326496661712071 -5.45985138263783 646.302529572463 564772310.53911
-0.3391 -0.00319633302964364 -0.00313928933944455 -5.45981338597883 646.227465399458 564773074.219748
-0.3392 -0.00357522996999255 -0.0030871127041508 -5.46033361824806 646.152401226454 564769425.102022
-0.3393 -0.00257301017139614 -0.00317142110726312 -5.45980199646876 646.077337053448 564772809.333777
-0.3394 -0.00297708222526944 -0.00346367954825514 -5.46047219448052 646.002272880444 564771156.143803
-0.3395 -0.0031435450517947 -0.00312868048783176 -5.45979057352473 645.927208707439 564772635.973204
-0.3396 -0.00349544061391143 -0.00295316851869393 -5.46030581945282 645.852144534434 564772158.656422
-0.3397 -0.00267788179079148 -0.00308530841037544 -5.45986520050371 645.777080361429 564772986.732839
-0.3398 -0.00254580116231494 -0.00350744904870638 -5.45998852447068 645.702016188424 564772016.444054
-0.3399 -0.00322824425056459 -0.00376052291592754 -5.46042076407479 645.626952015419 564771043.180461
-0.34 -0.00280111629825633 -0.00301641485061105 -5.46050776472867 645.551887842414 564772821.563384
-0.3401 -0.00308673152140637 -0.00338169916789415 -5.46043307054248 645.476823669409 564772467.102613
-0.3402 -0.00303444972680584 -0.00263063578509946 -5.45989634735005 645.401759496404 564774492.49499
-0.3403 -0.00265806157490883 -0.00339365927223081 -5.46130501326593 645.326695323399 564774073.836993
-0.3404 -0.00314166522028345 -0.00299415493601989 -5.46121633437613 645.251631150394 564772906.862086
-0.3405 -0.0030317988318992 -0.00318250113159178 -5.4615942713935 645.176566977389 564771304.162698
-0.3406 -0.00273942747699398 -0.00287818198133857 -5.46228763408042 645.101502804384 564770617.860353
-0.3407 -0.00324531141275149 -0.00296776404475726 -5.46303619581749 645.02643863138 564768429.693709
-0.3408 -0.0030719123034817 -0.00348445256314404 -5.4633650995204 644.951374458375 564768434.065387
-0.3409 -0.00301879572746233 -0.00380346160793326 -5.46369277971903 644.87631028537 564770017.409538
-0.341 -0.00319451019604724 -0.00340293536025808 -5.46376318082896 644.801246112365 564771442.274055
-0.3411 -0.00340445078539727 -0.00289067111306932 -5.46382392169861 644.72618193936 564770847.068732
-0.3412 -0.00313369718414804 -0.00318433598495891 -5.46453202205378 644.651117766355 564769434.466225
-0.3413 -0.00318517785589514 -0.00370195147132492 -5.46516742668914 644.57605359335 564767422.658775
-0.3414 -0.0026356426778296 -0.00319073357351732 -5.46536583895349 644.500989420345 564768400.244515
-0.3415 -0.00307654914410831 -0.00365630935977633 -5.46567987337767 644.42592524734 564767871.231989
-0.3416 -0.00350246772996095 -0.00275113831331813 -5.46596705047203 644.350861074335 564769282.141443
-0.3417 -0.00269465460676479 -0.00348664769840971 -5.46645486146046 644.27579690133 564768312.958618
-0.3418 -0.00319545624881662 -0.0030880897095588 -5.46783750850645 644.200732728325 564765420.742566
-0.3419 -0.00352159944389168 -0.00257912388245961 -5.46712672736858 644.12566855532 564766732.071659
-0.342 -0.00212155867173407 -0.00377387211808473 -5.46812390554668 644.050604382315 564766290.095575
-0.3421 -0.00360913632863465 -0.00280590176382651 -5.46844985957192 643.97554020931 564765062.913765
-0.3422 -0.00295795745765835 -0.00374777843573601 -5.46821030445536 643.900476036305 564765679.466512
-0.3423 -0.00303376082369269 -0.00273490340379179 -5.46903718566404 643.825411863301 564765826.971591
-0.3424 -0.00240564939055735 -0.00363538896405179 -5.46914990958694 643.750347690296 564765449.142019
-0.3425 -0.00320508149609624 -0.0031344055232249 -5.47009210044826 643.675283517291 564763064.574743
-0.3426 -0.00283490694306159 -0.00302161783519852 -5.46970950210781 643.600219344286 564763446.101634
-0.3427 -0.00310453552805715 -0.00297001110768102 -5.47069862355767 643.525155171281 564762454.893044
-0.3428 -0.00249220075917219 -0.00397520783608327 -5.47091253378116 643.450090998276 564762707.053702
-0.3429 -0.00300262057846706 -0.00288987343681057 -5.47144595940642 643.375026825271 564763303.847043
-0.343 -0.00315003046700772 -0.00297023916969386 -5.47193346372335 643.299962652266 564762090.502505
-0.3431 -0.00301950620855942 -0.00337532613637239 -5.47302582370219 643.224898479261 564759112.27244
-0.3432 -0.00306478930448059 -0.0032764861482813 -5.47306052620096 643.149834306256 564761084.614508
-0.3433 -0.00279698227608395 -0.00349785452119746 -5.47407676648686 643.074770133251 564757640.888227
-0.3434 -0.00274226303726078 -0.00313570899278376 -5.47436401568198 642.999705960246 564758105.160873
-0.3435 -0.00323396172189953 -0.00315322329826869 -5.47434697904561 642.924641787241 564758340.030495
-0.3436 -0.0031436049737854 -0.00287910823427777 -5.47520432259447 642.849577614237 564758412.722546
-0.3437 -0.00324156900997203 -0.00309972222102706 -5.47567383731165 642.774513441231 564757425.39637
-0.3438 -0.00261476878494099 -0.00385442843810428 -5.47591777566539 642.699449268227 564757765.677577
-0.3439 -0.00325943902530896 -0.00262733484840183 -5.47623243340508 642.624385095222 564758303.708963
-0.344 -0.00336529501738328 -0.00331299964263009 -5.47666924771477 642.549320922217 564756823.503257
-0.3441 -0.00340687491608305 -0.003242890961799 -5.47700468126139 642.474256749212 564756953.718917
-0.3442 -0.00280690777906153 -0.00351932214579583 -5.47777809400312 642.399192576207 564756929.256402
-0.3443 -0.00339591182950337 -0.00321519067731388 -5.47851737654459 642.324128403202 564755272.248869
-0.3444 -0.00351574576268213 -0.00301203609774116 -5.47940287523357 642.249064230197 564754082.170428
-0.3445 -0.00319656749718047 -0.00319895492153958 -5.48033210798924 642.174000057192 564752996.187486
-0.3446 -0.00268917947178232 -0.00332694595428709 -5.48014525643528 642.098935884187 564754553.342413
-0.3447 -0.00301111565183629 -0.0033988382797819 -5.48103471843367 642.023871711182 564751625.340284
-0.3448 -0.0032886470691737 -0.00271743409994203 -5.48098039844714 641.948807538177 564753688.9741
-0.3449 -0.00284223049778624 -0.0034786616072838 -5.48195067822507 641.873743365172 564753080.936007
-0.345 -0.00313561167294474 -0.0031500975726166 -5.4826419892633 641.798679192167 564751990.291264
-0.3451 -0.00296373861647552 -0.00354980205169155 -5.48361695076642 641.723615019162 564750152.159935
-0.3452 -0.00318548795206881 -0.00337550213585568 -5.48392918744416 641.648550846158 564749711.916129
-0.3453 -0.00340973894628018 -0.00364645733129172 -5.48437788813994 641.573486673153 564748444.677244
-0.3454 -0.0024029201032074 -0.00353606420519534 -5.48426477058229 641.498422500148 564751190.188898
-0.3455 -0.00338430779390117 -0.00353428024778493 -5.48501375391754 641.423358327143 564747542.059403
-0.3456 -0.00282764537899848 -0.00294029462351344 -5.48581974985612 641.348294154138 564748728.043223
-0.3457 -0.00347240436647706 -0.00328283250077194 -5.48711118531441 641.273229981133 564745195.959855
-0.3458 -0.00315600331523052 -0.00277453992592724 -5.48710761829144 641.198165808128 564746667.823737
-0.3459 -0.00291634596892502 -0.00368433974165311 -5.48802578565266 641.123101635123 564745117.098344
-0.346 -0.00288056584492734 -0.00359438120677826 -5.48784403393081 641.048037462118 564745742.548618
-0.3461 -0.00301857599198136 -0.00333245899732521 -5.48880916851445 640.972973289113 564745320.388399
-0.3462 -0.00311173077059833 -0.00300829600132551 -5.48913413925239 640.897909116108 564744292.083167
-0.3463 -0.0035081616782101 -0.00302555088996891 -5.48973696814974 640.822844943103 564743090.007783
-0.3464 -0.00254361370608529 -0.00380066381846373 -5.49038201474954 640.747780770098 564743378.547398
-0.3465 -0.00323474196432464 -0.00321504914675346 -5.49044663277652 640.672716597093 564743923.001936
-0.3466 -0.00293482013285074 -0.002809251284378 -5.49091588102927 640.597652424088 564743206.78017
-0.3467 -0.00247820804282072 -0.00335134927516284 -5.49119558269104 640.522588251084 564743400.858675
-0.3468 -0.00340220240068258 -0.00368358628193104 -5.49277775887193 640.447524078079 564740321.387263
-0.3469 -0.0027483291816967 -0.00343877486084268 -5.49292234587497 640.372459905074 564741516.858514
-0.347 -0.00364765360948671 -0.00300310934998384 -5.49294136515782 640.297395732069 564740055.702697
-0.3471 -0.00311787484655004 -0.00350375787021827 -5.49426564174456 640.222331559064 564739439.514426
-0.3472 -0.00272014159343275 -0.00329499711449578 -5.49473135335309 640.147267386059 564740548.151009
-0.3473 -0.00342031196926163 -0.00323424004865602 -5.49574820702478 640.072203213054 564737573.136114
-0.3474 -0.00297694244888789 -0.00294933306054873 -5.49612137391815 639.997139040049 564738986.010037
-0.3475 -0.00299841663790364 -0.0036514596030548 -5.49632671279389 639.922074867044 564736946.834712
-0.3476 -0.00272606913526513 -0.00341618190805753 -5.49687226093713 639.847010694039 564738858.63693
-0.3477 -0.00337319687050976 -0.00313853612956607 -5.49812794275807 639.771946521034 564736112.110667
-0.3478 -0.00275240843719131 -0.00337482401391127 -5.49884927034409 639.696882348029 564736155.53003
-0.3479 -0.00310235845422907 -0.00268455208928859 -5.49922089956964 639.621818175024 564736556.552599
-0.348 -0.00317681783888018 -0.00344420716481891 -5.50031077326081 639.546754002019 564733779.336757
-0.3481 -0.00269425830405191 -0.00320815190067835 -5.50094146291477 639.471689829014 564733553.286112
-0.3482 -0.00301219005982291 -0.00363902017174199 -5.50151909517532 639.39662565601 564731904.419585
-0.3483 -0.00296695338222091 -0.00374505142209496 -5.50227114950368 639.321561483005 564732343.581772
-0.3484 -0.00288840627848342 -0.00312018995516621 -5.50230983140293 639.24649731 564733445.358887
-0.3485 -0.0037507078588501 -0.00287288482872832 -5.5034819330823 639.171433136995 564730895.492264
-0.3486 -0.00343939503510896 -0.00316548989724768 -5.50398869265425 639.09636896399 564730253.612093
-0.3487 -0.00322281449413738 -0.00312411104137719 -5.50453805899209 639.021304790985 564730775.63741
-0.3488 -0.0035709443150643 -0.00344764541626138 -5.50515058197252 638.94624061798 564728943.441008
-0.3489 -0.002458718820766 -0.00327158032268634 -5.50602387621548 638.871176444975 564729087.82212
-0.349 -0.00311768567889843 -0.00355849059983137 -5.50709661500987 638.79611227197 564727091.100355
-0.3491 -0.00299344954641428 -0.00311635519571576 -5.5078263717776 638.721048098965 564728200.210521
-0.3492 -0.00297617798356974 -0.00309761731010049 -5.50851437381511 638.64598392596 564725907.274748
-0.3493 -0.0031363823630296 -0.00315204519203097 -5.50869307337739 638.570919752955 564726401.520038
-0.3494 -0.00292933769213009 -0.00307656624489053 -5.50952683685586 638.49585557995 564724725.357424
-0.3495 -0.00318295008925187 -0.00350162028298331 -5.50958335974276 638.420791406945 564724970.888241
-0.3496 -0.00279251770656232 -0.00366619984908867 -5.51017522251348 638.345727233941 564724854.610498
-0.3497 -0.00289005806483324 -0.0037252825171249 -5.51017214980066 638.270663060935 564725972.555152
-0.3498 -0.00312731710723807 -0.00350365486288179 -5.51013058974539 638.195598887931 564725385.289354
-0.3499 -0.00295774369352204 -0.00290054992227065 -5.51096613647155 638.120534714926 564724411.743685
-0.35 -0.0028477517194069 -0.00398255842029338 -5.51158231700793 638.045470541921 564722779.951125
-0.3501 -0.00305723935929624 -0.0030654202833454 -5.51178440919216 637.970406368916 564724498.332079
-0.3502 -0.00347772170758687 -0.00327797021839268 -5.51285884612261 637.895342195911 564722303.747403
-0.3503 -0.00279603091374311 -0.00331597974858102 -5.51263580561951 637.820278022906 564723597.73189
-0.3504 -0.00347055156983242 -0.00275840080351524 -5.51321397933757 637.745213849901 564721961.339517
-0.3505 -0.00306347776989953 -0.00310492170666975 -5.51376623502498 637.670149676896 564720248.842686
-0.3506 -0.00306520816838438 -0.00389327134548693 -5.51347969972285 637.595085503891 564721071.378476
-0.3507 -0.00276091272527731 -0.0037824925849451 -5.51406554860392 637.520021330886 564721884.782705
-0.3508 -0.00355693334062621 -0.00309546042905011 -5.51404624844274 637.444957157881 564722404.755292
-0.3509 -0.00357822011832462 -0.00268210486928177 -5.51492550729847 637.369892984877 564722986.754328
-0.351 -0.00309532994326873 -0.00328587557606466 -5.51494075259929 637.294828811871 564721747.5658
-0.3511 -0.00294763943446576 -0.0035038883818113 -5.51516729360625 637.219764638867 564721351.041184
-0.3512 -0.00286057426888599 -0.00367775787185255 -5.51516501389502 637.144700465862 564721709.121517
-0.3513 -0.0030561741466821 -0.00338487548043724 -5.51569755537703 637.069636292857 564721540.330725
-0.3514 -0.00318588343539037 -0.00271047555623547 -5.51590570292288 636.994572119852 564721635.525468
-0.3515 -0.00368476342410783 -0.00300793497980672 -5.51670268684235 636.919507946847 564719536.096507
-0.3516 -0.00261301980795807 -0.00361549335492214 -5.51651545617329 636.844443773842 564721357.332691
-0.3517 -0.0029726633590559 -0.003088955981505 -5.51640455122378 636.769379600837 564720945.436772
-0.3518 -0.00351387042390722 -0.0025801190683301 -5.5169676102769 636.694315427832 564719822.952375
-0.3519 -0.00336206927297337 -0.00296062335349703 -5.5164986638756 636.619251254827 564720633.934842
-0.352 -0.00342569973054971 -0.00364135208946521 -5.51646320514567 636.544187081822 564719906.204848
-0.3521 -0.00331157479100315 -0.0032592234358878 -5.51627187852095 636.469122908817 564722106.248218
-0.3522 -0.00313755137287258 -0.00307506851751545 -5.5165872752708 636.394058735812 564722309.41902
-0.3523 -0.00296296389686276 -0.00360252328538052 -5.51691512584173 636.318994562807 564721147.160074
-0.3524 -0.00302829287831308 -0.00263822196493378 -5.51673792497877 636.243930389802 564722041.122815
-0.3525 -0.0033121294366405 -0.00346013253880694 -5.51672503960153 636.168866216798 564720574.674667
-0.3526 -0.00319878721574763 -0.00326283117898582 -5.51634001809119 636.093802043792 564721471.913538
-0.3527 -0.00315703173122098 -0.00335568577409028 -5.51626768836837 636.018737870788 564723400.128711
-0.3528 -0.00302796517310522 -0.00375520421564441 -5.51711024668926 635.943673697783 564721874.273483
-0.3529 -0.00348525266217016 -0.0027528512706583 -5.51727090367695 635.868609524778 564722974.442446
-0.353 -0.00343857079302724 -0.00349164824252324 -5.51718731182485 635.793545351773 564721864.693698
-0.3531 -0.00343173809287972 -0.00263493800581555 -5.51661312644148 635.718481178768 564723629.131203
-0.3532 -0.0029943313338514 -0.00388380222798283 -5.51776513092716 635.643417005763 564721116.876657
-0.3533 -0.00299138257414799 -0.00321780812095103 -5.51805934032625 635.568352832758 564721746.390837
-0.3534 -0.00321285510216842 -0.00316380258620406 -5.51806980353423 635.493288659753 564723532.128122
-0.3535 -0.00346114163030211 -0.00324723162494901 -5.51834037501122 635.418224486748 564721521.234566
-0.3536 -0.00290383680816165 -0.00347198067178043 -5.51828911058201 635.343160313743 564722837.444452
-0.3537 -0.00342099615407886 -0.00342821049589211 -5.51831928443498 635.268096140738 564722690.490789
-0.3538 -0.00265050690867954 -0.00339597629115762 -5.51857605548614 635.193031967733 564722440.97549
-0.3539 -0.00321210718832522 -0.00322230045349307 -5.51840422340804 635.117967794728 564721779.743638
-0.354 -0.00330857138475276 -0.00363443437872327 -5.51886806068234 635.042903621724 564721442.474723
-0.3541 -0.00319590170705783 -0.0033871055041599 -5.51971809287811 634.967839448719 564721198.80726
-0.3542 -0.00372672098545284 -0.00271423882789139 -5.51962157481006 634.892775275714 564722249.871003
-0.3543 -0.00285540607861595 -0.00324109762810617 -5.52098884824573 634.817711102709 564721469.189063
-0.3544 -0.00391351916442449 -0.00271999157081739 -5.52105933986378 634.742646929704 564720627.584074
-0.3545 -0.00325168364725019 -0.0035218234771216 -5.52089717856428 634.667582756699 564720862.794809
-0.3546 -0.00355476002083886 -0.00303003987574684 -5.52142028601914 634.592518583694 564720680.667687
-0.3547 -0.00338219742202333 -0.00301666548853635 -5.52211117669836 634.517454410689 564719416.454436
-0.3548 -0.00282849379283771 -0.0032889838181333 -5.52285516341187 634.442390237684 564720260.945691
-0.3549 -0.00351894807715415 -0.00310792361793745 -5.52367274717355 634.367326064679 564718272.595072
-0.355 -0.00263306206977908 -0.00368895511699669 -5.52375240540235 634.292261891674 564719713.633034
-0.3551 -0.00362419898636122 -0.00299004691954536 -5.52468431156787 634.217197718669 564717568.265382
-0.3552 -0.00308260322688863 -0.00362577863398544 -5.52509805035933 634.142133545664 564716905.979531
-0.3553 -0.00381989608353707 -0.00292495574978238 -5.52512364703754 634.067069372659 564717379.805322
-0.3554 -0.0028818578879988 -0.00328604779880941 -5.52545847371524 633.992005199654 564718293.72264
-0.3555 -0.00319637650387865 -0.00339871395049302 -5.52665249958388 633.91694102665 564715805.150413
-0.3556 -0.00283665905562033 -0.00318181413830252 -5.52689696259181 633.841876853645 564717130.855443
-0.3557 -0.00277715935143413 -0.00384853972622006 -5.52640937392143 633.76681268064 564717327.874294
-0.3558 -0.0031405242454683 -0.00286170984904868 -5.52700129084089 633.691748507635 564717562.826057
-0.3559 -0.00344391553023789 -0.00363503412169451 -5.52702645766483 633.61668433463 564715976.861164
-0.356 -0.00326363699776428 -0.00313629515387692 -5.52741252121525 633.541620161625 564716301.907852
-0.3561 -0.00287729213508798 -0.00358743840055109 -5.52791850496756 633.46655598862 564715890.336422
-0.3562 -0.00298585602546063 -0.00298945052080266 -5.52787868540773 633.391491815615 564717399.528893
-0.3563 -0.00275223563512881 -0.00356344555180181 -5.52873320801721 633.31642764261 564715744.988687
-0.3564 -0.00302965742606748 -0.00364189166952129 -5.52906146736792 633.241363469605 564714920.138269
-0.3565 -0.00322251960449796 -0.00304762965181 -5.52832115333364 633.1662992966 564717943.847111
-0.3566 -0.003138349325934 -0.00306539152560475 -5.52886683734587 633.091235123595 564716246.072409
-0.3567 -0.00375182882980796 -0.00334837920601945 -5.52939142244306 633.01617095059 564714133.6656
-0.3568 -0.00311685621609242 -0.00312760793247169 -5.53006856660052 632.941106777585 564715793.359213
-0.3569 -0.0032391281532571 -0.00384120483398177 -5.53039193984369 632.866042604581 564715161.445002
-0.357 -0.003091829940151 -0.00343004397592488 -5.5301541390439 632.790978431575 564715917.294804
-0.3571 -0.00302720021062285 -0.00348117174901756 -5.53007619168099 632.715914258571 564717401.347571
-0.3572 -0.00307633351937209 -0.00329099206541811 -5.52970689414783 632.640850085566 564716829.931991
-0.3573 -0.00318239245900048 -0.00334290312968661 -5.52989673406302 632.565785912561 564716270.160833
-0.3574 -0.00337393683744749 -0.00337062747642396 -5.5307499246598 632.490721739556 564714500.32417
-0.3575 -0.0030182790512184 -0.00352910168963975 -5.53065144505547 632.415657566551 564716366.326801
-0.3576 -0.00308943438697192 -0.00340648566690021 -5.53123138771448 632.340593393546 564716116.286191
-0.3577 -0.0035928627971842 -0.00294024660521051 -5.53148884745528 632.265529220541 564716192.786788
-0.3578 -0.00296935758308907 -0.00347548355306926 -5.53161085898825 632.190465047536 564715996.531112
-0.3579 -0.00289189786027245 -0.00343359863028675 -5.53152392394481 632.115400874531 564717029.238454
-0.358 -0.00330004170820377 -0.00265458998930433 -5.53160670088651 632.040336701526 564716487.716017
-0.3581 -0.00303692484886885 -0.00346657351452829 -5.53226976180443 631.965272528521 564714435.186413
-0.3582 -0.00350050645228863 -0.00313993371112054 -5.53211051800416 631.890208355516 564715336.535643
-0.3583 -0.00285859579491547 -0.0037458001936246 -5.53215298868561 631.815144182511 564717075.910775
-0.3584 -0.00317342155052811 -0.00319085330393956 -5.53237272087205 631.740080009507 564716543.789009
-0.3585 -0.00327566617478107 -0.00300888426765143 -5.53243857339705 631.665015836502 564716592.185124
-0.3586 -0.00299515617586527 -0.00410675448963279 -5.53266230547036 631.589951663497 564715859.567606
-0.3587 -0.00299865322449267 -0.00337268513764877 -5.53323310297906 631.514887490492 564716068.066926
-0.3588 -0.00345604094610289 -0.00353080223726085 -5.53361434606984 631.439823317487 564715019.717298
-0.3589 -0.00307384934626107 -0.00296643014489725 -5.53350838573112 631.364759144482 564716429.619408
-0.359 -0.00353301404268874 -0.00294857582845652 -5.53416474833686 631.289694971477 564715407.947289
-0.3591 -0.00311087851477583 -0.00315666755632878 -5.53396716898131 631.214630798472 564716078.369296
-0.3592 -0.00294386922447041 -0.00355269347159918 -5.53321025768659 631.139566625467 564716279.663671
-0.3593 -0.00381368892969778 -0.00269862069784225 -5.53414648324774 631.064502452462 564714584.618189
-0.3594 -0.00235915013434284 -0.00445121993714131 -5.53425600740024 630.989438279457 564715765.15514
-0.3595 -0.00333886201174692 -0.00314374223080462 -5.53374229337255 630.914374106452 564716558.40101
-0.3596 -0.00317742926097322 -0.00289383659913976 -5.53390877012229 630.839309933447 564716985.505007
-0.3597 -0.00317906838848682 -0.00351616400788909 -5.53420848607981 630.764245760442 564716957.304745
-0.3598 -0.00293102256821472 -0.00316173327012908 -5.53349216293308 630.689181587437 564717612.721846
-0.3599 -0.00290398928513803 -0.00384324741528666 -5.53454115637135 630.614117414432 564715298.725892
-0.36 -0.0034111834603019 -0.00281115334636151 -5.53381347419007 630.539053241428 564716880.564539
-0.3601 -0.00296097215024842 -0.00329651421197291 -5.53418630720326 630.463989068423 564718152.177221
-0.3602 -0.00340034064697335 -0.00400806669515806 -5.5339865508286 630.388924895418 564716432.99633
-0.3603 -0.00317873079651861 -0.00274560510757735 -5.53492878623167 630.313860722413 564717857.968302
-0.3604 -0.00362959716136024 -0.00359506472144322 -5.53507208100673 630.238796549408 564715883.137204
-0.3605 -0.00338180183402329 -0.00264412967189486 -5.53461111084274 630.163732376403 564718256.456771
-0.3606 -0.0035102418952085 -0.00368646985497371 -5.53442391910921 630.088668203398 564717866.350142
-0.3607 -0.00287376585916673 -0.00310399599035581 -5.53479126591353 630.013604030393 564718301.395151
-0.3608 -0.00341526583884949 -0.00315698633555687 -5.53441620727399 629.938539857388 564718371.266162
-0.3609 -0.00321749005795726 -0.00367839354120875 -5.53438333501072 629.863475684383 564719526.796318
-0.361 -0.00287131294354563 -0.00380173333898478 -5.53459794215196 629.788411511378 564718786.647515
-0.3611 -0.00299860088253696 -0.00339146008531542 -5.53457828780945 629.713347338373 564719392.415517
-0.3612 -0.00277038204571767 -0.00354438354796265 -5.535460386847 629.638283165368 564718809.679466
-0.3613 -0.00370606512904763 -0.00320269511868666 -5.53601576919118 629.563218992364 564716442.68153
-0.3614 -0.00357656606770614 -0.00299879033344031 -5.53522154029157 629.488154819359 564719064.850206
-0.3615 -0.00384308787074382 -0.0025419151930012 -5.53532167666932 629.413090646354 564719557.507862
-0.3616 -0.0026362456110685 -0.00406981237706298 -5.53591765155701 629.338026473349 564717898.691698
-0.3617 -0.00312699560110123 -0.0027825555861061 -5.53557194252746 629.262962300344 564718773.264904
-0.3618 -0.00309942453266702 -0.00370037284140017 -5.53553101914642 629.187898127339 564716546.545179
-0.3619 -0.00344315422429185 -0.00333132826184482 -5.53606657350965 629.112833954334 564717897.771409
-0.362 -0.0035307429461583 -0.00274418470513915 -5.53723675976076 629.037769781329 564717437.727062
-0.3621 -0.00322017095346276 -0.00325287248365979 -5.53725579031822 628.962705608324 564716954.649081
-0.3622 -0.00310860881039261 -0.00351693046059069 -5.53697946313248 628.887641435319 564717491.451397
-0.3623 -0.00310997170892295 -0.0031905014251886 -5.53629602145641 628.812577262314 564718970.237424
-0.3624 -0.0031362043801367 -0.00301741031895375 -5.53754681066767 628.737513089309 564718666.658002
-0.3625 -0.00372942357819631 -0.00325799647843274 -5.53813368353788 628.662448916304 564716584.990773
-0.3626 -0.00303109607743914 -0.00317367767886327 -5.53813954332282 628.587384743299 564717401.906715
-0.3627 -0.00364362851208592 -0.00313744835202935 -5.5387568525988 628.512320570294 564716057.620156
-0.3628 -0.00350610651220251 -0.00353355749503833 -5.53902176872706 628.43725639729 564714898.524391
-0.3629 -0.00273430246326477 -0.00334761955432823 -5.539423375178 628.362192224285 564714774.016422
-0.363 -0.00349222075178201 -0.00337708337326291 -5.54005477967775 628.28712805128 564713520.414866
-0.3631 -0.0036989346552077 -0.00315823067836953 -5.54002941535996 628.212063878275 564714455.855266
-0.3632 -0.00348018182746119 -0.00290757323824631 -5.53998548887212 628.13699970527 564716117.535243
-0.3633 -0.00315401432089424 -0.00352772364174855 -5.540532266769 628.061935532265 564714473.821869
-0.3634 -0.00254962095868069 -0.00425468626398245 -5.53991881161656 627.98687135926 564714875.21016
-0.3635 -0.00373822745239156 -0.00238302350272773 -5.54103645023868 627.911807186255 564713864.52681
-0.3636 -0.00391966248366249 -0.00322157899174408 -5.541354841998 627.83674301325 564712288.167309
-0.3637 -0.00322324901814913 -0.0028959032554239 -5.54162338700394 627.761678840245 564713266.508899
-0.3638 -0.00268119526587416 -0.00395716065805507 -5.54138988198246 627.68661466724 564713504.250375
-0.3639 -0.003848189644053 -0.00314793618544881 -5.54191699181148 627.611550494235 564712769.580301
-0.364 -0.00258453174707464 -0.00385582668090892 -5.54259272529549 627.53648632123 564712198.751555
-0.3641 -0.00343124601374524 -0.00360129707263066 -5.54189364953111 627.461422148225 564713739.525217
-0.3642 -0.00315524049685106 -0.00305950392632736 -5.54233662745179 627.386357975221 564713141.534127
-0.3643 -0.00314453805277581 -0.00322712680632798 -5.54210200812437 627.311293802215 564713774.288912
-0.3644 -0.00354307590336393 -0.00288318995032191 -5.54245360453325 627.236229629211 564713365.268688
-0.3645 -0.00324213290574118 -0.00358856248606068 -5.54312194114209 627.161165456206 564712065.133609
-0.3646 -0.00322337204095846 -0.00294760466569632 -5.54242051707176 627.086101283201 564714024.478294
-0.3647 -0.00309679244343527 -0.00360142090213985 -5.54351457560319 627.011037110196 564711465.658781
-0.3648 -0.00356822441126089 -0.00305832766188522 -5.54310845011703 626.935972937191 564712376.966689
-0.3649 -0.0035201486281177 -0.00296766176234987 -5.54265890800776 626.860908764186 564715126.494158
-0.365 -0.00399725636247992 -0.00324451975014093 -5.54195485226588 626.785844591181 564714765.729576
-0.3651 -0.00312785389434144 -0.00290376480201736 -5.54242628571916 626.710780418176 564715903.458574
-0.3652 -0.00316926799091543 -0.00363287767845145 -5.54292151511936 626.635716245171 564713309.269916
-0.3653 -0.00326021826872005 -0.00327584816608697 -5.5424732653137 626.560652072166 564714364.07232
-0.3654 -0.00359839809684677 -0.00317550560589318 -5.54301553372509 626.485587899161 564713239.879085
-0.3655 -0.00290625951194776 -0.00328067872877284 -5.54260282332413 626.410523726156 564716166.480656
-0.3656 -0.00333778706006642 -0.0036358681475505 -5.54341722742617 626.335459553151 564713461.514287
-0.3657 -0.00331295801200413 -0.00303387400753368 -5.54272521353242 626.260395380147 564716339.580122
-0.3658 -0.00400193768591922 -0.00286723087017848 -5.5436878306331 626.185331207142 564714218.277391
-0.3659 -0.00330299170723365 -0.00306498547549687 -5.54347585887906 626.110267034137 564714835.248392
-0.366 -0.00276355168832645 -0.00347973421163049 -5.54360062685384 626.035202861132 564714182.29166
-0.3661 -0.00378517227283919 -0.00350449839176019 -5.54329733986298 625.960138688127 564713924.226951
-0.3662 -0.00294320110064042 -0.00353954566257814 -5.5432443150584 625.885074515122 564715163.786125
-0.3663 -0.00372474064510809 -0.0032847015693314 -5.54306779909275 625.810010342117 564715202.863456
-0.3664 -0.00303082040450043 -0.00370037014579583 -5.54385959667764 625.734946169112 564714521.937926
-0.3665 -0.00336313501366457 -0.00343481020575599 -5.54392820495737 625.659881996107 564715036.219974
-0.3666 -0.00338746035171594 -0.00350333301595194 -5.54386301524667 625.584817823102 564714593.175521
-0.3667 -0.0034155868580464 -0.00343970122084899 -5.54396369086314 625.509753650097 564714278.093214
-0.3668 -0.00341772369087934 -0.0031971612349271 -5.5437222144845 625.434689477092 564717111.042678
-0.3669 -0.00364690708148377 -0.00289152102636407 -5.54296161293595 625.359625304087 564718091.591589
-0.367 -0.00369432627648396 -0.00341872920678679 -5.54374423290659 625.284561131082 564716491.416281
-0.3671 -0.00295518477466254 -0.00351970648905731 -5.54341333828227 625.209496958077 564718950.681067
-0.3672 -0.00314515780621065 -0.00311470388685601 -5.54387986208329 625.134432785072 564717615.829883
-0.3673 -0.00328854084901388 -0.00363819224905344 -5.54373633434141 625.059368612068 564716925.920718
-0.3674 -0.00335263000826698 -0.00317914260070238 -5.54301187877174 624.984304439063 564718032.908377
-0.3675 -0.00302137823695763 -0.00309577092743361 -5.54386700553526 624.909240266058 564718072.807821
-0.3676 -0.00345036074087549 -0.00314560701437367 -5.54398567995692 624.834176093053 564716884.045046
-0.3677 -0.00334859965623501 -0.00313967608171631 -5.54415450873357 624.759111920048 564717700.851167
-0.3678 -0.00310930190367476 -0.00304766933814148 -5.54524236060607 624.684047747043 564715872.038627
-0.3679 -0.0038113959774799 -0.00298577919099892 -5.54531870708226 624.608983574038 564715483.094399
-0.368 -0.00268300654466639 -0.00368866143196395 -5.54541842929977 624.533919401033 564716899.388949
-0.3681 -0.003159941502443 -0.00315617671305906 -5.54575025914769 624.458855228028 564715473.883138
-0.3682 -0.00354878594145972 -0.00343633779299822 -5.54596704154384 624.383791055023 564714800.374157
-0.3683 -0.00316325903762896 -0.0032439245852017 -5.54600157283692 624.308726882018 564716221.517495
-0.3684 -0.00359415684504284 -0.00362860361287053 -5.5460686874321 624.233662709013 564715704.613272
-0.3685 -0.00293920232161412 -0.00321045588993959 -5.5463999885661 624.158598536008 564716855.989512
-0.3686 -0.0034693825263109 -0.00320926337746931 -5.5467498780212 624.083534363004 564715635.832363
-0.3687 -0.00257348720943924 -0.0039314028057393 -5.54738635294848 624.008470189998 564714923.617757
-0.3688 -0.00298607293898262 -0.00357297251781265 -5.54775717961002 623.933406016994 564714824.018463
-0.3689 -0.00340981178515375 -0.00356558978515829 -5.54811794477203 623.858341843989 564712596.176726
-0.369 -0.00331154666423631 -0.00288851477944881 -5.54755547401016 623.783277670984 564714487.579128
-0.3691 -0.00346381701950445 -0.0034425272886628 -5.54928528544968 623.708213497979 564712424.459631
-0.3692 -0.00293152584819706 -0.00386341336975587 -5.54952744868086 623.633149324974 564712710.930592
-0.3693 -0.00362482761124816 -0.00283264202969086 -5.55010270103802 623.558085151969 564713174.175049
-0.3694 -0.00301118645301914 -0.00321016362162234 -5.5509988767138 623.483020978964 564712181.004156
-0.3695 -0.00290866182506986 -0.00353400676489488 -5.55110113087116 623.407956805959 564710566.627198
-0.3696 -0.00356834387487086 -0.00359816007888972 -5.55151565159184 623.332892632954 564709300.072553
-0.3697 -0.00304130854580848 -0.00297388585891929 -5.55167988089454 623.257828459949 564711220.423315
-0.3698 -0.00350514221908218 -0.00304066157908014 -5.55232862255548 623.182764286944 564710051.747265
-0.3699 -0.00273692226137282 -0.00366266512079949 -5.55274225923298 623.107700113939 564709106.35209
-0.37 -0.00323040475266703 -0.00293040127955263 -5.55341115325937 623.032635940934 564709094.784059
-0.3701 -0.00328019797242411 -0.00341949468238404 -5.55428126527875 622.957571767929 564707693.640636
-0.3702 -0.00367663806373582 -0.00327323190014898 -5.55478762055367 622.882507594925 564706923.268471
-0.3703 -0.00342046865572171 -0.00278528402297169 -5.55409072616829 622.80744342192 564708813.068638
-0.3704 -0.00311953837228385 -0.00389254522339236 -5.55483428175447 622.732379248915 564706087.89519
-0.3705 -0.00380133708435169 -0.00303520966103475 -5.55531754037575 622.65731507591 564706889.749209
-0.3706 -0.00320726772143186 -0.00372907421849493 -5.55632717269059 622.582250902905 564706586.862292
-0.3707 -0.00386527241287822 -0.00318863938900674 -5.55630314647873 622.5071867299 564706712.213851
-0.3708 -0.00291635743646047 -0.00314594760555554 -5.55616927219824 622.432122556895 564708722.456973
-0.3709 -0.00385871307523654 -0.0033978422066354 -5.55708446583808 622.35705838389 564705117.838534
-0.371 -0.00327468732096892 -0.0031053625056305 -5.5581597622838 622.281994210885 564704717.684301
-0.3711 -0.00340156145791512 -0.00362810100650485 -5.55840909696942 622.20693003788 564703391.760057
-0.3712 -0.00364038778339942 -0.00324577580962008 -5.5580150960795 622.131865864875 564706840.864827
-0.3713 -0.00347660002393677 -0.00321136975514344 -5.55888711374588 622.05680169187 564706341.686311
-0.3714 -0.00302335868384879 -0.00369890122644928 -5.55913711884874 621.981737518865 564704287.96802
-0.3715 -0.0035189624579489 -0.00295832715100604 -5.55938698264082 621.906673345861 564704957.714953
-0.3716 -0.00355571862692122 -0.00398222653964681 -5.56055469156353 621.831609172855 564701995.082799
-0.3717 -0.00263339236047881 -0.00385546899579033 -5.56061681846354 621.756544999851 564703696.350342
-0.3718 -0.00360596093034982 -0.00300959164584885 -5.56066974491788 621.681480826846 564704101.063207
-0.3719 -0.00334714337566581 -0.00346257651671171 -5.56182670381667 621.606416653841 564702254.423283
-0.372 -0.00341769644494807 -0.00314605858099881 -5.56146215818149 621.531352480836 564702730.460242
-0.3721 -0.0033161073175009 -0.00317738192098476 -5.56137601711072 621.456288307831 564703687.980534
-0.3722 -0.00358527642789091 -0.0030421629434404 -5.5616519748421 621.381224134826 564702835.836421
-0.3723 -0.00298011832100469 -0.00344643788148319 -5.56181477274412 621.306159961821 564704166.023018
-0.3724 -0.00317064113729924 -0.00351704364903415 -5.56152842309315 621.231095788816 564705173.623475
-0.3725 -0.00316592654636697 -0.00377552821893135 -5.56140713807805 621.156031615811 564704994.713954
-0.3726 -0.00300523343547907 -0.00329724453571133 -5.56192165990045 621.080967442806 564703873.025559
-0.3727 -0.00301955886341456 -0.00363399588680611 -5.56189909134853 621.005903269801 564703481.497724
-0.3728 -0.00367238890760658 -0.00296691942713256 -5.56218215082674 620.930839096796 564704631.960101
-0.3729 -0.00374150475721678 -0.0032195763600636 -5.56251012832894 620.855774923791 564703105.408871
-0.373 -0.00317050642406122 -0.00362296081845803 -5.56240553697418 620.780710750787 564705343.555243
-0.3731 -0.00370812313054142 -0.00326108439895136 -5.56197828892006 620.705646577782 564705097.974605
-0.3732 -0.00352797670682254 -0.00336495024216628 -5.56217726272495 620.630582404777 564704671.061839
-0.3733 -0.00311597992917454 -0.00340046188662417 -5.56206836438347 620.555518231772 564705341.162639
-0.3734 -0.00314213506139293 -0.0037006012763168 -5.56223570847272 620.480454058767 564704121.336048
-0.3735 -0.00277357621246932 -0.00323559453077893 -5.5625381430261 620.405389885762 564706145.2568
-0.3736 -0.00420596733663917 -0.00329205780524454 -5.56300636625381 620.330325712757 564702778.250939
-0.3737 -0.00285708124618708 -0.00311955567980343 -5.56273964963524 620.255261539752 564706144.425211
-0.3738 -0.00275828830667584 -0.00364662655609308 -5.56340073934779 620.180197366747 564704326.24605
-0.3739 -0.00335148821125703 -0.00361510580455744 -5.563133112445 620.105133193742 564704370.595882
-0.374 -0.00336103388925822 -0.00318976796596021 -5.56292793216776 620.030069020737 564704993.654376
-0.3741 -0.00364487303312129 -0.0035468374383766 -5.56367697952452 619.955004847732 564702629.959696
-0.3742 -0.00325283665264979 -0.00329423456905051 -5.56326433207153 619.879940674727 564704254.569949
-0.3743 -0.0040317114424731 -0.00316003356080888 -5.56339648093449 619.804876501722 564704421.067364
-0.3744 -0.00342442551807009 -0.00293504864033796 -5.56278627485618 619.729812328717 564707191.9022
-0.3745 -0.00324689896917827 -0.00297718256969975 -5.5636147648521 619.654748155712 564704975.233417
-0.3746 -0.00349526344003918 -0.00265685315062392 -5.5642104043716 619.579683982708 564704309.801015
-0.3747 -0.00352357882260825 -0.00394686111191819 -5.56432998636614 619.504619809703 564701551.010498
-0.3748 -0.00299001254886696 -0.00333755268851475 -5.56470740364588 619.429555636698 564703347.443355
-0.3749 -0.00352282449603244 -0.00329851433022074 -5.56473465514287 619.354491463693 564703001.187467
-0.375 -0.00349567493622063 -0.00346956198400166 -5.56480537393502 619.279427290688 564703714.804362
-0.3751 -0.00326201046959675 -0.00280723469760924 -5.56462285315663 619.204363117683 564704388.459128
-0.3752 -0.0036004990324479 -0.00312086522189045 -5.56505802788226 619.129298944678 564702160.387158
-0.3753 -0.00323528312535182 -0.00348983384589941 -5.56489838854412 619.054234771673 564702969.130749
-0.3754 -0.00333511644409996 -0.00355323062989009 -5.56447056212468 618.979170598668 564704526.68039
-0.3755 -0.00314269909281909 -0.00307087474956874 -5.56434404314625 618.904106425663 564704690.496516
-0.3756 -0.00361703734260684 -0.00333667885880813 -5.56459422043169 618.829042252658 564704041.130206
-0.3757 -0.00330511423611137 -0.00317707242189062 -5.56502253234155 618.753978079653 564704078.841963
-0.3758 -0.00373593565089829 -0.00299287871220695 -5.56551842607194 618.678913906648 564703005.866797
-0.3759 -0.0032486761114153 -0.00290706068464994 -5.56543646388632 618.603849733644 564703011.555207
-0.376 -0.0035517499050711 -0.00353697062891231 -5.56609453713432 618.528785560638 564701563.841229
-0.3761 -0.0032619782040844 -0.00317894780687599 -5.56508469186951 618.453721387634 564704679.408911
-0.3762 -0.0034662434910639 -0.00342768930143096 -5.56491143288408 618.378657214629 564704073.296134
-0.3763 -0.00330942828239662 -0.00359155040909278 -5.56527260596128 618.303593041624 564704546.835513
-0.3764 -0.00325292813844704 -0.00319066507982756 -5.56469352801368 618.228528868619 564706043.355189
-0.3765 -0.00360265644293236 -0.00297637479406379 -5.5647631473246 618.153464695614 564704577.593644
-0.3766 -0.0033964289142922 -0.00397658450102489 -5.56593842374718 618.078400522609 564701629.957535
-0.3767 -0.00288448636282219 -0.00339123404427497 -5.56533566360216 618.003336349604 564704141.49305
-0.3768 -0.00365175815732344 -0.00342618966656743 -5.56491702580762 617.928272176599 564704293.963759
-0.3769 -0.00293741742146144 -0.00344973321637755 -5.56510110833256 617.853208003594 564705858.403562
-0.377 -0.00348380673552679 -0.00364426851145904 -5.56487390312397 617.778143830589 564705473.595167
-0.3771 -0.00307426534789547 -0.00360329950025145 -5.5651352605879 617.703079657584 564705454.907021
-0.3772 -0.00394139092366785 -0.00284889583996717 -5.5654822828863 617.628015484579 564705862.545539
-0.3773 -0.00306493913286061 -0.00373555624865974 -5.56538093538027 617.552951311574 564705662.251076
-0.3774 -0.00350139074257898 -0.00321639912032641 -5.56490490190354 617.477887138569 564707020.058784
-0.3775 -0.00347345715148349 -0.00358332236258778 -5.56477812382589 617.402822965565 564706457.159636
-0.3776 -0.00317212704650483 -0.00332024272056337 -5.56472130697936 617.32775879256 564707286.953762
-0.3777 -0.0035643190892983 -0.00313707606294887 -5.56484428156173 617.252694619555 564705994.646554
-0.3778 -0.00380904802455733 -0.0027612857122297 -5.56474156234084 617.17763044655 564706921.639455
-0.3779 -0.00356550166952506 -0.0038440264148533 -5.56486487693778 617.102566273545 564705878.574723
-0.378 -0.00356289613023921 -0.00306162880654626 -5.56507706451877 617.02750210054 564706196.936677
-0.3781 -0.00311550928823416 -0.00280869015488713 -5.56481970366245 616.952437927535 564708901.598377
-0.3782 -0.00359722304396045 -0.00318925559944018 -5.56559592726522 616.87737375453 564705076.868037
-0.3783 -0.00348830638445129 -0.00336428108678757 -5.56553229680943 616.802309581525 564706134.469954
-0.3784 -0.00351781869425257 -0.00327208540128663 -5.5655774608988 616.72724540852 564707023.629705
-0.3785 -0.00383089013195159 -0.00286271519893157 -5.56481867361806 616.652181235515 564708922.269204
-0.3786 -0.00303792926900508 -0.0034736491357546 -5.56533998842434 616.57711706251 564708211.128999
-0.3787 -0.00340258861278651 -0.0028807324293878 -5.56563284292803 616.502052889505 564707561.4341
-0.3788 -0.0033423217366421 -0.00355382725111006 -5.56571442604933 616.4269887165 564706758.871387
-0.3789 -0.00293904098495069 -0.00258470765792336 -5.5666054013583 616.351924543495 564706807.991777
-0.379 -0.00386497742679054 -0.00384006127448044 -5.56634412091226 616.276860370491 564704448.200527
-0.3791 -0.00361081456697374 -0.00270730397171506 -5.56530516801178 616.201796197486 564707962.118877
-0.3792 -0.0040368632452091 -0.00319445716838999 -5.56609632034932 616.126732024481 564706744.602494
-0.3793 -0.00345432496095654 -0.00337034150695159 -5.56642925830172 616.051667851476 564705404.015987
-0.3794 -0.00275307583110693 -0.00308781317944433 -5.56684520541323 615.976603678471 564707714.123975
-0.3795 -0.00365011861445082 -0.00372252545210718 -5.56675817575006 615.901539505466 564705120.329029
-0.3796 -0.0026584872288487 -0.00333990510559635 -5.56711131079067 615.826475332461 564707032.055483
-0.3797 -0.00313059913107042 -0.00396626141336462 -5.5678113302976 615.751411159456 564704884.407423
-0.3798 -0.00369437574511383 -0.00331829690083877 -5.56708039133244 615.676346986451 564706818.489685
-0.3799 -0.00317340300444957 -0.00362485083345204 -5.56692159323259 615.601282813446 564707382.455892
-0.38 -0.00329916390733493 -0.00343241464222691 -5.56729376542333 615.526218640441 564707152.251966
-0.3801 -0.00318997127832885 -0.00336837522272377 -5.56761214294577 615.451154467436 564706898.028848
-0.3802 -0.00398826487081184 -0.00329081778053891 -5.56723101061795 615.376090294431 564707792.514916
-0.3803 -0.00348206010438972 -0.00297605443871702 -5.56783772075711 615.301026121427 564706649.943495
-0.3804 -0.00405108425865948 -0.00365491579551155 -5.56747102851296 615.225961948421 564706481.246077
-0.3805 -0.00354218633201625 -0.00365776155853557 -5.56817416667346 615.150897775417 564705612.734773
-0.3806 -0.00330476993615725 -0.00359919622702948 -5.56747077502341 615.075833602412 564706120.716821
-0.3807 -0.00318607890541335 -0.00353852769144181 -5.56741743324359 615.000769429407 564707302.016199
-0.3808 -0.00369494745154691 -0.00337733876684545 -5.56755615125077 614.925705256402 564707170.034795
-0.3809 -0.00346234508303294 -0.00321634955156062 -5.56792913102183 614.850641083397 564707285.364013
-0.381 -0.00363424669295012 -0.00306964713287754 -5.56795810750019 614.775576910392 564707630.348226
-0.3811 -0.00321971037407025 -0.00376237667710757 -5.56779904403579 614.700512737387 564706153.489102
-0.3812 -0.00320504616089355 -0.0036397398713046 -5.56829843097659 614.625448564382 564706537.637165
-0.3813 -0.0037575727080298 -0.00365359779994633 -5.56844938718903 614.550384391377 564706368.012604
-0.3814 -0.00298684790001646 -0.00319626471347072 -5.56809146938978 614.475320218372 564707691.775028
-0.3815 -0.00360191354435624 -0.0037586292624502 -5.568524801859 614.400256045367 564706825.940312
-0.3816 -0.00343329605762238 -0.00351965253897741 -5.5692172941491 614.325191872362 564706916.821492
-0.3817 -0.00333604840386265 -0.00345097350247396 -5.56890164822799 614.250127699357 564706913.827291
-0.3818 -0.00384870568852278 -0.00293607443109122 -5.5694546608952 614.175063526352 564706066.965551
-0.3819 -0.00348264277790503 -0.00351486555330574 -5.56959315012898 614.099999353348 564706026.788165
-0.382 -0.003316772448638 -0.00309278669267627 -5.56928912108633 614.024935180343 564707270.164024
-0.3821 -0.00372288869523436 -0.00342415787820605 -5.56966354783036 613.949871007338 564706822.363601
-0.3822 -0.00386155519352856 -0.00305577383649554 -5.5697172285676 613.874806834333 564707397.863935
-0.3823 -0.00384809940883669 -0.00330123302441681 -5.56927836243008 613.799742661328 564707241.912981
-0.3824 -0.00267023844371333 -0.00351061534340021 -5.56976614183209 613.724678488323 564707868.323562
-0.3825 -0.00361798698835148 -0.00300319699686143 -5.57081955400747 613.649614315318 564706039.385615
-0.3826 -0.00382016800638197 -0.00290826769558828 -5.57109464618283 613.574550142313 564703946.32823
-0.3827 -0.00325980634138747 -0.00417510864039231 -5.57220040734836 613.499485969308 564702134.867537
-0.3828 -0.00315478107354188 -0.00335207723984485 -5.57214594724103 613.424421796303 564704010.64876
-0.3829 -0.00384703691604846 -0.00323803298820013 -5.573073289863 613.349357623298 564701315.006431
-0.383 -0.00312508322343212 -0.00363438646874406 -5.57297487583332 613.274293450293 564702434.704579
-0.3831 -0.00374957484382008 -0.00363086616894802 -5.57352439495767 613.199229277288 564702011.691757
-0.3832 -0.0034046724517973 -0.00339743057605899 -5.573051421255 613.124165104284 564702205.947815
-0.3833 -0.00337800540750046 -0.00347566447440434 -5.57360483351915 613.049100931278 564703031.012572
-0.3834 -0.00331988766421362 -0.0032255206760126 -5.57384726897441 612.974036758274 564702702.966798
-0.3835 -0.00317344222854093 -0.00396790919335705 -5.57472966508421 612.898972585269 564702137.751876
-0.3836 -0.0030881538010348 -0.00311019943567104 -5.57424018862436 612.823908412264 564704027.593502
-0.3837 -0.00304453826486337 -0.00369904110869493 -5.57516053275986 612.748844239259 564702270.649393
-0.3838 -0.00379850329890652 -0.00298056504347089 -5.57587879596445 612.673780066254 564700620.427558
-0.3839 -0.00403068829748875 -0.00357598630598382 -5.57623850311938 612.598715893249 564699548.593604
-0.384 -0.0031619844188899 -0.00358846395596368 -5.57626888017036 612.523651720244 564701014.90428
-0.3841 -0.00356252616374559 -0.00350649245407795 -5.57664424891329 612.448587547239 564699897.88181
-0.3842 -0.00309313112618055 -0.00301785598962546 -5.57697576394371 612.373523374234 564701449.000256
-0.3843 -0.00370803653600409 -0.00366688433361289 -5.57787710836785 612.298459201229 564698189.802114
-0.3844 -0.00305700689129774 -0.00365350303168366 -5.57813492090504 612.223395028224 564698980.287149
-0.3845 -0.00342349505791625 -0.00313959669473817 -5.57919833702203 612.148330855219 564698008.401932
-0.3846 -0.00352036257742556 -0.00366024823912584 -5.5798358365867 612.073266682214 564695274.186249
-0.3847 -0.00339192906250555 -0.00336594015844026 -5.57989361304026 611.998202509209 564697262.554687
-0.3848 -0.00347197730619381 -0.00340128294875779 -5.58069535106669 611.923138336205 564695362.88123
-0.3849 -0.00310180521418456 -0.00352180795934787 -5.58092017826959 611.848074163199 564695699.672261
-0.385 -0.00374146429613247 -0.00299184580480903 -5.58203894126922 611.773009990195 564694101.974693
-0.3851 -0.00310107624699685 -0.0036279460986577 -5.58246412205053 611.69794581719 564693855.376687
-0.3852 -0.00379642642533299 -0.00304371982700002 -5.58340287920185 611.622881644185 564693139.654382
-0.3853 -0.00348809414732738 -0.00363909682091549 -5.58298291252856 611.54781747118 564693505.877918
-0.3854 -0.00277710244769386 -0.00332406892858176 -5.58313562559741 611.472753298175 564694350.439851
-0.3855 -0.00372554979876877 -0.00328394841232557 -5.58312842148042 611.39768912517 564693044.268779
-0.3856 -0.00238839819654633 -0.00410775272137494 -5.58351632925512 611.322624952165 564693210.673731
-0.3857 -0.00365095375178417 -0.003296538672 -5.58377237678677 611.24756077916 564691655.682931
-0.3858 -0.00327127915788495 -0.00336538253481708 -5.58474199595049 611.172496606155 564692850.643829
-0.3859 -0.00359136962027888 -0.0033048911085987 -5.58513697093673 611.09743243315 564691699.047111
-0.386 -0.00357724625692874 -0.00320455844971706 -5.58573839052971 611.022368260145 564691267.74498
-0.3861 -0.00309739899770478 -0.00424939054837591 -5.58597978459519 610.94730408714 564690164.483141
-0.3862 -0.00364434987129037 -0.00285515945360023 -5.58614255085193 610.872239914135 564691911.601566
-0.3863 -0.00305957148349689 -0.0038787352942988 -5.58673024457439 610.797175741131 564690947.840393
-0.3864 -0.00391939383982024 -0.00336833457754653 -5.58712477479737 610.722111568126 564689682.457982
-0.3865 -0.00314566373046473 -0.00335661590255431 -5.58706034467377 610.647047395121 564691151.158284
-0.3866 -0.00281825256121255 -0.00399758918868999 -5.58796224786142 610.571983222116 564689567.507857
-0.3867 -0.00363708377973075 -0.00320221114617481 -5.58786651764491 610.496919049111 564690039.023476
-0.3868 -0.00377027067869384 -0.00358003588110987 -5.58776424665376 610.421854876106 564690283.080535
-0.3869 -0.00309485968006296 -0.00341851169523209 -5.58807584357907 610.346790703101 564689705.28854
-0.387 -0.00363037802436372 -0.00336843362562137 -5.58790053560543 610.271726530096 564689186.414132
-0.3871 -0.00344066197619294 -0.00369968256006428 -5.58832897553779 610.196662357091 564689388.153994
-0.3872 -0.00379174743056831 -0.00294507017136105 -5.58870016885884 610.121598184086 564690339.483276
-0.3873 -0.00346454713832101 -0.00370451991325785 -5.58963430172388 610.046534011081 564689610.592732
-0.3874 -0.00270519125391731 -0.00378616913804507 -5.58924603134647 609.971469838076 564690998.169338
-0.3875 -0.00375976169026069 -0.0035700139194064 -5.59037464401573 609.896405665071 564687188.072501
-0.3876 -0.00356398566084932 -0.00354427286881419 -5.59068918628547 609.821341492066 564686958.873934
-0.3877 -0.00348199664131797 -0.00341321736148016 -5.59026047987992 609.746277319061 564688312.095133
-0.3878 -0.00424999364106902 -0.00324891508327465 -5.59065963104071 609.671213146057 564688676.989008
-0.3879 -0.00324587015892411 -0.00335945726491183 -5.59099132071914 609.596148973052 564688237.848352
-0.388 -0.00426356762978112 -0.00362683027882006 -5.59107872897178 609.521084800047 564688546.473674
-0.3881 -0.0030836741851548 -0.00354386076502294 -5.59116110992187 609.446020627042 564689150.863724
-0.3882 -0.00326474485794292 -0.00381225935677025 -5.59168346001903 609.370956454037 564687387.204258
-0.3883 -0.00316725076480031 -0.00282697771525113 -5.59226355106458 609.295892281032 564688220.923327
-0.3884 -0.00386001315500802 -0.0037196727428228 -5.5921091614509 609.220828108027 564687367.546359
-0.3885 -0.00356130259543389 -0.00364305080312692 -5.59298117773433 609.145763935022 564686073.362609
-0.3886 -0.00307210876324475 -0.00351187970709983 -5.59351492515389 609.070699762017 564686671.947554
-0.3887 -0.00409512451265644 -0.00288188573771664 -5.59348107788435 608.995635589012 564686147.29242
-0.3888 -0.00300475259782659 -0.00436359370157038 -5.59368968584678 608.920571416007 564684847.684494
-0.3889 -0.0043345498250662 -0.00278731165507348 -5.59371967811826 608.845507243002 564685713.397521
-0.389 -0.0036616985989658 -0.00355868826667513 -5.5938648908602 608.770443069997 564685287.811284
-0.3891 -0.00320857089656508 -0.00340464475934773 -5.59358175508727 608.695378896992 564686881.608923
-0.3892 -0.00385475351884623 -0.00316101040651276 -5.5934475417537 608.620314723988 564686766.875675
-0.3893 -0.00296005473657908 -0.00385113856452748 -5.59371839992341 608.545250550982 564687793.099081
-0.3894 -0.00345279658661862 -0.00373573942253596 -5.59353235080455 608.470186377978 564686801.036696
-0.3895 -0.00333214397512266 -0.00352102016420697 -5.59262691900627 608.395122204973 564688609.576803
-0.3896 -0.00398569817769669 -0.00353696416952809 -5.5929400667039 608.320058031968 564687404.700119
-0.3897 -0.00330197480768272 -0.00359208469016538 -5.59313654430653 608.244993858963 564689069.341181
-0.3898 -0.00341133600148069 -0.00355353290564222 -5.59311051334882 608.169929685958 564688059.507551
-0.3899 -0.00341403927855283 -0.00359297944807178 -5.59246952791801 608.094865512953 564690186.605839
-0.39 -0.00339541002312096 -0.00332396278679356 -5.59256551161925 608.019801339948 564690052.978936
-0.3901 -0.00352920806482064 -0.00343140627642746 -5.59206700189116 607.944737166943 564688523.980101
-0.3902 -0.00323470272607416 -0.00374069541520163 -5.59208625294478 607.869672993938 564689020.672195
-0.3903 -0.00388882235428579 -0.00335965389017802 -5.59092144455323 607.794608820933 564691578.216581
-0.3904 -0.00367156886883649 -0.00338690426351743 -5.59117021210993 607.719544647928 564691616.221668
-0.3905 -0.0037921372450953 -0.00316684183591832 -5.59117021939646 607.644480474924 564692876.251029
-0.3906 -0.00354123041193961 -0.00302763105026278 -5.59106650721302 607.569416301918 564692932.291285
-0.3907 -0.00355899677748705 -0.0041428652628675 -5.59054244551862 607.494352128914 564692925.980667
-0.3908 -0.0030694588437929 -0.00366112160037557 -5.59067941367943 607.419287955909 564693670.320993
-0.3909 -0.00396006839559934 -0.00293610273595607 -5.59082524355087 607.344223782904 564693480.994615
-0.391 -0.00384696418764692 -0.00357860123332763 -5.59046537244035 607.269159609899 564694789.009038
-0.3911 -0.00350189039507632 -0.00362812891249957 -5.590824555246 607.194095436894 564694815.710037
-0.3912 -0.0034882463127795 -0.00357721259449764 -5.59039711687478 607.119031263889 564695139.662117
-0.3913 -0.00338955855370958 -0.00377320670531692 -5.59036108098462 607.043967090884 564695560.522528
-0.3914 -0.00378322356637865 -0.00333340309367323 -5.59072404777467 606.968902917879 564695436.88593
-0.3915 -0.00331662580171248 -0.0036178201176712 -5.59070066899415 606.893838744874 564696005.273504
-0.3916 -0.00330737236452308 -0.00309076186257472 -5.59042886947433 606.818774571869 564697711.811411
-0.3917 -0.00332312031819269 -0.00384179833716977 -5.59110267549142 606.743710398864 564694957.14786
-0.3918 -0.00335130928170119 -0.00364253714331924 -5.59108994436993 606.668646225859 564694761.911217
-0.3919 -0.00307390449018368 -0.00340495650777474 -5.5911339091425 606.593582052854 564696348.524384
-0.392 -0.00336902371538039 -0.00366728003533137 -5.59127840359054 606.518517879849 564696230.875935
-0.3921 -0.00347377840306258 -0.00308461903868202 -5.59132402583979 606.443453706845 564696798.961111
-0.3922 -0.0029806809003993 -0.00430454964232192 -5.59122270568281 606.368389533839 564695777.162223
-0.3923 -0.00314351306524468 -0.00363563509790182 -5.59142207284176 606.293325360835 564695589.087402
-0.3924 -0.00336742648113225 -0.00370622819329296 -5.59129811712476 606.21826118783 564694699.242436
-0.3925 -0.00361482492261703 -0.00296533257794865 -5.5912619479569 606.143197014825 564695268.897781
-0.3926 -0.00378426477413058 -0.00368582426091253 -5.59186715651098 606.06813284182 564693271.046092
-0.3927 -0.00330591921110595 -0.00385247033078307 -5.59031240692568 605.993068668815 564697869.444945
-0.3928 -0.00354697277337761 -0.0029863607717446 -5.59132291343362 605.91800449581 564695049.122606
-0.3929 -0.00362386426741105 -0.00380254116854012 -5.59143002227308 605.842940322805 564694961.998805
-0.393 -0.00295351915476003 -0.00339770537808382 -5.59141520808276 605.7678761498 564696759.322955
-0.3931 -0.00324181417312987 -0.00380549497427956 -5.59159140875588 605.692811976795 564694985.287116
-0.3932 -0.00359830925178233 -0.00350116074549043 -5.59111648965723 605.61774780379 564696461.045774
-0.3933 -0.00341380822636416 -0.00362598944773584 -5.59116807025334 605.542683630785 564695973.909329
-0.3934 -0.00352867542527795 -0.00328123417108722 -5.59123956215851 605.46761945778 564695744.633309
-0.3935 -0.00349481727158124 -0.00364279630858926 -5.59095813257013 605.392555284775 564695412.302169
-0.3936 -0.00353448131838594 -0.00345746348940611 -5.59162972568067 605.317491111771 564694202.978455
-0.3937 -0.00340411823747347 -0.0035925918897232 -5.59236528230687 605.242426938766 564693405.057504
-0.3938 -0.00313246081718863 -0.0033282894631279 -5.59215603003242 605.167362765761 564694138.83756
-0.3939 -0.00350694350231289 -0.00325827905446075 -5.59171415727551 605.092298592756 564693982.660147
-0.394 -0.0032446106713194 -0.00369157041384374 -5.59216288496078 605.017234419751 564693613.021705
-0.3941 -0.00376091150580319 -0.00354037998189978 -5.59262743191934 604.942170246746 564692339.173759
-0.3942 -0.0032322837655697 -0.00378515325675878 -5.59301404968329 604.867106073741 564692336.085232
-0.3943 -0.00350187604214384 -0.00359358637153773 -5.59308579349848 604.792041900736 564693096.577047
-0.3944 -0.00309959911102081 -0.00369160385453453 -5.59331785609129 604.716977727731 564692143.490692
-0.3945 -0.00368121688217311 -0.00315289448931601 -5.59375054980357 604.641913554726 564691915.792231
-0.3946 -0.00363894175585369 -0.00347330279878185 -5.59292469045705 604.566849381721 564693169.874978
-0.3947 -0.00369490745314021 -0.00330264157099602 -5.59313541653652 604.491785208716 564693190.024519
-0.3948 -0.00308866321322839 -0.00360426690660443 -5.59419008295677 604.416721035711 564692121.077443
-0.3949 -0.00354182686797427 -0.00338337935423816 -5.59435230632543 604.341656862706 564691340.083682
-0.395 -0.0024829383620962 -0.00444462959487979 -5.59312542667656 604.266592689701 564692981.403761
-0.3951 -0.00419056997985604 -0.00316231404033876 -5.59414968315213 604.191528516697 564691735.605618
-0.3952 -0.00367176415797053 -0.00299659641355808 -5.59380083461926 604.116464343692 564692241.666255
-0.3953 -0.00393824367713955 -0.00308233876446889 -5.59412964930594 604.041400170687 564691536.837445
-0.3954 -0.00308380674124311 -0.00387853243068548 -5.59419339074062 603.966335997682 564692105.562666
-0.3955 -0.00340064342657474 -0.00385986823002221 -5.5937072042529 603.891271824677 564693074.871172
-0.3956 -0.00371684325559499 -0.00334367267709479 -5.59394994065322 603.816207651672 564692183.675836
-0.3957 -0.00297925353150938 -0.0044221414921987 -5.59377848233724 603.741143478667 564692452.059582
-0.3958 -0.00395356341413166 -0.00332354483556568 -5.59442388170317 603.666079305662 564692564.309642
-0.3959 -0.00324804650561174 -0.00396250430518178 -5.5943016575179 603.591015132657 564693410.528786
-0.396 -0.00348886523701465 -0.00350764521802822 -5.59489527554306 603.515950959652 564691484.200031
-0.3961 -0.00351207750182257 -0.00352659326195126 -5.59462450420511 603.440886786647 564692485.759554
-0.3962 -0.00356753710905952 -0.00343720425539588 -5.59472669221472 603.365822613642 564691213.963257
-0.3963 -0.00357437889412006 -0.0036665719291556 -5.59499430146596 603.290758440637 564691324.862056
-0.3964 -0.00383543592838867 -0.00346523387105954 -5.59515544469784 603.215694267632 564692474.70979
-0.3965 -0.00387805538496665 -0.00365154070783486 -5.59504121252853 603.140630094628 564691908.373971
-0.3966 -0.00352376191413484 -0.00321461661082495 -5.59495323383263 603.065565921622 564692659.573816
-0.3967 -0.00379357365874383 -0.00320067297554302 -5.59478797292627 602.990501748618 564692204.068027
-0.3968 -0.00310967929900285 -0.00353152521103981 -5.59466062663569 602.915437575613 564693249.032568
-0.3969 -0.00312133559628521 -0.00403431050219669 -5.59517657618073 602.840373402608 564691967.291394
-0.397 -0.00364320431142219 -0.00354699028768831 -5.59563480649259 602.765309229603 564691924.137894
-0.3971 -0.00322378020286185 -0.00391760643577233 -5.59529537014461 602.690245056598 564692839.134671
-0.3972 -0.00351697913208702 -0.00336050503400928 -5.59537321081751 602.615180883593 564692449.773606
-0.3973 -0.00305651646971024 -0.00395959479034699 -5.59543320217136 602.540116710588 564692443.618787
-0.3974 -0.00400937601331046 -0.00292160474858176 -5.59562787341939 602.465052537583 564693953.868028
-0.3975 -0.00356473229445222 -0.00381222232368555 -5.59574283636325 602.389988364578 564692913.877103
-0.3976 -0.00314914736423405 -0.00343506548056783 -5.596295921747 602.314924191573 564693275.839575
-0.3977 -0.00349772031121428 -0.00313437067103976 -5.59616945540834 602.239860018568 564694059.883543
-0.3978 -0.00363125617279415 -0.00377844838188148 -5.59565909140657 602.164795845563 564693056.709704
-0.3979 -0.00301350090230091 -0.00325806104613621 -5.59557815348673 602.089731672558 564694718.991132
-0.398 -0.00329632260827501 -0.0044821164687276 -5.59532809548113 602.014667499554 564693676.87345
-0.3981 -0.00396641844048182 -0.00315253936117467 -5.59517096612847 601.939603326549 564695770.02581
-0.3982 -0.00360406055765311 -0.00403933270010043 -5.59560222090362 601.864539153544 564694146.653386
-0.3983 -0.00341236498839197 -0.00367922930758883 -5.59548024900077 601.789474980539 564696065.157572
-0.3984 -0.00335595577079955 -0.00405703622889409 -5.59572977658422 601.714410807534 564696238.388463
-0.3985 -0.00324375824360154 -0.003400183780864 -5.59563064335566 601.639346634529 564695813.900476
-0.3986 -0.0041745233063836 -0.00356232695655069 -5.59590587709938 601.564282461524 564695036.101594
-0.3987 -0.00349298711407803 -0.00338105251529023 -5.59552930997374 601.489218288519 564696384.205631
-0.3988 -0.00420448994912591 -0.00362328191050392 -5.59592679176349 601.414154115514 564694384.633101
-0.3989 -0.00308546727045666 -0.00370352611089802 -5.59632423467487 601.339089942509 564695000.792908
-0.399 -0.00318232993584056 -0.00361511466524495 -5.59641912368762 601.264025769504 564695508.525746
-0.3991 -0.0034095382444305 -0.00345625936682597 -5.59666576739797 601.188961596499 564694580.498812
-0.3992 -0.00386697849010398 -0.0033605436062841 -5.59730507877077 601.113897423494 564695136.982701
-0.3993 -0.00321002421184952 -0.00359909230508474 -5.59762489211009 601.038833250489 564694826.939547
-0.3994 -0.00389669404540746 -0.00345666050063148 -5.59847551227836 600.963769077484 564692906.402725
-0.3995 -0.00373972751606962 -0.00315691599726052 -5.59873123815296 600.888704904479 564692531.333784
-0.3996 -0.0035390215252324 -0.00379292665823366 -5.5988588479165 600.813640731475 564692489.360781
-0.3997 -0.00354216685025621 -0.00364931799816643 -5.59992062531789 600.73857655847 564692189.481479
-0.3998 -0.00323433962861003 -0.00413065267273475 -5.59956402936284 600.663512385465 564692122.263965
-0.3999 -0.00354982265518628 -0.00312171316463516 -5.60007164701868 600.58844821246 564692811.149113
-0.4 -0.00349918604739832 -0.00351415249127756 -5.60136377941481 600.513384039455 564689583.936237

