# Fix print output for fix defprint
0 0.0740349655346303 0.00872758196283912 -0.357550596857569 46.9026796886387 71007.7777141416
-0.000100000000000099 -0.0673880345992755 -0.0393419375851598 -0.419809077891327 46.8979894206698 70944.9482878901
-0.000199999999999895 0.0551859581120597 0.0475137928097929 -0.382858353888378 46.893299152701 71006.2794016604
-0.000299999999999994 -0.022681090171245 -0.0794221187064749 -0.479620054124172 46.8886088847321 70937.9722709874
-0.000400000000000093 0.0537411280233457 0.0743853227612758 -0.42035761786576 46.8839186167632 71003.3800813451
-0.000499999999999889 -0.0814786552593991 -0.0343578012881704 -0.499079684101649 46.8792283487944 70933.5412157914
-0.000599999999999988 0.0730906751909613 0.0313792621003518 -0.443118513500551 46.8745380808255 70984.4531115297
-0.000700000000000087 -0.0352333058855369 -0.0570719329775143 -0.520284850917788 46.8698478128566 70923.5306987923
-0.000799999999999883 0.00756112285601349 0.0799798512349145 -0.491715556812413 46.8651575448878 70980.5989479003
-0.000899999999999982 0.00339092063193589 -0.0611600845022381 -0.533165497842927 46.8604672769189 70929.4387580459
-0.00100000000000008 0.0513813778757081 0.0493726513382768 -0.498943691580136 46.8557770089501 70981.3129705212
-0.00109999999999988 -0.0865874678948517 -0.00266156282533843 -0.547307486568376 46.8510867409812 70926.3683115815
-0.00119999999999998 0.0645698875759166 -0.0107951129376973 -0.521659034931135 46.8463964730123 70963.3186832538
-0.00130000000000007 -0.0260781681384022 -0.0262512057430798 -0.591177942989898 46.8417062050435 70921.8793258687
-0.00139999999999987 -0.0208401832916522 0.0499947073820331 -0.562785580052146 46.8370159370746 70937.4755700818
-0.00149999999999997 0.0258889595959229 -0.0195315171341391 -0.60428383047876 46.8323256691057 70932.7496417636
-0.00160000000000007 0.0267473042800582 -0.00992233519578339 -0.609171251220902 46.8276354011369 70936.5093813375
-0.00169999999999986 -0.019415766696903 0.0784884813084598 -0.598269227635491 46.822945133168 70949.0412043288
-0.00179999999999996 0.000773123273761271 -0.0768482696495383 -0.659923623423087 46.8182548651992 70906.6101053906
-0.00190000000000006 0.082294148289875 0.0312113418944298 -0.614152097027355 46.8135645972303 70950.9972166922
-0.00199999999999986 -0.129074134326515 -0.0243359483943955 -0.703150131478958 46.8088743292614 70867.6024609061
-0.00209999999999996 0.0828663894211785 0.100392109049407 -0.612132154010826 46.8041840612926 70962.4202728221
-0.00220000000000006 -0.0170760619595857 -0.166905534218541 -0.732693090641102 46.7994937933237 70864.6265965423
-0.00229999999999985 0.0253108075520687 0.178651852634347 -0.62271743411212 46.7948035253548 70976.0139611429
-0.00239999999999995 -0.126116395842934 -0.144881184394845 -0.805132868973757 46.790113257386 70838.4025922029
-0.00250000000000005 0.169723098752715 0.1017940397229 -0.645116342381273 46.7854229894171 70982.016354029
-0.00260000000000015 -0.177785838709502 -0.121473554406667 -0.842314984393977 46.7807327214482 70816.4615809998
-0.00269999999999995 0.140031730350462 0.175047031853424 -0.661637779985064 46.7760424534794 70994.3554233606
-0.00280000000000004 -0.0949486079564308 -0.213449916340396 -0.874060668567518 46.7713521855105 70815.9082626266
-0.00290000000000014 0.109487091629146 0.200585888412355 -0.688152329404753 46.7666619175416 70998.5082611602
-0.00299999999999994 -0.13987904062908 -0.170846849399995 -0.877858545805798 46.7619716495728 70796.8757671083
-0.00310000000000004 0.183623083790333 0.148901435681093 -0.709537393070672 46.7572813816039 70986.9485595862
-0.00320000000000014 -0.168186539616861 -0.178755173644544 -0.928464819495499 46.752591113635 70789.9116799821
-0.00329999999999993 0.110513463864943 0.230471363996128 -0.750007623374029 46.7479008456662 70986.9566209908
-0.00340000000000003 -0.141771855981183 -0.209587469635415 -0.977982184919052 46.7432105776973 70787.6833607191
-0.00350000000000013 0.136053945250719 0.166092797574573 -0.783744709850279 46.7385203097285 70975.4695337062
-0.00359999999999993 -0.17763289174451 -0.129694303841763 -0.965822044471987 46.7338300417596 70786.2863933695
-0.00370000000000003 0.162477306595128 0.135679522534151 -0.771281455838613 46.7291397737907 70958.7038459137
-0.00380000000000012 -0.14222510495501 -0.176306914791979 -0.99592456144528 46.7244495058219 70782.626316281
-0.00389999999999992 0.133165743189647 0.157579173439223 -0.830536878289242 46.719759237853 70949.5146404867
-0.00400000000000002 -0.130627014963411 -0.124752673269812 -1.03778800218496 46.7150689698841 70798.793338249
-0.00410000000000012 0.140448183154626 0.0919162649242082 -0.896114192238719 46.7103787019153 70933.8680080658
-0.00419999999999991 -0.130425504967544 -0.0526269855486338 -1.01656784965689 46.7056884339464 70803.5284867725
-0.00430000000000001 0.105946855829941 0.0763903503684802 -0.908255565846129 46.7009981659776 70916.5163009885
-0.00440000000000011 -0.068251815704481 -0.0964633841219576 -1.04368319421972 46.6963078980087 70804.0064959981
-0.00449999999999991 0.0711586002769719 0.0742833941769557 -0.97336436373627 46.6916176300398 70893.582523344
-0.00460000000000001 -0.0865889654438768 -0.0496292595703643 -1.06544360710416 46.686927362071 70809.4164023407
-0.00470000000000011 0.0900283550315471 0.0385697748130694 -0.992640371134824 46.6822370941021 70896.3883955904
-0.0047999999999999 -0.0719452942901807 -0.024584292427938 -1.081057362963 46.6775468261332 70821.3894667911
-0.0049 0.0580695750123251 0.027741804863454 -1.03428619422992 46.6728565581644 70865.9685647015
-0.0050000000000001 -0.0239043196372713 -0.0128261847760191 -1.08941862892055 46.6681662901955 70820.8147849167
-0.0050999999999999 0.039852115596911 0.0250940054729074 -1.07377625043178 46.6634760222266 70847.2312559163
-0.00519999999999999 -0.0104918874790834 0.0012550710527033 -1.11752549131836 46.6587857542578 70828.7992767357
-0.00530000000000009 0.000248545619111116 0.00567597239534201 -1.11242802826856 46.6540954862889 70845.1304451543
-0.00539999999999989 0.00871934563539535 -0.00810167506636634 -1.1277605106117 46.6494052183201 70835.3831026823
-0.00549999999999999 0.00789938784292906 -0.039085749656956 -1.14048705152953 46.6447149503512 70820.756863862
-0.00560000000000009 0.019229035032657 0.00916050297841756 -1.14151492143514 46.6400246823823 70834.5235989159
-0.00569999999999988 -0.0177137997841254 -0.0297491170065715 -1.17726803718191 46.6353344144135 70798.3300033109
-0.00579999999999998 0.0653882629571397 0.0469261313789988 -1.16354320669408 46.6306441464446 70843.8070277807
-0.00590000000000008 -0.0675857577575983 -0.0554104094148387 -1.23280615371047 46.6259538784757 70768.9551899671
-0.00599999999999988 0.106567855679134 0.0457067322800618 -1.16723492196767 46.6212636105069 70854.6553189062
-0.00609999999999998 -0.108597444939351 -0.0726544965728612 -1.29898302341869 46.616573342538 70751.3274337445
-0.00620000000000008 0.108120096271573 0.1046677653276 -1.19694375486744 46.6118830745691 70875.7881295826
-0.00629999999999987 -0.134292658299721 -0.137764476475066 -1.35161409354681 46.6071928066003 70729.872094506
-0.00639999999999997 0.180086429538434 0.135282144437466 -1.15517995690283 46.6025025386314 70892.8820849939
-0.00650000000000007 -0.236120533210312 -0.142079966071417 -1.38616840291647 46.5978122706625 70684.7525620523
-0.00659999999999987 0.217952630428976 0.205464985834291 -1.14033175618702 46.5931220026937 70917.6763910215
-0.00669999999999996 -0.237492956567038 -0.238064857131056 -1.47822446382176 46.5884317347248 70658.9557590836
-0.00680000000000006 0.269701983843937 0.226090689042199 -1.18146531487832 46.583741466756 70930.5347750216
-0.00689999999999986 -0.288179067865056 -0.220942339374192 -1.50577160926543 46.5790511987871 70641.8133925617
-0.00699999999999996 0.267731591483009 0.20496447383665 -1.18406249466399 46.5743609308182 70925.5490915157
-0.00710000000000006 -0.271419011366265 -0.216850866138428 -1.49976569523911 46.5696706628494 70639.4850103672
-0.00719999999999985 0.238829839431892 0.200573101913691 -1.23282203323746 46.5649803948805 70911.0499004884
-0.00729999999999995 -0.233180069561438 -0.234808734263581 -1.53685357828738 46.5602901269116 70637.9598224024
-0.00740000000000005 0.207520787764342 0.216353900614181 -1.26324956378009 46.5555998589428 70900.3360514301
-0.00750000000000015 -0.230239956131035 -0.212920762508868 -1.54217428567619 46.5509095909739 70644.5601808062
-0.00759999999999995 0.186450508577614 0.18608529879731 -1.29680366506414 46.546219323005 70882.6208409094
-0.00770000000000004 -0.163024961141902 -0.208267621087028 -1.5555532791837 46.5415290550362 70651.5093167812
-0.00780000000000014 0.178951815928145 0.196773698704336 -1.35456743135173 46.5368387870673 70863.7518012171
-0.00789999999999994 -0.14796336048949 -0.155252982304048 -1.57552939395162 46.5321485190985 70668.6658614588
-0.00800000000000004 0.135842104942008 0.158813493507489 -1.39633137892618 46.5274582511296 70851.2247677959
-0.00810000000000014 -0.140032981862558 -0.145994295461117 -1.58709688760498 46.5227679831607 70682.0696482284
-0.00819999999999993 0.120661219141065 0.137370070403668 -1.44173439529142 46.5180777151919 70820.4629456645
-0.00830000000000003 -0.122377444458203 -0.112175593689213 -1.61834886065237 46.513387447223 70674.3827829979
-0.00840000000000013 0.0957647651676099 0.112026476762315 -1.4761934536432 46.5086971792541 70799.5605157605
-0.00849999999999993 -0.0643138122710845 -0.101434823573472 -1.6151685198428 46.5040069112853 70699.0489089453
-0.00860000000000003 0.0607813568280429 0.0971218147050234 -1.50820294084603 46.4993166433164 70795.0633212189
-0.00870000000000013 -0.0807030875613579 -0.0611518096917306 -1.64477636612032 46.4946263753475 70711.2267045438
-0.00879999999999992 0.0840977242321044 0.0353776310852803 -1.57588494716796 46.4899361073787 70784.4717398594
-0.00890000000000002 -0.0582167928102709 -0.0496173345886354 -1.65232553280149 46.4852458394098 70703.6599403314
-0.00900000000000012 0.0305567471889118 0.0585096955228052 -1.60310259638199 46.4805555714409 70754.8948220865
-0.00909999999999992 -0.0112490723500947 -0.0599016505865147 -1.6497078075237 46.4758653034721 70700.5993348987
-0.00920000000000001 0.0566039012659454 0.0229058995151698 -1.61623269475863 46.4711750355032 70747.891813991
-0.00930000000000011 -0.0513503055866339 0.00809085895947077 -1.69021532123989 46.4664847675344 70709.7823900712
-0.00939999999999991 0.051031418207155 0.00361231163716189 -1.68807179115373 46.4617944995655 70744.0108797943
-0.00950000000000001 -0.01409329609764 -0.0427325026188987 -1.72486416460563 46.4571042315966 70704.5843870803
-0.00960000000000011 0.014237517462738 0.0417308822883444 -1.6909147400483 46.4524139636278 70731.6605373942
-0.0096999999999999 -0.0269026312970099 -0.0227082956258896 -1.71817413053092 46.4477236956589 70706.2222346655
-0.0098 0.0203675441251945 -0.0113380536523022 -1.72413049428893 46.44303342769 70711.8461700551
-0.0099000000000001 -0.00179725034032685 0.0302222416045474 -1.7478618221048 46.4383431597212 70707.096252653
-0.0099999999999999 0.00986443986980389 -0.0047074730130701 -1.77782938612527 46.4336528917523 70701.8464753171
-0.0101 0.0109625089662517 0.0432068492929149 -1.7562792236789 46.4289626237834 70722.9300996396
-0.0102000000000001 0.00271088280787466 -0.0580804261775983 -1.81426009618729 46.4242723558146 70681.2652788621
-0.0102999999999999 0.0317797514741392 0.0747146348067276 -1.76991691434035 46.4195820878457 70716.7016887044
-0.0104 -0.064606627212946 -0.0329198236499946 -1.85153944811115 46.4148918198769 70655.2915321967
-0.0105000000000001 0.0882000058044587 0.0528170990262128 -1.77778283868783 46.410201551908 70732.0524511505
-0.0105999999999999 -0.0790965123225171 -0.0772464651191812 -1.88783454173561 46.4055112839391 70649.2195084833
-0.0107 0.0475371178310037 0.106015830848759 -1.80560736001673 46.4008210159703 70741.169591265
-0.0108000000000001 -0.0818544986395872 -0.133789260042558 -1.93816077611103 46.3961307480014 70625.6242608509
-0.0108999999999999 0.109953063329325 0.1231574422847 -1.80191025403708 46.3914404800325 70745.3872037498
-0.011 -0.144920894287031 -0.0949667642104403 -1.97929653099764 46.3867502120637 70605.1076469063
-0.0111000000000001 0.158547872532323 0.116864638752785 -1.82785698039378 46.3820599440948 70757.4845382728
-0.0111999999999999 -0.133766971870022 -0.138802147466568 -2.00938763752669 46.377369676126 70606.5876156626
-0.0113 0.0987114496763373 0.149876556220778 -1.84038035648774 46.3726794081571 70761.8762711834
-0.0114000000000001 -0.13858933610553 -0.173196276093432 -2.04414515744244 46.3679891401882 70582.7636505743
-0.0114999999999999 0.187591060590964 0.136738070646064 -1.86165922437636 46.3632988722194 70756.4635380646
-0.0116 -0.223840771981513 -0.122909162731725 -2.1077831060509 46.3586086042505 70564.603748603
-0.0117000000000001 0.17734881480358 0.165863156128095 -1.87614346043031 46.3539183362816 70755.9744583265
-0.0117999999999999 -0.143878464875236 -0.204288804037595 -2.11462234672999 46.3492280683128 70559.7058201584
-0.0119 0.151333168139579 0.200613802710542 -1.89846805434702 46.3445378003439 70759.4997411827
-0.0120000000000001 -0.187025641641644 -0.168074150261477 -2.15308332643661 46.339847532375 70558.0686074252
-0.0120999999999999 0.196921252232722 0.115010987790363 -1.94729243501689 46.3351572644062 70750.9480933751
-0.0122 -0.18976960578492 -0.13067872615887 -2.15665901392079 46.3304669964373 70554.6636824281
-0.0123000000000001 0.147478180299589 0.183260735809857 -1.9508089437355 46.3257767284684 70738.0949380542
-0.0124000000000002 -0.0982469524189507 -0.188434497906161 -2.17579603221267 46.3210864604996 70551.0674531505
-0.0124999999999999 0.126102134572619 0.160822237084666 -2.01595384104695 46.3163961925307 70725.9131287902
-0.0126 -0.185216153415685 -0.124994824872839 -2.20388388832921 46.3117059245618 70546.6590769722
-0.0127000000000001 0.169371595087702 0.0786047344540036 -2.03671243761986 46.307015656593 70721.2962980018
-0.0127999999999999 -0.128138385891562 -0.155878622338114 -2.21863641651824 46.3023253886241 70552.5871487589
-0.0129 0.0890922212775561 0.186231390751091 -2.06295429858806 46.2976351206553 70706.7017617577
-0.0130000000000001 -0.0780161443526041 -0.189399803109499 -2.2656544316782 46.2929448526864 70537.4662729094
-0.0130999999999999 0.114529386009678 0.131202231817991 -2.09883711289552 46.2882545847175 70686.6150732975
-0.0132 -0.152634130619512 -0.0910226981007841 -2.26767441854247 46.2835643167487 70558.7998158955
-0.0133000000000001 0.117447204918786 0.0570906078931328 -2.13765245436128 46.2788740487798 70680.935642566
-0.0133999999999999 -0.0771941809614526 -0.0832110976363428 -2.27546067997964 46.2741837808109 70574.9141173027
-0.0135 0.0667635706041633 0.113896278708366 -2.18743360246449 46.2694935128421 70660.9701663291
-0.0136000000000001 -0.0492115114359981 -0.0559873777770335 -2.28354690018853 46.2648032448732 70566.8509152049
-0.0136999999999999 0.087680152327509 0.0344849713052029 -2.23410087196507 46.2601129769044 70639.9991921728
-0.0138 -0.0909879892979527 0.00947541679745263 -2.31286719275476 46.2554227089355 70584.5998244511
-0.0139000000000001 0.0975815692213872 0.0117242297253307 -2.26745980551201 46.2507324409666 70637.1189082127
-0.0139999999999999 -0.0373483959655646 -0.0327452148679147 -2.34117142136694 46.2460421729978 70588.2582062387
-0.0141 0.038815773428728 0.0289462730651372 -2.30157784280031 46.2413519050289 70613.8445485909
-0.0142000000000001 -0.00859166002562363 0.00776022380137302 -2.34954073373866 46.23666163706 70592.9320296326
-0.0142999999999999 0.0183319288866195 -0.0268180850785936 -2.35780535575919 46.2319713690912 70592.1284130448
-0.0144 0.00684466663326508 0.0189767806793008 -2.36322466994008 46.2272811011223 70595.9898475504
-0.0145000000000001 -0.0326685192567241 -0.0150146118378646 -2.4029137435336 46.2225908331534 70580.1105185627
-0.0145999999999999 0.0377798400959382 0.0303039757339827 -2.37705821232208 46.2179005651846 70613.234787774
-0.0147 -0.0654315021183477 -0.0376639065495595 -2.45494468080659 46.2132102972157 70563.1306728623
-0.0148000000000001 0.0752391377677199 0.0282107372346493 -2.37693556772219 46.2085200292468 70611.9680316871
-0.0148999999999999 -0.0734132712505638 -0.0585040951765386 -2.46121501859412 46.203829761278 70540.4102698638
-0.015 0.0764486492047076 0.078530981106272 -2.37779715985981 46.1991394933091 70624.5864294008
-0.0151000000000001 -0.0902215440069966 -0.104403368546365 -2.52828037817335 46.1944492253403 70523.5141020499
-0.0151999999999999 0.117417955115127 0.0811298410030142 -2.42367974581419 46.1897589573714 70634.1541806208
-0.0153 -0.163626972737086 -0.081640431070903 -2.57326563154799 46.1850686894025 70505.2578187935
-0.0154000000000001 0.149374652576029 0.122920057403584 -2.40028238392137 46.1803784214337 70640.5583469649
-0.0154999999999999 -0.13860731289958 -0.152027990959408 -2.59852317638293 46.1756881534648 70472.2076100642
-0.0156 0.146251672522186 0.173595560090652 -2.40560035772488 46.1709978854959 70662.3108253048
-0.0157000000000001 -0.181657636865824 -0.195737856035955 -2.65820688380838 46.1663076175271 70452.3625141414
-0.0157999999999999 0.206298887071906 0.189644107540695 -2.41967222053256 46.1616173495582 70682.0853269601
-0.0159 -0.238625535977211 -0.219831532244694 -2.7237762272665 46.1569270815893 70424.3116423737
-0.0160000000000001 0.222804613321648 0.261547225312122 -2.39798709031173 46.1522368136205 70696.1442402888
-0.0160999999999999 -0.231378563067162 -0.286243262928824 -2.75501573118136 46.1475465456516 70391.8086310988
-0.0162 0.248174346116946 0.274946046081117 -2.42311066113527 46.1428562776828 70694.579167534
-0.0163000000000001 -0.262509602327176 -0.264263164047794 -2.80732806806043 46.1381660097139 70394.7832220687
-0.0163999999999999 0.273799156859613 0.269100476376328 -2.43985112418662 46.133475741745 70707.528694741
-0.0165 -0.251681519316678 -0.254018869892939 -2.82300813209976 46.1287854737762 70400.7322717628
-0.0166000000000001 0.24662317667172 0.242540385125956 -2.51254126317894 46.1240952058073 70680.2512300621
-0.0166999999999999 -0.208478085982113 -0.219126486088647 -2.83353565013688 46.1194049378384 70400.699006849
-0.0168 0.179218076375461 0.209594573725463 -2.5585986232346 46.1147146698696 70641.2813919485
-0.0169000000000001 -0.181819263919602 -0.157343001854191 -2.83271779552821 46.1100244019007 70424.213678259
-0.0169999999999999 0.18039390601853 0.175811834113383 -2.61918331144536 46.1053341339318 70633.3237493116
-0.0171 -0.175087740763702 -0.13014537698878 -2.85375311671817 46.100643865963 70437.9977730684
-0.0172000000000001 0.146644519781835 0.110506403035478 -2.66291500032905 46.0959535979941 70601.4129256353
-0.0173 -0.141131221556827 -0.104427224781828 -2.83962301995471 46.0912633300252 70445.744760477
-0.0173999999999999 0.134455959563058 0.0962254511610056 -2.68539987464719 46.0865730620564 70580.4297238857
-0.0175 -0.13371590754257 -0.0820903135354615 -2.85563276874905 46.0818827940875 70458.5496596063
-0.0176000000000001 0.128369249292061 0.0711746578952372 -2.75207619238135 46.0771925261187 70576.6697025644
-0.0176999999999999 -0.114462372509378 -0.072059276525905 -2.89190622075835 46.0725022581498 70458.4812013458
-0.0178 0.0816810897997439 0.0764028355138994 -2.77379367290286 46.0678119901809 70554.1529116767
-0.0179000000000001 -0.0960498434881458 -0.068453093534183 -2.89857380144701 46.0631217222121 70454.2440976395
-0.0179999999999999 0.0987996795145853 0.0848481093784027 -2.81444117611627 46.0584314542432 70547.1105978614
-0.0181 -0.0567946192007138 -0.0789795251139163 -2.94934554894196 46.0537411862743 70458.2541266443
-0.0182000000000001 0.0578348943710656 0.0725992228068734 -2.88087863515466 46.0490509183055 70536.5415352227
-0.0182999999999999 -0.0379874068912101 -0.0785948295237637 -2.95940256763669 46.0443606503366 70465.8683745237
-0.0184 0.0630054704699575 0.0740171114967322 -2.87755892112986 46.0396703823677 70549.9648320279
-0.0185000000000001 -0.0636320144876342 -0.0717000620448727 -2.98442527618738 46.0349801143989 70455.4439108155
-0.0185999999999999 0.0491922174741297 0.100181972901799 -2.90391587686173 46.03028984643 70525.89433146
-0.0187 -0.0676281662325173 -0.0740987517226415 -3.02610078653299 46.0255995784612 70442.4640413035
-0.0188000000000001 0.0510477514633009 0.0635584490201737 -2.94721477515587 46.0209093104923 70516.8284749406
-0.0188999999999999 -0.079325708179431 -0.023265015988206 -3.02695323769364 46.0162190425234 70460.9825651264
-0.019 0.0726730360550313 0.0220504196781124 -2.97743418534802 46.0115287745546 70511.6597123255
-0.0191000000000001 -0.0392391925387961 -0.0209011081895548 -3.05167695994785 46.0068385065857 70457.222923305
-0.0191999999999999 0.0218695912995428 0.00612057918096381 -3.02206736384521 46.0021482386168 70473.0449595916
-0.0193 -0.0221492990195254 0.0635565114660914 -3.03987763779081 45.997457970648 70470.2926761011
-0.0194000000000001 0.0594224779544911 -0.0430584585822984 -3.07253810297227 45.9927677026791 70470.7320036387
-0.0194999999999999 -0.0350252959231543 0.0467737080480928 -3.08779022076916 45.9880774347102 70479.1323172493
-0.0196 -0.0130243100517896 -0.0276319613645396 -3.1110218141879 45.9833871667414 70448.303060963
-0.0197000000000001 0.0372579295787448 0.0289067694688496 -3.07753983717163 45.9786968987725 70471.753133633
-0.0197999999999999 -0.0492968087712536 -0.0342443330891472 -3.11700280990701 45.9740066308037 70427.1615948402
-0.0199 0.0501319053670601 0.0335742113595007 -3.09721707112374 45.9693163628348 70487.6909823916
-0.0200000000000001 -0.0465722072488936 -0.0643637313061786 -3.19993935661285 45.9646260948659 70421.0498278395
-0.0200999999999999 0.100115942913207 0.0513094314000032 -3.10831544656572 45.9599358268971 70492.3043901987
-0.0202 -0.114222675964597 -0.0406982642315333 -3.22936503131036 45.9552455589282 70402.5723003404
-0.0203000000000001 0.152534957388086 0.0441298838123748 -3.11215731640659 45.9505552909593 70498.125898876
-0.0203999999999999 -0.129223927518321 -0.0840797447778047 -3.26692669752041 45.9458650229905 70371.1316947318
-0.0205 0.134232486620398 0.111106485275522 -3.12636214244313 45.9411747550216 70503.9163502607
-0.0206000000000001 -0.114357111483961 -0.127644125319959 -3.29759870292731 45.9364844870527 70367.3054255483
-0.0206999999999999 0.138148190191422 0.123190873456066 -3.14289399270758 45.9317942190839 70519.4278207526
-0.0208 -0.182690612864079 -0.0980372076110462 -3.34558961128472 45.927103951115 70355.4704245838
-0.0209000000000001 0.182295089630495 0.137755520757573 -3.15285009547496 45.9224136831461 70529.5024145714
-0.0209999999999999 -0.148968363864834 -0.185035104139955 -3.39434507296372 45.9177234151773 70333.6505365686
-0.0211 0.115279289917326 0.219313741098139 -3.17730979224123 45.9130331472084 70521.2386179152
-0.0212000000000001 -0.161583654048309 -0.206115291319724 -3.42876473453069 45.9083428792396 70312.2987374074
-0.0212999999999999 0.191996364727922 0.167566981582343 -3.18960910789367 45.9036526112707 70532.7034121736
-0.0214 -0.18736406711397 -0.159297024136883 -3.46190611107392 45.8989623433018 70324.1482214445
-0.0215000000000001 0.147249414043008 0.22715956221869 -3.21643172126688 45.894272075333 70527.8862338599
-0.0215999999999999 -0.1108825494493 -0.248203522034714 -3.4857891217249 45.8895818073641 70314.752515503
-0.0217 0.137204707062578 0.193934915964945 -3.24573969440442 45.8848915393952 70508.1259908603
-0.0218000000000001 -0.167284854454887 -0.160297769667863 -3.49133915510161 45.8802012714264 70310.8522068569
-0.0218999999999999 0.155303627869613 0.155349379508506 -3.30224651604164 45.8755110034575 70494.203976602
-0.022 -0.123296190671538 -0.140257952060546 -3.52020389969533 45.8708207354886 70326.7112185065
-0.0221000000000001 0.120409610067314 0.131469225238511 -3.36004346867212 45.8661304675198 70482.3601862524
-0.0222 -0.120592195473401 -0.116029176275378 -3.5181574050544 45.8614401995509 70336.297986231
-0.0222999999999999 0.147425102984288 0.0715251751282436 -3.37748705841996 45.8567499315821 70458.1581395944
-0.0224 -0.148430594988294 -0.0649584168248436 -3.53543124180018 45.8520596636132 70328.7644466799
-0.0225000000000001 0.0817903361022647 0.0792855582299372 -3.42732364141311 45.8473693956443 70443.0492712011
-0.0225999999999999 -0.0931868691292531 -0.0901119966303713 -3.55348455661063 45.8426791276755 70341.7567889214
-0.0227 0.10919180529492 0.0693865985379232 -3.43190245432679 45.8379888597066 70443.6785021143
-0.0228000000000001 -0.126145984118517 -0.0586392698841387 -3.5761053302491 45.8332985917377 70346.2940146278
-0.0228999999999999 0.0833393557806454 0.0254044618930372 -3.49537276729726 45.8286083237689 70420.7703097134
-0.023 -0.0388161276522383 -0.0871348048551996 -3.61757928883037 45.8239180558 70343.9910814103
-0.0231000000000001 0.0312782190488068 0.0928816908026394 -3.51721250702456 45.8192277878311 70415.3485333806
-0.0231999999999999 -0.0388805132784781 -0.050646051903816 -3.60459085144731 45.8145375198623 70355.6306444706
-0.0233 0.0658559578047755 0.0549123060781656 -3.53948566544539 45.8098472518934 70417.3331104342
-0.0234000000000001 -0.0811509522709635 -0.0564717431303154 -3.65929691080516 45.8051569839245 70335.195367003
-0.0234999999999999 0.0271532204136729 0.0663936936774944 -3.60134970037838 45.8004667159557 70391.3032559457
-0.0236 -0.0238756492259108 -0.0836816571290231 -3.68693190445538 45.7957764479868 70329.9479495517
-0.0237000000000001 0.00888208230317137 0.0977052795135374 -3.61663124823681 45.791086180018 70406.0287132987
-0.0237999999999999 -0.0527663133933396 -0.0589898965595503 -3.69734055186829 45.7863959120491 70339.3620995861
-0.0239 0.0812102177228912 0.0283794189503572 -3.63504847395713 45.7817056440802 70399.1616188214
-0.0240000000000001 -0.0789387944234677 -0.0278843453632991 -3.73148716293358 45.7770153761114 70325.9556169983
-0.0240999999999999 0.0307372528465408 0.0712121013923171 -3.67160607715895 45.7723251081425 70389.5249363939
-0.0242 -0.0107526334478062 -0.111370404637294 -3.75537280807923 45.7676348401736 70316.4918998981
-0.0243000000000001 0.0476750023005787 0.0846401624892777 -3.69304940359741 45.7629445722048 70392.0763710577
-0.0243999999999999 -0.145158948957875 -0.0234188521241656 -3.79498615649924 45.7582543042359 70312.1958257962
-0.0245 0.167279055003335 0.00142715557269284 -3.70936741417611 45.7535640362671 70415.5042501065
-0.0246000000000001 -0.0842911190792525 -0.080363459007853 -3.82520390501218 45.7488737682982 70301.507187627
-0.0246999999999999 0.00119071692618317 0.161216973485995 -3.73403666919662 45.7441835003293 70391.711192327
-0.0248 -0.0410540540313833 -0.121008273768342 -3.866586229167 45.7394932323605 70296.8643128216
-0.0249000000000001 0.152498941189438 0.0152593783342673 -3.74406127464862 45.7348029643916 70379.4493920668
-0.0249999999999999 -0.203214541120393 0.0554341115424982 -3.88651595190659 45.7301126964227 70292.1679193012
-0.0251 0.109997445952892 0.0309183042785803 -3.79782258308389 45.7254224284539 70372.7945497854
-0.0252000000000001 0.0501129361783897 -0.158654587918539 -3.89648735134512 45.720732160485 70311.6914662349
-0.0252999999999999 -0.0803958234958326 0.189887817403254 -3.84015561468905 45.7160418925161 70362.5400099666
-0.0254 -0.0233283455703748 -0.0450083526137479 -3.91316378282511 45.7113516245473 70299.3034178022
-0.0255000000000001 0.100969154055648 -0.0527464783639594 -3.86899663410245 45.7066613565784 70339.7046445855
-0.0255999999999999 -0.079207475149016 0.0284950746752482 -3.92193433248819 45.7019710886096 70309.8695786523
-0.0257 -0.0355327507274173 0.0702782953107245 -3.91439796283589 45.6972808206407 70336.2525849533
-0.0258000000000001 0.106492530929856 -0.140620308667112 -3.95893549163001 45.6925905526718 70312.9216310269
-0.0258999999999999 -0.0568535181941623 0.0691216504239944 -3.94831767395394 45.687900284703 70318.2457417985
-0.026 -0.0609067952609419 0.0319997759901276 -3.95124394538338 45.6832100167341 70304.0199222525
-0.0261000000000001 0.0752566863171527 -0.0742691926165094 -3.96559221510403 45.6785197487652 70306.2976356851
-0.0261999999999999 0.0108314788329354 -0.0204686535489277 -4.00409546422424 45.6738294807964 70309.1478164414
-0.0263 -0.0637907201200107 0.0611971079461083 -4.02624927011231 45.6691392128275 70306.074552817
-0.0264000000000001 0.0470486657782181 -0.026513398371195 -4.01635531842151 45.6644489448586 70316.7368305115
-0.0264999999999999 0.0165561644424639 -0.0676709415853885 -4.04941697519435 45.6597586768898 70290.8648937779
-0.0266 -0.060933244650953 0.069574010242662 -4.0529629115588 45.6550684089209 70304.2437100724
-0.0267000000000001 0.00399418180026588 -0.055015587844271 -4.08771464711639 45.650378140952 70278.833239839
-0.0268 0.0275081806943487 0.00756130782870797 -4.08307314792148 45.6456878729832 70312.7079255302
-0.0269 -0.0369738712765418 -0.0112701839946626 -4.11371411405534 45.6409976050143 70297.1751424696
-0.0270000000000001 -0.011636041241425 0.0596382207220019 -4.09795432213281 45.6363073370455 70309.8560536643
-0.0271 0.0358162648943924 -0.0562886108873977 -4.14160239456363 45.6316170690766 70272.5796218558
-0.0271999999999999 0.0273613953688558 0.0371406790654656 -4.1273632708541 45.6269268011077 70298.537571795
-0.0273 -0.0766698119226783 0.00594367302275264 -4.17866298074969 45.6222365331389 70261.1227713696
-0.0274000000000001 0.0594365605174123 0.0177112639408212 -4.132741856642 45.61754626517 70311.8744531312
-0.0274999999999999 0.00629425984507546 -0.053937209804046 -4.18896829808755 45.6128559972011 70274.3658177982
-0.0276 0.017386931481443 0.0757305553600659 -4.15680866058196 45.6081657292323 70308.8080134011
-0.0277000000000001 -0.0523173750050542 -0.0441523039523161 -4.23785375618669 45.6034754612634 70250.7980719667
-0.0277999999999999 0.0754778976771751 -0.00129113451886384 -4.19360592575335 45.5987851932945 70293.9598049208
-0.0279 -0.107517602078625 0.010730316791892 -4.24650243552278 45.5940949253257 70246.0576254649
-0.0280000000000001 0.0752922574986663 0.037924867840152 -4.18338440573465 45.5894046573568 70294.6633485972
-0.0280999999999999 -0.0481527307222704 -0.0953015640156928 -4.31155277473338 45.584714389388 70225.9050070083
-0.0282 0.0571424859819595 0.103173830114 -4.2225544762144 45.5800241214191 70310.897814538
-0.0283000000000001 -0.113518784652363 -0.0565782621374561 -4.34401434576513 45.5753338534502 70219.8568837498
-0.0283999999999999 0.133508362340713 0.0619017065873036 -4.23948310333625 45.5706435854814 70312.2564202353
-0.0285 -0.0990882574419875 -0.101661856373408 -4.39522378247831 45.5659533175125 70193.0310352387
-0.0286000000000001 0.0466437196580638 0.137173356514189 -4.24971592549762 45.5612630495436 70306.3465458872
-0.0286999999999999 -0.0413032748944804 -0.143287749987036 -4.38433406820866 45.5565727815748 70199.7873303159
-0.0288 0.0747593395821524 0.119625453273402 -4.2704250162732 45.5518825136059 70312.4299574868
-0.0289000000000001 -0.114899021939415 -0.0902356170495996 -4.44613812588163 45.547192245637 70184.0279797656
-0.0289999999999999 0.125842125582566 0.107838047341724 -4.30733703156417 45.5425019776682 70311.7309337409
-0.0291 -0.0938496709336854 -0.166365254297391 -4.47665031839435 45.5378117096993 70155.2111728064
-0.0292000000000001 0.058355819685548 0.178922890113215 -4.30506170564432 45.5331214417304 70310.3657780061
-0.0292999999999999 -0.118471854215296 -0.164695768566072 -4.49238520137573 45.5284311737616 70160.7812717136
-0.0294 0.195305247508563 0.0978532184095235 -4.31286950197269 45.5237409057927 70326.0412668153
-0.0295000000000001 -0.199607963873086 -0.0749835085986313 -4.56108535967633 45.5190506378239 70155.4259394229
-0.0295999999999999 0.169064893027325 0.162787143332641 -4.36866192067095 45.514360369855 70315.2546517856
-0.0297 -0.129313828495438 -0.199597117032395 -4.59803510051284 45.5096701018861 70124.7654797642
-0.0298000000000001 0.16726037486568 0.152664891734346 -4.35665632305238 45.5049798339173 70309.6350667444
-0.0298999999999999 -0.20495125118975 -0.104437874542096 -4.60129517703323 45.5002895659484 70136.2466374689
-0.03 0.200529538631188 0.11334923685663 -4.39311115795076 45.4955992979795 70315.7578747669
-0.0301000000000001 -0.143058414558299 -0.15719959037744 -4.63584820214816 45.4909090300107 70134.4076098123
-0.0301999999999999 0.0996751557043188 0.199695010831001 -4.42978163289804 45.4862187620418 70310.9213076389
-0.0303 -0.114194200599697 -0.201797806037405 -4.65476615776947 45.4815284940729 70128.667358487
-0.0304000000000001 0.175210444446139 0.122131396199422 -4.44526230954068 45.4768382261041 70305.6947989063
-0.0304999999999999 -0.184720499072879 -0.123790630176778 -4.68879960118298 45.4721479581352 70118.0237924372
-0.0306 0.122992465812653 0.178594904537111 -4.48106468219382 45.4674576901664 70292.8799243496
-0.0307000000000001 -0.084683287021586 -0.247104190763911 -4.73959103747598 45.4627674221975 70119.778511837
-0.0307999999999999 0.0856012865416528 0.194953029689674 -4.52581474300261 45.4580771542286 70299.8022746583
-0.0309 -0.170227406758035 -0.0953061413008474 -4.73428567888173 45.4533868862598 70126.7478683904
-0.0310000000000001 0.221808166645512 0.0504786992519704 -4.53866096111086 45.4486966182909 70280.184350089
-0.0310999999999999 -0.154717379372705 -0.103680583163013 -4.76539140619269 45.444006350322 70119.6285009605
-0.0312 0.0935237859170343 0.169558916950731 -4.59793198383369 45.4393160823532 70264.0234342513
-0.0313000000000001 -0.0677294697435361 -0.133782954426074 -4.77393032671915 45.4346258143843 70134.5224189964
-0.0313999999999999 0.131364306460713 0.076113123307017 -4.62102499065266 45.4299355464155 70256.5418801111
-0.0315 -0.161913467620602 -0.0132855974667731 -4.77748714339922 45.4252452784466 70138.9878490508
-0.0316000000000001 0.126488054027303 0.0563033592507329 -4.65935591470743 45.4205550104777 70247.8868355502
-0.0317 -0.0716304569509824 -0.111569699926687 -4.8103991555199 45.4158647425089 70143.328493702
-0.0318 0.01889593111667 0.128031705924475 -4.69574214929238 45.41117447454 70237.4887361605
-0.0319000000000001 -0.0648298434695098 -0.100008266134496 -4.81062383687548 45.4064842065711 70136.1843277419
-0.032 0.0986762069381257 0.0296055554040711 -4.73139055445777 45.4017939386023 70217.8227786466
-0.0320999999999999 -0.0695903078016486 -0.0380861545177389 -4.84439541962499 45.3971036706334 70142.1808051927
-0.0322 -0.0092210640154249 0.0780908133878618 -4.81321793164987 45.3924134026645 70205.3415365047
-0.0323000000000001 0.0269086997609709 -0.0782301268397811 -4.86166809505616 45.3877231346957 70170.4919169841
-0.0323999999999999 0.0244905578610805 0.0407880360039823 -4.82590802883594 45.3830328667268 70197.7216560369
-0.0325 -0.0703454549738631 0.0158104715457035 -4.86895475787967 45.3783425987579 70162.7070738713
-0.0326000000000001 0.0484086001100165 -0.0239635976848376 -4.86258715823678 45.3736523307891 70173.42217385
-0.0326999999999999 -0.0348028192486688 -0.00638355861973285 -4.89205547568143 45.3689620628202 70150.4611236956
-0.0328 -0.00991880964150873 0.0170766316099811 -4.90657804208613 45.3642717948513 70166.7905715961
-0.0329000000000001 0.0186376854562749 0.000970788318045145 -4.92156407872403 45.3595815268825 70171.5999312832
-0.0329999999999999 0.0321445757971707 -0.0279712164665583 -4.94403172673137 45.3548912589136 70165.5845851461
-0.0331 -0.036381660469238 0.0618684570770692 -4.94202069014095 45.3502009909448 70160.9476050763
-0.0332000000000001 -0.028446304293684 -0.0117201892621759 -4.96162397099443 45.3455107229759 70149.6625919358
-0.0332999999999999 0.0845547199736153 -0.0453157437710834 -4.93991559674441 45.340820455007 70161.4901979926
-0.0334 -0.0723071502238538 0.0400910429927165 -4.99739545737218 45.3361301870382 70141.9767855171
-0.0335000000000001 0.0269177394431508 0.00807257632575344 -4.9850980796396 45.3314399190693 70158.1303441107
-0.0335999999999999 0.0067675743032082 -0.0404512214259418 -5.03797977020666 45.3267496511004 70148.6883385255
-0.0337 0.0332842092134391 0.00417352964143293 -5.00952352433866 45.3220593831316 70167.544426544
-0.0338000000000001 -0.0769026261687233 0.0312382415714134 -5.03433299142784 45.3173691151627 70133.3777673096
-0.0338999999999999 0.0408420933098152 -0.00451734072567738 -5.02278863201226 45.3126788471939 70154.5746206585
-0.034 0.000816216873069537 -0.0698569051746164 -5.09827857715966 45.307988579225 70117.5563249815
-0.0341000000000001 -0.0328041352869605 0.11492268499819 -5.04120364507874 45.3032983112561 70164.5345813906
-0.0341999999999999 0.0053067262381959 -0.0694466374014961 -5.10767454033956 45.2986080432873 70128.2890131762
-0.0343 0.0661640329806659 0.027300581001817 -5.06599966929701 45.2939177753184 70170.1852363193
-0.0344000000000001 -0.0704118110194157 -0.0248497091866694 -5.15855528348572 45.2892275073495 70106.2458292891
-0.0344999999999999 -0.00553904728850746 0.108888786114321 -5.09265158026286 45.2845372393807 70155.8019119498
-0.0346 0.0386071169244119 -0.163597445242611 -5.18697722983831 45.2798469714118 70095.0067337824
-0.0347000000000001 0.0304124696223431 0.0716255662068294 -5.1062114809044 45.2751567034429 70158.5419938579
-0.0347999999999999 -0.130699030991204 0.0205205802702655 -5.21192797366958 45.2704664354741 70097.6850440687
-0.0349 0.18270219317013 -0.056647379680991 -5.15450529531644 45.2657761675052 70164.3892988939
-0.0350000000000001 -0.0698353588343603 -0.0326418156790206 -5.25366739536087 45.2610858995363 70079.3066050244
-0.0350999999999999 9.10417571988865e-05 0.121989939452837 -5.17043632209584 45.2563956315675 70144.7251007342
-0.0352 -0.0403352420269244 -0.0918435984035263 -5.27006846261998 45.2517053635986 70073.7694524291
-0.0353000000000001 0.164273563970202 -0.01424748908397 -5.1654871642078 45.2470150956297 70166.4782892226
-0.0353999999999999 -0.22726226486901 0.0365242355927153 -5.32232553994278 45.2423248276609 70064.2024660598
-0.0355 0.0908489331200649 0.0956292158915926 -5.19604962984552 45.237634559692 70170.3853411317
-0.0356000000000001 0.00110733901623137 -0.251640057809301 -5.35369807850402 45.2329442917232 70029.7693547263
-0.0356999999999999 0.000135642837098779 0.229372476871555 -5.20375000576916 45.2282540237543 70166.9850660003
-0.0358 -0.161771585444311 -0.116264712839124 -5.41899858186315 45.2235637557854 70024.4138268554
-0.0359000000000001 0.244288068269298 0.0287039339498252 -5.22187043173503 45.2188734878166 70182.33158499
-0.0359999999999999 -0.148689172044314 -0.117595909542566 -5.44327496848639 45.2141832198477 70028.8978213961
-0.0361 -0.00109765189684187 0.231487847855042 -5.2680951515085 45.2094929518788 70160.1607956338
-0.0362000000000001 -0.0147158130007615 -0.238192613857361 -5.46600472341615 45.20480268391 70011.6057682752
-0.0362999999999999 0.140899407513359 0.070907665661111 -5.28774432245501 45.2001124159411 70153.4206711511
-0.0364 -0.236974011453616 0.0215344623486821 -5.4868419601754 45.1954221479723 70023.4403385517
-0.0365000000000001 0.134785910280005 0.00291125738640908 -5.35773070012625 45.1907318800034 70131.0191987216
-0.0365999999999999 -0.0126630819903057 -0.0948453167213892 -5.45374962097509 45.1860416120345 70050.3914797883
-0.0367 0.0115015091931247 0.111213623880198 -5.3719343578522 45.1813513440657 70124.0372356591
-0.0368000000000001 -0.0667277369449236 -0.0453064364396373 -5.4770216091017 45.1766610760968 70049.5538725516
-0.0369 0.0892375393120189 0.00294027049447666 -5.42080875134122 45.1719708081279 70108.2196078853
-0.0369999999999999 -0.0824307555258472 -0.00150218314076209 -5.51497768886651 45.1672805401591 70047.7864271841
-0.0371 0.0242045848855456 0.065266465076511 -5.45208433690713 45.1625902721902 70104.2719827055
-0.0372000000000001 -0.00867435039455296 -0.0911309529581343 -5.53851030091026 45.1579000042213 70044.7850361503
-0.0372999999999999 0.0419632888310549 0.0685547542059368 -5.47940719338853 45.1532097362525 70105.277413029
-0.0374 -0.0836212117119625 0.0159828801480018 -5.5618727277579 45.1485194682836 70051.6934994169
-0.0375000000000001 0.102201666847039 -0.00238368262966952 -5.50375840573733 45.1438292003147 70093.481069346
-0.0375999999999999 -0.03800273207689 -0.0380619322139119 -5.5997061587573 45.1391389323459 70031.64087182
-0.0377 -0.0236451531619407 0.0729435476248823 -5.56188802435095 45.134448664377 70074.7108500949
-0.0378000000000001 0.00385122087725035 -0.0835914099216865 -5.60218124875158 45.1297583964081 70039.3645604959
-0.0378999999999999 0.0383283587010957 0.0222357217296856 -5.55872996301643 45.1250681284393 70089.4342241366
-0.038 -0.0946642150598571 -0.00724686071919261 -5.65047328823448 45.1203778604704 70036.0392852808
-0.0381000000000001 0.0474005594694867 0.0194399271905199 -5.62093469113742 45.1156875925016 70070.1795470515
-0.0381999999999999 -0.0053484902381478 -0.0489046343377973 -5.66330960739159 45.1109973245327 70028.0905819548
-0.0383 0.0134057290711923 0.0737861406576854 -5.60296068988876 45.1063070565638 70070.7688187728
-0.0384000000000001 -0.0426536714882638 -0.0566061736624426 -5.68559639664077 45.101616788595 70026.8480902032
-0.0384999999999999 0.0838334698101278 0.00661471395371024 -5.62858322959108 45.0969265206261 70089.7831855767
-0.0386 -0.0833039565525533 -0.0203327383160018 -5.71096741762264 45.0922362526572 70018.9927124379
-0.0387000000000001 0.0230430065499366 0.0919825320856357 -5.63786499923352 45.0875459846884 70077.1172731207
-0.0387999999999999 0.000575111496699395 -0.12034508400301 -5.76371384844524 45.0828557167195 69997.6380783568
-0.0389 0.0829289125102741 0.0681697647196398 -5.68786965090397 45.0781654487507 70075.5415486047
-0.0390000000000001 -0.155133762054948 0.00219269416035617 -5.82365858756115 45.0734751807818 69991.3078289561
-0.0390999999999999 0.16847445865221 0.0184638443154288 -5.68715359931898 45.0687849128129 70097.4747279121
-0.0392 -0.0815609635291299 -0.150356427292888 -5.8631656803573 45.0640946448441 69976.8822256098
-0.0393000000000001 0.0260918292010556 0.206244913681617 -5.723812814843 45.0594043768752 70114.0266519076
-0.0393999999999999 -0.126123275003966 -0.128093961755593 -5.91254304487074 45.0547141089063 69955.3849003864
-0.0395 0.237582425359043 0.0372212442117026 -5.70130721302863 45.0500238409375 70110.4415262488
-0.0396000000000001 -0.241970340211597 -0.0744425696656388 -5.93100548147356 45.0453335729686 69937.0939202955
-0.0396999999999999 0.114621906021489 0.187212549545476 -5.71219754528802 45.0406433049997 70108.5002628556
-0.0398 -0.0434947763653306 -0.290678177698303 -5.99176774525394 45.0359530370309 69923.6939356106
-0.0399000000000001 0.153172401366708 0.196389462183253 -5.72149719028544 45.031262769062 70126.8032039397
-0.0399999999999999 -0.242125231075044 -0.0705578259402755 -5.99606993090891 45.0265725010932 69932.4763965622
-0.0401 0.232837394645353 0.0811946059900343 -5.7700812795465 45.0218822331243 70107.5961858861
-0.0402000000000001 -0.115879915493798 -0.195761386322699 -6.05792283490468 45.0171919651554 69913.6273536223
-0.0402999999999999 0.0554287030151864 0.260634272476671 -5.7917544887317 45.0125016971866 70098.2621781855
-0.0404 -0.125702635889606 -0.198108874199753 -6.0491123650433 45.0078114292177 69925.6394625319
-0.0405000000000001 0.211056691736398 0.0878922352901286 -5.83351288362854 45.0031211612488 70098.9045097444
-0.0405999999999999 -0.208766334960709 -0.0572451748168004 -6.08158739648194 44.99843089328 69937.3035218358
-0.0407 0.144203528553076 0.0954111897807628 -5.90508778870977 44.9937406253111 70078.8062417556
-0.0408000000000001 -0.0759647136930219 -0.147967219631168 -6.07329502730612 44.9890503573422 69935.1308385947
-0.0408999999999999 0.0873819766689174 0.138586842073436 -5.90702333949267 44.9843600893734 70063.7387804673
-0.041 -0.114377862706801 -0.0775210640138785 -6.08721379881367 44.9796698214045 69939.6098876646
-0.0411000000000001 0.131317102199963 0.0733061385362497 -5.95564547336578 44.9749795534356 70060.2276545942
-0.0411999999999999 -0.0927763362346764 -0.115206276960072 -6.1213190622549 44.9702892854668 69948.9510493863
-0.0413 0.0539792876384578 0.139201529198206 -5.97295502419192 44.9655990174979 70058.6000040681
-0.0414000000000001 -0.0536889496045241 -0.148541053868101 -6.16006140129474 44.9609087495291 69927.2467445727
-0.0414999999999999 0.0784316246220387 0.126935890241468 -6.00551624715412 44.9562184815602 70040.2370455081
-0.0416 -0.0962420292915971 -0.11046713670939 -6.18129554327484 44.9515282135913 69922.7111577812
-0.0417000000000001 0.103109273843809 0.105792055989213 -6.01755140783561 44.9468379456225 70050.4670333276
-0.0418 -0.0692540549288689 -0.127890185569376 -6.20583383836054 44.9421476776536 69931.4058904722
-0.0419 0.108478569121421 0.103266044704366 -6.05124918421185 44.9374574096847 70046.0492867015
-0.0420000000000001 -0.158948810177355 -0.0712548937778612 -6.23980933122517 44.9327671417159 69913.2940243999
-0.0421 0.177680609243842 0.0531340020716735 -6.07517503888641 44.928076873747 70041.596995211
-0.0421999999999999 -0.158380753909131 -0.0567635105958728 -6.25546097969768 44.9233866057781 69909.4421553541
-0.0423 0.115913416845894 0.0722144248101095 -6.10562155302629 44.9186963378093 70037.797467194
-0.0424000000000001 -0.0745520546474095 -0.124746099410435 -6.295822803372 44.9140060698404 69908.9998534907
-0.0424999999999999 0.0760399186323193 0.142269005382307 -6.14071956103626 44.9093158018716 70032.673322815
-0.0426 -0.142025476052738 -0.0843397782484074 -6.31180051540518 44.9046255339027 69905.7041520914
-0.0427000000000001 0.135107814494196 0.0935429327335422 -6.1428925296592 44.8999352659338 70038.4895770638
-0.0427999999999999 -0.0598507001562056 -0.170624564699051 -6.33033030460113 44.895244997965 69890.5302199784
-0.0429 0.0263784235234358 0.231217763507791 -6.17139425132504 44.8905547299961 70030.280557746
-0.0430000000000001 -0.103674621081844 -0.163826761749185 -6.39988424420142 44.8858644620272 69873.4969307792
-0.0430999999999999 0.238339594701217 0.0797210635032658 -6.17152183980322 44.8811741940584 70056.9368509165
-0.0432 -0.281985041890404 -0.0535074133004139 -6.43560007637342 44.8764839260895 69860.5841089681
-0.0433000000000001 0.190824254126592 0.194808297213121 -6.16710065929436 44.8717936581206 70069.4546600961
-0.0433999999999999 -0.111195952371477 -0.281523647367155 -6.49489298266645 44.8671033901518 69827.265190406
-0.0435 0.192643591797667 0.224948848164881 -6.19019312699457 44.8624131221829 70072.4950565992
-0.0436000000000001 -0.344794342302047 -0.0762737737851055 -6.52317136502799 44.857722854214 69824.8032674949
-0.0436999999999999 0.34349580908175 0.0881573273546186 -6.20208170134392 44.8530325862452 70081.5096859523
-0.0438 -0.159625864103948 -0.243543982378155 -6.56071853470718 44.8483423182763 69826.7203427997
-0.0439000000000001 0.0259294765283409 0.363737590446859 -6.25576785975959 44.8436520503075 70055.7056742042
-0.0439999999999999 -0.0676452564595912 -0.2646627125598 -6.55452834776101 44.8389617823386 69835.1353360708
-0.0441 0.202682641141401 0.129493105819335 -6.3119058481624 44.8342715143697 70026.7767845945
-0.0442000000000001 -0.206229757709259 -0.0828662179641124 -6.54722648786356 44.8295812464009 69854.2883493465
-0.0442999999999999 0.0956321827157399 0.13768256958203 -6.3580596070965 44.824890978432 70014.1691106086
-0.0444 -0.0417588221033734 -0.170890077782591 -6.55275467573615 44.8202007104631 69880.7937040513
-0.0445000000000001 0.0877529562780072 0.126390376316364 -6.40475761212214 44.8155104424943 70009.327494787
-0.0445999999999999 -0.182929018002315 -0.0224201117629047 -6.58966968573541 44.8108201745254 69875.5494331841
-0.0447 0.183348989747036 -0.0111652499982662 -6.44471706107935 44.8061299065565 69982.9265100172
-0.0448000000000001 -0.108650523585594 -0.0667549559583556 -6.58307509072143 44.8014396385877 69873.7292210237
-0.0448999999999999 0.0287297283684557 0.104301206865394 -6.46329674763616 44.7967493706188 69967.4694766645
-0.045 -0.0534600393616503 -0.10442288313168 -6.60530882886757 44.79205910265 69882.129563525
-0.0451000000000001 0.095051660895092 0.0763083012231762 -6.49807447413386 44.7873688346811 69978.5614181023
-0.0451999999999999 -0.0771761928883183 -0.0437129257153667 -6.65202203815608 44.7826785667122 69883.5200107834
-0.0453 -0.00302692284354865 0.133280884055092 -6.55826081544505 44.7779882987434 69951.7727722099
-0.0454000000000001 0.0279881012095471 -0.152565509070253 -6.6408421700229 44.7732980307745 69874.4708743443
-0.0454999999999999 0.0339832492932972 0.0986458200770724 -6.54929244750887 44.7686077628056 69952.1118673084
-0.0456 -0.107917940922178 -0.0265309316075334 -6.68060935527563 44.7639174948368 69878.2211568451
-0.0457000000000001 0.153832830794271 -0.0277339909654089 -6.60466771539986 44.7592272268679 69949.9678988597
-0.0457999999999999 -0.106106005330006 -0.0277638661423232 -6.72277452090101 44.7545369588991 69874.845848035
-0.0459 0.035131406057202 0.0433926405695483 -6.63718392429249 44.7498466909302 69927.8436559777
-0.0460000000000001 -0.0776744295225963 -0.0459354620617954 -6.73491452517194 44.7451564229613 69862.4834024654
-0.0460999999999999 0.116017054409931 0.00728606152630825 -6.65405062499195 44.7404661549925 69937.348712492
-0.0462 -0.112023328775567 -0.00443531785017428 -6.75658589009593 44.7357758870236 69873.2879936699
-0.0463000000000001 0.0323708403194887 0.0691405052423857 -6.67399516348988 44.7310856190547 69935.8128522804
-0.0464 0.0489251587751598 -0.161961604159037 -6.77165490808819 44.7263953510859 69861.4823552908
-0.0465 -0.0681789829776074 0.128510338966918 -6.7167378269999 44.721705083117 69908.264290048
-0.0466000000000001 -0.0288741452114098 -0.0523851382570738 -6.78728851261008 44.7170148151481 69861.6436825663
-0.0467 0.0924039155550887 0.0204448620701203 -6.70448886539999 44.7123245471793 69925.8549358261
-0.0468 -0.016401612982895 -0.0695333761416883 -6.81671609540087 44.7076342792104 69866.6867513127
-0.0469000000000001 -0.0625094374501517 0.101051285085722 -6.76581832270748 44.7029440112415 69909.1874880351
-0.047 -0.00211934302243556 -0.113076750850469 -6.84507395168744 44.6982537432727 69860.3109175832
-0.0470999999999999 0.122155420921102 -0.00234309783583839 -6.77051267334692 44.6935634753038 69907.7806045925
-0.0472 -0.163262970173203 0.0714272475845224 -6.88865459581497 44.688873207335 69846.2791521829
-0.0473000000000001 0.090930470372331 -0.0169313465851529 -6.82348305827342 44.6841829393661 69902.8320448778
-0.0473999999999999 -0.0256186448074088 -0.102757325435863 -6.9215959071085 44.6794926713972 69848.582291911
-0.0475 0.027530280158737 0.0975301738104325 -6.82763302018081 44.6748024034284 69914.5203120814
-0.0476000000000001 -0.0729990719792376 -0.0186952810299742 -6.93605830488869 44.6701121354595 69850.4831164159
-0.0476999999999999 0.106826597569697 -0.00658332768891245 -6.85689308042447 44.6654218674906 69910.8496674175
-0.0478 -0.0656531180964177 -0.0860272432131888 -6.97679403656482 44.6607315995218 69827.1634238595
-0.0479000000000001 -0.0167481767621587 0.15751089191928 -6.87137238853675 44.6560413315529 69905.9617253535
-0.0479999999999999 -0.00311962639411797 -0.164306298754591 -7.00607820021023 44.651351063584 69821.9504642252
-0.0481 0.112700591929968 0.0672970583130149 -6.88736553698472 44.6466607956152 69924.2895361372
-0.0482000000000001 -0.162324905214258 -0.00848557139917182 -7.03672358799966 44.6419705276463 69822.1397836481
-0.0482999999999999 0.112331054982173 0.0743083288920844 -6.90705330414764 44.6372802596775 69923.2279842465
-0.0484 -0.0301802350781837 -0.159793298359452 -7.09162475500121 44.6325899917086 69806.6084637744
-0.0485000000000001 0.0550812797902203 0.155487563444 -6.95515485359351 44.6278997237397 69919.8157247057
-0.0485999999999999 -0.172461240889703 -0.0374300902651377 -7.13319930873307 44.6232094557709 69786.6005555537
-0.0487 0.204811452923217 -0.00791534801684137 -6.95320871710382 44.618519187802 69918.517092447
-0.0488000000000001 -0.117384009612928 -0.112534130642535 -7.16179600997483 44.6138289198331 69787.4061296693
-0.0488999999999999 -0.00996472386500016 0.187688309070459 -7.00988681345239 44.6091386518643 69910.407060054
-0.049 -0.0253259425951914 -0.166710414868696 -7.1637054268588 44.6044483838954 69794.3711991096
-0.0491000000000001 0.110452366789551 0.0817142045451304 -7.0177321956578 44.5997581159265 69910.6151682683
-0.0491999999999999 -0.162195140869563 0.000137569743683234 -7.18228282598604 44.5950678479577 69797.7730903857
-0.0493 0.100280238561206 0.0559952283889426 -7.06381254539256 44.5903775799888 69885.0573278914
-0.0494000000000001 -0.0317456549309548 -0.116689963108838 -7.21496879620297 44.5856873120199 69796.0724396068
-0.0494999999999999 0.00172080523037889 0.112826097330664 -7.1057130941545 44.5809970440511 69878.2374820363
-0.0496 -0.0787962746212229 -0.0206146477817336 -7.20269964644595 44.5763067760822 69821.3336325963
-0.0497000000000001 0.0962486190153829 -0.0229357757212013 -7.14933140759331 44.5716165081134 69860.4282235303
-0.0497999999999999 -0.0801261977091303 0.00568135160200544 -7.20441392562537 44.5669262401445 69811.4002506987
-0.0499 0.0125904835831055 0.0570791593929744 -7.15767424462379 44.5622359721756 69858.3677606162
-0.0500000000000001 0.0230925189646912 -0.0613031000193028 -7.23617959147993 44.5575457042068 69817.0042171161
-0.0500999999999999 0.0296211450081756 0.0665306741869205 -7.2131083839804 44.5528554362379 69853.1930773566
-0.0502 -0.0375020110164052 0.00622254970139907 -7.27324000272559 44.548165168269 69826.7939825077
-0.0503000000000001 0.0518031461144975 0.0453715069624719 -7.21569976588589 44.5434749003002 69866.1257658283
-0.0503999999999999 -0.00572905936759093 -0.0552957300819112 -7.3103054280327 44.5387846323313 69806.5013938571
-0.0505 -0.0159945523845884 0.0620143673160035 -7.28566866183883 44.5340943643624 69834.3127676598
-0.0506000000000001 -0.0406445250552171 -0.0191587670200401 -7.31640639562353 44.5294040963936 69800.7156255975
-0.0506999999999999 0.0437295707203643 0.001255161583446 -7.2793505155163 44.5247138284247 69838.6007887775
-0.0508 -0.0278873220996551 -0.00834183777381475 -7.34066833332137 44.5200235604559 69813.4141332
-0.0509000000000001 0.0143969464269137 0.0456711362215735 -7.31696542137961 44.515333292487 69840.738115445
-0.0509999999999999 -0.0107115000546964 -0.0555713230573014 -7.38133813230656 44.5106430245181 69795.8697773013
-0.0511 0.0352563358499341 0.0257200816236498 -7.35073516605461 44.5059527565493 69831.090453039
-0.0512000000000001 -0.0559178833040603 -0.00674448288653539 -7.41185455049127 44.5012624885804 69794.1919484023
-0.0513 0.0571674303933144 0.0133018025640486 -7.37475070935808 44.4965722206115 69826.8064367763
-0.0514 -0.0169056571058133 -0.0384437172465049 -7.44124873428227 44.4918819526427 69790.6086609509
-0.0515000000000001 0.0263610723422093 0.051886267359862 -7.37411094152286 44.4871916846738 69834.8722012591
-0.0516 -0.0621580465122612 -0.0267329650056986 -7.43679073792464 44.4825014167049 69799.2480560346
-0.0517 0.0517497399573583 -0.0259060484857196 -7.38546868404064 44.4778111487361 69823.520582776
-0.0518000000000001 -0.0114182461982483 -0.0343832543858785 -7.46011323484827 44.4731208807672 69786.7762469146
-0.0519000000000002 -0.0022291934827015 0.100294188591057 -7.42406746157963 44.4684306127983 69818.4515436627
-0.0519999999999999 0.0129357682974698 -0.0730382574740266 -7.50616463083961 44.4637403448295 69779.7799341627
-0.0521 0.041296401914777 0.0166136228981419 -7.46241290856547 44.4590500768606 69820.1484311144
-0.0522000000000001 -0.0850573877693797 0.0337153671374417 -7.52344310057773 44.4543598088918 69791.75339454
-0.0522999999999999 0.0749165841370045 -0.00917905112371702 -7.46323315393491 44.4496695409229 69829.825136394
-0.0524 -0.00671508590982959 -0.0696826970599722 -7.52632434046964 44.444979272954 69771.4889083705
-0.0525000000000001 -0.00541619737591612 0.0833337320929626 -7.50758585571873 44.4402890049852 69816.6953059954
-0.0525999999999999 -0.0724806738276319 -0.0206143317707219 -7.59018430919789 44.4355987370163 69761.4104050132
-0.0527 0.0923642429569548 -0.0190544428355721 -7.5259901750756 44.4309084690474 69821.0021879272
-0.0528000000000001 -0.0749398805712623 -0.0319244709247794 -7.61431235646841 44.4262182010786 69766.3362243733
-0.0528999999999999 -0.0198116950073003 0.0721971451531252 -7.5395083773581 44.4215279331097 69827.9571796939
-0.053 -0.0384976248000118 -0.0894724044966021 -7.63880779875683 44.4168376651408 69749.0723664609
-0.0531000000000001 0.0925181910481291 0.0369282008813005 -7.55772999674117 44.412147397172 69819.4531020809
-0.0531999999999999 -0.111105009769845 -0.0216594444434694 -7.69143674303314 44.4074571292031 69732.6612509114
-0.0533 0.0692309004893984 0.0791980737449201 -7.59768668162705 44.4027668612343 69823.291818874
-0.0534000000000001 -0.0375149516672718 -0.133921825150784 -7.72868923718469 44.3980765932654 69739.0365890557
-0.0534999999999999 0.0627200130095401 0.108599550241372 -7.59068555007273 44.3933863252965 69838.1094614188
-0.0536 -0.0967409499594529 -0.0608373674498288 -7.75371207553031 44.3886960573277 69720.9668958076
-0.0537000000000001 0.125492749795908 0.0462579562442194 -7.61411947529736 44.3840057893588 69818.4372701152
-0.0537999999999999 -0.0907931631531172 -0.0712217971568198 -7.78191196051336 44.3793155213899 69717.8410666821
-0.0539 0.0812067857104029 0.0719460457819844 -7.6582092798182 44.3746252534211 69824.0163719476
-0.0540000000000001 -0.098564536294176 -0.0831071102695005 -7.80952467482058 44.3699349854522 69716.2284530686
-0.0540999999999999 0.105676376680399 0.11748414813643 -7.65325329654501 44.3652447174833 69829.847711748
-0.0542 -0.0956959777209553 -0.111420773791889 -7.85583179482121 44.3605544495145 69701.2843796105
-0.0543000000000001 0.0883624288670963 0.125367101735936 -7.69414481489844 44.3558641815456 69830.741481498
-0.0543999999999999 -0.093261769224918 -0.13073198917039 -7.89133930455354 44.3511739135768 69691.1126107072
-0.0545 0.0790209533561592 0.141419360479788 -7.72974321916326 44.3464836456079 69825.816761041
-0.0546000000000001 -0.107548607880557 -0.112918269686952 -7.92435412486179 44.341793377639 69697.0639593729
-0.0546999999999999 0.146559559167257 0.110843815097028 -7.71746674334807 44.3371031096702 69839.3238188144
-0.0548 -0.139918993314443 -0.102184502056774 -7.95321021609143 44.3324128417013 69678.3191146761
-0.0549000000000001 0.127278103698601 0.110024882577634 -7.75076363701023 44.3277225737324 69826.1169168782
-0.0549999999999999 -0.156032393601811 -0.113059962126902 -7.97842805072871 44.3230323057636 69674.4365825472
-0.0551 0.155107204888738 0.139778717220169 -7.74813725057654 44.3183420377947 69839.9232939609
-0.0552000000000001 -0.128034329486891 -0.160183054052622 -8.0391224008732 44.3136517698258 69664.4200263977
-0.0552999999999999 0.101536911108158 0.209389977486254 -7.78687044994508 44.308961501857 69848.4661201038
-0.0554 -0.120493331471693 -0.186070342869977 -8.0548272472088 44.3042712338881 69672.2240984279
-0.0555000000000001 0.179564623963485 0.170838367488934 -7.8039117476943 44.2995809659192 69854.4680980348
-0.0555999999999999 -0.226135299327483 -0.186506830394196 -8.13387824273055 44.2948906979504 69623.9693879203
-0.0557 0.219361790678336 0.225142434422197 -7.76718982964283 44.2902004299815 69868.2803631254
-0.0558000000000001 -0.233973237676524 -0.228972471272524 -8.18149999155221 44.2855101620127 69594.9198505028
-0.0559 0.262962266575387 0.220123670426572 -7.78404827649714 44.2808198940438 69880.7453066078
-0.056 -0.288998211090415 -0.200785861728168 -8.21381927073707 44.2761296260749 69600.6942355354
-0.0561000000000001 0.272578943475114 0.225893320049052 -7.79664375105886 44.2714393581061 69892.5013281346
-0.0562 -0.204715072150064 -0.303958366217763 -8.26234697888124 44.2667490901372 69580.5933615265
-0.0563 0.15725162438819 0.297706358722592 -7.86280025141951 44.2620588221683 69870.0869156632
-0.0564000000000001 -0.195153119589361 -0.237057259102583 -8.24553363515895 44.2573685541995 69597.2443820179
-0.0565 0.234852245165313 0.17993593052867 -7.88616538321232 44.2526782862306 69857.3198166959
-0.0566 -0.235171221698044 -0.19652446018404 -8.25767420342824 44.2479880182618 69601.6611764576
-0.0567000000000001 0.179809627057988 0.174705439356397 -7.95782796796319 44.2432977502929 69845.4451456933
-0.0568 -0.170013816880932 -0.163913314928895 -8.27299513860991 44.238607482324 69630.5249014868
-0.0569 0.171965888037658 0.119238174736462 -8.00328055443651 44.2339172143552 69811.2328070617
-0.0570000000000001 -0.163712720180082 -0.104547686335086 -8.24935254161708 44.2292269463863 69632.3600008504
-0.0571 0.148744482427281 0.110451848530872 -8.0222961537525 44.2245366784174 69798.7068387921
-0.0571999999999999 -0.133921965590035 -0.142800540838533 -8.26641355298588 44.2198464104486 69640.773107641
-0.0573 0.101726615197447 0.172823199886933 -8.06314535940237 44.2151561424797 69800.1159057716
-0.0574000000000001 -0.0856521498372477 -0.161621666539133 -8.29987222486938 44.2104658745108 69653.4308993826
-0.0574999999999999 0.118557961716963 0.144458878827047 -8.0820539284477 44.205775606542 69790.9340376515
-0.0576 -0.146007674936004 -0.102394504209337 -8.32042609184544 44.2010853385731 69639.3474752902
-0.0577000000000001 0.126703295017492 0.0988106333284228 -8.13594661407491 44.1963950706042 69776.3349008352
-0.0577999999999999 -0.116259369397072 -0.120215118702002 -8.34226581334105 44.1917048026354 69638.6752191814
-0.0579 0.0871203894795066 0.145371006104695 -8.16541621418636 44.1870145346665 69778.4726645858
-0.0580000000000001 -0.102772180719338 -0.107824547893834 -8.37512139420093 44.1823242666976 69639.2303521078
-0.0580999999999999 0.151226555494041 0.103682782942931 -8.1765774829784 44.1776339987288 69788.5518682601
-0.0582 -0.135439466698845 -0.104059501367074 -8.37693327472039 44.1729437307599 69627.0277316905
-0.0583000000000001 0.0587706940454766 0.157147057266353 -8.22306306814252 44.1682534627911 69763.3423052245
-0.0583999999999999 -0.0396786528719317 -0.164796984875264 -8.42063581750757 44.1635631948222 69632.230210317
-0.0585 0.104169405231648 0.123710707185994 -8.25080645503751 44.1588729268533 69764.672239331
-0.0586000000000001 -0.146614257114757 -0.0823033213608927 -8.43372186243031 44.1541826588845 69631.8357691255
-0.0586999999999999 0.117395275100575 0.0658803917574345 -8.27057301722141 44.1494923909156 69755.0557648486
-0.0588 -0.0700206048169044 -0.124808415143025 -8.43817399342797 44.1448021229467 69629.2976350208
-0.0589000000000001 0.073617520143999 0.121115064892921 -8.30120550873617 44.1401118549779 69738.3575003124
-0.0589999999999999 -0.117052381706992 -0.0724290541696935 -8.49435809850308 44.135421587009 69620.345707869
-0.0591 0.168768393888116 0.0423860663330386 -8.32823707261174 44.1307313190402 69752.4613990862
-0.0592000000000001 -0.167383177447785 -0.0732674843449051 -8.54110705915414 44.1260410510713 69618.308646339
-0.0592999999999999 0.115611808201551 0.117611071827796 -8.33104160644162 44.1213507831024 69757.2347272955
-0.0594 -0.0768454848592473 -0.180723797998713 -8.5462701088175 44.1166605151336 69599.8904394226
-0.0595000000000001 0.0894880924271866 0.145488808177447 -8.34777207418063 44.1119702471647 69738.5199553778
-0.0595999999999999 -0.171266667316918 -0.0940994652331112 -8.58614368412573 44.1072799791958 69596.6124269033
-0.0597 0.182206774663641 0.10962346644677 -8.36523729062504 44.102589711227 69759.3592232018
-0.0598000000000001 -0.139854589823904 -0.145718645921877 -8.65192260345598 44.0978994432581 69590.969122603
-0.0598999999999999 0.104705532739883 0.224703891657724 -8.37344601229149 44.0932091752892 69774.6193717117
-0.06 -0.143532290269619 -0.206277391060257 -8.6758555844334 44.0885189073204 69578.462497436
-0.0601000000000001 0.208919646148307 0.162051496162597 -8.3617339237763 44.0838286393515 69792.2625962576
-0.0601999999999999 -0.261030432236152 -0.170179396387416 -8.74650893464153 44.0791383713827 69535.2226520101
-0.0603 0.214673631418965 0.216145578762251 -8.392646022005 44.0744481034138 69795.272851462
-0.0604000000000001 -0.189575642259493 -0.273439094176302 -8.79199575946524 44.0697578354449 69524.9472683623
-0.0604999999999999 0.235321910661134 0.26944300505081 -8.36793204437843 44.0650675674761 69822.6048364213
-0.0606 -0.27840646877532 -0.207752717777197 -8.82434563981807 44.0603772995072 69518.2115918858
-0.0607000000000001 0.294268090813255 0.209419982907424 -8.4123744765232 44.0556870315383 69811.0036222539
-0.0607999999999999 -0.206162288599449 -0.259251525158972 -8.85740867400045 44.0509967635695 69511.9017430561
-0.0609 0.190083027108491 0.302038055674936 -8.43059599313448 44.0463064956006 69792.2980255271
-0.0610000000000001 -0.175816421756453 -0.266639354434702 -8.84536405021228 44.0416162276317 69519.6753562479
-0.0611 0.212299566250653 0.191427006852305 -8.47926787422069 44.0369259596629 69781.7456152722
-0.0612 -0.200190499322651 -0.164944023648033 -8.83716603384589 44.032235691694 69552.5191502361
-0.0613000000000001 0.157657264639785 0.171624470667225 -8.55765057348467 44.0275454237251 69755.2930748198
-0.0614 -0.120394825001461 -0.18140759274832 -8.83773554742503 44.0228551557563 69560.7876890264
-0.0615 0.129399378926076 0.11552607434179 -8.62523500283074 44.0181648877874 69720.5452819757
-0.0616000000000001 -0.146724988175653 -0.0791168948845393 -8.84859402649493 44.0134746198186 69567.2724744951
-0.0617 0.184630365397686 0.0525232189064939 -8.66256884664895 44.0087843518497 69715.5191635399
-0.0618 -0.109307869679485 -0.0922340358796271 -8.85769388245381 44.0040940838808 69586.8837966561
-0.0619000000000001 0.0362120104985886 0.173138842006626 -8.68504239642038 43.999403815912 69711.8056740402
-0.0620000000000002 -0.0385054948449749 -0.14999772467675 -8.88248497702084 43.9947135479431 69587.7657596044
-0.0620999999999999 0.0846067886622631 0.0998929497303302 -8.72348110207694 43.9900232799742 69686.7030020177
-0.0622 -0.116417633376862 -0.0353188286745875 -8.86629874359756 43.9853330120054 69588.1175682311
-0.0623000000000001 0.100307421775261 0.0815861634432257 -8.75535491078106 43.9806427440365 69693.41621849
-0.0623999999999999 -0.0374246852361719 -0.118505077677889 -8.89525484471556 43.9759524760676 69593.771182665
-0.0625 0.0622891137173627 0.098588184635816 -8.77984833984127 43.9712622080988 69683.6281383175
-0.0626000000000001 -0.132986843781386 -0.02362216950438 -8.92473989360916 43.9665719401299 69592.8020464909
-0.0626999999999999 0.147083532050927 0.00394174495839286 -8.81519297445484 43.9618816721611 69676.9683558955
-0.0628 -0.0879412521323858 -0.0668008636182853 -8.94996696579268 43.9571914041922 69585.9415596618
-0.0629000000000001 -0.0135411570076084 0.118970109544421 -8.83084464737567 43.9525011362233 69665.7122454411
-0.0629999999999999 0.0146880033535134 -0.142717702283286 -8.96948037086919 43.9478108682545 69597.4158082874
-0.0631 0.0604720914014976 0.0260900004213777 -8.87712536096391 43.9431206002856 69669.4598082204
-0.0632000000000001 -0.118329121798099 0.00230740909515896 -8.98742319380783 43.9384303323167 69600.924155465
-0.0632999999999999 0.0429377906588209 0.0407050566121328 -8.92417555621499 43.9337400643479 69638.8864359707
-0.0634 0.0233362116893784 -0.100177329269075 -8.99428107040779 43.929049796379 69598.1931359921
-0.0635000000000001 0.000448989326062102 0.0357229392598226 -8.96228175601338 43.9243595284101 69630.4213778143
-0.0635999999999999 -0.113029768464267 0.0752233113341199 -9.00168927745192 43.9196692604413 69616.9409128126
-0.0637 0.10247763244302 -0.0970936188686989 -8.99675884769264 43.9149789924724 69627.3200449756
-0.0638000000000001 0.00568439669109756 -0.0154567111604253 -9.0093085540947 43.9102887245035 69621.9834255557
-0.0638999999999999 -0.121478312979008 0.0950950397393451 -9.02206100497853 43.9055984565347 69606.4753491546
-0.064 0.0425280363592107 -0.0317590568586123 -9.03712626338492 43.9009081885658 69607.7396379283
-0.0641000000000001 0.0539053852496199 -0.0811467362412517 -9.06795167332124 43.896217920597 69610.8696389462
-0.0641999999999999 -0.0698432178986112 0.083224204952295 -9.04344151386582 43.8915276526281 69620.560880553
-0.0643 -0.0469984942155977 0.0239495014239208 -9.08290806445389 43.8868373846592 69607.3690521393
-0.0644000000000001 0.104825413662407 -0.0866589909783522 -9.08192385029628 43.8821471166904 69619.4472581785
-0.0644999999999999 -0.054190580819777 0.00751986847233321 -9.12713036042758 43.8774568487215 69589.2131913772
-0.0646 -0.081329977304831 0.119087020818779 -9.10347984772467 43.8727665807526 69607.1731992555
-0.0647000000000001 0.0288536456034205 -0.108790324699853 -9.15865172066036 43.8680763127838 69579.316665032
-0.0647999999999999 0.0721087313354761 -0.0354707796771244 -9.12504670748443 43.8633860448149 69619.924146813
-0.0649 -0.100554644597408 0.039215270709726 -9.17842413115867 43.858695776846 69587.4290692244
-0.0650000000000001 0.0551595007004089 0.0103286628095172 -9.13633110801932 43.8540055088772 69625.9535124211
-0.0650999999999999 0.00163610646683226 -0.0660643993954245 -9.22089234058815 43.8493152409083 69576.7024253634
-0.0652 0.0264064220882495 0.0353281510046451 -9.17910086797942 43.8446249729395 69607.1061704691
-0.0653000000000001 -0.0723044752607693 -0.0148884488067352 -9.24903654665675 43.8399347049706 69567.809637454
-0.0653999999999999 0.0645514847042676 0.0029660475875589 -9.18916527400326 43.8352444370017 69614.6889976196
-0.0655 0.00114787792187583 -0.0458017523364502 -9.27098107352184 43.8305541690329 69580.9158281313
-0.0656000000000001 -0.054684563099412 0.0988877168676559 -9.22197465005649 43.825863901064 69615.6094968163
-0.0656999999999999 0.0293167964511886 -0.0616928699540146 -9.29332514143229 43.8211736330951 69580.5576029215
-0.0658 0.0697670398391111 0.0146502305935252 -9.25859111710411 43.8164833651263 69604.2818590402
-0.0659000000000001 -0.0997550068575864 0.0380145331468732 -9.32409468970626 43.8117930971574 69561.1583474436
-0.066 0.077869262925607 0.0125839639196634 -9.25587115875859 43.8071028291885 69609.3321756794
-0.0661 -0.027255818649971 -0.0288607453079868 -9.33632067323001 43.8024125612197 69568.7909072401
-0.0662000000000001 0.032068557116216 0.0213261700413394 -9.30194821288626 43.7977222932508 69604.7083187026
-0.0663 -0.0499844609074535 0.00656896685149236 -9.36336896119458 43.793032025282 69571.3200618295
-0.0664 0.0287308492471866 0.0443488463287928 -9.32479414552215 43.7883417573131 69610.653392073
-0.0665000000000001 0.0488733910642905 -0.129339079747468 -9.40832815887845 43.7836514893442 69552.7850538057
-0.0666 -0.0573257513083543 0.125677234975181 -9.34359253810709 43.7789612213754 69598.3411369064
-0.0667 -0.0584773828062532 -0.0278936449785995 -9.42329987577512 43.7742709534065 69549.9546533194
-0.0668000000000001 0.122856935989367 -0.0536495392478242 -9.36555398872907 43.7695806854376 69603.6869058617
-0.0669000000000002 -0.115103681276971 0.0009476253281395 -9.45583280124473 43.7648904174688 69547.0619797533
-0.0669999999999999 -0.00621260591937101 0.0801088991270727 -9.38126971718824 43.7602001494999 69599.8508319789
-0.0671 0.0221578203333867 -0.0870188039003558 -9.4677763217985 43.755509881531 69557.1365247959
-0.0672000000000001 0.03863312696273 0.000339309736514229 -9.43621214151548 43.7508196135622 69573.3455219944
-0.0672999999999999 -0.0928559931119502 0.0434289004890793 -9.48661968022598 43.7461293455933 69546.6112271734
-0.0674 0.0224633330023051 0.0299311729725017 -9.43450240829167 43.7414390776244 69577.5166664557
-0.0675000000000001 0.0510076200610869 -0.094373234773964 -9.48766922260138 43.7367488096556 69557.9862644059
-0.0675999999999999 -0.0546923096697892 0.0696855172780616 -9.48521890020935 43.7320585416867 69578.5821566749
-0.0677 -0.0441229305225706 -0.000614271331989493 -9.52843646946319 43.7273682737179 69563.1171173433
-0.0678000000000001 0.0926964637486535 -0.0663597121590393 -9.49378025090589 43.722678005749 69575.972734784
-0.0678999999999999 -0.0805352033181929 0.0464741224605508 -9.55052244993332 43.7179877377801 69545.6873776927
-0.068 -0.0529131410197253 0.0367276984105684 -9.54823197009065 43.7132974698113 69556.8788201767
-0.0681000000000001 0.0663453543308295 -0.0968672107348451 -9.56212845288352 43.7086072018424 69558.4362073778
-0.0681999999999999 0.00563062360203108 0.0185928590839697 -9.56135012116453 43.7039169338735 69570.4714299762
-0.0683 -0.0862776737193978 0.0434649170703821 -9.61065371572529 43.6992266659047 69549.545504348
-0.0684000000000001 0.0230964510709907 0.00816872329700917 -9.58733222614697 43.6945363979358 69561.2274917858
-0.0684999999999999 0.0775080663374575 -0.102569655811561 -9.63580361870316 43.689846129967 69542.449252908
-0.0686 -0.0834318510271632 0.132629912958319 -9.60187484074374 43.6851558619981 69560.481447975
-0.0687000000000001 -0.0545806723800154 0.0115463811700189 -9.65672206213347 43.6804655940292 69551.6753428023
-0.0687999999999999 0.149980494277671 -0.131968253327444 -9.66251579867433 43.6757753260604 69566.9884363367
-0.0689 -0.0899431648057821 0.0658721315621102 -9.69212305656766 43.6710850580915 69543.1136111943
-0.0690000000000001 -0.0990572300463319 0.1018537962191 -9.66923009173576 43.6663947901226 69556.8896794308
-0.0690999999999999 0.128628553931071 -0.1592700421855 -9.70121888495397 43.6617045221538 69538.0521356264
-0.0692 0.0250205717690699 -0.0102428055549049 -9.71284368147877 43.6570142541849 69551.8408594153
-0.0693000000000001 -0.153833067270056 0.106968536126192 -9.73765340545338 43.652323986216 69540.2615577789
-0.0693999999999999 0.0520864623681761 -0.0363917043853963 -9.72269105867496 43.6476337182472 69560.6711561955
-0.0695 0.0920423519737818 -0.115060361736014 -9.75321303019275 43.6429434502783 69550.5066413738
-0.0696000000000001 -0.0978853501058744 0.111994883318484 -9.74984068544468 43.6382531823094 69551.5260101093
-0.0696999999999999 -0.0356245812595497 0.0306951873936708 -9.77407265090592 43.6335629143406 69533.8970402736
-0.0698 0.118234860284218 -0.115163143226921 -9.77579482935146 43.6288726463717 69536.9916756292
-0.0699000000000001 -0.0374263476041622 0.0536358537330442 -9.79169189941891 43.6241823784028 69531.0663741368
-0.0699999999999999 -0.0561795116611908 0.0894283960010408 -9.80248966440814 43.619492110434 69543.7107710918
-0.0701 0.0612309717740095 -0.0842126117925433 -9.81756068073411 43.6148018424651 69542.5424068176
-0.0702000000000001 0.0316203571399813 -0.0195472663775275 -9.83105280224597 43.6101115744963 69536.8535650566
-0.0702999999999999 -0.104756869738245 0.0970298525641981 -9.84375482681544 43.6054213065274 69529.0196119538
-0.0704 0.0195778378358453 0.00177494744703793 -9.84464639309881 43.6007310385585 69527.703520165
-0.0705000000000001 0.064858801353492 -0.0784737719839988 -9.87094008184232 43.5960407705897 69523.2163095555
-0.0705999999999999 -0.0687574288353906 0.072934475966949 -9.88149451387219 43.5913505026208 69531.6727085679
-0.0707 -0.0169769630645312 0.0405910685358706 -9.89349062628392 43.5866602346519 69534.9146073669
-0.0708000000000001 0.0781967832851521 -0.0781188819228261 -9.91425920252855 43.5819699666831 69529.610687156
-0.0708999999999999 -0.0268052281438616 -0.000285132799569813 -9.94002122397753 43.5772796987142 69507.1741992562
-0.071 -0.0512181061349951 0.0631892053243702 -9.92714041568016 43.5725894307454 69522.1729941016
-0.0711000000000001 0.037194453342604 -0.0236374250744106 -9.92836464135728 43.5678991627765 69519.4500148561
-0.0712 0.0540246996745669 -0.063952646719015 -9.97594342918629 43.5632088948076 69521.1741342349
-0.0713 -0.0796684903313833 0.101308637581016 -9.95822616350427 43.5585186268388 69531.0991896175
-0.0714000000000001 0.00364048143396683 0.00698258482608294 -9.99310857846455 43.5538283588699 69516.0972797939
-0.0715 0.0934517724243077 -0.0763582669292231 -9.98509508371065 43.549138090901 69510.7505868098
-0.0716 -0.0568254223774989 0.0569046552615644 -9.99801069358702 43.5444478229322 69501.3341126679
-0.0717000000000001 -0.0527505466991158 0.0601033906952921 -10.0203561744899 43.5397575549633 69516.9695692324
-0.0718 0.0459089804436976 -0.0819831576254105 -10.0340939467495 43.5350672869944 69500.6604752113
-0.0719 0.0133899149049858 0.00283089268051932 -10.0382285086917 43.5303770190256 69525.8255575668
-0.0720000000000001 -0.0493222816523498 0.0296243920464453 -10.0757023224026 43.5256867510567 69510.4424606649
-0.0721000000000002 0.0168797421926581 0.0173914625757725 -10.0719484006935 43.5209964830878 69522.0999970124
-0.0721999999999999 0.0497292581702877 -0.0490856649894201 -10.084860774892 43.516306215119 69508.0892324325
-0.0723 -0.040089259963039 0.0379093752361169 -10.0941808343475 43.5116159471501 69505.3757890953
-0.0724000000000001 -0.0178358279699392 0.0103415871466388 -10.1003769275493 43.5069256791813 69504.5010268159
-0.0724999999999999 0.0365546969384564 -0.0554680085799409 -10.1100861456176 43.5022354112124 69507.2061262165
-0.0726 0.0075640328273137 0.021250892898513 -10.1002975978834 43.4975451432435 69515.6184071564
-0.0727000000000001 -0.046128567910979 0.0420274301341904 -10.1353584018041 43.4928548752747 69505.6559380133
-0.0727999999999999 0.0123158545267793 -0.0013124361628217 -10.1400268543826 43.4881646073058 69506.2637567269
-0.0729 0.0302923025508418 -0.0492100032007823 -10.1708237386057 43.4834743393369 69488.8993171434
-0.0730000000000001 -0.0119077804690374 0.0839202400994927 -10.1613515710278 43.4787840713681 69503.0335021869
-0.0730999999999999 -0.0476649804346128 0.000999767974412294 -10.2155283815135 43.4740938033992 69485.2223617585
-0.0732 0.108146148945604 -0.0465147104687251 -10.1761537098027 43.4694035354303 69524.4017356807
-0.0733000000000001 -0.0749758032364899 -0.00627162227577503 -10.2586420942663 43.4647132674615 69480.084970186
-0.0733999999999999 -0.0272433932409999 0.124011364834707 -10.1638318867531 43.4600229994926 69529.1970677055
-0.0735 0.0237116900514332 -0.133883610443035 -10.2797394911152 43.4553327315238 69454.434157164
-0.0736000000000001 0.113392998491792 0.0263803794280485 -10.1772275276048 43.4506424635549 69531.9230336427
-0.0736999999999999 -0.166920174240063 0.0301075610759797 -10.329076941067 43.445952195586 69442.013936926
-0.0738 0.10188513928137 0.0742192160288329 -10.163853178895 43.4412619276172 69558.1498635401
-0.0739000000000001 0.00126713442977797 -0.219965453623369 -10.3785060661003 43.4365716596483 69439.775584989
-0.0739999999999999 0.0164770224490652 0.184056091556754 -10.1918546401275 43.4318813916794 69554.6502279975
-0.0741 -0.19614059826191 -0.0396064976500908 -10.4046485744863 43.4271911237106 69420.4066053713
-0.0742000000000001 0.25552502582027 -0.0330779674242154 -10.2121944150674 43.4225008557417 69554.0629134202
-0.0742999999999999 -0.123923959059014 -0.103972356973471 -10.4552605693639 43.4178105877728 69413.5815052907
-0.0744 -0.0101585739555536 0.246788008358203 -10.2420042541252 43.413120319804 69557.5825716537
-0.0745000000000001 0.00944229256120848 -0.225874000734135 -10.4532389866551 43.4084300518351 69420.1428337469
-0.0745999999999999 0.13076181860037 0.0955315118236635 -10.2561449137478 43.4037397838663 69553.7776485459
-0.0747 -0.184618146665873 -0.0396919508421666 -10.5037853913179 43.3990495158974 69414.7708364246
-0.0748000000000001 0.108408151240793 0.0945236522671085 -10.293596509904 43.3943592479285 69549.9689960307
-0.0748999999999999 -0.0465708906093639 -0.155489892537441 -10.4972252204893 43.3896689799597 69422.9221142645
-0.075 0.0705314565182345 0.105922993400159 -10.3531338650881 43.3849787119908 69530.9416340336
-0.0751000000000001 -0.163947425049174 0.000442108557438692 -10.5060832617217 43.3802884440219 69434.0822599826
-0.0751999999999999 0.139645653685344 0.00551766892549736 -10.3747362127631 43.3755981760531 69521.6749034603
-0.0753 -0.0285978318975569 -0.107468305519322 -10.5245388526101 43.3709079080842 69432.7780192334
-0.0754000000000001 -0.0306507888177491 0.130254946387746 -10.4118506734745 43.3662176401153 69505.2703461495
-0.0754999999999999 -0.00396626152942747 -0.0555424760621472 -10.5129144817387 43.3615273721465 69458.0115766057
-0.0756 0.122188662012324 -0.0227896350388735 -10.4552283393861 43.3568371041776 69506.040076674
-0.0757000000000001 -0.0941980888664899 0.0398748439428712 -10.5322515522325 43.3521468362087 69458.2919562244
-0.0758 0.0480339764748136 0.0220810814901926 -10.4692204818536 43.3474565682399 69492.5729243645
-0.0759 -0.0132122265118902 -0.0640328324681291 -10.5506702368941 43.342766300271 69443.6668411694
-0.0760000000000001 0.0297237931325115 0.024189442634896 -10.5130252772159 43.3380760323022 69483.8365541652
-0.0761 -0.0622118101671183 0.0199161620169925 -10.591836991058 43.3333857643333 69451.5909956216
-0.0762 0.0255371877241041 0.0392742547191987 -10.5366767746851 43.3286954963644 69487.7618083452
-0.0763000000000001 0.0825073052743248 -0.101899289200624 -10.5797176355871 43.3240052283956 69462.8607999837
-0.0764 -0.0414009851034449 0.0756202623899569 -10.5796008614997 43.3193149604267 69468.9131773536
-0.0765 -0.0582278276725152 0.0505928077414005 -10.5974721146746 43.3146246924578 69456.8459434386
-0.0766000000000001 0.0937121541771342 -0.105750577098157 -10.6072998261068 43.309934424489 69459.8666477127
-0.0767 0.00133610223100494 0.0398623325123647 -10.6020568633908 43.3052441565201 69471.7366130507
-0.0768 -0.0640739548384239 0.0809721532159718 -10.6389564772846 43.3005538885512 69470.7580488385
-0.0769000000000001 0.0993107514100732 -0.0909533717443373 -10.6446779177937 43.2958636205824 69466.1440527616
-0.0770000000000002 0.0262204674827531 0.0246863856814728 -10.6503297769973 43.2911733526135 69465.8297115366
-0.0770999999999999 -0.0342204143321593 0.0404068460735012 -10.6627649509771 43.2864830846447 69454.9188150305
-0.0772 0.0162354548207721 0.0118536211730585 -10.653220944691 43.2817928166758 69467.229826723
-0.0773000000000001 0.0296931993458012 -0.0593868408395359 -10.7052014535071 43.2771025487069 69440.7851887208
-0.0773999999999999 -0.0109397395120259 0.0384615056544996 -10.6935096138626 43.2724122807381 69460.3421323245
-0.0775 -0.0464131632823321 0.0482105924313526 -10.7204356717058 43.2677220127692 69458.4967307108
-0.0776000000000001 0.0618865833517724 -0.0804539087759022 -10.733343637726 43.2630317448003 69460.1337873132
-0.0776999999999999 0.0235932587667695 0.00670809302591948 -10.7191492469158 43.2583414768315 69463.182646327
-0.0778 -0.117419769509046 0.0875929854514944 -10.7618914003082 43.2536512088626 69443.2526412198
-0.0779000000000001 0.0554429688962661 -0.000347741365219205 -10.7341900094828 43.2489609408937 69458.6714381452
-0.0779999999999999 0.0648915356061479 -0.132053149903921 -10.8247616258317 43.2442706729249 69407.2999913219
-0.0781 -0.0474017138170298 0.123833545331252 -10.7402983393117 43.239580404956 69467.1552877421
-0.0782000000000001 -0.110839708536955 0.0117732280287294 -10.8336373528267 43.2348901369871 69422.6924043591
-0.0782999999999999 0.173230400671852 -0.0838567286191431 -10.7590500940843 43.2301998690183 69476.9097927909
-0.0784 -0.0320203910420436 -0.08205156383474 -10.8668783767757 43.2255096010494 69422.1748152424
-0.0785000000000001 -0.0924765221218962 0.238785740666151 -10.7541224500749 43.2208193330806 69488.557394957
-0.0785999999999999 -0.0174313878943319 -0.132752739211114 -10.9194302828735 43.2161290651117 69394.4081811298
-0.0787 0.186332950442587 -0.069060924448216 -10.7851597904603 43.2114387971428 69477.7606364652
-0.0788000000000001 -0.198289006381885 0.0704974908583802 -10.9237167646205 43.206748529174 69399.8283077282
-0.0788999999999999 0.0235466207614294 0.122537729155354 -10.8195159958809 43.2020582612051 69489.8794300958
-0.079 0.0929489476194316 -0.206561877771695 -10.9478265582897 43.1973679932362 69414.435161107
-0.0791000000000001 0.0127142376011095 0.102720338592574 -10.8263136830419 43.1926777252674 69478.1026216582
-0.0791999999999999 -0.160227701713671 0.0560908081119128 -10.9810855808657 43.1879874572985 69400.2755196257
-0.0793 0.1252675996125 -0.0391611299177751 -10.8685925346829 43.1832971893297 69467.0649053502
-0.0794000000000001 0.00440118160978904 -0.108170965484714 -10.9587059131352 43.1786069213608 69421.0952065329
-0.0794999999999999 -0.0805845782110615 0.160709118712403 -10.9054454744314 43.1739166533919 69470.498732342
-0.0796 -0.017266449343254 -0.0388866291029993 -10.9863930708742 43.1692263854231 69425.9206576319
-0.0797000000000001 0.123843991289846 -0.0681575131887964 -10.9352284778781 43.1645361174542 69456.8096888764
-0.0797999999999999 -0.0674959596571706 0.00653961364294997 -11.0022856558477 43.1598458494853 69412.5647383456
-0.0799 -0.0609451222401444 0.0701513916267434 -10.9830368425668 43.1551555815165 69439.9503779271
-0.0800000000000001 0.034376443026495 -0.0920026259515231 -11.0253773773006 43.1504653135476 69420.7795469062
-0.0800999999999999 0.0552504353212107 -0.0103818790672217 -10.9884781474724 43.1457750455787 69458.5571823441
-0.0802 -0.124625366101631 0.0669329200014297 -11.0310440282259 43.1410847776099 69432.6721168352
-0.0803000000000001 0.0103917813989942 0.0157022660460905 -11.0165420810614 43.136394509641 69447.7166061466
-0.0804 0.0931047597991211 -0.132890922062072 -11.0976185544845 43.1317042416721 69412.6212035318
-0.0805 -0.0633426762368803 0.0922084743326042 -11.0519669719687 43.1270139737033 69434.9620409664
-0.0806000000000001 -0.0394847140827795 0.0183632390682742 -11.0882064438751 43.1223237057344 69423.770977153
-0.0807 0.0862366716717162 -0.0764890122240776 -11.103059950967 43.1176334377656 69433.3370293682
-0.0808 0.00998065132578034 -0.0231181125555011 -11.0981842284365 43.1129431697967 69435.0379710157
-0.0809000000000001 -0.0797686866155025 0.0671042783030079 -11.1164775642379 43.1082529018278 69425.1460532914
-0.081 0.0137607049887943 -0.0193103502508527 -11.1228472332119 43.103562633859 69420.8708343187
-0.0811 0.0884052737926254 -0.0872122078350351 -11.1335820802773 43.0988723658901 69423.9087195612
-0.0812000000000001 -0.0923690097565812 0.0907960253094571 -11.1413287140407 43.0941820979212 69428.4157829601
-0.0813 -0.0297643722814477 -0.00601569829291203 -11.1628397423574 43.0894918299524 69419.4001598675
-0.0814 0.0990538563696322 -0.0703050076303668 -11.1554899134512 43.0848015619835 69437.6281625423
-0.0815000000000001 -0.0568260569599893 0.0354247212589883 -11.1923418296418 43.0801112940146 69415.355694894
-0.0816 -0.0311492598898747 0.0453951684150527 -11.1880483884146 43.0754210260458 69414.8352711642
-0.0817 0.0433997785463659 -0.0672405081119279 -11.2128759404725 43.0707307580769 69406.8166960997
-0.0818000000000001 0.0330992316477354 -0.0127487167581628 -11.2054635861253 43.0660404901081 69426.3636023011
-0.0819 -0.0517973982288222 0.0614624052122105 -11.2174251665869 43.0613502221392 69425.8413176648
-0.0819999999999999 -0.0102239105785165 -0.00287182288883309 -11.2306547920153 43.0566599541703 69423.1368564817
-0.0821 0.0877980812446604 -0.0860940886339378 -11.2454942877694 43.0519696862015 69423.0883487274
-0.0822000000000001 -0.060151016062212 0.0433631601291121 -11.261654597872 43.0472794182326 69408.2188162955
-0.0822999999999999 -0.0508749761803059 0.0613648007175211 -11.2761530504142 43.0425891502637 69413.4831531179
-0.0824 0.0972692772575594 -0.10202039835684 -11.2843722190988 43.0378988822949 69401.9114525716
-0.0825000000000001 0.0149520343897474 0.0305003214644391 -11.2676672467443 43.033208614326 69429.8988858034
-0.0825999999999999 -0.113923673290553 0.0795443298864846 -11.3086776893748 43.0285183463571 69407.7523521642
-0.0827 0.102279322735673 -0.0400813700241087 -11.2651285729491 43.0238280783883 69432.8634295908
-0.0828000000000001 0.0398057619160032 -0.120184622935624 -11.3715491967416 43.0191378104194 69379.234596953
-0.0828999999999999 -0.0594413349494186 0.14786714893672 -11.3132584517023 43.0144475424506 69426.2808945432
-0.083 -0.0469308879878758 -0.0391475834384639 -11.3689885562809 43.0097572744817 69383.8033529815
-0.0831000000000001 0.177472891611042 -0.0652169463523148 -11.2919880392267 43.0050670065128 69438.5792879126
-0.0831999999999999 -0.0954451641654131 -0.0516422226706904 -11.4424585799054 43.000376738544 69371.2732924283
-0.0833 -0.0395300116673014 0.172995437138169 -11.3092819223571 42.9956864705751 69451.0197233759
-0.0834000000000001 -0.0140578168637148 -0.147794474184648 -11.4623718980691 42.9909962026062 69355.3311111796
-0.0834999999999999 0.171356533603624 0.0087356959217061 -11.3149691578916 42.9863059346374 69453.9032735017
-0.0836 -0.239755163729028 0.0484017031365319 -11.5081601781097 42.9816156666685 69338.3282171015
-0.0837000000000001 0.0811524931570696 0.098422189947835 -11.3349686781321 42.9769253986996 69459.2106254482
-0.0837999999999999 0.0409625226596687 -0.246583794985985 -11.5369476226441 42.9722351307308 69343.741739888
-0.0839 0.00873962341277496 0.180434587332692 -11.3500642308102 42.9675448627619 69466.259981125
-0.0840000000000001 -0.1745188828929 -0.0124913991952805 -11.5731385070299 42.962854594793 69341.8281684062
-0.0840999999999999 0.220069002197051 -0.0415619072492582 -11.3798088463062 42.9581643268242 69447.7425406059
-0.0842 -0.0687858965589591 -0.0785351513430086 -11.5351657580403 42.9534740588553 69342.8290308097
-0.0843000000000001 -0.0747932919619809 0.194755562875942 -11.4354319000571 42.9487837908865 69428.4570133369
-0.0843999999999999 -0.0144858323204122 -0.0724645144441753 -11.5558857814398 42.9440935229176 69370.5655095168
-0.0845 0.126855182635019 -0.0478456487922659 -11.4566775337927 42.9394032549487 69432.4645736783
-0.0846000000000001 -0.0923240174961032 0.0178200629336887 -11.5559969418717 42.9347129869799 69376.151272265
-0.0846999999999999 -0.0514842085105308 0.112052834473347 -11.5259224864054 42.930022719011 69401.7675532306
-0.0848 0.0626325844500454 -0.132371543497027 -11.5771794505608 42.9253324510421 69370.1005299499
-0.0849000000000001 -0.00028605930535392 0.00494845130921223 -11.5306485035475 42.9206421830733 69398.4545083248
-0.0849999999999999 -0.0694558000544974 0.0612579881420137 -11.5628059528222 42.9159519151044 69400.1824523041
-0.0851 0.0265125759339621 -0.0321774131458437 -11.5965383571152 42.9112616471355 69391.4553825763
-0.0852000000000001 0.0386686916649819 -0.042787700555262 -11.5897113381924 42.9065713791667 69390.2204192253
-0.0852999999999999 -0.0707558108175502 0.0513763381958801 -11.6155889392051 42.9018811111978 69379.1438855173
-0.0854 0.0202532796448698 -0.0114538505006455 -11.6110413775813 42.897190843229 69395.5161850516
-0.0855000000000001 0.00613913019922527 -0.00842673416580191 -11.6319013542065 42.8925005752601 69390.3482076648
-0.0856 0.000363568172752563 0.0463222222662928 -11.616263685217 42.8878103072912 69409.9623980877
-0.0857 0.00732439490168677 -0.0440523925161392 -11.6867463340416 42.8831200393224 69377.7720252565
-0.0858000000000001 -0.0011516427405566 0.0324785664198545 -11.6631706225951 42.8784297713535 69386.0074201759
-0.0859 -0.011029180496833 -0.0176859557751177 -11.6978122791379 42.8737395033846 69369.5952309011
-0.086 0.02395953622936 0.0402754715127109 -11.6647644145398 42.8690492354158 69404.4081811609
-0.0861000000000001 -0.0608893202447158 -0.0314366997534184 -11.7457617045883 42.8643589674469 69366.2200313802
-0.0862 0.0887054058942603 0.00360213708347431 -11.6843784812416 42.859668699478 69420.5210432921
-0.0863 -0.0726041386288029 -0.0026023443471718 -11.7704166594816 42.8549784315092 69368.6640271795
-0.0864000000000001 0.0341800383515706 0.0504507115374853 -11.7112617959329 42.8502881635403 69408.0478159132
-0.0865 0.0189165406418956 -0.1192266558926 -11.8107848685724 42.8455978955715 69343.8058010947
-0.0866 0.0135868726380757 0.0708885955396485 -11.7281438138902 42.8409076276026 69406.0184754899
-0.0867000000000001 -0.102511428621687 -0.0132019021329901 -11.8356778393396 42.8362173596337 69347.2528936412
-0.0868000000000002 0.120090851236449 0.00216759406128673 -11.7377338873781 42.8315270916649 69409.5486822804
-0.0868999999999999 -0.0493011254575889 -0.0854376170078026 -11.8607232307621 42.826836823696 69343.6880973326
-0.087 -0.00424873618853236 0.152571286346277 -11.7381834186069 42.8221465557271 69424.7676070473
-0.0871000000000001 -0.0474919265828309 -0.0745448378981538 -11.8823520555292 42.8174562877583 69333.7348351129
-0.0871999999999999 0.161263416441472 -0.020226499127228 -11.7616791243171 42.8127660197894 69406.3844915321
-0.0873 -0.110386220126183 -1.09503815626736e-05 -11.9256163641511 42.8080757518205 69331.4347095063
-0.0874000000000001 -0.00919812218391214 0.126513906280479 -11.8041119691884 42.8033854838517 69408.190725348
-0.0874999999999999 0.0210905913231796 -0.139951442101742 -11.9220751753888 42.7986952158828 69341.0660910917
-0.0876 0.0964995819854829 0.00745766650229499 -11.8190786645911 42.7940049479139 69408.9018272145
-0.0877000000000001 -0.17406533571046 0.0586259104603197 -11.9620724071105 42.7893146799451 69337.4152150189
-0.0877999999999999 0.0611569871779758 0.0382624994136398 -11.8497034626924 42.7846244119762 69405.8228558484
-0.0879 0.0253426637479466 -0.160049644406521 -11.9736076805827 42.7799341440074 69325.1724062037
-0.0880000000000001 -0.035665017478902 0.100796445602686 -11.8771044915771 42.7752438760385 69389.0820423487
-0.0880999999999999 -0.0894139330555108 0.00761718590577104 -11.9768179579577 42.7705536080696 69338.7135816224
-0.0882 0.124157114780569 -0.0283266292149875 -11.9134081692391 42.7658633401008 69395.8209640225
-0.0883000000000001 -0.0395833738643943 -0.0301374825643047 -12.0055712026527 42.7611730721319 69353.4106253115
-0.0883999999999999 -0.0240186633134897 0.0831778605178658 -11.9263677447873 42.756482804163 69386.3231457883
-0.0885 -0.0522958184899465 -0.0137162017123896 -12.0152725041503 42.7517925361942 69335.8659375518
-0.0886000000000001 0.099530358719805 -0.0691241677121975 -11.9695009963722 42.7471022682253 69374.9855510945
-0.0886999999999999 -0.028542338096405 0.0313420901724972 -11.9827885748796 42.7424120002565 69358.4853543453
-0.0888 -0.0398207837550158 0.0928617943955251 -11.9859897438782 42.7377217322876 69378.0167791194
-0.0889000000000001 0.0697546186536406 -0.0673828384423376 -12.0330049784666 42.7330314643187 69369.3457488749
-0.0889999999999999 0.0277013051474569 -0.0288129782190762 -12.0357753019035 42.7283411963499 69359.2103298807
-0.0891 -0.101759957179672 0.116240859094416 -12.0173006212728 42.723650928381 69356.1292962214
-0.0892000000000001 0.0506186711583714 -0.0487437449684723 -12.0693455366676 42.7189606604121 69351.4078509686
-0.0892999999999999 0.0591493145140531 -0.0408952188261016 -12.0643737568036 42.7142703924433 69367.237192711
-0.0894 -0.0788461804481543 0.0458883822786223 -12.087141585964 42.7095801244744 69354.6903270465
-0.0895000000000001 0.0177394010986266 0.0478451099527132 -12.051721866781 42.7048898565055 69379.1739373042
-0.0895999999999999 0.0210317686909542 -0.0662953167094675 -12.1281814168144 42.7001995885367 69338.0345868036
-0.0897 0.049145523876505 0.0307594397958023 -12.0679221708773 42.6955093205678 69370.8387274042
-0.0898000000000001 -0.104586460994846 -3.46583542613475e-05 -12.152143221816 42.6908190525989 69319.9796645327
-0.0898999999999999 0.0616427661742493 0.0652684683294187 -12.0479175171192 42.6861287846301 69388.2303157415
-0.09 0.00765836846394698 -0.108561106216673 -12.1934244024971 42.6814385166612 69328.703828623
-0.0901000000000001 0.0157279224027415 0.11037825063983 -12.1043515792816 42.6767482486923 69395.3070965957
-0.0902 -0.140090502918964 -0.0148178342917912 -12.2280494719929 42.6720579807235 69311.5477369514
-0.0903 0.201462350217012 0.0223355713149703 -12.0559718055024 42.6673677127546 69416.0085125662
-0.0904000000000001 -0.0990358699586438 -0.138286332652675 -12.291743850683 42.6626774447858 69267.1266508422
-0.0905 0.0391799907536416 0.256609010398249 -12.0502414288292 42.6579871768169 69434.8546552021
-0.0906 -0.101887105660046 -0.153901917139176 -12.3311852565419 42.653296908848 69269.97978267
-0.0907000000000001 0.24959554673676 0.0604170382756961 -12.0419085602176 42.6486066408792 69449.4360534073
-0.0908 -0.189851158759903 -0.0631259277717692 -12.3590129445002 42.6439163729103 69267.9507266995
-0.0909 0.0716589480179338 0.205379559426812 -12.0687880882684 42.6392261049414 69435.6490864843
-0.0910000000000001 -0.0686777347796791 -0.215593900698959 -12.3745157778424 42.6345358369726 69255.515921497
-0.0911 0.180290854528396 0.0929518516905592 -12.1003479418551 42.6298455690037 69427.0043949226
-0.0912 -0.203727101686222 -0.0279624795363812 -12.3720818052954 42.6251553010349 69281.5332869867
-0.0913000000000001 0.100545254453151 0.0953662152201701 -12.169428704471 42.620465033066 69419.5229645815
-0.0914000000000002 -0.00576879550110518 -0.168586474389578 -12.3705793543536 42.6157747650971 69298.8152802141
-0.0915 0.049687819270756 0.103829084543886 -12.2024598489227 42.6110844971283 69396.6598098391
-0.0916000000000001 -0.117029261177953 -0.0248549197094752 -12.37340761055 42.6063942291594 69296.5509574491
-0.0917000000000001 0.100151224522596 0.00136422669541255 -12.2590747435167 42.6017039611905 69373.9618151002
-0.0918 -0.0540578953443297 -0.0696579744381255 -12.3637137366068 42.5970136932217 69316.9137533152
-0.0919 0.00290494560590405 0.0526745746431517 -12.2947681915535 42.5923234252528 69370.383239412
-0.0920000000000001 -0.0426701799744114 -0.0182726684584799 -12.3627825402906 42.5876331572839 69332.8454846712
-0.0920999999999999 0.0637588714648549 0.0162547911698514 -12.3183720438185 42.5829428893151 69362.9333443076
-0.0922 -0.0207733094009842 -0.020456699605792 -12.3882812473979 42.5782526213462 69330.3613869076
-0.0923000000000001 0.003590559401425 0.0118808618107945 -12.3638979292112 42.5735623533773 69353.0443497094
-0.0923999999999999 -0.013236718059625 -0.0208551136161848 -12.3983291748891 42.5688720854085 69330.5522550524
-0.0925 0.0240006124857114 -0.0146808242368328 -12.3974939270462 42.5641818174396 69341.9171093319
-0.0926000000000001 -0.028212945083872 -0.00752104462378192 -12.4330036359813 42.5594915494707 69341.7975819579
-0.0926999999999999 -0.00742455466497055 0.0148887185067303 -12.3954309161673 42.5548012815019 69352.8785517263
-0.0928 -0.0135555159969506 -0.0256971270789272 -12.419109556058 42.550111013533 69340.1353676619
-0.0929000000000001 0.0186761143150085 -0.00696409725810606 -12.4446375656253 42.5454207455642 69337.3972998156
-0.0929999999999999 -0.0305005424419287 0.0254561913289878 -12.4641457470815 42.5407304775953 69335.4756041383
-0.0931 0.0185562878900724 -0.0377605468251388 -12.456043629163 42.5360402096264 69339.9231155654
-0.0932000000000001 0.00198701073375357 -0.00773388855319558 -12.468382373873 42.5313499416576 69341.7606531083
-0.0932999999999999 -0.0248739440052839 0.0189134232732685 -12.4636651463316 42.5266596736887 69344.7618092648
-0.0934 -0.0320984563506258 -0.0213915928806445 -12.502559030866 42.5219694057198 69331.0437459161
-0.0935000000000001 0.00978335949843669 -0.0266452017957233 -12.5010919493427 42.517279137751 69338.4072769649
-0.0935999999999999 -0.0126846005085688 -0.00196896060641803 -12.5250768876876 42.5125888697821 69333.024302815
-0.0937 -0.00272971360071921 0.00467620417044805 -12.5166531427923 42.5078986018133 69335.2904411532
-0.0938000000000001 0.0214512625411551 -0.0091519262447697 -12.5457487877802 42.5032083338444 69334.1623106144
-0.0938999999999999 0.000341813238899076 -0.0317857333594934 -12.5652550208713 42.4985180658755 69327.6856582916
-0.094 0.0362971644284904 0.0133971063718766 -12.52785398674 42.4938277979067 69353.0592586802
-0.0941000000000001 -0.0348110155042365 -0.00874449474668959 -12.595067401926 42.4891375299378 69323.1895120285
-0.0941999999999999 0.0388993887392575 0.0488218939042746 -12.5189275792444 42.4844472619689 69374.0761585729
-0.0943 -0.0370186004525972 -0.0793740195781828 -12.6482822403997 42.4797569940001 69297.0552193973
-0.0944000000000001 0.0174833276538022 0.106942019831517 -12.5406111155738 42.4750667260312 69360.7076806362
-0.0944999999999999 -0.0516791638631737 -0.10684816104433 -12.6814983921071 42.4703764580623 69281.3678133961
-0.0946 0.121218355167534 0.0495061284922838 -12.5316541330065 42.4656861900935 69395.4961543327
-0.0947000000000001 -0.175077388516111 -0.0219401899417651 -12.7274701634914 42.4609959221246 69282.4680479518
-0.0947999999999999 0.156668593286311 0.083294632542825 -12.5219394005918 42.4563056541558 69406.3865829607
-0.0949 -0.0746905352553228 -0.154155963006908 -12.7699830102202 42.4516153861869 69261.2069249241
-0.0950000000000001 0.0413930672993295 0.18241322073032 -12.5311810328736 42.446925118218 69408.1332323988
-0.0950999999999999 -0.130149783776749 -0.153587914915078 -12.8055336040978 42.4422348502492 69245.8529819269
-0.0952 0.205383664555082 0.0451031231864872 -12.5345939244567 42.4375445822803 69414.3214341954
-0.0953000000000001 -0.20806177788269 -0.0771024381420425 -12.8308250176999 42.4328543143114 69241.2223049764
-0.0954 0.107007505687089 0.179155873614249 -12.5398582086474 42.4281640463426 69424.9048910252
-0.0955 -0.0740137945909061 -0.218636820171689 -12.856695052353 42.4234737783737 69248.5928024058
-0.0956000000000001 0.161503907798898 0.11020287320077 -12.5570768297309 42.4187835104048 69429.8956898608
-0.0957 -0.246559561128418 -0.0307528770324 -12.8761065513459 42.414093242436 69240.7171349109
-0.0958 0.128519703060627 0.0961069353454096 -12.6148837661138 42.4094029744671 69399.7632945649
-0.0959000000000001 -0.0170967314771707 -0.212653579626624 -12.8624031051773 42.4047127064982 69257.7205423857
-0.096 0.0362694995763714 0.18734114779851 -12.6654313457783 42.4000224385294 69396.0656497298
-0.0961 -0.151293873480141 0.00019037528001476 -12.8563908277928 42.3953321705605 69276.4314383442
-0.0962000000000001 0.187272547505407 -0.0345336178466438 -12.6835655716069 42.3906419025917 69374.9888803773
-0.0963 -0.039624440311521 -0.0490798025077949 -12.8554144742732 42.3859516346228 69295.7837984258
-0.0964 -0.059986562425078 0.126023388809159 -12.7720602466113 42.3812613666539 69345.8977152093
-0.0965000000000001 0.0299229109693976 -0.0669119365810561 -12.8323257464078 42.3765710986851 69311.6244422582
-0.0966000000000001 0.073862935543275 -0.0636609345984968 -12.8156490715147 42.3718808307162 69320.2742193396
-0.0967 -0.0928537038239231 0.0724567546591814 -12.8600341172081 42.3671905627473 69310.6374933167
-0.0968 -0.0436597905107969 0.0363330466834217 -12.8440268474609 42.3625002947785 69324.7755103327
-0.0969000000000001 0.0913380838367412 -0.0865230709098829 -12.8342130271684 42.3578100268096 69329.3857252474
-0.0969999999999999 -0.0362659626084865 0.0148857087959923 -12.8770718874732 42.3531197588407 69317.257683235
-0.0971 -0.0416965283840258 0.101755336060303 -12.8405070133993 42.3484294908719 69340.3914733947
-0.0972000000000001 0.0154181337560126 -0.0636372887346968 -12.8980875633601 42.343739222903 69297.4382452983
-0.0972999999999999 0.0930983745841713 -0.0628765105067281 -12.8515989640724 42.3390489549342 69338.612889419
-0.0974 -0.151076829904033 0.0633649876865924 -12.9344115748957 42.3343586869653 69304.9975921019
-0.0975000000000001 -0.00798782734349206 0.054284668385865 -12.8703228859382 42.3296684189964 69344.7333724869
-0.0975999999999999 0.0576011593592063 -0.178904758170825 -12.9459588229862 42.3249781510276 69305.0086662637
-0.0977 0.0153188410057331 0.0756892137478193 -12.8759257300932 42.3202878830587 69346.7970342051
-0.0978000000000001 -0.13514330522127 0.0339986974086689 -12.9854856541024 42.3155976150898 69285.6366538733
-0.0978999999999999 0.0957746624126872 -0.0277398282223874 -12.9131928053736 42.310907347121 69342.7810205808
-0.098 0.0253526173806999 -0.0782795211633804 -12.9776849991092 42.3062170791521 69308.6305620275
-0.0981000000000001 -0.051050084810619 0.102336339304333 -12.9169780523833 42.3015268111832 69350.7503490656
-0.0981999999999999 -0.0231499150831487 -0.0319485919062671 -13.0150206951322 42.2968365432144 69305.4243454431
-0.0983 0.0776915025034193 -0.0229858247433509 -12.9786439950453 42.2921462752455 69330.3853453863
-0.0984000000000001 -0.0409886372324415 -0.0679666908923073 -13.0342101892332 42.2874560072766 69292.9759088515
-0.0984999999999999 -0.013743684465413 0.101900825121481 -12.9478865304893 42.2827657393078 69346.7298585649
-0.0986 -0.0430317509904962 -0.0453739375183497 -13.0763797126527 42.2780754713389 69290.320633669
-0.0987000000000001 0.129636286647582 -0.036542599723781 -12.9688213377169 42.2733852033701 69352.1955159244
-0.0987999999999999 -0.125880924848564 -0.0115949568358686 -13.1070662556139 42.2686949354012 69278.0994629387
-0.0989 0.0361362906258136 0.0834447396669419 -12.9927188342577 42.2640046674323 69359.5638340562
-0.0990000000000001 0.026140827267196 -0.130990785883204 -13.1138518249172 42.2593143994635 69281.0162976075
-0.0990999999999999 0.0163520780835256 0.0501703618894998 -13.026603013319 42.2546241314946 69333.5294877889
-0.0992 -0.103211746203014 0.0302032794536301 -13.1112819244722 42.2499338635257 69293.0303569297
-0.0993000000000001 0.0982812253577779 -0.00416464265250788 -13.0439939893822 42.2452435955569 69354.0981659571
-0.0993999999999999 0.0047287356531421 -0.0693112571354198 -13.1592907861291 42.240553327588 69291.5980500846
-0.0995 -0.0505997337068961 0.116079540648402 -13.0813196027086 42.2358630596191 69338.5021007691
-0.0996000000000001 -0.0214749104302758 -0.0542841358936099 -13.1669891984583 42.2311727916503 69286.6740185751
-0.0996999999999999 0.1092062508881 -0.0160028750790279 -13.0836226864697 42.2264825236814 69328.7886822539
-0.0998 -0.093798822305985 0.0274184237050988 -13.1953490677009 42.2217922557126 69274.9062235483
-0.0999000000000001 -0.0225385032114007 0.0534761610984969 -13.1525885653559 42.2171019877437 69315.0303580286
-0.1 0.0654633608987238 -0.0864048264262796 -13.1903171118305 42.2124117197748 69301.4449032854
-0.1001 0.015350566956996 -0.00483859896202533 -13.1673817614338 42.207721451806 69322.22740941
-0.1002 -0.057693639456122 0.063020974405232 -13.1934494567529 42.2030311838371 69320.9831927026
-0.1003 -0.0154332405352178 -0.0480448019265598 -13.2321904853931 42.1983409158682 69298.365027246
-0.1004 0.135572236511025 -0.0380361399376524 -13.1520639648987 42.1936506478994 69342.0319173796
-0.1005 -0.0973588374889985 -0.0644398642874275 -13.3118771317905 42.1889603799305 69256.0632608198
-0.1006 -0.0136992671164828 0.206347614034799 -13.1439782056676 42.1842701119616 69363.7905232331
-0.1007 0.00128131978493751 -0.226256808745484 -13.3516665285534 42.1795798439928 69241.4401291934
-0.1008 0.218157989720538 0.0807998860419693 -13.0977812997921 42.1748895760239 69411.0518315639
-0.1009 -0.35737045209278 0.00199198546492988 -13.4738050841969 42.1701993080551 69195.1523964124
-0.101 0.252994961863813 0.148469600508806 -13.0664579757419 42.1655090400862 69434.1743801285
-0.1011 -0.0748140988192765 -0.333360330466972 -13.5191143828959 42.1608187721173 69170.0752736488
-0.1012 0.076693722136744 0.371575677598407 -13.087946105724 42.1561285041485 69433.6084545304
-0.1013 -0.208129276516289 -0.187905065477678 -13.5339765949629 42.1514382361796 69175.9963372218
-0.1014 0.28983112515589 0.0990794436738902 -13.0998083085943 42.1467479682107 69431.19959871
-0.1015 -0.203828536297574 -0.10791640458927 -13.4919509564015 42.1420577002419 69214.1975182488
-0.1016 0.131334438575102 0.176712711520469 -13.1835432957717 42.137367432273 69400.3793704222
-0.1017 -0.0876758596366614 -0.164149323135538 -13.4774604904603 42.1326771643041 69233.0653924588
-0.1018 0.0895686995221822 0.0945160506393951 -13.2503683492858 42.1279868963353 69354.9809625807
-0.1019 -0.0942181158973196 -0.0878915478425629 -13.4671563765654 42.1232966283664 69229.2088596131
-0.102 0.069898703326189 0.11701057781772 -13.3005160345055 42.1186063603975 69356.885149144
-0.1021 -0.0725470296312377 -0.0758072986068245 -13.4828491930312 42.1139160924287 69260.4244836373
-0.1022 0.0849146202496696 0.0417040599237535 -13.3182444769188 42.1092258244598 69354.0357786648
-0.1023 -0.085624557071658 -0.0221741193135644 -13.4560352987407 42.104535556491 69278.6138442341
-0.1024 0.0144482936525295 0.0750423730638906 -13.3646576532812 42.0998452885221 69330.2579773783
-0.1025 0.0433921260293937 -0.0987129707430241 -13.475913748925 42.0951550205532 69280.8752275355
-0.1026 0.00282751361017711 0.0383155050337911 -13.440361811127 42.0904647525844 69308.1801195403
-0.1027 -0.052985520284647 0.0496448824950446 -13.4471114430414 42.0857744846155 69305.7619808709
-0.1028 0.0626958675477032 -0.054029677792525 -13.4644349459276 42.0810842166466 69304.9356101161
-0.1029 0.00857734999115071 0.00507835292115163 -13.4435125696576 42.0763939486778 69309.6305351745
-0.103 -0.0588471299160966 0.0437774031928359 -13.5032763038152 42.0717036807089 69304.0485194245
-0.1031 0.0174609996269106 -0.00718467545242755 -13.4789085053845 42.0670134127401 69304.9592415782
-0.1032 0.0379945583012182 -0.0671014892889953 -13.5264195396619 42.0623231447712 69286.339186342
-0.1033 -0.0478015243195936 0.093392415805632 -13.519184134769 42.0576328768023 69311.7227078744
-0.1034 -0.0197958426433924 -0.0328352637443615 -13.5678893843885 42.0529426088335 69280.5810345607
-0.1035 0.0596924764047117 -0.00986248449280242 -13.4958724299596 42.0482523408646 69328.9500886936
-0.1036 -0.0287864172928395 -0.0337692783493551 -13.5719923211563 42.0435620728957 69288.9568739967
-0.1037 0.0313978317813522 0.0785186345075277 -13.5167211414056 42.0388718049269 69329.8540069314
-0.1038 -0.104587412884859 0.0178364721435195 -13.6100826320528 42.034181536958 69268.0627082793
-0.1039 0.115632369306933 -0.00957263822405562 -13.5249015230847 42.0294912689891 69322.2568253485
-0.104 -0.00152386745225738 -0.0793396612346397 -13.6453320780652 42.0248010010203 69271.1833545228
-0.1041 -0.091798022692269 0.198180534637217 -13.5189132340311 42.0201107330514 69345.659631423
-0.1042 -0.00505093941938102 -0.111538844040768 -13.6602794878748 42.0154204650825 69265.6792997038
-0.1043 0.214772059925327 -0.0601399893220596 -13.5142771257018 42.0107301971137 69352.116636571
-0.1044 -0.250419291110969 0.0617347463643398 -13.7289451822122 42.0060399291448 69235.6730520381
-0.1045 0.0130324054059209 0.130618246415861 -13.5395424221306 42.001349661176 69341.3801019252
-0.1046 0.102750127143939 -0.24404697457026 -13.7171783045743 41.9966593932071 69254.8148267739
-0.1047 0.0366747906390634 0.109854608523257 -13.5777793268913 41.9919691252382 69348.4957291411
-0.1048 -0.214246525792237 0.0689225002715796 -13.7272993780017 41.9872788572694 69266.8499214684
-0.1049 0.18383365093388 -0.047592542390114 -13.6042727606191 41.9825885893005 69341.5595973948
-0.105 -0.0198262447354175 -0.0980653934522916 -13.7536034245304 41.9778983213316 69252.5414238202
-0.1051 -0.0352543810510539 0.113267746129911 -13.63797112004 41.9732080533628 69315.2686876408
-0.1052 -0.0529396028410922 -0.0224523914128554 -13.7463436206836 41.9685177853939 69270.4093560026
-0.1053 0.0587442337965559 -0.00997837385975337 -13.683724683101 41.963827517425 69316.4534645106
-0.1054 -0.0137468397029273 -0.019864208893539 -13.7304297780877 41.9591372494562 69292.9959050074
-0.1055 0.0108044300379454 0.0200766734402334 -13.7220843423743 41.9544469814873 69307.0712823014
-0.1056 -0.0247456290223493 0.0375334092181051 -13.7320228426795 41.9497567135185 69302.7818514874
-0.1057 0.0239647597663776 -0.027853000055742 -13.7511641821705 41.9450664455496 69291.7182996451
-0.1058 0.050096542506629 -0.0432780767867812 -13.7635842933647 41.9403761775807 69281.2899013858
-0.1059 -0.0538238559253175 0.0730036071710516 -13.766476909148 41.9356859096119 69297.6961848324
-0.106 0.0388873371944943 0.0224638236800812 -13.7444895646013 41.930995641643 69322.8947431496
-0.1061 0.0497634538331896 -0.0816840348872728 -13.803158021883 41.9263053736741 69283.922254872
-0.1062 -0.0103587840910309 0.0804497136539677 -13.7452892768174 41.9216151057053 69316.7079370476
-0.1063 -0.0571316636079741 0.0236551186665973 -13.8344321634211 41.9169248377364 69285.2639514753
-0.1064 0.101481299877753 -0.0640864805434644 -13.7738950494195 41.9122345697675 69296.6475670851
-0.1065 -0.0586919177174322 0.0480259049244943 -13.825862737771 41.9075443017987 69280.9039750205
-0.1066 -0.00499641043409462 0.0271784200038806 -13.8090066169667 41.9028540338298 69304.605750652
-0.1067 0.043953760111687 -0.0453309285699393 -13.8491526030828 41.8981637658609 69295.3142083144
-0.1068 -0.0324012322825067 0.0600684728827029 -13.8382409467685 41.8934734978921 69300.0968254312
-0.1069 0.00459214005377705 -0.000292892493594716 -13.8339180798275 41.8887832299232 69304.7979598245
-0.107 0.0113389164967582 -0.0484394379501106 -13.8704026071073 41.8840929619544 69282.4544865061
-0.1071 -0.0239703755892248 0.0617205717876907 -13.8582887714428 41.8794026939855 69297.2422169604
-0.1072 -2.18702276877837e-06 -0.027686219640317 -13.8912451249783 41.8747124260166 69295.1297730546
-0.1073 0.0572867887317382 -0.0358265287689296 -13.847010951506 41.8700221580478 69322.4927386219
-0.1074 -0.109504597428059 0.0581935738644841 -13.9096154851927 41.8653318900789 69290.2813109852
-0.1075 0.0379649462960466 0.000695285999998718 -13.8921859347938 41.86064162211 69306.425622278
-0.1076 0.0735003808861777 -0.131992178218043 -13.953734288795 41.8559513541412 69274.2118895086
-0.1077 -0.0769248315524233 0.167694519257103 -13.8776139342403 41.8512610861723 69323.1861905258
-0.1078 -0.0952408229419774 0.00415915615047025 -13.9811366851729 41.8465708182034 69273.5265421322
-0.1079 0.19262284952852 -0.105675202978297 -13.8835307596732 41.8418805502346 69329.8695303281
-0.108 -0.0462551283444232 -0.0241654466615232 -13.9914151640023 41.8371902822657 69274.1119271801
-0.1081 -0.0980327090973655 0.170270328919597 -13.9235870054993 41.8325000142969 69317.5514922801
-0.1082 0.0315809519674569 -0.0973704865034668 -14.0022560269241 41.827809746328 69271.1141083236
-0.1083 0.128803976990674 -0.0666547383175207 -13.9601262920746 41.8231194783591 69306.8349163606
-0.1084 -0.0694745873675659 0.064108881211797 -14.0150428022533 41.8184292103903 69295.3135082504
-0.1085 -0.0429013267699245 0.0713195380631792 -13.9929790062487 41.8137389424214 69313.8634767312
-0.1086 0.0641028003991272 -0.0591631741166453 -14.0123174343286 41.8090486744525 69301.681951034
-0.1087 0.0452546545722047 -0.065060551544092 -14.0361188293063 41.8043584064837 69287.2042383038
-0.1088 -0.039024282658901 0.100849409942008 -14.0072683657281 41.7996681385148 69314.0476885434
-0.1089 -0.0947799211333295 0.0442592605078682 -14.0879051521416 41.7949778705459 69275.5935653149
-0.109 0.139631367526292 -0.064208886643157 -13.9950167639482 41.7902876025771 69322.295042249
-0.1091 -0.0199312524222851 -0.0507803344413938 -14.0988398236594 41.7855973346082 69270.3169481593
-0.1092 -0.108320982813677 0.137371580918846 -14.0453147839222 41.7809070666394 69303.4168531153
-0.1093 0.0332969618686062 -0.132224107054469 -14.1124998192946 41.7762167986705 69273.3280936648
-0.1094 0.105415529547548 -0.0605367329175427 -14.0626078325222 41.7715265307016 69324.0963486829
-0.1095 -0.141261128743311 0.0999311460128432 -14.1043587737909 41.7668362627328 69290.3707439391
-0.1096 0.0117864381597631 0.00732730633117993 -14.0788974651775 41.7621459947639 69308.2407971176
-0.1097 0.0911320720503531 -0.138825327035857 -14.1322853419159 41.757455726795 69280.678770912
-0.1098 -0.0366792070085827 0.05463699141152 -14.0889371688054 41.7527654588262 69301.5740708711
-0.1099 -0.0878638915970501 0.0602189501481847 -14.1677921234242 41.7480751908573 69285.1936144409
-0.11 0.0963461785682976 -0.07151948120229 -14.1367712710333 41.7433849228884 69307.0562928616
-0.1101 0.00942062578640817 -0.0141545748784789 -14.1489172048083 41.7386946549196 69299.1907377884
-0.1102 -0.0861123657860251 0.0777920153142227 -14.1633573963786 41.7340043869507 69297.9334179446
-0.1103 -0.00830820579081053 -0.00518596911264409 -14.1625531053272 41.7293141189818 69286.9314317769
-0.1104 0.0431174610343663 -0.0535606081774202 -14.1689590698663 41.724623851013 69290.9702346011
-0.1105 -0.00467669285924024 0.035930611786197 -14.1755784071122 41.7199335830441 69295.5648455386
-0.1106 -0.0131412334701223 0.0051506304163268 -14.2142429278854 41.7152433150753 69294.0320576235
-0.1107 0.0209235029145726 0.0206918571459271 -14.2197246389027 41.7105530471064 69308.1850132077
-0.1108 -0.0134801093022213 -0.013852520794795 -14.2297324863871 41.7058627791375 69285.7409367893
-0.1109 0.0510363287457864 -0.00458541283987462 -14.1877958353251 41.7011725111687 69306.2695681567
-0.111 -0.0912469807810121 0.00186548640184144 -14.2805222418998 41.6964822431998 69257.6920436064
-0.1111 0.0629430724214688 -0.00964811279694967 -14.1951631609698 41.6917919752309 69314.9572840175
-0.1112 0.0425085539297651 -0.0953747035616086 -14.2760677992066 41.6871017072621 69277.165171483
-0.1113 -0.0833104921107999 0.152122018847644 -14.2000808975364 41.6824114392932 69318.235418424
-0.1114 -0.0207095191288229 -0.0398304053218522 -14.3094786056082 41.6777211713244 69280.7283218961
-0.1115 0.13088004895192 -0.065145601033012 -14.2326886807712 41.6730309033555 69317.6929714097
-0.1116 -0.129890724048408 0.0621743229963203 -14.3200976911888 41.6683406353866 69264.8239691111
-0.1117 0.0108943135099055 0.0589543215760585 -14.2640747321688 41.6636503674178 69312.5564293844
-0.1118 0.0736694015025474 -0.1299364482617 -14.3248672797992 41.6589600994489 69279.9212814706
-0.1119 -0.0289071377287883 0.0644664470371558 -14.2701906843951 41.65426983148 69315.4722065466
-0.112 -0.129932193480576 0.0754678676993296 -14.3523569980564 41.6495795635112 69288.3411325597
-0.1121 0.144596006328155 -0.0952580136863614 -14.2970041070628 41.6448892955423 69314.236359433
-0.1122 -0.00960314018425669 -0.025264185206999 -14.3535804582641 41.6401990275734 69280.8451283744
-0.1123 -0.140538213531825 0.0982556804554601 -14.3893008341245 41.6355087596046 69274.1704561549
-0.1124 0.0562424328536452 -0.0359487297510178 -14.3521925158817 41.6308184916357 69303.0312085959
-0.1125 0.086579815050296 -0.107440259667927 -14.388308131143 41.6261282236668 69289.1997800962
-0.1126 -0.0633871609275609 0.109125949551478 -14.3422656957451 41.621437955698 69317.0531965905
-0.1127 -0.0690450399480701 0.0327686181685198 -14.4197335718296 41.6167476877291 69285.5610844872
-0.1128 0.129244396696256 -0.0769115697180898 -14.386169201472 41.6120574197602 69309.2204126262
-0.1129 -0.020109396144029 -0.0595066940172029 -14.4671173519249 41.6073671517914 69261.4415030935
-0.113 -0.0377664479856348 0.157786492623395 -14.3409439143633 41.6026768838225 69331.6956912363
-0.1131 -0.0886679663050904 -0.0354817122911835 -14.4919062993741 41.5979866158537 69268.1457818241
-0.1132 0.128918008762723 0.00888051165613103 -14.3545899441297 41.5932963478848 69349.1810054781
-0.1133 -0.045492827784381 -0.0947661778933322 -14.5115432076075 41.5886060799159 69249.1514085836
-0.1134 -0.0206909787719177 0.187111238237035 -14.3542821233382 41.5839158119471 69345.9714066668
-0.1135 -0.0934163931650948 -0.0360394475460425 -14.5454549607714 41.5792255439782 69248.7934752831
-0.1136 0.203796502499577 -0.0927643180497816 -14.3935215461785 41.5745352760093 69338.4569865027
-0.1137 -0.145236610264888 0.0272532142782352 -14.5256803928819 41.5698450080405 69276.8712797252
-0.1138 -0.058578997999045 0.147100328070895 -14.4208777553018 41.5651547400716 69347.0804952046
-0.1139 0.0756999464376974 -0.149121170944977 -14.5409568585438 41.5604644721028 69278.5593002222
-0.114 0.0561589591305191 0.00802800173987423 -14.4812166748727 41.5557742041339 69318.0051942203
-0.1141 -0.116707353936289 0.110444407431095 -14.5200691848713 41.551083936165 69287.6692786806
-0.1142 0.0343616402951131 -0.00599809424653018 -14.4870113730823 41.5463936681962 69303.3865600912
-0.1143 0.0637411818814476 -0.110021493880951 -14.5583152366764 41.5417034002273 69286.0216563142
-0.1144 -0.016871368766558 0.063251298990418 -14.4928393965499 41.5370131322584 69325.7830443507
-0.1145 -0.0605283470135566 0.0583404344532083 -14.5249441637856 41.5323228642896 69301.4945937684
-0.1146 0.102025069040515 -0.111763431346683 -14.550398447708 41.5276325963207 69301.5183430677
-0.1147 -0.00700192006936335 0.0232288713605837 -14.5395490053245 41.5229423283518 69304.5446256205
-0.1148 -0.0462128843238776 0.0249539406750311 -14.5613176117729 41.518252060383 69291.8409730161
-0.1149 0.0471040258453382 0.0030018241946883 -14.5306521652361 41.5135617924141 69323.1320251038
-0.115 -0.0167367982624707 -0.0893720901640772 -14.6204516178571 41.5088715244453 69283.0623094646
-0.1151 0.0156337837179232 0.075470576616313 -14.5203533000549 41.5041812564764 69348.3744015972
-0.1152 -0.033630249410638 -0.0373257625847994 -14.6449482480758 41.4994909885075 69284.6471560455
-0.1153 0.0663503328212558 0.0087065220883946 -14.5632298870977 41.4948007205387 69325.2303198724
-0.1154 -0.0569829138860232 -0.017329703516941 -14.6650474000131 41.4901104525698 69272.8766104992
-0.1155 0.0372426451800681 0.0348479760665747 -14.5686027435651 41.4854201846009 69327.7704608709
-0.1156 -0.0243804729756614 -0.0696597473100335 -14.6811148809797 41.4807299166321 69284.8664110531
-0.1157 0.0298770058977775 0.0482582850064327 -14.5889957417333 41.4760396486632 69342.8404819818
-0.1158 -0.0233200617487691 -0.0259261861603631 -14.6608253324242 41.4713493806943 69291.6998202514
-0.1159 0.00498310986362382 0.01871074822109 -14.6256221965024 41.4666591127255 69311.7235000852
-0.116 -0.0054994754593713 -0.068977704567421 -14.7353911664262 41.4619688447566 69273.318621804
-0.1161 0.0358624378568261 0.0282692706934699 -14.6383807935288 41.4572785767877 69324.4284146197
-0.1162 -0.0670948714922426 -0.0172548613058487 -14.7294742837318 41.4525883088189 69284.8980419206
-0.1163 0.0189014904821779 0.0524383870285604 -14.6463279662903 41.44789804085 69333.5276096166
-0.1164 0.0183617987103371 -0.0870130420686817 -14.7221864233144 41.4432077728812 69287.8641452862
-0.1165 0.016341472035728 0.013351751170175 -14.6820003671034 41.4385175049123 69319.6723932082
-0.1166 -0.0628086757989448 0.0784976302141994 -14.7156229928282 41.4338272369434 69303.7457266321
-0.1167 0.0363862576480629 -0.0446298933754061 -14.7356421567053 41.4291369689746 69295.8149902379
-0.1168 0.112813954903871 -0.0415925534616712 -14.6963793073027 41.4244467010057 69325.0844525668
-0.1169 -0.118568006418433 0.0528354954457501 -14.7981977186547 41.4197564330368 69278.0719628908
-0.117 -0.000971109263606059 0.132621579465125 -14.6614585775537 41.415066165068 69348.7100791565
-0.1171 0.0937187198025182 -0.20503569119448 -14.8143324285552 41.4103758970991 69272.8557241715
-0.1172 0.00820676145737933 0.0780793936484092 -14.7087072063321 41.4056856291302 69342.6996495362
-0.1173 -0.168979895925255 0.0588786766081354 -14.8420746762771 41.4009953611614 69265.4145418429
-0.1174 0.138863659031273 -0.0161602329946088 -14.6981628831621 41.3963050931925 69338.9635756574
-0.1175 0.0466080343129401 -0.129491349154895 -14.8738373295995 41.3916148252237 69273.9594539071
-0.1176 -0.0680756767406116 0.171342873287404 -14.7356199018518 41.3869245572548 69345.705776541
-0.1177 -0.0870641980502719 0.0124160439433334 -14.8472816637829 41.3822342892859 69283.3174945244
-0.1178 0.151284658571683 -0.0681768798635951 -14.7670256565195 41.3775440213171 69328.0817691114
-0.1179 -0.0159861016848471 -0.0175464607278698 -14.8397245913488 41.3728537533482 69289.5430945257
-0.118 -0.0601575351351986 0.0913535684843762 -14.8155353353745 41.3681634853793 69313.087689955
-0.1181 -0.020117972389078 0.0075253492702743 -14.8162672907098 41.3634732174105 69322.6420800537
-0.1182 0.0850621208336287 -0.0778517225592286 -14.8394608856976 41.3587829494416 69319.59850337
-0.1183 0.0144368699762997 0.0160457581923726 -14.8522075896443 41.3540926814727 69314.281544613
-0.1184 -0.0703673683567686 0.0524923488832075 -14.8694378514403 41.3494024135039 69301.5305295451
-0.1185 0.0334045556211789 0.00177458076025246 -14.8504465011197 41.344712145535 69322.6021983686
-0.1186 0.0780682535289961 -0.104867721677449 -14.9046581363164 41.3400218775661 69296.0143637793
-0.1187 0.00730874389549851 0.0640518560566764 -14.8590680612255 41.3353316095973 69328.8864969101
-0.1188 -0.0816339118286169 0.0442649105661984 -14.884159884285 41.3306413416284 69309.0121343449
-0.1189 0.102558890155796 -0.0560436349656254 -14.8903734005813 41.3259510736596 69335.7053175953
-0.119 0.0195034416319604 -0.0496837612150346 -14.9404972925355 41.3212608056907 69304.3083195459
-0.1191 -0.0906808842943031 0.114180404568054 -14.886462277028 41.3165705377218 69321.3154011722
-0.1192 -0.0319371632062244 -0.0242384064954678 -14.9499557964584 41.311880269753 69293.3017816914
-0.1193 0.126152513386361 -0.0681975483037338 -14.9101379849834 41.3071900017841 69329.6342695026
-0.1194 -0.0722770651181834 0.0634801844291873 -14.9606564436552 41.3024997338152 69312.0287811484
-0.1195 -0.0405273753253042 0.069484990106004 -14.8976597848718 41.2978094658464 69340.4905817916
-0.1196 0.100220971228834 -0.104017753998693 -14.9660633872169 41.2931191978775 69311.7234443916
-0.1197 0.0101069125903993 -0.0109828666580553 -14.9708636461874 41.2884289299086 69306.5046355666
-0.1198 -0.0760035468218102 0.122270299027839 -14.9589602721333 41.2837386619398 69321.514369714
-0.1199 0.051489797105476 -0.0924581591884126 -15.0057856889169 41.2790483939709 69304.5330611212
-0.12 0.0730913523271713 -0.0348533079717087 -14.9662683402337 41.2743581260021 69336.1824577048
-0.1201 -0.129119989998251 0.0533726720274645 -15.0372330462776 41.2696678580332 69298.2862652472
-0.1202 0.0138974043119304 0.0600900711131894 -14.9729215687927 41.2649775900643 69328.088559353
-0.1203 0.0820696424877402 -0.141107406887925 -15.0447375147697 41.2602873220955 69288.0914148593
-0.1204 0.000497335507641302 0.0273303871474137 -14.9818513237103 41.2555970541266 69327.168708012
-0.1205 -0.146193419899505 0.112998620941663 -15.0251592831099 41.2509067861577 69314.3691104521
-0.1206 0.0933047232532104 -0.0548567604074355 -15.0095424246268 41.2462165181889 69327.9560382231
-0.1207 0.0780240831348353 -0.0948172454577914 -15.0351655201332 41.24152625022 69314.7626768666
-0.1208 -0.0458912593122326 0.0701003223765159 -15.0272639701123 41.2368359822511 69325.1478729878
-0.1209 -0.100819561156051 0.074569512765448 -15.0906647121024 41.2321457142823 69302.8665277569
-0.121 0.124820371442811 -0.0771767940845434 -15.0475069765087 41.2274554463134 69327.9631710976
-0.1211 0.0197139201838026 -0.0387172023560396 -15.0956498355414 41.2227651783445 69310.5499240955
-0.1212 -0.0934574671917521 0.108309212741136 -15.0419331884259 41.2180749103757 69331.5561361639
-0.1213 -0.0140671451908226 -0.00880404924801301 -15.1026151917012 41.2133846424068 69315.2004033057
-0.1214 0.0943489001617864 -0.0559806089903069 -15.0838161494321 41.208694374438 69337.8951179656
-0.1215 -0.000645650887079069 0.0196700387662655 -15.1243312647076 41.2040041064691 69315.773709685
-0.1216 -0.0488914682485461 0.0663947204231416 -15.0877544271276 41.1993138385002 69319.3214878359
-0.1217 0.00123338688187006 -0.0430691958984164 -15.1255915875855 41.1946235705314 69309.3981584102
-0.1218 0.0717628268569306 -0.0567985505903708 -15.1183343196484 41.1899333025625 69326.7396132752
-0.1219 -0.0536833872072938 0.0598693855971564 -15.1534518759651 41.1852430345936 69321.7533026186
-0.122 -0.0371730696391656 0.00916197796568922 -15.1415217366607 41.1805527666248 69316.4435921458
-0.1221 0.0627978887302112 -0.0566402804409512 -15.134824215173 41.1758624986559 69329.4576684263
-0.1222 0.0141160818907014 -0.00723448033399685 -15.1586790680155 41.171172230687 69318.2608179718
-0.1223 -0.0370251111053252 0.0784964533974551 -15.1669748642466 41.1664819627182 69317.1518220424
-0.1224 0.0178703656267717 -0.0523751904541361 -15.2013807203839 41.1617916947493 69303.576836966
-0.1225 0.0550698881843528 0.000229041881209041 -15.1282893650518 41.1571014267805 69348.443521124
-0.1226 -0.0671870178327954 0.00191866276303923 -15.218657440167 41.1524111588116 69305.3389055344
-0.1227 0.0203000204264559 0.0673399033727937 -15.1433522198418 41.1477208908427 69355.6600600547
-0.1228 -0.00667813290569048 -0.0864246532628688 -15.2482559875403 41.1430306228739 69297.7637394823
-0.1229 0.0405520737756324 0.038930572880364 -15.1649692730169 41.138340354905 69342.9193067955
-0.123 -0.0662358799961515 -0.00720159771794741 -15.2900711789528 41.1336500869361 69283.2020820627
-0.1231 0.0731379332915073 0.014882025659307 -15.1522920587814 41.1289598189673 69356.9077452465
-0.1232 -0.0149270251149596 -0.0344534683455468 -15.2638246378286 41.1242695509984 69308.2349899885
-0.1233 0.0176258682429583 0.0488818721880053 -15.1755086862186 41.1195792830296 69360.9906243091
-0.1234 -0.00413085816899681 -0.0632751816388382 -15.2512464386345 41.1148890150607 69310.2033104214
-0.1235 0.0288100706765765 0.00230392951533867 -15.2224917022713 41.1101987470918 69338.0559410407
-0.1236 -0.0195157197548765 0.0529864100233723 -15.2477511007347 41.105508479123 69332.524939721
-0.1237 -0.0644771484844454 -0.0107101809871337 -15.2967500922466 41.1008182111541 69302.5411155902
-0.1238 0.108954416234988 0.0396706236732991 -15.1751632105043 41.0961279431852 69386.141524281
-0.1239 -0.0649746869927289 -0.120152820181236 -15.3725817195723 41.0914376752164 69284.3025657663
-0.124 0.0561238195160959 0.160923723734539 -15.1523715852609 41.0867474072475 69403.2107692744
-0.1241 -0.160132331906156 -0.147994717941334 -15.4533371342504 41.0820571392786 69234.9485473691
-0.1242 0.223218653671268 0.154601596780388 -15.081110388359 41.0773668713098 69452.0627477351
-0.1243 -0.20847859071003 -0.189925840354987 -15.5386266249697 41.0726766033409 69198.3931381098
-0.1244 0.125176135418284 0.302362904228936 -15.0290822690447 41.067986335372 69479.6127822426
-0.1245 -0.180030758843464 -0.274389321441116 -15.5715531963272 41.0632960674032 69197.912225965
-0.1246 0.233513240954015 0.163184352135682 -15.04313832749 41.0586057994343 69486.1997020809
-0.1247 -0.223306738575478 -0.173724069584584 -15.5513848553747 41.0539155314654 69200.6403876064
-0.1248 0.133889293535333 0.208186978207507 -15.1423160368427 41.0492252634966 69439.1016762514
-0.1249 -0.0892467802391975 -0.14635311792445 -15.4896015316769 41.0445349955277 69254.1465022779
-0.125 0.0940769362140552 0.0900301599711511 -15.242609224156 41.0398447275589 69401.728909867
-0.1251 -0.0780152012570265 -0.0358975795226624 -15.4155114037618 41.03515445959 69307.9358135264
-0.1252 0.0212129289748227 0.019014980296636 -15.3395359300527 41.0304641916211 69358.3985599771
-0.1253 0.0246076409662926 0.00028402501626127 -15.3692791461151 41.0257739236523 69336.2800993406
-0.1254 -0.0422804550458902 -0.0538503330268681 -15.4294154675633 41.0210836556834 69294.5594314709
-0.1255 0.0495633345669269 0.105183461635564 -15.300250078252 41.0163933877145 69388.8269571925
-0.1256 -0.089191418581908 -0.094993684186783 -15.524189245208 41.0117031197457 69279.5106006648
-0.1257 0.105323072893104 0.0676012028038812 -15.2623630157639 41.0070128517768 69411.0095450223
-0.1258 -0.100694922158402 -0.0945163226936407 -15.549920343188 41.002322583808 69275.7284475122
-0.1259 0.0863413240280831 0.0979364980055562 -15.3116835278853 40.9976323158391 69394.7555130407
-0.126 -0.0827684714235439 -0.0800957228976612 -15.5330627049059 40.9929420478702 69273.2995900385
-0.1261 0.0859640324648774 0.100893439474065 -15.3176948827319 40.9882517799014 69398.6185040708
-0.1262 -0.0579614175166936 -0.0848128179224613 -15.5424131379743 40.9835615119325 69287.1537294309
-0.1263 0.0599296700146093 0.0646407227345737 -15.3742816677983 40.9788712439636 69385.7260158179
-0.1264 -0.0635577622439542 -0.0513975888474271 -15.5243497190883 40.9741809759948 69307.5559224628
-0.1265 0.0198769236186678 0.0667273774219985 -15.4066267698352 40.9694907080259 69375.0563149884
-0.1266 0.0108693906354659 -0.0632188111159939 -15.5036718979467 40.964800440057 69334.3712503927
-0.1267 0.00478627741216538 0.00814566731047029 -15.4544316176605 40.9601101720882 69349.9842013467
-0.1268 -0.013523086439171 0.0212507028904192 -15.5042594252224 40.9554199041193 69337.7296628776
-0.1269 -0.00163471069901442 -0.0243928733437355 -15.5097734453488 40.9507296361504 69331.8836463796
-0.127 0.0167885498017701 0.0399076660904649 -15.4324999532446 40.9460393681816 69377.1094835794
-0.1271 -0.0531697204989867 -0.0570092304679951 -15.5820835054344 40.9413491002127 69312.3628718558
-0.1272 0.0690025710726062 0.0861042489049415 -15.4008645092956 40.9366588322439 69407.7663214187
-0.1273 -0.076069272973956 -0.108205194583708 -15.6271781297027 40.931968564275 69286.4579172953
-0.1274 0.119426788400316 0.0824222686374675 -15.3850639987933 40.9272782963061 69417.9743937013
-0.1275 -0.150459342875459 -0.0597712752912297 -15.6637202601189 40.9225880283373 69271.7238107791
-0.1276 0.144025025475648 0.113150862188484 -15.371031698811 40.9178977603684 69433.8051220442
-0.1277 -0.0817683180820977 -0.141939750568409 -15.6640243094599 40.9132074923995 69281.6541995913
-0.1278 0.0605612170122741 0.134163427595409 -15.4330310154664 40.9085172244307 69426.2431944041
-0.1279 -0.0667356152362602 -0.0671803125551835 -15.6444887398153 40.9038269564618 69313.6120524614
-0.128 0.0628508121575413 0.0593267762952417 -15.4584326546437 40.8991366884929 69405.7167620163
-0.1281 -0.0376676601928981 -0.0691998098542669 -15.6229266712469 40.8944464205241 69316.5527716078
-0.1282 0.000580442346664899 0.0629856450226468 -15.5489332668457 40.8897561525552 69366.4704090251
-0.1283 0.0414202361555369 -0.0360036490549377 -15.5857363023982 40.8850658845864 69359.7701063153
-0.1284 -0.0185888664277747 -0.0169977441846767 -15.5939286476339 40.8803756166175 69355.7498663104
-0.1285 0.0125050230994985 0.0684475650805842 -15.542195461094 40.8756853486486 69388.4409730616
-0.1286 -0.0607860924702894 -0.00274323852710196 -15.6593434533352 40.8709950806798 69331.1529777648
-0.1287 0.148461796658657 0.00645948706180575 -15.5040189368264 40.8663048127109 69408.1990370766
-0.1288 -0.172814846691919 -0.0166642940080193 -15.7253943941029 40.861614544742 69300.4351527616
-0.1289 0.0842025056930181 0.132893142115735 -15.4649390796051 40.8569242767732 69438.7991690704
-0.129 -0.0330346568828614 -0.193945569793059 -15.763890089984 40.8522340088043 69299.240763639
-0.1291 0.143224361140941 0.125504772643535 -15.4548473531469 40.8475437408354 69459.2995246116
-0.1292 -0.207642189364776 -0.0528996414777553 -15.8083683276389 40.8428534728666 69276.6018326632
-0.1293 0.136482667940766 0.180334521603966 -15.4553428335042 40.8381632048977 69472.5543030363
-0.1294 -0.0807565513003642 -0.205662329835019 -15.8331616634584 40.8334729369288 69264.246383375
-0.1295 0.140648172410149 0.148110334491712 -15.4794746513496 40.82878266896 69466.4964899857
-0.1296 -0.197114588410136 -0.0662231744059391 -15.8121537818792 40.8240924009911 69287.4087964854
-0.1297 0.165338656512417 0.0717130049890538 -15.5094279896384 40.8194021330223 69460.8340425424
-0.1298 -0.0468600971153775 -0.115270283237958 -15.7618811475221 40.8147118650534 69327.6866770626
-0.1299 0.00699792854126232 0.10339279858455 -15.6163956320284 40.8100215970845 69407.3498169617
-0.13 -0.0141251608400712 -0.0233919335691784 -15.6947799815812 40.8053313291157 69357.5593805817
-0.1301 0.0173194267631664 -0.0486535184948934 -15.6977695012935 40.8006410611468 69362.0392661844
-0.1302 0.0481769542243821 0.0210323187356627 -15.638860848752 40.7959507931779 69401.240352272
-0.1303 -0.0698783118442216 -0.0324225936174439 -15.7558050484422 40.7912605252091 69350.0747557866
-0.1304 0.0303748031023675 0.101540045652095 -15.6033552464593 40.7865702572402 69431.2324229368
-0.1305 -0.0259186782818101 -0.0998153285701089 -15.7827286205435 40.7818799892713 69329.5321273405
-0.1306 0.0782059646399819 0.0643025057442051 -15.6058489655879 40.7771897213025 69431.0343926903
-0.1307 -0.122406814549648 -0.0495710257998246 -15.8204091721453 40.7724994533336 69323.2453574259
-0.1308 0.0985156270476934 0.0905865807641825 -15.6033149323214 40.7678091853648 69434.7132877297
-0.1309 -0.0728856447384508 -0.139683645081175 -15.8720549184661 40.7631189173959 69298.1558549346
-0.131 0.115348820069261 0.104993382772324 -15.6222017196465 40.758428649427 69435.8523385658
-0.1311 -0.127282757668797 -0.0364984555063416 -15.822220281841 40.7537383814582 69327.6267018905
-0.1312 0.113066621589393 0.068224635416229 -15.6576789250765 40.7490481134893 69438.6095559808
-0.1313 -0.046405457493986 -0.0993493176926459 -15.8412970549133 40.7443578455204 69337.3897033903
-0.1314 0.0172027055227056 0.101097396695184 -15.6779164580811 40.7396675775516 69421.1234740892
-0.1315 -0.0863651558737458 -0.0469564077929371 -15.8662596103125 40.7349773095827 69331.7100598559
-0.1316 0.0515758908991762 -0.0047785980731886 -15.7554146699477 40.7302870416138 69395.7335981334
-0.1317 0.0273284061263382 -0.0520150885318758 -15.8129728032325 40.725596773645 69378.8760798696
-0.1318 -0.0664191674417672 0.093706877658521 -15.7813973696929 40.7209065056761 69390.9867950679
-0.1319 -0.0411902769230744 0.0517331603756579 -15.8059829184491 40.7162162377073 69387.7605038962
-0.132 0.117274153055426 -0.137725638297807 -15.8276613996075 40.7115259697384 69376.6418468026
-0.1321 -0.00072498825336817 0.0377570578734875 -15.7956646167633 40.7068357017695 69390.4597713185
-0.1322 -0.153123410363115 0.0848114433532024 -15.8621607048219 40.7021454338007 69362.7521272075
-0.1323 0.160452032279684 -0.0620327651329586 -15.7892011241779 40.6974551658318 69423.8401595005
-0.1324 0.0375129305015352 -0.113286370593669 -15.8741950098598 40.6927648978629 69371.8600769723
-0.1325 -0.0767180001888976 0.16412851220439 -15.7609841053729 40.6880746298941 69417.973617397
-0.1326 -0.0826875892034108 -0.0232278390307459 -15.9170310825882 40.6833843619252 69352.8467064898
-0.1327 0.153317390020805 -0.0541484786336628 -15.814347297865 40.6786940939563 69410.6802828766
-0.1328 -0.0720762799016954 -0.0209388361941799 -15.9327397956681 40.6740038259875 69363.8367207637
-0.1329 -0.0102079449979432 0.143760254636627 -15.7939684960227 40.6693135580186 69446.6289057141
-0.133 -0.0523490900548288 -0.0673499862756319 -15.9636980065282 40.6646232900497 69354.321386724
-0.1331 0.119382875934027 -0.00879454627042244 -15.8149589891428 40.6599330220809 69424.2275129231
-0.1332 -0.10612703120422 0.00486882750510213 -15.9168872711897 40.655242754112 69360.6289809322
-0.1333 0.0240109014968788 0.0427808702273143 -15.8689275459104 40.6505524861432 69417.7209701735
-0.1334 0.0140171517725442 -0.0477835513222854 -15.9199444632443 40.6458622181743 69389.2112837761
-0.1335 0.0633530789209464 0.00731119641920098 -15.8551987799054 40.6411719502054 69418.7315875567
-0.1336 -0.090424595498455 0.0258303148639362 -15.9347376038149 40.6364816822366 69385.4551530785
-0.1337 0.032617050584065 0.0171709223876225 -15.9153478287421 40.6317914142677 69410.2887901955
-0.1338 0.0175727572901903 -0.0330840306968155 -15.9146991441684 40.6271011462988 69390.7493871755
-0.1339 0.026703939131497 0.0135315018002861 -15.8887589475602 40.62241087833 69405.7206613689
-0.134 -0.0631331663330133 0.0161295710910018 -15.9422446883352 40.6177206103611 69390.1326127333
-0.1341 0.0147224244345569 0.0196770758199867 -15.9078866236676 40.6130303423922 69427.8185221281
-0.1342 -0.0118938217155223 -0.0416648488811291 -15.9769220136702 40.6083400744234 69389.3792046735
-0.1343 0.0336973230007567 0.0319494187793817 -15.952935407096 40.6036498064545 69410.9763241154
-0.1344 -0.045104415472291 0.0399239744873024 -15.9869569937812 40.5989595384857 69390.1196325579
-0.1345 0.0388911495047049 -0.0685088901711694 -15.9751163271161 40.5942692705168 69399.0174768089
-0.1346 -0.0106468869860098 0.0101520733571356 -15.9729057023377 40.5895790025479 69405.3495292986
-0.1347 -0.018612539916968 -0.00206934736210808 -15.983845716111 40.5848887345791 69399.7721709179
-0.1348 0.0131530444130129 0.0527357183688889 -15.9400344313655 40.5801984666102 69428.9674751436
-0.1349 0.000318163602006468 -0.0850302086600619 -16.0405697822304 40.5755081986413 69387.5195534444
-0.135 0.0535041395878715 0.0155518047330923 -15.9699397626717 40.5708179306725 69439.2605812378
-0.1351 -0.062429278952888 -0.0331349134018988 -16.0662601825708 40.5661276627036 69382.0559675733
-0.1352 0.0157182331353252 0.0548164000952258 -15.9569669453367 40.5614373947347 69430.9147032565
-0.1353 0.0270256931250333 -0.091091315672391 -16.0625854574885 40.5567471267659 69379.0998988105
-0.1354 0.0244762205923025 0.000867456686458317 -16.0022941932645 40.552056858797 69428.8143673794
-0.1355 -0.0368472141906142 0.0159048281460959 -16.0351951825715 40.5473665908282 69414.9744550846
-0.1356 -0.00875537986251564 0.00822867173435011 -16.0248687492425 40.5426763228593 69418.5093388506
-0.1357 0.0327882165465019 0.0119198099939436 -16.0310257172137 40.5379860548904 69427.4856907131
-0.1358 -0.0302578387447708 -0.075206270020891 -16.1098093209099 40.5332957869216 69381.0661189258
-0.1359 0.0430548052344259 0.0933052602542508 -15.996964664155 40.5286055189527 69444.2883642604
-0.136 -0.121080020240345 -0.0315592975797518 -16.1837271314194 40.5239152509838 69353.3007304485
-0.1361 0.162240353981205 0.0500156855990251 -15.9270489749965 40.519224983015 69499.6696347587
-0.1362 -0.0927925676953502 -0.179597504269688 -16.211832065252 40.5145347150461 69335.3602742424
-0.1363 0.0469634862774005 0.24205578740814 -15.8988331074862 40.5098444470772 69522.5114774678
-0.1364 -0.1234129303481 -0.175733580864013 -16.2976425548666 40.5051541791084 69311.4468535383
-0.1365 0.24027802230459 0.0447945184109472 -15.9009159948004 40.5004639111395 69515.7158038888
-0.1366 -0.156207211542019 -0.11958751103599 -16.2591544859495 40.4957736431707 69333.3343681339
-0.1367 0.0365852627406621 0.201420302326794 -15.9436914943158 40.4910833752018 69505.3719259801
-0.1368 -0.0588697025946427 -0.12781502833602 -16.2141895502343 40.4863931072329 69364.780972999
-0.1369 0.0982190417790987 -0.00185621997063436 -16.021286801392 40.4817028392641 69469.3008701137
-0.137 -0.0544027079471762 0.0412878000503408 -16.1363799285098 40.4770125712952 69412.5027807194
-0.1371 -0.0614315494144705 0.00174779754344393 -16.1809554263206 40.4723223033263 69393.8670513837
-0.1372 0.0980817692280025 -0.00307911326802433 -16.0716840678463 40.4676320353575 69449.0865406907
-0.1373 -0.0376624099841486 -0.0792123037515134 -16.2327974563006 40.4629417673886 69379.7056427364
-0.1374 -0.00997552439542261 0.141574184950843 -16.0381946370312 40.4582514994197 69483.8149619381
-0.1375 -0.120289931379801 -0.051929415273921 -16.241074394832 40.4535612314509 69376.9080170658
-0.1376 0.128912765787784 0.0347765472879937 -16.0723670091383 40.448870963482 69488.8957395942
-0.1377 -0.0824240453389831 -0.110614272301257 -16.2643308427767 40.4441806955132 69373.0792746803
-0.1378 0.0109428959035537 0.151822153552604 -16.078717842798 40.4394904275443 69479.4635421879
-0.1379 -0.108878933052292 -0.0490041929301997 -16.3118161087272 40.4348001595754 69366.5293053501
-0.138 0.166965092685363 0.0133780757409582 -16.063246031127 40.4301098916066 69495.2877759793
-0.1381 -0.121206899453112 -0.0455079245528001 -16.2393661552793 40.4254196236377 69397.1297419937
-0.1382 -0.0198138729461192 0.0798085594843726 -16.1056695855462 40.4207293556688 69474.8942430607
-0.1383 -0.0137225719903282 -0.0430784861442994 -16.2441038081735 40.4160390877 69411.0480059643
-0.1384 0.128329048588347 -0.0726109990594063 -16.147229390165 40.4113488197311 69454.858777455
-0.1385 -0.0726812091212078 0.0598736370850095 -16.2031529136817 40.4066585517622 69429.9705123742
-0.1386 -0.0990506737188671 0.0726074809601517 -16.2414859069601 40.4019682837934 69434.0990263512
-0.1387 0.103129454332382 -0.051558536528398 -16.1806569698348 40.3972780158245 69457.7503350786
-0.1388 0.0528998668364294 -0.0795106776387731 -16.2320854788373 40.3925877478556 69432.6393717923
-0.1389 -0.0281471584710299 0.148185764860538 -16.1937775223233 40.3878974798868 69483.4085279919
-0.139 -0.136824260080461 -0.0015920891239917 -16.2862354669213 40.3832072119179 69410.0606814986
-0.1391 0.186451423158561 -0.0326402736246785 -16.1118803303587 40.3785169439491 69502.6441251949
-0.1392 -0.0525370035424093 -0.125715783923557 -16.3791777041856 40.3738266759802 69376.0117304279
-0.1393 -0.0507777131690161 0.222519396012418 -16.1441527414271 40.3691364080113 69498.3770346986
-0.1394 -0.0633172618987763 -0.0839150136615529 -16.3269057363232 40.3644461400425 69404.6871361395
-0.1395 0.190405024114351 -0.0661198362429119 -16.1597032231517 40.3597558720736 69504.716092532
-0.1396 -0.107838231933863 -0.0112293631952758 -16.3183990614945 40.3550656041047 69416.5118967181
-0.1397 -0.0439954564811767 0.171461978078425 -16.163666158964 40.3503753361359 69496.8320855938
-0.1398 0.0354002097865197 -0.152446503439923 -16.3195195620245 40.345685068167 69417.9081785248
-0.1399 0.0890473130458482 -0.0280053409307566 -16.2188432672975 40.3409948001981 69478.3337730529
-0.14 -0.0940434125090957 0.0622552183470094 -16.3212494391573 40.3363045322293 69451.4316088648
-0.1401 -0.0205841189718473 0.0352769791165927 -16.2757556399211 40.3316142642604 69472.2088609859
-0.1402 0.0822843993874477 -0.0668731665459261 -16.2853141149668 40.3269239962916 69461.0380221474
-0.1403 0.00898240231099503 -0.0335918223737402 -16.3306849644771 40.3222337283227 69439.5376935445
-0.1404 -0.0835284287598951 0.120248910287235 -16.2657865085615 40.3175434603538 69474.2387567464
-0.1405 -0.0299425172290002 -0.0692879506884798 -16.3429840614949 40.312853192385 69434.4089096583
-0.1406 0.109117225684327 -0.0236785080989916 -16.2476570617439 40.3081629244161 69497.9474539143
-0.1407 -0.0888586030353664 0.00299631966594685 -16.3528645928006 40.3034726564472 69436.7424554981
-0.1408 0.0256249346446279 0.074890126516125 -16.2365322073292 40.2987823884784 69500.1806976809
-0.1409 0.0181366378079763 -0.0897101703733227 -16.3939875941925 40.2940921205095 69426.0110055216
-0.141 0.0660720779023221 0.0192325124598054 -16.2776470697286 40.2894018525406 69490.3240433551
-0.1411 -0.145840186605141 0.0894265472975774 -16.377862908788 40.2847115845718 69447.083126997
-0.1412 0.0163430594459816 -0.0219187308099885 -16.3397308823394 40.2800213166029 69476.5457004148
-0.1413 0.109598072615118 -0.0842051664949075 -16.3410860262418 40.275331048634 69480.674430035
-0.1414 -0.0460699502297988 -0.000948692798526907 -16.3536286335081 40.2706407806652 69461.3914436705
-0.1415 -0.0304126289467533 0.119875580155203 -16.2954664110213 40.2659505126963 69487.3644297475
-0.1416 0.0185133863997444 -0.137250631354231 -16.4353634297584 40.2612602447275 69420.4580362007
-0.1417 0.109917357600644 0.0598082403004455 -16.2647910507598 40.2565699767586 69519.3522413944
-0.1418 -0.10448948111805 -0.0469447858514889 -16.435824855233 40.2518797087897 69421.3021640728
-0.1419 0.0289916871074815 0.117555474657456 -16.2722930863205 40.2471894408209 69529.2611603274
-0.142 -0.0161941669132572 -0.144898079308361 -16.4832424861754 40.242499172852 69432.466213307
-0.1421 0.0892749148649765 0.0542761102904543 -16.266724518216 40.2378089048831 69541.5220858281
-0.1422 -0.104360077794486 -0.0456416017554062 -16.4921514654624 40.2331186369143 69426.4635759392
-0.1423 0.0389220701855559 0.0696224990836761 -16.3216766326164 40.2284283689454 69513.8878052585
-0.1424 -0.0345533649578569 -0.0698224250612674 -16.4663354425234 40.2237381009765 69445.1630889698
-0.1425 0.0206770785036804 0.0257240411558223 -16.3918416251982 40.2190478330077 69494.9040039026
-0.1426 -0.0133956835072023 0.0885556183674164 -16.3430828154738 40.2143575650388 69513.1879952662
-0.1427 -0.00900622326793731 -0.0786465734382608 -16.4488308716406 40.20966729707 69460.3802538226
-0.1428 0.124989103654555 0.00783462978391537 -16.2899125356319 40.2049770291011 69532.5425967867
-0.1429 -0.117534803630516 -0.0329930613443015 -16.5364254664524 40.2002867611322 69426.7132131085
-0.143 0.0155737342961648 0.129461246206009 -16.3423728357305 40.1955964931634 69532.9795457129
-0.1431 -0.0444729226173464 -0.119078017226253 -16.529890833762 40.1909062251945 69434.824833082
-0.1432 0.0885585550333596 0.000937633556624254 -16.3333800244212 40.1862159572256 69541.7150188829
-0.1433 -0.114741792074008 -0.0210620004372656 -16.4649753867169 40.1815256892568 69466.7110024514
-0.1434 -0.0342974523158791 0.12245717651125 -16.3564584211924 40.1768354212879 69530.1675586535
-0.1435 0.0354611061102307 -0.110351488850728 -16.4479343518755 40.1721451533191 69472.2492156424
-0.1436 0.0545747730512293 -0.0453629337582403 -16.4255105784331 40.1674548853502 69499.0167811108
-0.1437 -0.0938887031364483 0.118181080199262 -16.3957778811745 40.1627646173813 69512.5332342919
-0.1438 -0.0155626460599337 -0.0151203888177529 -16.4339930344576 40.1580743494125 69496.0115858501
-0.1439 0.134570373213677 -0.0598563168951382 -16.3886415881512 40.1533840814436 69539.5702941775
-0.144 -0.0912190516700571 0.0108478376616066 -16.4781814003903 40.1486938134747 69482.1445302432
-0.1441 -0.0400820469693797 0.118299428962045 -16.4086463912407 40.1440035455059 69525.6376783073
-0.1442 0.0207877773883138 -0.0946824145390395 -16.5322980905536 40.139313277537 69461.3068836458
-0.1443 0.0591846306708962 -0.00979124183827665 -16.4155646794755 40.1346230095681 69516.7190701043
-0.1444 -0.0654237191746598 0.0254140505234326 -16.4664446542516 40.1299327415993 69495.1993506853
-0.1445 0.0328765928964258 0.0216511371425736 -16.4416053166151 40.1252424736304 69527.616543091
-0.1446 -0.00440670885234908 -0.0426334260427004 -16.4902329192894 40.1205522056615 69499.2236294436
-0.1447 0.0340616217002306 0.0323150180873191 -16.418355139632 40.1158619376927 69536.2647940565
-0.1448 -0.0520125453079142 -0.0200477662366866 -16.5065237718006 40.1111716697238 69491.5623088156
-0.1449 0.0629884766689524 0.0130797554250678 -16.4556851194489 40.1064814017549 69530.0035915268
-0.145 -0.0536207717083322 -0.0280287368354879 -16.5173665725158 40.1017911337861 69494.7116119483
-0.1451 0.0444762471111955 0.00657656493046551 -16.4037532155682 40.0971008658172 69553.7849793603
-0.1452 -0.0112047774993414 -0.00568687517367062 -16.4532217750937 40.0924105978484 69524.4423923349
-0.1453 -0.000630773212710052 0.0132424217218907 -16.4589597540786 40.0877203298795 69535.3297682826
-0.1454 -0.00756612857862239 0.0113393074625033 -16.4638139239885 40.0830300619106 69528.7973322188
-0.1455 0.0213550410835833 -0.0571933142568905 -16.501623529286 40.0783397939418 69505.4208446209
-0.1456 0.0181301646702305 0.0472321901738657 -16.433444307936 40.0736495259729 69552.9336894533
-0.1457 -0.00277877710470062 -0.0388347593601772 -16.4727359079552 40.068959258004 69522.5264723749
-0.1458 0.0328709160859315 0.0672179207847155 -16.4365073925082 40.0642689900352 69569.4638966
-0.1459 -0.0618448805894182 -0.0273628378606689 -16.5545883940213 40.0595787220663 69511.3861152766
-0.146 0.0380418300741949 0.027542740477571 -16.4193753741284 40.0548884540975 69558.9584860209
-0.1461 -0.0268425333478892 -0.0597899905943272 -16.548964300211 40.0501981861286 69504.8825903323
-0.1462 0.0544186232883004 0.0337765763886667 -16.4428179329907 40.0455079181597 69566.4729728804
-0.1463 -0.0303851820360981 -0.000842059513671531 -16.5199064118199 40.0408176501909 69541.0832824739
-0.1464 0.0173610558396294 0.0178513078324521 -16.4762282976707 40.036127382222 69560.8185966834
-0.1465 -0.01533554034174 -0.061663100216575 -16.5525469678356 40.0314371142531 69522.5568654897
-0.1466 0.0229155294136577 0.0616153361207795 -16.4633229465572 40.0267468462843 69575.9559289128
-0.1467 -0.0668488191956581 -0.0421714252238837 -16.5755256418489 40.0220565783154 69509.4464322999
-0.1468 0.0367728848384618 0.020854558436636 -16.469736123086 40.0173663103465 69574.3484153158
-0.1469 -0.0295976553212306 -0.0673279544764953 -16.5256924165417 40.0126760423777 69544.7523907843
-0.147 0.0671836441127608 0.0479474396924613 -16.4470925927318 40.0079857744088 69605.2811827024
-0.1471 -0.104229794552548 0.0160080648252639 -16.5754449641692 40.0032955064399 69529.2521364503
-0.1472 0.0455825184694218 0.0158769692869695 -16.4811041917389 39.9986052384711 69579.3782091145
-0.1473 0.0596012565367903 -0.0802272897564134 -16.5156102432406 39.9939149705022 69555.1281391295
-0.1474 -0.0651148161094731 0.0398765590436974 -16.562388353496 39.9892247025333 69546.0284070135
-0.1475 -0.00791919425272396 0.0443380253278828 -16.5620585857482 39.9845344345645 69572.2417592182
-0.1476 0.0157214577112566 -0.0351385742521298 -16.5512170720254 39.9798441665956 69563.6935734071
-0.1477 0.0781823124553885 -0.00430927133108992 -16.4918838938493 39.9751538986268 69590.2100686556
-0.1478 -0.0916395599872939 0.0271955318986062 -16.6534402052293 39.9704636306579 69524.4643585814
-0.1479 0.0502739724405146 0.0227995729372937 -16.5235817653207 39.965773362689 69588.0671525031
-0.148 -0.00902371358972078 -0.108522838008821 -16.6267337128681 39.9610830947202 69531.5329900083
-0.1481 -0.0114957833852043 0.0984814737620768 -16.4895750568884 39.9563928267513 69604.2767200041
-0.1482 -0.0665501673076093 -0.0144525167568021 -16.5990956429873 39.9517025587824 69546.5611481795
-0.1483 0.133969666256069 0.00614869742841392 -16.4675993830753 39.9470122908136 69631.166030169
-0.1484 -0.0598299056243454 -0.0362113489196396 -16.584476982701 39.9423220228447 69550.5406203213
-0.1485 -0.0662502331764605 0.131452698812432 -16.5602041738169 39.9376317548759 69588.6595617966
-0.1486 0.0096849786884091 -0.0617208531829477 -16.65522361039 39.932941486907 69545.1710866083
-0.1487 0.101439231071618 -0.0589871586445357 -16.5637496342311 39.9282512189381 69588.9149822641
-0.1488 -0.0559337353555573 0.0368597870240465 -16.5820793772647 39.9235609509693 69588.107387828
-0.1489 -0.0491381759271798 0.0278755551869171 -16.5682038582917 39.9188706830004 69583.419222729
-0.149 0.109498601559184 0.0366070421331492 -16.4845916061195 39.9141804150315 69639.1719923113
-0.1491 -0.0323008981910775 -0.146540723211859 -16.6839194130677 39.9094901470627 69528.2868547076
-0.1492 0.0515818290555573 0.134103466734182 -16.4397717812444 39.9047998790938 69654.2093056844
-0.1493 -0.0982214288137134 -0.0841289163020608 -16.7105604112035 39.9001096111249 69523.927554339
-0.1494 0.0822010082140863 0.114485598827985 -16.416632680123 39.8954193431561 69679.0624091836
-0.1495 -0.0753689164995475 -0.155677685240753 -16.7680369524174 39.8907290751872 69522.7312603904
-0.1496 0.0711596588970351 0.127691015597291 -16.4103012248352 39.8860388072183 69682.377600494
-0.1497 -0.0466090272377255 -0.0580141452832069 -16.6686995262063 39.8813485392495 69558.8921284141
-0.1498 -0.00729056444797797 0.0155597309432894 -16.6577500181029 39.8766582712806 69585.576894431
-0.1499 0.0409408599653298 0.00059085629625805 -16.5933531883064 39.8719680033118 69610.9594740853
-0.15 -0.0688609489259517 -0.0828481777075725 -16.7521658369648 39.8672777353429 69539.7162234777
-0.1501 0.0915156573888828 0.124164708380599 -16.4877286602413 39.862587467374 69680.0795281381
-0.1502 -0.103497241576547 -0.146612908657507 -16.7689988480767 39.8578971994052 69527.3838219936
-0.1503 0.160950853527571 0.113032793229498 -16.4300603267824 39.8532069314363 69705.1453703648
-0.1504 -0.226958713501982 -0.108580904056667 -16.8957348541798 39.8485166634674 69471.0914780066
-0.1505 0.122390146008326 0.240798954857789 -16.3917115519179 39.8438263954986 69731.4186037761
-0.1506 -0.0871722527568507 -0.270367614186411 -16.8390502928279 39.8391361275297 69493.2246062247
-0.1507 0.128987732043456 0.156791421529842 -16.4166243914523 39.8344458595608 69718.8286696331
-0.1508 -0.164027068560115 -0.01562975470962 -16.7586394616786 39.829755591592 69551.5927358982
-0.1509 0.0670321325170379 0.0145518977077021 -16.5678647905963 39.8250653236231 69649.183619025
-0.151 0.0627136909347424 -0.0323051585493332 -16.6543820667261 39.8203750556543 69624.5392889332
-0.1511 -0.0369457393640951 -0.0480080152128128 -16.7644970599221 39.8156847876854 69571.4063222319
-0.1512 0.0204487479858656 0.168803491128777 -16.5345403647912 39.8109945197165 69674.8003360239
-0.1513 -0.0873095779989101 -0.127718652741425 -16.7684452420257 39.8063042517477 69548.9875183924
-0.1514 0.176885346089914 0.0931043653613954 -16.5044822613277 39.8016139837788 69711.9992599938
-0.1515 -0.160303121147694 -0.0799075872010112 -16.8361310519372 39.7969237158099 69538.404003061
-0.1516 0.102360961329701 0.17219303494742 -16.4612347254447 39.7922334478411 69730.1244256303
-0.1517 -0.0804165133646373 -0.191736113938494 -16.7252329064433 39.7875431798722 69556.4564998601
-0.1518 0.125855428910926 0.119027342084766 -16.4220327150395 39.7828529119033 69734.4475877543
-0.1519 -0.118287782399395 -0.0278070266885605 -16.7189517230096 39.7781626439345 69587.7900795011
-0.152 0.0597280805265923 0.0222827221141229 -16.6044476908672 39.7734723759656 69670.1153403143
-0.1521 0.00276288480350763 -0.0373247590426796 -16.6325108223061 39.7687821079968 69649.6868834348
-0.1522 0.0123612190428986 0.0297417544549915 -16.6119561419974 39.7640918400279 69661.9390799498
-0.1523 -0.0210429424918317 0.00251737172208834 -16.6260127012603 39.759401572059 69649.187058337
-0.1524 0.0141223583206436 0.0037113448964121 -16.6405491308219 39.7547113040902 69651.6874282284
-0.1525 -0.00628426282873983 -0.0595465875141027 -16.6593108806645 39.7500210361213 69630.593556587
-0.1526 0.0361459429665934 0.0133010187876174 -16.5792663273974 39.7453307681524 69678.0547761592
-0.1527 -0.0699761866106708 -0.00290376909876273 -16.6830254412902 39.7406405001836 69638.8217926299
-0.1528 0.0685077172291134 -8.39676652846964e-05 -16.595760159216 39.7359502322147 69694.1455855282
-0.1529 0.0113036337247323 -0.0589152178302107 -16.7055922182082 39.7312599642458 69640.1250283466
-0.153 -0.0218141437311728 0.057634539470206 -16.5894724313847 39.726569696277 69674.5719119145
-0.1531 -0.0297829935917409 0.0031268327708168 -16.6792191985738 39.7218794283081 69644.0034001279
-0.1532 0.0338389808603166 -0.0161637231212565 -16.6111490713311 39.7171891603392 69670.4792970012
-0.1533 0.00317278637675922 0.0181037507203005 -16.6829856943807 39.7124988923704 69664.7419963581
-0.1534 -0.107348451105205 0.0301974081953338 -16.6333065928632 39.7078086244015 69660.7115941345
-0.1535 0.0743253931609211 0.0176915901481898 -16.5398766340145 39.7031183564327 69710.3392849935
-0.1536 -0.0094348971704851 -0.105423873628206 -16.6802965212943 39.6984280884638 69627.199130152
-0.1537 0.0269434818254124 0.0928119527320714 -16.5188110841768 39.6937378204949 69724.6227523152
-0.1538 -0.0862366227367564 -0.0331283301854395 -16.6617373755124 39.6890475525261 69647.5667330611
-0.1539 0.0885120222373457 0.0430633951464138 -16.5561428305436 39.6843572845572 69729.6625817898
-0.154 -0.0370811720684517 -0.11623609707139 -16.7094253070518 39.6796670165883 69639.1700098267
-0.1541 0.0545505078018629 0.0966468071542734 -16.5023339885634 39.6749767486195 69743.2933096645
-0.1542 -0.140562772450827 -0.0386046538106665 -16.7073524429992 39.6702864806506 69625.465437066
-0.1543 0.0553862258545302 0.0780121065439127 -16.4378949140127 39.6655962126817 69752.441296157
-0.1544 -0.00764789059781148 -0.0730215590254992 -16.4361464684688 39.6609059447129 69714.4560572957
-0.1545 -0.0180378104998705 0.0176858107618693 -16.3141622472002 39.656215676744 69759.5948768264
-0.1546 -0.0263304113708477 0.0979251603685662 -16.3548905013971 39.6515254087752 69775.8249407835
-0.1547 0.0151171498479434 -0.0587517796915415 -16.5004664979556 39.6468351408063 69726.937944096
-0.1548 0.0848652271788904 -0.0423896100923273 -16.4478881501448 39.6421448728374 69753.0523229211
-0.1549 -0.173303833707309 0.0203443611136734 -16.6071396248373 39.6374546048686 69674.2962483505
-0.155 0.0695772710546765 0.105625048583778 -16.5041923179915 39.6327643368997 69769.4034493412
-0.1551 -0.0588053681157023 -0.168906977754604 -16.6266498415268 39.6280740689308 69661.2990999387
-0.1552 0.143553651892725 0.0624581978976742 -16.2761918227109 39.623383800962 69838.6715387875
-0.1553 -0.142402715810143 0.0391276634962317 -16.3935993143116 39.6186935329931 69741.545756804
-0.1554 0.0696915012146211 0.0511505648718693 -16.2712367462093 39.6140032650242 69827.1268094191
-0.1555 -0.0472534803835822 -0.0778146986861103 -16.3528176395925 39.6093129970554 69755.5700562423
-0.1556 0.0288673569648191 0.014987743398923 -16.213051872654 39.6046227290865 69816.9231450759
-0.1557 -0.0435293551447461 0.0270521507189711 -16.3012584365941 39.5999324611177 69788.965104903
-0.1558 -0.0151122194430384 0.0218874128576209 -16.1372152734496 39.5952421931488 69821.5126359988
-0.1559 -0.00321165400098318 -0.00767316177665326 -16.0809615504205 39.5905519251799 69837.2540649991
-0.156 -0.0132428095627941 -0.00729470019120926 -16.0299853748278 39.5858616572111 69856.1317146602
-0.1561 0.00787829421101515 0.0380486325759987 -15.9025501664321 39.5811713892422 69900.5890640193
-0.1562 -0.0811918680199455 0.0103828213828675 -15.9646940517285 39.5764811212733 69864.5877268451
-0.1563 -0.0113151866877318 0.0784042574466809 -15.7926805069126 39.5717908533045 69931.5116585438
-0.1564 -0.0403274266516804 -0.00704710680204536 -15.8128859713193 39.5671005853356 69896.2987245068
-0.1565 0.0837788445371427 0.0420657316952986 -15.6323697595917 39.5624103173667 69982.706592616
-0.1566 -0.0804637015848178 -0.0289836233434555 -15.5195939258423 39.5577200493979 69972.119509814
-0.1567 0.071252495462111 0.176436774153724 -15.3045876001541 39.553029781429 70096.8655217562
-0.1568 -0.130198416062999 -0.227218577677294 -15.5447923849211 39.5483395134601 69917.0775597181
-0.1569 0.269867333864289 0.136406173959314 -14.9151499261912 39.5436492454913 70220.364649892
-0.157 -0.224703576492091 -0.176727149126627 -15.3332569823234 39.5389589775224 69956.5066193754
-0.1571 0.152374416485672 0.172880682762175 -14.8650345793073 39.5342687095536 70219.2881920534
-0.1572 -0.113923733578883 -0.181127422274208 -15.0449444362497 39.5295784415847 70058.9710483657
-0.1573 0.0986535335356525 0.112584935573982 -14.6100839790265 39.5248881736158 70250.3553137435
-0.1574 -0.00371493721900118 0.00978195449262035 -14.3479314398577 39.520197905647 70254.501863179
-0.1575 0.0808485643865745 -0.179391594095466 -14.2299032803665 39.5155076376781 70249.4483822586
-0.1576 0.0529684583005223 0.16143243252112 -13.7136222705955 39.5108173697092 70417.7059862697
-0.1577 -0.225966561795582 -0.0989916107753992 -13.7138608442817 39.5061271017404 70253.8681033298
-0.1578 0.306894543516097 0.0577629103217645 -13.0264042214399 39.5014368337715 70526.4649012058
-0.1579 -0.165695852868856 -0.168937035116427 -12.9624107885337 39.4967465658027 70353.5773921255
-0.158 0.158452147505644 0.168036071020727 -12.0594640776759 39.4920562978338 70642.7158567873
-0.1581 0.0493795739412293 -0.303467267468612 -11.8409241838385 39.4873660298649 70506.7731516245
-0.1582 0.143350673354869 0.0586378740145782 -10.8388063377192 39.4826757618961 70742.0130677119
-0.1583 -0.0189280946319523 -0.137143003063589 -10.2674531092613 39.4779854939272 70667.9921296217
-0.1584 0.212989371366409 -0.0567163699818453 -9.46485735257763 39.4732952259583 70817.3998621907
-0.1585 0.0138483376570357 -0.149978829236301 -8.91463799133382 39.4686049579895 70758.5731526881
-0.1586 0.0318439282293955 0.0140377258992705 -8.12238815559896 39.4639146900206 70847.7609902097
-0.1587 0.117552256199687 -0.10130034422664 -7.35833493110152 39.4592244220517 70903.8479277807
-0.1588 0.00434969689671811 -0.0665307052547949 -6.78357203883867 39.4545341540829 70877.3852597385
-0.1589 0.00605838840863227 0.049700578286843 -6.29448744172324 39.449843886114 70933.4205783286
-0.159 0.00965715377557035 0.00470185198912017 -5.98395673860729 39.4451536181451 70901.1425724953
-0.1591 -0.0350482169297474 -0.0274522993362173 -5.8365282977664 39.4404633501763 70854.9416447323
-0.1592 0.0420224334140433 -0.0222164541863329 -5.51225382364096 39.4357730822074 70923.7270265848
-0.1593 -0.057402459983711 0.0011670921649934 -5.3878605566827 39.4310828142386 70877.0732959879
-0.1594 0.00561939726069011 0.0497502160825667 -5.21117073398078 39.4263925462697 70921.147610096
-0.1595 -0.00404009793562658 -0.0301287116289865 -5.11360601192173 39.4217022783008 70934.4929358348
-0.1596 0.089576682482206 -0.0658650064405237 -5.0948222317756 39.417012010332 70943.6348868308
-0.1597 -0.0697626494315489 0.0314524341890169 -5.00418597184601 39.4123217423631 70930.8345860984
-0.1598 -0.0987737435744903 0.0344484455480288 -4.83058148812365 39.4076314743942 70930.1361644815
-0.1599 0.10344380929955 -0.0361542295853041 -4.62902440436981 39.4029412064254 70989.0670285732
-0.16 -0.0497160231302972 -0.0294016670529441 -4.60365124235795 39.3982509384565 70938.8516378141
-0.1601 -0.0563140458574635 0.145626595695917 -4.50386854257093 39.3935606704876 70983.7188066542
-0.1602 0.0561195926573075 -0.12476386118752 -4.40726366577971 39.3888704025188 70996.4626981972
-0.1603 0.0209977766598745 0.00548072271662012 -4.34269252843956 39.3841801345499 71035.8761726198
-0.1604 -0.077710038164486 0.0619873980897353 -4.22403825008963 39.3794898665811 71028.6485214083
-0.1605 0.0901426613531637 -0.00955855563153128 -4.14364848741563 39.3747995986122 71068.595827969
-0.1606 0.00642026126219679 -0.0371894294010256 -4.221386250217 39.3701093306433 71014.9061853291
-0.1607 -0.0500780784329264 -0.0180935906743673 -4.05828243559549 39.3654190626745 71032.1717263091
-0.1608 0.05734612514438 0.00761593007457073 -3.8615583394676 39.3607287947056 71087.3382806176
-0.1609 -0.0106783539141258 0.00258021497814116 -3.7711341213849 39.3560385267367 71068.0815565827
-0.161 0.0117609822822389 0.0242297738279152 -3.57677761197216 39.3513482587679 71106.0364976956
-0.1611 0.0264284673516839 -0.0585692523043504 -3.39542146596678 39.346657990799 71128.8025648547
-0.1612 0.0145862641701805 0.0178543038647874 -3.07091339964606 39.3419677228301 71193.4565971188
-0.1613 -0.00455298617782983 -0.0394935775985957 -2.89511890442761 39.3372774548613 71181.9953099156
-0.1614 -0.046569732463112 -0.0640617986405689 -2.65767415972218 39.3325871868924 71220.5858353307
-0.1615 -0.0423846657380616 0.107160611131074 -2.53356852077522 39.3278969189235 71282.7216701632
-0.1616 -0.0361308326794602 -0.0610744537716522 -2.51721759520709 39.3232066509547 71220.0053455384
-0.1617 0.157231960318024 -0.0165089390739503 -2.3872237309869 39.3185163829858 71302.4056297692
-0.1618 -0.159641723818983 0.0273505222935018 -2.49366156370139 39.313826115017 71223.8856391622
-0.1619 0.134692173273326 0.0225392405044931 -2.46636282142345 39.3091358470481 71283.9863396862
-0.162 0.0188845768081946 -0.0375073789334035 -2.59810484880512 39.3044455790792 71200.2191908357
-0.1621 -0.0975331762818585 0.0856595594693475 -2.62169592974914 39.2997553111104 71195.4539608187
-0.1622 0.0192960826478156 0.0468970181679733 -2.57679432006942 39.2950650431415 71226.3875616404
-0.1623 0.0662211052807436 -0.141593429251374 -2.55372423409419 39.2903747751726 71202.0685581237
-0.1624 0.0250473583838231 0.12209398226927 -2.50395549933469 39.2856845072038 71262.2457690352
-0.1625 -0.152191643262053 -0.0266193117924241 -2.56986272900209 39.2809942392349 71159.7026405507
-0.1626 0.129969356806341 0.0479316996606153 -2.48242609823814 39.276303971266 71248.702478119
-0.1627 -0.127897941182708 -0.0396881010728732 -2.63403490318734 39.2716137032972 71139.4825350407
-0.1628 0.00882142940700517 0.0184958275820909 -2.57665963773798 39.2669234353283 71212.0478806835
-0.1629 -0.0502547773439142 -0.0534420737369077 -2.69786776794906 39.2622331673595 71154.2054916615
-0.163 0.0427152877316637 0.0424153935749068 -2.73439990501681 39.2575428993906 71176.988729349
-0.1631 -0.025166752191161 -0.0277065116543689 -2.78756490327312 39.2528526314217 71112.5142720531
-0.1632 0.0496575111759725 0.00223221973717778 -2.6789664336463 39.2481623634529 71166.1901184819
-0.1633 -0.0550734690599 -0.0106993606072948 -2.7342519080684 39.243472095484 71124.0583423876
-0.1634 0.013948004810641 0.0996367496151798 -2.70759339629531 39.2387818275151 71163.6045988298
-0.1635 -0.0862433753668064 -0.0659683106744083 -2.88712780531329 39.2340915595463 71051.220373945
-0.1636 0.0639285917726913 0.101832814026129 -2.79482118340814 39.2294012915774 71126.4291113623
-0.1637 -0.114177781035912 -0.0502272500704123 -3.04330363317912 39.2247110236085 70988.6042968918
-0.1638 0.124784233244003 0.052602966663555 -2.93421182650477 39.2200207556397 71093.9583215804
-0.1639 -0.0245133968239541 -0.116703868346156 -3.07096208982557 39.2153304876708 70984.684120739
-0.164 0.016310473346428 0.169704516126463 -3.02200884428202 39.210640219702 71060.956472024
-0.1641 -0.056572398330594 -0.149281598766668 -3.11984439089276 39.2059499517331 70940.2180047764
-0.1642 0.15031969224794 0.0548275438055489 -2.9938665058486 39.2012596837642 71069.6229345578
-0.1643 -0.208767394336081 -0.0244388638920145 -3.095058343459 39.1965694157954 70965.3666644233
-0.1644 0.110040252240447 0.102321395838345 -2.96696671095296 39.1918791478265 71073.8127608368
-0.1645 -0.00618364670403692 -0.154754482467467 -3.14613012948861 39.1871888798576 70946.7869161064
-0.1646 0.0196788956576826 0.137189682350304 -3.03596508678556 39.1824986118888 71052.5367997963
-0.1647 -0.112371902862104 -0.0520930806520811 -3.17038700248033 39.1778083439199 70939.1859856675
-0.1648 0.0945016780065819 0.0053986784176558 -3.09287030288959 39.173118075951 71043.3165429051
-0.1649 -0.0287132414106779 -0.0837812097099179 -3.23665689737423 39.1684278079822 70956.9810368857
-0.165 0.0160797700657265 0.114714851238835 -3.16035660024029 39.1637375400133 71022.3720576667
-0.1651 -0.0466170459795616 -0.11565861048908 -3.18839712589668 39.1590472720444 70969.8927674663
-0.1652 0.118755607870643 0.058155798919107 -3.10481935078234 39.1543570040756 71047.5709147311
-0.1653 -0.0569430600880405 -0.103064569051288 -3.22402390659196 39.1496667361067 70944.1633558979
-0.1654 -0.00861475349327584 0.101559803849205 -3.17833214127614 39.1449764681379 71019.9123487523
-0.1655 0.0156021754087079 -0.138532989223961 -3.24469250915472 39.140286200169 70957.4334115969
-0.1656 0.136243343003162 0.0322866639329271 -3.09209874425909 39.1355959322001 71050.6852946396
-0.1657 -0.187027650759145 0.0134249182733784 -3.29021315321402 39.1309056642313 70920.5284150289
-0.1658 0.184214106033499 0.0470468922134771 -3.22520763286204 39.1262153962624 71028.8282083405
-0.1659 -0.099153700822257 -0.152967268917161 -3.36335138824236 39.1215251282935 70905.4844206306
-0.166 0.0622525239277425 0.170187709797539 -3.2632737517901 39.1168348603247 71044.0625156647
-0.1661 -0.0502630400049552 -0.115302436572753 -3.37579296076869 39.1121445923558 70915.2329646823
-0.1662 0.0943210063140001 -0.0111060172334388 -3.25759439226099 39.1074543243869 70996.8574711008
-0.1663 -0.116891396293484 0.034502114748373 -3.36251989154194 39.1027640564181 70925.7059632215
-0.1664 0.0951978977739588 -0.0294507260213299 -3.27995108205118 39.0980737884492 70988.4986599163
-0.1665 -0.0262735277530649 -0.0421953893517366 -3.32381780211223 39.0933835204804 70952.1789308796
-0.1666 -0.053768772319098 0.081924915527203 -3.33396499917929 39.0886932525115 70987.1090384689
-0.1667 -0.0199065642401535 -0.0768195298409408 -3.40306346553381 39.0840029845426 70938.6143524429
-0.1668 0.100148781420847 0.0248578749512463 -3.30594181385911 39.0793127165738 71004.4605997778
-0.1669 -0.201037961027997 -0.0725746248060058 -3.44135619815409 39.0746224486049 70875.113482038
-0.167 0.160022105568272 0.127499662927404 -3.29639104892077 39.069932180636 71026.1630722153
-0.1671 -0.143355986897438 -0.12938322788239 -3.55890987814086 39.0652419126672 70842.8474732553
-0.1672 0.134828649412133 0.145171340247061 -3.35321518743594 39.0605516446983 71017.6996264878
-0.1673 -0.153621764054205 -0.140593675300876 -3.53271639066609 39.0558613767294 70866.5281006168
-0.1674 0.198903189517523 0.104309889743951 -3.2990196019479 39.0511711087606 71056.6063916538
-0.1675 -0.216839442123406 -0.0465778442141241 -3.53717857686028 39.0464808407917 70870.5058672932
-0.1676 0.172873321598552 0.0992135194326538 -3.35304893655695 39.0417905728228 71017.0476821673
-0.1677 -0.114156443023546 -0.201933502614284 -3.52347685714332 39.037100304854 70857.3389620965
-0.1678 0.00273639241757223 0.223596214804146 -3.3344509595394 39.0324100368851 71013.8892236601
-0.1679 -0.108604440624464 -0.13347788841975 -3.52387804407975 39.0277197689163 70875.4267845108
-0.168 0.262000431809161 0.00293383384422851 -3.3774003039556 39.0230295009474 71018.6459573291
-0.1681 -0.298439627104175 -0.0416702627993004 -3.65106175857472 39.0183392329785 70822.3401834783
-0.1682 0.221350770030259 0.129951923718732 -3.39934380274875 39.0136489650097 71040.5851488389
-0.1683 -0.11179354821515 -0.208445779504038 -3.65381354814278 39.0089586970408 70822.3423981407
-0.1684 0.10012426856167 0.2012949791248 -3.40058772796431 39.0042684290719 71029.0236144118
-0.1685 -0.150844808148927 -0.17991436001132 -3.62139688872606 38.9995781611031 70835.4998738754
-0.1686 0.206797983177356 0.075410411661636 -3.48436442470849 38.9948878931342 70998.2822447968
-0.1687 -0.211931054454159 -0.0618210950871571 -3.57992110967181 38.9901976251654 70873.336551401
-0.1688 0.101356244140949 0.163045115110367 -3.47539929476472 38.9855073571965 70996.1451419395
-0.1689 -0.00820628090986639 -0.195725001050684 -3.61779652021988 38.9808170892276 70861.5215027982
-0.169 0.0432254602517705 0.132958423387183 -3.5054475245658 38.9761268212588 70975.4435568675
-0.1691 -0.12511592897755 -0.0216646049232734 -3.65282970841744 38.9714365532899 70869.0701965357
-0.1692 0.130175153198847 0.0434674199274552 -3.51426526915906 38.966746285321 70980.6932258946
-0.1693 -0.096373594672929 -0.0914440252854469 -3.65974946525946 38.9620560173522 70867.5977420808
-0.1694 0.0293055608731024 0.0555809894676176 -3.54237797467964 38.9573657493833 70948.4079221766
-0.1695 -0.0938664131975916 -0.0500166229456414 -3.68014155903546 38.9526754814144 70864.943649166
-0.1696 0.101758575329698 -0.0221375656692576 -3.52007519015161 38.9479852134456 70936.2961041963
-0.1697 -0.0370276794976742 -0.00437657897050943 -3.62493822671376 38.9432949454767 70889.879620859
-0.1698 0.0524507692762527 0.0174786503731178 -3.58097805488516 38.9386046775078 70936.4109844703
-0.1699 -0.0238324989852081 -0.0583176480293454 -3.59358049749628 38.933914409539 70904.770453045
-0.17 0.0214492140957531 0.020138797223287 -3.57242255000514 38.9292241415701 70936.8284319509
-0.1701 -0.0466142908979118 -0.005098831108888 -3.64803989821757 38.9245338736013 70888.1679618601
-0.1702 -0.0444659027898117 -0.0133166420946092 -3.57744458993771 38.9198436056324 70912.3377356636
-0.1703 0.0463628939721479 0.00651575831719367 -3.63453063203597 38.9151533376635 70915.4969434506
-0.1704 -0.0263660658777643 0.0739105239263705 -3.6265420616813 38.9104630696947 70936.6068818274
-0.1705 0.00286561069884843 -0.0494569792220556 -3.6633825524906 38.9057728017258 70884.4480320088
-0.1706 0.0355898569449593 0.034276830080989 -3.64227796200314 38.9010825337569 70919.707657097
-0.1707 -0.0217349801736823 -0.0520038845750809 -3.6708676501775 38.8963922657881 70876.0719947471
-0.1708 0.0334904300990444 0.0305981277723788 -3.67829748343181 38.8917019978192 70919.9256634984
-0.1709 0.0132670002077928 -0.0102950008111185 -3.70790875528785 38.8870117298503 70913.1215479868
-0.171 -0.050353395583241 0.00360891666457455 -3.75519938443001 38.8823214618815 70872.4407867245
-0.1711 0.0400788349928613 -0.000608890803026357 -3.75400604049142 38.8776311939126 70894.0975765904
-0.1712 -0.0124376826118458 0.0331140991682046 -3.79641984552974 38.8729409259438 70873.9857388874
-0.1713 -0.0832981517957466 0.0602722825804101 -3.72443035190105 38.8682506579749 70896.8122145231
-0.1714 0.0265947941731066 -0.0193467654065244 -3.82976472356508 38.863560390006 70879.9842279262
-0.1715 0.0789732427133562 -0.0654354282211633 -3.83641277534351 38.8588701220372 70888.9161490249
-0.1716 -0.0801258309708627 0.0259756087771289 -3.84176647954128 38.8541798540683 70850.5071895702
-0.1717 -0.07537068064144 0.0791401137011 -3.80531846604294 38.8494895860994 70870.7032004356
-0.1718 0.128333278676928 -0.118496696506193 -3.8551755474751 38.8447993181306 70875.8419524302
-0.1719 -0.080113184440468 0.0547922058787462 -3.86969389267182 38.8401090501617 70875.4441790197
-0.172 -0.00208024935798113 -0.0173391248512818 -3.86741091984364 38.8354187821928 70868.6476640609
-0.1721 0.11146056759269 -0.0077667275797321 -3.8685912029011 38.830728514224 70897.0340240271
-0.1722 -0.0660500487228226 0.0616580622594359 -3.8806696114763 38.8260382462551 70870.4688349142
-0.1723 -0.0333115570508834 0.0571241407270372 -3.91634171921995 38.8213479782863 70861.8648003603
-0.1724 0.110757945228572 -0.0675390289741045 -3.94594659198952 38.8166577103174 70860.145137614
-0.1725 -0.0459221978607995 -0.0399549137347888 -3.92153997223017 38.8119674423485 70833.0793127094
-0.1726 -0.107592078763845 0.144456746010158 -3.86907508546333 38.8072771743797 70869.7263249307
-0.1727 0.0999603614586383 -0.037249357901437 -3.89903253003463 38.8025869064108 70880.2606399721
-0.1728 0.018027496927883 -0.0658382394946736 -3.90087569574724 38.7978966384419 70856.1798882698
-0.1729 -0.0796335165393089 0.0673214833943284 -3.93524865998148 38.7932063704731 70839.4895367745
-0.173 0.124768814371893 -0.106220291521378 -3.92939364986327 38.7885161025042 70850.5170819811
-0.1731 -0.0782740911819743 -0.00498170187943634 -3.9641492996488 38.7838258345353 70822.7840644442
-0.1732 -0.052118749251285 0.115347711889269 -3.98076288544206 38.7791355665665 70856.2478146869
-0.1733 0.120118715379046 -0.10750946865088 -4.05010610352416 38.7744452985976 70831.2843751491
-0.1734 0.0440781051117724 -0.00842215855846055 -4.10963814937202 38.7697550306287 70800.1514883404
-0.1735 -0.104192282770172 0.158106012699442 -4.00859255733803 38.7650647626599 70843.1401556642
-0.1736 0.0539870411615389 -0.0949430991656338 -4.05860582334361 38.760374494691 70809.3239140305
-0.1737 0.0430554097091662 -0.0175836547575532 -4.02979189628507 38.7556842267222 70835.18083943
-0.1738 -0.0878743533634168 0.127761517724578 -4.09792758759489 38.7509939587533 70833.5804959342
-0.1739 0.00135612146026248 -0.0589773786766124 -4.14237485480254 38.7463036907844 70800.1732672657
-0.174 0.132951133308807 -0.0818824088150964 -4.1071946883462 38.7416134228156 70819.8213527504
-0.1741 -0.119855493910528 0.0924660076543335 -4.13639641729508 38.7369231548467 70798.1625285707
-0.1742 0.0243299026031615 0.0275339227829888 -4.19654628507325 38.7322328868778 70806.6293778641
-0.1743 0.119219439718919 -0.0857822275865992 -4.1991800301219 38.727542618909 70798.6296648544
-0.1744 -0.0943895381888172 0.0523876960426628 -4.2556927595693 38.7228523509401 70772.1352610624
-0.1745 -0.0152816537722483 0.0988388203374974 -4.14180226311213 38.7181620829712 70811.6430872626
-0.1746 0.0226283232736889 -0.098704111333093 -4.22862605880539 38.7134718150024 70773.3121672245
-0.1747 0.0831241011705819 0.00111114084332279 -4.20506383684916 38.7087815470335 70818.502715
-0.1748 -0.115469435956135 -0.00114169124696082 -4.27188738214533 38.7040912790647 70770.2315699742
-0.1749 0.127467148587787 -0.00960425869992767 -4.21988162152368 38.6994010110958 70822.6467403098
-0.175 -0.042793783938452 -0.0771449163941205 -4.26895996162279 38.6947107431269 70765.4978297799
-0.1751 -0.023727709449634 0.108180025832824 -4.20265965179873 38.6900204751581 70816.9665043427
-0.1752 0.0222763059545602 -0.0789167768484395 -4.28746676049218 38.6853302071892 70758.6042816907
-0.1753 0.148556712155569 -0.0287198206884949 -4.27534367621669 38.6806399392203 70828.8173299168
-0.1754 -0.159467167105623 0.00149263755369205 -4.36973928487383 38.6759496712515 70746.3552638525
-0.1755 0.0636648106320148 0.145896108740883 -4.24325487477694 38.6712594032826 70848.3657060421
-0.1756 -0.0576378635100355 -0.154741322813342 -4.37642403240943 38.6665691353137 70726.9187463336
-0.1757 0.0769549772285803 0.127763929967217 -4.27558048287497 38.6618788673449 70832.7251159531
-0.1758 -0.151056993589637 -0.0395770410721985 -4.43506688469817 38.657188599376 70711.3197941216
-0.1759 0.104188086720776 0.0861899386011303 -4.33776922890827 38.6524983314072 70819.7431658232
-0.176 -0.0658335923119676 -0.156865469161424 -4.4549320271206 38.6478080634383 70697.3040580618
-0.1761 0.0512559240202897 0.118758753229937 -4.41067233082136 38.6431177954694 70814.5887300008
-0.1762 -0.0854914692400971 0.00644302117030861 -4.50556830352153 38.6384275275006 70743.1951895342
-0.1763 0.0613868317595759 -0.00847778225167755 -4.44667046870962 38.6337372595317 70784.3392638368
-0.1764 -0.0244219668253238 0.0405318085458223 -4.52750512006372 38.6290469915628 70736.6964164579
-0.1765 0.0188774528593662 -0.0378370365525912 -4.49048595126824 38.624356723594 70752.4749704047
-0.1766 -0.033837900690855 0.0244192509939578 -4.47770435942921 38.6196664556251 70760.1275807174
-0.1767 0.116039127441529 -0.0875436426891588 -4.47678348281913 38.6149761876562 70761.4433934913
-0.1768 -0.0600799513283324 0.0989928086715354 -4.52911215861422 38.6102859196874 70758.7833094391
-0.1769 0.00851503910388998 -0.022632561374158 -4.55330349372472 38.6055956517185 70730.4086358821
-0.177 0.0614950851779306 -0.0423125871049961 -4.53433397891437 38.6009053837496 70721.6420010065
-0.1771 -0.00308586117647177 0.100632961956247 -4.55334536704325 38.5962151157808 70750.0040866881
-0.1772 -0.0284199551332857 -0.0858212906275971 -4.56828369947113 38.5915248478119 70712.3651656756
-0.1773 0.00746441504308865 0.0496563113420481 -4.63655248897427 38.5868345798431 70736.180365162
-0.1774 -0.0333318447052447 0.0300482309543283 -4.63247870904365 38.5821443118742 70723.5685580449
-0.1775 0.0393341449208016 -0.102650724268601 -4.63284333602184 38.5774540439053 70702.218634752
-0.1776 -0.00997776235479945 0.121793695853409 -4.58643818084394 38.5727637759365 70738.5458874257
-0.1777 -0.0821013025514268 -0.0716883978207353 -4.6348877251371 38.5680735079676 70683.3441956897
-0.1778 0.100413944713906 0.0181397354555531 -4.57165552407308 38.5633832399987 70774.125064605
-0.1779 -0.0659539900318255 -0.117044922154113 -4.64827550655398 38.5586929720299 70694.222480643
-0.178 -0.0280558689877929 0.17402554320274 -4.52047790046921 38.554002704061 70794.9353011289
-0.1781 -0.0521218771621845 -0.163659507970876 -4.61477076518147 38.5493124360922 70685.0652840754
-0.1782 0.133952558514741 0.0730837986828881 -4.55638709424234 38.5446221681233 70786.3583790903
-0.1783 -0.138389635828056 -0.0473142170403694 -4.72249131489194 38.5399319001544 70672.5182814227
-0.1784 0.122429228188638 0.132798782300825 -4.64437337324298 38.5352416321856 70792.725680478
-0.1785 -0.0475017411222875 -0.165294847920538 -4.79398542360686 38.5305513642167 70654.5475975666
-0.1786 0.100815107282971 0.108736696031565 -4.61099670281074 38.5258610962478 70777.5337749173
-0.1787 -0.17215150338154 -0.0546360882838822 -4.83819973794747 38.521170828279 70642.8342652308
-0.1788 0.237267948434043 0.0783286817774204 -4.70925248540464 38.5164805603101 70792.2476272918
-0.1789 -0.145206611517725 -0.113599185969513 -4.91763645102396 38.5117902923412 70627.4458132518
-0.179 0.0821096299376295 0.121521339851358 -4.69052166284242 38.5071000243724 70779.7633454208
-0.1791 -0.113761692222407 -0.162555609280692 -4.86623116811438 38.5024097564035 70623.3315404936
-0.1792 0.13635822147015 0.138759121444998 -4.71014999472763 38.4977194884346 70783.8825575176
-0.1793 -0.178251853980391 -0.0673011610464264 -4.96114608763888 38.4930292204658 70613.6407205016
-0.1794 0.156608997940231 0.0298973978891301 -4.69223414550923 38.4883389524969 70776.8978565263
-0.1795 -0.0445286607568538 -0.107239013262373 -4.96815683218115 38.483648684528 70632.9003864241
-0.1796 0.0621506462448375 0.187553539014031 -4.73680903415718 38.4789584165592 70777.2649055987
-0.1797 -0.132570240976561 -0.172027750180103 -5.0214931813876 38.4742681485903 70597.0603397091
-0.1798 0.194116074988017 0.0407905919214798 -4.73736133408789 38.4695778806215 70774.2335720037
-0.1799 -0.139355657709596 -0.0524733573908268 -5.07416271291084 38.4648876126526 70600.423110877
-0.18 0.128128248842584 0.106031771111971 -4.87828882510079 38.4601973446837 70745.3183083203
-0.1801 -0.115231159927884 -0.107695493258284 -5.01894661085816 38.4555070767149 70629.7326168183
-0.1802 0.096122376752381 0.118865635683127 -4.83597143003724 38.450816808746 70769.7422322203
-0.1803 -0.14904217481661 -0.0653731695662632 -5.06835678034836 38.4461265407771 70608.4295365576
-0.1804 0.0986826117129763 0.0451283971891285 -4.95419322472133 38.4414362728083 70715.1831295372
-0.1805 -0.0169087788547918 -0.0690500007735256 -5.05862808077335 38.4367460048394 70636.9791232815
-0.1806 -0.0064469715230387 0.0967396632618173 -5.00792023680286 38.4320557368706 70699.9482942114
-0.1807 -0.023976297261297 -0.0330003362342814 -5.09219972189449 38.4273654689017 70647.6871875979
-0.1808 0.0425154549929403 -0.0243963814650184 -5.00545211176385 38.4226752009328 70683.726663459
-0.1809 -0.0579794496126822 0.093297152836176 -5.00081345841376 38.417984932964 70690.812832864
-0.181 -0.0591580027036053 -0.0632240569689589 -5.07746051122819 38.4132946649951 70638.2281164949
-0.1811 0.11757561941466 0.0242678805743334 -4.90902493953676 38.4086043970262 70721.9637022778
-0.1812 -0.152986194126619 -0.0188604337705869 -5.09823168695118 38.4039141290574 70614.9932594233
-0.1813 0.0492052444177439 0.0354105492581372 -4.94693478020026 38.3992238610885 70719.4757634643
-0.1814 -0.106695460574668 -0.0651195081419656 -5.10002499427569 38.3945335931196 70628.3164991062
-0.1815 0.146848964337531 0.103927803145525 -4.96259073886695 38.3898433251508 70754.8186215455
-0.1816 -0.133784776951436 -0.0958301081814232 -5.14879171440653 38.3851530571819 70593.1595516605
-0.1817 0.162190381385504 0.0452292145214141 -4.98262773873725 38.380462789213 70722.1413888231
-0.1818 -0.0676960290495736 -0.155924044539498 -5.13867264643025 38.3757725212442 70588.7581279151
-0.1819 0.0248157130654221 0.15304645024527 -4.92499434289106 38.3710822532753 70746.0226524136
-0.182 -0.0408312568243713 -0.146950213709305 -5.18640200058786 38.3663919853064 70610.3297849698
-0.1821 0.130026235419124 0.0943479245601564 -4.96093588913082 38.3617017173376 70737.9159927468
-0.1822 -0.183933301792338 -0.0622080503156092 -5.14411478455377 38.3570114493687 70604.2387950273
-0.1823 0.119084280768578 0.116936393580375 -4.98093756876282 38.3523211813999 70742.131556808
-0.1824 -0.0800633144852278 -0.234314430201074 -5.17220615454751 38.347630913431 70576.6969304982
-0.1825 0.119291624055968 0.214207969878977 -5.01109046924443 38.3429406454621 70752.0429699745
-0.1826 -0.188699956440965 -0.0968766305082668 -5.26624925223617 38.3382503774933 70553.3835708144
-0.1827 0.180761385574229 0.0780314614971997 -5.08410232921721 38.3335601095244 70729.2139600111
-0.1828 -0.174535249737993 -0.0708927428999496 -5.24499820741059 38.3288698415555 70585.3346968346
-0.1829 0.0963076448407811 0.143547837175571 -5.04647030385427 38.3241795735867 70729.7429009714
-0.183 -0.0760728080965654 -0.162510077845738 -5.28452659501724 38.3194893056178 70562.9199656816
-0.1831 0.0610706761470596 0.076219513920973 -5.0954135337238 38.314799037649 70682.3531668852
-0.1832 -0.0434576834889807 0.00822699749112087 -5.16431478065236 38.3101087696801 70633.8271914796
-0.1833 0.0389714227876322 -0.0758315484071304 -5.12253842287502 38.3054185017112 70648.9695277623
-0.1834 0.0593291815343215 0.0425268658587246 -5.11446963315821 38.3007282337424 70673.5210542128
-0.1835 -0.101887649907362 0.0383759876019068 -5.1601915986276 38.2960379657735 70633.9504105645
-0.1836 0.0511753504159122 -0.00264281107979509 -5.08681753448614 38.2913476978046 70664.2370496366
-0.1837 0.00409128850849777 -0.0416655160831501 -5.14507585489935 38.2866574298358 70637.9219263631
-0.1838 -0.0103106594655729 0.0832530408328032 -5.11473041430706 38.2819671618669 70661.2315512938
-0.1839 -0.00805028990038017 -0.130469131554437 -5.16526116037108 38.277276893898 70603.4408042847
-0.184 0.00938178547811576 0.068643187405978 -5.05903737106105 38.2725866259292 70681.4298547154
-0.1841 -0.0204606523227394 0.00346079732553993 -5.12492849421661 38.2678963579603 70654.4144627484
-0.1842 0.000407738669435385 -0.0386039571704273 -5.11598951102722 38.2632060899914 70659.0635704658
-0.1843 -0.0502816363370655 0.0397871889866415 -5.17764666091326 38.2585158220226 70652.7426086509
-0.1844 -0.00553776797447763 0.0318453938820489 -5.12611489203308 38.2538255540537 70655.8205486287
-0.1845 0.012032373064681 -0.0599044674127774 -5.16562797711292 38.2491352860849 70622.4760020606
-0.1846 0.043494735516107 0.0398595902966247 -5.04924313652125 38.244445018116 70680.6353876597
-0.1847 -0.11629060897132 0.0448097249595406 -5.14844049536341 38.2397547501471 70625.5712073219
-0.1848 0.211745785061924 -0.0311889750248765 -5.02959824803555 38.2350644821783 70702.9161406591
-0.1849 -0.145160183832572 -0.0800490246492567 -5.16816836011605 38.2303742142094 70582.5376049238
-0.185 0.0370512545644976 0.100157698523763 -4.94788048177656 38.2256839462405 70706.8795214989
-0.1851 -0.0415247602434027 -0.130071420851278 -5.09485045013339 38.2209936782717 70606.7322468986
-0.1852 0.110542825938193 0.0926062871023675 -4.95610701537479 38.2163034103028 70712.90136462
-0.1853 -0.150340353307326 -0.0321351248148855 -5.04849907406097 38.2116131423339 70606.645518499
-0.1854 0.140085509931821 0.010956617981358 -4.93518897320729 38.2069228743651 70720.7561128986
-0.1855 -0.11723058310763 -0.0178244705233331 -5.0954585821478 38.2022326063962 70617.1324586973
-0.1856 0.0903076586713994 0.0486377808191245 -4.90492094983708 38.1975423384274 70729.8885564749
-0.1857 -0.0620180920345696 -0.133608606732203 -4.95559155866001 38.1928520704585 70629.3384887997
-0.1858 0.0595020210222457 0.166644863488892 -4.79966439608965 38.1881618024896 70745.3660655415
-0.1859 -0.0503923869387935 -0.138099606937547 -4.78500396892858 38.1834715345208 70649.447364836
-0.186 0.0950323479157875 0.133389882974484 -4.6454122586132 38.1787812665519 70781.6062575953
-0.1861 -0.170091805940729 -0.188921053169533 -4.77594947242488 38.174090998583 70627.5093056687
-0.1862 0.110751558439988 0.223386928239336 -4.43550702687745 38.1694007306142 70859.9944009667
-0.1863 -0.182480264045849 -0.21084174037397 -4.6195019624767 38.1647104626453 70646.6224804772
-0.1864 0.201334304676516 0.158014303201803 -4.28041791908897 38.1600201946764 70875.663286946
-0.1865 -0.266879270065481 -0.0957276478503076 -4.50415325444948 38.1553299267076 70658.8497465804
-0.1866 0.23111312183668 0.0888263245200677 -4.21492874670717 38.1506396587387 70869.1050690796
-0.1867 -0.131314207681631 -0.117910533895149 -4.37679056189113 38.1459493907699 70702.741204305
-0.1868 0.0962670002620946 0.122965526347859 -4.08960115369399 38.141259122801 70867.1468652621
-0.1869 -0.0333824267614533 -0.0775353436666035 -4.09803880606498 38.1365688548321 70792.0675989365
-0.187 0.0276088576531104 0.045263505152144 -3.77240350678077 38.1318785868633 70879.4953282048
-0.1871 0.0097084099099281 -0.102262892130151 -3.67520204081551 38.1271883188944 70849.6889047375
-0.1872 0.0339779722296798 0.0610071241771392 -3.40616839807985 38.1224980509255 70937.8530485744
-0.1873 -0.0201607321163108 -0.144748509679632 -3.18590152987058 38.1178077829567 70915.3090669993
-0.1874 0.00608408977014164 0.140343942543995 -2.70084170775825 38.1131175149878 71055.8725800774
-0.1875 0.0170961850005386 -0.186928007523911 -2.38509451779516 38.1084272470189 71029.7517712615
-0.1876 0.0877757903112484 0.116247921520921 -1.78861585020481 38.1037369790501 71218.9378571295
-0.1877 -0.138652335816703 -0.0562071855635905 -1.45215573530523 38.0990467110812 71176.0621613286
-0.1878 0.149752165987809 0.0463910594524233 -0.985401665806206 38.0943564431123 71361.130563742
-0.1879 -0.0890879630360786 -0.0224798882772135 -0.930030807335973 38.0896661751435 71292.2212740362
-0.188 0.0283639395643995 0.137905293438459 -0.727543569171058 38.0849759071746 71393.515144909
-0.1881 -0.0805657983298126 -0.0716656706486506 -0.754647761580538 38.0802856392058 71299.1470642431
-0.1882 0.0856747484407879 -0.0185564684327727 -0.645560001511107 38.0755953712369 71352.7444623208
-0.1883 -0.114421675354208 0.0524221163824947 -0.680293668513992 38.070905103268 71311.6709348808
-0.1884 0.0532875568480254 -0.000476873624478053 -0.696099608923308 38.0662148352992 71336.5262247676
-0.1885 0.0121601291257786 -0.0912373359970216 -0.779474839392805 38.0615245673303 71278.3289022107
-0.1886 -0.0420012452602462 0.109133814966656 -0.708607531274649 38.0568342993614 71329.0803822208
-0.1887 0.0258430777092291 -0.0624353964816744 -0.788032107011138 38.0521440313926 71272.6371390934
-0.1888 0.0996668087760149 0.00950315119146705 -0.803768820648859 38.0474537634237 71302.7675748514
-0.1889 -0.123298155930947 0.0182067043331417 -0.966835408143901 38.0427634954548 71234.6652459743
-0.189 0.0586447913761536 0.0110431361855937 -0.947625686884674 38.038073227486 71278.550903467
-0.1891 0.0770282334048096 -0.129838262076366 -1.09970305941505 38.0333829595171 71213.337760705
-0.1892 -0.103320475335516 0.149179415490512 -1.13115943905736 38.0286926915483 71239.5358188896
-0.1893 0.0605751720032379 -0.0790548668183598 -1.20853232794121 38.0240024235794 71195.7695822087
-0.1894 0.00901922178541595 0.000946861680200357 -1.22316220362566 38.0193121556105 71209.922637082
-0.1895 -0.0800633280091084 0.0537681806451426 -1.26878040350698 38.0146218876417 71189.0211854163
-0.1896 -0.0138739089233509 -0.0159520426280865 -1.3201264698897 38.0099316196728 71178.1362144955
-0.1897 0.0970237825312689 -0.065901746985824 -1.35909664383767 38.0052413517039 71201.0404889305
-0.1898 -0.126247982067703 0.113740860536817 -1.42156190800446 38.0005510837351 71176.1603638531
-0.1899 0.0760153203536646 -0.0853755209307931 -1.47814329485502 37.9958608157662 71151.5623362766
-0.19 0.0519076949038833 0.0221255491707925 -1.51554995684521 37.9911705477973 71180.7391806661
-0.1901 -0.145215039685513 0.11840018241535 -1.56248198352423 37.9864802798285 71143.2081768026
-0.1902 0.080395583149703 -0.00856245360468034 -1.53342533193657 37.9817900118596 71174.410087738
-0.1903 0.0835404341180524 -0.123652899281596 -1.59124207944794 37.9770997438907 71143.8905377107
-0.1904 -0.0870414804891744 0.126033943468371 -1.5687147616389 37.9724094759219 71150.1314540538
-0.1905 -0.0308218488018222 -0.0364549224920125 -1.60953184280494 37.967719207953 71126.6560860078
-0.1906 0.0828141220245864 -0.0312187913210532 -1.56523621159508 37.9630289399842 71169.9797346812
-0.1907 -0.104414587507126 0.0716881981428718 -1.64085554230739 37.9583386720153 71142.9201985722
-0.1908 0.0318057962316235 -0.00467956017793768 -1.60996399463643 37.9536484040464 71164.6168525635
-0.1909 0.0334332555648853 -0.0725358795567139 -1.6443444766669 37.9489581360776 71140.1574370375
-0.191 0.0254060190329865 0.0523394927756162 -1.58270643861926 37.9442678681087 71171.2601590551
-0.1911 -0.0496371316097774 -0.0502801248964076 -1.65216712678729 37.9395776001398 71116.3085019442
-0.1912 0.114099618912005 0.00360298863664446 -1.62224411429203 37.934887332171 71179.0766341607
-0.1913 -0.0851176078614904 -0.0334134033836163 -1.7151689164387 37.9301970642021 71109.2535163147
-0.1914 0.0589893085075507 0.0932560517633435 -1.63133965461943 37.9255067962333 71189.5908156889
-0.1915 -0.0322647809706641 -0.136436232646439 -1.78881316036426 37.9208165282644 71084.7150857907
-0.1916 0.0615508830202756 0.118370738898304 -1.70000338883131 37.9161262602955 71188.6655465772
-0.1917 -0.106652469889128 -0.0338563260828173 -1.80362490031877 37.9114359923267 71085.2686098549
-0.1918 0.133783851848174 -0.00264943987759688 -1.74268109462781 37.9067457243578 71164.045193842
-0.1919 -0.0825410343022473 0.0122770063494302 -1.81540832018547 37.9020554563889 71105.3490796322
-0.192 -0.0421608513371818 0.0659431523147218 -1.80113830031707 37.8973651884201 71148.6208310224
-0.1921 0.000838591536966198 -0.065050706511457 -1.85043198239495 37.8926749204512 71129.8751707515
-0.1922 0.0592788220345492 0.0501685975446235 -1.82345158911882 37.8879846524823 71165.2927576142
-0.1923 -0.12405272260479 -0.00316945582067125 -1.91857320386957 37.8832943845135 71092.0538443166
-0.1924 0.10783316070273 0.000566493260752416 -1.82250280813185 37.8786041165446 71158.1624682543
-0.1925 -0.0379637015733322 -0.0748158736561968 -1.88579538572385 37.8739138485757 71096.3394666542
-0.1926 -0.0155351241113387 0.130281646153343 -1.82893413292783 37.8692235806069 71166.9079558534
-0.1927 0.0207130144629979 -0.1030756794635 -1.94630965978219 37.864533312638 71099.1668437923
-0.1928 0.000824637505802906 0.0307054635466102 -1.91846188060333 37.8598430446692 71131.7359438975
-0.1929 -0.047966576717111 0.0150276995130932 -1.94963701266636 37.8551527767003 71085.6087517984
-0.193 0.0346697526506697 0.00119280571448071 -1.91023588540377 37.8504625087314 71126.3355179436
-0.1931 -0.0448953018061445 0.00775184549797009 -1.9700884739323 37.8457722407626 71095.6821492596
-0.1932 -0.0049204419305335 0.0181851995148514 -1.98735310158057 37.8410819727937 71106.2109883594
-0.1933 0.00332834534694051 -0.0385230730663932 -2.00478239587821 37.8363917048248 71079.0396210503
-0.1934 0.0134240992171193 -0.0126232032784915 -2.00399774856928 37.831701436856 71102.4705307109
-0.1935 0.0153335774452931 0.00179726326092568 -2.01082233907922 37.8270111688871 71102.3447594601
-0.1936 -0.0153655037781228 -0.00744686697351677 -2.02985485096635 37.8223209009182 71082.5664098509
-0.1937 -0.00313118491610483 -0.0141982370010421 -2.02095228743169 37.8176306329494 71082.7340866115
-0.1938 0.00632602129919695 0.0317966419491253 -1.99439872415079 37.8129403649805 71099.7519937895
-0.1939 -0.0685866953424189 0.00308984254433532 -2.10630172846003 37.8082500970117 71076.5085064102
-0.194 0.105691729433796 -0.0504450979462304 -2.07822771739721 37.8035598290428 71107.2117044114
-0.1941 -0.0990084206026346 0.0513205691373155 -2.15311604222277 37.7988695610739 71058.6052996994
-0.1942 0.0478543358512903 -0.00492167283826579 -2.15088523511169 37.7941792931051 71082.9494903782
-0.1943 0.0397990916505037 -0.0247063649425213 -2.13354503502109 37.7894890251362 71067.8921439938
-0.1944 -0.0230515199678259 0.0438005541964009 -2.18819711065309 37.7847987571673 71063.0587891507
-0.1945 -0.00878898719294098 0.0426078043799411 -2.13609649516268 37.7801084891985 71091.4468831091
-0.1946 -0.00859934740222083 -0.00213873596543936 -2.20249927675432 37.7754182212296 71061.2835367563
-0.1947 0.0219059980216211 -0.0238049186686752 -2.21301103746616 37.7707279532607 71067.6959303788
-0.1948 -0.037299973008461 0.0346767753787313 -2.24871379114662 37.7660376852919 71053.7108488603
-0.1949 0.00799960865397918 -0.0543314607921475 -2.27027253006932 37.761347417323 71027.1711055759
-0.195 0.0759853098498838 -0.00891269846784557 -2.27838383469322 37.7566571493542 71056.6075827881
-0.1951 -0.135899826810261 0.0674508215594296 -2.35769947888452 37.7519668813853 71019.0762973608
-0.1952 0.12092297840989 -0.0624135331595707 -2.29819023964463 37.7472766134164 71055.2008633506
-0.1953 -0.044213471484477 -0.0197081821680602 -2.34066700930683 37.7425863454476 71035.1215500043
-0.1954 -0.0453837953205308 0.101981960614343 -2.34713241050905 37.7378960774787 71062.9853903061
-0.1955 0.0862550030012012 -0.0751697423121943 -2.35217091213114 37.7332058095098 71047.75886544
-0.1956 0.0259451141182637 -0.0156185862421738 -2.33815249355754 37.728515541541 71052.1459285165
-0.1957 -0.162185116684833 0.112032151785769 -2.42829126655802 37.7238252735721 71019.4546544092
-0.1958 0.102942770528061 -0.114269300923626 -2.47051077395806 37.7191350056032 71015.5541811781
-0.1959 0.0612290907400928 0.0133229338719849 -2.42909433394174 37.7144447376344 71074.5520894198
-0.196 -0.149690486351104 0.0439932069934612 -2.54145412893493 37.7097544696655 71018.5717211502
-0.1961 0.0572866340875044 0.0133247869033478 -2.51301383356481 37.7050642016966 71056.4836931716
-0.1962 0.0471729303367486 -0.127190309319759 -2.56228648436406 37.7003739337278 71005.3874762426
-0.1963 -0.139248749994409 0.197314707078818 -2.53138918070729 37.6956836657589 71043.2746926453
-0.1964 0.0483452746378986 -0.102446040499606 -2.60430272228828 37.6909933977901 70995.6375629865
-0.1965 0.115499107711541 -0.0633662627038793 -2.65693228980384 37.6863031298212 71009.3328646689
-0.1966 -0.124568702348576 0.118111050327809 -2.69331410683009 37.6816128618523 71000.0491994568
-0.1967 0.0152604598269606 0.0101954468235288 -2.66709854499555 37.6769225938835 71015.9376044283
-0.1968 0.109276466489799 -0.130276268016118 -2.68766575815213 37.6722323259146 71013.2864405054
-0.1969 -0.112903419664947 0.11679406548553 -2.71119185518972 37.6675420579457 70996.210954366
-0.197 -0.0205032386634242 0.0342410920295442 -2.72735590260948 37.6628517899769 70994.6311130076
-0.1971 0.120045420171497 -0.118620691397523 -2.7401498992377 37.658161522008 70984.8450965757
-0.1972 -0.0515795387533298 0.0620697471654725 -2.75055701864662 37.6534712540391 70992.7501330738
-0.1973 -0.0688786796964772 0.0880441607271955 -2.7909672603487 37.6487809860703 70993.3415720121
-0.1974 0.134347985832 -0.138453403206976 -2.81875431867628 37.6440907181014 70992.3967923192
-0.1975 -0.0257418760964646 -0.0111449316368003 -2.83740842650779 37.6394004501326 70960.3642613141
-0.1976 -0.063596049519022 0.070435641890225 -2.8315879834131 37.6347101821637 70966.2645321405
-0.1977 0.0411205017019065 -0.0427503900634846 -2.8244860677051 37.6300199141948 70971.3796324639
-0.1978 -0.0179231009416951 -0.0126483168613747 -2.82047889669233 37.625329646226 70976.3854892909
-0.1979 -0.00138473626238272 0.0223550157016846 -2.83364112193865 37.6206393782571 70987.290895395
-0.198 -0.0570529967981196 0.00649945414331642 -2.88454610946792 37.6159491102882 70943.8815942084
-0.1981 0.071437937007643 -0.0373824813340812 -2.88232264195982 37.6112588423194 70971.3808206161
-0.1982 -0.0551659753007397 0.0324878805724091 -2.91921956042969 37.6065685743505 70960.8359706108
-0.1983 -0.0149549473662531 -0.00712517667502118 -2.92803550600672 37.6018783063816 70967.3575202936
-0.1984 0.0579814630387189 -0.0229240886346586 -2.9026871934664 37.5971880384128 70987.7603654775
-0.1985 -0.056424649729965 0.0335170643579356 -3.00386911992518 37.5924977704439 70944.2558692989
-0.1986 0.00811167932039554 -0.0183892802689586 -3.01276859701709 37.5878075024751 70944.4301700087
-0.1987 -0.0272178546435906 0.0115175443653928 -3.03622496681808 37.5831172345062 70943.7534215221
-0.1988 0.00745257511452187 0.0154543205970093 -3.05207713171743 37.5784269665373 70947.5797259743
-0.1989 -0.0174328244113121 0.00846161844010214 -3.07921063063994 37.5737366985685 70933.1920814657
-0.199 0.0686440774519085 -0.0304231450673763 -3.08775009637562 37.5690464305996 70941.7891070502
-0.1991 -0.0671738203760268 -0.0107248412939684 -3.16959948727942 37.5643561626307 70896.650895549
-0.1992 0.00765780256307006 0.0825568334361026 -3.10605713434257 37.5596658946619 70949.0450369962
-0.1993 0.000530830164324942 -0.101283950801857 -3.15319869687043 37.554975626693 70899.1933884833
-0.1994 0.0937003718318885 0.0405653554714236 -3.12838111981784 37.5502853587241 70964.9425005167
-0.1995 -0.156367727165211 0.0418682152465741 -3.28450870696066 37.5455950907553 70881.8844884629
-0.1996 0.0784118688427693 0.0524641606699097 -3.26230663141305 37.5409048227864 70955.3875370095
-0.1997 0.0600893829987353 -0.185336626803412 -3.33153743806244 37.5362145548175 70853.3258793327
-0.1998 -0.0987371259725016 0.228805257145014 -3.29293126976393 37.5315242868487 70937.9518386954
-0.1999 -0.0205965446495993 -0.0910388849598239 -3.34896653823618 37.5268340188798 70868.9275930128
-0.2 0.208043093672585 -0.0935567230662521 -3.27967075368434 37.522143750911 70959.3840844346
-0.2001 -0.253889536674897 0.121442800001393 -3.40293918244498 37.5174534829421 70877.6505036727
-0.2002 0.0387897718699691 0.0198160356365481 -3.37064126656721 37.5127632149732 70940.2467326753
-0.2003 0.0789976374982286 -0.15555737972437 -3.45347547880009 37.5080729470044 70880.6790367815
-0.2004 -0.00480699228439466 0.0813622610782709 -3.38418296376122 37.5033826790355 70913.500905882
-0.2005 -0.14582701201465 0.02094316462901 -3.42139237058036 37.4986924110666 70867.6986290847
-0.2006 0.136425403832833 -0.0874844018253484 -3.38113775065568 37.4940021430978 70915.1407044849
-0.2007 -0.0367030022803556 -0.0169386873105357 -3.48483640858609 37.4893118751289 70901.846273878
-0.2008 -0.0354138453289488 0.156816015153518 -3.41652662203777 37.4846216071601 70950.482127986
-0.2009 0.0747157059053809 -0.134655913351636 -3.49275725316367 37.4799313391912 70899.2177629177
-0.201 -0.0613586193060609 0.0614187803178764 -3.4805994229688 37.4752410712223 70905.1177768696
-0.2011 -0.02885830180842 0.0220296528815712 -3.52955526882741 37.4705508032535 70900.2667168725
-0.2012 0.0172256782772694 -0.0420737048209297 -3.55007374721412 37.4658605352846 70898.8426642322
-0.2013 0.0698615439246078 0.00350624178454018 -3.47990271022758 37.4611702673157 70930.3693414773
-0.2014 -0.14925334655923 0.0371512622521539 -3.57210381395194 37.4564799993469 70866.1717584336
-0.2015 0.0959712208160515 -0.0138743269297733 -3.46596652619755 37.451789731378 70923.7648396487
-0.2016 0.00422578734477738 -0.0479655012262893 -3.53964154341317 37.4470994634091 70886.7557941185
-0.2017 -0.0590463723096657 0.074355999303166 -3.56918894687636 37.4424091954403 70895.6897413977
-0.2018 0.0535954643123211 -0.0252384833168849 -3.60255072400178 37.4377189274714 70905.9577396465
-0.2019 0.00832505441615677 -0.00116041996820814 -3.61298958972567 37.4330286595025 70894.8495696267
-0.202 -0.0718483473948901 0.0546581056694609 -3.65381917096051 37.4283383915337 70860.8388723192
-0.2021 0.0543288077781368 -0.0125801979468112 -3.66321525623468 37.4236481235648 70870.1215718561
-0.2022 0.0610689773698199 -0.048252852285917 -3.64052206043126 37.4189578555959 70881.8938583734
-0.2023 -0.112660236166833 0.118570368745168 -3.62290364489396 37.4142675876271 70886.0984706124
-0.2024 0.0925187368659953 -0.0868498649569851 -3.63561366333141 37.4095773196582 70885.5304403173
-0.2025 0.0104883881971617 0.0133221904914714 -3.68653511155338 37.4048870516894 70882.9457389411
-0.2026 -0.118129660956562 0.046382240364592 -3.75222979430248 37.4001967837205 70858.996178587
-0.2027 0.139973770761783 -0.011042804899366 -3.64718827484229 37.3955065157516 70909.9749313017
-0.2028 -0.0954491958501033 -0.0780420926682036 -3.8122935978486 37.3908162477828 70793.6138979123
-0.2029 0.106435147419852 0.0722140338444117 -3.67537853048844 37.3861259798139 70910.1811173997
-0.203 -0.143533418236003 -0.112527626607209 -3.85600020566328 37.381435711845 70770.8650596802
-0.2031 0.170796836249996 0.094958554961565 -3.70411119850549 37.3767454438762 70937.9795440061
-0.2032 -0.141618956067163 -0.0854738167293216 -3.88845909731828 37.3720551759073 70791.7080814776
-0.2033 0.15620330385983 0.0551344224347634 -3.7292255827191 37.3673649079385 70925.6223749722
-0.2034 -0.114482113123811 -0.0749336349768337 -3.87464115814597 37.3626746399696 70804.1971611541
-0.2035 0.0880769293207151 0.0702207440570327 -3.78457464913189 37.3579843720007 70883.2733079856
-0.2036 -0.115219670613505 -0.03569524425353 -3.92066859805916 37.3532941040319 70796.3712186875
-0.2037 0.113284981757231 0.0338733957307712 -3.82818887677164 37.348603836063 70880.894198187
-0.2038 -0.0482920738943393 -0.10956692647937 -3.91672236654449 37.3439135680941 70791.8870098686
-0.2039 0.0304207725841619 0.163698666958608 -3.79939187459125 37.3392233001253 70904.7726578735
-0.204 -0.0876100115709075 -0.0782054372817201 -3.95212476062932 37.3345330321564 70799.2712097044
-0.2041 0.136587476739008 0.0502579204522646 -3.84043158927937 37.3298427641875 70886.9082035593
-0.2042 -0.159367329855446 -0.0388255519012907 -4.01022516386438 37.3251524962187 70772.4873214392
-0.2043 0.0830704031927217 0.116053061497897 -3.89231349947274 37.3204622282498 70897.7844851894
-0.2044 0.0233344653548061 -0.209246204883217 -4.05228952667772 37.3157719602809 70773.8199824022
-0.2045 -0.0245391981747269 0.192095793009745 -3.91607694484953 37.3110816923121 70883.641234174
-0.2046 -0.0840092300161803 -0.0750928080340581 -4.01378561820658 37.3063914243432 70782.6626600108
-0.2047 0.199349755173368 -0.0423732410156764 -3.90373711774756 37.3017011563743 70865.2279894115
-0.2048 -0.112689433306727 0.0138677758378828 -4.05769779106585 37.2970108884055 70790.1647467619
-0.2049 0.010191268056566 0.135153556932746 -3.95785994111125 37.2923206204366 70853.0065941503
-0.205 0.0170516001439333 -0.150583398194942 -4.0803693874909 37.2876303524678 70775.1264578166
-0.2051 0.0375211691608583 0.0772117989700249 -3.98446368868943 37.2829400844989 70851.4613502352
-0.2052 -0.122074424803197 0.0650939876472987 -4.11036656208516 37.27824981653 70789.1183507569
-0.2053 0.122462894092565 -0.0225382529815807 -4.07662756005216 37.2735595485612 70828.6322597621
-0.2054 -0.036697813735078 -0.0501479686658472 -4.14298282760184 37.2688692805923 70772.6049084571
-0.2055 -0.00359390640522548 0.100492065186114 -4.11007480279844 37.2641790126234 70831.9353260188
-0.2056 0.0109178892839475 -0.114011908235586 -4.19078951433292 37.2594887446546 70765.1623979736
-0.2057 0.0469201715354361 0.0745665296787642 -4.1811298229411 37.2547984766857 70809.1736210769
-0.2058 -0.0889800913758275 -0.0325942688562146 -4.23645782736242 37.2501082087169 70755.1751989045
-0.2059 0.0842921321651924 0.0291352259017254 -4.13038584219287 37.245417940748 70841.1057399025
-0.206 -0.0481857092921753 0.00687665794644063 -4.20047578734402 37.2407276727791 70778.3829852033
-0.2061 0.0143708761783027 -0.0217570824863264 -4.21409924138138 37.2360374048103 70795.3112689833
-0.2062 0.00612042710426476 0.0067865633641075 -4.20728845770781 37.2313471368414 70798.279938663
-0.2063 0.0140602794709824 -0.0122469292286123 -4.19297416275942 37.2266568688725 70786.5772654099
-0.2064 -0.0288207081417904 -0.0122559242300349 -4.22461863558785 37.2219666009037 70778.3489519777
-0.2065 -0.00247024208205837 0.0116517538145661 -4.2200031133908 37.2172763329348 70796.4081800243
-0.2066 0.0155496801126474 0.00901540657103223 -4.25954915988366 37.2125860649659 70790.5154828494
-0.2067 -0.0236134516133405 0.0120889508894824 -4.31768703147516 37.2078957969971 70763.4621200038
-0.2068 -0.00785962133050847 0.0252165862803556 -4.29542987801733 37.2032055290282 70770.8551223078
-0.2069 -0.0318012228598467 -0.05272884123538 -4.34749084611765 37.1985152610594 70745.7280524219
-0.207 0.0493939969685263 0.069465151985676 -4.2376630336725 37.1938249930905 70815.5839491388
-0.2071 -0.0909420710091225 -0.0549451103158793 -4.33239884604115 37.1891347251216 70733.4688944659
-0.2072 0.110990240046355 0.111024724499565 -4.2184154411301 37.1844444571528 70856.0230607658
-0.2073 -0.126759373530064 -0.146804420202619 -4.3986241325119 37.1797541891839 70689.5762954083
-0.2074 0.157333098264661 0.139605968191897 -4.24762295750125 37.175063921215 70848.8722611222
-0.2075 -0.216937109228651 -0.144928935979617 -4.48653999535913 37.1703736532462 70657.8807692935
-0.2076 0.187538942758435 0.129917601381923 -4.30268089102551 37.1656833852773 70846.7138669271
-0.2077 -0.159208186419289 -0.164724556049464 -4.53781673576553 37.1609931173084 70655.9523697463
-0.2078 0.134034129177258 0.173292050646988 -4.31728149145411 37.1563028493396 70840.2459661633
-0.2079 -0.129056248177661 -0.188668375778917 -4.53757175556544 37.1516125813707 70672.9803064186
-0.208 0.16100897015119 0.1212639902405 -4.33549512496914 37.1469223134018 70842.395865099
-0.2081 -0.13228154626667 -0.145575391860698 -4.52851421890852 37.142232045433 70661.8285715768
-0.2082 0.0879272050022831 0.0962880031358835 -4.37012716394281 37.1375417774641 70803.1147949483
-0.2083 -0.0507781340242128 -0.115345428862393 -4.55216217696618 37.1328515094953 70678.6791290489
-0.2084 0.0939266032503715 0.0661938604097651 -4.45184927165241 37.1281612415264 70785.4472602368
-0.2085 -0.108529139781153 -0.00401612002483865 -4.54602321847138 37.1234709735575 70706.1571773895
-0.2086 0.084217446069577 0.01968639280157 -4.48027490609888 37.1187807055887 70772.4598398881
-0.2087 0.000942578411757535 -0.0628799927260032 -4.5218844712031 37.1140904376198 70718.4570286158
-0.2088 -0.0108831867092082 0.0818652637225355 -4.47827843386782 37.1094001696509 70760.5875013582
-0.2089 0.0463826632337053 -0.0544426577831306 -4.53023452598001 37.1047099016821 70727.8903026524
-0.209 0.0237249019532004 -0.0155369348405689 -4.52403206058149 37.1000196337132 70729.9020749893
-0.2091 -0.0583328586584316 0.0473977802495787 -4.54523498974977 37.0953293657443 70737.6474499204
-0.2092 0.0135218053915016 -0.0248026594726738 -4.4708764190078 37.0906390977755 70749.0736201488
-0.2093 0.0250104295058533 -0.0125324376148909 -4.48812959138468 37.0859488298066 70745.9412191875
-0.2094 -0.0334587557636261 -0.0070892952491222 -4.48998338347896 37.0812585618378 70724.4278326716
-0.2095 0.0237375419077997 0.0492892952501049 -4.46224958342142 37.0765682938689 70765.9819607121
-0.2096 -0.0432418652798576 -0.0675982387054448 -4.52638186038239 37.0718780259 70705.0017393173
-0.2097 0.018986929410749 0.0679717522461592 -4.43957001148347 37.0671877579312 70767.2516466872
-0.2098 -0.00605808115438964 -0.16129953652486 -4.55238627987098 37.0624974899623 70692.4501536889
-0.2099 -0.00206446820702104 0.1087157898018 -4.47497977209998 37.0578072219934 70764.6420263566
-0.21 -0.098836956593544 -0.0121976348453958 -4.59392061176224 37.0531169540246 70705.0925320598
-0.2101 0.116313572040571 -0.0551530775391151 -4.53293150835278 37.0484266860557 70757.1314985649
-0.2102 -0.103145271241741 0.0080672062230794 -4.58651959677422 37.0437364180868 70711.4930618169
-0.2103 0.0537201928087978 0.0368554231219392 -4.51489583286188 37.039046150118 70755.3450957365
-0.2104 -0.00850467684217411 -0.035817487138207 -4.5106897662564 37.0343558821491 70718.5544010747
-0.2105 0.021858290386861 0.0101350840222518 -4.51808602495202 37.0296656141802 70736.5314102359
-0.2106 -0.0570443035843959 0.00969389844986172 -4.58927254811955 37.0249753462114 70697.1551305146
-0.2107 0.0941629869924215 -0.0341276966705086 -4.55542099149128 37.0202850782425 70744.9025212902
-0.2108 -0.041914960090051 0.0224157017941985 -4.59464056192618 37.0155948102737 70725.0455197904
-0.2109 -0.0208331483438803 0.0272951585617358 -4.58358814195428 37.0109045423048 70725.0390878608
-0.211 0.0715405770188579 -0.0486857143184797 -4.60075163745529 37.0062142743359 70716.4727921018
-0.2111 -0.00713105313633047 0.0165944688264039 -4.57548752584535 37.0015240063671 70720.3234927918
-0.2112 -0.0545587704653794 0.0697602571794479 -4.59627470886004 36.9968337383982 70731.9800142642
-0.2113 -0.00329276875161098 -0.0557646809218912 -4.59239219925843 36.9921434704293 70719.2807743916
-0.2114 0.0613214719037927 0.00620346206719023 -4.572379567927 36.9874532024605 70754.4193911713
-0.2115 -0.132900272707008 0.0621307239423938 -4.7049182343305 36.9827629344916 70702.9032914275
-0.2116 0.102189484908659 0.0317813397182355 -4.58990335416638 36.9780726665227 70765.6507016879
-0.2117 -0.0386349280292487 -0.138469814153497 -4.69036512348176 36.9733823985539 70668.2657174972
-0.2118 -0.014028394285116 0.188937349199982 -4.55758597538046 36.968692130585 70771.8531417552
-0.2119 -0.0827793060431019 -0.113635944640491 -4.71213058941743 36.9640018626162 70665.4804469224
-0.212 0.206896075286175 0.019868970950057 -4.59849728344626 36.9593115946473 70781.8659230012
-0.2121 -0.176558160614781 -0.00694485906165622 -4.78955296487632 36.9546213266784 70661.3826296583
-0.2122 0.0831907672459933 0.124079663601389 -4.58919268135979 36.9499310587096 70790.1305886447
-0.2123 -0.0273880364847323 -0.230808101789854 -4.79131243361308 36.9452407907407 70636.8898356459
-0.2124 0.115823010987836 0.154384192187303 -4.58726834813385 36.9405505227718 70781.9043524844
-0.2125 -0.250632673404344 -0.050784721985918 -4.81588712853907 36.935860254803 70621.6700801114
-0.2126 0.24859181584574 0.0334183685234356 -4.62919533306053 36.9311699868341 70785.7503261275
-0.2127 -0.185221836937527 -0.119723048712868 -4.92324457021738 36.9264797188653 70606.7752867659
-0.2128 0.0693439774852649 0.230448920082675 -4.68941509799549 36.9217894508964 70802.0054394011
-0.2129 -0.0211615278857413 -0.251528790698305 -4.91999385027471 36.9170991829275 70602.0228557954
-0.213 0.0441925259566561 0.188277801958958 -4.72020815282342 36.9124089149587 70756.5459670992
-0.2131 -0.0908017223360832 -0.0902377074414084 -4.92813951757894 36.9077186469898 70622.6549478466
-0.2132 0.160374087255817 0.0734079682829525 -4.75968863175458 36.9030283790209 70764.7882613101
-0.2133 -0.0820418286861255 -0.122544421794906 -4.92583750980238 36.8983381110521 70624.653460889
-0.2134 0.0134582888618862 0.138510395963226 -4.79443073028799 36.8936478430832 70732.1939905204
-0.2135 -0.0670011776608106 -0.0676015597952481 -4.8749252452247 36.8889575751143 70631.2249114614
-0.2136 0.118604424034326 -0.0356972351578137 -4.80656423973711 36.8842673071455 70704.9260482797
-0.2137 -0.0653531612443566 0.0126377366658175 -4.88607730320057 36.8795770391766 70655.2085034756
-0.2138 0.030369374550589 0.0247214560233021 -4.87756940935524 36.8748867712077 70684.0027039954
-0.2139 0.0334087785992814 -0.0596737022918849 -4.86584398597933 36.8701965032389 70658.4431795509
-0.214 -0.031458340202811 0.0663904468665366 -4.85141790198263 36.86550623527 70680.4915717211
-0.2141 -0.0239942643500914 0.0440089651753277 -4.86457108749 36.8608159673011 70687.4736149625
-0.2142 0.0817537531180681 -0.144130371934283 -4.97478845625196 36.8561256993323 70644.3945518265
-0.2143 -0.0189059089229392 0.124242547154875 -4.88137522530172 36.8514354313634 70702.8861161942
-0.2144 -0.113102449102695 -0.0394057099456626 -5.02094410474473 36.8467451633946 70610.5730691064
-0.2145 0.202430500071745 -0.0392743566117437 -4.91006308023407 36.8420548954257 70712.8040166112
-0.2146 -0.123217094141812 -0.062228584561422 -5.02456435258944 36.8373646274568 70609.3905798298
-0.2147 0.0190703939869677 0.178858358156424 -4.92234087342446 36.832674359488 70724.9024994632
-0.2148 -0.0537664182556776 -0.14711832301674 -5.09166424639602 36.8279840915191 70604.2032231004
-0.2149 0.145701740191581 0.092525493230382 -4.96914681132349 36.8232938235502 70731.3024967933
-0.215 -0.172575840657793 -0.0850553010672951 -5.14892917878378 36.8186035555814 70564.6330444301
-0.2151 0.135414237027228 0.164527871697157 -4.95465176527503 36.8139132876125 70728.8524240305
-0.2152 -0.0642229464160309 -0.257451744264035 -5.20556601220467 36.8092230196437 70555.3896412356
-0.2153 0.140749054416145 0.195426997665058 -4.92683163778617 36.8045327516748 70747.8385189187
-0.2154 -0.159387966895083 -0.131867928523714 -5.20282949811963 36.7998424837059 70548.1514802525
-0.2155 0.125940110366999 0.124827933450005 -5.03848668534141 36.7951522157371 70711.3878330412
-0.2156 -0.0693464196096283 -0.163315447463577 -5.17791696204589 36.7904619477682 70561.7425503089
-0.2157 0.0618648630439824 0.102277048750645 -5.00870373217437 36.7857716797993 70682.6595767749
-0.2158 -0.095118946350306 -0.0279651434174902 -5.20295032478415 36.7810814118305 70580.4947362541
-0.2159 0.100069326686488 0.0037830830892718 -5.06703545432204 36.7763911438616 70638.5273401461
-0.216 -0.0751340971600926 -0.020866729102356 -5.14668685852778 36.7717008758927 70579.4925606299
-0.2161 0.0337125532886914 0.0736727844368331 -5.15093542080322 36.7670106079239 70644.157695271
-0.2162 0.00264445066575025 -0.0891528344613645 -5.14255666761343 36.762320339955 70600.2884797838
-0.2163 0.0601850489950051 0.0349519088395534 -5.12744367127639 36.7576300719861 70629.7788080275
-0.2164 -0.0566724227949314 -0.0174368725316259 -5.1840363784376 36.7529398040173 70583.138881488
-0.2165 -0.0401668870465124 0.0641898011406623 -5.15009977303967 36.7482495360484 70613.4635365284
-0.2166 0.0552742122259124 -0.103546181269414 -5.17288886162917 36.7435592680796 70600.0137979176
-0.2167 -0.002030121505821 0.0353177038260773 -5.13813019423984 36.7388690001107 70614.2558093474
-0.2168 -0.110791885105717 0.0539200099452001 -5.2514460078257 36.7341787321418 70578.9986562869
-0.2169 0.0606181254293244 -0.0605886247253657 -5.23405722885514 36.729488464173 70597.1543951704
-0.217 0.0333615288494589 0.0116916656549009 -5.20310608585003 36.7247981962041 70609.2235144309
-0.2171 -0.0600705674275792 0.0256209091533145 -5.29123724833465 36.7201079282352 70581.3404805081
-0.2172 0.0463592998446159 -0.0371058311924039 -5.24822907618841 36.7154176602664 70593.8865653482
-0.2173 0.0356157727038532 -0.0570278560174147 -5.31482174378324 36.7107273922975 70584.9919107077
-0.2174 -0.0611962213129378 0.0921743074160202 -5.25948515752197 36.7060371243286 70601.4914140288
-0.2175 0.0187638017308369 -0.0579265162070246 -5.29782173804477 36.7013468563598 70549.3972464238
-0.2176 0.068068833679981 0.00893377217856586 -5.27156244302437 36.6966565883909 70599.8846420149
-0.2177 -0.10293952394969 0.0182054304253635 -5.38282505162 36.6919663204221 70565.9051264657
-0.2178 0.102727351628052 0.039826461186116 -5.27478430593195 36.6872760524532 70633.8961017862
-0.2179 -0.0497292639688494 -0.126495966958933 -5.34479856405305 36.6825857844843 70545.8973940911
-0.218 0.0436381218523754 0.158128386678367 -5.2337984704283 36.6778955165155 70636.2862124357
-0.2181 -0.0984549802913882 -0.0832674731551008 -5.42148422285962 36.6732052485466 70506.7329630427
-0.2182 0.155020099749914 0.0642052149482212 -5.26667308278481 36.6685149805777 70634.5705825496
-0.2183 -0.096170694074932 -0.0393561877713237 -5.35305936531324 36.6638247126089 70550.0837144479
-0.2184 0.0297061153681597 0.142358681473305 -5.32351758676251 36.65913444464 70632.9839463485
-0.2185 -0.0189555372101899 -0.157733205237143 -5.45943675445875 36.6544441766711 70524.6430648129
-0.2186 0.0991958653657063 0.111890249698878 -5.29155832738045 36.6497539087023 70624.699039705
-0.2187 -0.125977511012529 -0.0324000225319142 -5.4417060547618 36.6450636407334 70510.5172447843
-0.2188 0.0915336907289668 0.0787250385584746 -5.349774039549 36.6403733727646 70605.070315933
-0.2189 0.00181274745501953 -0.127097559112372 -5.43367325297175 36.6356831047957 70542.6253882414
-0.219 0.0168018638946057 0.105872889267912 -5.36459823963892 36.6309928368268 70617.6293838945
-0.2191 -0.0619433518272685 -0.0462247581921446 -5.467927159438 36.626302568858 70545.4737122319
-0.2192 0.113604746817755 -0.00451489369871582 -5.41913619945617 36.6216123008891 70591.3027877679
-0.2193 -0.124655366510856 0.0145912795589323 -5.53438061592363 36.6169220329202 70518.6418566622
-0.2194 0.0788768852714599 0.066890928779948 -5.42309002044797 36.6122317649514 70603.0262994311
-0.2195 -0.00343929613725093 -0.155165657177777 -5.54103969178704 36.6075414969825 70509.8582702604
-0.2196 0.0245629582888276 0.131647521576421 -5.49162494072571 36.6028512290136 70588.7942307029
-0.2197 -0.0664807310301064 -0.0174362250464449 -5.64402759706712 36.5981609610448 70504.483847762
-0.2198 0.111123089062401 -0.0497902853056905 -5.51113471139814 36.5934706930759 70549.8409491948
-0.2199 -0.0508020766889177 -0.00631242948014083 -5.54793418012178 36.588780425107 70515.8075891926
-0.22 -0.0524558915770564 0.111204871917865 -5.52106606031655 36.5840901571382 70553.6833008635
-0.2201 0.0715140517275395 -0.0897239559618305 -5.57456458252142 36.5793998891693 70541.0612183248
-0.2202 -0.0188435948368216 0.00250139796355455 -5.59646075276102 36.5747096212005 70538.1122461827
-0.2203 -0.017378957960546 0.0549059815707101 -5.56499994924453 36.5700193532316 70556.386881628
-0.2204 -0.0943311787756027 -0.0310634324443319 -5.63755544642381 36.5653290852627 70495.7976919807
-0.2205 0.090990036989735 0.0268020208904564 -5.5994776631418 36.5606388172939 70559.8518041044
-0.2206 -0.0495879046658243 -0.113128389873179 -5.75398230749657 36.555948549325 70446.5531238677
-0.2207 0.0503714266382019 0.128152244306121 -5.60020770965167 36.5512582813561 70554.4000321797
-0.2208 -0.132768613539422 -0.0421123777279371 -5.71251445681275 36.5465680133873 70480.4081392991
-0.2209 0.142952398638971 0.0557499375129507 -5.59762300312802 36.5418777454184 70573.3793164695
-0.221 -0.11020705936535 -0.0831147772109044 -5.73221972481556 36.5371874774495 70463.7822527546
-0.2211 0.0403491960771539 0.179933022062365 -5.61958722863205 36.5324972094807 70569.2249671693
-0.2212 -0.0178817547919566 -0.196097657123194 -5.77240952138291 36.5278069415118 70445.7141782012
-0.2213 0.110841485994254 0.10617574136848 -5.56762853890786 36.523116673543 70575.883501573
-0.2214 -0.227415223680862 0.0621848546309866 -5.84038886010075 36.5184264055741 70461.9773248001
-0.2215 0.190175905966608 -0.0592733484144868 -5.70817032521984 36.5137361376052 70553.7238999461
-0.2216 -0.0226676849147801 -0.141149186696129 -5.84915877937048 36.5090458696364 70478.3114401667
-0.2217 -0.0110926216558173 0.212426258053828 -5.77237382276159 36.5043556016675 70551.881806441
-0.2218 -0.137743663952897 -0.163568246101639 -5.91200428151371 36.4996653336986 70399.5748718888
-0.2219 0.217567799473778 0.0634918006698907 -5.70537445512435 36.4949750657298 70576.593939679
-0.222 -0.197112464950239 -0.0824105503853076 -5.89074849546393 36.4902847977609 70418.0257161534
-0.2221 0.0826451691381663 0.154745060570589 -5.69851937613277 36.485594529792 70569.0264145163
-0.2222 -0.0539080230745291 -0.159508825927201 -5.9918556221919 36.4809042618232 70410.2182363599
-0.2223 0.0773321177869592 0.0811905126826426 -5.84746376463102 36.4762139938543 70524.4643098099
-0.2224 -0.165422998094198 -0.043460073870997 -5.97019393259758 36.4715237258854 70408.2792413379
-0.2225 0.1092795730949 0.053123717731895 -5.85400451406941 36.4668334579166 70515.6147176617
-0.2226 0.0176745486575958 -0.122711651304812 -6.00700995649223 36.4621431899477 70428.2171333629
-0.2227 -0.0193334362654189 0.0875358331913077 -5.98590267406809 36.4574529219789 70470.6477713593
-0.2228 -0.0629449729954724 -0.018205858940253 -5.96917834780534 36.45276265401 70443.8149907297
-0.2229 0.112870192326808 -0.0375692851195146 -5.92287412162004 36.4480723860411 70481.032089418
-0.223 -0.0694732528765474 0.0163235542261636 -5.98637330773477 36.4433821180723 70424.3499619141
-0.2231 0.0165640406497797 0.0434433512809922 -5.9086303716657 36.4386918501034 70481.5322911967
-0.2232 0.0441415774547789 -0.0547587274150827 -5.9874638144122 36.4340015821345 70444.5215391081
-0.2233 -0.0320232063576838 0.0821063591980948 -6.02444388329455 36.4293113141657 70461.6290723378
-0.2234 0.0296619670718947 -0.0340041145378287 -6.07719514965716 36.4246210461968 70449.8722914817
-0.2235 0.0123400349067807 -0.0133963353740722 -6.06404946943412 36.419930778228 70451.6953630751
-0.2236 -0.0406869010383271 0.0285477861173176 -6.05908910512918 36.4152405102591 70443.3116537131
-0.2237 -0.0228600155401657 0.0198350019637963 -6.144611528059 36.4105502422902 70419.7653886987
-0.2238 0.0860906920037733 -0.0509621626046235 -6.04585420503371 36.4058599743214 70457.3343721161
-0.2239 -0.135885030464006 0.0393666533113052 -6.17157051585433 36.4011697063525 70396.5602130561
-0.224 0.03089590851966 0.0498235552404941 -6.11826225986826 36.3964794383836 70455.2676369668
-0.2241 0.0452481420751171 -0.0827186807472284 -6.10789811347311 36.3917891704148 70436.6211204818
-0.2242 0.0047112207399402 0.0589984165482538 -6.05094468243218 36.3870989024459 70460.0206281772
-0.2243 -0.105997513866845 0.0659348841385533 -6.12074467606138 36.382408634477 70417.128314154
-0.2244 0.0787831799591393 -0.0454805878411741 -6.13259666168304 36.3777183665082 70444.0951678558
-0.2245 0.0363007496162674 -0.0466924700974657 -6.17467883988874 36.3730280985393 70421.7767094089
-0.2246 -0.1048487259208 0.126188867951079 -6.16729571427938 36.3683378305704 70437.2718087952
-0.2247 0.0929739569020196 -0.0762288538594509 -6.18952414445319 36.3636475626016 70445.0097476051
-0.2248 0.0234025670385464 -0.0492477544776755 -6.18545105405707 36.3589572946327 70428.9614690166
-0.2249 -0.0776192330058343 0.128015081280237 -6.18545613991332 36.3542670266638 70441.4014484444
-0.225 0.00666764469455723 -0.0896486012264172 -6.28893124316949 36.349576758695 70373.3682043405
-0.2251 0.110660631762777 0.0356580723966407 -6.21126548161127 36.3448864907261 70455.8147120439
-0.2252 -0.108014508779482 -0.0749118321977048 -6.30798219927424 36.3401962227573 70368.0709849171
-0.2253 0.0288366270352461 0.134462628190811 -6.22974087621963 36.3355059547884 70448.2733283502
-0.2254 0.0299479378289041 -0.178889265156566 -6.31312948621755 36.3308156868195 70369.1690059709
-0.2255 -0.0145412676488657 0.163803528391481 -6.24880897729613 36.3261254188507 70454.5304114182
-0.2256 -0.104970379764323 -0.0559943045681299 -6.36029615537381 36.3214351508818 70352.4490590061
-0.2257 0.185375929066146 -0.0122785982278028 -6.23998601662046 36.3167448829129 70444.3509677489
-0.2258 -0.145977839854912 -0.000910541678631078 -6.40888433344691 36.3120546149441 70359.8678471869
-0.2259 0.0330170614796226 0.136112425463047 -6.28332900627564 36.3073643469752 70454.5017517216
-0.226 -0.00380424563171368 -0.12762356204916 -6.4047954720302 36.3026740790064 70357.5990262808
-0.2261 0.0874417840921719 0.0828623478841888 -6.36247754922155 36.2979838110375 70441.297651147
-0.2262 -0.202261574978489 -0.0452910066117428 -6.55124969048624 36.2932935430686 70304.2385325095
-0.2263 0.138065627034436 0.0476701074026115 -6.37855278427933 36.2886032750998 70442.6799516519
-0.2264 -0.087402429321723 -0.164454833366564 -6.56412747453783 36.2839130071309 70306.1371776925
-0.2265 0.0814085381844069 0.156747292787252 -6.32819503058595 36.279222739162 70465.7029379057
-0.2266 -0.182631391010866 -0.0904998109409041 -6.55450469802058 36.2745324711932 70301.8797549779
-0.2267 0.231351981642645 0.0350723887073148 -6.35568696720064 36.2698422032243 70456.1416106544
-0.2268 -0.195046938169589 -0.0847474450097669 -6.57076436525537 36.2651519352554 70305.654025322
-0.2269 0.169594142115451 0.0674001296244909 -6.43314407246152 36.2604616672866 70443.0182434612
-0.227 -0.188621334124304 -0.0892468728488792 -6.67187420389927 36.2557713993177 70288.6581710883
-0.2271 0.133901103888778 0.167715113628122 -6.40695967929884 36.2510811313489 70475.670655677
-0.2272 -0.111842254101343 -0.199120689445221 -6.69265518854535 36.24639086338 70280.7322132886
-0.2273 0.13715852399006 0.187453305775889 -6.52416296625826 36.2417005954111 70455.0709540021
-0.2274 -0.181712313598887 -0.184826903945328 -6.79623201741256 36.2370103274423 70240.1206821486
-0.2275 0.250151376030201 0.188849919048001 -6.50353288324311 36.2323200594734 70473.5267243575
-0.2276 -0.256512976751306 -0.209848376806722 -6.78011262598931 36.2276297915045 70212.5315785226
-0.2277 0.191770354965193 0.262404576570758 -6.48057813624803 36.2229395235357 70491.8085246273
-0.2278 -0.164806334140492 -0.309540005623589 -6.86592082816346 36.2182492555668 70204.2083719679
-0.2279 0.203050299564528 0.231895263305795 -6.4805731515429 36.2135589875979 70489.1570901149
-0.228 -0.294266124386588 -0.170257459372903 -6.86264738431148 36.2088687196291 70202.5806036719
-0.2281 0.270633629488213 0.167479688595992 -6.51398303608463 36.2041784516602 70473.517651837
-0.2282 -0.222478691750433 -0.18763290467576 -6.85938277966269 36.1994881836913 70217.5860085233
-0.2283 0.172040012785794 0.201498032045092 -6.64358540872557 36.1947979157225 70444.9230357402
-0.2284 -0.144192136616855 -0.164792691013665 -6.90015445630236 36.1901076477536 70246.9679464938
-0.2285 0.138552225915941 0.111182434983125 -6.72495028419906 36.1854173797848 70391.5265374668
-0.2286 -0.112008244359495 -0.0894072552386224 -6.91680046079843 36.1807271118159 70270.9130545966
-0.2287 0.0700277298706666 0.0947134789898499 -6.73229872979926 36.176036843847 70370.6375756883
-0.2288 0.0153027136397555 -0.121928286514532 -6.8192554680229 36.1713465758782 70285.8148615123
-0.2289 -0.0235412022577397 0.135527428915162 -6.73772158939615 36.1666563079093 70369.853753741
-0.229 -0.103531017709204 -0.0418744050553015 -6.88111207134687 36.1619660399404 70288.6642374934
-0.2291 0.169611245596681 -0.0200751513313782 -6.75116706098112 36.1572757719716 70374.3838155944
-0.2292 -0.104047749614292 -0.0649031603198057 -6.91060938396279 36.1525855040027 70269.8453132302
-0.2293 0.0225418402265326 0.176804254817431 -6.78788025607652 36.1478952360338 70368.5052255943
-0.2294 -0.0391639697927207 -0.136795252241718 -6.92747907527469 36.143204968065 70271.9598429143
-0.2295 0.152539740902596 0.035918663874306 -6.85343443002885 36.1385147000961 70344.5401991008
-0.2296 -0.148884412069885 0.0487925993567238 -7.01545000126814 36.1338244321273 70266.6690271047
-0.2297 0.101068583970162 0.0430716780580643 -6.90129248357914 36.1291341641584 70354.4310691132
-0.2298 0.0155022914054951 -0.109440046928735 -6.98557203514924 36.1244438961895 70269.0129378803
-0.2299 -0.0301769137048653 0.118164699250328 -6.86268299154946 36.1197536282207 70328.2394049505
-0.23 -0.00323955490682582 -0.119256087063389 -6.94250770507544 36.1150633602518 70274.8050918581
-0.2301 0.0612987024216014 0.0594192017663817 -6.86268468416357 36.1103730922829 70353.0808812069
-0.2302 -0.140402181179139 0.00648411685566164 -7.01374127734416 36.1056828243141 70268.2556813622
-0.2303 0.11786492501333 -0.00154215845423492 -6.95530520859636 36.1009925563452 70346.8708310259
-0.2304 -0.0108640671333322 -0.0349548619030355 -7.03284979128354 36.0963022883763 70263.9024747443
-0.2305 -0.0153076436725752 0.0516770998094537 -7.02501342396888 36.0916120204075 70289.6792137204
-0.2306 0.0170478147164738 0.00282037437959121 -7.02013221365365 36.0869217524386 70286.5788645739
-0.2307 -0.02652128724576 0.027433996911808 -6.98062712822778 36.0822314844697 70300.3403982022
-0.2308 0.046622878678445 -0.00724139106491654 -7.04982593494439 36.0775412165009 70293.8183197739
-0.2309 -0.0501835299334489 0.00509228731427188 -7.09812500660662 36.072850948532 70261.524208772
-0.231 0.0168248664092171 0.0966619383360399 -6.99231145507395 36.0681606805632 70324.7580713286
-0.2311 -0.0568109939968828 -0.0993524065163852 -7.14663145836831 36.0634704125943 70212.866978935
-0.2312 0.0806043657196416 0.0618661423571856 -7.0477112378153 36.0587801446254 70308.4265549265
-0.2313 -0.0832921364039946 -0.0696211469888316 -7.19669740079951 36.0540898766566 70214.1872402904
-0.2314 0.11365252086849 0.0677787690728452 -7.09660306453381 36.0493996086877 70317.4342483114
-0.2315 -0.13133467426963 -0.0425248814580393 -7.23157008536719 36.0447093407188 70218.4899732301
-0.2316 0.120246236761713 0.107027968565938 -7.10376587818945 36.04001907275 70325.3857744451
-0.2317 -0.057401448149258 -0.162596548068172 -7.29731107361946 36.0353288047811 70193.2294179178
-0.2318 0.0515260026207404 0.116627809200399 -7.15740697436423 36.0306385368122 70310.0590998993
-0.2319 -0.156540022585502 0.00546102289309539 -7.2507442801173 36.0259482688434 70198.9689559654
-0.232 0.193821028087726 0.00724084658018086 -7.09839712089875 36.0212580008745 70309.9372936925
-0.2321 -0.128638931288162 -0.128815363162053 -7.31907412279805 36.0165677329057 70170.8127019917
-0.2322 0.014237682815459 0.174578270138866 -7.18970122696546 36.0118774649368 70310.3199716761
-0.2323 -0.0635490519745091 -0.145282711426274 -7.36705520086843 36.0071871969679 70186.6305015882
-0.2324 0.129438836177019 0.0593376601193969 -7.20830298055435 36.0024969289991 70306.5884030471
-0.2325 -0.148666272083623 -0.0183773384892029 -7.35657465136079 35.9978066610302 70196.4310597525
-0.2326 0.0753140627612237 0.105191865398258 -7.24670377376677 35.9931163930613 70293.2953313996
-0.2327 -0.0125204584325099 -0.190630393455331 -7.39754481905196 35.9884261250925 70169.406897188
-0.2328 0.0533646465361606 0.188546830477969 -7.25953271146079 35.9837358571236 70307.9639764937
-0.2329 -0.180431795558699 -0.105016501375683 -7.4329357677809 35.9790455891547 70163.5351459997
-0.233 0.221857670885197 0.0649738301421258 -7.23568441516053 35.9743553211859 70313.0662108388
-0.2331 -0.193019492015332 -0.081068234848081 -7.52962849633569 35.969665053217 70137.9286231203
-0.2332 0.0881149404365596 0.16653666402157 -7.27006472971884 35.9649747852482 70300.6752992444
-0.2333 -0.0692622754609029 -0.199167780633465 -7.48024763346948 35.9602845172793 70150.7227817363
-0.2334 0.124292808949351 0.152722135508939 -7.26461246068718 35.9555942493104 70318.853143772
-0.2335 -0.184957367893674 -0.081209105527526 -7.51936397371222 35.9509039813416 70155.5020203948
-0.2336 0.133936243842487 0.108174990578216 -7.31686388442589 35.9462137133727 70298.4424704642
-0.2337 -0.0716038358500619 -0.134041694128007 -7.52146280545477 35.9415234454038 70154.676404144
-0.2338 0.0163601268820343 0.148217622622191 -7.4412094416107 35.936833177435 70257.0981426447
-0.2339 -0.0738988831126197 -0.130022001546974 -7.64311341843134 35.9321429094661 70131.5030310034
-0.234 0.12463333686232 0.0642047936131778 -7.42733803987152 35.9274526414972 70273.7847631779
-0.2341 -0.173350560460637 -0.0794313799562097 -7.58413092061869 35.9227623735284 70133.3309488976
-0.2342 0.107828474261753 0.135277680566152 -7.40401634128352 35.9180721055595 70285.4178331691
-0.2343 -0.0441629338661267 -0.158596488805883 -7.60070174257781 35.9133818375906 70142.7455331722
-0.2344 0.0416346341598484 0.161965133901309 -7.42206991449012 35.9086915696218 70269.5783920631
-0.2345 -0.150035835847965 -0.043795024880551 -7.57541016783615 35.9040013016529 70146.074244502
-0.2346 0.150769525527563 0.027800307201018 -7.43659238096058 35.8993110336841 70253.4901972064
-0.2347 -0.113424617009673 -0.0448863519183573 -7.60824166950642 35.8946207657152 70141.5031455511
-0.2348 0.0577186322423919 0.0865153944568623 -7.54783101621607 35.8899304977463 70237.5085805712
-0.2349 0.0215128880395723 -0.077046886993174 -7.61660032457322 35.8852402297775 70176.0100063475
-0.235 0.015516336406692 0.0652001694769853 -7.52197458501254 35.8805499618086 70216.6969590004
-0.2351 -0.0621398263236359 0.0158894456412908 -7.63032284594946 35.8758596938397 70165.8061425042
-0.2352 0.0639842943824668 0.0123314902569551 -7.55758608043113 35.8711694258709 70213.9940330677
-0.2353 0.00162596562892314 -0.0825004186948777 -7.63161468371422 35.866479157902 70180.7752724377
-0.2354 -0.0111010765678342 0.0831979243110426 -7.61356745761455 35.8617888899332 70209.4146695837
-0.2355 -0.0663131165144218 0.0104232800843926 -7.71176535522701 35.8570986219643 70156.5838994892
-0.2356 0.140192528813251 -0.0780193308398478 -7.68373460253755 35.8524083539954 70192.8400927224
-0.2357 -0.082568002039327 0.0586851824596042 -7.67383030766993 35.8477180860266 70170.6801152989
-0.2358 -0.0222106618315056 0.0831220399768166 -7.69863999655126 35.8430278180577 70174.9023653632
-0.2359 0.130495887881563 -0.148358442492781 -7.76031222411106 35.8383375500888 70153.5739900633
-0.236 -0.0196134216671074 0.0703337491290111 -7.75370537293305 35.83364728212 70183.5272085754
-0.2361 -0.0981755143542901 0.0414579830504118 -7.81547403445143 35.8289570141511 70152.2845227526
-0.2362 0.13755954776427 -0.0278348234908868 -7.7620779224538 35.8242667461822 70188.4065326403
-0.2363 -0.0530725852339894 -0.0169636896958948 -7.85545351438641 35.8195764782134 70134.4068855087
-0.2364 0.05221369159276 0.120348381238054 -7.74750166877337 35.8148862102445 70196.7098812681
-0.2365 -0.0845906724527682 -0.160962948629089 -7.94378006334826 35.8101959422756 70099.1794617765
-0.2366 0.111969666811962 0.0959597275583996 -7.75798958866135 35.8055056743068 70221.7746419628
-0.2367 -0.118034494538807 -0.0581133619705831 -7.90769386388936 35.8008154063379 70115.5233053568
-0.2368 0.0471212427566555 0.0330074401039783 -7.83933213334597 35.796125138369 70182.6710086718
-0.2369 -0.0859123585572567 -0.0503000636173549 -7.94245040330148 35.7914348704002 70107.3890629557
-0.237 0.0605046222387935 0.0364450244332127 -7.83011602469888 35.7867446024313 70185.8584753288
-0.2371 -0.0774843615783914 -0.0689708345417318 -8.00703739383481 35.7820543344625 70088.9549716496
-0.2372 0.0788112979721689 0.0382007638527227 -7.9174209444373 35.7773640664936 70181.9544624331
-0.2373 -0.0831480236930192 -0.0192362830941938 -8.02737574424926 35.7726737985247 70117.6361850623
-0.2374 0.081585258130912 0.0219311952327943 -7.95729812130637 35.7679835305559 70177.5100600962
-0.2375 -0.072061219132253 -0.00501047093718662 -8.02921142939228 35.763293262587 70106.9063216141
-0.2376 0.0361420094058251 0.0739424251981088 -7.92226283486673 35.7586029946181 70178.4461303787
-0.2377 -0.0485477177057652 -0.0819672867878374 -8.02507099400609 35.7539127266493 70088.2292845637
-0.2378 0.0604799796257387 0.0431460257948105 -7.91674943919848 35.7492224586804 70169.2810821712
-0.2379 -0.0644947426088519 -0.00367722626777279 -7.98654768688883 35.7445321907116 70128.5217886579
-0.238 0.0577288704885491 0.0130725650919662 -7.91068291440117 35.7398419227427 70178.534623378
-0.2381 -0.0104352461391708 -0.0652541772518394 -8.00903125710122 35.7351516547738 70117.1047131102
-0.2382 -0.0602652453611368 0.0994435627356682 -7.98595274609643 35.730461386805 70143.811436903
-0.2383 0.0645026953326745 -0.0770873683033144 -8.02354294651807 35.7257711188361 70126.1090211618
-0.2384 0.0108946089281059 -0.023671944863908 -8.08207874602636 35.7210808508672 70117.3811336733
-0.2385 -0.0470921853184257 0.0616087924825373 -8.08446641227672 35.7163905828984 70128.4026929377
-0.2386 -0.0239192546321105 -0.0201535150664445 -8.05286279859089 35.7117003149295 70115.9307786998
-0.2387 0.0766024649395353 -0.0365307043872993 -8.05231245888956 35.7070100469606 70142.83566935
-0.2388 -0.0909363750076063 0.0198845615388804 -8.09886409839196 35.7023197789918 70100.775412606
-0.2389 0.0149972063172822 -0.0140050520261058 -8.07993719942029 35.6976295110229 70122.4644492124
-0.239 0.0144667409167508 0.000135842212795636 -8.06958610082581 35.692939243054 70139.7622390747
-0.2391 -0.03717234501059 0.0123267111396094 -8.12784906819015 35.6882489750852 70114.6730844407
-0.2392 0.0354049976287476 0.00717676939536522 -8.12789552738515 35.6835587071163 70132.0145346595
-0.2393 -0.0055959789734875 -0.0496530912063952 -8.19797135456501 35.6788684391475 70094.2921932588
-0.2394 -0.0744038979990628 0.0286137609366091 -8.20526884153334 35.6741781711786 70087.2706044975
-0.2395 0.0726248619304199 -0.0280683893255407 -8.1737132316614 35.6694879032097 70126.8476303538
-0.2396 -0.108360408019376 0.0111914267988696 -8.24962047878052 35.6647976352409 70066.4235045265
-0.2397 0.0723515836769029 0.0367349570053606 -8.19730334696113 35.660107367272 70120.4173494539
-0.2398 -0.0105156887258381 -0.0596072963228921 -8.24953332011097 35.6554170993031 70077.1039153657
-0.2399 0.0895077660084079 0.00485853623265031 -8.22645740788377 35.6507268313343 70121.1045158902
-0.24 -0.127815785517849 -0.00801410489257875 -8.35741649638812 35.6460365633654 70051.6623139097
-0.2401 0.110504881068161 0.0327715207897192 -8.24106592320434 35.6413462953965 70128.35160793
-0.2402 0.0243377185007938 -0.0697113651384886 -8.32501613440645 35.6366560274277 70063.2419724277
-0.2403 -0.0120685021530023 0.0812521892986741 -8.21103825009932 35.6319657594588 70113.4729494053
-0.2404 -0.0562244192931664 -0.0236783647598328 -8.2704922670261 35.62727549149 70076.4089153457
-0.2405 0.0683239710516002 0.0178287342772823 -8.25630308852569 35.6225852235211 70120.1854469608
-0.2406 -0.0357275947582766 -0.000513922563907537 -8.39333684414455 35.6178949555522 70075.6332612013
-0.2407 0.00849646552233876 -0.0196148197509455 -8.33372972691496 35.6132046875834 70093.5230693864
-0.2408 -0.0220970994636539 -0.0115359362828186 -8.42698908213482 35.6085144196145 70067.3429788346
-0.2409 0.0427230089723888 0.0120187621419248 -8.34249318942541 35.6038241516456 70108.3391024154
-0.241 -0.0329770795169105 -0.0269345799896486 -8.3953120277956 35.5991338836768 70065.9550687652
-0.2411 0.020312405077157 -0.0738593762434275 -8.39560957679009 35.5944436157079 70062.8333872574
-0.2412 -0.0433347687218553 0.112980664469732 -8.34331808545558 35.589753347739 70115.6115383159
-0.2413 -0.0257204605876127 -0.0451870473934167 -8.43189860535183 35.5850630797702 70057.4778196937
-0.2414 0.0618006279422593 -0.00807318324800346 -8.38841543047654 35.5803728118013 70094.4764508002
-0.2415 -0.038842170382963 -0.0125250965696577 -8.48681387013511 35.5756825438324 70057.0386760074
-0.2416 0.00580617273212948 0.104469490188178 -8.40987640771365 35.5709922758636 70095.1049938326
-0.2417 -0.0340686379357803 -0.0783910323519457 -8.52949554806475 35.5663020078947 70021.5230788298
-0.2418 0.0757467385255557 0.0450740206075248 -8.45805936718083 35.5616117399259 70117.6472634993
-0.2419 -0.125617524940238 0.00168971865170979 -8.54221031285977 35.556921471957 70040.3084099925
-0.242 0.103280875737783 -0.0152048260723767 -8.41669313529869 35.5522312039881 70108.3264913623
-0.2421 0.0250354765177563 -0.038104287929537 -8.50193636182289 35.5475409360193 70065.5848569876
-0.2422 -0.0628456975854647 0.0893108732723499 -8.530812558396 35.5428506680504 70066.5975104869
-0.2423 0.0188850156998415 -0.0437333633025833 -8.6135544781514 35.5381604000815 70044.8712562068
-0.2424 0.0699951324386275 -0.0643204644227673 -8.64118335447485 35.5334701321127 70033.1050690295
-0.2425 -0.0608967563151206 0.0407314329284812 -8.65406619012294 35.5287798641438 70045.8685773081
-0.2426 -0.0653906715269535 0.0304920770077846 -8.62504578930613 35.5240895961749 70053.3949604994
-0.2427 0.0862829666294863 -0.0859302443659973 -8.6595530055919 35.5193993282061 70053.568465086
-0.2428 -0.00691929666814306 0.0358055194687488 -8.66057377675973 35.5147090602372 70042.7924450217
-0.2429 -0.0567058407369344 0.0315750370016464 -8.70409273916962 35.5100187922684 70032.0755692284
-0.243 0.0544937613349351 -0.03761134473769 -8.76124533020801 35.5053285242995 70030.9258340066
-0.2431 -0.0331051913681514 0.0480604651120463 -8.71111421148985 35.5006382563306 70052.7712192551
-0.2432 -0.00246798255861473 -0.0239429698494197 -8.77880014432684 35.4959479883618 70029.0542544291
-0.2433 -0.00441772453689428 0.0318327861009372 -8.78683449383981 35.4912577203929 70041.2680999832
-0.2434 0.00827968421541456 -0.0362574219262879 -8.80415334762346 35.486567452424 70022.1851135207
-0.2435 0.0517575506977575 0.0038929772661174 -8.7067711810074 35.4818771844552 70051.1238058687
-0.2436 -0.126979651187127 -0.00821771942264738 -8.81047734765209 35.4771869164863 69993.5155887721
-0.2437 0.16201471795421 -0.00127122376961574 -8.72349655722298 35.4724966485174 70086.8411494021
-0.2438 -0.151371701588498 -0.0702863515104272 -8.88838634679357 35.4678063805486 69968.5179932644
-0.2439 0.101929805036904 0.151689382788061 -8.74252793412308 35.4631161125797 70088.8431680116
-0.244 -0.0798643411841164 -0.17024536632863 -8.90517606566285 35.4584258446109 69943.8863390904
-0.2441 0.142263093233498 0.120593021920096 -8.6943854079513 35.453735576642 70095.1964208828
-0.2442 -0.201558807364214 -0.12758261139786 -8.88743412119866 35.4490453086731 69933.9805999243
-0.2443 0.149470295223004 0.174376897071329 -8.65469544908856 35.4443550407043 70112.9786828836
-0.2444 -0.0688045364181773 -0.224948537471473 -8.88053464976903 35.4396647727354 69943.0008692287
-0.2445 0.104383427078665 0.186588070710674 -8.67947691173539 35.4349745047665 70105.4579414317
-0.2446 -0.118625329949848 -0.11304102462466 -8.80564777970364 35.4302842367977 69969.6508241483
-0.2447 0.112582944112643 0.0641311500317801 -8.6728242084603 35.4255939688288 70099.4907262868
-0.2448 -0.124493263294968 -0.0679542785794376 -8.77714947343193 35.4209037008599 69992.317847459
-0.2449 0.0847573184056157 0.122856066748427 -8.67278575427114 35.4162134328911 70098.1782417292
-0.245 -0.107897327700018 -0.138306375126974 -8.91175541243226 35.4115231649222 69944.1047198099
-0.2451 0.155962227891244 0.103051331376831 -8.68377818930683 35.4068328969533 70092.4491685482
-0.2452 -0.169085345567069 -0.00231910873888307 -8.88125269065211 35.4021426289845 69977.3921557387
-0.2453 0.174337409183565 -0.00259094094873078 -8.72058340136079 35.3974523610156 70091.5749838274
-0.2454 -0.120537943619235 -0.11265341417529 -8.85786319843651 35.3927620930468 69972.080987191
-0.2455 0.0258075847012817 0.228972364517601 -8.70945424919327 35.3880718250779 70099.8707500916
-0.2456 -0.0995681625119329 -0.227082071388216 -8.9407525599603 35.383381557109 69920.9648542645
-0.2457 0.219159468016483 0.129754912295616 -8.69617400771563 35.3786912891402 70137.9335287783
-0.2458 -0.27612819849486 -0.0739433311571852 -8.9348178743602 35.3740010211713 69940.0440607986
-0.2459 0.19510709355751 0.172046281487387 -8.73138437151458 35.3693107532024 70128.183460159
-0.246 -0.0832346531331961 -0.230330586436561 -8.95970359112453 35.3646204852336 69937.1788042001
-0.2461 0.151494629279901 0.150271029401487 -8.73644802106938 35.3599302172647 70110.0358547809
-0.2462 -0.198074334308682 -0.0983759640728243 -9.0437873568483 35.3552399492959 69939.8437629005
-0.2463 0.184580739864095 0.129657681953648 -8.76334908148008 35.350549681327 70127.5463134391
-0.2464 -0.0740766334429524 -0.191994692679923 -8.96561122125551 35.3458594133581 69965.852342522
-0.2465 0.0459104532291733 0.199232138914106 -8.76031819161053 35.3411691453893 70101.6278091882
-0.2466 -0.0797290721819943 -0.175724682245484 -8.98930307270705 35.3364788774204 69946.7892039577
-0.2467 0.125520219344067 0.151211444802737 -8.81451687323175 35.3317886094515 70088.8894889088
-0.2468 -0.16028614512587 -0.0911627605350024 -9.01533773179488 35.3270983414827 69951.7588179725
-0.2469 0.148372084893844 0.0507019965765685 -8.86169874173041 35.3224080735138 70091.7639137017
-0.247 -0.141568480018526 -0.0857115432647266 -8.93660240825377 35.3177178055449 69962.1583944156
-0.2471 0.0472827640306227 0.120155388694759 -8.77252569937462 35.3130275375761 70083.1509131145
-0.2472 -0.00307263942931934 -0.151898691766887 -8.8707431509795 35.3083372696072 69991.344118047
-0.2473 -0.00811294311337875 0.120876491532889 -8.83551031354722 35.3036470016383 70066.7572426873
-0.2474 -0.0105607048153564 -0.114529728771922 -8.8989098696095 35.2989567336695 69993.190112762
-0.2475 0.129981584398381 0.064562946733379 -8.78429732053923 35.2942664657006 70098.7287407558
-0.2476 -0.119855142970518 -0.0728738169106785 -8.94120060427908 35.2895761977318 69972.7782201612
-0.2477 0.0902420119542302 0.072891188688388 -8.77535344376323 35.2848859297629 70084.5331673561
-0.2478 -0.0731375927263357 -0.0939856110636907 -8.91943719519227 35.280195661794 69978.2943065288
-0.2479 0.0855248282720536 0.148484766768136 -8.78364465267574 35.2755053938252 70085.8808113967
-0.248 -0.0934108394074641 -0.158269137469059 -8.98210032936419 35.2708151258563 69957.7398859673
-0.2481 0.110640272013287 0.11111626568417 -8.71833918172749 35.2661248578874 70117.0094415238
-0.2482 -0.145498571889162 -0.0847904209177344 -8.95469797017328 35.2614345899186 69971.1706392006
-0.2483 0.15325508369174 0.0640380119499054 -8.79428272316445 35.2567443219497 70095.4391678173
-0.2484 -0.171342488684047 -0.0905532072390328 -8.95227822907682 35.2520540539808 69957.4687052756
-0.2485 0.152005189306854 0.076838871435437 -8.78136099032857 35.247363786012 70100.0762124052
-0.2486 -0.144539960541469 -0.109723482653655 -8.99681338161437 35.2426735180431 69950.9455585741
-0.2487 0.109678692404685 0.126325603351965 -8.75461665271797 35.2379832500743 70113.524747036
-0.2488 -0.0652622859311142 -0.117831465819975 -8.96686312196725 35.2332929821054 69977.9309418564
-0.2489 0.0717573348827076 0.158886275211633 -8.81251415425517 35.2286027141365 70095.6186221756
-0.249 -0.0181702015872299 -0.102856024831147 -8.96040743474087 35.2239124461677 69971.8254207377
-0.2491 0.0389279839000657 0.127155219938636 -8.81108556617025 35.2192221781988 70081.6212762947
-0.2492 -0.049852058083959 -0.140872540230177 -9.00237166540031 35.2145319102299 69977.0459530366
-0.2493 0.0750923918040597 0.124276810428582 -8.81671186711873 35.2098416422611 70101.0597419864
-0.2494 -0.14299162445687 -0.0149546890206623 -9.00112117291591 35.2051513742922 69981.8043350816
-0.2495 0.192036567142152 -0.0174803162282859 -8.86857007961857 35.2004611063233 70077.6166629378
-0.2496 -0.135749684782104 -0.0600965745901446 -9.05542842145057 35.1957708383545 69951.3076821234
-0.2497 0.0409814123650858 0.197556402158686 -8.86063148238443 35.1910805703856 70090.6097132186
-0.2498 -0.0111826903996297 -0.183055330808133 -9.00855029912425 35.1863903024168 69976.0769725182
-0.2499 0.0745791704708792 0.0684518069632034 -8.88786551910139 35.1817000344479 70081.8460930323
-0.25 -0.134838766552614 -0.0199020820215828 -9.01078549360642 35.177009766479 69991.4158480126
-0.2501 0.100804516752533 0.0369652793095056 -8.90769255281345 35.1723194985102 70067.7996603037
-0.2502 -0.0237757299563119 -0.0875654732792468 -9.01688296779813 35.1676292305413 69995.0010031561
-0.2503 -0.0131923966014406 0.150902046012501 -8.94568271779301 35.1629389625724 70052.6431246883
-0.2504 -0.0541361509725024 -0.130760201183192 -9.04269340370322 35.1582486946036 69971.6046253734
-0.2505 0.128545927488605 0.0468232397340405 -8.79242580584311 35.1535584266347 70100.5386902654
-0.2506 -0.135384481581197 -0.0733585013058708 -8.91019011319202 35.1488681586658 70006.272323994
-0.2507 0.0528008931869261 0.101344356419397 -8.77760662916251 35.144177890697 70104.128752948
-0.2508 -0.0241447500974669 -0.151787890519047 -8.94235961427535 35.1394876227281 69996.7072302835
-0.2509 0.0920185771898078 0.12011477701735 -8.78529420774118 35.1347973547592 70110.1808195555
-0.251 -0.151503827885591 -0.0937582948479799 -8.98996751931323 35.1301070867904 69977.9847796472
-0.2511 0.130372545494786 0.040409681076386 -8.83210650210007 35.1254168188215 70100.3515608648
-0.2512 -0.0668242796375104 -0.0762330159607524 -8.87789289063078 35.1207265508527 70017.1722715398
-0.2513 0.0245116550615284 0.122992597975105 -8.6845504881195 35.1160362828838 70124.4071142872
-0.2514 -0.0465581517895922 -0.0991764140386774 -8.84105311499148 35.1113460149149 70015.0845324439
-0.2515 0.0869847156978933 0.051594950166222 -8.77598891766822 35.1066557469461 70100.261155186
-0.2516 -0.0894022119658289 -0.0628653756833181 -8.8995310768296 35.1019654789772 70011.8019199679
-0.2517 0.0907188615166642 0.0892106555700265 -8.70643187040415 35.0972752110083 70139.5799136513
-0.2518 -0.0472945345879931 -0.14969503427817 -8.83176806944444 35.0925849430395 70029.7319035238
-0.2519 0.0796010701038015 0.136181182024244 -8.64424243391216 35.0878946750706 70156.8394372912
-0.252 -0.186836908283396 -0.0402370892072524 -8.78131970552771 35.0832044071017 70040.3905111058
-0.2521 0.199276385144559 0.0424777360602274 -8.53606920476432 35.0785141391329 70163.3233541779
-0.2522 -0.113076228038971 -0.0405938456882911 -8.627806350945 35.073823871164 70069.2663381268
-0.2523 0.0562458049492169 0.110232048166198 -8.50175134092472 35.0691336031952 70173.1970980868
-0.2524 -0.0631323038854284 -0.0956833201131169 -8.58790575916199 35.0644433352263 70089.8176908909
-0.2525 0.158331388241024 0.101439466385575 -8.41840806910556 35.0597530672574 70204.3291565993
-0.2526 -0.164606994149775 -0.029576704747064 -8.54511781951187 35.0550627992886 70076.2763013196
-0.2527 0.130063022937442 0.0778649151981155 -8.24016074046043 35.0503725313197 70218.9211972564
-0.2528 -0.068997853911876 -0.16930337055083 -8.48361343353429 35.0456822633508 70074.3001841487
-0.2529 0.0884226841993575 0.101736886220599 -8.21934417408324 35.040991995382 70214.1805082355
-0.253 -0.182244335306262 0.0274091561919589 -8.31088629360141 35.0363017274131 70120.7505638649
-0.2531 0.163603051965483 0.0489526538343641 -8.11401037411881 35.0316114594442 70226.9142217689
-0.2532 -0.0804881217325276 -0.155354898841011 -8.21550504406945 35.0269211914754 70120.5025756558
-0.2533 0.0545245898964819 0.252359814759563 -8.03588046881153 35.0222309235065 70283.007015826
-0.2534 -0.159493335079213 -0.230304301695633 -8.2728230029482 35.0175406555377 70082.3805987606
-0.2535 0.267126698938714 0.11667154724956 -7.89916640074756 35.0128503875688 70324.6828769158
-0.2536 -0.26292208298131 -0.180503762420975 -8.19897400290661 35.0081601195999 70062.3020394364
-0.2537 0.155313304294627 0.19583020803542 -7.91656610976914 35.0034698516311 70303.1159383777
-0.2538 -0.175967201263501 -0.188791732864917 -8.12012930329563 34.9987795836622 70114.9088311535
-0.2539 0.156068160327129 0.13293740526909 -7.89528583814599 34.9940893156933 70297.2436607382
-0.254 -0.151559387237743 -0.10361229204624 -8.01512118837534 34.9893990477245 70150.0479248782
-0.2541 0.117315181290473 0.094061691273647 -7.86861803850974 34.9847087797556 70271.529581767
-0.2542 -0.0603471478694023 -0.0843818015158751 -7.9842609186586 34.9800185117867 70174.7825477793
-0.2543 0.0709752464451218 0.0848366830133509 -7.9666755531359 34.9753282438179 70243.9563929128
-0.2544 -0.133300820469393 -0.044490932561565 -8.04869460917583 34.970637975849 70169.7951784639
-0.2545 0.131637893440033 -0.00587842962856234 -7.93864625847154 34.9659477078801 70262.7245755362
-0.2546 -0.0955159826010077 -0.0808321891520953 -8.00246962152154 34.9612574399113 70178.3357589931
-0.2547 0.0148574298279721 0.138442908048731 -7.76406512457864 34.9565671719424 70303.7688396095
-0.2548 0.0482930083425375 -0.112784506177456 -7.87100346497036 34.9518769039736 70216.9142534823
-0.2549 0.00268826325791858 0.0616272112273368 -7.72885375987574 34.9471866360047 70278.1848977559
-0.255 -0.0316121699652301 -0.00459954876292745 -7.68207049318747 34.9424963680358 70268.2654388563
-0.2551 0.0513998188175637 -0.0138362179663871 -7.6230292412007 34.937806100067 70312.3410371266
-0.2552 -0.021414741970913 -0.0561232567979322 -7.5645882429787 34.9331158320981 70297.7581802706
-0.2553 0.0422780525655261 0.0460738097967436 -7.46505157926308 34.9284255641292 70353.4608258176
-0.2554 -0.102384530196221 -0.0025381394800317 -7.43402030276884 34.9237352961604 70311.6535751842
-0.2555 0.023601344524877 0.101219546736906 -7.27335142882057 34.9190450281915 70390.4492059808
-0.2556 0.0755279113175143 -0.189337076953331 -7.34407550690305 34.9143547602227 70319.6177201636
-0.2557 -0.0490406570100724 0.15413370487168 -7.18604122338409 34.9096644922538 70406.8998559969
-0.2558 -0.111533555857277 0.00624393897756662 -7.16243124199267 34.9049742242849 70370.8779765079
-0.2559 0.197143808079652 -0.0431430178473285 -6.91201018079078 34.9002839563161 70479.16567712
-0.256 -0.107521896135525 -0.099713401655109 -7.05084936209706 34.8955936883472 70357.8001388148
-0.2561 -0.0190480993070294 0.21871709266152 -6.90178924468003 34.8909034203783 70475.380602903
-0.2562 0.086528049923242 -0.237401846980006 -7.04845220750479 34.8862131524095 70368.4014908088
-0.2563 0.0750951536137216 0.114870381308513 -6.86367478392393 34.8815228844406 70471.0517112761
-0.2564 -0.111955631827163 -0.00983752748006287 -6.88231124315424 34.8768326164717 70395.1046659704
-0.2565 0.0940012409806253 0.0359876902220885 -6.81169257633712 34.8721423485029 70451.816937988
-0.2566 0.0283929748206311 -0.111300728253543 -6.81059319922981 34.867452080534 70417.1736257839
-0.2567 -0.0300623377597424 0.146828515974199 -6.72159967179164 34.8627618125651 70471.101338345
-0.2568 0.0535814829100217 -0.0780495727244502 -6.74820691664254 34.8580715445963 70439.536191283
-0.2569 0.00146226300737384 0.0111375454279725 -6.69701123399729 34.8533812766274 70467.0607427513
-0.257 -0.00899918558654319 0.0558342105851028 -6.6582220058045 34.8486910086585 70470.265168475
-0.2571 -0.014120556048338 -0.0899827472554605 -6.66545054136012 34.8440007406897 70433.4274838769
-0.2572 0.0713638777779279 0.0517354340947203 -6.63785650847461 34.8393104727208 70472.123534023
-0.2573 -0.0572095784824197 0.0169182062756064 -6.6203557601086 34.834620204752 70437.1950936077
-0.2574 0.0339975626351024 0.0502098601319757 -6.54926230574704 34.8299299367831 70489.1251392344
-0.2575 -0.0119505766863326 -0.117732270833048 -6.54005342209524 34.8252396688142 70449.12326987
-0.2576 0.0825616207156387 0.0207122176928238 -6.50664313593982 34.8205494008454 70489.8864696578
-0.2577 -0.166326578873835 0.00278048515284046 -6.61909404852704 34.8158591328765 70423.0056487706
-0.2578 0.0841783690868368 0.0139498092269084 -6.4833881225095 34.8111688649076 70496.33658365
-0.2579 0.0196738440121529 -0.128608835447089 -6.49052430491154 34.8064785969388 70443.3838300687
-0.258 0.0299137352282277 0.103700081012397 -6.3586990873742 34.8017883289699 70526.7290309258
-0.2581 -0.0801580983310562 0.0212434983565257 -6.42380083830711 34.7970980610011 70473.4652374429
-0.2582 0.0542335875832972 0.0697844510768134 -6.4002847176165 34.7924077930322 70523.0881709312
-0.2583 0.00590778927685857 -0.128236158637812 -6.46269450695472 34.7877175250633 70458.8716990425
-0.2584 0.0539020048751572 0.183248726722132 -6.32826553447603 34.7830272570945 70571.0587196684
-0.2585 -0.109533235412691 -0.125967131743686 -6.44590426785989 34.7783369891256 70440.6830984372
-0.2586 0.179762745717762 0.0667244533178637 -6.16107021901901 34.7736467211567 70606.9080598415
-0.2587 -0.131891498650593 -0.0678137282919029 -6.3555991395249 34.7689564531879 70451.0092121908
-0.2588 0.0275479361864718 0.115954693176108 -6.21441494540472 34.764266185219 70549.9374423516
-0.2589 0.0239036651872285 -0.0892720840844202 -6.29086864737339 34.7595759172501 70480.1583108057
-0.259 0.0542662826178293 -0.00226319167075045 -6.23671062343586 34.7548856492813 70522.6499235333
-0.2591 -0.0844943044437211 0.0269432152358295 -6.21605581943946 34.7501953813124 70512.6362879482
-0.2592 0.0284553655850224 0.024426756541658 -6.13083047990949 34.7455051133435 70539.468471807
-0.2593 0.062436580956958 -0.077090118749136 -6.13799816059566 34.7408148453747 70528.9291001546
-0.2594 0.00272953370894803 0.059682091278841 -6.13370523557059 34.7361245774058 70538.0048100451
-0.2595 -0.0262228432347816 -0.067039833396787 -6.17648064065047 34.7314343094369 70491.02629953
-0.2596 0.00373655164399854 0.053656224485095 -5.93560667923137 34.7267440414681 70583.3994745807
-0.2597 -0.0487003054783791 0.00141973981084806 -6.04307620972814 34.7220537734992 70538.5317825232
-0.2598 0.0370052340547605 0.0788164693239056 -5.91880599320879 34.7173635055304 70587.3250665641
-0.2599 0.00707847162892507 -0.0663846587898518 -5.95163671137587 34.7126732375615 70549.2243829488
-0.26 0.0905128055965073 0.00997424089540362 -5.95711671653224 34.7079829695926 70587.8444283277
-0.2601 -0.161076886448885 0.068842501073832 -5.92037458756563 34.7032927016238 70559.5073790556
-0.2602 0.0479463950188932 -0.0400853029219183 -5.81842155939339 34.6986024336549 70601.3093051414
-0.2603 0.0696972462601655 -0.0907561238491332 -5.86485330443527 34.693912165686 70573.1909171069
-0.2604 -0.100099380260347 0.038649501559978 -5.9147492469946 34.6892218977172 70573.7762766824
-0.2605 0.0092482545044068 0.0407438186876559 -5.90569474667232 34.6845316297483 70594.501671357
-0.2606 0.00376519661537622 -0.0874194681666698 -5.91676962635804 34.6798413617795 70569.5239168603
-0.2607 0.0335559799779873 0.0413884747801693 -5.82442469748258 34.6751510938106 70620.6017615701
-0.2608 -0.0912948536863989 0.101435883555697 -5.85385719754171 34.6704608258417 70594.9906216827
-0.2609 0.0196989006777884 -0.109218806835251 -5.85022119929035 34.6657705578729 70574.0769734186
-0.261 0.0435918767611576 0.0568427065253004 -5.73285035283007 34.661080289904 70644.192557413
-0.2611 -0.0116515302210038 -0.0666292861343796 -5.85717743728265 34.6563900219351 70589.8356371476
-0.2612 0.0365937679190829 0.0443570270050874 -5.84465215123224 34.6516997539663 70615.3002726759
-0.2613 -0.0122984649791871 -0.0649413344926373 -5.90281234522856 34.6470094859974 70571.0486147444
-0.2614 -0.00472034998979648 0.0681576434871322 -5.84737710464715 34.6423192180285 70602.1154648861
-0.2615 -0.000378783796342977 -0.0131970063275424 -5.8504268582706 34.6376289500597 70591.6124233458
-0.2616 -0.00762772953274118 0.0122262981561221 -5.91669891723367 34.6329386820908 70580.2613908892
-0.2617 0.0960134699699947 -0.0945306805305377 -5.8795375164365 34.6282484141219 70582.6160957596
-0.2618 -0.112162100218302 0.0944172107318679 -5.86960207753425 34.6235581461531 70586.3238299392
-0.2619 -0.0738026133053072 1.73166282780922e-05 -5.89116238542873 34.6188678781842 70571.8250055664
-0.262 0.228605265673546 -0.131874628135945 -5.85379946985362 34.6141776102154 70619.1002322148
-0.2621 -0.143809408457793 0.101258023673019 -5.86751413801365 34.6094873422465 70581.8653057056
-0.2622 -0.0358651508955882 0.0713618803974026 -5.76676089042943 34.6047970742776 70625.5265306873
-0.2623 0.141146899341769 -0.167052693778604 -5.73760424300231 34.6001068063088 70620.7019486472
-0.2624 0.0386126834785397 0.0175612419842709 -5.6871734304429 34.5954165383399 70633.9717465084
-0.2625 -0.140547835466967 0.0976595052849357 -5.82556285009257 34.590726270371 70595.8055677494
-0.2626 0.0950686918424694 -0.119198155839968 -5.74865056510204 34.5860360024022 70609.7774122277
-0.2627 0.0841548734281143 -0.0145516116203859 -5.70597147986726 34.5813457344333 70640.4098388815
-0.2628 -0.12377808398229 0.0513571621103304 -5.78839756639905 34.5766554664644 70585.1174891602
-0.2629 0.082319964823893 -0.0224532197035505 -5.69694659066083 34.5719651984956 70640.85524934
-0.263 0.0377899703484278 -0.04726019353325 -5.74461892955212 34.5672749305267 70615.8454385816
-0.2631 -0.0740290001871419 0.00162436300934106 -5.79503553878943 34.5625846625579 70590.9831707266
-0.2632 0.0258567364244971 0.0871640611828708 -5.74007780066922 34.557894394589 70632.8448360246
-0.2633 0.00284877435836172 -0.0781100845803671 -5.72968287876067 34.5532041266201 70584.3176594556
-0.2634 0.0906241872924615 0.0191054602420155 -5.6715012345677 34.5485138586513 70641.9643933584
-0.2635 -0.0728462129168924 0.0341816149183899 -5.79338684278837 34.5438235906824 70595.5266284418
-0.2636 0.0722873105743095 -0.0419360567655443 -5.74991283151956 34.5391333227135 70625.4179066598
-0.2637 -0.0229724047693864 0.0131682214243726 -5.80495244033776 34.5344430547447 70610.5070985692
-0.2638 0.0161940497489267 0.0499956592229294 -5.79595045630947 34.5297527867758 70607.0104592195
-0.2639 0.00594287317569317 -0.0208581660173028 -5.83537004289041 34.5250625188069 70590.7473786049
-0.264 0.050506950183083 0.000887292175990823 -5.70138154033792 34.5203722508381 70612.9713841485
-0.2641 -0.0520160710878067 -0.000632311244203795 -5.83794594682745 34.5156819828692 70584.951974322
-0.2642 0.0391808893740013 0.065837630420884 -5.77598872862984 34.5109917149004 70623.6467524313
-0.2643 0.000321598825790856 -0.131450183352874 -5.84445322893359 34.5063014469315 70561.7288371556
-0.2644 -0.0355611505635672 0.166120979408658 -5.72504228590794 34.5016111789626 70635.2938043757
-0.2645 -0.0707240934011246 -0.0179991414258435 -5.79230397480269 34.4969209109938 70568.2065192609
-0.2646 0.14501625369857 -0.0763459807293313 -5.66550238691732 34.4922306430249 70650.9617774326
-0.2647 -0.0655019970490119 0.021887508821935 -5.73680461553697 34.487540375056 70608.9185884062
-0.2648 -0.0403641265250059 -0.03161567906478 -5.66594362183799 34.4828501070872 70596.1067118209
-0.2649 0.130095291870165 0.0351061288061949 -5.56712501662868 34.4781598391183 70659.5452124385
-0.265 0.0204337896853789 -0.125622524320119 -5.61798931364075 34.4734695711494 70591.6752473739
-0.2651 -0.0552522242391812 0.166472944591052 -5.58135596720334 34.4687793031806 70654.0855243751
-0.2652 -0.046192788641486 -0.103272936216559 -5.66580833692077 34.4640890352117 70589.2706583635
-0.2653 0.116708007637198 0.021648621354208 -5.55412959445999 34.4593987672428 70682.7612830372
-0.2654 -0.149201968453067 -0.0647503835265148 -5.54418271255725 34.454708499274 70616.2790638244
-0.2655 0.150868619029533 0.0110924871092076 -5.30881583082411 34.4500182313051 70735.4305523747
-0.2656 -0.0648958177065028 -0.0369313760831587 -5.43514331982072 34.4453279633363 70644.9598469555
-0.2657 -0.0161718832387262 0.051850809917627 -5.37953753051036 34.4406376953674 70693.7137942885
-0.2658 0.0490319852419481 -0.138875704330984 -5.41622021464732 34.4359474273985 70667.1452540761
-0.2659 -0.0597551418316354 0.0950738294003024 -5.40165806925544 34.4312571594297 70676.7364299855
-0.266 -0.0292666809284556 -0.0661227068770384 -5.41291428968868 34.4265668914608 70639.5273558809
-0.2661 0.108116757308842 -0.0055901683739054 -5.28877749939961 34.4218766234919 70711.3814714032
-0.2662 -0.073166431179302 0.0367141375357009 -5.34818805755135 34.4171863555231 70674.2487584313
-0.2663 0.0161506293886969 0.0303218399697626 -5.31973766394932 34.4124960875542 70699.9815957757
-0.2664 -0.0411905405464094 0.0017849651316771 -5.22649603135545 34.4078058195853 70699.2829315779
-0.2665 0.0854561538783276 0.044002310334727 -5.16741773055962 34.4031155516165 70761.6248814568
-0.2666 -0.0733925430060223 -0.0330720743497948 -5.25602791523992 34.3984252836476 70680.5942017113
-0.2667 0.0845762660319583 0.0185216135344829 -5.18298566479877 34.3937350156788 70734.4801364871
-0.2668 -0.112008215718186 -0.0158328893483313 -5.35821599489049 34.3890447477099 70645.0998957868
-0.2669 0.0578961120191468 0.109278400760514 -5.17632585164792 34.384354479741 70776.8085219734
-0.267 -0.0651013038088801 -0.114068153193094 -5.3338810452596 34.3796642117722 70640.851499454
-0.2671 0.0951444301757467 0.0894869150488153 -5.14724521737143 34.3749739438033 70763.8970589104
-0.2672 -0.148993970762121 -0.0797933970165968 -5.26972147363242 34.3702836758344 70647.4054144895
-0.2673 0.168028416952877 0.0314193601218168 -5.11743925265629 34.3655934078656 70772.9191604716
-0.2674 -0.127970159643338 -0.0697739452695412 -5.28528293874212 34.3609031398967 70647.5373228301
-0.2675 0.0478736106519343 0.246261469969538 -5.0549159491435 34.3562128719278 70820.5426545084
-0.2676 -0.14775702203133 -0.217605284742549 -5.21291436135418 34.351522603959 70633.991005881
-0.2677 0.247071718171257 0.166324534383535 -5.00824230599002 34.3468323359901 70856.9324214265
-0.2678 -0.256749206865198 -0.168909512631626 -5.19212877084502 34.3421420680213 70616.8127582171
-0.2679 0.167027977557661 0.150441675352776 -4.92915116816659 34.3374518000524 70843.9637115706
-0.268 -0.0789200989607204 -0.172186776098937 -5.17490191755904 34.3327615320835 70656.0851252179
-0.2681 0.0822611578255003 0.147213676954723 -5.00684843368809 34.3280712641147 70805.2419521097
-0.2682 -0.13746844083704 -0.107452054260458 -5.1390740783343 34.3233809961458 70664.6047967379
-0.2683 0.109881115260603 0.0497172143890109 -4.97441572623053 34.3186907281769 70778.9653878308
-0.2684 -0.0565260223417639 -0.117627915165371 -5.00179590421609 34.3140004602081 70701.4376225531
-0.2685 0.0441259928120008 0.113997306997977 -4.82458964006421 34.3093101922392 70817.4124119023
-0.2686 -0.0231250887114773 -0.121713744961232 -4.90353322252171 34.3046199242703 70739.816332974
-0.2687 0.0439133150943937 0.092210161777392 -4.83407163826199 34.2999296563015 70814.7595637766
-0.2688 -0.0469622258782193 -0.0526625133835681 -4.85940540124208 34.2952393883326 70744.7905139881
-0.2689 0.048444363765357 0.0367213664649019 -4.75235525530171 34.2905491203637 70810.6470340632
-0.269 -0.0637712431763497 -0.08988618897381 -4.86416061082614 34.2858588523949 70734.7274651729
-0.2691 0.00137344767104597 0.11284430415929 -4.69489184719762 34.281168584426 70821.686130408
-0.2692 -0.00553223750960542 -0.0755370760672092 -4.77867700211642 34.2764783164572 70760.4071802497
-0.2693 0.0810089977680462 0.0739494470125847 -4.73074090856001 34.2717880484883 70832.3310462835
-0.2694 -0.15015731101723 -0.0558732837771347 -4.79904341696097 34.2670977805194 70730.3447430357
-0.2695 0.140119208280633 0.038377399373783 -4.61105426316715 34.2624075125506 70836.0774530546
-0.2696 -0.146404396182973 -0.00860006243285641 -4.63798980848394 34.2577172445817 70759.3420043905
-0.2697 0.179255198880855 0.0167310690669564 -4.51451817999071 34.2530269766128 70879.1244175412
-0.2698 -0.0472226172657797 -0.111453322255529 -4.62207826130289 34.248336708644 70782.1193735013
-0.2699 0.00908127419657402 0.128407210048597 -4.38576103761696 34.2436464406751 70899.2129655847
-0.27 -0.0844701194395825 -0.123091108384461 -4.43928793140014 34.2389561727062 70796.1389873931
-0.2701 0.078785742789585 0.0709198001654542 -4.27786315611608 34.2342659047374 70900.1026632161
-0.2702 -0.0874182814480246 -0.0923956200837267 -4.35840458755419 34.2295756367685 70799.7203119681
-0.2703 0.162770239561947 0.102576321095112 -4.18119819770273 34.2248853687997 70956.9390507291
-0.2704 -0.186526716093248 -0.12853550933385 -4.41332418668759 34.2201951008308 70785.1664098655
-0.2705 0.0702384116136906 0.215391234823263 -4.22727660506984 34.2155048328619 70950.2400708465
-0.2706 0.0598739213765616 -0.253458866157191 -4.38231937217501 34.2108145648931 70804.4498049108
-0.2707 0.0168289645133532 0.181940021819349 -4.21830048100591 34.2061242969242 70930.0320395241
-0.2708 -0.123541205413955 -0.0134410617803407 -4.27530918696995 34.2014340289553 70833.407778607
-0.2709 0.170674359208508 -0.0447369470079557 -4.06718171948859 34.1967437609865 70936.9257514183
-0.271 -0.0551283498791292 -0.0134945524682736 -4.09734989105683 34.1920534930176 70879.6614806169
-0.2711 -0.0379486483548322 0.0607136200933505 -3.9431609997368 34.1873632250487 70932.4836459474
-0.2712 -0.0446725879286605 -0.083066947817883 -3.94651937111642 34.1826729570799 70896.2135773797
-0.2713 0.133007525214232 -0.00467185829576934 -3.68365129573579 34.177982689111 71025.9408779922
-0.2714 -0.0764164124818954 -0.0517231069505671 -3.78728337634842 34.1732924211422 70942.5297456459
-0.2715 0.0722706799802898 0.1566792656668 -3.51921531887867 34.1686021531733 71069.5404371479
-0.2716 -0.0907158602403902 -0.195570557955136 -3.67534936492508 34.1639118852044 70910.2793851492
-0.2717 0.137655878227044 0.146537015054193 -3.46881792510856 34.1592216172356 71076.6218083976
-0.2718 -0.182282856671109 -0.144963458828733 -3.57837312858993 34.1545313492667 70930.1351174879
-0.2719 0.116413309495169 0.166260638469838 -3.23220155293332 34.1498410812978 71142.2353071309
-0.272 -0.0552318885781773 -0.185635170066655 -3.25948727062424 34.145150813329 71016.2704249107
-0.2721 0.0351059754258511 0.213292214655729 -2.98961458286157 34.1404605453601 71155.8299183473
-0.2722 -0.00896124134076651 -0.182125310867773 -2.96665739734902 34.1357702773912 71066.3929801415
-0.2723 0.0621484454037146 0.0364916286235334 -2.71601474564327 34.1310800094224 71164.6417584249
-0.2724 -0.0698248742784754 0.0359931380577789 -2.58723830986198 34.1263897414535 71152.4623469989
-0.2725 0.0856846258625362 -0.156361657224989 -2.43441287192936 34.1216994734847 71182.4598882449
-0.2726 -0.0296691668351776 0.0515711955122408 -2.13135886313014 34.1170092055158 71229.8636274877
-0.2727 -0.0290556702469693 0.0728177846485273 -1.97575195461848 34.1123189375469 71255.2810523226
-0.2728 0.0258629994266949 -0.0756735608462138 -1.97649942018069 34.1076286695781 71218.2684767608
-0.2729 0.0670775906748199 0.018239806771769 -1.89106419820642 34.1029384016092 71263.3348933727
-0.273 -0.0906719536591169 0.0242263430325237 -1.99291733556952 34.0982481336403 71188.6326664624
-0.2731 0.026717543165967 0.0205264589483445 -1.97492727481705 34.0935578656715 71212.478184256
-0.2732 0.0381220583422896 -0.0256272440947387 -1.97677264865647 34.0888675977026 71183.4129662031
-0.2733 -0.034162204884044 0.0633662429208217 -1.95849115775671 34.0841773297337 71203.0792278458
-0.2734 0.0888673824490922 -0.0700239219087517 -1.96093352700335 34.0794870617649 71210.2342152782
-0.2735 -0.0793275206239217 0.0148192571434954 -2.0074144192654 34.074796793796 71187.5349026734
-0.2736 -0.0164312703461556 0.0588121679433945 -2.02070343236768 34.0701065258271 71196.3509423969
-0.2737 -0.0456337552610318 -0.00364566518382983 -2.04564990613699 34.0654162578583 71161.1439277191
-0.2738 0.0266941459332876 -0.0458247267139507 -1.97206811515653 34.0607259898894 71183.2844681402
-0.2739 -0.0347021595716444 0.0325224295454629 -2.04622226687648 34.0560357219206 71168.7197659729
-0.274 0.0446806951460919 -0.0606314311544976 -2.07825729847969 34.0513454539517 71155.6550884045
-0.2741 -0.0666039684196129 0.0751601558188763 -2.09024603785702 34.0466551859828 71153.3712873065
-0.2742 -0.00349453648232579 -0.0120839567227221 -2.13869457702606 34.041964918014 71134.8165362258
-0.2743 0.0744383618660033 -0.0547337927817976 -2.19639221098069 34.0372746500451 71129.122088598
-0.2744 -0.0288682653877278 0.0936115342162176 -2.17521199425992 34.0325843820762 71152.4761623957
-0.2745 -0.0965350589144194 -0.0660887864257179 -2.22037398027424 34.0278941141074 71064.1998783698
-0.2746 0.153130870656626 0.0327131681859495 -2.11379651682233 34.0232038461385 71175.5906823411
-0.2747 -0.198372949879334 -0.0084769496811638 -2.30286061880672 34.0185135781696 71040.4338207315
-0.2748 0.209901803685886 0.0943302434143784 -2.14026439261821 34.0138233102008 71180.5864942211
-0.2749 -0.147724016901685 -0.227550852606332 -2.39391941239826 34.0091330422319 70980.6612876497
-0.275 0.109122761487174 0.275966302707939 -2.13462812551722 34.0044427742631 71209.7786830505
-0.2751 -0.173315861137555 -0.225384422914615 -2.42402439784039 33.9997525062942 70971.7286029414
-0.2752 0.166941308447555 0.188209152098769 -2.22638560644578 33.9950622383253 71178.1077964142
-0.2753 -0.172367960885233 -0.167969967583855 -2.49010050062846 33.9903719703565 70954.2734243128
-0.2754 0.0724840565629812 0.119953888357293 -2.30454299030247 33.9856817023876 71123.6003756744
-0.2755 -0.0576739247973796 -0.112217161376963 -2.33971508305949 33.9809914344187 71038.0156375757
-0.2756 0.0108831597902978 0.0310517952654005 -2.30406522769573 33.9763011664499 71098.819160522
-0.2757 -0.0500017098524384 -0.0626595042465213 -2.43431382493382 33.971610898481 71029.2625305538
-0.2758 0.160977760987694 0.0384294553192884 -2.35035221990937 33.9669206305121 71135.0166239961
-0.2759 -0.145972374714753 -0.0795125575957327 -2.50195367152691 33.9622303625433 70990.4200281101
-0.276 0.122014954169006 0.106099702646152 -2.36251214372514 33.9575400945744 71109.7857944674
-0.2761 -0.164559193913346 -0.109457941017307 -2.53093574456588 33.9528498266056 70964.1699091404
-0.2762 0.127108143551921 0.157240106125823 -2.38490088947393 33.9481595586367 71127.9994296709
-0.2763 -0.0991568377898187 -0.242413571339773 -2.62222972900499 33.9434692906678 70929.2112458038
-0.2764 0.196578692692572 0.209430068928781 -2.42204171560725 33.938779022699 71140.7577936599
-0.2765 -0.265452679707828 -0.117499770972207 -2.62291052072078 33.9340887547301 70914.1303051922
-0.2766 0.259406605718199 0.0674396729136937 -2.48185626342706 33.9293984867612 71111.5035047486
-0.2767 -0.158446848574643 -0.187585559729888 -2.75666824917421 33.9247082187924 70903.5027290962
-0.2768 0.115638513251648 0.222245495217453 -2.51862641340317 33.9200179508235 71092.9198711315
-0.2769 -0.127148281564385 -0.166584141393188 -2.71256545370805 33.9153276828546 70906.5940267211
-0.277 0.189361442855125 0.0511019456568965 -2.58956136436926 33.9106374148858 71045.0275247996
-0.2771 -0.161542443269738 -0.0545200969683108 -2.70218779508789 33.9059471469169 70922.7650882768
-0.2772 0.114892741577887 0.0915124795752083 -2.62529063581416 33.901256878948 71046.3581229277
-0.2773 -0.0277152819007431 -0.0864212110256227 -2.79020754673668 33.8965666109792 70940.9862958371
-0.2774 -0.0016981085855734 0.0714731739481144 -2.66984565250825 33.8918763430103 71014.3376062654
-0.2775 0.0351302626634491 -0.0826424703041938 -2.79667752983786 33.8871860750415 70942.0742445374
-0.2776 0.0974409436159306 -0.0140871434373541 -2.73695674531657 33.8824958070726 70981.3184904985
-0.2777 -0.178712536526203 0.0242783997984376 -2.81823190587516 33.8778055391037 70917.7890725795
-0.2778 0.0569266123712001 0.0696485643177793 -2.74311910903935 33.8731152711349 70985.6679986714
-0.2779 0.0604684132695658 -0.14223747197068 -2.86676613569616 33.868425003166 70925.4575644988
-0.278 -0.0838776093848888 0.118172597383144 -2.81025371188422 33.8637347351971 70946.6200125234
-0.2781 0.0184732509897787 -0.0309722607922444 -2.89594841721435 33.8590444672283 70908.5877738775
-0.2782 0.107089367244541 -0.0851893545098439 -2.88363111667801 33.8543541992594 70906.7966904535
-0.2783 -0.120213147019094 0.144035126435523 -2.96300224700208 33.8496639312906 70903.7710948574
-0.2784 -0.0139349848569464 0.0100494800974519 -2.92554882094047 33.8449736633217 70911.981366917
-0.2785 0.180179286198347 -0.15284281756289 -2.97927256080199 33.8402833953528 70920.2300842576
-0.2786 -0.115032942735848 0.0640206305181626 -2.98517381852575 33.835593127384 70887.0963699196
-0.2787 -0.0342916369062403 0.152426220762796 -2.92172412235346 33.8309028594151 70939.2945491328
-0.2788 0.0556205416820132 -0.193657818275013 -3.04311369156402 33.8262125914462 70855.4465626009
-0.2789 0.0265894770307581 0.0891721156209813 -2.9800986392929 33.8215223234774 70922.9757396871
-0.279 -0.146766783426695 0.0477677228979856 -3.06958563550031 33.8168320555085 70859.2695653944
-0.2791 0.160407844362329 0.00398379390499048 -2.99763657421799 33.8121417875396 70943.4027339244
-0.2792 -0.0375554018482155 -0.029569302206838 -3.14362833697103 33.8074515195708 70849.2957982254
-0.2793 -0.0675210598041058 0.0973641214621495 -3.02999524434404 33.8027612516019 70895.1209918525
-0.2794 -0.000642623977917874 -0.0947847679257168 -3.15462111217969 33.798070983633 70836.894250308
-0.2795 0.102248690829121 0.0451268688414061 -3.06975523106964 33.7933807156642 70920.9374590441
-0.2796 -0.176600172044111 0.0289756249066073 -3.1777587544307 33.7886904476953 70815.2289023826
-0.2797 0.154028150390917 0.0851759181212424 -3.07292493508445 33.7840001797264 70949.5126871841
-0.2798 -0.0574615317963084 -0.199840041001861 -3.22701942702243 33.7793099117576 70794.5108581493
-0.2799 0.127826086838075 0.207660862904251 -3.06391665438378 33.7746196437887 70948.020830649
-0.28 -0.224430992268435 -0.0835937650155126 -3.35092159265082 33.7699293758199 70741.2500621496
-0.2801 0.21106417519597 0.0439827150923313 -3.19130453337828 33.765239107851 70911.2155626507
-0.2802 -0.15790975284346 -0.0667764685251127 -3.32471258229004 33.7605488398821 70786.4034403284
-0.2803 0.0813957496532047 0.0999155827563874 -3.24660975746364 33.7558585719133 70889.8329726029
-0.2804 -0.0510252419250946 -0.0726716958673754 -3.34996853169883 33.7511683039444 70801.326353758
-0.2805 0.0199226919326569 0.122113738202751 -3.21176682087862 33.7464780359755 70888.4922027597
-0.2806 0.00206948241704151 -0.0578151544551619 -3.32244308900402 33.7417877680067 70825.326932138
-0.2807 0.0715148705519432 -0.000942195010320157 -3.27764156425473 33.7370975000378 70863.349303943
-0.2808 -0.0864943542603636 0.00500852769948478 -3.37636921200293 33.732407232069 70824.5965967676
-0.2809 0.0146506416203139 0.0682005482952654 -3.32911055771488 33.7277169641001 70870.0251204476
-0.281 0.0138517460750046 -0.111795172151304 -3.40573684155927 33.7230266961312 70804.4218948039
-0.2811 0.0905010206629418 0.0339693051684327 -3.33117011502328 33.7183364281624 70861.0665001337
-0.2812 -0.160028883232374 0.0263630923763768 -3.37372191977197 33.7136461601935 70800.40524605
-0.2813 0.034557254977741 0.0672520147090318 -3.35637784588859 33.7089558922246 70852.4345863456
-0.2814 0.0101491669172253 -0.0804424050842459 -3.46649892887721 33.7042656242558 70805.7202588372
-0.2815 0.0359763815168919 -0.00125372578492314 -3.39044027567853 33.6995753562869 70842.1971432873
-0.2816 -0.0421265571527503 0.0408868021463376 -3.44281917705509 33.694885088318 70817.4925692517
-0.2817 0.00304071012663749 -0.0830163611977049 -3.49465310527257 33.6901948203492 70784.4831889045
-0.2818 0.00116064693565767 0.0582363672750187 -3.46921115371265 33.6855045523803 70816.4285235363
-0.2819 -0.0778463345065069 -0.0341556278010327 -3.49578090698826 33.6808142844114 70778.1448242827
-0.282 0.114897236242607 0.0486194528076567 -3.4416629932372 33.6761240164426 70849.2306046231
-0.2821 -0.114976222297719 -0.118529948015934 -3.56887317484531 33.6714337484737 70751.1258683134
-0.2822 0.0718811655626855 0.126301020825833 -3.48645776247017 33.6667434805049 70880.163214004
-0.2823 -0.0145665892812874 -0.123536485907362 -3.61356632754559 33.662053212536 70759.3595695448
-0.2824 0.0667299929845542 0.0925925212902682 -3.55610934096217 33.6573629445671 70828.1744026148
-0.2825 -0.0940761338105705 0.0152929786666758 -3.62497977205022 33.6526726765983 70765.2242692174
-0.2826 0.143880736896209 -0.0600908493447227 -3.5898716230849 33.6479824086294 70806.1360825289
-0.2827 0.0118284000573563 0.0665735583829572 -3.61878196065256 33.6432921406605 70799.0356565916
-0.2828 -0.122900006351052 0.0569133591717154 -3.6262424003645 33.6386018726917 70771.6776260832
-0.2829 0.160482690372364 -0.0617279691648281 -3.59842106121958 33.6339116047228 70813.2172505812
-0.283 -0.0230578785242291 -0.0807052821722787 -3.67314158168718 33.6292213367539 70752.2609657128
-0.2831 -0.0763507377700686 0.129604949754787 -3.68555123326305 33.6245310687851 70783.2689915094
-0.2832 0.0171373288623049 -0.00302158045897226 -3.66033926047535 33.6198408008162 70779.1528821302
-0.2833 0.0784094859457179 -0.0987411982129252 -3.69556207366679 33.6151505328474 70760.6829581508
-0.2834 -0.0992756186475998 0.133392081715532 -3.76345849494523 33.6104602648785 70755.3611404755
-0.2835 -0.0252507126311857 0.032813665103986 -3.74325076048977 33.6057699969096 70757.5286846964
-0.2836 0.0861858113903993 -0.0950707759562101 -3.81580092001226 33.6010797289408 70751.4376653879
-0.2837 -0.00553197145598833 0.0248088713502622 -3.77570004802297 33.5963894609719 70767.8174214177
-0.2838 -0.0862939253458557 0.0821261058109095 -3.82866528701124 33.591699193003 70747.4169329334
-0.2839 0.0483652148601993 -0.0306146527847865 -3.84904165387029 33.5870089250342 70745.2907259071
-0.284 0.0365493139496675 -0.0983284046002319 -3.90730333201198 33.5823186570653 70715.0465284709
-0.2841 -0.0568106710052738 0.165947045967459 -3.83211531072381 33.5776283890964 70770.0705436145
-0.2842 -0.0972980858047872 0.0434335247917612 -3.89144841299222 33.5729381211276 70711.1029087173
-0.2843 0.209105168793933 -0.125262400059048 -3.89093882087422 33.5682478531587 70735.0116942509
-0.2844 -0.126599823890923 -0.0255512783484556 -4.01767717003927 33.5635575851899 70668.0188104323
-0.2845 -0.0109517392932767 0.186238095873741 -3.87155453653371 33.558867317221 70758.183062206
-0.2846 -0.00247391360623277 -0.161621755552674 -3.95148171042249 33.5541770492521 70687.5129737095
-0.2847 0.170454834770687 0.0278032442698612 -3.94194378646622 33.5494867812833 70756.5119673755
-0.2848 -0.154750755444346 0.120316706900175 -4.05708171551465 33.5447965133144 70685.891254681
-0.2849 0.0302825550334736 -0.000185869954604741 -4.01177655492966 33.5401062453455 70704.7326017134
-0.285 0.0915890038483903 -0.100979631891021 -4.03853529277685 33.5354159773767 70710.8372222991
-0.2851 -0.0373685454967446 -0.034727446923442 -4.11154954563468 33.5307257094078 70664.0885204891
-0.2852 -0.0340828963104559 0.159434675177224 -4.03004863968457 33.5260354414389 70718.3267697939
-0.2853 0.02476210303865 -0.110753403560081 -4.12975169960449 33.5213451734701 70650.0188896066
-0.2854 0.0682363606032435 0.0790331939354712 -4.03607482272826 33.5166549055012 70735.4519501179
-0.2855 -0.14741324453918 -0.0477296955516134 -4.20104168073798 33.5119646375323 70612.5046498074
-0.2856 0.144350880624818 0.0866450994572254 -4.03805128276956 33.5072743695635 70748.078532357
-0.2857 -0.0934287452162995 -0.134925673944699 -4.2203288170304 33.5025841015946 70610.6552006484
-0.2858 0.0614990954607093 0.115320306794728 -4.14907977799054 33.4978938336258 70709.9718919101
-0.2859 -0.132191975967684 -0.100570372029459 -4.3677664200967 33.4932035656569 70580.6704567868
-0.286 0.133192534306567 0.0829539979544388 -4.18151698247861 33.488513297688 70727.2357130433
-0.2861 -0.169785337326522 -0.0588581327975128 -4.36217524496127 33.4838230297192 70609.0429127033
-0.2862 0.153268382748043 0.0801090649569741 -4.21801678766314 33.4791327617503 70722.3727950216
-0.2863 -0.169690334155779 -0.0964589688459699 -4.37885957086938 33.4744424937814 70574.3640821267
-0.2864 0.178467825221646 0.0727518860558534 -4.31354293404817 33.4697522258126 70697.8639168447
-0.2865 -0.0982613636476784 -0.143044284066436 -4.36972861714528 33.4650619578437 70576.9918012042
-0.2866 0.0267192864270523 0.161903462489866 -4.33551824859514 33.4603716898748 70689.5119030123
-0.2867 -0.0479868501738714 -0.111284550773548 -4.48502820522164 33.455681421906 70577.8984891948
-0.2868 0.115495179174158 0.106790831799674 -4.3320077684264 33.4509911539371 70703.3291822429
-0.2869 -0.129289501257599 -0.0975617432868586 -4.46406933096462 33.4463008859683 70564.6161189482
-0.287 0.0612248850775315 0.103596324918485 -4.37192508989733 33.4416106179994 70667.6817518728
-0.2871 -0.0629508183414491 -0.113924809728026 -4.52363413915609 33.4369203500305 70555.6868701971
-0.2872 0.0921080689831326 0.0492199373078746 -4.36930348095169 33.4322300820617 70651.0213863195
-0.2873 -0.105730921644276 0.0396780664537295 -4.50470952405942 33.4275398140928 70588.9244321188
-0.2874 0.120633526702582 -0.0585626729396379 -4.46231372056489 33.4228495461239 70633.2087228469
-0.2875 -0.0438708183149473 -0.052177030100615 -4.53746688194808 33.4181592781551 70583.7647452585
-0.2876 -0.00457758517041169 0.100992585623514 -4.52737434829454 33.4134690101862 70613.3457639701
-0.2877 -0.00253938466869013 -0.0605662567598992 -4.56583359930927 33.4087787422173 70572.7503616673
-0.2878 0.0478230291364095 -0.0161653427901187 -4.55093467083618 33.4040884742485 70589.3747167343
-0.2879 -0.0104224842498187 0.0389478035260689 -4.58318722309463 33.3993982062796 70597.0540806265
-0.288 -0.0559029439877845 -0.0543912625959371 -4.65926651253679 33.3947079383108 70563.6539583451
-0.2881 0.105083342232541 -0.00939910612842262 -4.68022393355413 33.3900176703419 70601.983598869
-0.2882 -0.0999697080431253 0.00831018916770564 -4.71824909329684 33.385327402373 70553.6283218357
-0.2883 0.071064441126775 0.0569311415872919 -4.65109987132412 33.3806371344042 70605.6738959449
-0.2884 -0.089440625563727 -0.0775067389713609 -4.70022279540525 33.3759468664353 70538.4558822355
-0.2885 0.107706435317342 0.0103160691793238 -4.68531940149986 33.3712565984664 70597.2923052827
-0.2886 -0.0881509634679082 0.0235993806907156 -4.75861427629518 33.3665663304976 70540.621531067
-0.2887 0.0376873698345533 0.0470860737811061 -4.79104284784857 33.3618760625287 70561.4564418237
-0.2888 0.023537256727438 -0.052279739902904 -4.81541486435026 33.3571857945598 70541.6308626253
-0.2889 0.0250192768195154 0.0454668369291042 -4.81115021393681 33.352495526591 70574.1262944421
-0.289 -0.0409582605204696 0.03083093036402 -4.8330723059673 33.3478052586221 70548.9771353526
-0.2891 -0.0106759089330825 -0.0470306229733605 -4.82728253014265 33.3431149906532 70531.2477223974
-0.2892 0.134673115894 -0.0525388469369086 -4.81990974901901 33.3384247226844 70565.1705317089
-0.2893 -0.171283176476045 0.0661708219033624 -4.94518718361425 33.3337344547155 70503.8401974722
-0.2894 0.00979122683754595 0.106790813020635 -4.89302209436409 33.3290441867467 70560.427408642
-0.2895 0.0948453695499592 -0.202729692772997 -4.97339814814784 33.3243539187778 70506.2207037998
-0.2896 -0.0533984485584811 0.134879586655678 -4.90114526910383 33.3196636508089 70568.1191719342
-0.2897 -0.0209771829301648 -0.0709115123334536 -4.96451685211121 33.3149733828401 70507.2044984268
-0.2898 0.0459703267904691 -0.0469228563504347 -4.98739631013315 33.3102831148712 70517.1229972861
-0.2899 -0.0256893539406706 0.0109432817195562 -4.95364194497813 33.3055928469023 70521.1427552879
-0.29 -0.118962335173099 0.0666835219102363 -4.9826161107001 33.3009025789335 70489.2173361816
-0.2901 0.142325706276376 -0.139325493137116 -5.00332690328427 33.2962123109646 70515.7925318867
-0.2902 -0.0908656900801753 0.0251927790004025 -5.08611786761434 33.2915220429957 70495.9885369929
-0.2903 -0.0321946850716776 0.0971662500939582 -5.09384414342608 33.2868317750269 70508.7387077264
-0.2904 0.0287875697135165 -0.0968510651014033 -5.12588183218189 33.282141507058 70485.3365845532
-0.2905 0.0529544233847348 0.0303665734047147 -5.06841455935702 33.2774512390892 70506.0828619262
-0.2906 -0.0429412468098675 -0.0430726924164967 -5.1562611859826 33.2727609711203 70458.5812508438
-0.2907 -0.0103088556252507 0.0365372409019938 -5.11953029603456 33.2680707031514 70496.6922486512
-0.2908 0.0160788810237836 -0.0831790555884701 -5.1606480580106 33.2633804351826 70481.9995732594
-0.2909 0.0290857504120203 0.0328410955660655 -5.11206357093304 33.2586901672137 70512.6545379689
-0.291 -0.0554072110976545 -0.000842307949432209 -5.15965487022537 33.2539998992448 70469.140704376
-0.2911 0.0655743249370835 -0.0294368539274564 -5.15318003042831 33.249309631276 70505.2659911193
-0.2912 -0.00596163551393169 -0.0159832542283014 -5.25479045545772 33.2446193633071 70470.241889235
-0.2913 -0.0202691019792448 0.0721833375500558 -5.17343629276317 33.2399290953382 70506.1391543237
-0.2914 0.0382992760606974 -0.0645472476089634 -5.23621319069904 33.2352388273694 70473.6296071009
-0.2915 -0.0210329606693019 0.044444599677805 -5.28308294082945 33.2305485594005 70470.2016626896
-0.2916 -0.0230686981045586 0.0527063400368787 -5.31597375921154 33.2258582914316 70465.2653260486
-0.2917 0.0719790806290698 -0.0552236744250922 -5.33384472279568 33.2211680234628 70448.8048210978
-0.2918 -0.0446952264736633 0.0294487538602812 -5.29385768843315 33.2164777554939 70464.1656233336
-0.2919 -0.039791031137226 0.00123293044612762 -5.34815772002822 33.2117874875251 70449.7558245417
-0.292 0.104989873101756 -0.0343408555004501 -5.30088858884654 33.2070972195562 70494.2168925693
-0.2921 -0.0903796675179052 -0.0146676109521255 -5.39524420708403 33.2024069515873 70424.4103013609
-0.2922 0.0273841743788395 0.0881852122860617 -5.30016794952788 33.1977166836185 70486.8255436306
-0.2923 0.0481409993123111 -0.0879885328347983 -5.37993813846847 33.1930264156496 70436.4036287245
-0.2924 0.023708568532604 0.0213837994911669 -5.33169897347041 33.1883361476807 70454.796943222
-0.2925 -0.111787971814953 0.0374571517112265 -5.49699611421883 33.1836458797119 70410.6676432078
-0.2926 0.078727795431421 -0.0467872172093044 -5.41287040890579 33.178955611743 70450.067740782
-0.2927 0.0166976405731933 0.00444173461060222 -5.42925423632557 33.1742653437742 70462.2059960289
-0.2928 -0.0821741770485341 0.0326077114977561 -5.51655658239489 33.1695750758053 70426.6208971527
-0.2929 0.050392565614285 -0.018944085864366 -5.50176707615623 33.1648848078364 70460.5815557543
-0.293 0.0508051729329444 -0.0859672325339008 -5.54713561003875 33.1601945398676 70422.3517901171
-0.2931 -0.136846334954076 0.109427016223526 -5.53377181936337 33.1555042718987 70446.9212484524
-0.2932 0.131327448912747 -0.0585187195949654 -5.57832108160119 33.1508140039298 70443.088505188
-0.2933 0.0117482046363763 -0.0124665723610226 -5.58632506703596 33.146123735961 70431.1232901501
-0.2934 -0.100812811103231 0.0837728671597241 -5.58339930347089 33.1414334679921 70426.6122318249
-0.2935 -0.002442480724272 -0.0810471123939778 -5.61937853440235 33.1367432000232 70402.0581030882
-0.2936 0.0948052381894105 -0.0354680242835353 -5.60931490491667 33.1320529320544 70426.3350164766
-0.2937 -0.107355220426197 0.0326992174113998 -5.65234268806356 33.1273626640855 70408.0183577046
-0.2938 0.030720400113187 0.0595506204985156 -5.60482044630189 33.1226723961166 70455.0218363785
-0.2939 0.00804642191333766 -0.24605784506973 -5.71900707075464 33.1179821281478 70359.2607984744
-0.294 0.055215547092031 0.249854262682724 -5.57941473029056 33.1132918601789 70505.2797834671
-0.2941 -0.169111470584574 -0.167752410746262 -5.80023435116213 33.1086015922101 70312.9131823505
-0.2942 0.244642352959449 0.0646243156844032 -5.53788144724033 33.1039113242412 70507.4472715304
-0.2943 -0.09799066691421 -0.206620020498801 -5.84598453831614 33.0992210562723 70307.84425582
-0.2944 0.00596692167585105 0.264180391360775 -5.66410028384807 33.0945307883035 70470.7162531521
-0.2945 -0.126903586146065 -0.180856471309488 -5.91080887450216 33.0898405203346 70306.6091026096
-0.2946 0.266474628812735 0.0265770269730757 -5.72293759985785 33.0851502523657 70476.9359813534
-0.2947 -0.256873327289844 -0.0536763075798705 -5.96362795874585 33.0804599843969 70280.3490880808
-0.2948 0.0594055821048973 0.241958232215527 -5.7391926192552 33.075769716428 70459.4813807418
-0.2949 -0.0422381876004092 -0.219723940146073 -5.98451795419002 33.0710794484591 70286.5044701509
-0.295 0.0971688798132964 0.0801430709357337 -5.87558448564815 33.0663891804903 70420.0154458636
-0.2951 -0.146772633681849 -0.0224501300362376 -6.03297003790776 33.0616989125214 70315.5689138532
-0.2952 0.0955440194136674 0.0302606799796748 -5.93443130669733 33.0570086445526 70392.0161385806
-0.2953 -0.0109111618593431 -0.0411803749286632 -6.04769197011981 33.0523183765837 70337.026280618
-0.2954 0.0396598694165601 0.000596775708334517 -6.01591473940178 33.0476281086148 70363.8354202248
-0.2955 -0.0389498388318506 -0.0139181359212692 -6.09111808525129 33.042937840646 70324.0344067407
-0.2956 -0.0345476649038812 0.0525161659050513 -6.0166599536127 33.0382475726771 70356.1621463134
-0.2957 0.0709350800561886 -0.00119535305352759 -5.98792608402478 33.0335573047082 70374.6997259383
-0.2958 0.000615588881433865 -0.0334689133414793 -5.99562253771039 33.0288670367394 70359.9762849995
-0.2959 -0.0456535533942637 -0.0204990393832425 -6.04121663970498 33.0241767687705 70338.1045957804
-0.296 -0.00692618311674957 0.0588947288509926 -6.02179389264332 33.0194865008016 70357.710925241
-0.2961 -0.0122204016022405 -0.00974491651949574 -6.04779012833948 33.0147962328328 70347.7669847603
-0.2962 -0.0199094771721788 -0.0111874362899803 -6.11482683033865 33.0101059648639 70338.6452508372
-0.2963 0.0634370400093695 -0.051280429614117 -6.08400906549783 33.005415696895 70348.7753818496
-0.2964 -0.0831262755516307 0.0747969464353311 -6.11551920803637 33.0007254289262 70343.4602961371
-0.2965 0.0808074894195025 -0.0346770770811888 -6.11978509676313 32.9960351609573 70351.81091708
-0.2966 -0.0443410891253198 -0.000595199852560873 -6.1106564828387 32.9913448929885 70329.5166918638
-0.2967 -0.0178030212973205 0.0342553819524107 -6.13840395826768 32.9866546250196 70335.9859630368
-0.2968 0.00689217051188754 -0.0776867815192054 -6.29751042298922 32.9819643570507 70288.7767831492
-0.2969 0.0353203257972364 0.159774169672902 -6.15781437515907 32.9772740890819 70383.1031157444
-0.297 -0.00553964480834885 -0.111622991248625 -6.25553049578462 32.972583821113 70307.2201659905
-0.2971 0.0565472127574667 0.0328971203251969 -6.21636792418514 32.9678935531441 70358.0471248381
-0.2972 -0.0873311470807564 -0.0879315069107013 -6.3973411155719 32.9632032851753 70260.1358065065
-0.2973 0.0768762692260993 0.159135982155085 -6.19639178179901 32.9585130172064 70387.6970011256
-0.2974 -0.12979909401249 -0.165438934282168 -6.38872304526058 32.9538227492375 70226.8046140336
-0.2975 0.165450480356661 0.169065562257804 -6.24981768339122 32.9491324812687 70406.7244745558
-0.2976 -0.180526843327635 -0.20079464931317 -6.43052553671477 32.9444422132998 70222.0687919302
-0.2977 0.154875188845466 0.24218724636808 -6.18154873949869 32.939751945331 70437.6244545305
-0.2978 -0.211579182229574 -0.171370034660398 -6.45357850522448 32.9350616773621 70205.4930675589
-0.2979 0.251446247169519 0.112117238932077 -6.16418682702588 32.9303714093932 70426.9908882782
-0.298 -0.281659412802347 -0.0741257874854732 -6.48925276635918 32.9256811414244 70204.5002852454
-0.2981 0.178988224524509 0.161932189590997 -6.2847626408137 32.9209908734555 70397.0760238938
-0.2982 -0.0761155913872174 -0.184646619012992 -6.5373413877829 32.9163006054866 70214.2820245323
-0.2983 0.0900717326634634 0.205524330611556 -6.41240977706792 32.9116103375178 70369.9955017368
-0.2984 -0.195309408847328 -0.128163235776458 -6.64138387572641 32.9069200695489 70184.1476506919
-0.2985 0.193223145461218 0.0901752787319054 -6.38158418825015 32.90222980158 70378.8300186675
-0.2986 -0.0799420771284728 -0.127748758796148 -6.5891935050129 32.8975395336112 70219.2846571892
-0.2987 -0.0221556854305698 0.191415426228836 -6.41067233245566 32.8928492656423 70346.877507114
-0.2988 -0.0968763475400422 -0.16671254208077 -6.64513078009743 32.8881589976735 70215.0172070779
-0.2989 0.259983831585383 0.156330537939781 -6.36304747324682 32.8834687297046 70425.1927346641
-0.299 -0.255360055834202 -0.151120823218047 -6.73430820492677 32.8787784617357 70162.0994342361
-0.2991 0.215451219177037 0.220420373082634 -6.45828638337344 32.8740881937669 70388.1836545149
-0.2992 -0.127427154184988 -0.21161741080372 -6.73527850856042 32.869397925798 70167.8650627103
-0.2993 0.119588260333049 0.187550910248817 -6.49956262485348 32.8647076578291 70357.049836615
-0.2994 -0.147602444660199 -0.0843860374082703 -6.69402286482609 32.8600173898603 70203.243475056
-0.2995 0.143753069829746 0.0254974464089249 -6.59611722923782 32.8553271218914 70324.691761257
-0.2996 -0.0790296217447376 -0.0194806802034253 -6.66819441406688 32.8506368539225 70245.704956506
-0.2997 0.0667340922422812 -0.01560309907584 -6.73771989858135 32.8459465859537 70272.7449349027
-0.2998 -0.110616698675973 0.0667836402483278 -6.72623431426684 32.8412563179848 70255.5828977939
-0.2999 0.0284915537962006 -0.0066393656627085 -6.72318922605907 32.8365660500159 70273.3274874987
-0.3 0.0946398005120113 -0.0309695381415637 -6.68861989641119 32.8318757820471 70280.8945532852
-0.3001 -0.0578617580069787 0.0358628083604541 -6.75832352574337 32.8271855140782 70264.0377147696
-0.3002 0.0115962304255987 0.0712953421684757 -6.72447001867992 32.8224952461094 70287.6622833744
-0.3003 0.0393045216848693 -0.108020479303031 -6.84738137989771 32.8178049781405 70222.2527569019
-0.3004 -0.0957406107699088 0.135925159227116 -6.7673552989019 32.8131147101716 70271.238224918
-0.3005 0.0227449333718463 -0.128431423761794 -6.8694478684162 32.8084244422028 70216.0181574342
-0.3006 0.0874561075666048 0.0361350537582512 -6.76327365332189 32.8037341742339 70298.0230920679
-0.3007 -0.169565213053838 -0.0580527176687871 -6.94011612957161 32.799043906265 70174.8197685101
-0.3008 0.119817861502971 0.15487645006785 -6.80736237343958 32.7943536382962 70316.3317005991
-0.3009 -0.0502823761828033 -0.189994553630182 -7.01127662514094 32.7896633703273 70153.3704051287
-0.301 0.135930670432983 0.134674104148463 -6.84300863018437 32.7849731023584 70304.2566206036
-0.3011 -0.22782790562041 -0.0825082730199587 -7.07312984565158 32.7802828343896 70132.6100976133
-0.3012 0.102137706506652 0.133926620036175 -6.90769650900225 32.7755925664207 70285.4704818255
-0.3013 -0.0571553446879811 -0.194446651776177 -7.07578864210769 32.7709022984519 70168.9360338143
-0.3014 0.035072805125291 0.196599326772272 -6.88724067210168 32.766212030483 70300.7241015767
-0.3015 -0.0901704488642249 -0.16374081664682 -7.07031370203524 32.7615217625141 70162.0046267054
-0.3016 0.0878305898747342 0.070105670794822 -6.96926614395772 32.7568314945453 70256.1446778857
-0.3017 -0.0965135007305934 -0.108036275477724 -7.10739105234219 32.7521412265764 70146.8567118031
-0.3018 0.0372357959548567 0.0977678482095248 -6.95965354917771 32.7474509586075 70259.7924484224
-0.3019 -0.0253791749889994 -0.163217229248652 -7.15171381871032 32.7427606906387 70148.9520108741
-0.302 0.0504205966960808 0.173030381703302 -7.01013051345968 32.7380704226698 70262.1650822301
-0.3021 -0.0849548800998259 -0.0766142705212433 -7.13063063027919 32.7333801547009 70161.1581268318
-0.3022 0.113766336425517 0.0581729301237232 -6.98556533467334 32.7286898867321 70243.3370569073
-0.3023 -0.094870125556022 -0.0557331132667833 -7.21504122881968 32.7239996187632 70138.9089418639
-0.3024 0.0345171264555231 0.127859819496232 -7.12183054692837 32.7193093507944 70225.28503742
-0.3025 -0.130423224713931 -0.12589354092505 -7.31450255752564 32.7146190828255 70110.4672609003
-0.3026 0.150293348355098 0.0646424677361262 -7.12718471113036 32.7099288148566 70257.0514708357
-0.3027 -0.12029213697156 -0.109203104852723 -7.31117752543555 32.7052385468878 70126.0040982736
-0.3028 0.075337559406756 0.122579088622768 -7.13453828916266 32.7005482789189 70260.2910307105
-0.3029 -0.0836779374269185 -0.129903717399314 -7.31609544210248 32.69585801095 70108.3889091671
-0.303 0.106694818850989 0.166458945330402 -7.18340652719179 32.6911677429812 70231.7368656605
-0.3031 -0.0887818894994371 -0.177424064329358 -7.37057031596716 32.6864774750123 70096.7130952334
-0.3032 0.101655537895293 0.142517223604902 -7.22770235541805 32.6817872070434 70246.1974363531
-0.3033 -0.130897621166101 -0.0655767796421916 -7.35640208381026 32.6770969390746 70130.8008509515
-0.3034 0.188069391515736 0.0333266744185397 -7.25112274506259 32.6724066711057 70241.4094185883
-0.3035 -0.131671244226834 -0.0953387988790498 -7.44747609767339 32.6677164031369 70083.8290900058
-0.3036 0.0372652846004014 0.181602051864766 -7.34008228215868 32.663026135168 70210.1073868478
-0.3037 -0.0416483982856937 -0.203435649569743 -7.43052493710071 32.6583358671991 70105.3615999565
-0.3038 0.206339175291001 0.0893320892246848 -7.31723837189896 32.6536455992303 70251.690262439
-0.3039 -0.276553740093939 -0.0390070314464041 -7.55307763623206 32.6489553312614 70067.044559597
-0.304 0.218271777836859 0.138540125274202 -7.26795056019278 32.6442650632925 70260.8018848734
-0.3041 -0.106022474643368 -0.247179907831524 -7.50117823648173 32.6395747953237 70058.1824816907
-0.3042 0.06458787594865 0.226300739644796 -7.26601816703893 32.6348845273548 70252.2683603532
-0.3043 -0.141349874354854 -0.136837798010056 -7.57836906418461 32.6301942593859 70063.6177184574
-0.3044 0.217857232540665 0.0632734250534619 -7.41118274334413 32.6255039914171 70236.4058171472
-0.3045 -0.131549409590816 -0.117468236516342 -7.60683331247765 32.6208137234482 70073.0539558767
-0.3046 0.0311467776651933 0.160205356828064 -7.44464816537188 32.6161234554794 70207.3587193324
-0.3047 0.028297455295665 -0.149367683866317 -7.61329590929985 32.6114331875105 70103.2041439019
-0.3048 0.0559257598452408 0.0686509923834149 -7.54649365163869 32.6067429195416 70164.5807446819
-0.3049 -0.0776281821883452 0.0171530594188434 -7.63103194313617 32.6020526515728 70117.0640593345
-0.305 0.0278431675655193 -0.0135314369194149 -7.58274590465518 32.5973623836039 70159.554967162
-0.3051 -0.0374318307982597 -0.0551431184899867 -7.66795176087409 32.592672115635 70092.4112911282
-0.3052 0.000373200568034136 0.063808325338925 -7.58199311676096 32.5879818476662 70148.5283323032
-0.3053 -0.0303572738494936 -0.0313837691186825 -7.64034866674607 32.5832915796973 70116.6525448081
-0.3054 0.0706709527714816 0.0158984327344931 -7.62175261733505 32.5786013117284 70135.0208374121
-0.3055 -0.1057251036281 0.000605193009442979 -7.72658324661264 32.5739110437596 70094.5122883678
-0.3056 0.0863463487505745 -0.00828853759064193 -7.61595144685619 32.5692207757907 70159.1498452832
-0.3057 -0.0299871285108087 0.0157305968634782 -7.60820993637564 32.5645305078218 70132.3836100603
-0.3058 -0.0104022875523294 -0.00296277889474534 -7.63026729229217 32.559840239853 70126.1559077296
-0.3059 0.0442596152139919 -0.00490696852161179 -7.67844568411079 32.5551499718841 70115.732468922
-0.306 -0.0534213628223557 0.000234172902670465 -7.70295477223503 32.5504597039153 70101.0118026331
-0.3061 0.00296102256490332 -0.0073717922208895 -7.68453152321172 32.5457694359464 70115.6154817596
-0.3062 -0.0144521607506073 0.0686873146815618 -7.77594567143216 32.5410791679775 70114.1020191961
-0.3063 -0.0824714138542715 -0.0605290290837359 -7.74843207817141 32.5363889000087 70080.4400083509
-0.3064 0.0847455371551829 0.0383469583846003 -7.71717556313764 32.5316986320398 70124.280134163
-0.3065 -0.0381173568753105 -0.0860579157036356 -7.75313282316113 32.5270083640709 70081.6456693638
-0.3066 0.0401674252809545 0.113373866097036 -7.61397422960293 32.5223180961021 70145.4451407024
-0.3067 -0.0441551996101233 -0.100824924674963 -7.78088652671256 32.5176278281332 70050.9226311727
-0.3068 0.0875781248755168 0.0618215467207737 -7.64371385244878 32.5129375601643 70147.1438002055
-0.3069 -0.0945777389957574 -0.0710530075568254 -7.77500380144649 32.5082472921955 70070.2944698807
-0.307 0.0111273478802493 0.109329301408671 -7.70149260992561 32.5035570242266 70156.0482255561
-0.3071 0.094766195752547 -0.178244069811717 -7.80196189290333 32.4988667562578 70090.9253768592
-0.3072 -0.041783080416014 0.120626641021704 -7.70253927700216 32.4941764882889 70131.2399551403
-0.3073 -0.0124417868859316 -0.0132919462550205 -7.82337145928342 32.48948622032 70078.9056438083
-0.3074 -0.00460120759708716 -0.0577293393461036 -7.89255692231206 32.4847959523512 70078.9115647246
-0.3075 0.0925978234482864 0.00508801912118474 -7.87609220393253 32.4801056843823 70105.9207605236
-0.3076 -0.147051586274276 0.0231944820679282 -7.94242215941193 32.4754154164134 70061.0575233558
-0.3077 0.0714064081438066 0.0704800824986431 -7.78490316677648 32.4707251484446 70151.4268217039
-0.3078 0.0362268905417193 -0.242163458878721 -7.94778905671737 32.4660348804757 70045.3568619576
-0.3079 0.0606213499889468 0.186951710898107 -7.83737112898975 32.4613446125068 70151.1602959526
-0.308 -0.183102946412981 -0.0873042286079955 -7.99858626108074 32.456654344538 70027.2830264182
-0.3081 0.113404976584033 0.0874024910766814 -7.86310198889547 32.4519640765691 70139.6490514615
-0.3082 -0.0211769352793832 -0.206150171951224 -8.06415127449965 32.4472738086003 70007.4419127014
-0.3083 0.0246501062657633 0.147906929847217 -7.90501647142154 32.4425835406314 70126.1958674616
-0.3084 -0.0947259929581829 -0.015688628132692 -7.94114109187385 32.4378932726625 70067.615012165
-0.3085 0.144450454054925 0.0137435129226532 -7.86969196216248 32.4332030046937 70145.6441852672
-0.3086 -0.070785788470509 -0.0491112856858091 -7.95826953219767 32.4285127367248 70059.6804568151
-0.3087 0.0451688814056114 0.0519332204854078 -7.87140510787027 32.4238224687559 70114.8372651063
-0.3088 -0.0363730958397815 -0.0388938186919337 -7.98382493330752 32.4191322007871 70057.4544742264
-0.3089 -0.0058532776912843 0.00948220218459597 -7.98354179806988 32.4144419328182 70089.8692580846
-0.309 -0.0706641809066064 -0.00510069658116368 -8.02203671058049 32.4097516648493 70056.894627139
-0.3091 0.0849274800769869 0.0276139524096768 -8.06510914155637 32.4050613968805 70102.7980365077
-0.3092 -0.0803201938892298 -0.0939486191215409 -8.09778538568504 32.4003711289116 70026.5195381335
-0.3093 0.0633838417839021 0.125028947850807 -8.03652067307272 32.3956808609427 70109.9972736895
-0.3094 -0.0503193795746245 -0.0402695349099406 -8.13976668024534 32.3909905929739 70037.3387730431
-0.3095 0.0635694575638587 -0.0326223082226358 -8.04964376584401 32.386300325005 70093.4854129578
-0.3096 0.01214577437648 -0.00856433510608734 -8.15121183648233 32.3816100570362 70071.564064847
-0.3097 -0.0125880034712625 0.0448000510860956 -8.17837005278336 32.3769197890673 70070.7009239102
-0.3098 0.011972157273217 0.0107720472235743 -8.19242133271313 32.3722295210984 70068.981934936
-0.3099 0.0232884588345984 -0.0583484855662205 -8.25557072500991 32.3675392531296 70032.9567086827
-0.31 -0.116876624523038 0.0782074598303725 -8.25632289540481 32.3628489851607 70023.1192187574
-0.3101 0.104605446213433 -0.00822395333520903 -8.24847817143278 32.3581587171918 70052.6486586208
-0.3102 0.109936855856854 -0.0846561540649064 -8.2334963171828 32.353468449223 70058.9894854318
-0.3103 -0.122988789480876 0.070303083798069 -8.21598729317667 32.3487781812541 70046.569579249
-0.3104 0.00162415296031566 0.0750616673108105 -8.18606325618304 32.3440879132852 70079.653247672
-0.3105 0.0883989429547211 -0.131553528155544 -8.29357713231558 32.3393976453164 70030.4123073246
-0.3106 -0.0408495717965736 0.129060620421359 -8.21306168354564 32.3347073773475 70067.6283369821
-0.3107 -0.0713369170789481 -0.122130125222873 -8.37498645524135 32.3300171093787 69977.8095143866
-0.3108 0.148312826066153 0.121190967503392 -8.25030013949185 32.3253268414098 70111.210581551
-0.3109 -0.134622180841072 -0.05588540190111 -8.39570760364976 32.3206365734409 69989.8985126047
-0.311 -0.0186534490308491 0.158968519420042 -8.22494574308097 32.3159463054721 70089.9032395988
-0.3111 0.0295657607859036 -0.17200876778986 -8.35274435295463 32.3112560375032 69996.6117970842
-0.3112 0.0672887936156766 0.0734346071342633 -8.2917046454769 32.3065657695343 70079.8727849896
-0.3113 -0.181082065988958 -0.00732967596102113 -8.4338344082594 32.3018755015655 69976.2928052765
-0.3114 0.171807924443295 0.0238432143428775 -8.29211066044191 32.2971852335966 70097.4846784066
-0.3115 -0.0970500276014757 -0.111409219603877 -8.42776396071506 32.2924949656277 69986.1216531519
-0.3116 0.00791408414597197 0.154576558871856 -8.34014786001618 32.2878046976589 70079.7653009756
-0.3117 -0.0223789470693801 -0.108282197445185 -8.46419688227766 32.28311442969 69985.5704918289
-0.3118 0.184384362030488 0.0194205523609643 -8.24524715701973 32.2784241617211 70097.1397089137
-0.3119 -0.192849124807532 -0.082750373897421 -8.35725180598324 32.2737338937523 69969.2393594054
-0.312 0.138669979502282 0.181232646824495 -8.16887140496519 32.2690436257834 70129.5507792188
-0.3121 -0.0944485021754971 -0.153714729278931 -8.40831243612679 32.2643533578146 69964.9106907235
-0.3122 0.109500791331244 0.111130945623546 -8.25026932602152 32.2596630898457 70104.3878476161
-0.3123 -0.101848896995867 -0.0974195124865111 -8.5225753191758 32.2549728218768 69970.5066002701
-0.3124 0.149317671634913 0.123875640797281 -8.26619005543851 32.250282553908 70122.1056624971
-0.3125 -0.184311899075438 -0.0407790149846529 -8.44252367794899 32.2455922859391 69985.3026925087
-0.3126 0.196928943421778 0.0548017757107315 -8.33087305753811 32.2409020179702 70095.9253425349
-0.3127 -0.165523394126407 -0.0667174976081766 -8.46324812026202 32.2362117500014 69981.6425996543
-0.3128 0.0141287931452928 0.0318326328974112 -8.43253194880981 32.2315214820325 70054.6662448273
-0.3129 -0.0625022442113777 -0.00605267284771971 -8.40919485484709 32.2268312140637 70046.764141875
-0.313 0.099620412354363 -0.0189370117409167 -8.38511696408027 32.2221409460948 70078.4726016755
-0.3131 -0.0225406916829692 0.0945980609081745 -8.41216104722602 32.2174506781259 70064.5305593559
-0.3132 -0.179573269541059 -0.0122281578291233 -8.46014760313331 32.2127604101571 70003.2220682587
-0.3133 0.169809750975922 -0.0335695325728778 -8.38723730739285 32.2080701421882 70078.0447442256
-0.3134 -0.0270645989556976 -0.0142663769139842 -8.45764665153578 32.2033798742193 70026.1837547697
-0.3135 0.0178831380582232 0.0842852781944923 -8.31548860287954 32.1986896062505 70101.8920933072
-0.3136 -0.00424992745919836 -0.0577094829069849 -8.41540038155527 32.1939993382816 70036.571694305
-0.3137 0.0440199612529094 0.0060320926152772 -8.35756877805989 32.1893090703127 70074.8826618805
-0.3138 -0.0379905819228053 0.0256777854170642 -8.39179263923351 32.1846188023439 70062.3043996901
-0.3139 -0.00958653003895038 -0.0111521025035362 -8.47537751818236 32.179928534375 70037.3818679423
-0.314 -0.0251608794688789 0.0230806761951126 -8.43300099907 32.1752382664061 70064.4180435787
-0.3141 0.0217002362707718 0.0400222331141813 -8.44082350120065 32.1705479984373 70062.8435350315
-0.3142 0.0566962463002612 -0.0367716889890638 -8.45294559689238 32.1658577304684 70065.5475776162
-0.3143 -0.026135067292664 0.051284015900682 -8.40255267282573 32.1611674624996 70073.7065348954
-0.3144 -0.0343357365931423 -0.0302668143568947 -8.42956012792925 32.1564771945307 70058.2298637278
-0.3145 0.105560223429448 -0.0561649568579416 -8.35968378522531 32.1517869265618 70078.5955329789
-0.3146 -0.0820050536351692 0.0407059726198042 -8.42987031997725 32.147096658593 70053.7861303313
-0.3147 0.0505435354846294 0.0141464814957704 -8.40795535056429 32.1424063906241 70095.8454476436
-0.3148 -0.0378202884523154 -0.0740050153592638 -8.53221288816224 32.1377161226552 70034.238595227
-0.3149 0.0699685134691789 0.0891642491723954 -8.43915286533661 32.1330258546864 70102.0048895019
-0.315 -0.124932295370972 -0.00748597921334773 -8.53707582017417 32.1283355867175 70019.9721167699
-0.3151 0.11567192121335 0.00720817418712052 -8.51247541885285 32.1236453187486 70078.9063858993
-0.3152 -0.11597406644016 0.00751984208263406 -8.58651634866265 32.1189550507798 70011.2923959731
-0.3153 0.0832507637366993 0.0130949542310971 -8.53112873578948 32.1142647828109 70084.5422525607
-0.3154 -0.0322113993964666 -0.0536867897418249 -8.58540270325144 32.1095745148421 70029.6243893816
-0.3155 0.0262050386036586 0.0482366114444445 -8.50318755849647 32.1048842468732 70072.038741909
-0.3156 -0.0654134629732268 -0.0344796052782006 -8.67818222015493 32.1001939789043 69993.503279755
-0.3157 0.0786567916246541 0.0381900177023358 -8.6209795448304 32.0955037109355 70062.8537794672
-0.3158 -0.0814587121687716 -0.0437959783667967 -8.70601903440992 32.0908134429666 69997.6974647302
-0.3159 0.0564190747063892 0.0251377360128055 -8.68569855972807 32.0861231749977 70056.5854537309
-0.316 -0.00580744501767243 -0.0829317606792069 -8.70923698707615 32.0814329070289 70012.5741805174
-0.3161 -0.0905173216155713 0.127280079589063 -8.65685723872996 32.07674263906 70058.236696382
-0.3162 0.00855627159822958 -0.0754939335880411 -8.77878731462199 32.0720523710911 70008.8772958013
-0.3163 0.107157003789857 -0.0181914037712995 -8.71587204199761 32.0673621031223 70040.7086519417
-0.3164 0.029830311208356 -0.00265232707253481 -8.75289763148646 32.0626718351534 70026.1364235692
-0.3165 -0.106106136770491 0.0981417819497209 -8.77649365572101 32.0579815671845 70025.5348422336
-0.3166 0.0730323504445046 -0.00976311869638402 -8.78141276917395 32.0532912992157 70042.4946133435
-0.3167 0.0628400473344729 -0.152652276412736 -8.82971613513286 32.0486010312468 70006.9295744488
-0.3168 -0.0782115541490245 0.227583865832457 -8.8275628424726 32.043910763278 70049.0961816466
-0.3169 0.00543152574251244 -0.0696677616144076 -8.84386706459504 32.0392204953091 69996.6123821046
-0.317 0.14455173367405 -0.0995847156192576 -8.79834887211756 32.0345302273402 70038.8523170987
-0.3171 -0.0340143742827139 0.114304279066422 -8.84183110760643 32.0298399593714 70025.1459505167
-0.3172 -0.120829773468668 -0.0714602947707709 -8.94279177858371 32.0251496914025 69954.3612778319
-0.3173 0.17564884286686 0.0294099000954959 -8.80587113096261 32.0204594234336 70063.9412545191
-0.3174 -0.159621920252342 -0.0977589480630652 -9.05418370425907 32.0157691554648 69916.3448480776
-0.3175 0.0445978680488937 0.242244078347401 -8.83864836522929 32.0110788874959 70088.7250328839
-0.3176 -0.0658087637458473 -0.159819022869563 -8.96333867683453 32.006388619527 69955.2487663563
-0.3177 0.120741708561495 0.01252529299372 -8.87222216758094 32.0016983515582 70056.3417515081
-0.3178 -0.175086845902948 -0.0142307051178785 -8.96846248713794 31.9970080835893 69954.207553962
-0.3179 0.110264842589538 0.0189303741738706 -8.86614489425971 31.9923178156205 70059.2872700645
-0.318 -0.0203714999015122 -0.0997648890460067 -8.90836828326285 31.9876275476516 69979.0843311463
-0.3181 0.00302992510590408 0.143399008867304 -8.96328165198527 31.9829372796827 70029.3023231777
-0.3182 -0.0213963089552165 -0.0385187858959954 -9.01368837508758 31.9782470117139 69968.4799332418
-0.3183 0.027041762887623 -0.00739591602100179 -8.92448162497642 31.973556743745 70021.5288165551
-0.3184 -0.0682485858525306 0.0105438066679012 -8.8876056142107 31.9688664757761 70006.7938369339
-0.3185 0.0902041606272078 -0.000741154070423176 -8.94643293839377 31.9641762078073 70016.66766319
-0.3186 0.0223344762341364 -0.0106522846940711 -8.98804692883788 31.9594859398384 70000.5274391552
-0.3187 -0.0850266919798215 0.0102514303273181 -8.95798631887883 31.9547956718695 69991.6777811853
-0.3188 0.0180976784686929 -0.07905999061355 -8.98594382068439 31.9501054039007 69991.5786683803
-0.3189 0.0398148005212099 0.0280976282847811 -8.86597238787582 31.9454151359318 70059.2005257023
-0.319 -0.105295918298648 -0.00894903306956022 -8.8621966170324 31.940724867963 70012.9928280027
-0.3191 0.0317831363638496 0.046171154444183 -8.80040890823296 31.9360345999941 70057.6441530427
-0.3192 -0.0282842914629939 -0.067623657104361 -8.77014832942976 31.9313443320252 70014.302941076
-0.3193 0.061615825704349 0.0046313017406059 -8.70949141864397 31.9266540640564 70060.9785309972
-0.3194 -0.115410171330669 0.00174847953616892 -8.74651407291416 31.9219637960875 70012.2046243445
-0.3195 0.0817575926950411 0.0920458439311575 -8.63078337983059 31.9172735281186 70097.6367262316
-0.3196 0.125982503905873 -0.0797429001848088 -8.45095183091001 31.9125832601498 70092.4552321591
-0.3197 -0.028923158156645 -0.00273736446535833 -8.37356304958672 31.9078929921809 70098.9529876397
-0.3198 -0.0517399455008841 0.106623451317661 -8.24516974776299 31.903202724212 70131.8850587878
-0.3199 -0.0113262290234542 -0.102511882668615 -8.07670874216182 31.8985124562432 70132.1145784415
-0.32 0.0825202566695816 -0.0463181901590894 -7.79757768198507 31.8938221882743 70202.8538634872
-0.3201 -0.0847811917347027 0.0736103215457504 -7.66406621515153 31.8891319203054 70208.7229627013
-0.3202 0.024244536400722 -0.00750224140148221 -7.46074786401074 31.8844416523366 70240.8908000327
-0.3203 0.0793899779336852 -0.0351833259554664 -7.23477401971462 31.8797513843677 70271.9169657707
-0.3204 -0.00479012129203381 0.0508899909998282 -7.10424712967995 31.8750611163989 70305.0969140379
-0.3205 -0.0272501160904962 0.0589103518758637 -6.99001538473419 31.87037084843 70325.1105324424
-0.3206 0.0168349585411673 -0.0320432750970741 -6.90512823550888 31.8656805804611 70321.6113390332
-0.3207 0.0779208048791516 -0.0857393312775139 -6.7952493117811 31.8609903124923 70343.5282150302
-0.3208 -0.122468712473018 0.0799256258466174 -6.54408427640213 31.8563000445234 70374.4914931644
-0.3209 0.0707612608143865 -0.0795172318070614 -6.36524607349243 31.8516097765545 70419.9500249796
-0.321 -0.0169618210300895 0.00378109668201035 -6.13916498276634 31.8469195085857 70450.5471907188
-0.3211 -0.0679529307957089 0.0187985350073759 -5.98287338405329 31.8422292406168 70472.454500914
-0.3212 0.071772082994445 -0.0269085448264525 -5.91735607801654 31.8375389726479 70490.2744316655
-0.3213 -0.0201528111378597 -0.0127639700405084 -5.86414440917145 31.8328487046791 70483.1818848817
-0.3214 -0.0950462963428982 0.143318513436188 -5.64734386884652 31.8281584367102 70528.0534023031
-0.3215 0.150505238050376 -0.171915968755576 -5.5816278601334 31.8234681687414 70523.6894758722
-0.3216 -0.0193029898632399 0.0470866552380222 -5.4920983897246 31.8187779007725 70544.1577737717
-0.3217 -0.0936087181426698 0.0425094764438725 -5.42933401181088 31.8140876328036 70531.5783746792
-0.3218 0.0834774778779418 -0.0396284778262134 -5.31931461990374 31.8093973648348 70559.6696830921
-0.3219 0.0124439376471829 -0.0706253877829414 -5.28819139801463 31.8047070968659 70536.8839979909
-0.322 -0.036444849279717 0.140114790577221 -5.16177683730148 31.800016828897 70580.7432809814
-0.3221 -0.0527891900061491 -0.112489572959438 -5.02635628999549 31.7953265609282 70553.8737267045
-0.3222 0.0673292244555249 0.0298471529771295 -4.78860858893205 31.7906362929593 70655.1075696837
-0.3223 -0.0887794276217446 -0.0395275431281437 -4.74819923828361 31.7859460249904 70580.5590586787
-0.3224 -0.00527238973667076 0.0506179986491377 -4.5721704180488 31.7812557570216 70648.7086128313
-0.3225 -0.0376642409504754 0.0330182354145919 -4.40719288724304 31.7765654890527 70656.5322076914
-0.3226 0.091601383332198 -0.074364752913761 -4.27455303758388 31.7718752210839 70681.4895933995
-0.3227 -0.0333023307141541 0.0124369834119345 -4.28101956687684 31.767184953115 70658.6603364197
-0.3228 -0.0177225203912632 0.0561021220805342 -4.26555175955233 31.7624946851461 70658.0422021276
-0.3229 0.00218665071222703 0.00601598979757609 -4.29522677391486 31.7578044171773 70643.2301162295
-0.323 0.0700822707733787 -0.128031651984715 -4.31996760356105 31.7531141492084 70625.5488123224
-0.3231 0.0103916382309437 0.050326555302418 -4.29780736129447 31.7484238812395 70647.778764147
-0.3232 -0.124847754965712 0.0859141983655225 -4.27005966300807 31.7437336132707 70625.8490687584
-0.3233 0.120985743512162 -0.0976422887135897 -4.28064807280068 31.7390433453018 70625.9936691139
-0.3234 -0.0496918351977381 0.00587397092884631 -4.27141270831404 31.7343530773329 70618.090594084
-0.3235 -0.00936103312426662 0.0458635699547026 -4.22341355646944 31.7296628093641 70634.9564391631
-0.3236 -0.0233786155420025 0.0132064428837781 -4.17849961438064 31.7249725413952 70632.667566587
-0.3237 0.0520997219282602 -0.0780657423867328 -4.22567943114334 31.7202822734263 70604.9913063787
-0.3238 0.0372002073294441 0.0166238820388358 -4.17191530212384 31.7155920054575 70643.4265735737
-0.3239 -0.0806750404556287 -0.0510660100591488 -4.24552849137218 31.7109017374886 70584.2159877979
-0.324 0.139992429359528 0.0831806268712994 -4.19888643348193 31.7062114695198 70671.8722149166
-0.3241 -0.0991990361916421 -0.183196792547331 -4.42195433985915 31.7015212015509 70506.3948121697
-0.3242 0.0793961651322629 0.175320622046271 -4.22967860427129 31.696830933582 70661.7994931141
-0.3243 -0.127518737129159 -0.120469335587432 -4.44322738094562 31.6921406656132 70499.2097750373
-0.3244 0.175600325828366 0.0370475838091789 -4.33001458674413 31.6874503976443 70630.8541045432
-0.3245 -0.158249421123014 -0.0583422321807429 -4.42285768088821 31.6827601296754 70510.1985178689
-0.3246 0.0596714088173814 0.176504628132738 -4.36015052675598 31.6780698617066 70626.1771141855
-0.3247 -0.0661004838504922 -0.188369888234942 -4.49143030225044 31.6733795937377 70491.3162416938
-0.3248 0.140605943501114 0.0622376191530909 -4.3186450439205 31.6686893257688 70624.0650731592
-0.3249 -0.210192801924073 0.00368782870080881 -4.54435632108332 31.6639990578 70477.9857994821
-0.325 0.131453064208885 0.00224254837397782 -4.50808827063876 31.6593087898311 70555.7011054898
-0.3251 -0.0594093314174471 -0.0997554815408354 -4.62376581821445 31.6546185218623 70468.7108683393
-0.3252 0.0575121072434498 0.155507365870843 -4.48119478680008 31.6499282538934 70586.2772233483
-0.3253 -0.1452070249746 -0.102559617167011 -4.63374789531634 31.6452379859245 70455.810976631
-0.3254 0.215308361348733 0.075028539789574 -4.51617138392492 31.6405477179557 70593.4206571801
-0.3255 -0.144999674012418 -0.137594431256886 -4.74798965355365 31.6358574499868 70420.442249731
-0.3256 0.110303835180065 0.18306778814964 -4.6341183761612 31.6311671820179 70572.6656621069
-0.3257 -0.108514636413935 -0.131998889599184 -4.81456388443511 31.6264769140491 70414.4432057792
-0.3258 0.166919852442734 0.111114848635042 -4.62626148366247 31.6217866460802 70581.3800092232
-0.3259 -0.157501799739071 -0.0960512018718145 -4.8357017215862 31.6170963781113 70411.0290803003
-0.326 0.0917097481562636 0.155875459080509 -4.6506293711093 31.6124061101425 70558.622462407
-0.3261 -0.0824037012133361 -0.239754282057271 -4.86763953252717 31.6077158421736 70388.5145353048
-0.3262 0.163167549046798 0.205196250907222 -4.6176134797642 31.6030255742048 70597.2268183847
-0.3263 -0.221938492671729 -0.177492023046259 -4.92480913519223 31.5983353062359 70381.2521286733
-0.3264 0.204386178924717 0.212948311983419 -4.62875061502115 31.593645038267 70618.2878399814
-0.3265 -0.0787856257547801 -0.293444770037391 -4.89859500622405 31.5889547702982 70378.377481714
-0.3266 -0.0193049516455993 0.282452569501029 -4.71249736370097 31.5842645023293 70559.527899714
-0.3267 -0.0178617408206643 -0.201374104807651 -4.90903730807709 31.5795742343604 70418.0569465885
-0.3268 0.0857220140648825 0.0672791478613683 -4.83587832919651 31.5748839663916 70498.8724242188
-0.3269 -0.0951531788222746 -0.058454281352708 -5.01444751504922 31.5701936984227 70391.7601810176
-0.327 0.0525698496987507 0.0405119030448623 -4.9232157932023 31.5655034304538 70476.9281263134
-0.3271 -0.00304772600091436 -0.0415067626717273 -4.9940387841665 31.560813162485 70408.5267422741
-0.3272 0.0337137805780013 0.00508326049858749 -4.95481165158891 31.5561228945161 70456.9658008205
-0.3273 -0.068077428659354 0.0677072947426231 -4.99831458000309 31.5514326265473 70433.1472136849
-0.3274 0.129256955690212 -0.0256289552202911 -4.94578813062024 31.5467423585784 70463.4829770717
-0.3275 -0.0639138626066533 0.00264522272685225 -5.01772168120683 31.5420520906095 70394.4330208919
-0.3276 -0.0062687243895614 0.0464906999442365 -4.94931285588552 31.5373618226407 70438.702130595
-0.3277 -0.0466371262375945 -0.0324539041045032 -5.00192015805274 31.5326715546718 70408.5202245898
-0.3278 0.101897860341373 -0.0210425739134693 -4.99173518297334 31.5279812867029 70446.6204130184
-0.3279 -0.0582680669370499 0.0744269527143158 -5.02008210721589 31.5232910187341 70427.8177211466
-0.328 -0.0351180886794777 -0.0199105508179467 -5.116948683532 31.5186007507652 70390.4972789662
-0.3281 0.0705107721520078 -0.00998534269753697 -5.11279683503795 31.5139104827963 70403.7746076344
-0.3282 -0.0271551473419549 -0.0247629218756318 -5.15477837298858 31.5092202148275 70385.600784795
-0.3283 -0.00338639711624433 -0.0146430522208956 -5.1586873957995 31.5045299468586 70399.768044947
-0.3284 0.0122634555573539 0.00645393338117313 -5.12858789071811 31.4998396788897 70415.7737387737
-0.3285 -0.017349575349973 -0.078377664527549 -5.14836070379401 31.4951494109209 70381.2647592327
-0.3286 0.0232954174631446 0.117217870365055 -5.09513357434199 31.490459142952 70437.1951847192
-0.3287 -0.0412201580002907 -0.060851173692276 -5.27798612401542 31.4857688749832 70350.5675845001
-0.3288 0.0973465358589061 -0.0023622925377894 -5.1993314725897 31.4810786070143 70416.756761038
-0.3289 -0.0466762609197289 -0.0380243437030491 -5.26131307222151 31.4763883390454 70361.6541683244
-0.329 -0.0492612815125598 0.0754682228626226 -5.23885065219596 31.4716980710766 70394.9140098706
-0.3291 0.0790804222750672 -0.0982470928879147 -5.29022489433619 31.4670078031077 70373.6433750741
-0.3292 -0.0299834528049449 0.0569417203851995 -5.25188165959862 31.4623175351388 70389.0228463236
-0.3293 -0.0668566576693822 0.0342863110133627 -5.34281804333175 31.45762726717 70346.0465622415
-0.3294 0.0855028433374258 -0.111666239539745 -5.35445924762085 31.4529369992011 70347.6130141658
-0.3295 -0.0671445743799641 0.0788017093975703 -5.31982868246194 31.4482467312322 70367.5595621808
-0.3296 -0.05857191451592 -0.00691990280777842 -5.31115474353586 31.4435564632634 70372.8016056687
-0.3297 0.107200290274079 -0.0369847737218873 -5.33548545467824 31.4388661952945 70385.6964761551
-0.3298 -0.0636000825858511 0.00186643446996649 -5.39078701323783 31.4341759273257 70345.1693339582
-0.3299 -0.0226836454553131 0.139830036981267 -5.34204785694326 31.4294856593568 70381.5222134913
-0.33 0.0468305445975225 -0.207793145800284 -5.44091925474532 31.4247953913879 70317.3518220568
-0.3301 0.0553258610393383 0.054582413745462 -5.41167445485238 31.4201051234191 70367.7641283907
-0.3302 -0.14544000833481 0.0686985073068155 -5.51612547885347 31.4154148554502 70304.5870224383
-0.3303 -0.00301865507785463 -0.0410190562507578 -5.42347392031937 31.4107245874813 70349.931452273
-0.3304 0.0565734873497887 -0.0509194631702696 -5.51255088239668 31.4060343195125 70337.560143044
-0.3305 -0.0698436372954975 0.0206869813556813 -5.54780687744975 31.4013440515436 70318.1305198912
-0.3306 0.00717484831764178 0.0324019412504674 -5.57725227437053 31.3966537835747 70314.1392893225
-0.3307 -0.00693601216548223 -0.0797432095834228 -5.56469750774347 31.3919635156059 70294.4924592091
-0.3308 0.0194752314587849 0.0192142431052969 -5.58928088746708 31.387273247637 70317.6725998118
-0.3309 0.0299190130072345 -0.0645399123570757 -5.58520181203608 31.3825829796682 70307.1059812533
-0.331 -0.0460249334537606 0.0476336738798883 -5.57775714776791 31.3778927116993 70338.8599777458
-0.3311 -0.0318448536102075 0.0443449231799679 -5.63522879395071 31.3732024437304 70324.6301597158
-0.3312 0.137209880686983 -0.142242336992632 -5.67370846916894 31.3685121757616 70302.6019026159
-0.3313 -0.090848889130627 0.0725955669895787 -5.68953392047546 31.3638219077927 70295.3786196619
-0.3314 -0.0627210573076445 0.0604578957168618 -5.68336079201888 31.3591316398238 70299.0468344533
-0.3315 0.0981090462736712 -0.129228848325856 -5.65911776624683 31.354441371855 70292.8844110072
-0.3316 0.0218718720895591 0.020980968185265 -5.58851723493934 31.3497511038861 70317.1781980667
-0.3317 -0.133327134211662 0.114548769848157 -5.68303532358397 31.3450608359172 70300.3674641861
-0.3318 0.0508113067766001 -0.0441916940158566 -5.75089305179931 31.3403705679484 70292.9278270369
-0.3319 0.0952014488098054 -0.0752534617137833 -5.74183816931721 31.3356802999795 70295.3681965002
-0.332 -0.175531811169085 0.0563767363469413 -5.85366405291118 31.3309900320107 70236.0745088601
-0.3321 0.0877798986486881 0.0178016791396006 -5.77173952998565 31.3262997640418 70306.4036017164
-0.3322 0.0468403656514137 -0.117210431531938 -5.88656110492211 31.3216094960729 70236.572978797
-0.3323 0.0379879074629581 0.110186831636 -5.88868362629883 31.3169192281041 70294.6543853385
-0.3324 -0.185723675552372 0.0367461844655128 -6.02908269320161 31.3122289601352 70218.6497680442
-0.3325 0.18522016627588 -0.0594244547266357 -5.92724231896446 31.3075386921663 70296.1213673692
-0.3326 -0.0778625211459877 -0.055415373228267 -5.96421335253404 31.3028484241975 70209.1435239205
-0.3327 -0.0198338503780869 0.0984811321936186 -5.98250592343269 31.2981581562286 70251.7917773865
-0.3328 -0.00412150774385051 -0.00596164862985777 -5.94152193457929 31.2934678882597 70251.6444340364
-0.3329 0.0806590754358868 -0.0219691655811143 -6.00633079943466 31.2887776202909 70255.7702631857
-0.333 -0.0389821345941924 0.00471564961841727 -6.00820650510415 31.284087352322 70243.0483225045
-0.3331 -0.0461640835551933 0.0426711056287645 -6.11399172541324 31.2793970843531 70236.916199972
-0.3332 0.0794016857329584 -0.00796501455533851 -5.97562296156049 31.2747068163843 70264.5188224982
-0.3333 -0.00990546882999853 -0.0631004362596851 -6.06571447822166 31.2700165484154 70205.3728888591
-0.3334 -0.0273893196620857 0.121579380603182 -6.09415092927206 31.2653262804466 70238.2050085405
-0.3335 -0.0671910804063419 -0.0836789019999781 -6.19794938725375 31.2606360124777 70167.4133484107
-0.3336 0.118309672849424 0.0409215994376866 -6.11547584573861 31.2559457445088 70256.3783482682
-0.3337 -0.0791542828178046 -0.0809129595396182 -6.16917283384426 31.25125547654 70179.1217383345
-0.3338 0.0458186025480896 0.119269605360471 -6.14242214175304 31.2465652085711 70259.1697316025
-0.3339 -0.0470408651962843 -0.0550952066376554 -6.27347577535284 31.2418749406022 70179.9025383115
-0.334 0.10312739692586 0.00701806211094792 -6.20743730856179 31.2371846726334 70220.8055632608
-0.3341 -0.0958073897625541 -0.0761988942271577 -6.30298442751352 31.2324944046645 70131.5284687058
-0.3342 0.000134987668645063 0.155078749203122 -6.25703200191241 31.2278041366956 70226.9176050467
-0.3343 0.0104456815676699 -0.200065686807283 -6.36663050662741 31.2231138687268 70138.9000079288
-0.3344 0.0529568266262024 0.149346316057029 -6.20123612643774 31.2184236007579 70246.7905954728
-0.3345 -0.130814671232624 -0.0666563721685173 -6.38226187180135 31.2137333327891 70135.5493987961
-0.3346 0.127614471134717 0.124757908074252 -6.2392868555903 31.2090430648202 70253.7499903472
-0.3347 -0.0156201402887253 -0.268528046124556 -6.43807535229238 31.2043527968513 70109.1808127931
-0.3348 -0.022771506493296 0.286943328184646 -6.32163901855316 31.1996625288825 70248.0066055325
-0.3349 -0.110480690898968 -0.159608730302144 -6.51548039181299 31.1949722609136 70095.1979099412
-0.335 0.278096220359599 -0.00578333024009723 -6.29407326325442 31.1902819929447 70269.7490206521
-0.3351 -0.191469733580329 -0.0372704434728479 -6.51153552582968 31.1855917249759 70112.0978654991
-0.3352 0.0310833313187603 0.186287498664235 -6.3664958621255 31.180901457007 70236.5626413668
-0.3353 0.077748714657328 -0.266950724641944 -6.51415448895857 31.1762111890381 70122.8755848464
-0.3354 0.0545153253751768 0.169160395699526 -6.45414986525762 31.1715209210693 70220.0918553637
-0.3355 -0.175128351519369 -0.0245780159517408 -6.64144719027722 31.1668306531004 70090.0493711802
-0.3356 0.171864828240505 0.0369730614436328 -6.48563631711448 31.1621403851316 70208.3797931514
-0.3357 -0.0291567971498267 -0.0896364943869738 -6.56771771262144 31.1574501171627 70134.892516017
-0.3358 -0.00768088435482085 0.138707656024919 -6.53418868187123 31.1527598491938 70196.547078445
-0.3359 -0.0326099065269066 -0.0616013594482471 -6.57595584846413 31.148069581225 70121.156556853
-0.336 0.0829223363985604 -0.0209190597113561 -6.53229022512442 31.1433793132561 70167.658891677
-0.3361 -0.050998455667235 0.0388097748178213 -6.66487770147466 31.1386890452872 70125.7422401934
-0.3362 -0.0219666667549619 0.0420203067107429 -6.74720890474721 31.1339987773184 70135.6404680394
-0.3363 0.0749637385934084 -0.0772468323738994 -6.7168075444783 31.1293085093495 70131.4163728219
-0.3364 -0.0780235788726516 -0.00603469911560665 -6.78863228037536 31.1246182413806 70094.7448217099
-0.3365 0.029530236820123 0.0696739537589056 -6.76409962520761 31.1199279734118 70146.9636910311
-0.3366 -0.0884856281748141 -0.0632000070255948 -6.83852583591154 31.1152377054429 70075.8731506445
-0.3367 0.185841010236249 -0.00646146808271961 -6.77083533240534 31.110547437474 70156.3770715001
-0.3368 -0.177750645109681 -0.0331939612525725 -6.97627869990962 31.1058571695052 70029.2495210057
-0.3369 0.0994725964167471 0.153335391998555 -6.74206407408779 31.1011669015363 70194.4667240361
-0.337 -0.0593692384354225 -0.226154408235016 -6.9372204837146 31.0964766335675 70030.0384543436
-0.3371 0.155482107476149 0.0975097295686422 -6.79537172672586 31.0917863655986 70170.6815868239
-0.3372 -0.25403196132152 -0.0148478189246499 -6.95677036104972 31.0870960976297 70021.1829485268
-0.3373 0.195192257895703 0.0698471407718563 -6.80021546991692 31.0824058296609 70169.1776751951
-0.3374 -0.0663471216922111 -0.200565176687349 -7.0339739848518 31.077715561692 70009.6828315864
-0.3375 0.0471246357740588 0.182815468395669 -6.91924940138355 31.0730252937231 70144.1077314005
-0.3376 -0.0762449344737531 -0.0544214726416482 -6.9721888779388 31.0683350257543 70059.4936324419
-0.3377 0.126544551520648 -0.0173997887305015 -6.87249483271919 31.0636447577854 70117.4050367471
-0.3378 -0.0620480875241723 -0.0706579364926217 -7.00810297478512 31.0589544898165 70038.4032576074
-0.3379 -0.00615876355737757 0.0663261941370176 -6.99815333761781 31.0542642218477 70092.4328357399
-0.338 0.0641643323964443 -0.0201149368539802 -7.04179019923658 31.0495739538788 70092.3002203235
-0.3381 -0.0133722926463481 -0.057674320203221 -7.00547876543328 31.04488368591 70080.1579261547
-0.3382 -0.0781916205929381 0.0817843647071161 -7.03541697750376 31.0401934179411 70083.7818397069
-0.3383 0.0207582017361866 -0.0206398625349676 -7.10496560264486 31.0355031499722 70059.5401735691
-0.3384 0.0837112465869555 -0.00570057311412317 -7.14902743385711 31.0308128820034 70057.8130614745
-0.3385 -0.000415998892721073 -0.0203701156733165 -7.1452201176711 31.0261226140345 70058.8232993458
-0.3386 -0.0849643053445855 0.0993878035984265 -7.1844058152568 31.0214323460656 70050.3086478628
-0.3387 0.0594804524225265 -0.00159659007752711 -7.14174599748855 31.0167420780968 70065.3461601332
-0.3388 0.0821483543694911 -0.133757087797618 -7.21866559439729 31.0120518101279 70020.5193520992
-0.3389 -0.0508723306677476 0.169283517387644 -7.14365091082024 31.007361542159 70079.9947123336
-0.339 -0.0623238904514424 -0.00878513281515153 -7.21996019662203 31.0026712741902 70013.4416748999
-0.3391 0.195437122896057 -0.0806141112336864 -7.21328134119211 30.9979810062213 70061.3642053497
-0.3392 -0.108819318714942 0.0162610490162214 -7.29243301435809 30.9932907382525 70016.4205384726
-0.3393 -0.0836603833670187 0.161206131949028 -7.25465698716962 30.9886004702836 70059.878084087
-0.3394 0.133832592074697 -0.186732756272113 -7.34059450086232 30.9839102023147 70022.6971244695
-0.3395 0.057542564027026 0.0160464849708293 -7.31453474398053 30.9792199343459 70044.0782685364
-0.3396 -0.141997365323378 0.0542195739349868 -7.3833927169081 30.974529666377 69992.6576702467
-0.3397 0.0195198774388911 0.0148402966768363 -7.36283216653778 30.9698393984081 70023.4208137101
-0.3398 0.0820675239862714 -0.0817223370028795 -7.41447274702404 30.9651491304393 70022.3861535858
-0.3399 -0.0755461058504268 0.0179890502829915 -7.46786703716617 30.9604588624704 69995.8602552651
-0.34 0.0441078920406893 0.0483235988409323 -7.41115503983781 30.9557685945015 70041.0084761938
-0.3401 0.0180057208783236 -0.0987911625710974 -7.48638670000842 30.9510783265327 69985.887078828
-0.3402 0.0196946523312372 0.0367615937857471 -7.42915147779667 30.9463880585638 70019.7028122495
-0.3403 -0.137235888349881 0.0281736758490703 -7.49878739253373 30.9416977905949 69974.1867045977
-0.3404 0.155499336136707 -0.115086470911498 -7.44254903953718 30.9370075226261 70027.6692323277
-0.3405 -0.0353422747994505 0.0113009386512911 -7.47228597053365 30.9323172546572 70008.6988426067
-0.3406 -0.126515926537144 0.0167506034896393 -7.58370494555967 30.9276269866884 69974.4748743892
-0.3407 0.0895728851046677 0.0251819540335281 -7.53224844010947 30.9229367187195 70022.4114065617
-0.3408 0.0441132303225839 -0.113544694115195 -7.62347424552859 30.9182464507506 69965.6266760661
-0.3409 -0.0946218718935953 0.181491908502345 -7.48838817952268 30.9135561827818 70022.5570510788
-0.341 -0.0570314559993701 -0.0314008696684736 -7.619562914951 30.9088659148129 69979.3445982248
-0.3411 0.165674173812608 -0.131731349031293 -7.56064230324892 30.904175646844 70010.3155652991
-0.3412 -0.0679654562037743 0.0830459445396997 -7.60118581103784 30.8994853788752 69998.0013665765
-0.3413 -0.0886779662336069 0.0242869373060782 -7.53696955462116 30.8947951109063 69983.9206014579
-0.3414 0.0440774319656497 -0.0277722093596183 -7.60900528777724 30.8901048429374 69991.2340660346
-0.3415 0.0204848720093815 -0.0387817182145934 -7.51450685204084 30.8854145749686 70010.4358191423
-0.3416 -0.056368131506982 0.0682958413799578 -7.56322187585922 30.8807243069997 70014.9784389815
-0.3417 0.0198724211703748 -0.00911577693523193 -7.55501414174178 30.8760340390309 70014.4026909942
-0.3418 0.0510231652924389 -0.0889948790726843 -7.57713893553724 30.871343771062 69993.991366007
-0.3419 0.00281508139626593 0.0569471195648421 -7.56077853981393 30.8666535030931 70016.9602524813
-0.342 -0.0775506706030839 -0.0248208897595814 -7.50737214711506 30.8619632351243 70004.3589526719
-0.3421 0.0270474050287936 0.0416286099924083 -7.50049852902948 30.8572729671554 70046.8813744304
-0.3422 0.0607195194951581 -0.118881669246942 -7.4929736502131 30.8525826991865 70018.7567219294
-0.3423 -0.0584546720506993 0.0875979261787131 -7.46200105408259 30.8478924312177 70043.8843577284
-0.3424 -0.100068387691653 0.0498346925762735 -7.50466249776434 30.8432021632488 70020.4689820211
-0.3425 0.120972022103235 -0.0999312717898074 -7.46309355135366 30.8385118952799 70044.7076158836
-0.3426 -0.0935801012626948 0.0510282152503041 -7.48041029272187 30.8338216273111 70032.9106524982
-0.3427 0.00972770764625364 0.0364554889089197 -7.48793805084499 30.8291313593422 70058.0397831479
-0.3428 0.00389387755997542 -0.105776009407254 -7.49359750648458 30.8244410913734 70021.2330033751
-0.3429 0.0491122226408759 0.0264841400931823 -7.43375812650837 30.8197508234045 70083.5917652907
-0.343 -0.140926401850877 0.0446607509711536 -7.46090739665409 30.8150605554356 70035.2158839028
-0.3431 0.0836143375958109 -0.0643581501107526 -7.43229211773571 30.8103702874668 70069.6735346026
-0.3432 0.0308452287434349 -0.0471411499151935 -7.35472796251727 30.8056800194979 70078.6999511805
-0.3433 -0.0653972921884744 -0.0244816678420085 -7.31712513921713 30.800989751529 70076.1961327078
-0.3434 -0.0402810616005795 0.111097395232927 -7.15442003595663 30.7962994835602 70128.8976283759
-0.3435 0.0896770630398749 -0.095173872235662 -7.16077118590237 30.7916092155913 70115.7921635234
-0.3436 -0.0469618629234448 0.110538773230259 -7.14274727658947 30.7869189476224 70157.066308315
-0.3437 -0.0311685585993751 -0.11428237985939 -7.22931112112615 30.7822286796536 70097.3841906792
-0.3438 0.0450686693707528 0.086067528111104 -7.12271819808715 30.7775384116847 70174.2335787137
-0.3439 -0.0477834304049422 -0.0659591763905942 -7.11597459146072 30.7728481437158 70116.1880983297
-0.344 0.0188362539664434 0.05497470862593 -7.05296557381725 30.768157875747 70164.0775680921
-0.3441 0.0296614323213416 -0.0520288900083625 -6.98719674232628 30.7634676077781 70161.8356800489
-0.3442 -0.00135690467655136 0.110396461054554 -6.96069440185833 30.7587773398093 70204.23713131
-0.3443 -0.000226611546876705 -0.07501538639219 -6.98391250586766 30.7540870718404 70161.5491609911
-0.3444 0.0893909147819441 -0.0231868812517185 -6.91952231396362 30.7493968038715 70187.7366408961
-0.3445 -0.181156361764057 0.0528910485847479 -7.04971931501903 30.7447065359027 70135.9286468106
-0.3446 0.155149403167577 0.0212300539354989 -6.99527187170952 30.7400162679338 70222.0346684999
-0.3447 -0.062383429859897 -0.125800822708186 -6.99677450484318 30.7353259999649 70143.196070044
-0.3448 0.0477620290473835 0.0913281371429431 -6.97919572529293 30.7306357319961 70216.3563584973
-0.3449 -0.0401405642669211 -0.0287151709307244 -7.0342027524472 30.7259454640272 70165.8908775993
-0.345 0.0339303102506362 -0.00498771668782944 -7.05707710256723 30.7212551960583 70170.0608794845
-0.3451 -0.0427000918592774 -0.00921416150004196 -7.06513468770236 30.7165649280895 70145.1897865041
-0.3452 -0.0118103016663235 0.0296062832989856 -7.07831478510426 30.7118746601206 70157.0982552806
-0.3453 0.0479137028414465 -0.0198436852000533 -7.08903827930807 30.7071843921518 70170.6713760933
-0.3454 -0.0337411741190668 -0.00504053847878232 -7.17323344959204 30.7024941241829 70142.3553850601
-0.3455 0.0101381025490237 0.097426747252486 -7.14843523603573 30.697803856214 70176.253175973
-0.3456 -0.055660013659186 -0.10918725868007 -7.19140691157945 30.6931135882452 70099.5671190198
-0.3457 0.122310241365828 0.115330046616174 -7.10394709628089 30.6884233202763 70203.5542808657
-0.3458 -0.160314518284125 -0.115371739977011 -7.32964545564491 30.6837330523074 70042.0974654079
-0.3459 0.161769317086677 0.133506443450151 -7.0455646579484 30.6790427843386 70246.9185080403
-0.346 -0.150185349575605 -0.168748909562274 -7.36120953503204 30.6743525163697 70052.1747201362
-0.3461 0.10689708748035 0.12682898370199 -7.18412492300705 30.6696622484008 70198.7169491946
-0.3462 -0.0755777691386822 -0.107019233121746 -7.30457107122149 30.664971980432 70086.3128836149
-0.3463 0.0843404778890634 0.0934913240049615 -7.1670474359418 30.6602817124631 70185.9826373183
-0.3464 -0.0726506082116137 -0.118479223232039 -7.29706893381698 30.6555914444943 70092.4498124546
-0.3465 0.0729070790111045 0.0706340607520395 -7.25066287469332 30.6509011765254 70181.4901247904
-0.3466 -0.0777193153301398 -0.0536257182950052 -7.30752714430802 30.6462109085565 70110.1229766135
-0.3467 0.121012540862549 0.0517922367250997 -7.23562510424063 30.6415206405877 70191.6687140461
-0.3468 -0.0653211356568704 -0.0420116986592001 -7.3397771878119 30.6368303726188 70100.9022584869
-0.3469 0.0183075989419974 0.0231107514718651 -7.24926866810261 30.6321401046499 70162.8517292988
-0.347 -0.0804538242967226 0.0067672627427913 -7.23396507863978 30.6274498366811 70136.0178207414
-0.3471 0.0959602087676964 0.0437630956654467 -7.21170453040613 30.6227595687122 70209.1163763031
-0.3472 -0.0557432621694272 -0.0900710273131184 -7.35424132014768 30.6180693007433 70099.8520468467
-0.3473 0.105867485236734 0.116998695743097 -7.32463043003639 30.6133790327745 70196.2492960155
-0.3474 -0.0932664277562121 -0.162944840685609 -7.45465608098434 30.6086887648056 70054.1502535498
-0.3475 0.193718539569859 0.116324627596301 -7.22477602739367 30.6039984968368 70215.4619487341
-0.3476 -0.220532060370307 -0.0655976385894509 -7.44843343012063 30.5993082288679 70050.9640299632
-0.3477 0.191393358375923 0.0976797189025486 -7.26406294677641 30.594617960899 70231.4334198839
-0.3478 -0.150662032469006 -0.149508735101783 -7.52103849710281 30.5899276929302 70044.8172182787
-0.3479 0.1661767591495 0.15402522556398 -7.31399821006071 30.5852374249613 70216.8781358551
-0.348 -0.132564980099809 -0.158570926328047 -7.54231998838868 30.5805471569924 70031.0690213483
-0.3481 0.155593545606905 0.190914899718603 -7.39083380746358 30.5758568890236 70204.0939889137
-0.3482 -0.127995944084633 -0.205359973257732 -7.58313055417743 30.5711666210547 70023.3540182079
-0.3483 0.0776111663164424 0.17373007025267 -7.42531388420103 30.5664763530858 70186.8265289354
-0.3484 -0.114413743691835 -0.0880160258497236 -7.56166140468303 30.561786085117 70059.6082219113
-0.3485 0.116472262054116 0.0538018253364762 -7.45542709301683 30.5570958171481 70167.588245725
-0.3486 -0.0152476854480288 -0.0741501939115613 -7.56289742736098 30.5524055491792 70077.4691619276
-0.3487 -0.0595724927582415 0.105752416105381 -7.57617851979679 30.5477152812104 70103.7079015076
-0.3488 0.0879080983394243 -0.0420852115760126 -7.62475677648494 30.5430250132415 70097.1799522557
-0.3489 -0.0118659985303036 -0.0317313423194716 -7.65817633710702 30.5383347452727 70079.2475423813
-0.349 -0.0346476997820866 0.0254563551723356 -7.65935974722018 30.5336444773038 70079.7576730943
-0.3491 -0.00889657517452924 -0.0260091163817643 -7.6033860880834 30.5289542093349 70093.9513947307
-0.3492 0.100936743403257 -0.0446532399996415 -7.61266407634804 30.5242639413661 70116.4687608675
-0.3493 -0.0873430488267283 0.0614147329778951 -7.57634619979418 30.5195736733972 70116.870152235
-0.3494 -0.00949941690697072 0.0277774184077371 -7.56132198277115 30.5148834054283 70112.0697320614
-0.3495 0.0124279300898889 0.00562075438832166 -7.48166336456355 30.5101931374595 70137.7847413474
-0.3496 0.0235805115233979 -0.0595053756427388 -7.52826161148693 30.5055028694906 70106.1864740133
-0.3497 -0.0269808338830645 0.0891350901492258 -7.51153485755039 30.5008126015217 70123.1500006364
-0.3498 0.0267612589554657 -0.0221582602834763 -7.54939482997081 30.4961223335529 70111.0846711704
-0.3499 0.0415648364643223 -0.102826503447714 -7.63020832962209 30.491432065584 70081.624042343
-0.35 -0.106869027433147 0.201095557267896 -7.6417207786104 30.4867417976152 70126.2913137036
-0.3501 0.139867933763433 -0.134334450495297 -7.74862515271548 30.4820515296463 70076.9432696997
-0.3502 -0.00763205583476021 -0.0422898041777378 -7.72596125604916 30.4773612616774 70076.8154321318
-0.3503 -0.0509100350147771 0.137523186538074 -7.74523544146543 30.4726709937086 70092.121378651
-0.3504 -0.0115481802210591 -0.0905698032227114 -7.76476835961845 30.4679807257397 70054.2616257648
-0.3505 0.0263734254438633 0.0574257308493229 -7.6778120343088 30.4632904577708 70122.3097598611
-0.3506 -0.0733360769700183 -0.0614483362430059 -7.80325005339278 30.458600189802 70043.1292547252
-0.3507 0.0900705258906101 0.0583177393088735 -7.7286232645348 30.4539099218331 70118.5926635581
-0.3508 -0.0916491452185378 -0.0368197093011354 -7.85712011403221 30.4492196538642 70047.6066358465
-0.3509 0.143979445113891 0.0326770739021495 -7.7674723587494 30.4445293858954 70144.3962571553
-0.351 -0.120471390432732 -0.107158647115644 -7.89726516528187 30.4398391179265 70029.5202842463
-0.3511 0.0743874746292605 0.126554280169972 -7.72349197973731 30.4351488499576 70146.1374659614
-0.3512 -0.133355389950829 -0.122603873029593 -7.90682760318214 30.4304585819888 70007.2361504785
-0.3513 0.219578139019449 0.104358789274818 -7.75102012130591 30.4257683140199 70167.1503592354
-0.3514 -0.261073776846545 -0.152326494464832 -8.00891675571619 30.4210780460511 69969.5609853536
-0.3515 0.178759367110688 0.228045692681319 -7.72717426334557 30.4163877780822 70195.6458831237
-0.3516 -0.0993496363468266 -0.266459903439944 -7.99449494263519 30.4116975101133 69977.9627005584
-0.3517 0.121023646808598 0.195169326820041 -7.77858291797794 30.4070072421445 70181.681470065
-0.3518 -0.202477426660983 -0.0768610867767631 -8.02772181100611 30.4023169741756 69991.3973211825
-0.3519 0.228376806646671 0.0167319716003254 -7.82445875363881 30.3976267062067 70141.5370197307
-0.352 -0.142324959370943 -0.109589953272191 -8.03474121447886 30.3929364382379 69985.8077257227
-0.3521 -0.0201302066695615 0.186891243410942 -7.92808554581235 30.388246170269 70114.8264393558
-0.3522 0.0208736425257554 -0.165436133715653 -8.12336647490853 30.3835559023001 69993.6210549834
-0.3523 0.0884910657736029 0.0860725104615411 -7.98835347355883 30.3788656343313 70109.2751990771
-0.3524 -0.113052523527049 -0.0498621441278992 -8.07022787645684 30.3741753663624 70019.142539289
-0.3525 0.0890233796097669 0.086665472762365 -8.00678794569395 30.3694850983936 70104.3537165551
-0.3526 0.0556662994846515 -0.0999217530196 -8.08315729693636 30.3647948304247 70030.1246677986
-0.3527 -0.000315835961772025 0.118420314086286 -8.14499289681312 30.3601045624558 70045.1811300897
-0.3528 0.0247659068518816 -0.0603846768393818 -8.12308366670603 30.355414294487 70026.179358581
-0.3529 -0.000889084575452007 0.068381692563906 -8.13615529583923 30.3507240265181 70049.9457520549
-0.353 0.0206823683770734 -0.019468644699732 -8.18127059495831 30.3460337585492 70019.0276626514
-0.3531 0.0714389228840755 0.016479498415644 -8.12157788661782 30.3413434905804 70057.8568625469
-0.3532 -0.0404999920809975 0.00321244225047667 -8.2167670814115 30.3366532226115 70018.2002047043
-0.3533 0.0357197426641252 0.0501266912471589 -8.14852682577568 30.3319629546426 70062.6098936499
-0.3534 -0.0197769420877036 -0.0901906355713148 -8.14128845118386 30.3272726866738 70002.7418716775
-0.3535 0.000510032306089762 0.0151590417937045 -8.09749760048966 30.3225824187049 70041.5225683332
-0.3536 -0.0186084604489762 -0.0723940483754345 -8.20278481147808 30.317892150736 70003.8938468288
-0.3537 0.0761265993292917 0.0352011160682511 -8.13214926002688 30.3132018827672 70073.4212336331
-0.3538 -0.144908120472048 0.0677396438751932 -8.10619325098487 30.3085116147983 70017.2258029028
-0.3539 0.118335570301167 0.00634467985950452 -8.10993273693086 30.3038213468295 70076.6363389887
-0.354 -0.084843169270394 -0.0910758760562324 -8.26636654191216 30.2991310788606 69983.7076381267
-0.3541 0.0486194811232207 0.0850618192217194 -8.18615490526762 30.2944408108917 70059.3834218227
-0.3542 -0.0447887741518427 -0.0926271683036129 -8.2556676453046 30.2897505429229 69980.8011313354
-0.3543 0.0422953145974232 0.094416021397867 -8.12425339571293 30.285060274954 70066.4820308034
-0.3544 -0.0826427100821224 -0.0534772015596366 -8.28629680821158 30.2803700069851 69996.8502195445
-0.3545 0.0560349407486418 -0.00847967157362246 -8.25562199835158 30.2756797390163 70027.7160339856
-0.3546 -0.0372115116008243 0.0370617807393581 -8.33268171999622 30.2709894710474 70002.0063844864
-0.3547 -0.0666868551769856 -0.0196365040441859 -8.34336186341773 30.2662992030785 69984.1129716662
-0.3548 0.171753056871088 0.00475478222836613 -8.26566674649241 30.2616089351097 70059.500545172
-0.3549 -0.12498274931654 -0.079710622210013 -8.30209172542052 30.2569186671408 69980.4619764728
-0.355 -0.0501176061288227 0.196975861170854 -8.34195650120335 30.252228399172 70023.3872782369
-0.3551 0.115295878171116 -0.139442656584458 -8.35153454512921 30.2475381312031 69986.5217898882
-0.3552 0.0340108767651187 0.0520317831672191 -8.32399031615125 30.2428478632342 70041.5611328586
-0.3553 -0.144811205943111 0.0794590259066623 -8.43776055605521 30.2381575952654 69986.7508889763
-0.3554 0.0968420546175065 -0.0726461378227611 -8.46384923815488 30.2334673272965 69999.0981564171
-0.3555 -0.0280203370699387 -0.0347874742535421 -8.46457851399688 30.2287770593276 69964.1335731966
-0.3556 0.0368286468750516 0.111704286089271 -8.45668035241998 30.2240867913588 70007.1608001834
-0.3557 -0.102907223365279 -0.0214852979915354 -8.51999561313027 30.2193965233899 69949.0415718485
-0.3558 0.107093416227878 0.0406830021772739 -8.45313657636206 30.214706255421 70024.9083630852
-0.3559 -0.029247780729771 -0.07753637035128 -8.58210970008983 30.2100159874522 69932.2795467223
-0.356 -0.000244628355022831 0.0885265702188953 -8.48200458767148 30.2053257194833 70005.7772034396
-0.3561 0.0202590728100778 -0.0100430522175442 -8.60689066973673 30.2006354515145 69970.2354972666
-0.3562 0.0616729483520656 -0.00130940050828077 -8.53822689436371 30.1959451835456 69994.4957112691
-0.3563 -0.0703358168339019 0.0388853958096305 -8.62707518917403 30.1912549155767 69949.9704015424
-0.3564 0.0255465661724004 0.0320324093890569 -8.69293867518942 30.1865646476079 69950.8323572326
-0.3565 0.039174871797948 -0.117335138757781 -8.71560604506587 30.181874379639 69923.224857904
-0.3566 -0.015409824409007 0.12324531809003 -8.70385680073565 30.1771841116701 69969.8062912914
-0.3567 -0.0914791387357454 0.00624102004450951 -8.69157231647641 30.1724938437013 69952.6538624536
-0.3568 0.1354539995996 -0.0748925577907813 -8.6785976301512 30.1678035757324 69975.1722487547
-0.3569 -0.0294779005611559 -0.00254461423419051 -8.6683517585602 30.1631133077635 69960.2043623337
-0.357 -0.161643547267292 0.125058743018633 -8.6876796042653 30.1584230397947 69950.453786725
-0.3571 0.205795513623303 -0.084185795536938 -8.65604528107529 30.1537327718258 69988.0341170557
-0.3572 0.0099940705687121 -0.0954242270059726 -8.78057362346474 30.149042503857 69908.0700976812
-0.3573 -0.110322556208876 0.156135674772812 -8.70413302565892 30.1443522358881 69965.29970715
-0.3574 -0.00736730129599581 -0.0562228505221728 -8.76573873881535 30.1396619679192 69941.9776737075
-0.3575 0.0956378485166653 -0.0544631500690539 -8.7518034571495 30.1349716999504 69974.7670881591
-0.3576 -0.0913531866122992 -0.00985893619898127 -8.83131384401513 30.1302814319815 69926.6204300837
-0.3577 -0.0718475567702476 0.0941751065997629 -8.78749814703149 30.1255911640126 69948.7394718895
-0.3578 0.0611981515828652 -0.143857451101768 -8.8106242613048 30.1209008960438 69931.9681163208
-0.3579 0.0274846900794925 -0.0125633833617459 -8.78120291886399 30.1162106280749 69945.7660502857
-0.358 -0.0637744877390527 0.0863351012189108 -8.84759285863513 30.111520360106 69954.8230395953
-0.3581 -0.0246921143126666 -0.0422126466089724 -8.79613703803117 30.1068300921372 69937.536990318
-0.3582 0.0963292600425931 -0.0495792269299696 -8.76291272014483 30.1021398241683 69957.7231176388
-0.3583 -0.0786384649729974 0.0115538737147489 -8.84170672786524 30.0974495561995 69929.6996129254
-0.3584 -0.0425478593925618 0.0699555879165955 -8.83015117944563 30.0927592882306 69963.7994446299
-0.3585 0.115985617627651 -0.118082649176668 -8.84980216243975 30.0880690202617 69947.6551434457
-0.3586 -0.0583143558394936 0.0439419525052579 -8.88240896228465 30.0833787522929 69922.7994090479
-0.3587 -0.0758868887663143 0.0819835218553875 -8.93117201266961 30.078688484324 69921.4449036351
-0.3588 0.0848441793234654 -0.0433591753549328 -8.86427607552575 30.0739982163551 69958.116973322
-0.3589 0.039158347962289 -0.0655740220183431 -8.99074944164559 30.0693079483863 69918.5401713195
-0.359 -0.0849418304425844 0.090264430768466 -8.94146464538765 30.0646176804174 69938.2468347915
-0.3591 -0.0110773487922466 -0.0130377961272569 -8.95336299312485 30.0599274124485 69918.994601147
-0.3592 0.0533398513866692 0.00111923985485429 -9.03844349229509 30.0552371444797 69930.3161389517
-0.3593 -0.019373222198155 -0.0358872729568951 -8.94438604387139 30.0505468765108 69919.8337869175
-0.3594 -0.0319790629334586 0.0138867877911348 -8.9681909798828 30.0458566085419 69943.4036829921
-0.3595 0.00179380603716286 -0.027637903306394 -8.95771378327003 30.0411663405731 69940.2563695661
-0.3596 0.0324662150581511 -0.0361960825509032 -8.88332475294817 30.0364760726042 69958.3684941275
-0.3597 -0.0183952880803345 0.0189824003964761 -8.98969516997291 30.0317858046354 69925.5896862245
-0.3598 0.00624143923340156 0.0147138649480529 -8.84319634012851 30.0270955366665 69954.9855477402
-0.3599 -0.0405819036281985 0.00923047317342618 -8.87228167428286 30.0224052686976 69926.8240717797
-0.36 0.0511963929247157 0.0340139282554466 -8.81860970251802 30.0177150007288 69954.4357276069
-0.3601 -0.0105083389082537 0.0196343041868623 -8.80558264209574 30.0130247327599 69950.3611006097
-0.3602 -0.00426667282379361 -0.0559706126300176 -8.71201785669671 30.008334464791 69966.4323741745
-0.3603 0.0206647434966156 0.0460223505742624 -8.72767418058244 30.0036441968222 70001.3496232315
-0.3604 -0.0581473546335673 -0.000213367499810017 -8.79525680373599 29.9989539288533 69949.6122956707
-0.3605 0.0682928721824951 -0.0437883011032031 -8.81012122445794 29.9942636608844 69978.2582547859
-0.3606 0.0519381538821352 0.0618020899211041 -8.78318020189478 29.9895733929156 69988.5273829304
-0.3607 -0.0529188240630256 -0.017034298916995 -8.79108897908334 29.9848831249467 69946.2587560181
-0.3608 0.0536819657744632 0.035805697061223 -8.61424602868915 29.9801928569779 70013.8337285659
-0.3609 -0.124829644623857 -0.0473478942992087 -8.71613014475866 29.975502589009 69943.4750564721
-0.361 0.111575604184373 0.110690886861835 -8.58611521866768 29.9708123210401 70059.1351950611
-0.3611 -0.076513811202436 -0.0864892728692135 -8.68183747074385 29.9661220530713 69952.4934504191
-0.3612 0.0668526695438114 0.135910984981669 -8.5917404316852 29.9614317851024 70041.8497497321
-0.3613 -0.117569205674039 0.00959280779029114 -8.65131133402584 29.9567415171335 69975.3382609035
-0.3614 0.164696340903865 -0.054131797058533 -8.62258445390595 29.9520512491647 70033.7600728913
-0.3615 -0.0731601027568011 -0.0234798709409808 -8.74004993753462 29.9473609811958 69972.782335389
-0.3616 -0.052165874895924 0.108117137606386 -8.69769777280552 29.9426707132269 70028.4462571908
-0.3617 0.0369416793426093 -0.138836766048454 -8.7669828500256 29.9379804452581 69970.3438417675
-0.3618 0.0335073357261169 -0.00292237533786096 -8.61937383292398 29.9332901772892 70029.0833006267
-0.3619 -0.0352984399128558 0.067581363978638 -8.53772987010396 29.9285999093204 70044.0571354104
-0.362 0.0789480272103422 -0.0296334332760726 -8.53983349938912 29.9239096413515 70043.0610120628
-0.3621 -0.0340226670562777 -0.0752634318850319 -8.57541153003426 29.9192193733826 70020.7983814499
-0.3622 0.00597901270580317 0.12822505506704 -8.56979105474043 29.9145291054138 70072.1907613632
-0.3623 -0.0180141733500322 -0.105644388656452 -8.56673659865277 29.9098388374449 70027.7098859137
-0.3624 0.0830549907785713 0.0690039982327301 -8.47708257647993 29.905148569476 70097.2627469983
-0.3625 -0.167916827298639 -0.0593803825457503 -8.56215095304535 29.9004583015072 70001.8626309157
-0.3626 0.158133753559948 0.087378037324114 -8.45425516198913 29.8957680335383 70119.6574034361
-0.3627 -0.0574556493114041 -0.138467431961523 -8.64056481348902 29.8910777655694 69999.080038191
-0.3628 0.020497260247536 0.0750350733476475 -8.53752463346752 29.8863874976006 70094.7489112935
-0.3629 -0.0131677570054511 -0.0214770337012374 -8.57975218107377 29.8816972296317 70059.7000058221
-0.363 0.0161980135196424 0.0641781729406442 -8.5718506444989 29.8770069616629 70087.3637434557
-0.3631 0.000250212580043962 -0.0505148718435293 -8.63853951734465 29.872316693694 70036.0452317939
-0.3632 0.0379410534244912 0.0279310546728709 -8.63512490587113 29.8676264257251 70054.776835596
-0.3633 -0.0356502328744358 -0.0265174962179852 -8.72125162295649 29.8629361577563 70017.1862969562
-0.3634 -0.0423180973186394 0.0351139542560902 -8.61390233682549 29.8582458897874 70050.3339120686
-0.3635 0.0968645392518857 -0.0375454964195466 -8.64038612939154 29.8535556218185 70070.6910387052
-0.3636 -0.0596607118987024 -0.0484591251085177 -8.58522412763471 29.8488653538497 70045.8637318314
-0.3637 0.0204909438953265 0.0900007135501914 -8.60005365955506 29.8441750858808 70077.191982999
-0.3638 -0.0297328363061789 -0.0684246508351307 -8.65120124109556 29.8394848179119 70019.0425236467
-0.3639 0.101449702041842 -0.0442554582597273 -8.60817746330308 29.8347945499431 70057.1357710766
-0.364 -0.100594609877634 0.0350523983093849 -8.61378187809068 29.8301042819742 70028.8693466397
-0.3641 0.0252280973966093 0.000637313152480628 -8.50338195718284 29.8254140140053 70073.6460340442
-0.3642 -0.000366794614961675 -0.0767537552161791 -8.54190291059492 29.8207237460365 70055.6686120833
-0.3643 0.0283330032153921 0.0348103043359766 -8.52460632554395 29.8160334780676 70094.8881135025
-0.3644 -0.0251303235681388 -0.0115984552825477 -8.56410913415902 29.8113432100988 70067.1158739617
-0.3645 -0.080668653984603 0.0603074394729057 -8.51603598590827 29.8066529421299 70076.6241861852
-0.3646 0.0869860506331888 -0.102447001276875 -8.52743502875095 29.801962674161 70067.7613691438
-0.3647 -0.0583248620179088 0.0627699767368134 -8.45470753478316 29.7972724061922 70084.5365315442
-0.3648 -0.0229389236438919 -0.0539597823467992 -8.53289181210845 29.7925821382233 70066.14625727
-0.3649 0.0781573059866689 0.0378494697380206 -8.47977232719608 29.7878918702544 70124.5450127279
-0.365 -0.0515387107309221 -0.0528862653992712 -8.46012802537442 29.7832016022856 70089.7335122697
-0.3651 -0.0238549391564475 0.113204719343354 -8.37129207983296 29.7785113343167 70142.431475815
-0.3652 -0.0053956871603027 -0.146856918734763 -8.44812031987403 29.7738210663478 70076.4324002115
-0.3653 0.136298903180595 0.0702562461227936 -8.35971561783455 29.769130798379 70169.1794978026
-0.3654 -0.240783517456384 -0.0252928434558949 -8.58760578941517 29.7644405304101 70033.9429141029
-0.3655 0.14682648131691 0.131921509670977 -8.29494526238461 29.7597502624413 70236.6145691499
-0.3656 -0.0155898421899521 -0.230979496797857 -8.51991767362368 29.7550599944724 70061.7245330708
-0.3657 -0.0338921483824333 0.225793660909762 -8.32237439082486 29.7503697265035 70190.6270627673
-0.3658 -0.134175146693417 -0.112272022716522 -8.5000699708371 29.7456794585347 70055.0714329596
-0.3659 0.218122112763386 0.0469701710233241 -8.20176772239874 29.7409891905658 70249.036798971
-0.366 -0.0887394492897313 -0.163940444639184 -8.44856648263465 29.7362989225969 70083.2054918034
-0.3661 -0.0132498500028157 0.28818824368954 -8.25929950475156 29.7316086546281 70224.4196867166
-0.3662 -0.0199200084595442 -0.250668346835888 -8.42798297074038 29.7269183866592 70048.1864567425
-0.3663 0.152256786764039 0.14876189497489 -8.25320954381815 29.7222281186903 70227.5586110673
-0.3664 -0.200598453078931 -0.0675809000612469 -8.50862999387402 29.7175378507215 70065.4241017395
-0.3665 0.179427003450446 0.100571962217347 -8.3456114035597 29.7128475827526 70233.8149856934
-0.3666 -0.0951972553260719 -0.109385123520013 -8.57659214529997 29.7081573147838 70074.7576411636
-0.3667 0.0136638445919811 0.117597367637115 -8.36859200663875 29.7034670468149 70180.6940952427
-0.3668 -0.049425898060042 -0.00881003110106987 -8.54915380366926 29.698776778846 70091.8998816606
-0.3669 0.0844917611623926 -0.0212677410237055 -8.37997269487453 29.6940865108772 70155.9746493513
-0.367 -0.0680807152791075 -0.0597763434711185 -8.39610775245924 29.6893962429083 70120.8431146402
-0.3671 -0.0459198763021254 0.103761778688385 -8.35826476157684 29.6847059749394 70176.3358212077
-0.3672 0.0494330667605817 -0.135420219213747 -8.26046044202101 29.6800157069706 70173.0177431229
-0.3673 0.039295122177028 0.0523395116759152 -8.23600167023403 29.6753254390017 70220.5070675681
-0.3674 -0.110959263014046 0.0825247489807188 -8.31621849888474 29.6706351710328 70168.3696403278
-0.3675 0.0457335173543413 -0.0122845550612484 -8.23211835372308 29.665944903064 70200.0393112115
-0.3676 0.0467969196240867 -0.0992790285440614 -8.19270790040541 29.6612546350951 70186.7625684937
-0.3677 0.0580608060406534 0.112676724861198 -8.08944112321348 29.6565643671263 70266.0336247826
-0.3678 -0.123604981086251 -0.086013305411699 -8.205489777975 29.6518740991574 70164.2871970701
-0.3679 0.128880559948129 0.0620115028934329 -8.09637109449993 29.6471838311885 70278.3755383613
-0.368 -0.0672335961086305 -0.0950069217587361 -8.18515247435855 29.6424935632197 70173.935239549
-0.3681 -0.0033991193580797 0.122351157067787 -8.08648796420806 29.6378032952508 70245.4318764565
-0.3682 -0.0348821230612766 -0.096196796915372 -8.13885244832764 29.6331130272819 70192.1108044384
-0.3683 0.128495069613538 -0.0021728374583699 -8.04668434337325 29.6284227593131 70274.9594226133
-0.3684 -0.156358840976465 -0.0142462475274775 -8.04318429719006 29.6237324913442 70211.7915603784
-0.3685 0.0252793730266818 0.0725646564731332 -7.91309137182015 29.6190422233753 70297.1775352681
-0.3686 -0.00873646549657051 -0.0952053001640362 -8.08289918592594 29.6143519554065 70220.8729429001
-0.3687 0.0664350061146684 0.0588527555962795 -7.85291867190734 29.6096616874376 70315.7764450456
-0.3688 -0.145755711704718 0.00411840004601524 -7.93732147593295 29.6049714194687 70246.5295949961
-0.3689 0.174724780254428 0.00422406491964214 -7.9454919585347 29.6002811514999 70310.5117446292
-0.369 -0.117211136873343 -0.0855282914106803 -8.04483438186986 29.595590883531 70213.6867758869
-0.3691 0.0466431715458598 0.193955115828603 -7.85370304332879 29.5909006155622 70353.197823647
-0.3692 0.0219116029027623 -0.202223914972006 -7.9661665650278 29.5862103475933 70251.305898034
-0.3693 0.00755440061684679 0.159461556450584 -7.81142908917413 29.5815200796244 70347.1899004924
-0.3694 -0.124634087692772 -0.0515780246650925 -7.95453976742681 29.5768298116556 70239.2887938838
-0.3695 0.158743900281071 -0.0454477843903341 -7.92319069611938 29.5721395436867 70296.6924745416
-0.3696 -0.0752151996727047 0.0455353579424493 -8.01543447346813 29.5674492757178 70249.2157497268
-0.3697 0.0377662333836249 -0.0353138718535441 -8.05141025570656 29.562759007749 70266.5088806334
-0.3698 -0.00646605299926973 0.0434233720163828 -7.93842138106485 29.5580687397801 70297.3029210956
-0.3699 -0.109358538403327 -0.0966616278048991 -8.05695905741986 29.5533784718112 70228.2898000361
-0.37 0.101719621053479 0.159295140769055 -7.84631059119692 29.5486882038424 70349.7303454371
-0.3701 -0.104614286750856 -0.148235236088425 -7.9701252723294 29.5439979358735 70212.3056382604
-0.3702 0.11016053842089 0.119786568225353 -7.77050596469404 29.5393076679047 70378.5471885301
-0.3703 -0.188645951374302 -0.135746187944585 -7.9186883848614 29.5346173999358 70220.5431743649
-0.3704 0.141931086419505 0.15807922115522 -7.65833946743308 29.5299271319669 70409.2803969851
-0.3705 -0.0667924573661652 -0.172937956600464 -7.82870245312188 29.5252368639981 70254.9649924583
-0.3706 0.0630900944855689 0.190256006625823 -7.64556312854989 29.5205465960292 70394.4933922606
-0.3707 -0.0892081510470619 -0.152187328705995 -7.83454389467921 29.5158563280603 70249.0580026795
-0.3708 0.197725513239088 0.0772253150861855 -7.65759788812893 29.5111660600915 70395.6807749574
-0.3709 -0.189118585724098 -0.0625563311398277 -7.74883702405346 29.5064757921226 70266.4057652299
-0.371 0.133035403716913 0.111621393783832 -7.49604886829165 29.5017855241537 70418.7659950891
-0.3711 -0.173143161884599 -0.118925052146011 -7.45654467912075 29.4970952561849 70322.9280442217
-0.3712 0.166819796224206 0.104240616036124 -7.2823291220261 29.492404988216 70468.2570675247
-0.3713 -0.092575315329173 -0.0427880365400864 -7.30039193086591 29.4877147202471 70369.8384372165
-0.3714 0.0539530690510542 0.0751453459198856 -7.13174943014692 29.4830244522783 70473.3251655364
-0.3715 -0.00482696986642948 -0.100094455600861 -7.21537922445613 29.4783341843094 70417.2327687669
-0.3716 0.0789597833750481 0.155509217425513 -7.12967809735357 29.4736439163406 70508.3154716872
-0.3717 -0.0804445732564231 -0.0852622660420179 -7.30284705801136 29.4689536483717 70382.1770111884
-0.3718 0.116648457203261 0.072131924659446 -7.08579316479647 29.4642633804028 70491.2646443287
-0.3719 -0.0518517093995506 -0.0578616806314163 -7.13189621731288 29.459573112434 70412.2366025758
-0.372 -0.0397495385414452 0.0932891854730886 -7.03955473808469 29.4548828444651 70469.5098615414
-0.3721 0.000715959729938182 -0.102586256841204 -7.00489239200174 29.4501925764962 70435.3232051877
-0.3722 0.0553162043360831 0.0152485644810775 -6.96852488778309 29.4455023085274 70497.354057337
-0.3723 -0.150133676149389 0.106446930806367 -7.12979592716113 29.4408120405585 70449.7266673871
-0.3724 0.0581175894717152 -0.0690804378585605 -7.0987956699027 29.4361217725896 70475.8144132294
-0.3725 -0.0258065545670766 -0.113287977488931 -7.13206095667258 29.4314315046208 70421.8128563139
-0.3726 -0.0271066364459178 0.160916218511255 -7.01991758176212 29.4267412366519 70504.32825206
-0.3727 -0.0819130558988143 0.00833837386161468 -7.14908768239022 29.4220509686831 70437.011955765
-0.3728 0.107923704055326 -0.0444998498116592 -7.01495693927689 29.4173607007142 70498.8555073205
-0.3729 -0.0332201357382456 0.0157416812747641 -7.07240332415119 29.4126704327453 70466.2787394585
-0.373 -0.0634547207950443 0.0493013694599257 -6.97776688166321 29.4079801647765 70492.4455053209
-0.3731 0.0610657597942662 -0.0816642949482431 -7.06466929906939 29.4032898968076 70469.5443578757
-0.3732 0.015226503477396 0.0478877044829848 -6.99946574981699 29.3985996288387 70501.3886185175
-0.3733 -0.0745319226796586 0.0243304047756411 -7.03651498590387 29.3939093608699 70472.9563056116
-0.3734 0.118733517946504 0.0224332174381362 -7.05708414279535 29.389219092901 70503.5907639707
-0.3735 -0.0371199021400632 -0.118847381414087 -7.2071690623795 29.3845288249321 70403.3361113509
-0.3736 -0.0234727737931816 0.168429589559299 -7.09812087989627 29.3798385569633 70484.0640764641
-0.3737 -0.0161417086011637 -0.152090543312614 -7.18264114133369 29.3751482889944 70410.8260968063
-0.3738 0.15591620623758 0.0663602364434584 -7.12323591008637 29.3704580210255 70500.6052141471
-0.3739 -0.227218402573589 -0.0329483002545208 -7.19589652678711 29.3657677530567 70382.9683282824
-0.374 0.160276283804313 0.128700743454346 -7.03738702293164 29.3610774850878 70535.5801930668
-0.3741 -0.108784501850254 -0.141404763882533 -7.11521276684183 29.356387217119 70408.3625705199
-0.3742 0.0657083154068745 0.091708755910142 -6.94846283201954 29.3516969491501 70530.313217849
-0.3743 -0.137153558493241 -0.0162334232899221 -7.03489535957642 29.3470066811812 70453.5747890292
-0.3744 0.163812201543627 -0.0223949711663656 -6.99996132543532 29.3423164132124 70516.9625498764
-0.3745 -0.0288002136880851 -0.0606640574341802 -7.15521138100281 29.3376261452435 70456.2666318312
-0.3746 -0.0649722078987892 0.200035414883154 -7.08698248249441 29.3329358772746 70503.2727252824
-0.3747 0.0804088195868212 -0.160070732268889 -7.05370957135711 29.3282456093058 70470.9017099836
-0.3748 -0.0145248046903599 -0.00804605403114588 -6.98178876385336 29.3235553413369 70500.7954694652
-0.3749 -0.0240484175815425 0.106473876483787 -6.95578589347331 29.318865073368 70519.4196044774
-0.375 0.0171102159596118 -0.132610730181723 -6.92238281856974 29.3141748053992 70486.0081967149
-0.3751 0.0141742720459498 0.0611753636955576 -6.89532487813233 29.3094845374303 70548.5430143265
-0.3752 -0.0740049477904904 0.00287878145314358 -6.92724141270865 29.3047942694615 70486.2160834232
-0.3753 0.10563532899276 0.00998472217205764 -6.81420515795163 29.3001040014926 70544.9602518338
-0.3754 -0.0669051160133709 -0.0813373765391012 -6.92792638359885 29.2954137335237 70466.7122974994
-0.3755 0.00800797227126313 0.123929965929311 -6.85019982703674 29.2907234655549 70553.7627003448
-0.3756 -0.058528465070906 -0.111509922560234 -6.92182977895049 29.286033197586 70477.6945863121
-0.3757 0.147115772164938 0.0885199935228664 -6.74718025818937 29.2813429296171 70594.8310767785
-0.3758 -0.104395086193937 -0.119763466405189 -6.78857171368604 29.2766526616483 70504.5313244216
-0.3759 0.145405242815172 0.130005741002132 -6.62320843328541 29.2719623936794 70661.8786419529
-0.376 -0.100709245316808 -0.117904154189781 -6.71803391779845 29.2672721257105 70517.3705319527
-0.3761 0.10633497783165 0.146237056524231 -6.495521861519 29.2625818577417 70666.7720195649
-0.3762 -0.0742529214278677 -0.151300455988027 -6.67436154668449 29.2578915897728 70535.8415879519
-0.3763 0.0548833406909698 0.180249060787201 -6.5110286268101 29.253201321804 70653.2616581943
-0.3764 -0.0763517483382009 -0.102912447224901 -6.62141890497289 29.2485110538351 70541.6002710216
-0.3765 0.100984978196298 0.0956761984227303 -6.44586011846416 29.2438207858662 70654.2408729902
-0.3766 -0.0492955713831479 -0.0804795777707092 -6.51801256342292 29.2391305178974 70554.5662322683
-0.3767 0.0153988936028364 0.109810077106213 -6.36051079710022 29.2344402499285 70670.8882782091
-0.3768 0.0291513126922345 -0.142359664700421 -6.42678824479938 29.2297499819596 70602.0971283134
-0.3769 -0.0969004400554937 0.13268435202067 -6.36545644485771 29.2250597139908 70663.3928870635
-0.377 0.0755923121118531 -0.126401560842025 -6.34399665851293 29.2203694460219 70633.9186637268
-0.3771 0.0582961879917574 0.032734165601822 -6.25560593139618 29.215679178053 70685.0304772656
-0.3772 -0.0935078485588385 0.0164276971463269 -6.2003054534152 29.2109889100842 70647.1671747389
-0.3773 0.0116790381608441 0.027519538420169 -6.06590727165549 29.2062986421153 70693.629279584
-0.3774 0.00541633420349257 -0.0441818971719026 -6.11211318160008 29.2016083741465 70677.7269688047
-0.3775 0.00354636393102169 -0.0364329617562948 -6.02628378881683 29.1969181061776 70694.5105671034
-0.3776 0.013114679196867 0.0295170808585221 -5.98410773328547 29.1922278382087 70710.0590999267
-0.3777 -0.0978346012561968 0.0151068589716235 -5.9299045550009 29.1875375702399 70690.2945055766
-0.3778 0.0499149556835846 -0.00875039383106067 -5.845158707881 29.182847302271 70735.9600649068
-0.3779 -0.0039176123164445 -0.0276128943831005 -5.841459229187 29.1781570343021 70722.7476702753
-0.378 -0.0294716203868803 0.0530173444017995 -5.85040224250832 29.1734667663333 70730.2183131152
-0.3781 -0.106345865501616 0.0493759779712151 -5.79563919728698 29.1687764983644 70713.0008676924
-0.3782 0.143575924241443 -0.126639528037736 -5.73591951568135 29.1640862303955 70760.8295417758
-0.3783 0.0486395864605277 0.0237762571335215 -5.7491124819498 29.1593959624267 70764.9025617565
-0.3784 -0.146857045482905 0.0515962802442462 -5.80550554931918 29.1547056944578 70736.7323591109
-0.3785 0.150886585933116 -0.00439337207586759 -5.67142769972666 29.1500154264889 70801.2361720082
-0.3786 -0.0929847616306935 -0.0851484038530303 -5.7799508060176 29.1453251585201 70682.8934493089
-0.3787 -0.0436424324726322 0.231778891909224 -5.52286050430001 29.1406348905512 70824.7821029397
-0.3788 -0.0355039362277509 -0.19907616695437 -5.74177636925933 29.1359446225824 70695.5111836645
-0.3789 0.118982845459529 0.0361205965107558 -5.54305257677566 29.1312543546135 70830.8665116751
-0.379 -0.118065441243317 0.0409701192197735 -5.5862448718133 29.1265640866446 70755.0710224725
-0.3791 0.0541189336150439 0.0201316969703076 -5.40917259759255 29.1218738186758 70804.3523068297
-0.3792 0.0611636711348282 -0.121148459616807 -5.38621068685472 29.1171835507069 70795.6056400946
-0.3793 -0.100607767604158 0.129067817753923 -5.20558227921851 29.112493282738 70830.5505790637
-0.3794 0.0826689492138776 -0.0424024360791763 -5.06530316793901 29.1078030147692 70877.8565782514
-0.3795 0.0283317275477318 -0.0762784578975684 -4.97481154962255 29.1031127468003 70901.0388121297
-0.3796 -0.0108946867674867 0.0910194757246597 -4.88603770135955 29.0984224788314 70939.5058607773
-0.3797 -0.0589042224787057 0.0268918109254453 -4.83969218022986 29.0937322108626 70910.9816644967
-0.3798 0.100896411546161 -0.0389394011835228 -4.62621757820112 29.0890419428937 70954.7602814125
-0.3799 -0.0181072670415828 0.00175481996085726 -4.54151844857537 29.0843516749249 70950.4044122446
-0.38 -0.0619797781980044 0.042338832945229 -4.47383547352388 29.079661406956 70951.6043576898
-0.3801 0.0388846400539478 -0.0149958810689537 -4.41924723344549 29.0749711389871 70952.8844401529
-0.3802 -0.0346852195900575 -0.0792999192543456 -4.38786932030832 29.0702808710183 70941.7765198718
-0.3803 -0.0346448426646146 0.0264937102466164 -4.35229823257376 29.0655906030494 70969.1759115865
-0.3804 -0.0181117684768137 -0.020519491780865 -4.3833678266011 29.0609003350805 70935.9452916305
-0.3805 0.0575828279662068 0.0429613793733291 -4.42725669930134 29.0562100671117 70945.4710653819
-0.3806 0.00408626259529404 -0.0552653520023198 -4.36012429122332 29.0515197991428 70952.7314855977
-0.3807 -0.0412087613243896 0.108408946043253 -4.2662844566073 29.0468295311739 70976.0186781432
-0.3808 -0.0401983877595975 0.019224409630134 -4.13654407731922 29.0421392632051 70987.4546370408
-0.3809 0.0736795382921743 -0.0818905958660383 -4.07064024913667 29.0374489952362 70998.2648967435
-0.381 -0.0278646560620306 0.0962524701559119 -4.02974866102126 29.0327587272674 71024.908948963
-0.3811 -0.0269763543554087 -0.0211969496871806 -4.05400379592178 29.0280684592985 70979.4741595393
-0.3812 0.0322875826051462 -0.0016225042486507 -3.96346537440199 29.0233781913296 71020.691130186
-0.3813 0.00256858469615544 -0.0500800460371887 -3.97824148722154 29.0186879233608 71000.6303678286
-0.3814 -0.075099841375452 0.0440778996068695 -3.99819927405756 29.0139976553919 70975.5231060934
-0.3815 0.0578448734369888 -0.0568710392822269 -3.96235590564052 29.009307387423 71006.0649028993
-0.3816 -0.0465401415427852 0.0079749488562404 -3.93248475080053 29.0046171194542 71003.7875357667
-0.3817 0.00113621626273723 0.0485804448357309 -3.90396141736037 28.9999268514853 71021.0997252398
-0.3818 0.0495778080206133 -0.0857041493340324 -3.82788696483859 28.9952365835164 71005.7043018995
-0.3819 0.0414855053671127 0.0277902141145644 -3.80849762830426 28.9905463155476 71020.5031484202
-0.382 -0.0577780036948491 0.071770488152766 -3.92399339236461 28.9858560475787 70982.2981538984
-0.3821 0.0106195812677447 -0.0441635391235379 -3.91947473900252 28.9811657796098 70984.809808428
-0.3822 -0.0144934037703785 -0.0906948894533265 -3.94497560879714 28.976475511641 70927.8610662049
-0.3823 -0.0290864693587859 0.123150804969482 -3.82897348013956 28.9717852436721 71011.0125819758
-0.3824 -0.0212078583909077 -0.120360375674844 -3.95234984088023 28.9670949757033 70948.3630657344
-0.3825 0.0259258613492923 0.0890183797086317 -3.91609202462805 28.9624047077344 70992.9331027328
-0.3826 -0.0206092134289863 -0.0326851801132069 -4.00347394142965 28.9577144397655 70927.6498827875
-0.3827 0.000551950930059219 0.0337306462847624 -4.04547206024757 28.9530241717967 70938.8173070222
-0.3828 0.0209227432543579 -0.0444777521558696 -3.93047178500303 28.9483339038278 70959.8789724829
-0.3829 -0.0286735484696983 -4.02365065971169e-05 -3.95079408748358 28.9436436358589 70948.0556550669
-0.383 -0.00494847132277959 0.000412002084230857 -4.0345171253631 28.9389533678901 70915.3019025828
-0.3831 0.00909241833479758 -0.022225776104003 -4.05506826399693 28.9342630999212 70907.491728957
-0.3832 0.0162752581485452 -0.0725458397766629 -4.06423100435813 28.9295728319523 70909.2951881353
-0.3833 -0.0594424745768412 0.142850427949271 -4.00728832504428 28.9248825639835 70947.2291558734
-0.3834 -0.0471010823137061 -0.0534950499413061 -4.14087266464255 28.9201922960146 70890.9360406225
-0.3835 0.110327617788936 -0.000489175966050298 -4.11468863408543 28.9155020280458 70922.1282704682
-0.3836 -0.124630144102423 -0.0316349022141524 -4.27342201971824 28.9108117600769 70830.482122319
-0.3837 0.0677212029562549 -0.00853167600096595 -4.18954646710807 28.906121492108 70898.9083188515
-0.3838 0.00191686039093557 -0.0779034251144786 -4.28064816592989 28.9014312241392 70838.8158550349
-0.3839 -0.0484267929308468 0.146934806939285 -4.18989761168623 28.8967409561703 70901.0446407737
-0.384 -0.0286844043302555 -0.0920308946030798 -4.29999424246828 28.8920506882014 70844.4191604774
-0.3841 0.0751097143738569 0.00501738805535325 -4.32582584376509 28.8873604202326 70869.13841571
-0.3842 -0.0824589121395927 0.106316000665745 -4.33292494749207 28.8826701522637 70857.5350444209
-0.3843 -0.0991686672933133 -0.0308127740760428 -4.44687233150124 28.8779798842948 70801.2429402966
-0.3844 0.199966767970503 -0.0500526677600271 -4.35201681496613 28.873289616326 70891.1893727165
-0.3845 -0.14852224910861 -0.0599049670515162 -4.45270728759526 28.8685993483571 70796.3970773396
-0.3846 0.0283003391598505 0.158460552468991 -4.37912593343099 28.8639090803883 70891.3006690512
-0.3847 0.00742494704339699 -0.148723873786276 -4.47234239889161 28.8592188124194 70818.9427445518
-0.3848 -0.00949044878598687 0.0705750091386835 -4.45019633801735 28.8545285444505 70852.6704133164
-0.3849 0.0655220625676604 -0.0406714674123481 -4.51514118606824 28.8498382764817 70829.9231500744
-0.385 -0.053871308529222 -0.0147956449315313 -4.5259648808569 28.8451480085128 70801.5571397326
-0.3851 -0.0252045182998864 0.131752492766303 -4.54149441289502 28.8404577405439 70859.45765526
-0.3852 0.0254885492132082 -0.119653643053071 -4.58641608995703 28.8357674725751 70804.1375404249
-0.3853 0.125916851150617 0.0131787364702495 -4.51791744867943 28.8310772046062 70867.6424803928
-0.3854 -0.215118409278613 0.0400193407888401 -4.65712768271102 28.8263869366373 70756.9348102921
-0.3855 0.111534149106756 0.0241543286666293 -4.56980311497335 28.8216966686685 70834.7871855354
-0.3856 -0.0215835657949075 -0.143877134650897 -4.7166138713945 28.8170064006996 70750.2357788932
-0.3857 0.059735852414625 0.129296954975724 -4.68641496705697 28.8123161327307 70840.3060427277
-0.3858 -0.118477163599274 -0.0315606921925501 -4.86866420130808 28.8076258647619 70731.8990697146
-0.3859 0.115184305534257 0.0172364459373888 -4.75628718727413 28.802935596793 70820.4296061604
-0.386 -0.0957915341614244 -0.0108640674549548 -4.85663044651523 28.7982453288242 70725.0533369649
-0.3861 -0.0419563754227558 0.0853890782582468 -4.77383215414795 28.7935550608553 70774.8664072256
-0.3862 0.121230236499384 -0.131670033430429 -4.75117979936712 28.7888647928864 70768.0142278229
-0.3863 -0.0721732367354175 0.0763419011776045 -4.78772787127291 28.7841745249176 70780.3630134378
-0.3864 -0.0740001494577878 0.0589567690152903 -4.85464983151733 28.7794842569487 70785.3326823003
-0.3865 0.0684095446946258 -0.0433403488725309 -4.89470361721136 28.7747939889798 70764.1054148877
-0.3866 0.0278993226691699 0.00691903494509709 -4.85678115591421 28.770103721011 70781.7913330319
-0.3867 -0.0229395925983015 -0.0387849117193812 -4.93013934656757 28.7654134530421 70739.7809732266
-0.3868 0.0414631650867826 0.0484838894670984 -4.88086351891278 28.7607231850732 70768.5668572718
-0.3869 0.0317784495354355 -0.0903791287247545 -4.97783088747286 28.7560329171044 70735.6746650258
-0.387 -0.00538022310478888 0.0377439291583184 -5.00460902998721 28.7513426491355 70740.4705612654
-0.3871 -0.0017598818237778 0.0111883406979557 -5.01138908744332 28.7466523811667 70739.9757236606
-0.3872 0.0219627866405449 -0.0414895749070125 -4.99396403404637 28.7419621131978 70749.8586780312
-0.3873 0.00364651161760536 0.00200420058801469 -5.03262786207042 28.7372718452289 70752.6301261901
-0.3874 -0.0585002713464867 -0.0166947822904867 -5.08050888473893 28.7325815772601 70709.8848995188
-0.3875 0.0716955214357295 0.0607239262599646 -5.04473076212232 28.7278913092912 70777.2426142437
-0.3876 -0.0275087290034821 -0.0745430522129289 -5.08418360009446 28.7232010413223 70700.0602325067
-0.3877 0.0603438460609601 0.0990795913144778 -5.0637064942816 28.7185107733535 70768.9456378321
-0.3878 -0.131147581157107 -0.0554901747977374 -5.19928432361417 28.7138205053846 70666.4724258655
-0.3879 0.117272718271444 0.108664247559756 -5.08050026982011 28.7091302374157 70776.7492589716
-0.388 -0.0669712377706653 -0.126288072930894 -5.15454092921161 28.7044399694469 70669.3339892299
-0.3881 0.0627581112607053 0.105351577758624 -5.09743580286582 28.699749701478 70757.9275302157
-0.3882 -0.0890917771235984 -0.124828782034495 -5.20829392544616 28.6950594335092 70673.5141595441
-0.3883 0.0596700300473019 0.0418840659242925 -5.227774361925 28.6903691655403 70715.4144593609
-0.3884 -0.123251565611708 0.0711222831407115 -5.25957015122206 28.6856788975714 70668.9459310322
-0.3885 0.117552963998807 -0.0881246600738079 -5.23981759384324 28.6809886296026 70673.6898673095
-0.3886 0.0738684834828667 -0.00586223362845389 -5.26602405438518 28.6762983616337 70683.765154716
-0.3887 -0.166876548374113 0.00113926889932943 -5.35370989667066 28.6716080936648 70626.3652312232
-0.3888 0.0329880594994679 0.0727681930364086 -5.2263101481715 28.666917825696 70703.4492191267
-0.3889 0.103640645678054 -0.212548553238995 -5.38119267873489 28.6622275577271 70627.3445442863
-0.389 -0.052013223316354 0.161367278316916 -5.34184079015056 28.6575372897582 70662.53411445
-0.3891 -0.0829188427949766 -0.00181180031784291 -5.4259338441653 28.6528470217894 70600.7112452116
-0.3892 0.127969473712289 -0.0813110950087938 -5.37048258315517 28.6481567538205 70647.8576656221
-0.3893 -0.0478148644669417 -0.117250725405223 -5.5008829103593 28.6434664858517 70552.7623598706
-0.3894 -0.0858041374303181 0.249112604494728 -5.34364429789605 28.6387762178828 70665.1522967435
-0.3895 -0.0449589221585798 -0.0568206486497517 -5.39661714280164 28.6340859499139 70615.7978446308
-0.3896 0.171121132253223 -0.0642296244160633 -5.38430971808481 28.6293956819451 70656.4356165574
-0.3897 -0.0992751663521462 0.0413102704385623 -5.45508628951707 28.6247054139762 70597.5227822526
-0.3898 -0.0248647356310331 0.0842412904472541 -5.39575448586553 28.6200151460073 70633.7474286255
-0.3899 0.0394767271407864 -0.19697855422564 -5.47005612519988 28.6153248780385 70564.2075925123
-0.39 0.0113027949913348 0.165514418567961 -5.34885726260557 28.6106346100696 70664.6963962942
-0.3901 -0.122227519767125 -0.0279581434345708 -5.52688354597484 28.6059443421007 70548.8717725086
-0.3902 0.0979350035469908 0.00763794109536513 -5.46496318605597 28.6012540741319 70616.0344486091
-0.3903 -0.0440704060076442 -0.0150526783569025 -5.55959092182387 28.596563806163 70554.4133327616
-0.3904 0.00273764948665823 0.0566971836393295 -5.55301732371642 28.5918735381942 70600.0341992452
-0.3905 0.00709899872080706 -0.0760957843535481 -5.56338214160026 28.5871832702253 70558.8933911174
-0.3906 0.00616060658871646 0.0133169011327763 -5.56615517952513 28.5824930022564 70596.1561671076
-0.3907 -0.100986119098801 0.0799034749586846 -5.48253398310115 28.5778027342876 70593.89702665
-0.3908 0.143707062408438 -0.0586312823851992 -5.48853526279297 28.5731124663187 70632.9956121836
-0.3909 -0.105026988219852 -0.0286226270565054 -5.57807956705319 28.5684221983498 70561.7132759078
-0.391 0.00256221351531476 0.148842752360812 -5.55235029461443 28.563731930381 70629.7367545838
-0.3911 0.0362855472355732 -0.188246674142327 -5.67821176581194 28.5590416624121 70529.9187044974
-0.3912 0.0546352625913571 0.0848452713536113 -5.64930913057565 28.5543513944432 70598.6335150639
-0.3913 -0.148466038271756 0.0100430322404447 -5.82203723479202 28.5496611264744 70508.3245677346
-0.3914 0.126563992438261 0.00357578067829682 -5.72353242875811 28.5449708585055 70588.2838523442
-0.3915 -0.0310198259495546 -0.109333227409598 -5.82955193612548 28.5402805905366 70507.5154254049
-0.3916 -0.0265896373336129 0.0942899973286167 -5.71052181231923 28.5355903225678 70568.6152091269
-0.3917 0.0335830482419449 -0.0523809301377638 -5.74678203152745 28.5309000545989 70565.3991277194
-0.3918 0.0200795738967473 0.0181264819636217 -5.7464180283239 28.5262097866301 70580.647800215
-0.3919 -0.0828834308848229 -0.0117598922686181 -5.90176463614697 28.5215195186612 70510.1544152501
-0.392 0.0426332336932076 0.0270299750874385 -5.8661677071364 28.5168292506923 70542.1064350642
-0.3921 -0.0413936962151388 0.0166788086921181 -5.9810386960944 28.5121389827235 70505.9479614676
-0.3922 0.0301960330108342 -0.00538247309912014 -5.90366377323901 28.5074487147546 70534.3372013379
-0.3923 0.00108304352325328 -0.125332539672751 -5.86739932429119 28.5027584467857 70512.4704226699
-0.3924 -0.0421746077376765 0.143463697904305 -5.8225119577745 28.4980681788169 70583.3047391582
-0.3925 -0.0476030089264348 -0.0490961038477712 -5.99654147204963 28.493377910848 70513.9913058437
-0.3926 0.164005586721792 -0.0543766624117634 -5.85592101368276 28.4886876428791 70588.848185457
-0.3927 -0.199656391620417 0.0243342428357094 -5.9820935426386 28.4839973749103 70497.318736019
-0.3928 0.0912775422418496 0.0967040570403332 -5.85234203652144 28.4793071069414 70608.9958408244
-0.3929 0.0836140628375599 -0.223265136515665 -5.91237945738578 28.4746168389726 70514.1648425586
-0.393 -0.0779501149506779 0.205003757351947 -5.85550503878251 28.4699265710037 70603.8906532504
-0.3931 -0.118921342499756 -0.038872257919721 -5.96336188694898 28.4652363030348 70509.1853218698
-0.3932 0.259051920893956 -0.0571582856313065 -5.86275965927802 28.460546035066 70599.0919130862
-0.3933 -0.158900407041326 0.0272588053474308 -6.08093999648796 28.4558557670971 70490.1596584416
-0.3934 0.00564068803358438 0.127269259458408 -5.9669337769513 28.4511654991282 70568.0316531945
-0.3935 0.048977697027452 -0.195446374117945 -6.04922739971695 28.4464752311594 70499.8341399846
-0.3936 0.0354007006614027 0.0983527638610916 -5.99920599594748 28.4417849631905 70574.5506162873
-0.3937 -0.139937488733617 0.0465686262740528 -6.06736028524367 28.4370946952216 70511.3874858522
-0.3938 0.0889616060800112 -0.0425108625685176 -5.98173301899443 28.4324044272528 70558.1156935184
-0.3939 -0.0267289238895274 -0.0613767208374343 -6.03228658509709 28.4277141592839 70512.7467707924
-0.394 -0.0226716307082444 0.0611444373549561 -6.0244717609831 28.423023891315 70534.9741635053
-0.3941 0.0680306035240191 -0.0801009930877488 -6.09076700930741 28.4183336233462 70509.2414383525
-0.3942 -0.00905635823021566 0.0481030428753327 -6.08140331172549 28.4136433553773 70540.5479144464
-0.3943 -0.0864213247022898 -0.0486860416072731 -6.09720688718851 28.4089530874085 70503.747457497
-0.3944 0.132061907340268 -0.0198785419500652 -5.95039926080218 28.4042628194396 70577.3883825902
-0.3945 -0.163640512651845 -0.0173568237007964 -6.04293548025042 28.3995725514707 70521.3646827518
-0.3946 0.123647703222158 0.00417246497424257 -6.01390728913369 28.3948822835019 70570.4477343099
-0.3947 -0.0356840278016248 -0.0701493230041792 -6.03386620334067 28.390192015533 70511.4014324068
-0.3948 0.0128566637980817 0.0196644698477008 -6.02534337295968 28.3855017475641 70543.1713118752
-0.3949 -0.0657567903367015 -0.00102893449312478 -6.04998387643188 28.3808114795953 70517.5989748088
-0.395 0.089857698629982 0.0264880607906812 -6.05415840953326 28.3761212116264 70573.5872609189
-0.3951 -0.0131405505499683 -0.115284027361773 -6.07267057405691 28.3714309436575 70517.7446341506
-0.3952 -0.022533870956348 0.130317432438536 -6.02434278295508 28.3667406756887 70574.6945373515
-0.3953 -0.0479308519539281 0.000571504000932914 -6.06686688873248 28.3620504077198 70534.322075054
-0.3954 0.116669159225445 -0.0768000974640724 -6.07216529457391 28.357360139751 70545.5176874768
-0.3955 -0.0865824653524853 0.0170786755935813 -6.11481985664385 28.3526698717821 70503.703335187
-0.3956 0.0239743950601804 -0.0200288354141275 -6.00474325460091 28.3479796038132 70565.5843447748
-0.3957 -0.0123261410539624 0.0475380735438895 -6.0641309708311 28.3432893358444 70564.2086124971
-0.3958 0.0484698767276842 -0.0612855720583906 -6.04485935145731 28.3385990678755 70539.3451670011
-0.3959 -0.0314129362356482 -0.00207467692265268 -6.14403222860469 28.3339087999066 70543.3461031724
-0.396 -0.0466366900495828 0.0386806161606771 -6.14562733732288 28.3292185319378 70534.2125836711
-0.3961 -0.0154507934651177 -0.0344286066833433 -6.13221042152381 28.3245282639689 70512.0697609282
-0.3962 0.0532248639526262 0.00443105363032412 -6.10441403925104 28.319837996 70561.6391815785
-0.3963 -0.0492569769923597 -0.0249730923416565 -6.25166012237812 28.3151477280312 70492.5024805912
-0.3964 0.00768513656103884 0.123453541001615 -6.08335585244579 28.3104574600623 70591.5420970613
-0.3965 -0.0481020908104853 -0.0876043800765325 -6.21381974570402 28.3057671920935 70493.3651336618
-0.3966 0.152006429237874 -0.0185650928713505 -6.15133094952332 28.3010769241246 70571.6656366737
-0.3967 -0.14608047061098 -0.00168125867294266 -6.26316728556624 28.2963866561557 70482.9870419799
-0.3968 0.0643803775525332 0.135818808537315 -6.16240393297041 28.2916963881869 70591.5898035202
-0.3969 -0.010999710265313 -0.214886074104119 -6.38332350598104 28.287006120218 70438.4631991102
-0.397 0.0320099404354918 0.215136510511714 -6.17954087354873 28.2823158522491 70602.5899446903
-0.3971 -0.107082448469493 -0.149483204072076 -6.33729884695805 28.2776255842803 70452.930461371
-0.3972 0.219601745982036 0.065359356680959 -6.23066305297696 28.2729353163114 70590.5804030273
-0.3973 -0.197140868022089 -0.0970065313801344 -6.40632336994186 28.2682450483425 70432.1082076947
-0.3974 0.147948800866125 0.168403531892869 -6.19751143232622 28.2635547803737 70599.6105875222
-0.3975 -0.0484659257499702 -0.234878125381487 -6.38667086681247 28.2588645124048 70429.21623874
-0.3976 0.0155750770590415 0.252789944465744 -6.20560879865074 28.254174244436 70608.3579174975
-0.3977 -0.101943744318292 -0.119062618298432 -6.4423243916978 28.2494839764671 70444.9559026426
-0.3978 0.151217349846558 0.0212680212431699 -6.39133022523283 28.2447937084982 70532.5318875426
-0.3979 -0.159883871468254 -0.041279234839616 -6.47727518535051 28.2401034405294 70430.3663712717
-0.398 0.058981433861173 0.128140685894278 -6.33081319852461 28.2354131725605 70544.6308905876
-0.3981 0.0375495565407238 -0.174993655944199 -6.51356597300416 28.2307229045916 70441.7311450561
-0.3982 0.0439138381207197 0.105655391798656 -6.40703956104864 28.2260326366228 70524.7863763644
-0.3983 -0.100800081246422 -0.00556539683509016 -6.46724961496044 28.2213423686539 70452.3654336562
-0.3984 0.0889943823625316 -0.0127247928975358 -6.35248291211028 28.216652100685 70524.1080622254
-0.3985 -0.00948950766159511 -0.168330711975232 -6.54937677978081 28.2119618327162 70443.0421010059
-0.3986 -0.0480085801032213 0.253012225792041 -6.46152820311235 28.2072715647473 70516.914870219
-0.3987 0.00287313173944175 -0.195815228332239 -6.65335817337326 28.2025812967784 70398.4619240611
-0.3988 0.115667144684562 0.0486309629429415 -6.53308570045786 28.1978910288096 70504.0804196798
-0.3989 -0.157387914852745 -0.0170263625653711 -6.68619635060709 28.1932007608407 70411.0799679732
-0.399 0.112342810084772 0.0358585945099601 -6.55145090365221 28.1885104928719 70517.7693039445
-0.3991 -0.0219253390314084 -0.0629664876024498 -6.60631039863733 28.183820224903 70467.1560975866
-0.3992 0.0292327445026358 0.0428660046286396 -6.54332140124273 28.1791299569341 70505.2127910106
-0.3993 -0.0222711960431183 -0.0279296151612034 -6.60233317809006 28.1744396889653 70464.1607319561
-0.3994 -0.0598372318553758 0.0595139688831901 -6.55698377560232 28.1697494209964 70485.9562553308
-0.3995 -0.0034262948936223 -0.0369282462202748 -6.52993535126656 28.1650591530275 70475.66887195
-0.3996 0.11628292673632 -0.00304165537198705 -6.49765341372278 28.1603688850587 70527.8651719339
-0.3997 -0.157688688895352 -0.0334532344619492 -6.62647357543315 28.1556786170898 70433.9740676518
-0.3998 0.0345034757645071 0.0199283378485421 -6.62207877730628 28.1509883491209 70510.9399380497
-0.3999 0.0442971782695069 -0.132507099151817 -6.67082366562329 28.1462980811521 70449.0162265669
-0.4 -0.035324466528341 0.11593417204409 -6.60869469734928 28.1416078131832 70496.4592176015
