# Fix print output for fix defprint
-6.05814417624087e-16 0.133537080035141 0.134418013213059 -0.274467636925394 469.148778958904 71063194.1348656
-0.000100000000000659 -0.0360278495945571 -0.0375147534577214 -0.392189375252656 469.101864081008 70960351.5221014
-0.000200000000000712 0.0189144106035206 0.0204051230986968 -0.370974352657054 469.054949203112 70990213.892858
-0.000300000000000643 -0.0113061155763641 -0.013278630055851 -0.403900146995936 469.008034325216 70968398.981001
-0.000400000000000575 0.0060369489634137 0.00729006808991192 -0.405855616260369 468.96111944732 70976557.427064
-0.000500000000000628 -0.00534921502583496 -0.00536490762595983 -0.426942137987413 468.914204569424 70966828.4940847
-0.000600000000000681 0.00210295792319831 0.00381879301857121 -0.435575842822372 468.867289691528 70968779.5137716
-0.000700000000000612 -0.00247975429061939 -0.00255423460881545 -0.45248193263093 468.820374813632 70963084.7676782
-0.000800000000000665 0.000977525705603626 0.00134685106199763 -0.463680425797253 468.773459935737 70962614.595104
-0.000900000000000597 -0.00168974226922387 -0.00215423015813419 -0.479452258436717 468.726545057841 70958022.1359309
-0.00100000000000065 0.000383421786775632 0.000909239769183228 -0.49136494811455 468.679630179945 70956232.2851316
-0.0011000000000007 -0.00120616894501755 -0.000111178726008295 -0.505863006575704 468.632715302049 70952564.3242607
-0.00120000000000063 0.000807210986721801 -0.000511205109404117 -0.519485081628979 468.585800424153 70950552.918994
-0.00130000000000057 -0.00126823710136902 -8.46036533431233e-05 -0.534042654989008 468.538885546257 70947446.7007274
-0.00140000000000062 -5.11404971224009e-05 5.45005052602423e-05 -0.547521620229376 468.491970668361 70945262.3701878
-0.00150000000000067 -0.00081531306346327 0.000372288952982246 -0.561005378472747 468.445055790465 70941812.1007464
-0.00160000000000072 0.000823596798183122 -0.000568431489752645 -0.574177005751075 468.398140912569 70939120.087778
-0.00170000000000066 -0.000637886522776953 1.00039126324677e-05 -0.588220759054674 468.351226034674 70936089.8071783
-0.00180000000000059 5.58713136900893e-05 -0.000414662800274012 -0.601439711286461 468.304311156778 70933730.5171243
-0.00190000000000064 -0.000538025903800628 -0.000289336063039956 -0.615196302595922 468.257396278882 70930875.9308257
-0.00200000000000069 0.000401139670996243 -0.00117151877513959 -0.629227483190657 468.210481400986 70928261.3006819
-0.00210000000000063 -0.00102025168398922 0.00133496488059036 -0.642160829023798 468.16356652309 70925635.5425888
-0.00220000000000056 0.000496918482233873 -0.00172346743343899 -0.656409199567806 468.116651645194 70922144.5466202
-0.00230000000000061 -0.000375943655451041 0.0017897766414443 -0.669997510803102 468.069736767298 70919876.2880212
-0.00240000000000066 0.000230313211419642 -0.00121318350828318 -0.684213760865567 468.022821889402 70916664.5308683
-0.00250000000000072 -0.000264864821850914 0.000677238398824804 -0.697114950198695 467.975907011506 70914610.3105483
-0.00260000000000065 0.000449300499345714 -0.00116025992655311 -0.711439918114666 467.928992133611 70911788.123116
-0.00270000000000058 -0.00104015155161671 0.00105035684560742 -0.724152156686182 467.882077255715 70909141.248758
-0.00280000000000063 -0.000494058797592204 -0.00144843706697508 -0.738813511761455 467.835162377819 70905635.7094843
-0.00290000000000068 0.000367442717840685 0.00045724026786731 -0.752177131279179 467.788247499923 70903447.920568
-0.00300000000000062 -0.00103572814678039 -0.000273921217063218 -0.766766057759155 467.741332622027 70899827.5525582
-0.00310000000000055 0.000726869680706602 0.000647600403837066 -0.779169381709685 467.694417744131 70898041.1056854
-0.0032000000000006 -0.000537729176309098 -0.000671574872808087 -0.792942668262281 467.647502866235 70894700.2161704
-0.00330000000000065 0.00118383525155268 0.000313911679213716 -0.806089607173813 467.600587988339 70892641.7393273
-0.00340000000000071 -0.00124135010731931 -0.000359730488662314 -0.820986839086685 467.553673110443 70888896.5749227
-0.00350000000000064 0.000522112325617569 -0.000418286542430648 -0.833907147155355 467.506758232548 70886700.9392844
-0.00360000000000057 -0.000920083972110136 -0.00129371966747036 -0.847937876950054 467.459843354652 70883698.2997476
-0.00370000000000062 -8.35591374642194e-05 0.00189372335415058 -0.860930447522872 467.412928476756 70881914.7239886
-0.00380000000000068 -0.000512182719108996 -0.00175237922194162 -0.876656521849724 467.36601359886 70878162.2960249
-0.00390000000000061 0.000605760723422124 -0.000167884882152192 -0.889008591017862 467.319098720964 70876022.0671999
-0.00400000000000066 -0.00115977676074249 0.000314329286181762 -0.902125992411727 467.272183843068 70872751.2813793
-0.00410000000000059 0.000462270970197183 -3.35016856368671e-05 -0.915733526920112 467.225268965172 70870658.6326276
-0.00420000000000065 0.00044212167843315 -0.000176467433704322 -0.92951787905374 467.178354087276 70867631.4436407
-0.0043000000000007 -0.000861407064599686 0.000577695838157754 -0.943571563497385 467.13143920938 70864950.5935905
-0.00440000000000063 0.00121899651603759 -0.000970921695860453 -0.956864410620379 467.084524331485 70862143.2286545
-0.00450000000000056 -0.00043212149371836 0.000492749741073824 -0.970666611104961 467.037609453589 70859224.7754249
-0.00460000000000061 0.000293392531390232 0.00101128191272371 -0.984601290863517 466.990694575693 70856559.8436181
-0.00470000000000067 0.000397560883200658 -0.000206433803128161 -0.998687881458045 466.943779697797 70853705.090989
-0.00480000000000072 0.00096610894554829 -0.00027553772519812 -1.01209443584419 466.896864819901 70851732.4383168
-0.00490000000000065 -0.00144697185402654 0.000730258045342171 -1.02579790433309 466.849949942005 70848414.0243721
-0.00500000000000058 0.00128343870844365 -4.61676999214697e-05 -1.03877221911475 466.803035064109 70846284.1005729
-0.00510000000000064 0.000292923701740518 -0.0012297776169098 -1.05347586263632 466.756120186213 70842604.9811842
-0.00520000000000069 -0.000397619067831915 0.00210786953826211 -1.06652483329268 466.709205308317 70840708.7582123
-0.00530000000000062 -0.000218464614513101 -0.00147672398016114 -1.08143526510712 466.662290430422 70837059.4437285
-0.00540000000000055 0.00217314953905481 -0.000313782386471939 -1.09388145674314 466.615375552526 70835684.748421
-0.00550000000000061 -0.0014879208817074 -0.00153984966999969 -1.10914923334152 466.56846067463 70831654.5914781
-0.00560000000000066 0.000691954585186685 0.00363913609320162 -1.12066371728169 466.521545796734 70831121.7186258
-0.00570000000000071 -0.000257932892375493 -0.00400678922337877 -1.13758004117396 466.474630918838 70825702.2288253
-0.00580000000000064 0.00177766608945186 0.00305248992828274 -1.14776831821752 466.427716040942 70825367.447789
-0.00590000000000057 -0.00353761548312533 -0.00179190787909355 -1.16440449716981 466.380801163046 70819822.7901584
-0.00600000000000063 0.00380580358246022 0.00228143504447402 -1.17485003378522 466.33388628515 70820536.4885129
-0.00610000000000068 -0.00232098926356873 -0.00455145254674185 -1.19268995349916 466.286971407254 70814149.7504766
-0.00620000000000061 0.00100507388363096 0.0063445529252986 -1.20233497568989 466.240056529359 70815755.7449232
-0.00630000000000054 -0.00150314648734991 -0.00611886272061291 -1.22070149231076 466.193141651463 70808355.2294479
-0.0064000000000006 0.00464964365395585 0.00355879611026143 -1.22867345988838 466.146226773567 70810398.1219209
-0.00650000000000065 -0.00581117425213666 -0.00280138208706032 -1.24769954874879 466.099311895671 70802672.4114484
-0.0066000000000007 0.00480901786037506 0.00418274431660196 -1.25709264764404 466.052397017775 70805018.9602525
-0.00670000000000063 -0.00202578226382341 -0.00673815359902883 -1.27604468781137 466.005482139879 70797293.3859946
-0.00680000000000057 0.00149502873360296 0.00717731752163943 -1.28379404231266 465.958567261983 70799735.1736131
-0.00690000000000062 -0.00357004500093056 -0.00456082290241057 -1.30271122633007 465.911652384087 70792578.2964188
-0.00700000000000067 0.00578560428063201 0.00182967408115224 -1.31110401530887 465.864737506191 70794038.9808808
-0.0071000000000006 -0.0052638713714613 -0.00220070730406641 -1.32998150470169 465.817822628296 70786867.6443553
-0.00720000000000065 0.00201812884396881 0.00484746399312064 -1.33929353444141 465.7709077504 70788248.0038701
-0.00730000000000059 -2.37382708705294e-05 -0.00577286620124694 -1.35654025326722 465.723992872504 70782058.2919261
-0.00740000000000064 0.00212955278828606 0.00357937478300656 -1.36741242455307 465.677077994608 70783093.989677
-0.00750000000000069 -0.004497074488476 -0.000342754566798971 -1.38435062514238 465.630163116712 70777534.8841984
-0.00760000000000062 0.00431943122900779 -0.000781023907310892 -1.3948391901635 465.583248238816 70776988.3897817
-0.00770000000000056 -0.00123950605888992 -0.00201659510672669 -1.41094097563039 465.53633336092 70772163.6800646
-0.00780000000000061 -0.000388761340463075 0.00238103073836445 -1.4232793917816 465.489418483024 70771105.6294426
-0.00790000000000066 -0.000405639713112959 -0.000973089180626769 -1.43801097000773 465.442503605128 70767193.9156867
-0.00800000000000071 0.00254366300400264 -0.00112375199696677 -1.45072008703137 465.395588727232 70765288.996684
-0.00810000000000065 -0.00308345370768676 0.00171454505256056 -1.4651444257959 465.348673849337 70762073.9627391
-0.00820000000000058 0.000540928582536863 -0.00105129562434216 -1.47859670848351 465.301758971441 70759765.3519498
-0.00830000000000063 0.00140836078601828 -0.000917774891928688 -1.49204812596798 465.254844093545 70757486.7877631
-0.00840000000000068 -0.000809117466984691 0.000523804233997483 -1.50683368335012 465.207929215649 70754511.7182616
-0.00850000000000061 -0.000474453032105544 0.00131141145065751 -1.52019129307596 465.161014337753 70752127.5775163
-0.00860000000000055 0.00064461445200865 -0.0024655107497829 -1.53376252843223 465.114099459857 70748712.1783253
-0.0087000000000006 -0.000163499250573801 0.0016578522104956 -1.54633139598098 465.067184581961 70747051.2040608
-0.00880000000000065 -0.00156432006368313 -0.000924680506772806 -1.5619530145047 465.020269704065 70743354.8567866
-0.00890000000000071 0.0016466405524025 -0.000134903368265543 -1.57488706559255 464.973354826169 70741943.4622008
-0.00900000000000064 -0.00125756968712639 3.5668604511425e-05 -1.58950763714644 464.926439948274 70738511.2450171
-0.00910000000000057 -0.00035846700575541 0.00189923267374622 -1.60142219004176 464.879525070378 70736829.7081977
-0.00920000000000062 -0.000632834278598417 -0.00106353306202124 -1.61569988543394 464.832610192482 70732848.8988801
-0.00930000000000067 0.00249032762103611 -0.000496402330028786 -1.62930067345826 464.785695314586 70731264.8382656
-0.00940000000000061 -0.00348769637913992 0.00080900596032003 -1.64462897160853 464.73878043669 70727038.3771789
-0.00950000000000066 0.00231290816295107 0.000289688118650324 -1.65665379589578 464.691865558794 70726281.0251623
-0.00960000000000059 -0.000211329692923217 -0.00247935740044338 -1.67163743387484 464.644950680898 70722396.1252218
-0.00970000000000064 0.000640785962991213 0.00285912648211713 -1.68332500233436 464.598035803002 70721612.7389867
-0.0098000000000007 -0.00187776201657127 -0.000808755998028096 -1.69891950806774 464.551120925106 70716946.3950224
-0.00990000000000063 0.00373345616486061 -0.00144654134900566 -1.71155387578035 464.504206047211 70715537.7499907
-0.0100000000000006 -0.00292444087095042 0.000356037224803446 -1.72739249349382 464.457291169315 70711507.969978
-0.0101000000000006 0.000389870168439406 0.00140250565498102 -1.73899812324432 464.410376291419 70710418.6937458
-0.0102000000000007 0.000606851636856254 -0.00310329334908205 -1.75434336717596 464.363461413523 70706789.9094415
-0.0103000000000006 0.000627623324232146 0.00181552385058405 -1.76612104151748 464.316546535627 70705484.5650278
-0.0104000000000007 -0.00164191863893307 8.72051761410165e-05 -1.78163147759445 464.269631657731 70701382.285437
-0.0105000000000006 0.001648160778405 -0.000763519952345154 -1.79481337591786 464.222716779835 70699483.1914481
-0.0106000000000006 -7.2511522892116e-06 -0.00164182488452723 -1.80901869607479 464.175801901939 70696258.0701568
-0.0107000000000007 -0.00152736027174786 0.00303639542088196 -1.82133434621941 464.128887024043 70694661.6208095
-0.0108000000000006 0.00191954816396764 -0.00254098159802458 -1.83621612278286 464.081972146148 70691492.1018289
-0.0109000000000006 0.000594673791262025 0.00122613226880421 -1.84978229963532 464.035057268252 70689575.8706622
-0.0110000000000006 -0.00171579700102632 0.000544771573605778 -1.86412576339742 463.988142390356 70685763.3143349
-0.0111000000000007 0.0011526302984023 -0.000662641080738299 -1.87688403350695 463.94122751246 70683961.5692243
-0.0112000000000007 0.000313123360705359 -0.0012574690070689 -1.89081870396533 463.894312634564 70680929.6188532
-0.0113000000000006 -0.00100650353562849 0.00251808388184981 -1.90401036375251 463.847397756668 70679070.8699916
-0.0114000000000006 -0.000744289151423016 -0.00211841604325999 -1.91999254997163 463.800482878772 70675136.8614913
-0.0115000000000006 0.00204882897887471 -0.000234324907826808 -1.93200287793497 463.753568000876 70673963.0923015
-0.0116000000000007 -0.00213672453329728 9.18683763377346e-05 -1.94645682238565 463.70665312298 70670142.7915477
-0.0117000000000006 0.000225662271650548 0.00095483459556363 -1.95846739113682 463.659738245085 70668636.7296885
-0.0118000000000005 -5.81990655356501e-05 -0.00247311189133619 -1.97473961754027 463.612823367189 70664919.9733656
-0.0119000000000006 0.00107464565562875 0.00207577081176107 -1.98672493311046 463.565908489293 70664018.3560886
-0.0120000000000006 -0.00288788929458686 0.000216676153877616 -2.00221824308367 463.518993611397 70659831.3112567
-0.0121000000000007 0.00272301345003123 -0.000320079592600522 -2.01401472820116 463.472078733501 70658836.4652083
-0.0122000000000006 -0.00242832437258232 -0.00100682644491376 -2.02926818938856 463.425163855605 70654370.6419389
-0.0123000000000006 0.000302808285196 0.00201716875472739 -2.0415957628212 463.378248977709 70653472.0757628
-0.0124000000000006 -0.000783525353424045 -0.00191563950481202 -2.05681546145548 463.331334099813 70649523.7417361
-0.0125000000000007 0.0034383259731757 0.000223160792519829 -2.0687134049721 463.284419221917 70649014.3649635
-0.0126000000000006 -0.00425100154141376 0.00156547907443715 -2.08446046815822 463.237504344022 70644385.5957328
-0.0127000000000007 0.00250077465287056 0.000448185701453667 -2.09703451737046 463.190589466126 70643186.8699786
-0.0128000000000006 -0.000346233881534862 -0.00294965716008123 -2.1126677352263 463.14367458823 70638967.6256548
-0.0129000000000006 0.000300839414255773 0.00306860804534613 -2.12351175966622 463.096759710334 70638317.9366903
-0.0130000000000007 -0.0019988227210731 -0.00184072608127168 -2.13986340562554 463.049844832438 70633868.4786726
-0.0131000000000006 0.00314928227182096 0.00101179296252068 -2.1513644342085 463.002929954542 70633458.8993115
-0.0132000000000006 -0.00212431807649324 -0.00215593958177613 -2.16806906093358 462.956015076646 70628803.8557015
-0.0133000000000006 -0.000336925342349058 0.00427568862291073 -2.17872828348476 462.90910019875 70628463.5237641
-0.0134000000000007 0.00138906244103294 -0.00430407009385846 -2.19472050734197 462.862185320854 70623537.1977039
-0.0135000000000007 0.000732309806660049 0.00247599942393606 -2.2068202165755 462.815270442958 70622882.2568645
-0.0136000000000006 -0.00184392219962948 -0.00122355075407282 -2.22266758804116 462.768355565063 70618522.6298389
-0.0137000000000006 0.0019758387357003 0.00120994523717225 -2.2346906521263 462.721440687167 70617835.0570917
-0.0138000000000006 -0.000149702233709787 -0.0021275737226386 -2.25022337316932 462.674525809271 70614115.6424467
-0.0139000000000007 -0.00097946825510145 0.00208651615909328 -2.26264577755947 462.627610931375 70612736.180365
-0.0140000000000006 0.000493642539708701 -0.00226584712079986 -2.27706873792337 462.580696053479 70609029.5428558
-0.0141000000000005 0.00110147025847882 -0.000336213809779423 -2.28979123254256 462.533781175583 70607314.7673331
-0.0142000000000006 -0.00159900459227856 0.000782374708355676 -2.30396293330368 462.486866297687 70604136.6504051
-0.0143000000000007 -2.92183421877968e-05 0.000671278038084589 -2.31754915130782 462.439951419791 70601813.9150391
-0.0144000000000007 0.00170839905395016 -0.00170030183724346 -2.332168597435 462.393036541895 70599074.199897
-0.0145000000000006 -0.000854270893793222 0.000327790640201101 -2.34612013287118 462.346121664 70596754.3605541
-0.0146000000000006 -0.000249579403552501 0.00171384782183905 -2.35896469878481 462.299206786104 70594806.1111982
-0.0147000000000006 0.00113746169451501 -0.00247883238233824 -2.37365846062744 462.252291908208 70591315.5332804
-0.0148000000000007 0.000497392456248425 0.00231037551538963 -2.38579140918943 462.205377030312 70589871.8795974
-0.0149000000000006 -0.00141645197076895 -0.00095507893041538 -2.40177421471274 462.158462152416 70585727.514408
-0.0150000000000007 0.00265331866844795 0.00165475708068614 -2.41347911629293 462.11154727452 70585094.3789167
-0.0151000000000006 -0.000999028837675142 -0.00293418785746463 -2.42994413572776 462.064632396624 70580259.9822798
-0.0152000000000006 0.000638639637848486 0.00507852392778525 -2.4401568614153 462.017717518728 70580502.8794795
-0.0153000000000007 -0.00109203455202811 -0.0044399962919585 -2.45781047533289 461.970802640832 70574689.6221117
-0.0154000000000006 0.00360546438768451 0.00301088579919734 -2.46827315994186 461.923887762937 70575878.8997065
-0.0155000000000006 -0.00378107951673838 -0.00276768476617011 -2.48564996771142 461.876972885041 70569782.8223807
-0.0156000000000006 0.00312438163190809 0.00348723724823103 -2.49451190096504 461.830058007145 70571117.6808458
-0.0157000000000007 -0.00232296542047516 -0.00487821534402014 -2.51271704865208 461.783143129249 70564450.2242774
-0.0158000000000006 0.00225673245504231 0.00472883601953458 -2.52244590770755 461.736228251353 70565934.605191
-0.0159000000000006 -0.00444118837798453 -0.00240337109253465 -2.54106249247851 461.689313373457 70559436.9336555
-0.0160000000000006 0.00583432981394094 0.00126779422968915 -2.55056107072336 461.642398495561 70561041.1141388
-0.0161000000000006 -0.00518303535590427 -0.00179267120241727 -2.56837267127586 461.595483617665 70554595.3558217
-0.0162000000000007 0.00388056851753811 0.0032933852475149 -2.57681947560691 461.548568739769 70556073.8344953
-0.0163000000000006 -0.00352110542384827 -0.00363875575377391 -2.59540964557196 461.501653861874 70549321.4293729
-0.0164000000000005 0.00471581402349499 0.00258252761486233 -2.60520260278958 461.454738983978 70550812.2931162
-0.0165000000000006 -0.00520609465794736 -0.00193250779925166 -2.62438717750356 461.407824106082 70544409.466393
-0.0166000000000007 0.00455179518852837 0.00209539336771531 -2.63323302782301 461.360909228186 70546108.8167998
-0.0167000000000007 -0.00296214407972478 -0.00280406408089658 -2.65034692883287 461.31399435029 70540027.063375
-0.0168000000000006 0.00176800842877842 0.00347673147965772 -2.66040719528284 461.267079472394 70540865.9885783
-0.0169000000000006 -0.00167892568298388 -0.0043222440321214 -2.6786108961143 461.220164594498 70534849.1051898
-0.0170000000000006 0.00347247884856093 0.00242132280410677 -2.68872298122871 461.173249716602 70535571.931379
-0.0171000000000007 -0.00346963751265536 -0.00150292663052246 -2.70572882626321 461.126334838706 70530020.9745935
-0.0172000000000006 0.00227581917734459 0.00330195435447022 -2.71532643546191 461.079419960811 70530667.0844682
-0.0173000000000005 -0.000971256335385579 -0.00430547312315079 -2.7331101984975 461.032505082915 70525180.1926396
-0.0174000000000006 0.00134352579664206 0.00402228272997216 -2.74370080292746 460.985590205019 70525715.2630038
-0.0175000000000006 -0.00174606797507392 -0.00307212329597878 -2.76160446819789 460.938675327123 70520503.522212
-0.0176000000000007 0.00232492096974178 0.00249184756160416 -2.77153432809849 460.891760449227 70520692.9780384
-0.0177000000000006 -0.00242321543618127 -0.0014417289124468 -2.78755970199882 460.844845571331 70515656.4471636
-0.0178000000000006 0.00173557435742134 0.00186327229922436 -2.79892181373343 460.797930693435 70515430.7512747
-0.0179000000000006 -0.00114071242006322 -0.00246582933618237 -2.81561010820106 460.751015815539 70511021.3483339
-0.0180000000000007 0.000730414487277016 0.00218175560112001 -2.82699516507426 460.704100937643 70510482.9260428
-0.0181000000000006 -0.00137383471371551 -0.00139802689156824 -2.84245012063369 460.657186059748 70506530.43697
-0.0182000000000007 0.00152214883403212 0.000908237142759359 -2.85472862828086 460.610271181852 70505287.2712978
-0.0183000000000006 -0.00190992706420288 -0.000822811851376477 -2.86993818609069 460.563356303956 70501306.5432306
-0.0184000000000006 0.000961068351018773 0.000728475807396162 -2.88231041799123 460.51644142606 70500116.7308148
-0.0185000000000007 -3.33294087977364e-05 -0.000537045427460038 -2.89723083756095 460.469526548164 70497169.0952234
-0.0186000000000006 0.000811878260618909 0.000931000788920538 -2.91042900990189 460.422611670268 70495450.0696297
-0.0187000000000006 -0.000658938844895093 0.000191681194981217 -2.92555668865285 460.375696792372 70492357.6251646
-0.0188000000000006 0.00161093031790049 -0.00100140900454092 -2.93843422799467 460.328781914476 70489953.8815279
-0.0189000000000007 -0.000695873251688096 0.000472071383613741 -2.9521241226898 460.28186703658 70487317.5831304
-0.0190000000000006 -0.000902653282918632 0.0017587806394837 -2.96527807005878 460.234952158685 70485138.261421
-0.0191000000000006 0.00111609991322218 -0.000433114956323234 -2.97949272678459 460.188037280789 70482813.3787182
-0.0192000000000006 0.000380549471600308 -0.00122382822073906 -2.9942699566786 460.141122402893 70480050.9101002
-0.0193000000000006 -0.000351323071412243 0.00166510524534459 -3.00730304651816 460.094207524997 70478185.6130016
-0.0194000000000007 -0.000827955494257511 -0.00151434191033075 -3.02167434091442 460.047292647101 70474631.1731733
-0.0195000000000006 0.00193626495438325 9.81520570698815e-05 -3.03393192555172 460.000377769205 70473379.169435
-0.0196000000000005 -0.00272225552732142 0.000377232270634478 -3.04893835430171 459.953462891309 70469896.424055
-0.0197000000000006 0.00185673787636137 0.00161705410100906 -3.06144128798719 459.906548013413 70468987.6688377
-0.0198000000000007 0.000102655272028963 -0.00299889211305761 -3.07751951882698 459.859633135517 70464919.234639
-0.0199000000000007 0.000468299011641355 0.0028036909659871 -3.08904706387278 459.812718257621 70464236.9516136
-0.0200000000000006 -0.00295394695346407 -0.00059857368720248 -3.10517833338348 459.765803379726 70459789.9906818
-0.0201000000000006 0.00444091832015195 0.00051590801946246 -3.11614430502656 459.71888850183 70459560.1711481
-0.0202000000000006 -0.00274836167669037 -0.00117531817788762 -3.13314092573008 459.671973623934 70454587.3860114
-0.0203000000000007 0.00150104228734374 0.00457422139166454 -3.14286333602387 459.625058746038 70454833.7420131
-0.0204000000000006 -0.00199997971010363 -0.00382580978206028 -3.16063028671427 459.578143868142 70449211.3406294
-0.0205000000000005 0.00352980369909296 0.0024665819502065 -3.17058060738218 459.531228990246 70450329.7197381
-0.0206000000000006 -0.00434641469447033 -0.000629811262718944 -3.18875885895048 459.48431411235 70444927.1873927
-0.0207000000000006 0.00346260448931561 0.00190634928741146 -3.19860681499168 459.437399234454 70445492.3697762
-0.0208000000000007 -0.00228881654817095 -0.00331392686147051 -3.21576946003016 459.390484356558 70440037.4651358
-0.0209000000000006 0.00177142971677389 0.00324544420480366 -3.22572416634152 459.343569478663 70440571.7789381
-0.0210000000000006 -0.00291148701438705 -0.00189808201442614 -3.24312814747836 459.296654600767 70435106.345275
-0.0211000000000006 0.0034756127161341 0.00145214416023867 -3.25411029328187 459.249739722871 70435884.020974
-0.0212000000000007 -0.00366706951315953 -0.00154025620744808 -3.27162198621902 459.202824844975 70430916.3921077
-0.0213000000000006 0.00172220719338462 0.00286738550464537 -3.28100099722961 459.155909967079 70431103.8954134
-0.0214000000000006 -0.000975907879043954 -0.00362280992986402 -3.29813543211023 459.108995089183 70426010.0028501
-0.0215000000000006 0.00144539849084033 0.00322447724989838 -3.30897545267185 459.062080211287 70426090.9851348
-0.0216000000000006 -0.00305125298818774 -0.00137952569847189 -3.32621777353381 459.015165333391 70421046.32925
-0.0217000000000007 0.00236167858929659 0.0021245065013032 -3.33701368992013 458.968250455495 70421466.3351945
-0.0218000000000006 0.000389335993146798 -0.00376191353721442 -3.35288603173282 458.9213355776 70417042.3836627
-0.0219000000000005 -0.000799513696535077 0.00419241077320853 -3.36522866263926 458.874420699704 70416557.3716452
-0.0220000000000006 -0.000961520919069704 -0.00268958099077786 -3.38109949961529 458.827505821808 70411758.8488774
-0.0221000000000007 0.00178753084429097 0.00107645248627144 -3.39228816423976 458.780590943912 70411544.1127005
-0.0222000000000006 -0.00278237061990045 -0.000922224259939821 -3.40821067741159 458.733676066016 70407164.0409464
-0.0223000000000006 0.00108383335273521 0.00190059680266303 -3.42026353059383 458.68676118812 70406864.3049403
-0.0224000000000006 -0.000569260596309005 -0.00337031862050788 -3.43696387767712 458.639846310224 70402553.4963883
-0.0225000000000006 0.0015418551564417 0.00259608187033969 -3.44776844496605 458.592931432328 70402480.4483081
-0.0226000000000007 -0.00263773123956603 -0.000815316480986886 -3.46388272245055 458.546016554432 70397820.1983771
-0.0227000000000006 0.00434351979268533 -0.000321757950756342 -3.47432523348555 458.499101676537 70397378.6533534
-0.0228000000000005 -0.00335359374232992 0.00023447517040334 -3.49085269097186 458.452186798641 70393124.5550263
-0.0229000000000006 0.0014365014722668 0.00210190723671729 -3.5024571180126 458.405271920745 70392790.7223764
-0.0230000000000006 -0.000229005415165708 -0.00248270887040857 -3.51881115415039 458.358357042849 70388856.1225806
-0.0231000000000007 0.00157345248912647 0.00143566116090255 -3.53067829714921 458.311442164953 70388147.7111047
-0.0232000000000006 -0.00285487219008611 0.00064112635231971 -3.54641931155326 458.264527287057 70383988.307894
-0.0233000000000006 0.00335382363572593 0.000263854508518052 -3.55749885777212 458.217612409161 70383370.949632
-0.0234000000000006 -0.000259479528723069 -0.00155214592381468 -3.5726980473394 458.170697531265 70379339.056657
-0.0235000000000007 -0.00133469344023464 0.00352435551462945 -3.58505875068151 458.123782653369 70378266.0767057
-0.0236000000000006 0.000860594428776447 -0.00219938176920455 -3.60059664604506 458.076867775474 70374646.7417986
-0.0237000000000007 0.00237706941018512 -7.38214686534502e-06 -3.61341184702328 458.029952897578 70373920.5528931
-0.0238000000000006 -0.0021229671958657 0.000363201993727605 -3.62800429182269 457.983038019682 70370272.3424532
-0.0239000000000006 0.000669141343147821 0.000764052047291016 -3.64084280561731 457.936123141786 70368829.1164712
-0.0240000000000007 0.00078453208927992 -0.0030401076145545 -3.65563699255422 457.88920826389 70365305.6515869
-0.0241000000000006 -0.000383324328251561 0.00195349217744778 -3.66822187956866 457.842293385994 70364171.6132865
-0.0242000000000006 -0.000900266990306931 0.00079325049056276 -3.68244517390485 457.795378508098 70361153.6991879
-0.0243000000000006 0.00202314140037237 -0.00116500600787473 -3.69653217258596 457.748463630202 70359411.9283915
-0.0244000000000007 -0.000199178117546468 -0.000288951728145303 -3.71084626753865 457.701548752306 70356793.424136
-0.0245000000000006 -0.000865069044815004 0.00227149331107119 -3.72377287092074 457.654633874411 70354974.2696053
-0.0246000000000006 0.000435223842432874 -0.00207241502273476 -3.7382335454432 457.607718996515 70351678.1376055
-0.0247000000000006 0.00113159925856873 3.93493759680915e-05 -3.75067559224756 457.560804118619 70349959.1271834
-0.0248000000000006 -0.00229112173018182 0.00165351619827592 -3.76555833798291 457.513889240723 70347198.9049456
-0.0249000000000007 0.00112717381770047 -0.000696847331766143 -3.77927327845792 457.466974362827 70345200.0728534
-0.0250000000000006 0.000561485436529679 -0.000974661860024489 -3.79329554889714 457.420059484931 70342921.6034646
-0.0251000000000005 -0.00182721228646463 0.00194237306710069 -3.80632057119504 457.373144607035 70340973.3704792
-0.0252000000000006 0.000888435450693891 -0.000581583880549121 -3.82058101698203 457.326229729139 70338325.1527786
-0.0253000000000006 0.00151118617456706 -0.00102182352719597 -3.83403532298777 457.279314851243 70335846.587723
-0.0254000000000007 -0.00219738142534276 0.00106822265243956 -3.84868583642818 457.232399973348 70333230.9592644
-0.0255000000000006 -0.00062154245619738 -8.05876381227458e-05 -3.86219569622775 457.185485095452 70331069.7363131
-0.0256000000000006 0.00208400432028691 -0.00189792941840825 -3.87606513478908 457.138570217556 70329226.0547389
-0.0257000000000006 -0.000819584655688979 0.000728769502424082 -3.89013191442823 457.09165533966 70326907.8677207
-0.0258000000000007 -0.000370176138385556 0.000701562763438675 -3.90309917846445 457.044740461764 70324505.464712
-0.0259000000000006 0.00102919228018826 -0.00151740492736123 -3.91715927014738 456.997825583868 70321819.834873
-0.0260000000000005 0.000817815239024146 0.000159549746259768 -3.93041480595927 456.950910705972 70319912.1374967
-0.0261000000000006 -0.0021216453518415 0.0015677374240781 -3.94501659171226 456.903995828076 70317377.3657397
-0.0262000000000006 0.00196527451487074 -0.000164694788513024 -3.95771619267519 456.85708095018 70315728.0891088
-0.0263000000000007 0.0011019309014584 -0.00101314743123808 -3.97261383878523 456.810166072285 70312912.6661839
-0.0264000000000006 -0.00181985639052488 0.00307537118987627 -3.98516196496164 456.763251194389 70310795.1136863
-0.0265000000000006 0.000339987048628823 -0.00131030184360047 -3.99994841617718 456.716336316493 70307794.5703264
-0.0266000000000006 0.00250534570292026 -0.000335397515422987 -4.01254224895687 456.669421438597 70306612.2284475
-0.0267000000000007 -0.00241091843954303 0.000224169526951183 -4.02820991720892 456.622506560701 70303241.3246387
-0.0268000000000006 0.000102254907283047 0.00226470239456458 -4.04041822787135 456.575591682805 70302458.1750666
-0.0269000000000006 0.000307917603172615 -0.00281328332506319 -4.05575461641382 456.528676804909 70298561.5532019
-0.0270000000000006 0.00174958666988295 0.00192974986991949 -4.0674263334913 456.481761927013 70298037.0231302
-0.0271000000000006 -0.00418829747183967 0.0010857682351534 -4.0830460175639 456.434847049117 70293684.6452116
-0.0272000000000007 0.00479198448601503 -0.00134416208193511 -4.09442058669938 456.387932171222 70293298.474409
-0.0273000000000006 -0.0030862081121565 -0.00162650699565866 -4.11034619486502 456.341017293326 70288488.2550915
-0.0274000000000005 0.00104854888744994 0.00324782351579434 -4.1207420638303 456.29410241543 70289108.0422714
-0.0275000000000006 -0.00204283489723921 -0.00300337283770924 -4.1383421482589 456.247187537534 70284296.7894001
-0.0276000000000007 0.00403941339297413 0.000852982548612409 -4.14924009913277 456.200272659638 70284973.9848627
-0.0277000000000006 -0.00457855515105217 -0.00119821093056508 -4.16670669896232 456.153357781742 70279582.391238
-0.0278000000000006 0.00199557987679047 0.00288255629045207 -4.17634773702644 456.106442903846 70280622.6232464
-0.0279000000000006 -0.000441357210444628 -0.00504289989674332 -4.19402943956384 456.05952802595 70274961.3598403
-0.0280000000000006 0.000301231452717582 0.00509064462120104 -4.20391041101345 456.012613148054 70275694.7517251
-0.0281000000000007 -0.00251868239948732 -0.002850261652729 -4.22167825317617 455.965698270158 70270485.9877158
-0.0282000000000006 0.00340354772036818 0.00203625760681969 -4.23178037914716 455.918783392263 70271774.6376871
-0.0283000000000005 -0.00160410268324738 -0.00403507666856379 -4.2496191886958 455.871868514367 70266195.0188489
-0.0284000000000006 0.000237125788349355 0.00579058053623647 -4.25841410058747 455.824953636471 70267125.9540957
-0.0285000000000006 -0.00195284311276907 -0.0044429410503221 -4.27676990659077 455.778038758575 70261468.2381741
-0.0286000000000006 0.00381058618966124 0.00120806683697297 -4.28606067326347 455.731123880679 70262374.5944047
-0.0287000000000006 -0.00378724164572593 -0.00107377785954128 -4.30446669807175 455.684209002783 70257226.1538827
-0.0288000000000006 0.00326110528439675 0.00234834685780749 -4.31408623874587 455.637294124887 70258416.9381558
-0.0289000000000006 -0.00185958986410519 -0.00303378327246736 -4.33175022661428 455.590379246991 70252980.6160495
-0.0290000000000007 0.003169369629272 0.00244343356150687 -4.34078880259776 455.543464369095 70253647.3797426
-0.0291000000000006 -0.00463999110595658 -0.000792735641056293 -4.35875842192501 455.4965494912 70248348.5515583
-0.0292000000000005 0.00483246518691509 -0.000280528370339255 -4.36856900330088 455.449634613304 70248906.3401436
-0.0293000000000006 -0.00418001276965155 -0.00153341480358826 -4.38625201101169 455.402719735408 70244063.3474696
-0.0294000000000006 0.00197634227674934 0.00243760972706419 -4.39671506687092 455.355804857512 70244678.8830702
-0.0295000000000007 -0.00107157941455954 -0.00287188238516047 -4.41374670070828 455.308889979616 70240209.6281275
-0.0296000000000006 0.00256133479095786 0.0015814714756612 -4.42380547263958 455.26197510172 70240270.7000748
-0.0297000000000006 -0.00257067020707532 -0.00271731817514159 -4.44108109743614 455.215060223824 70235352.3273811
-0.0298000000000006 0.00136069663013079 0.00309951386345669 -4.45187167045682 455.168145345928 70235515.2199568
-0.0299000000000007 0.000154989848928724 -0.00396362822715221 -4.46825148546346 455.121230468032 70231045.6957593
-0.0300000000000006 -0.000451400427991445 0.00331435478585356 -4.47950713203862 455.074315590137 70231170.26595
-0.0301000000000006 -0.00144068286262506 -0.00211974136415367 -4.49553060814916 455.027400712241 70227004.5648761
-0.0302000000000006 0.00250780425255395 0.00150888630216537 -4.50639282737803 454.980485834345 70226939.4177926
-0.0303000000000006 -0.0028310998544744 -0.00127808831113572 -4.52312151600842 454.933570956449 70222358.5741808
-0.0304000000000007 0.000976456473547497 0.00136343577514511 -4.53490510793446 454.886656078553 70221897.8445241
-0.0305000000000006 -0.000984383321124445 -0.00138893584268763 -4.54990526660332 454.839741200657 70218199.458723
-0.0306000000000005 0.0027050066024094 0.000621871915705698 -4.56205365677979 454.792826322761 70217952.9764865
-0.0307000000000006 -0.00326870681284344 0.000795953506480923 -4.57749665642488 454.745911444865 70214454.6465209
-0.0308000000000006 0.00202588478916157 0.000419108907126419 -4.58923429314876 454.698996566969 70213665.8347484
-0.0309000000000006 -0.000516241708233801 -0.00207568131218414 -4.60483295870672 454.652081689074 70209689.4349112
-0.0310000000000006 -0.000308761205923309 0.00236569660756533 -4.61645300106164 454.605166811178 70208805.0278378
-0.0311000000000006 -0.000929112216123456 -0.00112942772224123 -4.6314925389209 454.558251933282 70205557.6312342
-0.0312000000000006 0.00167287509966539 0.000353029752375688 -4.64402972609859 454.511337055386 70204381.7541044
-0.0313000000000007 -0.00126390893113022 -0.00107028218852029 -4.65977810590857 454.46442217749 70201179.7275868
-0.0314000000000006 -0.000747223964486411 0.00228227025682668 -4.6712498351656 454.417507299594 70200358.3977064
-0.0315000000000005 0.00132280161743546 -0.00335178519809233 -4.68644871743367 454.370592421698 70197293.7927574
-0.0316000000000006 -0.000547989228027589 0.00276179365367329 -4.69897220325868 454.323677543802 70195745.3560196
-0.0317000000000006 -0.000504767005745219 -0.00127180214225136 -4.71463917540264 454.276762665906 70192269.0603536
-0.0318000000000007 0.00231920893915754 -0.000791530757387529 -4.72680812583997 454.229847788011 70191330.2269731
-0.0319000000000006 -0.00145574187090509 0.000543748649564913 -4.74126244630387 454.182932910115 70188605.0034538
-0.0320000000000006 -0.000875544816582333 0.00191145579984662 -4.7541151181962 454.136018032219 70187365.2907023
-0.0321000000000006 0.000406076298673957 -0.00128696259919582 -4.76903158630821 454.089103154323 70184185.9970525
-0.0322000000000007 0.00173981239272307 -0.000545063224994279 -4.78262644400233 454.042188276427 70182343.5418005
-0.0323000000000006 -0.00243768201830122 0.00153820346501316 -4.79626169264079 453.995273398531 70179434.1899609
-0.0324000000000006 0.00163080056299191 -0.000764727702216065 -4.80909248949326 453.948358520635 70178338.0649467
-0.0325000000000006 0.000631785552933416 -0.000913011339915618 -4.8231576063147 453.901443642739 70175856.5392846
-0.0326000000000006 -0.000500445058675413 0.00197650983151834 -4.83659990529578 453.854528764843 70174248.1007296
-0.0327000000000007 -0.00161028881049823 0.000215448188319744 -4.85095576517471 453.807613886948 70171216.6779473
-0.0328000000000006 0.0019056104511674 -0.00111920436197993 -4.86383536946738 453.760699009052 70169911.0468025
-0.0329000000000005 -0.00113492082158916 7.17462624279266e-05 -4.87764080274609 453.713784131156 70167286.088578
-0.0330000000000006 -0.000929092904609009 0.00153433687624116 -4.89112872284837 453.66686925326 70165380.4650136
-0.0331000000000006 0.000838022932472503 -0.00171842759290622 -4.90600318248378 453.619954375364 70162672.1850163
-0.0332000000000006 -0.000208782913604489 -0.000487367225967596 -4.91949939273015 453.573039497468 70160860.5860889
-0.0333000000000006 -0.000478612726597583 0.00111214062248915 -4.93277993920266 453.526124619572 70159011.5760809
-0.0334000000000006 0.000606537011940352 2.80669132419377e-05 -4.94658992176406 453.479209741676 70156717.9116274
-0.0335000000000006 0.00131273325058525 -0.00102834604866174 -4.96024589795475 453.43229486378 70154374.7461086
-0.0336000000000007 -0.00156975007224779 0.00192570056891694 -4.97363198624847 453.385379985885 70152164.7302807
-0.0337000000000006 0.000501187211471597 -0.000531096866069074 -4.98821644368897 453.338465107989 70150164.3514627
-0.0338000000000005 0.00233580791211646 -0.00213964652521429 -5.00117211982744 453.291550230093 70148588.0050173
-0.0339000000000006 -0.00187398666114782 0.00176087205141883 -5.01541076506798 453.244635352197 70146174.4170831
-0.0340000000000006 -0.000165834147901671 0.000784373346127092 -5.0282563643085 453.197720474301 70144076.0419751
-0.0341000000000007 0.00192479152886468 -0.00247471216267731 -5.0427041757353 453.150805596405 70141569.3854168
-0.0342000000000006 0.000456494666266178 -0.000158812899298535 -5.05598548169855 453.103890718509 70139726.0321449
-0.0343000000000006 -0.00284002330042641 0.00196914238809554 -5.07028881665026 453.056975840613 70137320.4219746
-0.0344000000000006 0.00252385187301117 -0.00199356732197762 -5.08322501369909 453.010060962717 70135738.2067204
-0.0345000000000007 0.00152067581196728 -0.00119513642494363 -5.0970482319577 452.963146084822 70133525.9819994
-0.0346000000000006 -0.00339093789037635 0.00367864054795689 -5.11052223862845 452.916231206926 70131513.2500918
-0.0347000000000005 0.00243272379560563 -0.0029575639537305 -5.12478673254617 452.86931632903 70128804.8393511
-0.0348000000000006 0.000898711739833295 2.10234751287519e-05 -5.13744961573445 452.822401451134 70127074.5933571
-0.0349000000000006 -0.00211006394469271 0.0019907888815945 -5.15176086419245 452.775486573238 70124873.7337093
-0.0350000000000007 0.00146079033887924 -0.000217634988223666 -5.16530927005524 452.728571695342 70123380.2216124
-0.0351000000000006 0.00212932989292809 -0.00316592511049567 -5.17947331814123 452.681656817446 70120620.1972634
-0.0352000000000006 -0.00170374929017445 0.00292481590515896 -5.19256772044378 452.63474193955 70118981.0951496
-0.0353000000000006 -0.00202058294625085 0.000598113763417098 -5.20690525625851 452.587827061654 70116174.4013144
-0.0354000000000007 0.00327421127122794 -0.00232039121806572 -5.21926153184342 452.540912183759 70114849.6670135
-0.0355000000000006 -0.00210172368585372 0.000252952523458599 -5.23389287243702 452.493997305863 70112145.1764254
-0.0356000000000006 -0.00101571099836179 0.00184749260727081 -5.24734219305373 452.447082427967 70110855.4923901
-0.0357000000000006 0.00154124823074326 -0.000986511338447334 -5.26133514347419 452.400167550071 70108680.9787702
-0.0358000000000006 0.000920464655056748 -0.000727587517386337 -5.27481920980569 452.353252672175 70106512.8137223
-0.0359000000000007 -0.00245628193908588 0.00234620327412092 -5.28811537125329 452.306337794279 70104114.9085001
-0.0360000000000006 0.00162002443980441 -0.0018524658395533 -5.30203910020685 452.259422916383 70102106.4668532
-0.0361000000000005 0.000378281615877396 -0.002026554484097 -5.31652864635718 452.212508038487 70099603.5469433
-0.0362000000000006 -0.00160368471986 0.00177227601947395 -5.32932354427027 452.165593160591 70098202.2012861
-0.0363000000000006 0.000291300488194912 -0.000685156782022782 -5.34321994104252 452.118678282695 70096074.0209532
-0.0364000000000006 0.000737335290026427 -0.000446446130818295 -5.3563024412662 452.0717634048 70094106.7688329
-0.0365000000000006 -0.000576341560659684 0.00018759798166856 -5.36984558558504 452.024848526904 70091697.9511752
-0.0366000000000006 -0.00158049230280536 0.00226914905465096 -5.38328596982384 451.977933649008 70089926.1524686
-0.0367000000000006 0.00183980451290315 -0.00294265395990173 -5.39738459477922 451.931018771112 70087617.421792
-0.0368000000000007 -0.000412442316481867 0.00105765713907641 -5.41043015213998 451.884103893216 70086058.6688325
-0.0369000000000006 -0.00187076675933414 0.000531192869860546 -5.42517461586884 451.83718901532 70083275.2180257
-0.0370000000000005 0.00188025587055036 -0.000415243901877476 -5.43808829945738 451.790274137424 70081647.6433633
-0.0371000000000006 -0.000646240558806018 -0.00125460421332756 -5.4521825356868 451.743359259528 70078848.5633838
-0.0372000000000006 2.40862018572319e-05 0.00140441143333459 -5.464090841168 451.696444381632 70077771.0383101
-0.0373000000000006 -0.00155092689258167 0.000282518525872097 -5.47911145019167 451.649529503737 70075470.0953501
-0.0374000000000006 0.00263511535967661 -0.00145862326263521 -5.49282174745653 451.602614625841 70073877.2920309
-0.0375000000000006 -0.00162865283763818 0.000846184922814137 -5.50720566526432 451.555699747945 70070981.5275779
-0.0376000000000006 0.000220254166337539 0.000495563453704388 -5.51970204432364 451.508784870049 70069350.906372
-0.0377000000000007 0.000713483299152938 -0.00123274688507247 -5.53334756785957 451.461869992153 70067290.0294911
-0.0378000000000006 -0.00128848882110257 0.00184343913912657 -5.54690080563353 451.414955114257 70065547.9164966
-0.0379000000000006 0.00150885232712275 -0.000825603528452472 -5.56018752385223 451.368040236361 70063849.6296666
-0.0380000000000006 -0.000654934172129766 -0.000179657374578288 -5.57536339543679 451.321125358465 70061072.6949589
-0.0381000000000006 0.00176347036791337 0.000264563056020043 -5.5872516697793 451.274210480569 70059754.1847765
-0.0382000000000007 -0.00283523361338417 0.000829017530864426 -5.60230930678343 451.227295602674 70056812.7435591
-0.0383000000000006 0.00238061935656817 -0.00130069167092182 -5.6147334407695 451.180380724778 70055599.0781994
-0.0384000000000005 -0.0019212027735819 -0.000346136095445587 -5.6296566745922 451.133465846882 70052868.3199591
-0.0385000000000006 0.00032102800404796 0.0025724144189059 -5.64132238902065 451.086550968986 70052579.1481223
-0.0386000000000006 0.000563523095869589 -0.0030670074498779 -5.65710480508809 451.03963609109 70048882.209985
-0.0387000000000006 0.00118181842358479 0.00241589354318579 -5.66863607754913 450.992721213194 70048316.8217882
-0.0388000000000006 -0.00217793865003429 -0.00078758933564043 -5.68455266834284 450.945806335298 70044237.7056532
-0.0389000000000006 0.000831445818044278 0.00208547718006121 -5.69554219260724 450.898891457402 70044129.4503285
-0.0390000000000006 -0.000356701917054817 -0.00289316982573011 -5.71130377859005 450.851976579506 70040221.7385802
-0.0391000000000007 0.00070738337907769 0.00298522677007457 -5.72281112481459 450.805061701611 70040559.1440748
-0.0392000000000006 -0.00256283370964594 -0.000914680133252542 -5.73919296400637 450.758146823715 70036536.9866341
-0.0393000000000005 0.00432095672349901 -0.000388878912946262 -5.74982409213468 450.711231945819 70036729.2426717
-0.0394000000000006 -0.00358831258345272 -0.000503627296912781 -5.76591606606916 450.664317067923 70032201.0184951
-0.0395000000000006 0.0016607599648349 0.00198539776506006 -5.7765257843199 450.617402190027 70032470.0284322
-0.0396000000000006 -0.00104376949177297 -0.0025812543120987 -5.79308834503335 450.570487312131 70028384.2045129
-0.0397000000000006 0.00142521883638025 0.00152874819083771 -5.80408457763596 450.523572434235 70028516.02588
-0.0398000000000006 -0.00313264041131953 -0.00123152198599573 -5.82087809557177 450.476657556339 70024302.7737286
-0.0399000000000006 0.00336401290451665 0.00201088970171219 -5.8310141127943 450.429742678443 70025062.793101
-0.0400000000000007 -0.000667543629051552 -0.00404663738051424 -5.84813239823307 450.382827800548 70020286.7546799
-0.0401000000000006 -0.000301158112351411 0.00475338648341784 -5.85752367736617 450.335912922652 70020718.6938398
-0.0402000000000005 -0.000806463413830021 -0.00312331506512121 -5.87549149162884 450.288998044756 70016158.0048276
-0.0403000000000006 0.00332756661175255 0.000713404660558498 -5.88554129711794 450.24208316686 70016683.538478
-0.0404000000000006 -0.00401077382519661 -0.000842737935742938 -5.90293224076033 450.195168288964 70012360.6379039
-0.0405000000000007 0.00150120824208113 0.00260656679939745 -5.91270903381861 450.148253411068 70013369.5677491
-0.0406000000000006 -0.00143297965712067 -0.00369816527557509 -5.92939592752963 450.101338533172 70008546.4926226
-0.0407000000000005 0.0021202218438971 0.00247553365039346 -5.93922047451397 450.054423655276 70009352.7393177
-0.0408000000000006 -0.00495967717115062 -0.00043317584880842 -5.95738853106952 450.00750877738 70004185.8329158
-0.0409000000000007 0.00492820771334931 0.00097624336012046 -5.96689230749208 449.960593899485 70005239.7582743
-0.0410000000000006 -0.00261486649912687 -0.00233482766773254 -5.98468725848218 449.913679021589 69999998.8896704
-0.0411000000000006 0.00072206670576351 0.00434273015518434 -5.99383557973041 449.866764143693 70001266.4749138
-0.0412000000000006 -0.00189297918420873 -0.00412032749886312 -6.01127123415368 449.819849265797 69996162.2475172
-0.0413000000000006 0.00226289060908039 0.00172083940070458 -6.02105477149775 449.772934387901 69997529.3391615
-0.0414000000000007 -0.00344049185399994 -0.00217035402137799 -6.03854855906551 449.726019510005 69992669.6775325
-0.0415000000000006 0.0016740228932807 0.00380358087856024 -6.0476454529699 449.679104632109 69993732.736663
-0.0416000000000005 -0.000845595931412509 -0.00369690342227518 -6.06535491660199 449.632189754213 69988624.9740659
-0.0417000000000006 0.00124497155025522 0.00281433584174201 -6.07561767637916 449.585274876317 69989204.1802279
-0.0418000000000006 -0.00322548661505026 -0.00188532247666056 -6.09247484532097 449.538359998422 69985044.7239068
-0.0419000000000006 0.00262256196276368 0.000556254623658316 -6.10212072108645 449.491445120526 69985653.0070378
-0.0420000000000006 -0.00303291064929668 -0.00120777443830531 -6.11897146262512 449.44453024263 69981609.5145344
-0.0421000000000006 0.000714685618169332 0.00179757009460172 -6.13006166235361 449.397615364734 69981566.3955054
-0.0422000000000006 -0.00106462144113974 -0.00198919666162942 -6.1459273743855 449.350700486838 69977555.4716593
-0.0423000000000007 0.0019564139434871 0.00139312895162869 -6.15679069008894 449.303785608942 69977460.1924916
-0.0424000000000006 -0.00230926182263047 -0.000618115482211173 -6.17258576080583 449.256870731046 69973719.7741486
-0.0425000000000005 0.00123537880729341 0.00165561787858753 -6.18428355368168 449.20995585315 69973742.4220016
-0.0426000000000006 -0.00109484366036151 -0.00286750074646583 -6.20045884596739 449.163040975254 69970011.3537015
-0.0427000000000006 0.000320697977919652 0.00207735101353499 -6.21072227886991 449.116126097359 69970031.5210519
-0.0428000000000006 -0.000222633329408922 -0.00274162158411656 -6.22651592287097 449.069211219463 69966457.1763716
-0.0429000000000006 0.000706776881784993 0.00213065654026427 -6.23749537855283 449.022296341567 69965979.6380878
-0.0430000000000006 -0.000956944822379782 -0.00193679912840575 -6.25329716285212 448.975381463671 69962018.9529331
-0.0431000000000006 0.00110004182567828 0.00117591295692776 -6.26480870503845 448.928466585775 69961776.8501013
-0.0432000000000007 -0.00196591496271697 -0.000789702102566508 -6.28047219451718 448.881551707879 69958804.4174323
-0.0433000000000006 0.00239354122137609 -0.000366484024932812 -6.29152541452119 448.834636829983 69958597.2486131
-0.0434000000000005 -0.00322560734926684 -4.167589918285e-05 -6.3073031183322 448.787721952087 69955054.8300787
-0.0435000000000006 0.00166022898084566 0.000555259477489179 -6.31881483869184 448.740807074191 69954896.2828346
-0.0436000000000006 -0.00202885177229081 -0.00119217359196496 -6.33434436163168 448.693892196296 69951225.4347175
-0.0437000000000007 0.00118992108202569 0.000738774621396167 -6.34586283096057 448.6469773184 69950793.4523544
-0.0438000000000006 -0.0019474165343183 -0.000725119234255369 -6.36093429546534 448.600062440504 69947327.6987637
-0.0439000000000005 0.000294561941588684 0.00202649026589413 -6.37272717004407 448.553147562608 69947265.2504693
-0.0440000000000006 0.00038286784820555 -0.00283855330468836 -6.38832316039485 448.506232684712 69944144.4249697
-0.0441000000000007 0.000261712710027907 0.00305205282162056 -6.39966868761715 448.459317806816 69943604.752643
-0.0442000000000006 -0.00120828071879706 -0.00152852766640886 -6.41530010570435 448.41240292892 69940044.4617867
-0.0443000000000006 0.00131144498185404 0.00156332065525408 -6.42650243049048 448.365488051024 69939620.7407183
-0.0444000000000006 -0.000663855406486631 -0.00186116394063748 -6.44223877087439 448.318573173128 69936113.4495882
-0.0445000000000006 0.000736420795166917 0.00237940874389992 -6.45332668531759 448.271658295232 69936075.6603833
-0.0446000000000007 -0.00161139286534211 -0.00166123921485892 -6.46913422402238 448.224743417337 69932342.4611499
-0.0447000000000006 0.00330753094137413 -0.000346649019882496 -6.47981567522271 448.177828539441 69932626.9034867
-0.0448000000000005 -0.00373119538841248 0.000492973229300675 -6.49616482563457 448.130913661545 69928603.649217
-0.0449000000000006 0.00244030864185403 0.0013014272803656 -6.50694638767981 448.083998783649 69929053.6562213
-0.0450000000000006 -0.000852789236949987 -0.00281203460921387 -6.52292672196596 448.037083905753 69924520.4936324
-0.0451000000000006 0.00071501477514337 0.00245901933550366 -6.53397916579579 447.990169027857 69924947.3142764
-0.0452000000000006 -0.00226311362355878 -0.00237362600140688 -6.55019849049327 447.943254149961 69920620.0182756
-0.0453000000000006 0.00212575290106901 0.00188264213768159 -6.56052063833158 447.896339272065 69921822.6226004
-0.0454000000000006 -0.00224992991337161 -0.00275862279054965 -6.57731310202005 447.849424394169 69917304.5875719
-0.0455000000000007 0.00181021976284134 0.00309198302365759 -6.58721546871297 447.802509516274 69918349.6066569
-0.0456000000000006 -0.00212058754983371 -0.00294787792518508 -6.60429513899809 447.755594638378 69913216.8378474
-0.0457000000000005 0.00352502714530439 0.00167616277955294 -6.61370237946609 447.708679760482 69914480.3133744
-0.0458000000000006 -0.00397829216261389 -0.000938340356553767 -6.63106758872461 447.661764882586 69909450.6671534
-0.0459000000000006 0.00366169621698892 0.00121394988173224 -6.64069990627393 447.61485000469 69910485.3605995
-0.0460000000000006 -0.00176081657855243 -0.00269881702463567 -6.65837349596501 447.567935126794 69906074.6548594
-0.0461000000000006 0.00181453450198491 0.00315683895081734 -6.6675130497366 447.521020248898 69907143.1136433
-0.0462000000000005 -0.00231214506890481 -0.00271883350704137 -6.68508370492621 447.474105371002 69902572.5967456
-0.0463000000000006 0.00253198016489087 0.00273586256949583 -6.69429246625103 447.427190493106 69903646.4206848
-0.0464000000000007 -0.00179111046404322 -0.00233986697169794 -6.71158330429492 447.380275615211 69898906.6994007
-0.0465000000000006 0.00135089516965737 0.00371083381605176 -6.72155815108263 447.333360737315 69899523.6940397
-0.0466000000000006 -0.00138901562378149 -0.00346185175835043 -6.73895445963752 447.286445859419 69894893.5169771
-0.0467000000000006 0.00288551160938935 0.00259428544780043 -6.74802511785315 447.239530981523 69896280.8079451
-0.0468000000000006 -0.00302049444955645 -0.00148929818657493 -6.76535646604125 447.192616103627 69891801.3061934
-0.0469000000000007 0.00288035178771412 0.0022763772329363 -6.77474722832035 447.145701225731 69892786.8346179
-0.0470000000000006 -0.00119576705794444 -0.0035704766895561 -6.79225139585817 447.098786347835 69887776.2978548
-0.0471000000000005 0.00195916791501631 0.00380831026377237 -6.80171726761287 447.051871469939 69888856.9126658
-0.0472000000000006 -0.0026985776085175 -0.0032207051055161 -6.81989136926095 447.004956592043 69883941.880563
-0.0473000000000006 0.00360222690041247 0.00211344275879419 -6.82755152850556 446.958041714148 69886108.6515761
-0.0474000000000006 -0.00382965168818648 -0.00249529493183347 -6.84616597072704 446.911126836252 69880538.4525056
-0.0475000000000006 0.00305523708425663 0.0032285000332925 -6.85473662212371 446.864211958356 69882235.0038159
-0.0476000000000006 -0.00311850107264693 -0.00373824972559941 -6.87372668262007 446.81729708046 69876380.7835209
-0.0477000000000006 0.00348041332128681 0.00422026402808772 -6.88064085859989 446.770382202564 69878846.5270009
-0.0478000000000007 -0.00409608100023104 -0.00379893489289855 -6.90044784538792 446.723467324668 69872742.2777802
-0.0479000000000006 0.00473110959546429 0.00330106422350252 -6.90780856226316 446.676552446772 69875325.9062742
-0.0480000000000005 -0.00383181918542861 -0.00378700565001585 -6.9274885289115 446.629637568876 69869177.5003232
-0.0481000000000006 0.00387649256774406 0.00443441151719773 -6.93482023358281 446.58272269098 69872120.8984221
-0.0482000000000006 -0.00322013163715493 -0.00360662770102555 -6.95395988528206 446.535807813085 69865754.2431283
-0.0483000000000006 0.0049968740958036 0.00355624604555255 -6.96071923679666 446.488892935189 69868662.3909915
-0.0484000000000006 -0.0059349676296407 -0.00259805982234723 -6.98113232737141 446.441978057293 69861703.3107903
-0.0485000000000005 0.00516008925948114 0.00365702885531971 -6.98728512865695 446.395063179397 69864969.8046876
-0.0486000000000006 -0.00314675126119484 -0.00604307233429642 -7.00825550413792 446.348148301501 69858161.9949536
-0.0487000000000007 0.00312940780976279 0.00547926712459285 -7.01462771495251 446.301233423605 69861786.7965754
-0.0488000000000006 -0.00455333606023959 -0.0035555928028826 -7.03524191424923 446.254318545709 69854832.6978924
-0.0489000000000005 0.00468542305328139 0.00372385998828469 -7.04151878799284 446.207403667813 69857964.2001089
-0.0490000000000006 -0.00311304609461703 -0.00578404333908086 -7.06138785201271 446.160488789917 69851194.8975528
-0.0491000000000006 0.00187790164587984 0.0063012046541593 -7.06813654499074 446.113573912022 69854387.8837217
-0.0492000000000006 -0.00326649499639136 -0.00426769208420921 -7.08814109277943 446.066659034126 69847839.6213997
-0.0493000000000006 0.00484734776193922 0.0024895025919125 -7.09541217455886 446.01974415623 69850748.1462259
-0.0494000000000005 -0.00451940843529497 -0.00251734209461489 -7.11465150284612 445.972829278334 69844663.9242332
-0.0495000000000006 0.00375435212403165 0.00335903542342948 -7.12212452723229 445.925914400438 69847246.2102617
-0.0496000000000007 -0.00297724055465607 -0.00411556216850666 -7.14029263893736 445.878999522542 69841267.6207744
-0.0497000000000006 0.00317735281516208 0.00230579719201751 -7.14878342367964 445.832084644646 69843125.2213866
-0.0498000000000006 -0.00350217675955289 -0.00157247303085309 -7.1661648976395 445.78516976675 69838189.9590488
-0.0499000000000006 0.0035189505082175 0.000707174159058512 -7.17611493196795 445.738254888854 69839345.3588509
-0.0500000000000006 -0.00236354998881865 -0.00131283160945157 -7.19261231325702 445.691340010959 69835506.9960443
-0.0501000000000007 0.000955553729215032 0.00310128559595515 -7.20290599821762 445.644425133063 69835976.4446914
-0.0502000000000006 -0.000991125010606678 -0.00301887425168362 -7.21940453108059 445.597510255167 69831842.8927682
-0.0503000000000005 0.000865602638129127 0.00224073217019703 -7.229830921012 445.550595377271 69832103.2178213
-0.0504000000000006 -0.00156782361352702 -0.00159602898233252 -7.24556277165047 445.503680499375 69828430.9543812
-0.0505000000000006 0.0023647456057258 0.00135394919311651 -7.25577859463551 445.456765621479 69828477.8360288
-0.0506000000000006 -0.00294809219710824 -0.000923720391064674 -7.27225372191575 445.409850743583 69824735.27069
-0.0507000000000006 0.00189640077205753 0.000228865990303322 -7.28324073020733 445.362935865687 69825028.5225759
-0.0508000000000006 -0.00184073375991379 -0.000498485267735843 -7.29831133337811 445.316020987791 69822110.6987273
-0.0509000000000006 0.00173622620182765 0.000703826429692321 -7.30963935666957 445.269106109896 69821680.522895
-0.0510000000000007 -0.00260375666450899 0.000549689972823985 -7.32500320772176 445.222191232 69818257.4108784
-0.0511000000000006 0.00324278463089437 -0.000648139913524437 -7.33601328524327 445.175276354104 69818084.5536652
-0.0512000000000005 -0.00117215758195497 -0.000544867576274759 -7.35041250921164 445.128361476208 69815175.2940258
-0.0513000000000006 -0.00131113113490728 0.0034542220843418 -7.36294952467876 445.081446598312 69814653.7943515
-0.0514000000000006 0.00194640474465978 -0.00362657913362186 -7.37759378086746 445.034531720416 69812024.1548288
-0.0515000000000006 -0.00051031704072448 0.00195686833693812 -7.38939000028713 444.98761684252 69811362.3306255
-0.0516000000000006 -0.000922674119133895 -0.00017205765559946 -7.40386546583942 444.940701964624 69808774.2494937
-0.0517000000000005 0.00100680721262726 -0.000110939680026861 -7.41552318094456 444.893787086728 69807510.6740598
-0.0518000000000006 -0.000242355723432246 -0.000974302709118136 -7.43045608459082 444.846872208833 69804987.9961404
-0.0519000000000007 0.000688566601096712 0.000968443946311039 -7.44260486763135 444.799957330937 69804158.8277376
-0.0520000000000006 -0.00147548849704689 0.000220466319611404 -7.45691526919463 444.753042453041 69802117.697176
-0.0521000000000006 0.00237700137637109 -0.00177235713385634 -7.46893138912953 444.706127575145 69801061.3519186
-0.0522000000000006 -0.00222134100299116 0.000685348185986439 -7.48250631328744 444.659212697249 69798693.9284633
-0.0523000000000006 -4.74689926575718e-05 0.000833496384074541 -7.49469784871482 444.612297819353 69797576.1158262
-0.0524000000000007 0.000602810075075992 -0.00141413674531787 -7.50956125661367 444.565382941457 69795325.0950334
-0.0525000000000006 -0.000995897678682357 0.000694608000784729 -7.52224961107844 444.518468063561 69793933.9180397
-0.0526000000000005 -0.000152939918644431 -0.000126410973127992 -7.53536027303764 444.471553185665 69791984.7046609
-0.0527000000000006 0.000546639521963886 0.000355780051741712 -7.54801692638121 444.424638307769 69790976.6503804
-0.0528000000000006 0.00102736917922491 -0.000311246995703204 -7.56179272954463 444.377723429874 69789027.8889504
-0.0529000000000006 -0.00101706024969762 0.00180719634193102 -7.57497924670805 444.330808551978 69787477.3119345
-0.0530000000000006 0.000292361518804234 -0.000406949442189503 -7.5885854328579 444.283893674082 69785276.5503501
-0.0531000000000006 0.00147678038757683 -0.00193995382801638 -7.60119699953206 444.236978796186 69783793.912735
-0.0532000000000006 -0.00212081739518265 0.00225879678455387 -7.61391612971587 444.19006391829 69782275.1207712
-0.0533000000000007 0.000336297724458911 -0.000700809240684532 -7.62733912810209 444.143149040394 69780605.9813065
-0.0534000000000006 0.000733187682606015 -0.000779629520641066 -7.64074447512127 444.096234162498 69779092.3263829
-0.0535000000000005 -0.000747232036036216 0.000385188594809638 -7.65440775848845 444.049319284602 69777252.2317457
-0.0536000000000006 0.0003978663607701 0.000878690688169699 -7.66708472348614 444.002404406706 69775950.9479276
-0.0537000000000006 -0.000311767002662768 -0.00118583249560682 -7.68087661259049 443.955489528811 69773428.0743462
-0.0538000000000006 0.00221176918491952 -7.47219927585219e-06 -7.69237072083178 443.908574650915 69772845.2595633
-0.0539000000000006 -0.00262228595768261 0.0016791170778057 -7.70723596943371 443.861659773019 69770151.2016959
-0.0540000000000006 0.0025937872723981 0.0001267632977311 -7.71912251660036 443.814744895123 69769908.7043947
-0.0541000000000006 -4.56682195877146e-05 -0.00258631376136028 -7.73405904748313 443.767830017227 69766940.0708784
-0.0542000000000007 -0.000643486970800065 0.00368313123020014 -7.74459116542018 443.720915139331 69766991.0276693
-0.0543000000000006 -0.0010881228100184 -0.00172817348003937 -7.76067668624565 443.674000261435 69763459.1973558
-0.0544000000000005 0.00295981096461278 0.000267941378952112 -7.77112162026621 443.627085383539 69763250.9092514
-0.0545000000000006 -0.00187694214234347 -0.00216046480902169 -7.78725604881375 443.580170505643 69759491.7455321
-0.0546000000000006 -3.67549615892896e-05 0.00513220287166742 -7.79674178350914 443.533255627748 69760767.2027898
-0.0547000000000006 0.000331171274856398 -0.00433829079939364 -7.81400688946616 443.486340749852 69756737.6128611
-0.0548000000000006 0.00460885301321863 0.000335536278642974 -7.82293791115689 443.439425871956 69757890.0704255
-0.0549000000000005 -0.00715278333636807 0.00230695687764467 -7.840317741733 443.39251099406 69753233.8062299
-0.0550000000000006 0.00554840062021277 -0.000984045984642275 -7.84895509800056 443.345596116164 69754243.0258232
-0.0551000000000006 -0.00171281867964824 -0.00342289155150488 -7.86664857052656 443.298681238268 69749629.3079041
-0.0552000000000006 0.000219855719978572 0.00431956279266728 -7.87529970637381 443.251766360372 69751305.4825979
-0.0553000000000006 -0.00292409345992261 -0.00209667510980519 -7.89230144695405 443.204851482476 69747026.1216032
-0.0554000000000006 0.00240718879332641 0.00102542292686275 -7.90223936913526 443.15793660458 69747922.008835
-0.0555000000000006 -0.00173296232117539 -0.0029780124252745 -7.9186733519399 443.111021726685 69743586.3826135
-0.0556000000000007 -0.00128004558014038 0.00395698482281171 -7.92856466330151 443.064106848789 69744174.7511915
-0.0557000000000006 -0.000253635390747169 -0.00352536013790126 -7.94418856549975 443.017191970893 69740608.8791314
-0.0558000000000005 0.0016142743049604 0.00104691693045113 -7.9549954490512 442.970277092997 69741270.6830677
-0.0559000000000006 -0.00318668985466973 8.5486467699972e-05 -7.97052251641498 442.923362215101 69738092.3916219
-0.0560000000000006 0.00224607659180775 -0.000613913064541409 -7.98152388330134 442.876447337205 69737725.0856524
-0.0561000000000006 -0.00209797327564812 -0.00134111471024279 -7.99635343595857 442.829532459309 69734561.8522394
-0.0562000000000006 0.00139518028330312 0.00132015806116273 -8.00697126212805 442.782617581413 69734684.3360415
-0.0563000000000006 -0.00168072231036962 -0.00110628299054432 -8.02269426401703 442.735702703517 69731531.2385209
-0.0564000000000006 0.000951358486415654 0.0015814034869349 -8.03332899108889 442.688787825622 69731919.3969748
-0.0565000000000007 -0.000249261037519624 -0.00224511923393974 -8.04874220998784 442.641872947726 69728757.1613099
-0.0566000000000006 -0.000300462071961794 0.00234877982345884 -8.05967143580754 442.59495806983 69728485.6490572
-0.0567000000000005 0.000311679770648161 -0.00204892195288432 -8.07410473077086 442.548043191934 69725432.5554544
-0.0568000000000006 -0.000270376080752465 0.00160173105863338 -8.08632153457978 442.501128314038 69724951.5786902
-0.0569000000000006 -0.000783539276451513 -0.000795853566946778 -8.10084832974185 442.454213436142 69722214.6891825
-0.0570000000000006 0.00128089783567421 -0.000215033073298949 -8.11249138190486 442.407298558246 69722233.2334398
-0.0571000000000006 -0.00106448917758133 0.000399270782596685 -8.12615614272981 442.36038368035 69719872.6658488
-0.0572000000000005 0.000401406769874666 0.000642533904216624 -8.13824767889601 442.313468802454 69718910.7924349
-0.0573000000000006 -0.00193578263725757 -0.000600847243993107 -8.15210186383677 442.266553924559 69716330.2458487
-0.0574000000000007 0.00158250527359957 -0.000431054030383863 -8.16459062272448 442.219639046663 69715656.7254406
-0.0575000000000006 -0.000615836036058756 -0.000466508174782968 -8.17839072678539 442.172724168767 69713221.7285348
-0.0576000000000005 -0.000900484506125752 0.00166961546078592 -8.19080702672032 442.125809290871 69712397.31529
-0.0577000000000006 0.00115542641373075 -0.00181640378050152 -8.20467290808615 442.078894412975 69710655.0607595
-0.0578000000000006 0.00051147179565092 0.000441390290451286 -8.21636103592073 442.031979535079 69709916.1106551
-0.0579000000000006 -0.00172113991700681 0.000443629560310093 -8.23057592891027 441.985064657183 69707258.7123656
-0.0580000000000006 0.0016233195642652 -0.000641273573404271 -8.24222640801152 441.938149779287 69706224.5388507
-0.0581000000000005 -0.000797166390356648 0.000587146530448455 -8.25611398736164 441.891234901391 69704145.105994
-0.0582000000000006 0.000764326376460692 0.000580543228540961 -8.26903562834252 441.844320023496 69703278.4928661
-0.0583000000000006 -0.000880071000219329 0.000257731702924399 -8.28264926703477 441.7974051456 69701474.677721
-0.0584000000000006 0.000848411830633807 -0.000198414515806333 -8.2949798220124 441.750490267704 69700406.9726772
-0.0585000000000006 -0.000798311198938193 0.000513305572134103 -8.30760277688371 441.703575389808 69698506.1631411
-0.0586000000000006 -0.000396079799040152 0.0006164389366535 -8.32047358412067 441.656660511912 69696853.5501731
-0.0587000000000006 0.00171884973200645 -0.0022512686485761 -8.33362773975597 441.609745634016 69695136.5400815
-0.0588000000000007 -0.00182266070720166 0.00149626267154292 -8.34667789487791 441.56283075612 69694019.3260094
-0.0589000000000006 -0.000672204652118057 0.000382058824134356 -8.36001601073508 441.515915878224 69692387.6244885
-0.0590000000000005 0.00206090548973075 -0.000724130288712071 -8.37240626947985 441.469001000328 69691349.327599
-0.0591000000000006 -0.00112580832508676 0.00109910868727292 -8.385795626325 441.422086122433 69689321.6665443
-0.0592000000000006 0.000434910768360272 0.00121511390584871 -8.39782021222338 441.375171244537 69687979.5089417
-0.0593000000000006 7.44671102672466e-05 -0.000701188416972369 -8.41235584723481 441.328256366641 69685881.0125857
-0.0594000000000006 0.00166392080231241 -0.000151968309127605 -8.42442820774735 441.281341488745 69685159.7741918
-0.0595000000000006 -0.0014791568972446 0.00146712170560805 -8.43732102798772 441.234426610849 69683512.9342861
-0.0596000000000006 0.000796911695092121 0.000452172886916326 -8.44991729789543 441.187511732953 69682423.6575377
-0.0597000000000007 0.00212929752458017 -0.00297237451802088 -8.46418955320098 441.140596855057 69680202.5743878
-0.0598000000000006 -0.00279812809298711 0.00373941202875764 -8.47637840090655 441.093681977161 69678989.3165535
-0.0599000000000005 -0.000678966050214766 0.000478766061922061 -8.48931706537914 441.046767099265 69677053.4746871
-0.0600000000000006 0.00433249743853157 -0.00322763635255919 -8.5020890610137 440.99985222137 69676012.162682
-0.0601000000000006 -0.00226420344851962 0.0017075993451339 -8.51564921850258 440.952937343474 69674290.6718268
-0.0602000000000006 -0.00144142687640641 0.0014733428488199 -8.52787093441855 440.906022465578 69673359.2713415
-0.0603000000000006 0.0011139909390134 -0.00174929304409762 -8.54069431628116 440.859107587682 69671500.5013777
-0.0604000000000005 0.00196510727650948 -0.000982996655629353 -8.55305660725642 440.812192709786 69670459.2004545
-0.0605000000000006 -0.00385503198938986 0.00273195991113454 -8.5670570882518 440.76527783189 69668204.4054865
-0.0606000000000006 0.000915825324117066 0.000579345345561399 -8.57881390787697 440.718362953994 69667229.848442
-0.0607000000000006 0.0024666467955775 -0.00422269498701314 -8.59317286368501 440.671448076098 69665148.1375555
-0.0608000000000005 -0.00265758905995242 0.00419866944238293 -8.60400618285404 440.624533198202 69664902.9272725
-0.0609000000000006 -0.00117817752805735 -0.000299384778836817 -8.6188503681831 440.577618320306 69662574.4506588
-0.0610000000000006 0.00322664503121673 -0.00209416496483457 -8.63064391393222 440.530703442411 69661842.3006132
-0.0611000000000005 -0.00289147674844522 0.000975818768838571 -8.64471025541241 440.483788564515 69659327.2300449
-0.0612000000000006 9.2600943940239e-05 0.00137619793123459 -8.65645072154128 440.436873686619 69658780.3854483
-0.0613000000000005 0.000430409311169446 -0.00183167769544458 -8.6705525098352 440.389958808723 69655852.4280857
-0.0614000000000006 0.00135794605431185 0.000310540571654906 -8.68193588392373 440.343043930827 69655719.5017223
-0.0615000000000006 -0.00299394795893018 0.00133220800710435 -8.69586944439946 440.296129052931 69653472.8944762
-0.0616000000000006 0.000999573230525353 -0.000290979107033312 -8.70799534049878 440.249214175035 69652909.8486435
-0.0617000000000006 0.00100200631725259 -0.00215210541142694 -8.72173162227198 440.202299297139 69651039.4384624
-0.0618000000000006 -0.00167758543608292 0.00264572282270005 -8.73388079557853 440.155384419243 69650215.02996
-0.0619000000000006 -9.65073982439075e-05 -0.00136769203923251 -8.7472074188143 440.108469541348 69648032.8990934
-0.0620000000000007 0.00148406686478927 -0.00082011274005895 -8.75924209267475 440.061554663452 69646856.1870832
-0.0621000000000006 -0.0022351716518248 0.000212501743756307 -8.7733755531289 440.014639785556 69644836.1016013
-0.0622000000000005 -7.63054220313004e-05 0.0002227040318865 -8.78459138180513 439.96772490766 69644502.5254811
-0.0623000000000006 0.000604951877058419 -0.00146845278591181 -8.79814867625617 439.920810029764 69642602.7202959
-0.0624000000000006 -0.000220139166697891 0.000494098103776416 -8.81086412012436 439.873895151868 69641444.1688502
-0.0625000000000006 -0.00100694551079623 -0.000248160000713518 -8.82449338049197 439.826980273972 69639600.1672798
-0.0626000000000006 -0.000132619861490383 0.000659041958028935 -8.83616401057969 439.780065396076 69638782.2466656
-0.0627000000000005 0.000901311037047677 -0.00177862329176404 -8.8491192065353 439.73315051818 69636657.345486
-0.0628000000000006 -0.00158492702195728 0.00166096488934881 -8.8617573143734 439.686235640285 69635619.9661283
-0.0629000000000006 0.000298133634630347 -0.000634787631264446 -8.87509752302248 439.639320762389 69634449.0329444
-0.0630000000000006 0.000755456691036749 -0.00117481550332152 -8.8878790674853 439.592405884493 69633028.4489182
-0.0631000000000005 -0.00144883364484136 0.000221449718086492 -8.90080254244524 439.545491006597 69631321.9309542
-0.0632000000000006 0.000322002229577633 3.59995514975881e-05 -8.91299816631387 439.498576128701 69630296.5335069
-0.0633000000000006 0.000336804690114166 -0.00160558144887324 -8.92610055310334 439.451661250805 69628282.910647
-0.0634000000000006 0.000513072703135832 0.000489356096547642 -8.93790577408954 439.404746372909 69627589.5768964
-0.0635000000000006 -0.00159848337989359 -0.000809233446635089 -8.95214349977293 439.357831495013 69625472.9009212
-0.0636000000000005 0.000315041294875999 4.41187397659964e-05 -8.96304047883085 439.310916617117 69625098.2670842
-0.0637000000000006 0.000610703380517921 -0.002419075618582 -8.9770385777296 439.264001739222 69623003.2668267
-0.0638000000000006 -0.00144689062758751 0.00161138838235418 -8.98895209138979 439.217086861326 69622461.2084633
-0.0639000000000006 -0.000414879247763851 -0.000730003515501565 -9.00228800214512 439.17017198343 69620570.7858242
-0.0640000000000006 0.00169711054015243 -0.00121463353703933 -9.01390197122484 439.123257105534 69619502.5891393
-0.0641000000000006 -0.00244824392163377 0.00147403658765244 -9.02775476534425 439.076342227638 69617483.33697
-0.0642000000000006 -0.000510601293530491 -0.000520292982540355 -9.04050303127766 439.029427349742 69616124.2736963
-0.0643000000000007 0.00163052449818743 -0.00134208905288499 -9.05266563823181 438.982512471846 69615224.6675002
-0.0644000000000006 -0.00106957768360387 0.000916924676910922 -9.06563264761092 438.93559759395 69614191.9379515
-0.0645000000000005 -0.00120908565882831 -6.71580372933931e-05 -9.07880418889183 438.888682716054 69612309.104793
-0.0646000000000006 0.000479432296049878 -0.000804544243844037 -9.09148281312733 438.841767838159 69610783.6464414
-0.0647000000000006 0.000597839624468624 -0.000524947978226067 -9.1040588563072 438.794852960263 69609408.0617796
-0.0648000000000006 -0.00166255513616689 0.00172578917006315 -9.11636625048263 438.747938082367 69608224.3084867
-0.0649000000000006 0.00107704871042338 -0.000497790319442417 -9.1294099478108 438.701023204471 69607144.6911652
-0.0650000000000005 0.00123637811727357 -0.00142035391989577 -9.14244501149238 438.654108326575 69605493.3030931
-0.0651000000000006 -0.00176741309156165 0.00227078955639304 -9.15431390986537 438.607193448679 69604351.5480281
-0.0652000000000007 -0.000541773351786107 -0.000428134556084309 -9.16801286852337 438.560278570783 69602520.4377663
-0.0653000000000006 0.00157408723843754 -0.00204373003733376 -9.18035168818815 438.513363692887 69601495.6960852
-0.0654000000000005 -0.00197169597359378 0.000817583563427692 -9.19304636089095 438.466448814991 69600121.9482046
-0.0655000000000006 -0.000695674091984871 0.0007730984142004 -9.20513776595746 438.419533937096 69599069.9197615
-0.0656000000000006 0.000820451997333891 -0.00152383875740457 -9.21842817330466 438.3726190592 69597588.7200419
-0.0657000000000005 -0.000449458300658592 -0.000503211094060067 -9.2315763726647 438.325704181304 69595866.7404296
-0.0658000000000006 -0.0010030750901776 0.00121327305664746 -9.24347430811072 438.278789303408 69594830.7389677
-0.0659000000000005 -0.00065022185112516 -0.000923123311420256 -9.2563946721033 438.231874425512 69593192.2571438
-0.0660000000000006 0.000658672459488134 -0.00100002500453135 -9.26851524516813 438.184959547616 69592388.9988949
-0.0661000000000006 -0.000663474802164073 0.000146816705294877 -9.28201092387049 438.13804466972 69590988.5696524
-0.0662000000000006 -1.09292765449558e-05 0.000285882554159136 -9.29381304316986 438.091129791824 69589948.7057387
-0.0663000000000006 0.000386792350811323 -0.000776792647536512 -9.30684057183121 438.044214913928 69588295.4266392
-0.0664000000000006 -0.000800898265987621 0.001057783688382 -9.31856962345722 437.997300036033 69587075.4998534
-0.0665000000000006 -0.000254848367492679 -0.000689120153170307 -9.33229378570489 437.950385158137 69585462.1398216
-0.0666000000000005 0.000430466140202687 -0.000429506675642376 -9.34446332774763 437.903470280241 69584488.1130464
-0.0667000000000006 -0.000135591089174976 0.000254707607669079 -9.3573597820878 437.856555402345 69582964.3653095
-0.0668000000000005 -0.000887921829667636 0.00171601679909487 -9.36946216629291 437.809640524449 69582033.5300848
-0.0669000000000006 0.00110806802990822 -0.0021844117408249 -9.38229768665597 437.762725646553 69580571.2870927
-0.0670000000000006 0.000374330056346731 0.0010399828544759 -9.39344690581922 437.715810768657 69579761.5077737
-0.0671000000000006 -0.00180493060888791 0.00137359420321277 -9.40716430489033 437.668895890761 69577669.0194271
-0.0672000000000006 0.00174020912898389 -0.000437817746040946 -9.4194019059992 437.621981012865 69577012.3551952
-0.0673000000000006 0.000372557508477421 -0.00122931773413463 -9.43258183661862 437.57506613497 69575183.7945554
-0.0674000000000006 -0.000376485566378544 0.0012057231812708 -9.44471868651729 437.528151257074 69574543.9886491
-0.0675000000000007 -0.00099690646725803 -0.000137420472902109 -9.45739914166598 437.481236379178 69573014.1887216
-0.0676000000000006 0.000848391777257901 -0.000440037365174731 -9.46881792565231 437.434321501282 69572081.6247433
-0.0677000000000005 -0.00069421773764376 -0.000404951054271126 -9.48250742097481 437.387406623386 69570096.2491525
-0.0678000000000006 1.48591721094891e-05 0.00183035250140491 -9.4940324484082 437.34049174549 69569268.4446668
-0.0679000000000006 -0.000625556904447806 -0.00130848009499081 -9.50787909430836 437.293576867594 69567363.9635543
-0.0680000000000006 0.00161458210257736 0.000204822409565144 -9.51887641903415 437.246661989698 69567274.7700886
-0.0681000000000006 -0.00164987240823303 0.000364074784519326 -9.5327655297667 437.199747111802 69565194.1298002
-0.0682000000000005 0.000447773056966911 0.00122391852108703 -9.54392668541778 437.152832233907 69564442.2383893
-0.0683000000000006 0.000937564490988802 -0.00259051234161492 -9.55797820826294 437.105917356011 69562548.8073935
-0.0684000000000007 0.000121227366290405 0.000860422423668782 -9.56901765536572 437.059002478115 69562012.5467343
-0.0685000000000006 -0.00139009707132813 0.000654761268965531 -9.58250289990154 437.012087600219 69559979.5279524
-0.0686000000000005 0.00106205128633458 -0.000315258996517953 -9.59412107749008 436.965172722323 69559212.4576531
-0.0687000000000006 0.000454069727003096 -0.00166055470549397 -9.60733081082378 436.918257844427 69557453.778824
-0.0688000000000006 -0.000826805823987043 0.000654029329089442 -9.61986230749448 436.871342966531 69556802.1654109
-0.0689000000000005 -0.00184689040600024 0.00107229521947654 -9.63287521602023 436.824428088635 69555249.3271628
-0.0690000000000006 0.00202194367402453 -0.000730990409888491 -9.64397159936485 436.777513210739 69554443.4305383
-0.0691000000000005 -0.000286279704408914 -0.000410524217679422 -9.65713140587567 436.730598332843 69552462.9476065
-0.0692000000000006 -0.0008046477813819 0.00114823015756199 -9.66898893531671 436.683683454948 69551706.8119068
-0.0693000000000006 0.000184421520979567 -0.000362459364219759 -9.6819261437041 436.636768577052 69550269.1823514
-0.0694000000000006 0.000413702890318981 -0.000413212437896977 -9.69356672648634 436.589853699156 69549419.5258509
-0.0695000000000005 -0.000300318917550464 0.000287442814086836 -9.7066752202074 436.54293882126 69548149.0752005
-0.0696000000000006 -0.00140834956000808 0.00081020485454677 -9.71882003442216 436.496023943364 69546905.558466
-0.0697000000000006 0.000958275215682266 -0.00134654158815236 -9.73135987940861 436.449109065468 69545568.0153922
-0.0698000000000005 0.000307115157989478 -0.000408342522357645 -9.74394115782879 436.402194187572 69544108.3106077
-0.0699000000000006 -0.000621717814551973 0.000651085232605951 -9.7558536841381 436.355279309676 69543107.3359069
-0.0700000000000005 -0.000514053710210918 -0.00114203824041173 -9.76873552510486 436.30836443178 69541299.2875592
-0.0701000000000006 0.000545924102437784 -0.000552502834921174 -9.78130569317445 436.261449553885 69540610.8273736
-0.0702000000000006 -0.000603954469776834 -0.000194676730760568 -9.79370690789923 436.214534675989 69539314.994797
-0.0703000000000006 0.000446310852538199 0.000432445907135553 -9.80548341432504 436.167619798093 69538655.7812534
-0.0704000000000006 0.000278318047728194 -0.000462798410364393 -9.81891442825028 436.120704920197 69536944.6739482
-0.0705000000000005 0.000261249302232774 4.46496582204761e-05 -9.83036812317565 436.073790042301 69535945.2121069
-0.0706000000000006 -0.00128946077415637 0.000596922491577126 -9.84207284003135 436.026875164405 69534302.2875405
-0.0707000000000007 0.000724507875369702 -0.00084347011905868 -9.85494013622674 435.979960286509 69533497.7935214
-0.0708000000000006 6.60182654475732e-05 0.000491682170869005 -9.86805676487202 435.933045408613 69532117.2556618
-0.0709000000000005 -0.000248476030214782 7.7926460265579e-05 -9.87994879960719 435.886130530717 69531200.4848907
-0.0710000000000006 -0.000151636842967579 0.000259580709316936 -9.89199431521689 435.839215652822 69530135.5049525
-0.0711000000000006 -7.03931591329694e-05 -0.000139990903768651 -9.90407699393817 435.792300774926 69528847.2243818
-0.0712000000000006 -9.26922949947703e-05 -5.19939084724063e-05 -9.91645252443221 435.74538589703 69527634.0134649
-0.0713000000000006 0.000506770877628813 -0.0014190144877531 -9.92927163806934 435.698471019134 69526014.0130417
-0.0714000000000005 0.0001874446045272 0.000402956222524426 -9.94109608227525 435.651556141238 69525277.9925964
-0.0715000000000006 -0.000558632157704612 0.000579755618479668 -9.95362978332054 435.604641263342 69524144.0051016
-0.0716000000000006 0.000319858511060842 -3.90567500260636e-05 -9.9655749203811 435.557726385446 69523246.588633
-0.0717000000000006 0.000375229165339054 -0.000979776459370226 -9.97798051260545 435.51081150755 69521823.508598
-0.0718000000000005 -0.000373758492417077 0.000846161461681261 -9.99028774403274 435.463896629654 69520897.8402086
-0.0719000000000006 -0.000771752099948938 -0.000269457473290957 -10.0033156458049 435.416981751759 69519153.1062237
-0.0720000000000006 0.00114021184472271 -2.49655911862538e-05 -10.0145449766608 435.370066873863 69518732.3843416
-0.0721000000000005 -0.0013558580205519 0.000372466016580543 -10.0276784906443 435.323151995967 69516870.0165562
-0.0722000000000006 -0.000502799904737639 0.00103052586862621 -10.0386965752997 435.276237118071 69516475.5004543
-0.0723000000000005 0.000863398791015473 -0.000867835863408095 -10.051536467415 435.229322240175 69515214.7434943
-0.0724000000000006 0.00063432599643003 -4.29529847022891e-05 -10.0637227380439 435.182407362279 69514269.0239895
-0.0725000000000006 -0.00228580071737015 0.00111536102127856 -10.0762994674598 435.135492484383 69512522.1696751
-0.0726000000000006 0.000375775813618672 8.94962133934219e-05 -10.0879122421688 435.088577606487 69511633.0794123
-0.0727000000000006 0.000925967393326245 -0.00193591969287568 -10.1005123949382 435.041662728591 69510277.3230489
-0.0728000000000005 -0.00122148711781923 0.000513204679895821 -10.1125271816703 434.994747850696 69509296.3042395
-0.0729000000000006 -0.000654257931583022 0.00132105308907165 -10.1239792600361 434.9478329728 69508689.6353836
-0.0730000000000005 0.0012555093530833 -0.00172381832613504 -10.1372801955364 434.900918094904 69507358.0548458
-0.0731000000000006 0.000463813197874971 -0.000821796379340118 -10.1497447015959 434.854003217008 69505915.115629
-0.0732000000000005 -0.00310640652480053 0.00220037654380376 -10.1620298971183 434.807088339112 69504252.2044433
-0.0733000000000006 0.00152039393609427 -0.0006203806033629 -10.173257251535 434.760173461216 69503961.170073
-0.0734000000000006 0.00114365671362472 -0.00157546993265623 -10.1861932852261 434.71325858332 69502413.2303595
-0.0735000000000006 -0.00141242728242656 0.00239631117293365 -10.1985245123549 434.666343705424 69501846.6912706
-0.0736000000000006 -0.000312629779494063 0.000243979507828966 -10.2108475400469 434.619428827528 69500489.8134456
-0.0737000000000005 0.0026344282407915 -0.00174996314070605 -10.2219432197942 434.572513949633 69499467.9370523
-0.0738000000000006 -0.00230609517023377 0.00135053282619676 -10.2349550440211 434.525599071737 69497794.2273745
-0.0739000000000006 -0.00191053974239743 0.000713181647598241 -10.247118294464 434.478684193841 69496654.9697907
-0.0740000000000006 0.00100447291380288 -0.00145130357342405 -10.2592634215139 434.431769315945 69495817.035679
-0.0741000000000005 -1.14929920382975e-06 -0.000505167513008397 -10.2713205713502 434.384854438049 69494821.9556498
-0.0742000000000006 -0.00146861898268098 0.00103964422392276 -10.2835344604344 434.337939560153 69493862.6684388
-0.0743000000000006 0.000247413444090141 -0.000608477647531666 -10.2956267729754 434.291024682257 69492847.1520104
-0.0744000000000005 0.00036504565339161 -9.57615105920629e-05 -10.3078837985989 434.244109804361 69491556.4104923
-0.0745000000000006 0.000144653074665687 -0.000225603520554967 -10.3205135087238 434.197194926465 69490099.6951156
-0.0746000000000005 -0.00163720185276967 0.000987461633254581 -10.3321910335001 434.15028004857 69489211.6693779
-0.0747000000000006 0.00131727561590986 -0.000742311116106294 -10.343752026581 434.103365170674 69488581.4563542
-0.0748000000000006 0.000761091910139568 -0.00100970220313106 -10.3567286161096 434.056450292778 69487372.9915291
-0.0749000000000006 -0.001577151093089 0.00204806944286823 -10.367784857662 434.009535414882 69486459.0399724
-0.0750000000000006 0.000782087278193633 -0.000939061618768352 -10.3803614612444 433.962620536986 69485111.8413633
-0.0751000000000006 0.00127586539111325 -0.00161456320382622 -10.3929659678171 433.91570565909 69483672.124515
-0.0752000000000006 -0.00113887634105651 0.000589364304568085 -10.405073810376 433.868790781194 69482548.3555919
-0.0753000000000005 -0.000730636489771783 0.00039970726457981 -10.4165657546527 433.821875903298 69482018.3371649
-0.0754000000000006 0.00144240168676606 -0.0013617744607722 -10.4286782844 433.774961025402 69481089.8771695
-0.0755000000000005 0.000382267996867799 -0.00104334148039698 -10.4411773503097 433.728046147507 69479820.1480562
-0.0756000000000006 -0.00243495469233491 0.00137378583722019 -10.4527469204659 433.681131269611 69478877.8031623
-0.0757000000000006 -0.000867760730083549 -0.000114372418653504 -10.4653431082059 433.634216391715 69477517.5830995
-0.0758000000000006 0.00193045696690647 -0.00157289358337806 -10.4765556976809 433.587301513819 69476370.5024574
-0.0759000000000006 -0.00104738818680223 0.000311527907178411 -10.4891736381209 433.540386635923 69475649.234284
-0.0760000000000006 0.000242294868149171 0.000199105716034602 -10.5012864824159 433.493471758027 69474769.3154821
-0.0761000000000006 0.000608574294561823 -0.000702194734758981 -10.5135162117553 433.446556880131 69473647.0728215
-0.0762000000000007 -0.00107982688654561 0.000935186671865027 -10.5249183083687 433.399642002235 69472620.5439232
-0.0763000000000006 0.00098437367769365 -0.000202504585924334 -10.5367590501521 433.352727124339 69471467.4709174
-0.0764000000000005 -0.00100461133423388 0.000193754428979884 -10.5498355512479 433.305812246444 69469924.6113981
-0.0765000000000006 0.000650228947666002 -7.24614552087563e-05 -10.5611157206342 433.258897368548 69469662.3146348
-0.0766000000000006 0.000627648746233483 -0.000165558207485019 -10.5725970306623 433.211982490652 69468871.0386292
-0.0767000000000006 -0.000930376087801224 0.000731311366559786 -10.5852800710743 433.165067612756 69467751.3826279
-0.0768000000000006 0.00126793449388987 -0.00108432029907706 -10.5974645660622 433.11815273486 69466351.8634151
-0.0769000000000005 5.00801178711887e-05 0.000147178817982998 -10.6083179657149 433.071237856964 69465427.9986755
-0.0770000000000006 -0.00183429995132893 0.000636082183977326 -10.6211213606437 433.024322979068 69464154.1784414
-0.0771000000000006 0.0022955834530614 -0.0012441619060071 -10.63260229414 432.977408101172 69463828.0739738
-0.0772000000000006 1.62931440665086e-06 -0.000181944869811154 -10.6446042143602 432.930493223276 69462835.632801
-0.0773000000000005 -0.000879503390210969 0.000572218322796216 -10.6563559170579 432.88357834538 69461556.403114
-0.0774000000000006 0.00137736112103375 -0.00100753624355394 -10.6683472579228 432.836663467485 69460393.5001063
-0.0775000000000006 -0.00132853518074581 0.000476755904462527 -10.6816731442033 432.789748589589 69459047.0132515
-0.0776000000000005 0.00107245517608769 -0.000384486807867776 -10.6923932177596 432.742833711693 69458697.1866836
-0.0777000000000006 -0.000302941846399095 -0.000544513754189796 -10.7046927238318 432.695918833797 69457481.9490854
-0.0778000000000005 -0.000370069525447809 0.00198056174300836 -10.7156568055911 432.649003955901 69457159.8262552
-0.0779000000000006 0.00152705625101556 -0.00176153689687668 -10.7283651196914 432.602089078005 69455377.4043529
-0.0780000000000006 1.19669141139718e-05 0.00186157739103144 -10.7395605584222 432.555174200109 69454686.8096035
-0.0781000000000006 -0.00169425709623182 0.000584527694650989 -10.7528373965357 432.508259322213 69452932.652467
-0.0782000000000006 0.00302216778965634 -0.00125722961067023 -10.7632239495264 432.461344444317 69452878.5203628
-0.0783000000000005 -0.002083417840366 0.000453695818328486 -10.7772692706623 432.414429566422 69451055.1965892
-0.0784000000000006 -0.000324883135712539 0.00203845356263433 -10.7867188057042 432.367514688526 69451364.6330197
-0.0785000000000005 0.000570979711641238 -0.00151528355794336 -10.799543405821 432.32059981063 69449529.9881371
-0.0786000000000006 0.00032543460257268 0.000507064785955511 -10.8112032345755 432.273684932734 69449019.5835557
-0.0787000000000005 -0.00100241791627843 2.02472304657332e-05 -10.8235463070206 432.226770054838 69447494.5004744
-0.0788000000000006 -0.00030909903204235 0.00127826409484526 -10.8341282035013 432.179855176942 69446989.8420921
-0.0789000000000006 -2.99746863132645e-05 -0.00201521548258498 -10.8474565957853 432.132940299046 69444997.0894679
-0.0790000000000006 0.00122314221803207 0.000187051511443593 -10.8581042833771 432.08602542115 69445459.7843339
-0.0791000000000006 -0.00144535571511137 0.00102581157697903 -10.8705906255432 432.039110543254 69444151.7480583
-0.0792000000000005 0.00101898479791173 -0.000385343519554397 -10.881404537641 431.992195665359 69443350.0172671
-0.0793000000000006 -0.000406373662838719 -0.00174213631112188 -10.8943631643077 431.945280787463 69441547.8632974
-0.0794000000000007 -0.000484146569920667 0.000892203067137253 -10.9052581146223 431.898365909567 69441423.9270759
-0.0795000000000006 -0.00131301973544144 -0.000227533073371741 -10.9176278748436 431.851451031671 69439962.314176
-0.0796000000000005 0.00155249053231225 -0.000929913325121578 -10.9286785115837 431.804536153775 69439480.394979
-0.0797000000000006 -0.000536910766026511 -0.00111989710983213 -10.9419996957489 431.757621275879 69437832.1594741
-0.0798000000000006 -0.000211575575378539 0.000795431107427168 -10.9524431233065 431.710706397983 69437631.1189346
-0.0799000000000006 -0.0014476356203323 0.000136849986009931 -10.9650132931492 431.663791520087 69436245.4939145
-0.0800000000000006 0.000475337407068254 -0.00069067500169264 -10.9761092855974 431.616876642191 69435730.9659219
-0.0801000000000005 0.000351682415627113 -0.000281116015908379 -10.9882575721829 431.569961764296 69434700.5566044
-0.0802000000000006 -0.000930812161257636 0.000612179070888928 -10.9995713407475 431.5230468864 69434151.2606491
-0.0803000000000006 0.000134744545892176 -0.000369661725247262 -11.0121008694963 431.476132008504 69432794.0620548
-0.0804000000000006 0.000940162963753738 -0.00185180874149925 -11.0235490527609 431.429217130608 69431684.1211982
-0.0805000000000006 -0.00204594581465082 0.000954308327372375 -11.0351297925509 431.382302252712 69430854.7415546
-0.0806000000000006 -0.000124690614753459 0.000159557020806107 -11.0470946335711 431.335387374816 69429713.0795792
-0.0807000000000006 0.00148810190212518 -0.00131527811424212 -11.0582754291527 431.28847249692 69429258.2625374
-0.0808000000000005 -0.00030467122618 -0.000124057766824867 -11.0697790327025 431.241557619024 69428548.5873284
-0.0809000000000006 -0.00138006060840653 0.00133730784062439 -11.0814310583678 431.194642741128 69427790.0336576
-0.0810000000000005 0.000561016663006208 -0.000130268603075545 -11.0938489646259 431.147727863233 69426946.9780251
-0.0811000000000006 0.000348377614518554 -0.00173581812335209 -11.1054663028034 431.100812985337 69425391.3224869
-0.0812000000000006 7.5663203628614e-05 0.00125458681380803 -11.1159902839111 431.053898107441 69425064.2308212
-0.0813000000000006 -0.00112983279021847 -0.000171442153056229 -11.1290819245104 431.006983229545 69423202.2693815
-0.0814000000000006 0.00170190772083119 -0.000704658587495959 -11.1392453870638 430.960068351649 69423451.4895882
-0.0815000000000005 -0.000346883083639884 -0.00194903648451571 -11.1522322716247 430.913153473753 69421851.4451535
-0.0816000000000006 -0.00102059018622592 0.00269781649080618 -11.1625685838357 430.866238595857 69421821.6268
-0.0817000000000005 0.000898559779145204 -0.00239141805261981 -11.1751973215167 430.819323717961 69419990.4021834
-0.0818000000000006 0.00103158369664801 0.000277042705889432 -11.1857810231161 430.772408840065 69419909.2044843
-0.0819000000000005 -0.0019597410195395 0.000470798332338017 -11.1985343034482 430.72549396217 69418129.6563075
-0.0820000000000006 0.00147213384464378 0.000684747728659223 -11.2084433546438 430.678579084274 69418330.2116254
-0.0821000000000006 -0.00146390915305368 -0.000235522504666098 -11.221669586856 430.631664206378 69416520.726629
-0.0822000000000006 0.00147934439869584 -7.36699341953216e-05 -11.2320467342119 430.584749328482 69416744.3900336
-0.0823000000000006 -0.00104354646703074 -0.00142567663700604 -11.2443019868066 430.537834450586 69415205.6518505
-0.0824000000000005 -0.000222553469334365 0.00122337806836608 -11.2555137332955 430.49091957269 69414692.9768146
-0.0825000000000006 0.000776593660364901 -0.00216770149934173 -11.2686590185616 430.444004694794 69412870.6724868
-0.0826000000000006 -0.000825441985821878 0.00197180453392625 -11.2783432838849 430.397089816898 69412953.8076833
-0.0827000000000006 -0.000429315359815708 0.000204729347288041 -11.2912050464462 430.350174939002 69411504.3379623
-0.0828000000000005 0.00183188678201772 -0.00151998815365677 -11.3023654775192 430.303260061107 69411283.9095691
-0.0829000000000006 -0.00260608190176526 0.00120662057518074 -11.314643172478 430.256345183211 69409831.5064218
-0.0830000000000006 0.00150181300597185 0.000261174983101699 -11.3248040627165 430.209430305315 69409814.0201051
-0.0831000000000005 -0.000261246649427143 -0.00181901006774308 -11.3382693693624 430.162515427419 69407756.2979424
-0.0832000000000006 6.82238942584084e-05 0.00200133774780881 -11.3470691549363 430.115600549523 69408219.0446079
-0.0833000000000005 -0.00170485965537108 -0.000529750252080283 -11.3609545785824 430.068685671627 69405985.6034498
-0.0834000000000006 0.00258992051417045 8.54328101967695e-07 -11.3705875047125 430.021770793731 69406726.2860427
-0.0835000000000006 -0.00168066532604828 -0.00157625053476554 -11.3836808002037 429.974855915835 69404744.8254407
-0.0836000000000006 0.000535492252652643 0.00131004594200263 -11.3935115859597 429.927941037939 69405048.2519747
-0.0837000000000005 -0.000862110306495086 -0.00213144014210353 -11.4069263586087 429.881026160044 69402423.5308928
-0.0838000000000006 0.000877523524542353 0.00064592205898664 -11.4160615996945 429.834111282148 69403167.7438007
-0.0839000000000006 -0.00154876105206564 -0.000738773981215224 -11.429442385333 429.787196404252 69401202.8196047
-0.0840000000000005 0.000229414538667329 0.00110933047939397 -11.4391363189939 429.740281526356 69401654.0558258
-0.0841000000000006 -0.000478274509410521 -0.00113557557449972 -11.4520739715301 429.69336664846 69399905.5129402
-0.0842000000000005 0.000592747338939596 0.000492784079826426 -11.4625491441213 429.646451770564 69400068.8415803
-0.0843000000000006 -0.00173274356456382 0.000979812324572831 -11.4749508036006 429.599536892668 69398287.4201509
-0.0844000000000006 0.00258731783640558 -0.000915933872287176 -11.4854721133946 429.552622014772 69398159.669553
-0.0845000000000006 -0.000716562198838304 -0.000846378723402796 -11.4978440585758 429.505707136876 69396540.0591338
-0.0846000000000006 -0.00201329374922791 0.000817648350944314 -11.5092464099141 429.45879225898 69395742.3488773
-0.0847000000000005 0.000894658998570035 -0.00230199574202483 -11.5209875987082 429.411877381085 69395011.8759518
-0.0848000000000006 -0.000246373477838014 -0.000136335412175762 -11.5315596144406 429.364962503189 69394918.0626154
-0.0849000000000005 -0.000503386886603872 0.000690017050746651 -11.5426505150094 429.318047625293 69393882.3379196
-0.0850000000000006 -0.000143840241874467 -4.04727482808123e-05 -11.5543692544826 429.271132747397 69393337.207182
-0.0851000000000005 -0.000476084583197261 -0.00111633707458957 -11.5664774556942 429.224217869501 69391779.8969652
-0.0852000000000006 -0.000884669291293175 0.00048423602959325 -11.5771991112666 429.177302991605 69391203.3936686
-0.0853000000000006 -0.000736053086307889 -7.10560788385269e-05 -11.5885472213515 429.130388113709 69390548.171947
-0.0854000000000005 0.000553867130403883 4.32828923123314e-05 -11.599430052754 429.083473235813 69390214.556451
-0.0855000000000006 0.000141877562340339 -0.000741206990358246 -11.6112951085296 429.036558357917 69389277.5489689
-0.0856000000000005 -0.000626699886311808 0.00143838912587528 -11.6219875072817 428.989643480022 69389057.4454228
-0.0857000000000006 -0.000358601349239066 -0.00018363468493203 -11.634001803459 428.942728602126 69387705.9402261
-0.0858000000000006 0.000624540253406236 -0.00131292970195108 -11.6455736153344 428.89581372423 69387148.9253306
-0.0859000000000006 -0.00014589755946681 0.000497048414551063 -11.6560099673903 428.848898846334 69386265.5013925
-0.0860000000000005 -8.95731851991757e-05 -1.38724049611655e-05 -11.667281691447 428.801983968438 69385437.0291973
-0.0861000000000006 0.000996779086505778 -0.000881173467685024 -11.6791341633263 428.755069090542 69384646.475071
-0.0862000000000006 -0.000537726526255063 -2.67964799260846e-05 -11.6904692812412 428.708154212646 69384279.6588194
-0.0863000000000005 -0.00182166923454552 0.00076890753760758 -11.7015901437105 428.66123933475 69383400.179122
-0.0864000000000006 0.000637773168979747 -0.00113924906290728 -11.7124461504263 428.614324456854 69382812.5933482
-0.0865000000000005 0.000589679296435173 0.000232004144037951 -11.7231609231673 428.567409578959 69382170.8093903
-0.0866000000000006 -0.001010467558348 -0.000431067680366416 -11.7358475931394 428.520494701063 69380291.9312415
-0.0867000000000006 0.00162259151778759 0.000178526955555915 -11.7451303677553 428.473579823167 69380969.4028722
-0.0868000000000006 -0.000457610657538762 -0.00115798006514226 -11.758309943011 428.426664945271 69379203.43947
-0.0869000000000006 0.000478144770889576 0.00120996344964482 -11.7679071017933 428.379750067375 69379509.1487706
-0.0870000000000005 -0.000753486933939034 -0.0015592900410403 -11.780788035731 428.332835189479 69377856.5613005
-0.0871000000000006 0.00062754715859326 0.00121895133818508 -11.7902652815379 428.285920311583 69378475.9840087
-0.0872000000000005 -0.0011025300706085 -0.000987976697571251 -11.8038535392675 428.239005433687 69376302.258828
-0.0873000000000006 0.00214335333248329 0.000767485756036565 -11.812661486018 428.192090555791 69376800.596061
-0.0874000000000005 -0.00187465173957665 -0.000580979436399475 -11.8261616519808 428.145175677896 69374494.7661787
-0.0875000000000006 0.000707251416147337 0.00138584153045473 -11.8352766156104 428.0982608 69375419.2281382
-0.0876000000000006 -0.000882474477203402 -0.0016738249204263 -11.8485041176127 428.051345922104 69373500.7926365
-0.0877000000000006 0.000837361794359738 0.00099829485457502 -11.8567596690545 428.004431044208 69374347.7088978
-0.0878000000000006 -0.00196342197292566 -0.000743571242135908 -11.870567500217 427.957516166312 69371906.984885
-0.0879000000000005 0.00174402503365929 0.00046858518974508 -11.8793159021084 427.910601288416 69372512.9998023
-0.0880000000000006 -0.00200061023325857 -0.000879796753578939 -11.8932554681759 427.86368641052 69370182.9161375
-0.0881000000000006 0.000606329111562722 0.000843541375058869 -11.9019898447305 427.816771532624 69371111.6114101
-0.0882000000000006 -0.00100291641687736 -0.00123404880615021 -11.9151015638654 427.769856654728 69369128.1812519
-0.0883000000000005 -0.000173267013313119 0.000976588736430201 -11.9239434435486 427.722941776833 69370075.5062153
-0.0884000000000006 -0.00063610781640387 -0.00134498937075666 -11.9371284244186 427.676026898937 69368008.917023
-0.0885000000000006 -0.00025957769931158 0.00145625033452743 -11.9459765975128 427.629112021041 69368691.5286442
-0.0886000000000005 -0.00190863836664547 -0.00129558616209654 -11.9595295007711 427.582197143145 69366477.6739742
-0.0887000000000006 0.00179489252537214 -0.000784700180791014 -11.969354435577 427.535282265249 69366739.6307935
-0.0888000000000005 -0.00245179543890986 0.000311440402725206 -11.9815972808388 427.488367387353 69365222.1584101
-0.0889000000000006 0.000262046909781839 0.000753123516935664 -11.9906923599685 427.441452509457 69365818.4683994
-0.0890000000000006 0.00100127600874688 -0.00264564980084389 -12.0032768957205 427.394537631561 69364197.8684695
-0.0891000000000006 -0.00156058548471258 0.00204412041131148 -12.0134770606043 427.347622753665 69364166.1090995
-0.0892000000000006 -9.40257981032822e-05 -0.000264866028485058 -12.0251327603217 427.300707875769 69363251.8181479
-0.0893000000000005 0.00132105138272341 -0.00122617568293922 -12.0359620250819 427.253792997874 69362499.3495691
-0.0894000000000006 -0.00129430093902309 0.000101111508521641 -12.0482481269747 427.206878119978 69361249.0433739
-0.0895000000000005 -0.000698468870807796 0.000504522621131702 -12.0578389264111 427.159963242082 69361378.3202022
-0.0896000000000006 -2.8120043440899e-05 -0.00112055034706807 -12.068743673635 427.113048364186 69360715.1736939
-0.0897000000000005 -0.000245892340278695 0.000412346605562289 -12.0797026062188 427.06613348629 69360458.3552271
-0.0898000000000006 -0.00103774398123744 -0.000535251426377417 -12.0912141791612 427.019218608394 69359321.0824277
-0.0899000000000006 0.00153882510313958 -0.0012822154200465 -12.1013209036629 426.972303730498 69359018.4539946
-0.0900000000000006 -0.00268638850577359 0.000926721454077099 -12.1130102367145 426.925388852602 69357456.3925262
-0.0901000000000006 0.000853244815450946 0.00010602588199981 -12.123889983969 426.878473974706 69357551.2646291
-0.0902000000000005 -7.75673375878801e-05 -0.00240750948255003 -12.1359006313338 426.831559096811 69356268.5546523
-0.0903000000000006 -0.000530477902472179 0.00158456639880671 -12.1445466581706 426.784644218915 69356804.9412834
-0.0904000000000005 -0.000640067489768729 -0.00121180287969842 -12.1571516334522 426.737729341019 69355481.706972
-0.0905000000000006 0.00214411031599847 -0.000774744886931982 -12.1669259832181 426.690814463123 69355794.1326563
-0.0906000000000005 -0.00279495343040699 0.00132508871461506 -12.1795342807617 426.643899585227 69354111.7321076
-0.0907000000000006 0.00132466151719589 -0.000200936789827308 -12.1888727887081 426.596984707331 69354022.9978531
-0.0908000000000006 0.000745566380856342 -0.00109384813722238 -12.2009244135273 426.550069829435 69352794.7075934
-0.0909000000000005 -0.00182512904820813 0.00259823338296642 -12.2106394180719 426.503154951539 69353057.4023445
-0.0910000000000006 0.000878614295259431 -0.00203053404211457 -12.221761974388 426.456240073643 69352138.8063932
-0.0911000000000005 -0.000168643805350264 0.000635691626585502 -12.2323780919571 426.409325195748 69351716.056031
-0.0912000000000006 -0.000301920067577166 -0.000796071488774438 -12.2433229135425 426.362410317852 69350900.1883284
-0.0913000000000006 -0.000575504469063641 -0.000500150378882316 -12.2550369108335 426.315495439956 69350205.4253532
-0.0914000000000006 -0.00133300284591683 0.000766209315369101 -12.2657271762762 426.26858056206 69349790.2755459
-0.0915000000000005 0.000948206680746995 -0.00192534374653445 -12.2759914589876 426.221665684164 69349256.8180147
-0.0916000000000006 -0.000166175522144738 -0.000304916878983406 -12.2873893618414 426.174750806268 69348740.7835366
-0.0917000000000006 -0.00181536286155303 0.00233780934403332 -12.2981653955039 426.127835928372 69348453.5665342
-0.0918000000000005 0.00174871007896878 -0.00202324801086971 -12.3081691072687 426.080921050476 69347308.7663199
-0.0919000000000006 0.000128566743973777 -0.00118742340191189 -12.3196470281898 426.03400617258 69346568.175174
-0.0920000000000005 -0.00182239454777559 0.0018944906141872 -12.3306887237785 425.987091294685 69346407.482205
-0.0921000000000006 6.33487178001245e-07 -0.00108920043093348 -12.3417613637376 425.940176416789 69345646.0821676
-0.0922000000000006 0.00127724988916733 -0.00165876248330262 -12.3520685137115 425.893261538893 69345166.5320445
-0.0923000000000006 -0.00207125537585268 0.0017118999128256 -12.3625147692616 425.846346660997 69344960.5209671
-0.0924000000000006 0.00111391753519744 -0.000585853928742793 -12.3739227149003 425.799431783101 69344207.7181867
-0.0925000000000005 0.000161475773616969 -0.000362088040043944 -12.3848175929249 425.752516905205 69343409.4752695
-0.0926000000000006 -0.000118271322236916 0.000791053761605351 -12.3951457664739 425.705602027309 69343282.0849508
-0.0927000000000005 0.000319429384112219 -0.0013940130187655 -12.4067072576261 425.658687149413 69342198.9529658
-0.0928000000000006 -2.52532951256825e-05 0.00107115922495961 -12.4164247150467 425.611772271517 69342375.0687133
-0.0929000000000005 -0.000870070567524708 -0.000800065423535603 -12.4277579239304 425.564857393622 69340815.2677748
-0.0930000000000006 0.00169330941508247 -0.00117989741953227 -12.4375996956249 425.517942515726 69340777.0908669
-0.0931000000000006 -0.00331309314730062 0.000894096226938396 -12.4494233999685 425.47102763783 69339969.2793537
-0.0932000000000005 0.0019288026505006 -0.00100666274936172 -12.4586225749182 425.424112759934 69340495.9337631
-0.0933000000000006 -0.000316239397613445 -0.00224651877142708 -12.4710913775974 425.377197882038 69338719.391263
-0.0934000000000005 -0.00094454019666314 0.00300164660409974 -12.479540153699 425.330283004142 69339285.4124263
-0.0935000000000006 0.000337461245624717 -0.00188296246516 -12.4926487651289 425.283368126246 69337488.3109636
-0.0936000000000006 0.00151212837977924 -0.000439828527889446 -12.5019783800742 425.23645324835 69338037.9092904
-0.0937000000000006 -0.00179950089658286 -0.000121821081189424 -12.5135800441502 425.189538370454 69337025.2055934
-0.0938000000000005 0.000130179798942294 0.000489546692147652 -12.5234371587556 425.142623492559 69337222.0493645
-0.0939000000000006 -0.00119325796933453 -0.000549019278650755 -12.5347622770045 425.095708614663 69335787.0909438
-0.0940000000000006 0.00210083006512693 -0.000306808680409271 -12.5441002950309 425.048793736767 69336190.4176784
-0.0941000000000005 -0.00144850893737773 -0.000814627016281161 -12.5564804593492 425.001878858871 69334301.8406606
-0.0942000000000006 -0.00137553195916315 0.00189426056471931 -12.5654036467857 424.954963980975 69334980.9998331
-0.0943000000000005 0.000900740997177675 -0.00220765278536187 -12.5768375632001 424.908049103079 69334164.8539887
-0.0944000000000006 0.000937552437322498 0.000213442415711284 -12.5861899355838 424.861134225183 69334437.1377102
-0.0945000000000005 -0.00355713247070438 0.00186361787238381 -12.5984475643711 424.814219347287 69332833.1075062
-0.0946000000000006 0.000619353132569838 -0.00101917592425686 -12.607593625265 424.767304469391 69332764.1729818
-0.0947000000000005 0.00136497555688259 -0.00317108779867627 -12.618946113322 424.720389591496 69332016.8112669
-0.0948000000000006 -0.00113813782507398 0.00248327847710063 -12.6285716854748 424.6734747136 69332500.7939874
-0.0949000000000006 -0.00156126338376138 0.000499534815617885 -12.6404001561766 424.626559835704 69331155.9408702
-0.0950000000000005 0.00302714999614914 -0.00266739845802362 -12.6497741066858 424.579644957808 69331317.9113169
-0.0951000000000006 -0.000246821313976433 -0.00107978064567888 -12.6622425579174 424.532730079912 69329760.204236
-0.0952000000000005 -0.00256454371259326 0.0031203089105555 -12.6715023895609 424.485815202016 69329841.4080412
-0.0953000000000006 0.000931462434253957 -0.00219040175665893 -12.6814126872971 424.43890032412 69329403.3508493
-0.0954000000000006 0.00127472044925153 -0.0019153039032896 -12.6922219083994 424.391985446224 69329083.4315429
-0.0955000000000006 -0.00220469918220317 0.00212853208512655 -12.7025500640496 424.345070568328 69328802.6053806
-0.0956000000000006 -0.000383150652173392 0.000140892834786284 -12.7132214190702 424.298155690433 69328144.5748235
-0.0957000000000005 0.00120957721484843 -0.00146535703385536 -12.72349153791 424.251240812537 69327688.2788156
-0.0958000000000006 -0.00157228237968259 0.000243163779763913 -12.7345881986195 424.204325934641 69326992.8940609
-0.0959000000000005 -0.000580659212189954 0.000752907147972798 -12.7441286945524 424.157411056745 69326804.0917785
-0.0960000000000006 0.000285211103854966 -0.000962442506167968 -12.7556323660678 424.110496178849 69326358.1770544
-0.0961000000000005 0.000267013816700828 -0.00017242208605259 -12.7655853601355 424.063581300953 69326232.552038
-0.0962000000000006 -0.000621741874164961 -2.51888113953688e-06 -12.7757181885209 424.016666423057 69325365.6517134
-0.0963000000000006 -0.00118014486652465 0.000304171619776121 -12.7859526527533 423.969751545161 69324901.1571332
-0.0964000000000005 0.000661767291725229 -0.00102733657273444 -12.7960553858219 423.922836667265 69324622.5416866
-0.0965000000000006 -0.000495197755150937 0.000268846028464907 -12.8074590194042 423.875921789369 69323866.4418315
-0.0966000000000005 -0.000396726975421708 0.00053207751184853 -12.8169493207077 423.829006911474 69323977.7596641
-0.0967000000000006 0.000317059658755454 8.35001490065622e-05 -12.8276605021911 423.782092033578 69323524.9731048
-0.0968000000000005 0.00144567932478839 -0.00169650113048681 -12.8385392356252 423.735177155682 69323166.0665649
-0.0969000000000006 -0.00113987469692332 0.0016402970954215 -12.8478666763359 423.688262277786 69323107.6242535
-0.0970000000000005 0.000344421456561817 0.000344385313398487 -12.8583442465566 423.64134739989 69322222.2007353
-0.0971000000000005 0.00134926526202582 -0.00104574023267381 -12.869693175868 423.594432521994 69321784.9787665
-0.0972000000000006 -0.0013168488294358 0.00092021278710215 -12.879698524793 423.547517644098 69321050.5990757
-0.0973000000000005 0.000392564306171938 -0.000432226139156417 -12.8899284111361 423.500602766202 69320791.9341376
-0.0974000000000006 -8.5177417757791e-05 -0.00121261924814762 -12.9002489215656 423.453687888306 69320356.3006512
-0.0975000000000005 -0.000606265500656644 0.000910370264984576 -12.9100585168652 423.406773010411 69320635.1310809
-0.0976000000000006 -0.00116391337383173 -0.00014194756943457 -12.9215073193453 423.359858132515 69319415.5619447
-0.0977000000000006 0.00069953167093726 0.000164409487327643 -12.9304528025425 423.312943254619 69319426.4424319
-0.0978000000000006 -0.00136529303370157 -0.00028680265056484 -12.9425113135565 423.266028376723 69318166.5493465
-0.0979000000000005 0.00075207950659937 0.000732453719725058 -12.9514762176183 423.219113498827 69318816.1873962
-0.0980000000000005 0.000612738057770633 -0.000365496736650775 -12.9619898770361 423.172198620931 69318205.3131005
-0.0981000000000006 0.000737204347778681 0.000102662120878133 -12.9717569427837 423.125283743035 69318145.2536429
-0.0982000000000005 -0.00104283324514013 -8.20274775967171e-06 -12.9829201027716 423.078368865139 69317178.874054
-0.0983000000000006 0.000794292691364306 0.000519230099854425 -12.9921093770684 423.031453987243 69317233.1404369
-0.0984000000000005 0.000117774919796079 -0.000381502658341767 -13.0031881596251 422.984539109348 69315968.1252615
-0.0985000000000006 0.000133874727216457 0.00149629627074815 -13.0127542516036 422.937624231452 69316401.2924349
-0.0986000000000006 0.00063414113648775 -0.00137183306706022 -13.0236393128381 422.890709353556 69315801.7796112
-0.0987000000000006 0.000274263385270817 -6.03303010041253e-05 -13.0321692032208 422.84379447566 69315980.1186517
-0.0988000000000006 -0.00170444047774305 5.73220171607339e-05 -13.0441298628061 422.796879597764 69314961.8084926
-0.0989000000000005 0.000557108871518034 -8.78028746253846e-05 -13.0534425103342 422.749964719868 69315380.641199
-0.0990000000000006 -0.000557910448508298 -0.00110403540502543 -13.0640622904125 422.703049841972 69314393.3397509
-0.0991000000000005 -0.000281953542015994 0.00027013813217292 -13.0739315766922 422.656134964076 69314332.3393904
-0.0992000000000006 -0.000828615369701943 -0.000876238046081615 -13.0843894562928 422.60922008618 69313247.9137975
-0.0993000000000005 0.00107594821789814 -0.000497941585754993 -13.0941489119397 422.562305208285 69313697.0429083
-0.0994000000000006 -0.000325296170154671 0.000761931519973608 -13.1048555677903 422.515390330389 69313206.9262403
-0.0995000000000006 7.48154895117219e-05 0.000157392827556048 -13.114690031269 422.468475452493 69313014.6155904
-0.0996000000000005 0.00069294535688015 -0.000439322560453332 -13.1243374649592 422.421560574597 69312705.7805088
-0.0997000000000006 -0.00053554474541437 0.000320092941781326 -13.1350102724934 422.374645696701 69312182.621698
-0.0998000000000005 -0.000213724601528034 0.000306102357047016 -13.1441319058362 422.327730818805 69311801.8508831
-0.0999000000000006 -0.000521580134819433 -0.00112421072084538 -13.1553862725583 422.280815940909 69310843.0367334
-0.100000000000001 -0.000980660034900616 0.000628998278208247 -13.1650968447192 422.233901063013 69311432.0399351
-0.100100000000001 -0.000344258353323571 -0.000625944078728176 -13.175023381158 422.186986185117 69310883.3353762
-0.1002 0.000303431650289759 0.000884299853768753 -13.1845987320283 422.140071307222 69311063.1493094
-0.100300000000001 -0.000537850248896915 -0.00044509085494437 -13.1959879603883 422.093156429326 69310162.5147305
-0.100400000000001 0.00040353575324803 0.00076739612447511 -13.204395244556 422.04624155143 69310340.7235759
-0.100500000000001 0.000119558383501121 -0.00118047910985366 -13.2155456934362 421.999326673534 69309045.5900426
-0.100600000000001 -0.000161500467506845 0.00118813727585842 -13.2246381188956 421.952411795638 69309653.2425861
-0.100700000000001 -0.000447695197780447 -0.000690803414537595 -13.2358221341421 421.905496917742 69308857.8776958
-0.100800000000001 0.00223658323996315 -0.00113298796512707 -13.2440131065435 421.858582039846 69309439.5834734
-0.100900000000001 -0.000718982523191989 0.000378742999014202 -13.2555545325132 421.81166716195 69308275.7784681
-0.101000000000001 -0.000224188010043618 0.00154840353538108 -13.2640762051712 421.764752284054 69308814.558648
-0.1011 0.000632534856812774 -0.0027719456135678 -13.2756029410652 421.717837406159 69307418.8872328
-0.101200000000001 0.00099440305360957 0.00045220807072718 -13.2840568602835 421.670922528263 69307960.721253
-0.101300000000001 -0.00193830264221909 0.00176644358522841 -13.295197268773 421.624007650367 69307339.4766401
-0.101400000000001 0.000505376915552833 0.000658137456202036 -13.3038089092194 421.577092772471 69307800.91467
-0.101500000000001 0.000850198229513812 -0.00223947629604039 -13.3147514633769 421.530177894575 69306679.7865083
-0.101600000000001 -0.000732869776191503 0.0012997533204344 -13.3237017536873 421.483263016679 69307080.9878477
-0.101700000000001 -0.00185515026050905 0.00102113697273879 -13.3348633505412 421.436348138783 69306100.6286223
-0.101800000000001 0.00224078006622179 -0.00182658825963917 -13.3437720464262 421.389433260887 69305815.529145
-0.101900000000001 -0.000965893400507575 0.000366412022357918 -13.3531773323119 421.342518382991 69306041.486658
-0.102000000000001 -0.000876191279916803 0.00149042790682295 -13.3629732149911 421.295603505096 69306019.4436775
-0.102100000000001 -0.000122563569774205 -0.00108183105997921 -13.3741500319772 421.2486886272 69305093.7095711
-0.102200000000001 0.000813069124265579 1.35252848238684e-05 -13.3824116311558 421.201773749304 69305697.4702877
-0.102300000000001 -0.00145066801523626 -6.14920588875119e-05 -13.3931517777291 421.154858871408 69304781.2940198
-0.102400000000001 0.000272722872630756 -0.000107243711427555 -13.4025099071057 421.107943993512 69304760.0696023
-0.1025 -0.00122157716270148 0.000144594674697812 -13.4126722129793 421.061029115616 69304190.999901
-0.102600000000001 0.000742131517798775 -0.000710955327505559 -13.4220840771409 421.01411423772 69304560.3878107
-0.102700000000001 -0.00070192289761493 -0.000551117206667165 -13.4326827997131 420.967199359824 69304056.3616832
-0.102800000000001 -0.000700531930627278 0.000664936794804189 -13.441898017476 420.920284481928 69304214.600112
-0.102900000000001 0.000352810872472459 -0.000682419208963214 -13.451639233997 420.873369604033 69303372.3128017
-0.103000000000001 -6.06144767901444e-06 5.84445956980493e-05 -13.4612765784451 420.826454726137 69303261.0396263
-0.103100000000001 -0.000889811439284382 -0.000195323653407421 -13.4719194300558 420.779539848241 69302968.800745
-0.103200000000001 -0.000943250609331577 0.00133490980683234 -13.4813102843835 420.732624970345 69303086.4121345
-0.103300000000001 0.00142791796501434 -0.00155826987921189 -13.490148654463 420.685710092449 69302956.8431976
-0.1034 0.000326440115797403 -0.00112319047106032 -13.5006592281667 420.638795214553 69302724.3180889
-0.103500000000001 -0.00176788581167417 0.00138307391557139 -13.5102454716148 420.591880336657 69302132.8078947
-0.103600000000001 0.000368557935029083 -0.000272367940712649 -13.5205001922394 420.544965458761 69301729.7089809
-0.103700000000001 0.00101591225360349 -0.00201565005508507 -13.5304064239413 420.498050580865 69301773.5811636
-0.103800000000001 0.000132554680331634 -0.0002335190423712 -13.5398634355656 420.45113570297 69301677.6529394
-0.103900000000001 -0.00125566806526811 0.00145082479184876 -13.5488077144388 420.404220825074 69301685.47979
-0.104000000000001 -0.00014097149436353 -0.000548349162619922 -13.5595768341109 420.357305947178 69301205.8218331
-0.104100000000001 0.000647799253068 -0.000625145329187827 -13.5681206011396 420.310391069282 69301411.511253
-0.104200000000001 0.000835875890073838 -0.000403005756442382 -13.5775237426752 420.263476191386 69301512.2584089
-0.1043 -0.00220861382905522 0.000887818313388767 -13.588682884299 420.21656131349 69300783.5196742
-0.104400000000001 0.00105137144083367 -0.000157120591589104 -13.5962362596846 420.169646435594 69301076.9832643
-0.104500000000001 0.000500139497918636 -0.00100852468237536 -13.6078888878648 420.122731557698 69300007.0139308
-0.104600000000001 -0.00108002904774702 0.000536971190790134 -13.6169166020615 420.075816679802 69300167.9105911
-0.104700000000001 -0.00132270316638529 0.000796204864588714 -13.6265377760627 420.028901801906 69300008.2402616
-0.104800000000001 0.00106200953974236 -0.000813257329768266 -13.6352895313646 419.981986924011 69300253.1847613
-0.104900000000001 -0.00117878133907111 -0.000367274875182574 -13.6457659772847 419.935072046115 69299667.0162036
-0.105000000000001 0.000424672628566465 0.000245029676559897 -13.6539413138083 419.888157168219 69299975.3278283
-0.105100000000001 -0.000842448400807724 0.000210445634966598 -13.6647128720215 419.841242290323 69299365.73724
-0.105200000000001 0.000378483115407955 0.000154248568667723 -13.6735100925638 419.794327412427 69299740.8969999
-0.105300000000001 0.000302387058021116 -0.00017420534108224 -13.6836785091868 419.747412534531 69299118.7474311
-0.105400000000001 0.000276809230856501 -5.87979693380737e-05 -13.6930070367585 419.700497656635 69299240.8185237
-0.105500000000001 0.000107231972880021 -0.000258352302439892 -13.7023925874998 419.653582778739 69299271.4209748
-0.105600000000001 -0.00111294455845915 0.000111873905435407 -13.7120654330326 419.606667900843 69298600.1969589
-0.1057 0.000864175264532967 -0.000153565261938497 -13.7212738362636 419.559753022948 69298628.484125
-0.105800000000001 -0.00087026198725965 -0.000281324331313589 -13.731373991378 419.512838145052 69298126.133461
-0.105900000000001 0.000383442272037901 0.000438579877366621 -13.7393645336343 419.465923267156 69298901.5662355
-0.106000000000001 0.000203056375342807 -0.00138309513650918 -13.7503541736285 419.41900838926 69298106.6550897
-0.106100000000001 -0.000864511820988427 0.00177867703234477 -13.7583839064013 419.372093511364 69298682.79415
-0.106200000000001 -0.000458470652673707 -0.000392942550272865 -13.769588119258 419.325178633468 69297668.185122
-0.106300000000001 0.00157421796771444 -0.000762219386750034 -13.7774707157019 419.278263755572 69298186.8329419
-0.106400000000001 -0.000318398505006675 0.000709428664038579 -13.7876129060392 419.231348877676 69297563.5003608
-0.106500000000001 -0.000891937457728798 0.000360633668343583 -13.7963789766993 419.18443399978 69297956.4164726
-0.106600000000001 0.00118074047327782 -0.00148048295264407 -13.8066406295743 419.137519121885 69297723.908108
-0.106700000000001 -0.000652766811607811 0.000603828046807766 -13.8158646452148 419.090604243989 69297788.0776262
-0.106800000000001 -0.00169588291824864 0.000630493315178821 -13.8248386796048 419.043689366093 69297288.0086961
-0.106900000000001 -0.000254926583908128 -0.00103171581366083 -13.8344492169456 418.996774488197 69296923.9421688
-0.107000000000001 0.000720430775009917 -0.000391582636532959 -13.8440228904667 418.949859610301 69297008.7705212
-0.107100000000001 -0.00194823380102353 0.00135302026746501 -13.8526284039773 418.902944732405 69297209.0120355
-0.107200000000001 0.000864416490101171 0.00010227156354141 -13.8619037286548 418.856029854509 69297244.9752818
-0.107300000000001 0.000299804654731601 -0.00153998548044146 -13.8720297618148 418.809114976613 69296925.8226309
-0.107400000000001 -0.00032278937118864 0.000681382492990744 -13.880061658802 418.762200098717 69297500.9796315
-0.107500000000001 -0.00151988918502278 -0.00104145032461396 -13.8904233715154 418.715285220822 69296400.2621362
-0.107600000000001 0.000909201519672435 0.0002301117535227 -13.8979610601439 418.668370342926 69297348.591784
-0.107700000000001 -0.000598122869951176 -0.0017814293982582 -13.9093766508039 418.62145546503 69295943.2637335
-0.107800000000001 0.000210800205188507 0.000644228124460987 -13.9171835171906 418.574540587134 69296954.7181789
-0.107900000000001 -0.00164051187062781 -0.000568704195837124 -13.927869950517 418.527625709238 69296301.0776351
-0.108 0.00199342308489636 -0.00106461542723153 -13.934765485843 418.480710831342 69297279.198119
-0.108100000000001 -0.000565923322981344 -0.00137755001314302 -13.9458508574917 418.433795953446 69296020.3071435
-0.108200000000001 -0.00069338593527714 0.00243040261185775 -13.9536378140467 418.38688107555 69296899.568477
-0.108300000000001 -0.00121162182658262 -0.00114989270732806 -13.9653002852762 418.339966197654 69295718.3658648
-0.108400000000001 0.00324030606761702 -0.00205296667965985 -13.9724344634662 418.293051319759 69296795.1144045
-0.108500000000001 -0.00282120604788316 0.00132379747016329 -13.9823534183721 418.246136441863 69296174.4980085
-0.108600000000001 -0.000133260413528182 0.00190784603860391 -13.9897672851245 418.199221563967 69297395.071701
-0.108700000000001 0.00272407112594575 -0.00376275866153901 -14.0017295614796 418.152306686071 69295834.9635247
-0.108800000000001 -0.00126155417406915 0.00126655688896777 -14.0092872126493 418.105391808175 69296165.9688831
-0.1089 -0.00240038598986563 0.00191317682641246 -14.018566509721 418.058476930279 69296028.597924
-0.109000000000001 0.00272951963156337 -0.00261316374408597 -14.0280205649483 418.011562052383 69296323.8415716
-0.109100000000001 -0.000733184813822364 0.000339939628908588 -14.0362928383177 417.964647174487 69296296.027199
-0.109200000000001 -0.00219629075484669 0.00222452459931307 -14.0455884749279 417.917732296591 69296444.3675778
-0.109300000000001 0.00131234056946055 -0.00184675849715644 -14.0551512226031 417.870817418696 69296496.0210561
-0.109400000000001 0.000208960376203933 -0.00141080237601494 -14.0645346380558 417.8239025408 69296000.7405598
-0.109500000000001 -0.00198500874315139 0.00209682298837915 -14.0722793710754 417.776987662904 69296662.3766745
-0.109600000000001 0.0012395860174082 -0.00226268553146455 -14.0828702944704 417.730072785008 69296053.5327624
-0.109700000000001 -0.000484948224517432 -0.000142066433030856 -14.0911053208267 417.683157907112 69296203.2836259
-0.109800000000001 -0.000545865944479069 0.00100877632244502 -14.1004682241499 417.636243029216 69296166.2596911
-0.109900000000001 0.000549802311392003 -0.000992471329498771 -14.1097414082555 417.58932815132 69295821.5792104
-0.110000000000001 0.00100796560094681 -0.000959171944126033 -14.1180399971352 417.542413273424 69296358.9982622
-0.110100000000001 -0.00199447329455742 0.00123894011732831 -14.127343191306 417.495498395528 69296251.0966579
-0.110200000000001 0.000715134263100965 -0.000460096839677642 -14.1363710074761 417.448583517633 69296450.2025144
-0.1103 0.000735772881152221 -0.00037013007618868 -14.1451242313224 417.401668639737 69296351.9871065
-0.110400000000001 -0.00148230365862861 0.000876647363431404 -14.1549193175242 417.354753761841 69295818.1410397
-0.110500000000001 0.00132735983355916 -0.00166700185603601 -14.163342905216 417.307838883945 69296125.3186971
-0.110600000000001 -0.00090235066279222 -0.000239620266464491 -14.172640920075 417.260924006049 69295947.7834485
-0.110700000000001 -0.000640141586917645 0.00105092920956742 -14.1804775574176 417.214009128153 69296586.1280743
-0.110800000000001 0.00024222002488088 -0.00209553851616852 -14.1907626156789 417.167094250257 69296126.2058248
-0.110900000000001 0.00104870447051969 -0.000917410179557625 -14.1990525156188 417.120179372361 69296798.3344999
-0.111000000000001 -0.00276785112021392 0.00129278311501675 -14.208140186037 417.073264494465 69296360.5358447
-0.111100000000001 0.000983795279909141 -0.000377038304556945 -14.2165171346451 417.02634961657 69296963.556106
-0.1112 7.14497251920294e-05 -0.00143595672966226 -14.2255408061874 416.979434738674 69296534.624379
-0.111300000000001 -0.00165515803082038 0.00134433061419043 -14.2345058529815 416.932519860778 69296638.9290888
-0.111400000000001 -0.000102469943291463 -0.00141210933187021 -14.2433981929397 416.885604982882 69296156.6665684
-0.111500000000001 0.00117094967995021 -0.00142312158974684 -14.2519086148124 416.838690104986 69296932.4477165
-0.111600000000001 -0.000743691594626466 1.99300684035591e-05 -14.2613888196269 416.79177522709 69296775.0789312
-0.111700000000001 -0.000808662538807676 0.00136007992962032 -14.2693589890844 416.744860349194 69297306.4504772
-0.111800000000001 0.000122278876518948 -0.00071004475664102 -14.2783990258732 416.697945471298 69296812.33802
-0.1119 0.000333627364801733 -0.000413823903024455 -14.2871982333353 416.651030593402 69296977.9275056
-0.112000000000001 -0.000599307179970743 0.000394637862625474 -14.2964458261778 416.604115715507 69296935.6430134
-0.1121 -0.00071042134126089 0.00040488331703288 -14.3052256072624 416.557200837611 69297157.6127694
-0.112200000000001 0.000753240212410026 -0.000622546619819897 -14.3137093781259 416.510285959715 69297527.420741
-0.112300000000001 9.98189362525553e-06 -6.66316946188969e-05 -14.3227589638323 416.463371081819 69297427.6478042
-0.112400000000001 -0.000556238571744858 1.0083876345009e-05 -14.3314003651248 416.416456203923 69297526.335435
-0.112500000000001 -0.000222961220151372 0.000217411341668803 -14.3401524011328 416.369541326027 69297360.550765
-0.112600000000001 -0.000738921983486779 -0.00147681017732278 -14.3494344744865 416.322626448131 69296672.5775802
-0.112700000000001 -0.000171947511978184 -0.000166712090271712 -14.3574875336808 416.275711570235 69297879.470707
-0.1128 -0.000223252191003013 0.000715726367315485 -14.3661314961637 416.228796692339 69297827.2758995
-0.112900000000001 -0.000558602794607746 0.00133512211897148 -14.3752886013521 416.181881814443 69298172.9616986
-0.113 0.00197372918893843 -0.0024482053326837 -14.3838514067449 416.134966936548 69298013.8953084
-0.113100000000001 -0.00159884843968318 0.000566934067949882 -14.3922490019247 416.088052058652 69297997.9350494
-0.113200000000001 -0.00144573794716706 0.00131790867097015 -14.4004186066927 416.041137180756 69298302.7980784
-0.113300000000001 0.00122910711591821 -0.00109829665547332 -14.4094504946123 415.99422230286 69298338.4063945
-0.113400000000001 0.000897272267377242 -0.00013557619119027 -14.4177608794556 415.947307424964 69298865.7572592
-0.1135 -0.00175670289837993 0.00166671600510366 -14.4262856971049 415.900392547068 69298998.5525647
-0.113600000000001 -0.000115569977731506 -0.000943808096480965 -14.4352578658408 415.853477669172 69298642.9017537
-0.113700000000001 0.000596883222133964 -0.00070973675425935 -14.4436465942406 415.806562791276 69298766.4628703
-0.113800000000001 -0.00118928612025904 0.000177425442509759 -14.4529481354093 415.75964791338 69298436.8811026
-0.113900000000001 -0.00116505761163099 0.000549539327658759 -14.461150462653 415.712733035485 69298925.676118
-0.114000000000001 0.00126530272768212 -0.00158534159247359 -14.4695698047911 415.665818157589 69299289.7325926
-0.114100000000001 9.79958335950899e-05 0.000631604983377773 -14.4775419940641 415.618903279693 69299771.3444106
-0.1142 -0.00132894760323923 0.00126221832961348 -14.4865288030154 415.571988401797 69299603.1725846
-0.114300000000001 0.000954475095090838 -0.00114118572799457 -14.4937070475555 415.525073523901 69300321.3637296
-0.1144 0.000128106954446707 -0.00134265998438653 -14.5039699500762 415.478158646005 69299600.8083536
-0.114500000000001 -0.000839546992786749 0.00111750214840299 -14.5117549573143 415.431243768109 69300134.6232637
-0.114600000000001 -0.0012328061726486 0.000359958747274835 -14.5210671579568 415.384328890213 69299950.0968043
-0.114700000000001 0.00122438358858596 -0.000784319513659504 -14.5282795510219 415.337414012317 69300855.7447947
-0.114800000000001 0.000589021112545406 -0.00167277102520869 -14.5373911189698 415.290499134422 69300626.1656459
-0.114900000000001 -0.00198601257283399 0.000565126451004547 -14.5465060519358 415.243584256526 69300619.2268568
-0.115000000000001 -0.000633499417687863 0.000668386099110973 -14.5534779310532 415.19666937863 69301348.2280968
-0.115100000000001 0.000593361389576872 -0.00114771627959001 -14.5621333316137 415.149754500734 69300953.6480164
-0.115200000000001 -5.43847875670513e-05 0.000378950395683066 -14.5706868878311 415.102839622838 69301477.3611153
-0.115300000000001 -0.00238105468980171 0.00048427266584944 -14.5797485005306 415.055924744942 69301473.8816261
-0.115400000000001 0.000441305119144292 -0.000274147365894957 -14.587288734018 415.009009867046 69302197.5409174
-0.115500000000001 0.000774918528143375 -0.000921826827627311 -14.596538470744 414.96209498915 69301937.5014873
-0.115600000000001 0.0010051001360596 -0.000452023477134301 -14.6042993033812 414.915180111254 69302468.0662782
-0.115700000000001 -0.00131692880196279 0.00105270038710102 -14.6133392267403 414.868265233359 69301847.3408419
-0.1158 0.000667540189570938 -0.00086781457979356 -14.6215273110798 414.821350355463 69302134.2010814
-0.115900000000001 0.00127036485197614 -0.00136124599286941 -14.6294764123908 414.774435477567 69302594.3515166
-0.116000000000001 -0.00127789716755612 0.00124564382950431 -14.637700587795 414.727520599671 69303164.3320432
-0.116100000000001 -0.00071699368266262 -0.000815737442334462 -14.6463206950272 414.680605721775 69303193.9820534
-0.116200000000001 0.00174606955061702 -0.000720337977062114 -14.653681675951 414.633690843879 69303955.5012361
-0.116300000000001 -0.000973199427164962 -0.000319305982397942 -14.6637197624291 414.586775965983 69303288.4286916
-0.116400000000001 -0.000728507610924527 0.00141535718417659 -14.6706792875843 414.539861088087 69303881.1623025
-0.116500000000001 0.000246897290902476 -0.00186799368232733 -14.6798533431558 414.492946210191 69303417.7854032
-0.116600000000001 0.000428621618872214 0.000623324601676837 -14.6864040570727 414.446031332296 69304871.5574001
-0.1167 -0.00201966709755135 0.000221854608753301 -14.6963482235229 414.3991164544 69304293.7295561
-0.116800000000001 0.00138902354104166 -0.000716695093728877 -14.7041000047244 414.352201576504 69305172.639845
-0.116900000000001 -0.0012909044895599 -7.62293087578932e-05 -14.7131885249917 414.305286698608 69304658.5239556
-0.117000000000001 -0.00126129026139512 0.00103465534952328 -14.7204594767873 414.258371820712 69305049.5563252
-0.117100000000001 -0.000122386864958151 -0.00112965614930632 -14.7289732563992 414.211456942816 69304891.1040392
-0.117200000000001 0.000305162555721886 -0.000449814937637534 -14.7370125504811 414.16454206492 69305621.7394568
-0.117300000000001 -0.00109000217477252 0.00169534486199635 -14.7453681848818 414.117627187024 69306327.2502636
-0.1174 0.000384118169194406 -0.000307415707144983 -14.7541080314708 414.070712309128 69306198.1539651
-0.117500000000001 0.00140234727054572 -0.00111797203348404 -14.7610888443736 414.023797431233 69306745.2580034
-0.1176 -0.00176333549174185 0.00099072460255512 -14.7694098723566 413.976882553337 69306658.5185573
-0.117700000000001 -0.000206988165527824 -0.000128934846203673 -14.7772864096573 413.929967675441 69306947.7993639
-0.117800000000001 0.00110135819840073 -0.00154446812299456 -14.7859367603563 413.883052797545 69307243.9235531
-0.117900000000001 -0.000596329749912438 0.000575206957225696 -14.7941938820384 413.836137919649 69307688.757155
-0.118000000000001 -0.000200351363088265 3.90309037867438e-05 -14.8017110724423 413.789223041753 69308032.6815244
-0.1181 0.000390946789861464 -0.000147894856396074 -14.809568921086 413.742308163857 69308277.9880322
-0.118200000000001 0.000602076072485041 -0.00118431151255009 -14.8177702785784 413.695393285961 69308239.6768745
-0.118300000000001 -0.000475225729408603 -0.000820855065586789 -14.8264600336435 413.648478408065 69308283.1395393
-0.118400000000001 -0.000872143866070921 0.000774272981994482 -14.8347612103775 413.60156353017 69308826.1392685
-0.118500000000001 0.000283253726218588 -0.00161233247583456 -14.8430547368417 413.554648652274 69309131.4797045
-0.118600000000001 0.000122398294547351 -0.00061678104535966 -14.8500075222451 413.507733774378 69309801.3391828
-0.118700000000001 -0.00124884186027378 0.000667277942311604 -14.8584457145353 413.460818896482 69309896.364297
-0.118800000000001 0.000535528068378145 0.000561449187086617 -14.8656754557685 413.413904018586 69310768.027483
-0.118900000000001 0.000127936612752208 -0.00158685552678703 -14.8748951560263 413.36698914069 69310380.4496435
-0.119 8.25752645068145e-05 0.000453892073080165 -14.8813390577956 413.320074262794 69311524.662034
-0.119100000000001 -0.000587149163948233 -0.000544602409329947 -14.8912149845384 413.273159384898 69310614.5840324
-0.119200000000001 0.000300812229224487 1.70241918779482e-05 -14.8980327579086 413.226244507002 69311609.4071367
-0.119300000000001 -0.00132296200197189 -0.000439013464130814 -14.9063704566152 413.179329629107 69311416.9156291
-0.119400000000001 0.00106821546683778 -0.000768488669347595 -14.9138185339397 413.132414751211 69312395.4444218
-0.119500000000001 -0.00121411245601652 0.000129928418952603 -14.9222468741824 413.085499873315 69312067.9137865
-0.119600000000001 0.000110487339299559 0.00119812013558399 -14.9285729458999 413.038584995419 69313140.6446842
-0.119700000000001 -0.000102298187653033 -0.0018773972473907 -14.9386520036895 412.991670117523 69312607.626212
-0.119800000000001 0.00110207065139197 0.00073990425885851 -14.9440802375121 412.944755239627 69314036.5296114
-0.1199 -0.00195202258086437 0.000977761690476863 -14.952923860948 412.897840361731 69313772.9477242
-0.120000000000001 0.00148978565790098 -0.000820391690716839 -14.9601573810987 412.850925483835 69314755.7267342
-0.120100000000001 0.000364752963621479 -0.00152695231413105 -14.9691122964106 412.804010605939 69314153.7983477
-0.120200000000001 -0.00125654823196277 0.00110479314832007 -14.9755570523083 412.757095728044 69314887.4322431
-0.120300000000001 -0.000801762216533856 0.000250833462152025 -14.9850963758201 412.710180850148 69314790.7382618
-0.120400000000001 0.00173850547458316 -0.00227648275125036 -14.9918715868505 412.663265972252 69315708.3805486
-0.120500000000001 -0.000483482295990931 -0.000279959724028177 -15.0003216122195 412.616351094356 69316044.4956567
-0.1206 -0.00128214728093271 0.000980938223011641 -15.0072454703331 412.56943621646 69316512.7257127
-0.120700000000001 -0.000134894368639986 -0.000398822001522878 -15.0153367391648 412.522521338564 69317157.0571047
-0.1208 0.00151872852391515 -0.00199294582216636 -15.0233010410805 412.475606460668 69317404.3243448
-0.120900000000001 -0.00188316924509461 0.000491728026570145 -15.0311301127702 412.428691582772 69317183.2711183
-0.121000000000001 -0.00128332280345129 0.00144144229791385 -15.0384246310307 412.381776704876 69317750.1380478
-0.121100000000001 0.00140104158171367 -0.00240642618004261 -15.0473229740998 412.334861826981 69317831.5794253
-0.121200000000001 -9.29611632011404e-05 -0.000626948510188825 -15.055147778598 412.287946949085 69318310.7555672
-0.121300000000001 -0.00163700236283547 0.00176489064077442 -15.0609001726822 412.241032071189 69319420.2036544
-0.121400000000001 -0.000427371408268307 -0.00115451809814801 -15.069969622935 412.194117193293 69319132.7118762
-0.121500000000001 0.000981577778569262 -0.00149439799981665 -15.0766593476695 412.147202315397 69320009.8297726
-0.121600000000001 -0.00152052163037277 4.92678958019278e-05 -15.0855497774374 412.100287437501 69319686.6170141
-0.121700000000001 -0.000965709627797956 0.00139517409673571 -15.0917553414042 412.053372559605 69320953.1542087
-0.121800000000001 0.000145329642833625 -0.000734869018753351 -15.1004260189693 412.006457681709 69320779.079762
-0.121900000000001 0.00102374785055936 -0.00129925925000008 -15.1076006612035 411.959542803813 69321495.8935052
-0.122000000000001 -0.000758704168009467 0.00120696455755936 -15.1141291687568 411.912627925917 69322478.0918236
-0.122100000000001 -0.000957270513027057 -0.000142532088879053 -15.1228828733106 411.865713048022 69322252.25154
-0.1222 0.00126501982628835 -0.00034239923548379 -15.129458449496 411.818798170126 69322941.3656967
-0.122300000000001 0.000143274732722843 -0.00116225999816602 -15.1382758673853 411.77188329223 69322773.1283906
-0.122400000000001 -0.00145430672679512 0.000966000853239647 -15.1449178866037 411.724968414334 69323577.9889311
-0.122500000000001 -0.000609316417701154 -0.000283303165623101 -15.1532344279977 411.678053536438 69323830.7614215
-0.122600000000001 0.00150562468548119 -0.00139381328230773 -15.1601867029101 411.631138658542 69324709.0101395
-0.122700000000001 -2.70836228326474e-05 -0.000413006503646524 -15.1683331823184 411.584223780646 69324908.0886068
-0.122800000000001 -0.000356779500673278 0.00209970951159136 -15.1743091286187 411.53730890275 69325725.5511228
-0.122900000000001 -0.00068376478086616 -0.00100664629590951 -15.1844073484371 411.490394024854 69324809.1127185
-0.123000000000001 0.000908110274571098 -0.000314197292198859 -15.189049049319 411.443479146959 69326254.0345858
-0.123100000000001 -0.00255988961638384 0.00134523716814824 -15.1979854756874 411.396564269063 69326268.4506292
-0.123200000000001 0.000159573818277785 6.93775209602413e-05 -15.2052605350174 411.349649391167 69327421.0082507
-0.123300000000001 0.0014524318256502 -0.00212088601317075 -15.2122517137371 411.302734513271 69327577.4234839
-0.123400000000001 -0.000490454630799676 0.000129589882776817 -15.2199293930063 411.255819635375 69327926.3568901
-0.123500000000001 -0.00211567476331215 0.00207639701825148 -15.2271276577426 411.208904757479 69328588.4396605
-0.123600000000001 0.0013413371094406 -0.00231655961738668 -15.2347963680527 411.161989879583 69328609.5312811
-0.123700000000001 0.000246637493949571 0.000366905839419935 -15.2412203317998 411.115075001687 69329382.6296762
-0.1238 -0.00224103903788172 0.00135291784635689 -15.250158942885 411.068160123791 69329484.9036053
-0.123900000000001 0.00175745705374452 -0.000495998219465747 -15.2555971137734 411.021245245896 69331008.4813871
-0.124 6.84726184658045e-05 -0.00168545380014007 -15.2649463758358 410.974330368 69330358.230188
-0.124100000000001 -0.00160250674011529 0.00310460546756688 -15.2700756377616 410.927415490104 69331985.6172911
-0.124200000000001 0.000448314218408166 -0.0023283500531347 -15.2800249676812 410.880500612208 69331079.9597056
-0.124300000000001 0.00135760468974059 -0.00050413723665186 -15.2853084413983 410.833585734312 69332132.0764232
-0.124400000000001 -0.00216173558600518 0.000980223274141917 -15.2934190459621 410.786670856416 69332404.1914946
-0.1245 -0.000292041495023729 -0.000351577764869509 -15.3004181027348 410.73975597852 69333328.7671447
-0.124600000000001 0.00075928455304614 -0.001700836080907 -15.3078054024976 410.692841100624 69333770.1679361
-0.124700000000001 -0.000699458941321117 0.00119145177325987 -15.3146501042854 410.645926222728 69334638.5876477
-0.124800000000001 -0.00110161408850853 0.000788508695260042 -15.3224699911252 410.599011344833 69334829.8735794
-0.124900000000001 0.000709223318155842 -0.00143279210045828 -15.3294261895875 410.552096466937 69335573.9798742
-0.125000000000001 -0.00211097027154607 0.00133558995441795 -15.3362368019053 410.505181589041 69336112.1154544
-0.125100000000001 0.000148891921670501 -0.00070939779815606 -15.3439996836357 410.458266711145 69336460.0779335
-0.125200000000001 0.00130055323832449 -0.00161532588725674 -15.3510268518335 410.411351833249 69336722.8336764
-0.125300000000001 -0.00118689139686555 0.000649782977803338 -15.3582361823992 410.364436955353 69337134.4506879
-0.1254 -0.0001258278730922 0.000320524681871832 -15.3648535833404 410.317522077457 69338148.2118663
-0.125500000000001 0.00174660831607816 -0.00225944188335408 -15.3731525715916 410.270607199561 69338296.4436763
-0.125600000000001 8.03125135433165e-05 0.00110487469231727 -15.3787862848251 410.223692321665 69339386.5842274
-0.125700000000001 -0.00216236978021335 0.00120374222662878 -15.387055468783 410.17677744377 69339459.5971186
-0.125800000000001 0.00106405636255109 -0.00192118324036566 -15.3940665844404 410.129862565874 69340194.7994454
-0.125900000000001 0.00014626895660938 -0.00135652341906686 -15.4007172881787 410.082947687978 69340755.1596118
-0.126000000000001 -0.00271423040452444 0.000881162041381612 -15.4074601821901 410.036032810082 69341564.335215
-0.1261 -0.000599068365229419 -8.45036424297864e-05 -15.4151420384398 409.989117932186 69342014.3739524
-0.126200000000001 0.00126005607319096 -0.00310152169054989 -15.4224392602405 409.94220305429 69341858.4169503
-0.1263 -0.000619232067257541 0.000709087435648731 -15.4287551328259 409.895288176394 69342822.4984959
-0.126400000000001 -0.00216798997738971 0.000515459983914581 -15.4366843810744 409.848373298498 69343029.9301791
-0.126500000000001 0.00159152889138382 -0.00124534339978234 -15.4420061610838 409.801458420602 69344247.6550759
-0.126600000000001 0.000358102552499735 -0.00202380526113013 -15.4506046541136 409.754543542707 69344524.1176889
-0.126700000000001 -0.00116694438775716 0.00205002946853552 -15.456043602392 409.707628664811 69345707.2154536
-0.1268 -0.00171455031313141 0.000250337902496736 -15.464439476565 409.660713786915 69345314.3756384
-0.126900000000001 0.00184605639420807 -0.00132970599707251 -15.4706213124163 409.613798909019 69346594.9966068
-0.127000000000001 -0.00205062902007253 0.000733825416392015 -15.4791992687644 409.566884031123 69346384.0986215
-0.127100000000001 0.000511961113105959 0.000686175324348356 -15.4832375726652 409.519969153227 69348195.8137357
-0.127200000000001 -0.000296888475341234 -0.00117349240730873 -15.4921139204445 409.473054275331 69347957.8310385
-0.127300000000001 0.000162528541764122 -0.00122532404909261 -15.4986208391657 409.426139397435 69348778.749396
-0.127400000000001 -0.000487462293450076 0.000542003519089591 -15.5052924193232 409.379224519539 69349569.6452109
-0.127500000000001 -0.00163577797390437 -0.00014884215571153 -15.512351928142 409.332309641644 69349103.7832789
-0.127600000000001 0.00123941688011373 -0.000472341248275098 -15.518322332044 409.285394763748 69350748.6736746
-0.1277 -0.000859573283726125 -0.00218396610508117 -15.527347936114 409.238479885852 69350271.505779
-0.127800000000001 -0.000291473441724508 0.00180724888973413 -15.5317794044835 409.191565007956 69352463.2582762
-0.127900000000001 -0.000261791641113931 -0.00109424668443167 -15.5402950733457 409.14465013006 69352074.6405106
-0.128000000000001 0.00132826535968976 -0.000643669044362314 -15.5457822864109 409.097735252164 69353517.0459446
-0.128100000000001 -0.00164296180431627 -0.00019711070752803 -15.5535925418082 409.050820374268 69353349.2623084
-0.128200000000001 -0.000543242035736027 0.00087009948372906 -15.5589769079604 409.003905496372 69354464.229381
-0.128300000000001 0.000102341139085445 -0.00171920568173525 -15.56770626867 408.956990618476 69354252.9718437
-0.1284 0.000154843966985033 0.00150253939970105 -15.5724437044237 408.910075740581 69356046.83107
-0.128500000000001 -0.000708857661484969 -0.000298937024755893 -15.5809082041788 408.863160862685 69356029.4450726
-0.1286 0.000854572155983776 -0.000559977146687801 -15.5865548484677 408.816245984789 69357116.8771127
-0.128700000000001 2.27348213106458e-05 -0.000776466595447355 -15.5930406287712 408.769331106893 69357656.954308
-0.128800000000001 -0.00160815411132208 0.000982015990373864 -15.6005729229667 408.722416228997 69358120.5525881
-0.128900000000001 -0.000219032905642397 -0.00061800939019217 -15.60692066056 408.675501351101 69358828.8668077
-0.129000000000001 0.00160778603404222 -0.0016377584582838 -15.6133646817077 408.628586473205 69359712.3124474
-0.1291 -0.00152835300018109 0.000726737393560429 -15.6198746806539 408.581671595309 69360303.0822247
-0.129200000000001 0.000111411825592814 -2.9901473655975e-07 -15.6270405775553 408.534756717413 69360980.4355863
-0.1293 0.000249654966863479 -0.000698636010519674 -15.6338385675537 408.487841839518 69361343.7535474
-0.129400000000001 -0.000716230485500822 -5.96528552211127e-05 -15.6401521308142 408.440926961622 69361847.5907316
-0.1295 -0.000312678151930557 0.000317565261653293 -15.6467875316114 408.394012083726 69362609.463023
-0.129600000000001 -0.000738325466229259 -0.00105987523119587 -15.653863664819 408.34709720583 69363104.6959475
-0.129700000000001 0.000149908881503258 0.000128804199726971 -15.6597221690902 408.300182327934 69364524.2029307
-0.1298 -0.00175365754636249 -5.58188000944231e-05 -15.6674827295132 408.253267450038 69364455.6347897
-0.129900000000001 0.00011367319458197 -2.58765722881804e-05 -15.6726332052772 408.206352572142 69365891.3331613
-0.130000000000001 0.000211632087645725 -0.00132830878843807 -15.679908322649 408.159437694246 69366325.6720013
-0.130100000000001 -0.00144439131799841 0.00123027431829785 -15.6857941105468 408.11252281635 69367231.5454226
-0.130200000000001 7.31682568320095e-05 -7.13794305972191e-05 -15.6928496516913 408.065607938454 69367756.9246717
-0.130300000000001 0.000719864285737593 -0.00251880068111737 -15.7002173044639 408.018693060559 69367574.1595467
-0.130400000000001 -7.23431096268624e-05 0.000851369735804932 -15.704894857088 407.971778182663 69369200.6853228
-0.130500000000001 -0.00148858964622856 -0.000329658629016318 -15.7139229136074 407.924863304767 69369143.5488054
-0.130600000000001 2.88581556252179e-05 0.000219557456564484 -15.7172425810193 407.877948426871 69371097.0293161
-0.130700000000001 -0.000264625256898605 -0.00133513658952522 -15.7259278718384 407.831033548975 69370734.4655778
-0.130800000000001 -0.000932297328339446 0.00219020683437736 -15.7313185006087 407.784118671079 69372244.2244925
-0.1309 -6.15881588087526e-06 -0.000743082954622861 -15.7386929885199 407.737203793183 69372210.3393444
-0.131000000000001 0.00102092417899975 -0.00107406192889935 -15.7445266298389 407.690288915287 69373602.6059173
-0.131100000000001 -0.000629616128811054 3.91511634324935e-05 -15.7507678114176 407.643374037391 69374331.6299224
-0.131200000000001 -0.00192922998155865 0.00169036315337921 -15.7572576942276 407.596459159496 69375006.1764669
-0.131300000000001 0.00109650020483582 -0.00107362023393623 -15.7638767862192 407.5495442816 69375410.226964
-0.131400000000001 0.000824246384838177 -0.00204800046695165 -15.7707000626678 407.502629403704 69375818.4444669
-0.131500000000001 -0.00161434260554567 0.00216999513148034 -15.7756960162085 407.455714525808 69377269.3046942
-0.1316 -0.0017929765615867 -0.000291386617516145 -15.7837550498846 407.408799647912 69377179.7885986
-0.131700000000001 0.00250928877878601 -0.00230765604780582 -15.7887057343689 407.361884770016 69378794.4338215
-0.1318 -0.000296469923649026 -0.000940650152079676 -15.7959947411097 407.31496989212 69378969.9317733
-0.131900000000001 -0.00219273303527986 0.00160714222981898 -15.8011932069296 407.268055014224 69380018.8307203
-0.132000000000001 -0.000557391412739458 -0.000608167232259235 -15.8077470706793 407.221140136328 69381001.1871243
-0.132100000000001 0.00229986234463697 -0.00134164422507763 -15.81318442088 407.174225258433 69382286.6718411
-0.132200000000001 -0.000492351134788266 0.000242130256203499 -15.8206934912299 407.127310380537 69382168.6421564
-0.132300000000001 -0.000504153529339215 0.00142993377171876 -15.8259369072033 407.080395502641 69383272.9824104
-0.132400000000001 -2.07636459470949e-05 -0.000429495225980828 -15.8330256342306 407.033480624745 69383714.3976679
-0.1325 0.00229689290736487 -0.0017018641732153 -15.8378630414078 406.986565746849 69384853.7557825
-0.132600000000001 -0.000819091278315406 0.000756425219057905 -15.8441563824112 406.939650868953 69385735.2665317
-0.1327 -0.00166205058745672 0.00106908923966423 -15.8505871559613 406.892735991057 69386710.6727548
-0.132800000000001 0.000583619085082238 -0.00207368370365143 -15.8576289045195 406.845821113161 69387333.2368603
-0.132900000000001 0.00185655346382895 -0.000637916589976296 -15.8618539380786 406.798906235265 69389019.8158373
-0.133000000000001 -0.00379618104602563 0.000964656382695444 -15.8699456347577 406.75199135737 69388183.2093609
-0.133100000000001 -9.5177772189623e-05 0.000267656759154465 -15.8747554299292 406.705076479474 69389841.2320728
-0.1332 0.00119788851393245 -0.00211725365464496 -15.8825333931192 406.658161601578 69389973.0238918
-0.133300000000001 -0.000907856922670777 0.000944124447464348 -15.8868504494018 406.611246723682 69391173.1096943
-0.133400000000001 -0.00141311995719203 0.00145285567984855 -15.8931967738763 406.564331845786 69392188.0678505
-0.133500000000001 -9.63120263228348e-05 -0.00061925798764179 -15.8989452804727 406.51741696789 69393007.4425579
-0.133600000000001 0.00171367095664136 -0.00172400147440725 -15.9052108736141 406.470502089994 69393849.2095116
-0.133700000000001 -0.0020401072139399 0.000691152169396425 -15.9120779363448 406.423587212098 69394084.5951334
-0.133800000000001 -0.00146516874982329 0.000648790455989091 -15.9169988212691 406.376672334202 69394939.3758939
-0.1339 0.000775008362759487 -0.00171328352930935 -15.9241147208559 406.329757456307 69395514.9768092
-0.134000000000001 0.000253101655134462 0.000573857961352643 -15.9290108477203 406.282842578411 69397251.3510537
-0.1341 -0.00258038426699432 0.00130748386792653 -15.9351800160381 406.235927700515 69397782.6962044
-0.134200000000001 0.000509516836188504 -0.00105252484304764 -15.9410452653513 406.189012822619 69398813.8699479
-0.134300000000001 9.01714202657017e-05 -0.000750544058336931 -15.9478495847234 406.142097944723 69399316.6722243
-0.134400000000001 -0.0014163995560047 0.00101085024676127 -15.9533544091476 406.095183066827 69400154.5986469
-0.134500000000001 -0.000610029533139665 0.000129504959279863 -15.9598354257435 406.048268188931 69400831.8646149
-0.1346 0.00112459961928809 -0.000605574875444838 -15.9642962743077 406.001353311035 69402417.9275702
-0.134700000000001 -0.000959963337648181 0.000304358011332334 -15.9706394035046 405.954438433139 69402851.2733938
-0.1348 -3.60976551170282e-05 -0.000490942718339238 -15.9762485701032 405.907523555244 69403822.378448
-0.134900000000001 0.00102772672653329 -0.00137654643692104 -15.9821454511331 405.860608677348 69404707.8018022
-0.135000000000001 -0.000634930914203389 0.00108537192357898 -15.9882741731372 405.813693799452 69405350.9753165
-0.135100000000001 -0.00058480766805549 0.000758603010342353 -15.9947419601481 405.766778921556 69406247.1838199
-0.135200000000001 0.000345316074851932 -0.00139999710643338 -15.9996797177112 405.71986404366 69407229.0055623
-0.135300000000001 -6.39632373847026e-05 7.4008661744638e-05 -16.0049128573736 405.672949165764 69408518.265239
-0.135400000000001 -0.0013291551952844 -6.92128351162608e-05 -16.0111788648842 405.626034287868 69408917.5281908
-0.1355 0.00145100403242454 -0.000668938938083063 -16.0165213389482 405.579119409972 69410326.6159862
-0.135600000000001 -0.00102588368660528 -0.000168404126204894 -16.0235046065089 405.532204532076 69410328.6968162
-0.1357 -0.000109035808933761 7.69383497994552e-05 -16.028007628709 405.485289654181 69411631.0804396
-0.135800000000001 -2.2351383668579e-05 -0.00123433918991081 -16.0341581720508 405.438374776285 69412398.8529569
-0.135900000000001 -0.000939229097115842 0.00031047552537162 -16.039173643628 405.391459898389 69413613.9497063
-0.136000000000001 -0.00092351247628225 0.000490814252992806 -16.0457185554805 405.344545020493 69414512.7091443
-0.136100000000001 0.00140700447820914 -0.00042676498025384 -16.0506738523435 405.297630142597 69415828.7693187
-0.1362 -0.0010574681024874 0.000453792044666805 -16.0564224183734 405.250715264701 69416407.8354962
-0.136300000000001 0.000218870809696692 -0.00083751468399309 -16.0618799991875 405.203800386805 69417360.541957
-0.1364 -0.000201438655460634 -0.00110418262534095 -16.0672250797969 405.156885508909 69418314.0322918
-0.136500000000001 -0.000194212877857305 0.000373451756484638 -16.0732072120686 405.109970631013 69419376.535608
-0.136600000000001 0.000717487213445358 -0.000171364996501205 -16.0783916267203 405.063055753117 69420623.105281
-0.136700000000001 -0.000629498687139045 5.75617177510931e-05 -16.083519647371 405.016140875222 69421293.1035877
-0.136800000000001 3.1545817143458e-05 -0.000998858906055834 -16.0906270384179 404.969225997326 69421607.2801395
-0.1369 -0.000843015165735559 0.000810431165955878 -16.0944277118334 404.92231111943 69423059.9246783
-0.137000000000001 0.00125214604993277 -0.00153730863168325 -16.0999223303984 404.875396241534 69424037.0232673
-0.1371 -0.00103355581486958 -0.000225830052434391 -16.1066300414722 404.828481363638 69424738.705054
-0.137200000000001 -0.000981317888214851 0.000880908724389005 -16.1101288934352 404.781566485742 69426213.3442452
-0.1373 0.00117308798346291 -0.00096228055371072 -16.1166903419587 404.734651607846 69427161.0555663
-0.137400000000001 0.000197652441648535 -0.00018063861625165 -16.12226481082 404.68773672995 69428171.0116301
-0.137500000000001 -0.00100451633250217 0.000622771169117233 -16.1276715096109 404.640821852054 69429040.0034417
-0.1376 0.000554186312057722 -0.000331091054147512 -16.1319633613846 404.593906974159 69430462.8600107
-0.137700000000001 -0.000714343839829493 2.29207317095196e-05 -16.1392331638207 404.546992096263 69430557.5893017
-0.137800000000001 0.000757731263474362 -0.000315009745398302 -16.1431778402184 404.500077218367 69431697.2395638
-0.137900000000001 -0.000621270543046452 -2.03520281777033e-05 -16.1497336325699 404.453162340471 69432440.7901568
-0.138 -0.000701874736339822 0.000522451634526009 -16.1543101705446 404.406247462575 69433965.3853226
-0.138100000000001 0.00130624527311025 -0.000642173700218423 -16.1581080439791 404.359332584679 69435252.7569349
-0.1382 -0.00166757803666501 -0.00013486111841253 -16.1661388955623 404.312417706783 69435260.0715418
-0.138300000000001 0.000454914161545618 0.00133618759771463 -16.1685293393673 404.265502828887 69437687.0937037
-0.138400000000001 0.000283514660593262 -0.00188000023097085 -16.1759737257202 404.218587950991 69437612.0205897
-0.138500000000001 0.000529939679543759 -0.000210403107871895 -16.1802336518247 404.171673073096 69439492.8628588
-0.138600000000001 -0.00265342779298562 0.000455804075860466 -16.1856825949687 404.1247581952 69439957.0176504
-0.1387 -0.000188223065433416 -0.00118486278375601 -16.1908881028235 404.077843317304 69440865.4064911
-0.138800000000001 0.000826769833108077 -0.00145784350583987 -16.1959680590071 404.030928439408 69441631.0171635
-0.138900000000001 -0.00142233158109804 0.00135039274956555 -16.2011661682199 403.984013561512 69442971.2812047
-0.139000000000001 1.52757570820675e-06 0.000189449763882892 -16.2058631062432 403.937098683616 69444329.8035531
-0.139100000000001 0.000245501209167735 -0.00103495551334122 -16.2109719494688 403.89018380572 69445118.3820956
-0.139200000000001 0.000273113859073462 -0.000908076955446389 -16.2173260614776 403.843268927824 69446195.6325139
-0.139300000000001 -0.00140674187514552 0.000749734549142428 -16.2214125427003 403.796354049928 69447299.7905998
-0.1394 -0.00154106471836289 0.00076331013527058 -16.2266150195112 403.749439172033 69448455.8132528
-0.139500000000001 0.000338151686027088 -0.00108767664739146 -16.2306656695266 403.702524294137 69449782.0090877
-0.1396 0.000484771089799822 -0.000336393084851254 -16.2361244798311 403.655609416241 69450926.77691
-0.139700000000001 -0.0010327374377586 0.000674529480274847 -16.241349445965 403.608694538345 69451520.6957756
-0.1398 -0.00063716100356497 0.000238730730456563 -16.2468941297575 403.561779660449 69452262.270417
-0.139900000000001 0.00091332382126239 -0.000587085939230366 -16.2517408203536 403.514864782553 69453689.0787603
-0.140000000000001 0.000699180358740493 -0.00119185842529747 -16.2569658429988 403.467949904657 69454635.0911914
-0.140100000000001 -0.0026834576897237 0.00249979442608785 -16.261063950606 403.421035026761 69455979.8428897
-0.140200000000001 0.00127122223031859 -0.00305584693129165 -16.2647651972224 403.374120148865 69457124.5658744
-0.1403 0.000266350318449992 -0.000853320021360439 -16.2701901485538 403.32720527097 69458433.6430355
-0.140400000000001 -0.00238543931350513 0.00114092262412975 -16.2765006783261 403.280290393074 69459295.6553188
-0.140500000000001 0.00104400615723508 -0.000107102991548939 -16.2795601419879 403.233375515178 69461245.2811624
-0.140600000000001 -0.00071387035950891 -0.00176947285697487 -16.2854555595055 403.186460637282 69461490.7651505
-0.140700000000001 0.000384323771678142 -0.000914917580093414 -16.2897153415874 403.139545759386 69462736.9571186
-0.140800000000001 -0.00218877147900921 0.000939388793717979 -16.2960131452213 403.09263088149 69463372.0553049
-0.140900000000001 0.000375164320835723 0.00032604067415591 -16.2996978866248 403.045716003594 69465182.4466099
-0.141 5.94419945715039e-05 -0.00158166808978915 -16.3054573153642 402.998801125698 69465639.305445
-0.141100000000001 -0.000238506984342251 -0.000378711736883559 -16.30925501223 402.951886247802 69467413.2324681
-0.1412 -6.72129048520564e-05 0.000365055031124228 -16.314043865177 402.904971369907 69468438.5089857
-0.141300000000001 -0.000691889122709427 -2.13728183202995e-05 -16.3181727287472 402.858056492011 69469441.6080813
-0.141400000000001 0.00078663402109382 -0.000675796396749025 -16.3225307221031 402.811141614115 69470763.1404244
-0.141500000000001 -0.00119696042598196 -0.000503625632814642 -16.3285937327026 402.764226736219 69471079.2506035
-0.141600000000001 0.00244131320178182 0.000554653295126818 -16.3309615404308 402.717311858323 69473858.8816898
-0.1417 -0.00240503393593152 -0.000410769459814798 -16.33849463546 402.670396980427 69473492.316354
-0.141800000000001 0.000612553956563782 0.000816683977326144 -16.3399180653538 402.623482102531 69476110.4999849
-0.1419 -0.0002047929313785 -0.00194136531085251 -16.3468582656484 402.576567224635 69476013.9451204
-0.142000000000001 0.000839123961924831 0.00094374074542353 -16.348498949383 402.529652346739 69478598.4585236
-0.142100000000001 -0.00246019484760339 -0.000382029090007909 -16.3556831050705 402.482737468843 69478576.3902154
-0.142200000000001 0.000674664875444976 -0.000467900065347132 -16.3581703751159 402.435822590948 69480817.2503508
-0.142300000000001 0.000173650482569113 -0.00134652155725739 -16.3645218266122 402.388907713052 69481227.2826572
-0.1424 -0.00136069455931493 0.000326748011652008 -16.3681533743677 402.341992835156 69482443.3457874
-0.142500000000001 -0.000188271960889643 0.000498174919252323 -16.3725448381549 402.29507795726 69483833.3697831
-0.1426 2.91282040909302e-05 -0.00277563272824871 -16.3782944221353 402.248163079364 69484461.996667
-0.142700000000001 6.82569105105669e-05 0.00177187414020091 -16.3805462239194 402.201248201468 69487057.2793907
-0.1428 -0.00272745368884112 -0.000334315175928806 -16.3871439566849 402.154333323572 69486806.5761718
-0.142900000000001 0.00207015384264427 -0.00063976571415567 -16.3895398953523 402.107418445676 69489354.3824836
-0.143000000000001 -0.00172249383166877 -0.0020949115915355 -16.3962308828072 402.06050356778 69489184.2349885
-0.143100000000001 0.000550206022343167 0.000562867222482146 -16.3981059169623 402.013588689885 69491922.4979865
-0.143200000000001 -0.00225121888084242 3.52054255894779e-05 -16.4035577328986 401.966673811989 69492132.2993492
-0.1433 0.00168871970129798 0.000438317722448083 -16.405025820013 401.919758934093 69495109.0798237
-0.143400000000001 -0.00115270089958865 -0.00158862189087934 -16.412086579931 401.872844056197 69494302.028595
-0.1435 0.000214358849317066 0.000583825476584199 -16.4159414799892 401.825929178301 69496207.8965625
-0.143600000000001 -0.00195506506036738 0.000490387041032719 -16.4204076467007 401.779014300405 69497022.4286133
-0.143700000000001 0.000706141531396077 -0.000420500810295339 -16.4224113626801 401.732099422509 69499004.0001598
-0.143800000000001 0.000787444648894147 -0.00136430248950631 -16.4276169701682 401.685184544613 69500122.0645902
-0.143900000000001 -0.00130831330064885 0.000305050007309176 -16.431093991278 401.638269666717 69501642.7782602
-0.144 -0.000488742090813883 -0.000474816494927823 -16.4353656435523 401.591354788822 69503015.2801741
-0.144100000000001 0.000663138311505898 -0.00202122250957254 -16.4394883496642 401.544439910926 69504190.0866097
-0.1442 -0.000954832319463343 0.000876335457136227 -16.4428330153857 401.49752503303 69506128.7026088
-0.144300000000001 -0.00101336885064248 0.000732011895763396 -16.4479396129624 401.450610155134 69507279.6612391
-0.1444 -0.000206247416432556 -0.000871294799936593 -16.4516473196603 401.403695277238 69508170.4063498
-0.144500000000001 7.1906936665242e-05 -0.00119552601392733 -16.455478475398 401.356780399342 69509100.8416684
-0.144600000000001 -0.000590889453975996 0.00187468138797126 -16.4587119900808 401.309865521446 69511091.8521191
-0.1447 -0.00155477007394467 -0.000997882717952736 -16.4640611843028 401.26295064355 69511748.0066073
-0.144800000000001 0.00151674496479279 -0.000569215628895405 -16.4657514584611 401.216035765654 69514224.8652943
-0.144900000000001 -0.000321859207541062 -0.00168758396984949 -16.4715081599403 401.169120887759 69514520.5708296
-0.145000000000001 -0.000765062739664963 0.00231297346830206 -16.4733544203238 401.122206009863 69516841.7579361
-0.1451 -0.000803050138812467 -6.75670905014861e-05 -16.4779037562028 401.075291131967 69517549.5543085
-0.145200000000001 0.00121461249098953 -0.00211955725367906 -16.4819722456863 401.028376254071 69519171.3779602
-0.145300000000001 -0.00174358416765894 0.000402578428560805 -16.4856294953226 400.981461376175 69520591.7474914
-0.145400000000001 -0.000755043783841074 0.000530918350752544 -16.4882258541804 400.934546498279 69522308.7756467
-0.145500000000001 0.000124483024423344 -0.000399124055017307 -16.4913294108043 400.887631620383 69523543.1450742
-0.145600000000001 0.000834624703443182 -0.00132755789964367 -16.4954301740896 400.840716742487 69524634.6174808
-0.145700000000001 -0.000466508996544449 -0.000254811521253923 -16.499898251402 400.793801864591 69525956.0240522
-0.1458 -0.000248522265935822 -9.98523380930784e-05 -16.5018381771769 400.746886986696 69527952.2994857
-0.145900000000001 -0.00203928550663062 0.00145461039675572 -16.5058782770427 400.6999721088 69529128.7554572
-0.146 0.00161568522375511 -0.00192793570648094 -16.5085256079595 400.653057230904 69530602.2759806
-0.146100000000001 -0.00050869445991533 0.000423623563256326 -16.5131476407925 400.606142353008 69531782.8644495
-0.146200000000001 -0.000921281735962273 0.000194391555488561 -16.5176759260586 400.559227475112 69533187.5590217
-0.146300000000001 -0.00123273866387354 0.000251789892577464 -16.5196445474924 400.512312597216 69535091.5623196
-0.146400000000001 0.000910750051154872 -0.0021870614366236 -16.5224500952817 400.46539771932 69536534.882812
-0.1465 -0.000478776516714196 -0.000173830929431217 -16.5255141368011 400.418482841424 69538101.9383669
-0.146600000000001 -0.000448002192665569 0.000320916381651151 -16.528334239659 400.371567963528 69539630.5649644
-0.1467 -0.000471617736603269 0.000564488249625556 -16.532089800953 400.324653085633 69540550.7987461
-0.146800000000001 0.0015042301626776 -0.00246622797397308 -16.5351174812474 400.277738207737 69541921.4743144
-0.146900000000001 0.000321941030119062 0.000533664468974697 -16.5386859561781 400.230823329841 69544027.9154803
-0.147000000000001 -0.00336821300020278 0.0014231092623651 -16.5437406337728 400.183908451945 69544698.1714945
-0.147100000000001 0.0015283401021888 -0.000350523814401657 -16.5444806553416 400.136993574049 69547386.6416483
-0.1472 0.000429542442930415 -0.00258076673918874 -16.5490772992 400.090078696153 69548081.0875864
-0.147300000000001 -0.00124958741639441 0.00151139169722198 -16.5492614716343 400.043163818257 69550617.5458547
-0.1474 -0.00123451154160049 -0.000629395753415594 -16.5541300341595 399.996248940361 69551593.2795911
-0.147500000000001 0.00144273451192995 -0.000325128569137979 -16.5553346016357 399.949334062465 69554116.7653141
-0.1476 0.000133338276575831 -0.00131452314889586 -16.5594437567528 399.90241918457 69554745.1575311
-0.147700000000001 -0.00116954648302415 0.00141036245269461 -16.5617161821232 399.855504306674 69556370.7034603
-0.147800000000001 -0.000497042484569185 -0.000819526502802466 -16.5653045003448 399.808589428778 69557553.6162122
-0.147900000000001 -0.00022484241999051 -0.00031320687382724 -16.5651162943857 399.761674550882 69560139.560095
-0.148000000000001 -4.25040889317881e-05 -0.00135938270887887 -16.5689314903382 399.714759672986 69561233.1814987
-0.1481 -0.000325631744496399 0.000165349546289969 -16.5713033456148 399.66784479509 69563353.0845933
-0.148200000000001 -0.000654120650454707 -0.000807225139314815 -16.5753636424405 399.620929917194 69564432.2425917
-0.148300000000001 0.000806361354211736 -0.00128075525038093 -16.5737874840599 399.574015039298 69567207.632375
-0.148400000000001 -0.000284212831349983 -0.000781843115090737 -16.5775773507337 399.527100161402 69568387.3896185
-0.148500000000001 0.000243442642126733 -4.15828083186804e-05 -16.5811349462606 399.480185283507 69570130.5744153
-0.148600000000001 0.000583472066929546 -0.00106083444414791 -16.5812468581405 399.433270405611 69572014.7152057
-0.148700000000001 -0.00138611385065695 -0.000123581726501716 -16.583816826875 399.386355527715 69573108.5715932
-0.1488 -0.00138719257408134 0.00194527376993067 -16.5875775460903 399.339440649819 69575083.5017727
-0.148900000000001 -8.75114674767498e-05 -0.00180466263746382 -16.5898498866753 399.292525771923 69576344.35607
-0.149 0.00209642083419878 -0.00166713972458932 -16.5913736976485 399.245610894027 69578557.3590281
-0.149100000000001 -0.00189463672907567 7.82170947723631e-05 -16.593378683457 399.198696016131 69579941.7428387
-0.1492 2.19966798111017e-05 0.0011438443012567 -16.5939149603332 399.151781138235 69582726.8748092
-0.149300000000001 -0.000675950681047715 -0.00142727833244411 -16.5998848115815 399.104866260339 69583278.2018696
-0.149400000000001 0.00246288253379113 -0.000946140983284964 -16.5994190668653 399.057951382443 69585951.7012779
-0.1495 -0.00367357126747017 -0.000333333579943969 -16.6047079118188 399.011036504548 69586053.2624478
-0.149600000000001 0.00106921302554033 0.00116117882930896 -16.6006202319511 398.964121626652 69590311.7697533
-0.1497 -0.0011467853449127 -0.00183852358838522 -16.6052494147193 398.917206748756 69590483.5655318
-0.149800000000001 1.44662892005421e-05 0.000467246374439059 -16.604575761211 398.87029187086 69593671.8927292
-0.149900000000001 -0.000662230281311762 -0.00199568390910978 -16.607226028004 398.823376992964 69594685.9654832
-0.150000000000001 -0.00048158769978098 -0.00042193537482838 -16.60828601226 398.776462115068 69596848.7188972
-0.1501 -0.00184586012130249 0.000647561093561115 -16.6103049209179 398.729547237172 69598794.5856577
-0.1502 0.00043694614216152 -7.71830638993928e-05 -16.6113218101548 398.682632359276 69601037.9141698
-0.150300000000001 0.000254164491499155 -0.000961235253069191 -16.614849306153 398.63571748138 69602387.5797824
-0.1504 -0.00199844133019283 -0.000908974503158884 -16.6148886431171 398.588802603485 69603870.1201311
-0.150500000000001 -0.000615379036881122 0.00115588487385999 -16.6134726838435 398.541887725589 69606760.3116367
-0.1506 -0.000378848548584944 -0.00104068227912759 -16.614289723978 398.494972847693 69608556.3615913
-0.150700000000001 0.000633070123086583 -0.00148652416185366 -16.6155814794219 398.448057969797 69610833.3745244
-0.150800000000001 -0.00062661100132135 0.00043748929423329 -16.6171508518755 398.401143091901 69612765.0267702
-0.150900000000001 0.00026349075204698 -0.000468116059600134 -16.6172132913576 398.354228214005 69614911.1900352
-0.151000000000001 -0.00192886577466261 -0.000381970563298434 -16.6167030443773 398.307313336109 69616854.4120217
-0.1511 0.00102952604565248 -0.000151875443415743 -16.6171159902556 398.260398458213 69619893.887804
-0.151200000000001 -0.00133543200225727 -0.00231030976257984 -16.6174824949659 398.213483580317 69620866.0890474
-0.1513 0.000102894942888878 0.00193776387754149 -16.6158957388146 398.166568702422 69624926.8224334
-0.151400000000001 -0.00346218000655298 -0.000696556046626478 -16.617105254197 398.119653824526 69625115.8690128
-0.1515 0.00248497334394515 -0.000453949441611474 -16.616345951168 398.07273894663 69628698.1161696
-0.151600000000001 -0.0011707244323372 -0.00232248446384074 -16.6212733201023 398.025824068734 69628471.181301
-0.1517 -0.00109373489537741 0.0016668213452151 -16.6165865200039 397.978909190838 69632715.4448112
-0.1518 3.45185857277905e-05 -0.00197444994913213 -16.6186931898004 397.931994312942 69634168.7335319
-0.151900000000001 0.000540920838713682 -0.000690382107895413 -16.6145048858955 397.885079435046 69637442.1363216
-0.152 -0.000457905882603202 -6.3195872417479e-05 -16.6137338122085 397.83816455715 69639992.1236896
-0.152100000000001 -0.000490806746405 -0.00183102395152849 -16.6138778762994 397.791249679254 69641874.1087395
-0.1522 0.00013137871663711 0.00101629140321769 -16.6100815107929 397.744334801359 69645486.0153272
-0.152300000000001 -0.000277118521768465 -0.00316158756386231 -16.6119185416866 397.697419923463 69646229.5608183
-0.152400000000001 7.43752996449022e-05 0.00231984389802119 -16.6063503341368 397.650505045567 69651122.6149913
-0.1525 -0.00189656604525788 -0.00192136062801264 -16.6101240741828 397.603590167671 69651386.7176198
-0.152600000000001 0.000801636651031489 0.000794520739456019 -16.6005838314038 397.556675289775 69656514.990433
-0.152700000000001 -0.00102841298537804 -0.00186596461799911 -16.6003482016764 397.509760411879 69657694.0964063
-0.152800000000001 -0.000194040949199699 -0.000435527460660348 -16.6003270628321 397.462845533983 69660393.9412792
-0.1529 -0.000102052538051058 0.000328051650909428 -16.595803104699 397.415930656087 69663940.3113979
-0.153000000000001 -0.000205192650505645 -0.00135384626208386 -16.5931257763221 397.369015778191 69666140.8617506
-0.1531 -0.00133179655482825 0.000426658604481706 -16.5906227443872 397.322100900296 69669062.1844471
-0.153200000000001 -0.000791694595919035 0.000173304792983434 -16.5863200891657 397.2751860224 69672301.440291
-0.153300000000001 -0.000362006674650638 -0.00115063290922015 -16.5812469560806 397.228271144504 69675734.2614334
-0.153400000000001 -0.000578318023308615 0.000200389160358619 -16.5772558491288 397.181356266608 69678815.6433506
-0.153500000000001 -3.45768725175817e-05 -0.00162262675623447 -16.5717363355887 397.134441388712 69681883.4957503
-0.1536 0.00126910400323074 7.02281246729841e-05 -16.5640800192101 397.087526510816 69686616.8306422
-0.153700000000001 -0.00236720177862349 0.000603743991308723 -16.5609302445466 397.04061163292 69688683.9455753
-0.1538 -0.00227019105818761 0.000618038602645372 -16.5544322457914 396.993696755024 69692185.3920735
-0.153900000000001 0.0007868072068772 -0.00407005186215711 -16.5466757901578 396.946781877128 69695924.4901437
-0.154000000000001 0.00116307282696809 0.000840808539155784 -16.5375873626343 396.899866999233 69701006.8628282
-0.154100000000001 -0.00517117166542013 0.00127286412159649 -16.5322712660013 396.852952121337 69703254.38882
-0.154200000000001 0.00110026720266856 -0.000675395404012085 -16.5201332721302 396.806037243441 69708980.7123433
-0.1543 0.00123827499993901 -0.00358735670499667 -16.5115584751834 396.759122365545 69712496.0387874
-0.154400000000001 -0.00230818776428477 -0.000575118219876633 -16.4998018012446 396.712207487649 69717193.6345118
-0.1545 -0.00149607349441315 0.00134506068319614 -16.4842106672213 396.665292609753 69723615.9998566
-0.154600000000001 -0.000312729062891652 -0.00284141023589326 -16.4691762654654 396.618377731857 69728422.7727258
-0.1547 -0.000157162288877535 -0.0015208353550412 -16.4491384637638 396.571462853961 69734726.7362586
-0.154800000000001 -0.000818177791190944 -0.00115333612926915 -16.428868745639 396.524547976065 69740993.5319763
-0.154900000000001 -0.00247530730554637 0.000287382476194804 -16.4038829672265 396.47763309817 69748431.4916446
-0.155 0.000273229908751707 -0.00110977922065043 -16.3729286214626 396.430718220274 69757241.6434164
-0.155100000000001 -0.000316432249270192 -0.00258238330953082 -16.3455748420443 396.383803342378 69765012.1367642
-0.1552 -0.00141569264856511 0.000218118142797253 -16.3061285523944 396.336888464482 69775506.0316986
-0.155300000000001 -0.00215250359822212 -0.000877192652098475 -16.2608364648869 396.289973586586 69786903.4526117
-0.1554 -0.00157744058272451 -0.00398495569247907 -16.2137481545038 396.24305870869 69798416.8434589
-0.155500000000001 -0.0013584870137561 -0.00131003850810424 -16.1560151162885 396.196143830794 69813190.9675735
-0.155600000000001 -0.00313425297040789 -0.00350434887133247 -16.0900320635091 396.149228952898 69828299.7808494
-0.155700000000001 -0.00362554462834844 -0.00208857094219938 -16.0147702786856 396.102314075002 69846116.2072231
-0.155800000000001 -0.00373672458668519 -0.00747624212258208 -15.9255572808038 396.055399197107 69865361.6893544
-0.1559 -0.00476128250816303 -0.00414028582366103 -15.8239640774923 396.008484319211 69888499.2438712
-0.156000000000001 -0.00536904646369114 -0.00727031580408796 -15.7089755198343 395.961569441315 69913027.5255631
-0.1561 -0.00652045164813246 -0.00611312142471072 -15.5753440230495 395.914654563419 69941508.075339
-0.156200000000001 -0.0077833599492072 -0.0108081575932039 -15.4224513097104 395.867739685523 69972835.6053451
-0.1563 -0.00703121615955261 -0.00925006401110197 -15.2519165422217 395.820824807627 70008102.534276
-0.156400000000001 -0.0115860998677407 -0.011322327377366 -15.0564013812491 395.773909929731 70045649.1014298
-0.156500000000001 -0.0132297804393232 -0.0124321374136121 -14.8365587000709 395.726995051835 70087469.0808677
-0.1566 -0.0166751909559323 -0.0167106226778344 -14.5901027124251 395.680080173939 70132490.2261963
-0.156700000000001 -0.0151384834693041 -0.0203521136461201 -14.3105185956265 395.633165296044 70182414.3720634
-0.1568 -0.0179768086291069 -0.0193937848445521 -14.0092567463475 395.586250418148 70234247.076722
-0.156900000000001 -0.019284589596694 -0.0233810268883917 -13.6770217157378 395.539335540252 70287864.0760669
-0.157 -0.0225851002578579 -0.0257470250429644 -13.3106228096968 395.492420662356 70344797.1889416
-0.157100000000001 -0.0214168468188061 -0.0271362748554478 -12.9149399552736 395.44550578446 70403917.5743449
-0.157200000000001 -0.0182055598087359 -0.0319570114890376 -12.4919036124437 395.398590906564 70463213.6110583
-0.1573 -0.0254495204087236 -0.0298294044251861 -12.0446416063786 395.351676028668 70521510.0647788
-0.157400000000001 -0.0258389793373645 -0.0303331574110699 -11.5673255209124 395.304761150772 70582696.7361269
-0.1575 -0.0227145833869495 -0.0340743790757726 -11.0705517119539 395.257846272876 70643339.2666976
-0.157600000000001 -0.0203156405472881 -0.0356229816761204 -10.5613475821767 395.21093139498 70702036.2352084
-0.1577 -0.0249873614771012 -0.0306056021893461 -10.0395868653545 395.164016517085 70760485.8670169
-0.157800000000001 -0.0194195554386796 -0.0322943900625412 -9.51849174527988 395.117101639189 70816863.0822525
-0.1579 -0.0181330410323926 -0.0313148294101529 -9.00226388767408 395.070186761293 70869849.0717922
-0.158000000000001 -0.0145751565524649 -0.0283410436361005 -8.49843552842096 395.023271883397 70920555.5549358
-0.158100000000001 -0.0163186743947443 -0.0268726894333384 -8.0073757755904 394.976357005501 70966814.7879267
-0.1582 -0.0130522646420157 -0.0255546721088792 -7.54144610224852 394.929442127605 71010136.9215084
-0.158300000000001 -0.00930075350017129 -0.0201578037722652 -7.10339730549494 394.882527249709 71049119.3314568
-0.1584 -0.00899035577495461 -0.0153941013351571 -6.69642433991918 394.835612371813 71082832.0118058
-0.158500000000001 -0.0086349421528758 -0.0162076120789446 -6.31998085212796 394.788697493917 71112026.1508919
-0.1586 -0.00241282383173505 -0.0129943652088555 -5.9718613634738 394.741782616022 71139424.2731148
-0.158700000000001 -0.00573500115514982 -0.0133833696869826 -5.66217723630359 394.694867738126 71158870.1387681
-0.158800000000001 -8.61772312241711e-05 -0.00966892381289468 -5.37607355166589 394.64795286023 71178378.5624795
-0.158900000000001 0.00210807837526323 -0.00947023797435239 -5.1247531031022 394.601037982334 71192380.8868661
-0.159000000000001 -0.00257293716839841 -0.00827741767429491 -4.89568086983507 394.554123104438 71203427.3659219
-0.1591 -0.000848733160321078 -0.00753622407920803 -4.69253431384065 394.507208226542 71212226.2507203
-0.159200000000001 -0.000593864632355054 -0.00275608645375656 -4.5169720658471 394.460293348646 71218325.7287046
-0.1593 0.00114774028590014 -0.00628516417432926 -4.35923199496661 394.41337847075 71222854.5879444
-0.159400000000001 0.000457561082215755 -0.00237255104708232 -4.22053592219866 394.366463592854 71226413.1724574
-0.1595 0.000285513627971364 -0.00432603562680516 -4.09984737271467 394.319548714959 71227461.316497
-0.159600000000001 -0.000959286742386768 -0.00265751678468591 -3.99067308723706 394.272633837063 71229479.1356517
-0.159700000000001 -0.000589101122160946 -0.00185623473234573 -3.89586309505225 394.225718959167 71230790.4010878
-0.1598 -0.00109058969303054 -0.00327221840737929 -3.81069914028888 394.178804081271 71232082.2476948
-0.159900000000001 -0.0003518789140523 -0.00391853290783381 -3.73580797775911 394.131889203375 71233282.3510171
-0.16 -0.000788961896926097 -0.00214634343191221 -3.66990463511113 394.084974325479 71235579.5437706
-0.160100000000001 -0.00198383133734306 -0.00174340849710754 -3.60989272534514 394.038059447583 71238195.8691596
-0.160200000000001 0.000940253679120893 -0.00499921053818037 -3.55468412114861 393.991144569687 71242147.9171419
-0.160300000000001 -0.0017485617064193 -0.000719789561942638 -3.50403757441173 393.944229691791 71246643.8008464
-0.160400000000001 -0.00122136601528992 -0.00152819139517557 -3.4609183833497 393.897314813896 71249367.4298397
-0.160500000000001 0.000459181016774423 -0.00269000559554981 -3.41961406507608 393.850399936 71251412.5004659
-0.160600000000001 0.000680107417828447 -0.000737379856449113 -3.37686833208345 393.803485058104 71254714.134214
-0.1607 -0.00423221346558493 -0.0037912896690043 -3.33962873825174 393.756570180208 71255130.8125133
-0.160800000000001 0.0023525359004825 0.000551521070104481 -3.3006438620685 393.709655302312 71260003.450293
-0.1609 0.00046964302659598 -0.00226318576265047 -3.27123159576218 393.662740424416 71259629.8129455
-0.161000000000001 -0.00438370675359528 -0.000760089979226883 -3.24361163543954 393.61582554652 71260119.2417277
-0.161100000000001 0.00203518247136972 -0.00245444787610735 -3.21063983676375 393.568910668624 71263217.7093084
-0.161200000000001 -0.00250832618533886 0.000152562366239322 -3.18621055656677 393.521995790728 71263199.1103115
-0.161300000000001 -0.00161896442463264 0.000329132101713509 -3.16362803357559 393.475080912833 71263592.9127871
-0.1614 -0.000243573986887537 -0.00307360248553509 -3.1418999785025 393.428166034937 71263757.3536015
-0.161500000000001 -0.000677543045243287 0.000951137057994805 -3.12073978230939 393.381251157041 71264708.4185746
-0.1616 -0.000473623546636134 -0.00286630584308633 -3.10161716096981 393.334336279145 71263436.3071575
-0.161700000000001 -0.000269817958216043 -0.00197325586170472 -3.0798926730582 393.287421401249 71264897.6138422
-0.161800000000001 -0.00187264288574314 2.85626191361186e-05 -3.06592670228182 393.240506523353 71264905.4099468
-0.161900000000001 0.000426570756901238 -0.00189295018888326 -3.04657080009134 393.193591645457 71265020.9572325
-0.162000000000001 -0.000430239484845336 0.00040655327573979 -3.03412259489902 393.146676767561 71264327.2749437
-0.1621 -0.00226705852387674 0.00067963458842609 -3.0180393652734 393.099761889665 71264188.8564202
-0.162200000000001 0.00144231525118783 -0.0020204754503669 -3.00436940601957 393.05284701177 71264533.3343999
-0.1623 -0.00308592581812884 0.000796636876968926 -2.99518661909635 393.005932133874 71262606.4004477
-0.162400000000001 0.00015275131100699 -0.00239772226132952 -2.9833388449881 392.959017255978 71262361.5042369
-0.1625 0.00122639740320573 -0.00122124957851426 -2.97090967815083 392.912102378082 71263006.9202081
-0.162600000000001 -0.00254899936383393 0.00120547745631061 -2.96108729246091 392.865187500186 71261570.3697689
-0.162700000000001 0.000991200442725374 -0.00213043175629403 -2.95019850287035 392.81827262229 71261393.514839
-0.1628 -0.00159667281800179 9.43937654945265e-05 -2.94093263512437 392.771357744394 71260803.6202627
-0.162900000000001 0.000624328003955419 -0.000281641743725148 -2.93120662463976 392.724442866498 71260774.004022
-0.163 -0.000977038317308979 -0.00341033224177981 -2.92677761501732 392.677527988602 71257940.7721848
-0.163100000000001 -0.0010815648573109 0.00362112681399314 -2.90943023775355 392.630613110707 71261244.9415142
-0.1632 -0.00309429745762665 -0.00131376372125837 -2.90654376192643 392.583698232811 71258093.8570471
-0.163300000000001 0.00173431803496783 -0.00189378800962159 -2.89840467567447 392.536783354915 71257866.7636784
-0.1634 -0.000827495193281462 -0.000599279629824857 -2.89856569392047 392.489868477019 71255571.0158386
-0.163500000000001 -0.00105611567850878 -0.000676609173147831 -2.88858434452695 392.442953599123 71255495.7295768
-0.1636 4.57228045423263e-05 -0.00137468738835643 -2.88119402405923 392.396038721227 71254894.2567268
-0.1637 -0.000985570713169688 -0.00280548178726996 -2.87429914428349 392.349123843331 71253866.1889798
-0.163800000000001 -0.00215506248345059 0.00254880723649294 -2.86905490415832 392.302208965435 71254124.5964863
-0.1639 -0.000449171619966026 -0.0030655606423265 -2.86383794603686 392.255294087539 71252419.7864291
-0.164000000000001 -0.00136457463896736 -0.000445048033057869 -2.85838931089803 392.208379209644 71251697.8904184
-0.1641 0.00148023968904907 0.000161828770282913 -2.85457679646615 392.161464331748 71251314.6282349
-0.164200000000001 -0.0017634120851861 -0.00203787696158916 -2.85099091054301 392.114549453852 71249013.6964177
-0.164300000000001 0.000470045096355277 0.000951951320553348 -2.84829450005589 392.067634575956 71249267.8173291
-0.1644 -0.00132504707262621 -0.00184381563037031 -2.84575035812472 392.02071969806 71247121.2593034
-0.164500000000001 -0.000533958359050304 -0.000747670630546932 -2.8428833981644 391.973804820164 71246580.8937858
-0.1646 0.00101108031035747 -0.00142705736116318 -2.84087941086787 391.926889942268 71245129.8618997
-0.164700000000001 -0.00035490387076118 -0.00104528618506605 -2.84159277439822 391.879975064372 71243510.2503562
-0.1648 -0.000869175087493918 6.39350995284726e-05 -2.83831696639039 391.833060186476 71242584.6787091
-0.164900000000001 -0.000106214842611825 -0.0033075738445652 -2.83624590063495 391.786145308581 71241714.2620264
-0.165 0.000912893685781358 0.00113333226735792 -2.83492061651397 391.739230430685 71241441.4297168
-0.1651 -0.00147023988910113 -0.00152263070624668 -2.83619635458194 391.692315552789 71238187.6761079
-0.165200000000001 0.00170796870888016 0.000161556921112831 -2.82994374487282 391.645400674893 71238913.5012074
-0.165300000000001 -0.00240171717421605 0.00139371359052028 -2.83315122102471 391.598485796997 71235946.319904
-0.165400000000001 0.00245457900172337 -0.003477899463497 -2.83134335449006 391.551570919101 71235155.0090825
-0.1655 -0.00227411537842924 0.0017574822782333 -2.83269337330381 391.504656041205 71234164.9980396
-0.165600000000001 -0.00250867706925835 -0.000925135168742825 -2.83475391998768 391.457741163309 71231847.6057836
-0.1657 0.000441633374786691 -0.000800884404873586 -2.83176115994213 391.410826285413 71231792.4318219
-0.165800000000001 0.000359865663459422 -0.00149755241105109 -2.83512695850484 391.363911407517 71229221.9675219
-0.165900000000001 0.00100267254918328 -2.82010976096123e-05 -2.83278387132571 391.316996529622 71228825.3921762
-0.166000000000001 -0.00363155671795018 7.90614739300532e-05 -2.83441481232333 391.270081651726 71226446.6378291
-0.166100000000001 0.000809685424130946 -0.00117543102910709 -2.8330418323806 391.22316677383 71226081.4251212
-0.1662 -0.00187445373556603 -0.00165141389040292 -2.83692115109113 391.176251895934 71223835.6992217
-0.166300000000001 -0.000186277612513282 0.00200537571897312 -2.84032180669462 391.129337018038 71223154.9012207
-0.1664 -0.00229889127351501 -0.000978995997987643 -2.84274703180883 391.082422140142 71220106.1133804
-0.166500000000001 0.00331868935245822 -0.00178062110516711 -2.83799224358693 391.035507262246 71221300.1743525
-0.1666 -0.0027475438532086 -0.00200896523173905 -2.84434548018997 390.98859238435 71217202.0701216
-0.166700000000001 -0.00108186138860979 -0.000106518661374595 -2.84412281440109 390.941677506454 71217367.8111998
-0.166800000000001 0.00240025559790603 -0.000284793853675604 -2.84383863014857 390.894762628559 71216720.0036178
-0.1669 -0.00312938894211085 -0.00224269310742205 -2.84958139296363 390.847847750663 71213196.293949
-0.167000000000001 0.0012985968851502 0.00164957666232324 -2.85017863264872 390.800932872767 71213759.3976491
-0.1671 -0.00264719598102921 -0.001288505099145 -2.85294495572024 390.754017994871 71210536.3511188
-0.167200000000001 0.00312273772327042 -0.00145935924504167 -2.85220167549962 390.707103116975 71210666.1002083
-0.1673 -0.00330249335643469 7.19740439539246e-05 -2.85444458185242 390.660188239079 71208106.8057811
-0.167400000000001 0.000796232587807818 0.000225844419330555 -2.85711448210724 390.613273361183 71208055.4042546
-0.167500000000001 -0.000879500408188708 -0.003332584135443 -2.86277713279868 390.566358483287 71204576.2402482
-0.1676 0.000264166485942813 0.000903918425030847 -2.86201758032471 390.519443605391 71205350.3180786
-0.167700000000001 -0.00303636090665789 -0.000148016566566953 -2.86530829525042 390.472528727496 71202555.5309073
-0.1678 -4.97214815926839e-05 -0.000690852436529445 -2.86389334463586 390.4256138496 71202140.5429925
-0.167900000000001 -0.00157734673085149 0.00264524891916217 -2.8648087649889 390.378698971704 71201067.9385074
-0.168 -0.000810239504388982 -0.00207892975783123 -2.86808860168184 390.331784093808 71198611.7474173
-0.168100000000001 0.00177599621140685 -0.000870839184348667 -2.8712219867515 390.284869215912 71198083.8840948
-0.1682 -0.00433086099303964 0.000776458443490202 -2.87313543979897 390.237954338016 71196063.5973977
-0.168300000000001 0.00357652609402886 -0.0026867207751935 -2.87315804711251 390.19103946012 71196733.0754398
-0.168400000000001 -0.00160218007506277 -0.00145397292474766 -2.87714764828886 390.144124582224 71193464.6270234
-0.1685 0.000438550907660633 0.000906526639708472 -2.87670525298191 390.097209704328 71193660.5542226
-0.168600000000001 -0.0020059641976152 -0.00171971944007871 -2.87975497486359 390.050294826433 71190325.2475549
-0.1687 -0.00162921690234924 0.000851747993392956 -2.88137188580458 390.003379948537 71190555.4182316
-0.168800000000001 0.00101053289476221 -0.0017977803922778 -2.88488235477659 389.956465070641 71188704.6297024
-0.168900000000001 -0.00028230376761875 1.21455065808107e-05 -2.8866550921895 389.909550192745 71188133.6765459
-0.169000000000001 -0.00169489130805194 -0.00258275267654242 -2.89006876619428 389.862635314849 71185989.4076263
-0.169100000000001 0.00206063720343114 0.00136854114039887 -2.88983559653285 389.815720436953 71186312.1136058
-0.1692 -0.00218676545906539 -0.00232636207524902 -2.89623307450767 389.768805559057 71182489.1002374
-0.169300000000001 0.000841066437657835 0.000613014159619722 -2.89607695056078 389.721890681161 71183137.0621662
-0.1694 0.00048731881148304 -0.00369091014365953 -2.89978632228613 389.674975803265 71180476.9205608
-0.169500000000001 -0.000845571241840919 0.00314998864741032 -2.90306364653836 389.62806092537 71180595.532462
-0.1696 -0.00128223573219912 -0.00290399458349752 -2.90678726763123 389.581146047474 71177293.3458557
-0.169700000000001 0.0010113558955039 -0.000976806533006199 -2.91056095718508 389.534231169578 71177243.0825428
-0.1698 -0.00135211259616394 0.00035777535650094 -2.91602687349489 389.487316291682 71174722.7141449
-0.1699 0.00167643270174162 -0.000594171859830673 -2.91822544720546 389.440401413786 71174106.1793785
-0.170000000000001 -0.00320820757542328 0.000238029136525096 -2.92270303650827 389.39348653589 71171387.6444001
-0.1701 0.000621465205867645 -0.00110594926609948 -2.9240256605815 389.346571657994 71171725.7447186
-0.170200000000001 0.000921103770598121 -0.00322162692685522 -2.92733865046536 389.299656780098 71169861.9104582
-0.1703 -0.00321023752353709 0.00249454146501097 -2.93100676538043 389.252741902202 71169296.7871059
-0.170400000000001 -0.000435485110641123 -0.00146521654588484 -2.93509409848679 389.205827024307 71167238.439197
-0.1705 -0.000592942703097628 0.000694376894178169 -2.93696249485362 389.158912146411 71166543.159566
-0.170600000000001 -0.00152929955405795 4.29676053948368e-05 -2.94106113841645 389.111997268515 71164163.8741029
-0.170700000000001 2.93073007026848e-06 -0.00120530194831839 -2.9462438375341 389.065082390619 71163231.6889435
-0.1708 0.000311649769242893 -0.00133533044955769 -2.9470560123097 389.018167512723 71162808.1230045
-0.170900000000001 -0.000771388876059002 0.000319635816695592 -2.95191223523345 388.971252634827 71160956.7606436
-0.171 -0.00010190909113998 -0.000705800262014293 -2.95634937542198 388.924337756931 71159344.500923
-0.171100000000001 -0.00139447357083422 0.00121573838451359 -2.96438118173798 388.877422879035 71157103.2721529
-0.1712 0.000127941794662816 -0.00127041108416117 -2.96420436112977 388.830508001139 71156143.3511186
-0.171300000000001 -0.000209031004295392 -0.00210073449216323 -2.97160064358268 388.783593123244 71153789.7222552
-0.1714 0.000424182662558704 0.00221378146772889 -2.97576482149531 388.736678245348 71153636.2867995
-0.1715 -0.00215933870507131 -0.00209073653948574 -2.98013689721545 388.689763367452 71151288.6011298
-0.171600000000001 0.00207051193754973 0.000712058272983529 -2.98505593235063 388.642848489556 71150979.4651985
-0.1717 -0.00186628073471386 -0.00187247605824181 -2.99073035774816 388.59593361166 71147422.4896854
-0.171800000000001 7.22602491380803e-07 0.00155136929350574 -2.9934881276797 388.549018733764 71148010.1044586
-0.1719 -0.000667370072706105 -0.00250770292645545 -3.00027779237481 388.502103855868 71144817.4054051
-0.172000000000001 0.000828965360095364 0.000445118730708676 -3.00388282893695 388.455188977972 71144335.7626474
-0.172100000000001 -0.00225698886127605 -0.00171123452477039 -3.0107018759696 388.408274100076 71141997.2639346
-0.1722 0.00199222275243571 0.000129969605369019 -3.01390801526412 388.361359222181 71142004.8113656
-0.172300000000001 -0.00318528611648431 -0.000846648306972979 -3.017617476513 388.314444344285 71139397.0978587
-0.1724 0.00250559962013438 -0.000681335131827505 -3.01863051020094 388.267529466389 71139987.3880149
-0.172500000000001 -0.000996478789871238 -0.000815909046522721 -3.02501817514661 388.220614588493 71137434.5115231
-0.1726 -0.00251138711783347 0.00168728919962223 -3.02677941515048 388.173699710597 71136527.5483037
-0.172700000000001 0.000905942001602803 0.000110348887038773 -3.0321288708722 388.126784832701 71135392.9253653
-0.1728 0.000634067551904203 -0.00125619078459665 -3.03725910399146 388.079869954805 71133661.5593065
-0.1729 9.41782123545306e-05 8.28936891883079e-05 -3.04189285323248 388.032955076909 71132171.0399174
-0.173000000000001 -0.00295080256858179 0.000357220358914641 -3.04583273410569 387.986040199013 71130677.8294113
-0.173100000000001 0.00146608879359483 -5.44400387921328e-05 -3.04902143931647 387.939125321118 71130086.2344448
-0.173200000000001 -0.00172777252231463 -0.00220301042261323 -3.05434024930189 387.892210443222 71127947.7377406
-0.1733 0.000554689571325463 0.00207072524914051 -3.05801179873816 387.845295565326 71128037.7852027
-0.173400000000001 -0.00165399062583874 -0.00402886435349015 -3.06416160647619 387.79838068743 71124629.7859071
-0.1735 -0.00127939629316374 0.00156957114019918 -3.06596285120117 387.751465809534 71125084.3383396
-0.173600000000001 0.000389863665037802 -0.00203398495088739 -3.07092719749335 387.704550931638 71123337.1329975
-0.173700000000001 0.0011431013687756 -0.000687578215269805 -3.07434809351007 387.657636053742 71122262.2080926
-0.173800000000001 -0.00104473618508266 -0.000334667072086592 -3.0803672741326 387.610721175846 71120313.34399
-0.173900000000001 -0.00221361290082419 0.00117199677553714 -3.08393791601266 387.56380629795 71119098.5035958
-0.174 0.000382875782316822 -0.00188535429554306 -3.08917997715738 387.516891420054 71117535.2425934
-0.174100000000001 0.000833679650435588 -0.0015528106550744 -3.0931689608679 387.469976542159 71116835.0517542
-0.1742 5.67837109199516e-05 -0.000640956183117019 -3.09769909959184 387.423061664263 71115388.8543275
-0.174300000000001 -0.00316560493289462 0.00118999256347631 -3.10125949785286 387.376146786367 71113706.6647639
-0.1744 0.00162489871074619 -0.00128151860863444 -3.10503545081881 387.329231908471 71112848.9592979
-0.174500000000001 -0.000344552974340847 -0.00121434728418016 -3.10892339628562 387.282317030575 71111570.2447776
-0.1746 0.000891754286892352 -0.000829634007831728 -3.11229793252663 387.235402152679 71110531.8104351
-0.1747 -0.0039117561761712 0.00169946203201039 -3.11752251557001 387.188487274783 71108947.829986
-0.174800000000001 0.00339869649100549 -0.00225832816631585 -3.12128005841427 387.141572396887 71107849.5076486
-0.1749 -0.00188776156563019 -0.00233225055900813 -3.1279168769958 387.094657518991 71105739.4483849
-0.175000000000001 -0.000528432602483161 0.00332079428005926 -3.12788701891399 387.047742641096 71106258.9891299
-0.1751 -0.0014970159785082 -0.00148731270634819 -3.13418300953471 387.0008277632 71103307.4237414
-0.175200000000001 0.000582383757504144 -0.00346924801586586 -3.136320276806 386.953912885304 71102632.9800115
-0.1753 -0.00188824551208799 0.00215759522353779 -3.14313016762186 386.906998007408 71101485.0489834
-0.1754 -0.000851690525831392 0.000333816842794842 -3.14686742175567 386.860083129512 71100019.0943477
-0.1755 0.00108047295561085 -0.00318351673350979 -3.15295201684351 386.813168251616 71098292.7184044
-0.1756 -0.00189518004362077 -0.000553992068920891 -3.1552772985192 386.76625337372 71097455.1488837
-0.175700000000001 0.00149272377527084 0.000500326280430016 -3.15778349680237 386.719338495824 71097648.7332098
-0.1758 -0.00221979477929301 -0.00154907610106194 -3.16488655153482 386.672423617928 71094025.118147
-0.175900000000001 0.00092529135226627 -0.0015279820304396 -3.16740338413212 386.625508740033 71093867.7473275
-0.176 -0.00252472298627911 0.000306172289594713 -3.17043611060991 386.578593862137 71092985.4307588
-0.176100000000001 0.000423293177250762 -0.00266281189829383 -3.17403568995633 386.531678984241 71091666.9934242
-0.176200000000001 -0.00121706211265198 0.000915503006165268 -3.17598454977998 386.484764106345 71091535.4537513
-0.1763 4.06767367668685e-05 -0.00141046424241029 -3.18380473080765 386.437849228449 71089529.4624602
-0.176400000000001 -0.000519785108948412 0.000182430261423434 -3.18755463212235 386.390934350553 71088082.0205173
-0.1765 -0.00105710331378296 0.000346200267712999 -3.19198068154655 386.344019472657 71087189.5409453
-0.176600000000001 -0.00157252920821158 -0.00179217360425359 -3.19642462227547 386.297104594761 71085195.5407269
-0.1767 0.000206485149371101 0.000288210398743151 -3.19763103376738 386.250189716865 71085172.1478434
-0.176800000000001 -0.00121259991270902 -0.000262757622516072 -3.20360528832455 386.20327483897 71083484.2468175
-0.1769 -0.0015094272579848 -0.000674033725928989 -3.20739915828302 386.156359961074 71082450.8813747
-0.177 0.00186145546011191 -0.00234380515562537 -3.21103358485993 386.109445083178 71081910.2041045
-0.177100000000001 -0.00188745198049237 0.00243265034251228 -3.2154668980144 386.062530205282 71080970.359398
-0.1772 -0.00259715984156311 0.000189955737937584 -3.22044446631458 386.015615327386 71078907.4454455
-0.177300000000001 0.00352310088921562 -0.0023822099898699 -3.22289595628162 385.96870044949 71078148.9859308
-0.1774 -0.00234459002368771 -0.000595229432544294 -3.23223178234995 385.921785571594 71075420.6006529
-0.177500000000001 -0.00024565207954061 0.00241691424462464 -3.23169084408156 385.874870693698 71075940.4753631
-0.1776 0.000323969484464808 -0.0037775219416986 -3.23901421003542 385.827955815802 71073203.6535576
-0.1777 0.000371446561267778 0.00270521429746773 -3.24228230136236 385.781040937907 71073886.9588203
-0.177800000000001 -0.0014905520643548 -0.00274201869279533 -3.24650790841989 385.734126060011 71071494.6461457
-0.1779 -7.08049767526949e-05 0.000615209809815988 -3.25046853481686 385.687211182115 71071042.0676816
-0.178000000000001 -0.000563324548882301 -0.00164295390136823 -3.25453905180609 385.640296304219 71068785.8593015
-0.1781 -0.000649593899271621 -0.00140705779233958 -3.25731709814108 385.593381426323 71068517.7534861
-0.178200000000001 -0.00284256734126265 0.00180118437465594 -3.26275381059172 385.546466548427 71067637.9443481
-0.1783 0.00129332678659637 -0.00305749322208509 -3.26546524123765 385.499551670531 71067206.7580622
-0.178400000000001 -0.000930782941509476 -0.00114457098427 -3.27075144573615 385.452636792635 71065897.4084448
-0.1785 -0.00142044787447981 0.000840486865517005 -3.27383997312469 385.405721914739 71064823.1708405
-0.1786 0.00166803241543798 -0.00166059840761432 -3.2806232802381 385.358807036844 71062847.8884608
-0.178700000000001 -0.000667237985714274 -0.000612745383737974 -3.28639195087746 385.311892158948 71061276.5961311
-0.1788 -0.0030883966818257 0.000479303464418361 -3.28873478524244 385.264977281052 71060407.0566429
-0.178900000000001 0.00139537592635079 -0.0029289782794582 -3.29359686420757 385.218062403156 71059648.3214134
-0.179 -0.00100351267312426 9.67619627285713e-05 -3.29757840708735 385.17114752526 71058545.4876192
-0.179100000000001 -0.00148135808152143 -0.000846932404732789 -3.30016414599497 385.124232647364 71057369.0816025
-0.1792 0.00148736746713609 -0.000230973024732777 -3.30354761187672 385.077317769468 71056917.2222001
-0.1793 -0.00308846364898376 -0.0012120347589957 -3.30951160404797 385.030402891572 71054095.1636396
-0.179400000000001 0.000274744046898763 0.00281218724415261 -3.31303142018283 384.983488013676 71055390.9540254
-0.1795 -0.000160966669465217 -0.00582748701489555 -3.31800846819193 384.936573135781 71051842.1850672
-0.179600000000001 -1.31323688017026e-06 0.00329166116650546 -3.31881485773746 384.889658257885 71054148.4336863
-0.1797 -0.000528231931641979 -0.00395253266172163 -3.32514364022794 384.842743379989 71050578.3984348
-0.179800000000001 0.00183562594976305 0.000947593674470433 -3.32607219304314 384.795828502093 71051542.2366667
-0.1799 -0.00381607603181024 -0.00139851754769173 -3.33286283303013 384.748913624197 71047862.9275625
-0.18 0.00291396065808869 0.000505774087455742 -3.33130807028301 384.701998746301 71050408.3169976
-0.1801 -0.00345001084617433 -5.64378229144146e-05 -3.33749550544537 384.655083868405 71047161.3895953
-0.1802 0.0024946187286876 -0.00153160271545251 -3.34200015234776 384.608168990509 71047541.0856837
-0.180300000000001 -0.00304602749421671 -0.00241940011219609 -3.34503496694872 384.561254112613 71044952.4582061
-0.1804 0.000417725401405577 0.00241743455689973 -3.34506491934394 384.514339234718 71046690.6260165
-0.180500000000001 -0.00264168831775231 -0.000861508499950774 -3.35114490986919 384.467424356822 71043420.8969253
-0.1806 0.00217402874929172 -0.00044906214499985 -3.35398888090424 384.420509478926 71043659.0421411
-0.1807 -0.00263568967358943 -0.00267777316342476 -3.35892076945097 384.37359460103 71040892.3212978
-0.180800000000001 -0.000178602702930774 0.00154343434422784 -3.35948473743821 384.326679723134 71041343.6238755
-0.180900000000001 -0.00036090431083415 -0.00143408534836971 -3.36483048834243 384.279764845238 71039764.4995177
-0.181000000000001 5.72550220666501e-05 -0.000818822856754112 -3.36703297468161 384.232849967342 71039436.8676889
-0.1811 0.00176027751678967 -0.00224574373609714 -3.3731378267495 384.185935089446 71037884.0015321
-0.181200000000001 -0.00226452165215731 0.00083695511284712 -3.37707200256241 384.13902021155 71036708.588437
-0.1813 -0.00176362727910154 -7.56416333924803e-05 -3.38196877771597 384.092105333655 71035158.5926151
-0.181400000000001 0.00197752974863115 -0.00200077375342349 -3.38572783152042 384.045190455759 71033934.9413055
-0.1815 -0.00180554115914873 -0.000242162935643764 -3.38984978109373 383.998275577863 71032744.2156308
-0.181600000000001 -0.000335742916509954 0.00306032753681367 -3.39008234698777 383.951360699967 71034028.1676567
-0.181700000000001 -0.0013478874936637 -0.00289652109908395 -3.39833190566333 383.904445822071 71030626.005103
-0.1818 0.00092683999502696 0.000930700662028667 -3.40259898184038 383.857530944175 71030564.2101017
-0.181900000000001 -0.00155294221419828 -0.000190781536464089 -3.404971015423 383.810616066279 71029510.073974
-0.182 0.0012549029211069 -0.00126714405892389 -3.40800753646947 383.763701188383 71028712.4952323
-0.182100000000001 0.000387196566408198 -0.00203761316606365 -3.41378176855936 383.716786310487 71027048.2686493
-0.1822 -0.000227592881983335 -0.00218678232424968 -3.41820344817041 383.669871432591 71026322.0456515
-0.182300000000001 -0.000430863439557539 0.0011323737728104 -3.41968629286714 383.622956554696 71026425.8561758
-0.1824 -0.00192201988615857 -0.00263768090534269 -3.42761283625926 383.5760416768 71023662.7656617
-0.1825 0.00117173242486011 0.000251225226559069 -3.43020278734168 383.529126798904 71023911.5896427
-0.182600000000001 -0.00335676419550776 -0.00110437991901638 -3.43456486906073 383.482211921008 71021369.9668144
-0.1827 0.00225019285470586 -0.000640214487070471 -3.43609910717233 383.435297043112 71022181.873815
-0.182800000000001 -0.00261713099194094 -0.0011257923855639 -3.44137027150291 383.388382165216 71019891.8842471
-0.1829 0.00160362372982935 -5.61381015946394e-05 -3.44478927799893 383.34146728732 71020296.3838854
-0.183000000000001 -0.00099639870832428 -0.000122158835665133 -3.4477037330988 383.294552409424 71018448.8021759
-0.1831 -0.00052070687962494 -0.000963845321481355 -3.45260771600379 383.247637531528 71017575.7913262
-0.183200000000001 -0.000990197400077029 -4.76057670592672e-05 -3.45718361216295 383.200722653633 71015923.4019268
-0.1833 0.00270119472216717 -0.00164280824142117 -3.45964053858256 383.153807775737 71016151.8398511
-0.1834 -0.00226246295749867 -0.00161985540669124 -3.46492482605633 383.106892897841 71013952.1075052
-0.183500000000001 -0.00201498424546218 0.00267214627534086 -3.46857525640726 383.059978019945 71013850.1409715
-0.1836 0.000400450609050554 -0.00232054246718976 -3.47361851679762 383.013063142049 71012178.7595741
-0.183700000000001 -0.000552100614615282 0.00116349236730467 -3.47900400817866 382.966148264153 71011221.0177382
-0.1838 0.000543688824774307 -0.00182342237071609 -3.48088260025725 382.919233386257 71010243.351496
-0.183900000000001 -0.000566159270073268 -0.000930303366717699 -3.48603137579146 382.872318508361 71009028.5879479
-0.184000000000001 -0.00153339286959491 0.00114574558663564 -3.49001716051754 382.825403630465 71008272.5213088
-0.1841 0.000420570966480561 0.000510433618040504 -3.49477663530793 382.77848875257 71007176.0033632
-0.184200000000001 0.00130193354522807 -0.00100778179517888 -3.50045558385422 382.731573874674 71005693.5316384
-0.1843 0.000150457486575746 -0.000635951240372697 -3.50329041576509 382.684658996778 71004774.6085095
-0.184400000000001 -0.0014247028689108 -0.000788850452203515 -3.50749968611511 382.637744118882 71003307.6600106
-0.1845 -0.000388173602604666 0.000471836634269127 -3.51029787589319 382.590829240986 71003163.1017091
-0.184600000000001 -0.00145201658413247 -0.0013986145068897 -3.51762723374796 382.54391436309 71000647.6664634
-0.1847 0.000815706982896108 -0.000238575122984633 -3.51964942626896 382.496999485194 71001114.3907889
-0.1848 -0.00236133887059048 0.000726657157922375 -3.52553942089915 382.450084607298 70999309.7330558
-0.184900000000001 0.00214256737824908 -0.00282997567144663 -3.52865722860815 382.403169729402 70998210.5799608
-0.185 0.000320601814096349 -0.000208356870812464 -3.53152933266059 382.356254851507 70997556.0631975
-0.185100000000001 -0.00250584658742045 0.00147026204761129 -3.53413979801704 382.309339973611 70996883.2711477
-0.1852 -3.16221312108445e-05 9.74970132596596e-05 -3.5392074042819 382.262425095715 70996410.5949714
-0.185300000000001 6.89480807854116e-05 -0.00127813591121496 -3.54276117664148 382.215510217819 70994627.4409416
-0.1854 -0.000909384030076587 7.07026452405141e-05 -3.54588393102877 382.168595339923 70994219.8679839
-0.1855 0.00118661535569865 -0.00268582696739564 -3.55336894025725 382.121680462027 70992227.9204755
-0.185600000000001 -0.00197791334212006 0.00148599140125241 -3.557185043436 382.074765584131 70990677.2646603
-0.1857 -0.00112892867461164 -0.000689569896262288 -3.55902812959225 382.027850706235 70990424.3926632
-0.185800000000001 0.00141366777776286 0.000179790165683828 -3.56566739321926 381.980935828339 70989830.2610714
-0.1859 -0.00127225430974525 -0.00364893337660843 -3.57055925688231 381.934020950444 70987136.2016837
-0.186000000000001 -0.000485732284597187 0.00238091503506408 -3.5714616163185 381.887106072548 70988277.0960204
-0.1861 -0.00107567569803683 -0.000682861574223897 -3.57586172411583 381.840191194652 70986323.8169526
-0.186200000000001 -0.00102246210061579 -0.00017629478791589 -3.57946977661823 381.793276316756 70985278.0363656
-0.1863 -0.00107559661689043 -0.00149189395693951 -3.5864358588072 381.74636143886 70983487.8070103
-0.1864 0.000115037876679617 -0.00119100961329515 -3.58686824106549 381.699446560964 70983693.8264986
-0.1865 -0.00231789371100757 0.000273457355907579 -3.58980650020346 381.652531683068 70983083.424887
-0.1866 0.00133727774499371 -4.64067593637444e-05 -3.59354104029925 381.605616805172 70982319.2152174
-0.186700000000001 -0.00368364262576201 -0.0010995539514151 -3.59790547412598 381.558701927276 70979910.4105779
-0.1868 0.00119173022929771 0.000524643575378575 -3.60205868219445 381.511787049381 70980157.5302452
-0.186900000000001 -0.00119667739191273 -0.00200684288435816 -3.60800229056636 381.464872171485 70977423.850836
-0.187 0.00101663686493815 -0.00175268030245714 -3.61196238162326 381.417957293589 70976868.2842592
-0.1871 -0.000977939981236716 -0.00024297662038835 -3.61562290419547 381.371042415693 70976087.1688928
-0.187200000000001 -0.000236555341685486 -0.000128304375974964 -3.61924616297897 381.324127537797 70975578.6561889
-0.1873 -0.0027030417172528 -0.000617053974426603 -3.62606313332293 381.277212659901 70973344.9832898
-0.187400000000001 0.00213846329088932 -0.000209228112027803 -3.62856655817718 381.230297782005 70973391.9433964
-0.1875 -0.00086492021356011 -0.0030413797888063 -3.63238298837819 381.183382904109 70971189.4930681
-0.187600000000001 -0.000639716191122426 0.00287905702769467 -3.63357133269126 381.136468026213 70972165.2308755
-0.1877 -0.000713525233090507 -0.0039973329682669 -3.63837859348964 381.089553148318 70969585.3469624
-0.1878 0.000741675138540137 -0.000294878876569392 -3.64088911000487 381.042638270422 70970266.568871
-0.1879 -0.00117504432387317 -0.000257715094548475 -3.64609089305923 380.995723392526 70968424.9527369
-0.188000000000001 -0.000610687902022541 9.54541717122016e-05 -3.64875622518035 380.94880851463 70968418.4797087
-0.188100000000001 -0.0013301731774176 0.000975706174375538 -3.65112752936339 380.901893636734 70967492.6528504
-0.1882 0.000350637200363832 -0.00280868816854463 -3.65688706614347 380.854978758838 70965720.0679164
-0.188300000000001 -0.00125489745858075 0.000567552525662443 -3.6598094878647 380.808063880942 70965529.0161334
-0.1884 -0.000530549102737299 0.000570735503448354 -3.66395575770885 380.761149003046 70964593.4762543
-0.188500000000001 -0.00101008020906811 -0.00192815806853969 -3.66927823499051 380.71423412515 70962836.5120063
-0.1886 0.000423239889320234 -0.00150355914489463 -3.67171113349811 380.667319247255 70962356.2406515
-0.188700000000001 -0.000868045138673453 -0.00105364543720542 -3.67580222411277 380.620404369359 70961454.6905462
-0.1888 -0.00267145052267505 0.000712456836050539 -3.68094527911533 380.573489491463 70959611.4147855
-0.1889 0.000932357045181724 -0.00222976470800448 -3.68441821670284 380.526574613567 70959200.4906475
-0.189000000000001 -0.00025122322068928 -0.000205912790557263 -3.68747677114302 380.479659735671 70958721.6785108
-0.1891 -0.00166200852363395 -1.75791832993088e-05 -3.69037526687245 380.432744857775 70958036.9703963
-0.189200000000001 7.91366295148422e-05 -0.00260930993325542 -3.69526654982266 380.385829979879 70957031.1700317
-0.1893 0.00191557755557847 -0.00032325018444926 -3.69836917468345 380.338915101983 70956681.9216999
-0.189400000000001 -0.00226361194207406 0.000511495900897209 -3.70490472680242 380.292000224087 70954049.6285392
-0.189500000000001 0.00123605786176011 -0.000391262856824517 -3.70683225977968 380.245085346191 70954415.8835407
-0.1896 -0.00327106531199191 0.000679209497898596 -3.71223794656642 380.198170468296 70951773.1260724
-0.189700000000001 0.00194140111006268 -0.00063349688234758 -3.71540143544598 380.1512555904 70952496.8498664
-0.1898 -0.000301375291365796 -0.00175916648149453 -3.71937083339186 380.104340712504 70950722.2429883
-0.189900000000001 0.000173797833309817 8.87580246330702e-05 -3.722601728811 380.057425834608 70950212.6970959
-0.19 0.000853992642807461 -0.00193339601412567 -3.725507872639 380.010510956712 70948871.4930516
-0.190100000000001 -0.00296984390409778 0.000603582012587522 -3.73308556836835 379.963596078816 70947046.6240846
-0.1902 0.000419370158975257 -0.000642908548502506 -3.73820248609764 379.91668120092 70946667.560215
-0.1903 -0.000268741744351614 -0.00174540615943272 -3.74391699375055 379.869766323024 70944529.5421813
-0.1904 -0.000285356375719037 0.00164202510398147 -3.74693103754545 379.822851445128 70944883.1873689
-0.1905 -0.00244234979775793 -0.00159859280665736 -3.75172144828493 379.775936567233 70942720.9514009
-0.190600000000001 0.0017132868629509 -0.00105820085051202 -3.75515726774803 379.729021689337 70942709.6394676
-0.1907 -0.000882853331575578 -0.000534588961117861 -3.7590971376984 379.682106811441 70941386.9639887
-0.190800000000001 -0.000594881176009652 -0.000994794574385525 -3.76265170900717 379.635191933545 70940524.5437825
-0.1909 -0.00126152939288921 0.00228762188757512 -3.76727066742679 379.588277055649 70939566.1684846
-0.191000000000001 1.14187604074151e-05 -0.00304490565458906 -3.77205315218582 379.541362177753 70938160.5018809
-0.1911 0.000450760694474485 -8.57925797659228e-05 -3.77429729720736 379.494447299857 70938049.60588
-0.1912 -0.00241771579638321 -0.000782013496590183 -3.78156491341898 379.447532421961 70935730.3762874
-0.191300000000001 -0.000195553487372265 -9.03506494761429e-05 -3.78235750409206 379.400617544065 70936047.985875
-0.1914 -0.000518411825183817 -0.00156692182667214 -3.78459051365967 379.35370266617 70934566.0890736
-0.191500000000001 0.000104261826089924 0.00220857806183524 -3.78868572545508 379.306787788274 70934695.5859723
-0.1916 -0.00222418155077161 -0.00243328180477188 -3.79564715521676 379.259872910378 70931639.124291
-0.191700000000001 0.00118454589901943 0.00205624011335519 -3.7965447378048 379.212958032482 70933213.6233719
-0.1918 -0.000474494902643587 -0.00329651571729391 -3.80190079302948 379.166043154586 70930742.335072
-0.1919 -0.00394200896479977 0.0022293864261532 -3.80803106483136 379.11912827669 70929983.4165224
-0.192 0.00147210018590836 -0.00228270350614651 -3.81149583454038 379.072213398794 70929050.7874082
-0.1921 -0.00296888386418941 0.00038703532775095 -3.81631941607907 379.025298520898 70927397.090994
-0.192200000000001 -0.00224940635465227 0.00011110790292921 -3.8220259906264 378.978383643002 70926760.5260109
-0.1923 0.00130684374533927 -0.000698115784354496 -3.82659056180037 378.931468765107 70926248.9536965
-0.192400000000001 -0.00227724707506 -0.000360232540084485 -3.83013578319785 378.884553887211 70924640.3269676
-0.1925 0.000692893254201714 -0.000314677333780319 -3.83224360598895 378.837639009315 70924581.8275928
-0.1926 -0.00191768681431779 -0.00156420071991 -3.83794091816915 378.790724131419 70922889.465073
-0.192700000000001 0.0019213989210154 -0.000494857203000173 -3.84283756341727 378.743809253523 70922890.5989152
-0.1928 -0.00360676949018386 0.00198135342015862 -3.84939315666348 378.696894375627 70920770.2165847
-0.192900000000001 0.00258188593037798 -0.00286681082460429 -3.85280934721658 378.649979497731 70920573.8311682
-0.193 -0.000801880195789792 -0.000462378069218773 -3.85737268173339 378.603064619835 70919608.8695704
-0.193100000000001 -0.000450646368407039 -0.000174699467281324 -3.86247927509472 378.556149741939 70918238.8485215
-0.1932 -0.00138670234605237 -6.16069494173519e-06 -3.86735473642388 378.509234864044 70916258.8152731
-0.1933 0.00171196457488412 -0.00195645191438946 -3.87099861143305 378.462319986148 70916113.6889834
-0.1934 -0.00237968721509696 -0.000504383383437702 -3.87590232362361 378.415405108252 70914352.4690032
-0.1935 0.000143559085871722 -7.36579989953392e-05 -3.88157186850668 378.368490230356 70914040.6399387
-0.193600000000001 0.000627142140421829 -0.00198356481343922 -3.88377015142049 378.32157535246 70913380.2565743
-0.1937 -0.00108466130621655 -0.000369674494841559 -3.8858586309034 378.274660474564 70912391.4604282
-0.193800000000001 -0.000734290704125119 -0.000365644260960507 -3.89088142416446 378.227745596668 70911178.0626891
-0.1939 -0.000406216157820223 -0.00158145480404692 -3.89315548478532 378.180830718772 70910723.1221165
-0.194000000000001 0.000340211515016334 0.000831495516672532 -3.89844733511041 378.133915840876 70910080.0869443
-0.1941 -0.00101157324639506 -0.00122288954780883 -3.90315909858128 378.087000962981 70908319.3506624
-0.1942 0.000407860334270694 -0.00146345948756615 -3.90481018407534 378.040086085085 70908553.6978634
-0.1943 -0.000233846018559306 -0.000944895341832689 -3.90899242057364 377.993171207189 70907469.5680642
-0.1944 -0.000180438012994598 -0.00166178595433454 -3.9141874014539 377.946256329293 70906158.5445849
-0.194500000000001 -0.00209059455604998 0.00189140499952635 -3.91662837488466 377.899341451397 70905407.1002663
-0.1946 0.00116715550369033 -0.000737377716409827 -3.92236549564157 377.852426573501 70904645.9333622
-0.194700000000001 -0.000129988137731732 -0.00276417497767513 -3.92761095945656 377.805511695605 70902887.8566089
-0.1948 0.000204988759049216 0.00216623963291198 -3.9306417350113 377.758596817709 70903607.5919162
-0.1949 -0.00398082982773002 4.10469021566343e-05 -3.93552187967214 377.711681939813 70901313.4631476
-0.195 0.00439103608418293 -0.00303582219557643 -3.93662110488328 377.664767061918 70901592.3493277
-0.1951 -0.00310325729695964 0.000835718808156778 -3.9428971584232 377.617852184022 70899295.7995919
-0.1952 -0.000416396430788613 -0.000529933314475985 -3.94618126248368 377.570937306126 70898864.844911
-0.1953 0.000100100798968279 -0.000416410844843679 -3.9491886185009 377.52402242823 70898595.3203411
-0.195400000000001 -0.000851263219413022 -0.00106846382195951 -3.95293513987319 377.477107550334 70897676.2566779
-0.1955 -0.000710872130556511 -0.000631129367936317 -3.95642758551012 377.430192672438 70896779.0884026
-0.195600000000001 -0.00207632728959858 0.000549633464585767 -3.95973502424246 377.383277794542 70895886.3951714
-0.1957 -0.00024624310299522 -0.00270898848074491 -3.96411186572957 377.336362916646 70894656.5484693
-0.195800000000001 -0.0024354158672541 0.00119083997954817 -3.96646236295375 377.28944803875 70894451.951825
-0.195900000000001 0.0012157665896597 -0.00319851293625309 -3.97130800413642 377.242533160854 70893826.4947703
-0.196 -0.000637177267606641 0.000653063087229639 -3.97258422008009 377.195618282959 70893972.289985
-0.196100000000001 -0.00100130471802493 -0.00014653706881743 -3.97913884010613 377.148703405063 70892053.9778505
-0.1962 -0.00011040949245901 -0.000718706694032606 -3.98412847837325 377.101788527167 70890910.9550882
-0.196300000000001 -0.000896258865165016 -0.00158891861860287 -3.98836576772736 377.054873649271 70889868.6439395
-0.1964 -0.000336187700063673 0.000712586893131974 -3.99196092245485 377.007958771375 70889549.6713985
-0.196500000000001 -0.00146972389420747 -0.00173943036850179 -3.99667888575646 376.961043893479 70888175.2845315
-0.1966 0.0020007019187113 0.000531448539994129 -3.99994887384358 376.914129015583 70888216.1945368
-0.1967 -0.00580641843555388 -0.000210449857384945 -4.00635924394313 376.867214137687 70885356.8066506
-0.196800000000001 0.00286372849529892 -0.000945492414650828 -4.00765145537457 376.820299259791 70886860.4933582
-0.1969 -0.000387576901812663 -0.00109948960916751 -4.01337568687548 376.773384381896 70884259.088015
-0.197000000000001 -0.0023380800183869 0.000967823853238848 -4.01583216350225 376.726469504 70883677.2507917
-0.1971 0.00117085484262719 -0.00153297332783258 -4.02077976380777 376.679554626104 70883411.9299803
-0.197200000000001 -0.00274898298353129 -0.000855342726754502 -4.02304767767681 376.632639748208 70882238.4967576
-0.197300000000001 0.00116571195948636 0.000110156904213925 -4.02710502026543 376.585724870312 70882337.7515662
-0.1974 0.00048617556748963 -0.00228496931991927 -4.02925690251901 376.538809992416 70881226.4591305
-0.1975 -0.0011221498655747 -0.00112631787600882 -4.03362931025445 376.49189511452 70880210.9079326
-0.1976 -0.00214676411147152 0.00366342106682605 -4.03609670887903 376.444980236624 70880145.7849602
-0.197700000000001 0.00142713042827319 -0.00634261801650586 -4.04015976243622 376.398065358728 70877467.8536559
-0.1978 0.000423058534834201 0.00248832334181463 -4.04297799830037 376.351150480833 70878772.9416143
-0.197900000000001 -0.00375212592924817 -1.68228048417971e-05 -4.04748725836446 376.304235602937 70876574.4321307
-0.198 0.00179760801861165 -0.00106753310176212 -4.05021515936201 376.257320725041 70876964.8604429
-0.1981 -0.00109657145229492 -0.00250469673891489 -4.05726676873579 376.210405847145 70874810.1985726
-0.1982 -0.00116389888908802 0.00184906396816248 -4.06031634854801 376.163490969249 70874275.6207453
-0.1983 0.000661666788072063 -0.00184377127290968 -4.06376807778155 376.116576091353 70873410.0783246
-0.1984 -0.00090269586828641 0.000406381114910319 -4.06784225390769 376.069661213457 70872847.8593015
-0.1985 -0.00320571861054569 -0.000288015700911824 -4.07440889809903 376.022746335561 70870740.012799
-0.198600000000001 0.00310278353940111 -0.00181057697605081 -4.07714277452951 375.975831457665 70871688.4712675
-0.1987 -0.0021447802052201 -0.00149730886513011 -4.08199071422374 375.92891657977 70869448.4623352
-0.198800000000001 -0.000133520317323642 0.000716819731748587 -4.08218239270969 375.882001701874 70870340.1638045
-0.1989 -0.00218432663487857 0.000340417080539793 -4.08776869735484 375.835086823978 70868641.6690041
-0.199 -0.00108894451925606 -0.000228378624419182 -4.09430132645526 375.788171946082 70866971.4068252
-0.199100000000001 -0.000587429604570036 -0.000960855347144183 -4.09846597226583 375.741257068186 70866346.5617059
-0.1992 -0.000504662049764249 0.00151500216475552 -4.1002971079844 375.69434219029 70866621.1468897
-0.199300000000001 -0.00126405657215236 8.56869711715014e-05 -4.10199674077407 375.647427312394 70866037.194304
-0.1994 -0.000480330742154131 -0.00174401120018007 -4.10761267399783 375.600512434498 70864130.937974
-0.199500000000001 -0.00129638349077372 0.000943494438933888 -4.11050971567163 375.553597556602 70863977.1622749
-0.1996 -4.00628133221942e-05 -0.00257859556500344 -4.11386259099565 375.506682678707 70862307.4037497
-0.1997 -0.00140647171382768 -0.000346309219968759 -4.11779048356632 375.459767800811 70861728.4787352
-0.1998 -0.00102816911438724 -0.000693489190613477 -4.12029155793853 375.412852922915 70861537.2860073
-0.1999 0.000121110848683717 0.000177844783700079 -4.12364060547694 375.365938045019 70860830.0037113
-0.200000000000001 -0.00326672760010118 -0.000910117916541679 -4.1294698473151 375.319023167123 70859423.5439778
-0.2001 0.00149013500067058 -0.000979970950332287 -4.13146765409545 375.272108289227 70860077.426568
-0.2002 -0.00290314480815844 2.21229706961786e-06 -4.13583778595402 375.225193411331 70857844.1021886
-0.2003 -0.000116542705806667 0.000536707666253375 -4.13831636177674 375.178278533435 70857819.3192601
-0.2004 0.00127749478303802 -0.00214654195177346 -4.14159297119095 375.131363655539 70856791.7177309
-0.2005 -0.00223659730368557 0.00163260144280018 -4.14362919914715 375.084448777644 70856795.5861806
-0.200600000000001 -0.00141676633119062 -0.000814671010315702 -4.14574592494095 375.037533899748 70855772.6415506
-0.200700000000001 0.00110410617888175 -0.000135584785970699 -4.14762410263152 374.990619021852 70856353.206647
-0.2008 -0.00235254441409765 -0.00154928435302922 -4.15473163627631 374.943704143956 70853603.6152793
-0.200900000000001 0.00110490955129925 -0.00149162392079161 -4.15774877309386 374.89678926606 70853385.2724531
-0.201 -0.00296115623622399 0.00205147343711345 -4.15953056766994 374.849874388164 70852748.0545346
-0.201100000000001 0.00140734336095132 -0.000819863711400332 -4.16389139388068 374.802959510268 70852100.6677412
-0.2012 0.000578347810391584 -0.00371496328346124 -4.16580802691535 374.756044632372 70851495.0145575
-0.201300000000001 -0.00356777494272558 0.00191634495782291 -4.17220856698947 374.709129754476 70850321.1873894
-0.2014 0.000351603585298364 -0.000650217539587633 -4.17346113737197 374.662214876581 70849796.3930789
-0.2015 0.00117403362431341 -0.00166642467794744 -4.17876177923111 374.615299998685 70848365.7898678
-0.201600000000001 -0.00217094474857862 0.00152470985322687 -4.18193490238791 374.568385120789 70847793.365272
-0.2017 -0.000727744239674076 -0.00227842613755762 -4.18672901089049 374.521470242893 70846398.2799741
-0.201800000000001 -0.000948317530886784 0.00037064165800305 -4.18997499726329 374.474555364997 70846836.7294299
-0.2019 -0.0012955108114779 -0.000529073591458377 -4.19396519615761 374.427640487101 70846216.5371566
-0.202000000000001 0.000562946426192184 -0.00075788051335745 -4.19632916173873 374.380725609205 70845707.3182681
-0.2021 -0.000222355798037095 -0.00236800715769315 -4.20298336648361 374.333810731309 70843273.729018
-0.2022 -0.0016036169844359 0.00228174643358613 -4.20686986831143 374.286895853413 70842951.6450476
-0.202300000000001 -0.00174166591127527 -0.00215759495479509 -4.21027650969732 374.239980975517 70841318.3170437
-0.2024 0.00120654233863895 -1.22912962282863e-05 -4.21330992539559 374.193066097622 70842309.7095546
-0.202500000000001 -0.00232109046385803 -0.000802158918838444 -4.21598620888203 374.146151219726 70841305.2398513
-0.2026 -0.000571210200179732 0.000211526303445063 -4.2207836529372 374.09923634183 70841143.1208595
-0.202700000000001 -2.70701688663276e-05 2.84710443800948e-05 -4.225427910155 374.052321463934 70839728.1443873
-0.2028 -0.00216744519430062 -0.00200702551941873 -4.22992502657836 374.005406586038 70838044.2807532
-0.2029 0.00196009336259859 0.000224924990295879 -4.23174653095224 373.958491708142 70839026.9898207
-0.203 -0.0016716279568746 -0.00223971829883738 -4.23658058051303 373.911576830246 70836628.952351
-0.2031 -0.00110966284789606 0.00133699496887675 -4.23646217048332 373.86466195235 70837475.063986
-0.203200000000001 -0.000581949984556798 -0.00244378954999763 -4.24363666316056 373.817747074454 70836208.1861317
-0.2033 0.000442911599573399 0.00186454719702409 -4.24571699713896 373.770832196559 70836370.6996025
-0.2034 -0.00100810925908391 -0.00253921731589519 -4.24962800648092 373.723917318663 70834175.6193406
-0.2035 -0.000889035502128382 0.00102913612239921 -4.25109800082771 373.677002440767 70834836.5304683
-0.203600000000001 0.000468149285851184 -0.00223704722238873 -4.25413803245067 373.630087562871 70833700.859147
-0.2037 -0.00104234120540861 -0.00060593297949417 -4.26075706365272 373.583172684975 70832244.7250101
-0.2038 -0.0018803682859937 -0.000807097507728949 -4.26328905247076 373.536257807079 70831517.3327039
-0.203900000000001 0.000332469103417969 -0.000510249117906338 -4.26680706726275 373.489342929183 70831436.7488113
-0.204 -0.00144984188787476 -0.000973352144854798 -4.27132702811608 373.442428051287 70829844.383892
-0.204100000000001 0.00110842330232587 -0.000801839821142963 -4.27087482405835 373.395513173391 70830514.2853107
-0.2042 -0.00177831960339094 0.000465366188969239 -4.27492397277171 373.348598295496 70828657.3123935
-0.204300000000001 -0.00117769091518599 -0.00124159337779045 -4.27907706705864 373.3016834176 70827810.6639617
-0.2044 -9.94273175360219e-05 -0.00128636128281127 -4.28322377215724 373.254768539704 70827462.3682497
-0.2045 -0.00193282147681674 -0.00076705701336234 -4.28791190343824 373.207853661808 70826649.3883024
-0.2046 0.00176586114001522 -0.000441118023314017 -4.29036782689477 373.160938783912 70826840.2444659
-0.2047 -0.00436446925498336 4.28889484305529e-06 -4.29495970122864 373.114023906016 70824490.4886394
-0.204800000000001 0.00274917313677069 -0.00240144829947334 -4.29654595922439 373.06710902812 70824946.9094216
-0.2049 -0.00285228851146897 0.000691009421526024 -4.30087550136648 373.020194150224 70823056.7434264
-0.205000000000001 0.0018503585423727 -0.00244418862203179 -4.30653690139394 372.973279272328 70822719.0488703
-0.2051 -0.00178655588951637 0.00104802593414623 -4.31026976824678 372.926364394433 70821902.0605441
-0.2052 0.0006075318323679 -0.000891086104976584 -4.31091077176903 372.879449516537 70821818.9475432
-0.2053 -0.00120627757164427 -0.000729839780547754 -4.31418974777053 372.832534638641 70820347.4099299
-0.2054 -0.000731725574569061 0.000492125577679713 -4.31674939189288 372.785619760745 70820259.9998132
-0.205500000000001 -0.00035663802816698 -0.000771131829529743 -4.31898624993501 372.738704882849 70819417.5430232
-0.2056 -0.000346707818051842 -0.00138657324384277 -4.32270434050575 372.691790004953 70819072.6867795
-0.205700000000001 -0.00267341758440863 0.000250870530490513 -4.32640923344329 372.644875127057 70817860.17245
-0.2058 -0.000238012670022744 -0.000791311238500192 -4.32818354430579 372.597960249161 70818165.9187202
-0.2059 7.96063051089657e-05 -0.00335728650942993 -4.33266910068028 372.551045371265 70817139.2602807
-0.206 -0.00227502550130556 0.00329666994241384 -4.33280504225269 372.50413049337 70817838.8238863
-0.2061 0.00106038097102723 -0.0033206586433499 -4.3390026557638 372.457215615474 70815154.0008255
-0.2062 -0.00150751708359696 -0.000887231852233275 -4.34120801815433 372.410300737578 70814965.3336333
-0.2063 -0.000868234994212668 -0.000565548141690797 -4.34432652302136 372.363385859682 70814643.3288756
-0.206400000000001 -0.00133089777067398 -0.00141238386945895 -4.34817294890545 372.316470981786 70813510.9867055
-0.2065 0.000460654517232507 0.000343467848328818 -4.35027012072818 372.26955610389 70813796.7384308
-0.206600000000001 -0.00200181647938499 -0.00139647029357204 -4.35445357900205 372.222641225994 70811641.8671618
-0.2067 0.000897236116735089 0.00152554809896894 -4.3554566150203 372.175726348098 70812835.5324539
-0.2068 -0.00244069361992771 -0.00101470093621561 -4.35821169622179 372.128811470202 70810615.7342772
-0.2069 -5.37474602961866e-06 -0.00043575499364636 -4.36309627902902 372.081896592307 70810227.3857633
-0.207 0.000157708674821071 -0.0010712279851919 -4.36394611550418 372.034981714411 70810154.9313421
-0.207100000000001 -0.00222626131736577 0.0012152385152362 -4.36712812501975 371.988066836515 70809715.5829839
-0.2072 0.00116896374359925 -0.00132061752036276 -4.37082700963902 371.941151958619 70809059.9062444
-0.207300000000001 -0.00184402200144691 -0.000151174551473314 -4.37534381820534 371.894237080723 70807513.4129498
-0.2074 0.000343453991701084 -0.00128813334499864 -4.37811373833043 371.847322202827 70806978.2303467
-0.2075 0.00015821366681434 -0.00164724893800707 -4.37902118897345 371.800407324931 70806499.8480283
-0.2076 -0.0024936935227683 0.00182047754276403 -4.38313448390491 371.753492447035 70806346.8355827
-0.2077 -0.000547592055669844 -0.00140272356271839 -4.38690841432861 371.706577569139 70805599.3042854
-0.2078 -0.00155871476403648 -0.000348404888794663 -4.38994441892306 371.659662691244 70805003.2099079
-0.2079 -0.0014080491350125 0.00196907192425262 -4.39225611257526 371.612747813348 70804762.6318726
-0.208000000000001 0.00132779067689669 -0.00296477485268801 -4.39602528800261 371.565832935452 70803697.8155066
-0.2081 -0.00144664968353223 0.00105187247702002 -4.40047339725403 371.518918057556 70802690.967256
-0.2082 -6.15885770688628e-05 -0.00191883482351912 -4.40159775607875 371.47200317966 70802708.1298818
-0.208300000000001 -0.00275466933559215 0.000282182377272938 -4.40841393574152 371.425088301764 70801117.9136228
-0.208400000000001 0.00130411468701415 -0.000885131080826819 -4.40833834740165 371.378173423868 70801849.6615876
-0.2085 -0.00232550210083258 -0.00117950762980671 -4.41369877927527 371.331258545972 70800135.2688434
-0.2086 5.64766269640758e-05 -9.05430951943083e-05 -4.41619017843296 371.284343668076 70800004.166255
-0.208700000000001 -0.000183326584630668 0.000136427163765055 -4.42010987174646 371.237428790181 70799054.579754
-0.2088 -0.000672869913309618 -0.00113040126997557 -4.42418653324639 371.190513912285 70797822.944311
-0.208900000000001 -2.42648256998104e-05 -0.00202581531498084 -4.42767451039321 371.143599034389 70797173.8387155
-0.209 -0.00149966502347047 0.000942499215197786 -4.43008254247615 371.096684156493 70797268.3411159
-0.209100000000001 0.0010520274319515 -0.00263898603427608 -4.43265104521603 371.049769278597 70796884.3266546
-0.209200000000001 -0.00259036561102227 0.000761591084354865 -4.43802787040872 371.002854400701 70795591.332517
-0.2093 0.000970749958310356 -0.00274847352738933 -4.44068611611711 370.955939522805 70794886.2331572
-0.2094 -0.00127624583387452 0.00257662523111476 -4.44347419996891 370.909024644909 70794493.7195991
-0.2095 -0.000271563991290773 -0.00186111312167726 -4.44753842811715 370.862109767013 70793401.507987
-0.209600000000001 -0.00136569720691235 0.000738545954133907 -4.44848565500666 370.815194889117 70794046.0575723
-0.2097 -1.16672372828432e-05 -0.00230963914914506 -4.45208580244436 370.768280011222 70792963.2180568
-0.209800000000001 6.95851644696706e-05 0.000270748743438136 -4.45341270525936 370.721365133326 70793263.1326157
-0.2099 -7.50319771983723e-06 -0.000811089424422134 -4.45568776909784 370.67445025543 70791919.8141341
-0.21 -0.000527858593392124 -0.000596785468162497 -4.45921281387003 370.627535377534 70791492.7473499
-0.210100000000001 -0.00295011734202052 3.60288081151633e-05 -4.46533053960281 370.580620499638 70789723.6344478
-0.2102 -0.000675860529357701 0.000451972569803453 -4.46533596185753 370.533705621742 70790393.9760713
-0.210300000000001 0.000590404755051225 -0.00204624758156028 -4.46867734339834 370.486790743846 70789470.4110574
-0.2104 3.45654820153397e-05 -0.000934060170385975 -4.46924602893752 370.43987586595 70789730.5716829
-0.210500000000001 -0.00190195809685346 0.00031802119673067 -4.47249202372665 370.392960988054 70789087.7180284
-0.2106 -0.000243906905759978 -0.00223255246850797 -4.47531120634489 370.346046110159 70788622.5649975
-0.2107 -0.000355048087484121 -0.000811441453214086 -4.47734185425099 370.299131232263 70787621.5604191
-0.2108 -0.000512216924086377 0.000365687260320472 -4.47758813778269 370.252216354367 70788707.9243538
-0.2109 -0.000872495804832154 -0.00150269217751459 -4.48298951367932 370.205301476471 70786764.9200024
-0.211 0.00189448452310311 0.0019564876547616 -4.48466058635546 370.158386598575 70787691.8695588
-0.2111 -0.00314554374022309 -0.00124602251276824 -4.48835182614117 370.111471720679 70785483.1087274
-0.211200000000001 0.00031303533978751 -0.00123952977329672 -4.49088153611689 370.064556842783 70785806.106552
-0.2113 -0.000954000981533313 -0.00149539582619966 -4.49245232123584 370.017641964887 70784900.6662327
-0.211400000000001 -0.00300743113535127 0.00016029886853381 -4.49499903146111 369.970727086991 70783961.9149139
-0.211500000000001 -0.00052909966262244 -0.000561466749824956 -4.49672380425451 369.923812209096 70784094.0986893
-0.2116 -0.000617705476998035 -0.00154581730015866 -4.50240368853085 369.8768973312 70782887.2778769
-0.2117 0.000940996764354139 -0.00150468345812885 -4.50503392778736 369.829982453304 70782870.9867674
-0.2118 -0.00288331159330726 1.54529644619295e-05 -4.50618449810553 369.783067575408 70782144.4142833
-0.211900000000001 0.00042806845263754 -0.000836872930002622 -4.50937649136935 369.736152697512 70781579.6487266
-0.212 -7.64234230542557e-05 -0.00205796370243806 -4.51296156768808 369.689237819616 70780763.7123568
-0.212100000000001 -0.000988523895166101 -0.0003390641616184 -4.5168695823061 369.64232294172 70779636.7650981
-0.2122 -0.00050161564120263 -0.000604321397306666 -4.51819689899195 369.595408063824 70779924.3211527
-0.2123 -0.000814282130019589 -0.000249297748622642 -4.52431694705481 369.548493185928 70778381.2168868
-0.212400000000001 0.000735820161253548 0.000136485207272208 -4.52407296951081 369.501578308033 70779026.9026392
-0.2125 -0.00215544553451777 -0.00143792338464068 -4.52937907867959 369.454663430137 70777201.5837801
-0.2126 0.000952009176073061 -0.000824928578032068 -4.53017665518097 369.407748552241 70777902.4759114
-0.2127 -0.00218742080585004 -3.95038600500112e-05 -4.53310370638392 369.360833674345 70776994.9749322
-0.212800000000001 -0.00034472569651559 -0.00134218970753481 -4.53502376211008 369.313918796449 70776691.3597945
-0.2129 -0.000145681916841704 -0.000276491066679928 -4.53755572103604 369.267003918553 70776139.8500594
-0.213 -0.000451494360088523 -0.00080428357210344 -4.53831391691547 369.220089040657 70775962.2847465
-0.2131 -0.000895152768081909 -0.000341070366271759 -4.54001617943628 369.173174162761 70775181.3609344
-0.2132 0.00110982704732692 0.000573947633757785 -4.54373132284763 369.126259284865 70774965.9323892
-0.213300000000001 -0.00229278485744822 -0.001660132740521 -4.54945816014577 369.07934440697 70772089.4431723
-0.2134 -0.00109248548574922 0.00194684051443111 -4.54911099617897 369.032429529074 70773954.5429515
-0.2135 -0.000246460283923438 -0.00284707016085121 -4.55386571633804 368.985514651178 70771730.675071
-0.2136 -0.000848471140224149 -0.000103349717646369 -4.5546811475664 368.938599773282 70772408.220732
-0.213700000000001 -0.00218738426403492 0.000118253619964011 -4.56018266728912 368.891684895386 70770907.4049727
-0.2138 0.00141638361761122 -0.00169685591621833 -4.56252361962162 368.84477001749 70770771.9918644
-0.2139 -0.00372548356751052 0.000359167879588919 -4.5665043013193 368.797855139594 70768837.297511
-0.214 0.000805903682480935 -0.000766187244507444 -4.56844210103286 368.750940261698 70769730.0891668
-0.2141 -0.000753337090644307 -0.0017649469115156 -4.57246399373948 368.704025383802 70768433.0289182
-0.214200000000001 -0.00149752472578873 -0.000454156296146896 -4.57424869175773 368.657110505907 70768385.1815564
-0.2143 -0.00112943910981944 -0.000893588048457931 -4.57890453892356 368.610195628011 70767408.8004498
-0.214400000000001 -0.000377716513289104 0.0014959121993808 -4.58204871686145 368.563280750115 70767303.8637558
-0.2145 -0.00275493848383607 -0.000298135150263314 -4.58551519941248 368.516365872219 70765499.1560141
-0.2146 0.00189090997874157 -0.00177834931812033 -4.58838207821586 368.469450994323 70765773.8756337
-0.2147 -0.00115738201361781 -0.00151324524124278 -4.59340838616355 368.422536116427 70764198.6566996
-0.2148 0.000164570940556148 0.00257238659906344 -4.5925466844266 368.375621238531 70766105.0894887
-0.2149 -0.0013795588891356 -0.000749491821636714 -4.59755699819206 368.328706360635 70763450.8711045
-0.215 0.0011331387004729 0.000733503899720644 -4.59897882675723 368.281791482739 70764408.4131683
-0.215100000000001 -0.00113462840446935 -0.00269019432872795 -4.60390246443354 368.234876604844 70761755.4606152
-0.2152 -0.00148281276777155 0.00285929767664429 -4.60499860798642 368.187961726948 70762917.9754958
-0.2153 -0.00034626174028223 -0.00302659764477926 -4.61031159605492 368.141046849052 70760860.1575026
-0.2154 -0.0010457557388766 0.00306255663759793 -4.61052825300112 368.094131971156 70762259.7630614
-0.2155 -0.00210956362806846 -0.00327437872142688 -4.61372064626587 368.04721709326 70760139.4593208
-0.215600000000001 0.0013916884361201 -0.00144871874044849 -4.61489216984014 368.000302215364 70760704.5828277
-0.2157 -0.00166545044028879 -0.00043740723626643 -4.61786027870762 367.953387337468 70759552.2836586
-0.2158 -0.000675745924934997 -4.52257822914338e-05 -4.62106023944318 367.906472459572 70758850.7301945
-0.2159 0.00144518708822527 -0.000585409110363033 -4.62199591653374 367.859557581676 70759090.4629173
-0.216 -0.0021641936724952 -0.00132281908523377 -4.62570180782036 367.812642703781 70757712.3215342
-0.2161 -0.0018404984677086 0.00416893309124654 -4.62591924306437 367.765727825885 70759255.6724562
-0.216200000000001 0.000705210628101301 -0.00569737460732778 -4.63294230725197 367.718812947989 70756268.7699064
-0.2163 -0.000543231689463526 0.00207323130408866 -4.6311040852461 367.671898070093 70757598.1694404
-0.2164 -0.00320308105149652 -0.00201932706670551 -4.63790167444391 367.624983192197 70754391.0438176
-0.216500000000001 0.00185975496614389 0.00143901945792901 -4.63708420324566 367.578068314301 70756265.6408937
-0.2166 -0.00143205271401208 -0.0033573459982553 -4.64390602597383 367.531153436405 70753196.8085514
-0.2167 -0.000746804958222602 0.001877290915271 -4.64347313839028 367.484238558509 70755037.3919043
-0.2168 0.000330925444943875 -0.00148295769287461 -4.64643448061698 367.437323680613 70754064.8334655
-0.216900000000001 0.000165363878193359 -0.000351628435161009 -4.64842785276812 367.390408802718 70753962.1169973
-0.217 0.000307662415855566 3.02705953043653e-05 -4.64921245272109 367.343493924822 70753277.6356405
-0.2171 -0.00110141534900284 -0.00131044526337405 -4.65286025984165 367.296579046926 70751805.8316839
-0.2172 0.00154773963519294 0.000518019228250678 -4.65386450411594 367.24966416903 70752824.2624192
-0.2173 -0.00354637522189257 -0.000254519247313115 -4.65820469863111 367.202749291134 70751074.3874029
-0.217400000000001 0.000733183554049474 0.000441029911034724 -4.65827513441345 367.155834413238 70752470.1515103
-0.2175 -0.00195261114698789 -0.000786408395306978 -4.66332068472871 367.108919535342 70750220.6554076
-0.217600000000001 -0.00126077989246235 -0.000664672747696584 -4.66424332223616 367.062004657446 70750300.0241955
-0.2177 0.00091371077406888 0.00118554593229767 -4.66450626327823 367.01508977955 70750387.8397373
-0.2178 -0.00127118669859056 -0.00279917248627113 -4.67000769938044 366.968174901654 70748419.8853998
-0.2179 -0.000752652705362296 0.00103455663439849 -4.67074531544529 366.921260023759 70749956.7373824
-0.218 -0.00145007895945149 -0.0024416654555514 -4.67460002729164 366.874345145863 70748701.0303306
-0.2181 9.36978275081028e-05 0.00167541831545643 -4.67257723932172 366.827430267967 70749852.8701586
-0.2182 -0.00170187149012171 -0.00159507046147837 -4.67854726546433 366.780515390071 70746994.5590948
-0.218300000000001 -0.000915034844830859 0.000646137527571951 -4.6811763815723 366.733600512175 70747249.1344652
-0.2184 0.000309036780357492 -0.00358212532522326 -4.68195333272095 366.686685634279 70746109.3660001
-0.2185 0.000485773329368855 -0.00160973834142744 -4.68400800778042 366.639770756383 70746214.2052936
-0.2186 -0.00181095144935757 0.00118614849626715 -4.68573847831671 366.592855878487 70746460.6339118
-0.2187 -0.000950712007392493 -0.00177246641884893 -4.68741899802611 366.545941000591 70745695.6344286
-0.218800000000001 0.000798709130565406 -0.00120245778575666 -4.68896365772075 366.499026122696 70746113.9819763
-0.2189 -0.00181884787260288 -0.000302461629059578 -4.69294280652403 366.4521112448 70745008.5407888
-0.219 -0.00143899014025246 0.00118362645765998 -4.69472110382225 366.405196366904 70744388.7113204
-0.2191 -0.00114395088613472 -0.00119757352521039 -4.69717103422898 366.358281489008 70743899.0140574
-0.219200000000001 -0.000173226760360405 -0.00189442737437687 -4.69838440958453 366.311366611112 70743659.1201259
-0.2193 0.000696650217422803 0.0010187069532819 -4.6983086909418 366.264451733216 70744706.769327
-0.2194 -0.0025748504469113 -0.00212557803049038 -4.70438819583947 366.21753685532 70742299.5603636
-0.2195 -0.000755097117357121 0.000198610948392806 -4.7055602374204 366.170621977424 70742234.1170702
-0.2196 0.000416145356478115 -0.00212396508913348 -4.70945272420856 366.123707099528 70741423.783524
-0.219700000000001 -0.00199458090696441 0.000940934066933198 -4.71263358258004 366.076792221633 70740378.5228187
-0.2198 -0.00179722884215502 0.000123751092524693 -4.71267860204123 366.029877343737 70740805.8098732
-0.2199 0.000765410123944462 -0.00194939854232289 -4.71566970774017 365.982962465841 70740139.1253909
-0.22 0.00126576652425654 0.000436523532142038 -4.71760442501958 365.936047587945 70740682.6374698
-0.2201 -0.00311779089235183 0.000755540030200269 -4.72192171004594 365.889132710049 70738857.5719351
-0.2202 0.000875528520112435 0.000847648692096007 -4.722970726012 365.842217832153 70739174.3981495
-0.2203 -0.00130154857826914 -0.00414343831814518 -4.72736850651277 365.795302954257 70736392.2364684
-0.220400000000001 -0.000978326350461091 0.00229777994716813 -4.72870237927862 365.748388076361 70737934.2056544
-0.2205 -0.00187078652894059 0.000109635226343882 -4.73289145085674 365.701473198465 70736308.7808166
-0.220600000000001 0.00256588628189305 -0.00331163857231224 -4.73599435004477 365.65455832057 70735740.0996116
-0.2207 -0.00192578680325405 0.000200689040278451 -4.73931216904204 365.607643442674 70735001.2732467
-0.2208 -0.00320124493119871 0.000277622941155942 -4.74139660304871 365.560728564778 70734286.5296271
-0.2209 0.000954156152208319 0.00122949145955841 -4.74078116178836 365.513813686882 70735358.5467554
-0.221 -0.000992853811058328 -0.00298861108519874 -4.74431958076559 365.466898808986 70733601.409048
-0.2211 -0.00171385735915522 0.00061842648993197 -4.74662984957341 365.41998393109 70733782.5425148
-0.2212 -0.000711013161500393 -0.000386100703132788 -4.74906553574159 365.373069053194 70733289.5557413
-0.2213 -0.0010518822863169 -0.00246684950172795 -4.75173957562534 365.326154175298 70732076.0190789
-0.2214 0.000694478113142491 0.000934362712833634 -4.75222818228086 365.279239297402 70733156.2840372
-0.221500000000001 -0.00386019985980293 -0.00068137031786339 -4.7574318614947 365.232324419507 70730811.852908
-0.2216 0.00230529152965883 0.00182529938367852 -4.75863032525583 365.185409541611 70732089.6373442
-0.2217 -0.00217368207805392 -0.00330866981641958 -4.76679453987131 365.138494663715 70728540.1556381
-0.2218 -0.000259559591248935 0.00302074250571035 -4.76513961791419 365.091579785819 70730733.7901192
-0.2219 -0.00250084154704842 -0.00433198631723357 -4.77098889823228 365.044664907923 70727470.9614475
-0.222000000000001 0.00323028988581438 0.00167596236136005 -4.77133823571018 364.997750030027 70730533.9980037
-0.2221 -0.00333440602698833 -0.00195746223848333 -4.77532650271277 364.950835152131 70727169.6447592
-0.2222 -0.00029470525345721 -0.000645270214499777 -4.77734849221924 364.903920274235 70728032.2971251
-0.2223 -0.00117630547972064 -0.00115982325128023 -4.77858059013275 364.857005396339 70727713.2021439
-0.2224 -0.000747254204521045 -0.000862803871097387 -4.77935220307034 364.810090518444 70727291.2383232
-0.2225 -0.0019247599511993 -0.00153642164083508 -4.78146740764975 364.763175640548 70726573.8406882
-0.2226 -0.00100738979336703 0.000595385863817954 -4.78583682075589 364.716260762652 70726156.251699
-0.2227 -0.000661263567237761 -0.0015468130563669 -4.78722489443836 364.669345884756 70725200.9437432
-0.2228 -0.00300039487582147 0.000514076967247213 -4.78987695980443 364.62243100686 70724999.2054846
-0.222900000000001 0.000110764992528066 -0.00109971815841483 -4.79219611652877 364.575516128964 70724841.3485908
-0.223 -0.00172129148056445 0.000637452643441265 -4.79575070472759 364.528601251068 70724424.0022494
-0.2231 -0.00127552810936017 -2.6694962870379e-05 -4.79841367428308 364.481686373172 70723267.6208902
-0.2232 -6.13771567146962e-05 -0.00192074559462738 -4.79833195814628 364.434771495276 70723708.6350045
-0.2233 -0.00110387848228073 -4.72107762107022e-05 -4.79996098641719 364.387856617381 70723298.557844
-0.2234 4.63206651944652e-05 -0.00125422232508743 -4.80314839557632 364.340941739485 70722729.869489
-0.2235 -0.000942200726877044 1.37173338203225e-05 -4.80534493629091 364.294026861589 70723291.5062462
-0.223600000000001 -0.0021673302122348 -0.000489865818858363 -4.80887005858654 364.247111983693 70722105.8355504
-0.2237 0.000452919681389854 -0.000700091549927066 -4.80955640054587 364.200197105797 70722119.312098
-0.2238 -0.00336730738596709 -0.000206725953113288 -4.81431073361703 364.153282227901 70720580.4089551
-0.2239 0.00120675593937732 -0.00125165083471463 -4.81461267914752 364.106367350005 70720915.8744678
-0.224000000000001 -0.000635793401002131 -0.00230394042214014 -4.81872641115075 364.059452472109 70719896.582263
-0.2241 -0.00271466913158102 0.00104300836868973 -4.82109460191596 364.012537594213 70719641.8723092
-0.2242 -0.000934131597109956 -0.000134155610099947 -4.82164978076599 363.965622716318 70720211.1698831
-0.2243 0.000869612013665315 -0.0020112127852025 -4.82335481975256 363.918707838422 70719311.4861262
-0.2244 0.000105974628002187 -1.68236920430369e-05 -4.82576167718515 363.871792960526 70718977.0691628
-0.224500000000001 -0.00198288021962535 0.000754543337875591 -4.82902335733052 363.82487808263 70717683.4711343
-0.2246 -0.00227730870897099 -0.00345662439274378 -4.83155588929941 363.777963204734 70716778.1807665
-0.224700000000001 0.000372313632785227 0.00116998351544199 -4.83154919771867 363.731048326838 70718195.3145224
-0.224800000000001 -0.00334834830778949 -0.00111325417221047 -4.83679115557223 363.684133448942 70715901.7901279
-0.2249 0.00200157112600372 0.000597602562087178 -4.83584422818934 363.637218571046 70717670.7896486
-0.225 0.00024674697580358 -0.00349868982981384 -4.8399658362109 363.59030369315 70714965.8237161
-0.2251 -0.000912521969725861 0.00247119362623113 -4.84143435855309 363.543388815255 70716061.8834053
-0.2252 -0.00119873586428351 -0.00039547166422452 -4.84706891740966 363.496473937359 70713788.2359589
-0.2253 0.00211212904471715 -0.00181232115723265 -4.84682204694238 363.449559059463 70714226.1251349
-0.225400000000001 -0.00253872106982457 -0.000230298461312207 -4.85043795174102 363.402644181567 70713501.8028324
-0.2255 0.000324712404221135 -0.000151573614984187 -4.85136671474069 363.355729303671 70713873.7589232
-0.2256 -0.000396417098895493 -0.0022399901200531 -4.85466548010675 363.308814425775 70712790.2342236
-0.2257 0.000391963842770692 0.000759993364536939 -4.85294034298429 363.261899547879 70713530.039909
-0.2258 -0.00131310475678167 -0.001978500810097 -4.85953829926224 363.214984669983 70711340.2826433
-0.2259 -0.00102848825721087 0.000656141741143717 -4.86026578893361 363.168069792087 70711846.9872355
-0.226 -0.00217632218315967 -0.00155358318324841 -4.86481842447378 363.121154914191 70710675.1215278
-0.226100000000001 0.0007794389994243 -0.000680511884255673 -4.86507182542946 363.074240036296 70711866.2849317
-0.2262 -0.0011477451293645 -0.00183262527753139 -4.86834459695916 363.0273251584 70710480.1408102
-0.2263 -0.000981442875049189 0.00100507967582055 -4.86830629539554 362.980410280504 70711005.1478734
-0.2264 0.000603293025319135 -0.00328391625737879 -4.87276972269147 362.933495402608 70709000.5660804
-0.2265 0.000191991428860915 0.00189638974781489 -4.87233396159205 362.886580524712 70710442.7294439
-0.2266 -0.00140105472055259 -0.000632356335078705 -4.87669327268112 362.839665646816 70708640.1419798
-0.2267 -0.000350133635170335 0.000640871163963246 -4.88043113168326 362.79275076892 70708645.0310976
-0.2268 0.00146183176330198 -0.00114127058782392 -4.87973058889052 362.745835891024 70708805.8064735
-0.2269 -0.00332007810147998 -0.00171669046190904 -4.88666429922524 362.698921013128 70706797.6826983
-0.227000000000001 0.00191105626274324 0.00136219358765879 -4.88613260066132 362.652006135233 70708679.2834609
-0.2271 -0.00154087672043127 -0.00257283759978464 -4.89245351953645 362.605091257337 70705548.8135088
-0.2272 -0.00153773285574049 0.0019358009379915 -4.89116262317429 362.558176379441 70707003.2168872
-0.2273 -0.00054546524755132 -0.00230233740023882 -4.89309120942695 362.511261501545 70706839.5027819
-0.2274 0.00106298225568266 -0.000942713722026765 -4.89764003523161 362.464346623649 70706105.9366275
-0.2275 -0.00245260262188662 0.00100825172572999 -4.90079561596562 362.417431745753 70705162.8745855
-0.2276 -0.00171694577732336 -0.00141816351829689 -4.90304430352082 362.370516867857 70704814.8672575
-0.227700000000001 0.000404431182225608 -0.000688602787042704 -4.90295790348487 362.323601989961 70705042.0414593
-0.2278 -0.000585099228111182 -0.00214566108381414 -4.90697963176125 362.276687112065 70703767.8896855
-0.2279 -0.00104059424385206 0.00159670820949787 -4.90931418283216 362.22977223417 70704212.4370449
-0.228 -0.001399595427618 -0.00108889475048187 -4.91243516936986 362.182857356274 70703042.1544989
-0.2281 0.00174204256600586 -0.00109528712412531 -4.9121373789881 362.135942478378 70704103.9269401
-0.2282 -0.00317046968320823 -0.00175413839659745 -4.92003746580739 362.089027600482 70701648.477322
-0.2283 -0.000587827709933616 0.00284619731296745 -4.91776225604424 362.042112722586 70703115.1379675
-0.2284 -0.00206836983399855 -0.0049724295667546 -4.92142353259974 361.99519784469 70700750.0247718
-0.2285 0.00390880325614708 0.00147728762871834 -4.92099605193518 361.948282966794 70703573.0627672
-0.2286 -0.00523046935798153 -0.000285259802768566 -4.92923062873522 361.901368088898 70699986.3063783
-0.2287 8.2572078882772e-05 -0.000408521799276615 -4.92935051394892 361.854453211002 70701048.2377472
-0.2288 -0.00153043803440948 -0.00149368483076844 -4.93097314125133 361.807538333107 70700023.8973361
-0.228900000000001 -4.5792377987623e-05 -0.000253984432273633 -4.93235395068029 361.760623455211 70700640.1417072
-0.229 -0.000614555298575202 -0.000935529988089892 -4.93724347109208 361.713708577315 70698559.5281097
-0.2291 -0.000649605086197786 -0.00168905803110225 -4.93813623136961 361.666793699419 70698447.408765
-0.2292 -0.00101876399638669 0.0016413544810038 -4.94005917499738 361.619878821523 70699091.3532783
-0.229300000000001 0.00034766401683989 -0.000608622363728845 -4.94418609856664 361.572963943627 70698227.8925274
-0.2294 -0.000342094231853044 -0.00228061362694158 -4.94707359660029 361.526049065731 70697598.9163771
-0.2295 -0.000151864884734508 0.00246184626675029 -4.94879203644933 361.479134187835 70697498.7518783
-0.2296 -0.000449568246668091 -0.00319493438403924 -4.95169703941463 361.432219309939 70695892.9223899
-0.2297 -0.00190027827602448 0.00158882767643735 -4.95188039603202 361.385304432044 70696748.6941677
-0.229800000000001 0.0010369925660362 -0.00262327444783378 -4.95588595235209 361.338389554148 70695940.0457485
-0.2299 -0.00028216076358133 -2.86290398946178e-05 -4.95906133833549 361.291474676252 70695357.2594066
-0.23 -0.00250723881443309 0.0022748647233303 -4.96077250138063 361.244559798356 70695322.2181551
-0.2301 0.000974729121557867 -0.00260409036016749 -4.9631949640395 361.19764492046 70694542.2455118
-0.2302 -0.00109897465415845 -7.58564624325956e-05 -4.96522793944147 361.150730042564 70694246.9939255
-0.2303 -0.000741624341272733 0.00112874669745274 -4.96904517739034 361.103815164668 70693317.2830084
-0.2304 -0.00204677111681353 0.000751788838603842 -4.97158373981242 361.056900286772 70692500.0238147
-0.2305 0.0025857205641071 -0.00370711586205011 -4.97391236380366 361.009985408876 70692871.0915828
-0.2306 -0.00250692113590912 0.00135243250893149 -4.97460102942109 360.963070530981 70692800.8444113
-0.230700000000001 -0.000592449643606782 -0.00171272090940859 -4.97731274600283 360.916155653085 70692589.2279871
-0.2308 0.000232035481808386 -0.00119950962563255 -4.97960459374866 360.869240775189 70691681.6322496
-0.2309 -0.00181973383986635 -0.00146146554639811 -4.98224833940789 360.822325897293 70690531.9080221
-0.231 -4.29333433011352e-05 0.0014503263934383 -4.98241281298469 360.775411019397 70691483.9064861
-0.2311 -0.00122221381126771 -0.0030611468129663 -4.98306934031899 360.728496141501 70690992.6935911
-0.2312 -0.0021685467428383 0.00100005965124274 -4.98477518591103 360.681581263605 70691458.5255322
-0.2313 0.00183772466807833 -0.00304765357297368 -4.98434599944798 360.634666385709 70691627.4671026
-0.2314 -0.00240415924697991 0.00098548359022996 -4.98869461999896 360.587751507813 70691245.559938
-0.2315 -0.00119777721189212 0.00173345783757616 -4.99014261874233 360.540836629918 70690702.7661741
-0.2316 -8.54533652183271e-05 -0.00217713451301064 -4.99062054741309 360.493921752022 70690080.1545935
-0.2317 -0.000818083703234683 -0.00150560333248335 -4.99254275763728 360.447006874126 70689568.5618176
-0.231800000000001 -0.00241813981081915 0.000967922084899168 -4.99560719585649 360.40009199623 70689630.6146801
-0.2319 0.000841952398855067 -0.000193663456862648 -4.99448115780945 360.353177118334 70690431.0117369
-0.232 -0.0013547131483408 -0.00230690587401791 -4.99911839700697 360.306262240438 70688458.7035187
-0.232100000000001 -0.00234950775513583 0.00171932413263579 -4.99776588999681 360.259347362542 70689632.3221555
-0.2322 0.000203240475374759 -0.00288667225873068 -5.00057938725721 360.212432484646 70688411.1182083
-0.2323 -0.00194949341008071 0.00122884674719268 -5.00037944696109 360.16551760675 70688406.4545894
-0.2324 -0.000293334299854519 -0.00202069620849268 -5.00220843714413 360.118602728855 70688021.7774
-0.232500000000001 0.00165407033051873 -0.00086763866705908 -5.00445735069611 360.071687850959 70688129.2236472
-0.2326 -0.00187642541735536 -0.00124002235740344 -5.00654533505214 360.024772973063 70687510.850237
-0.2327 0.000649061752474342 0.000787489466601217 -5.00750642761527 359.977858095167 70688210.5484573
-0.2328 -0.00117060690413612 -0.00291846198021911 -5.01084189180389 359.930943217271 70686050.4814977
-0.2329 -0.000316122208960469 0.00191573199581269 -5.01230281786562 359.884028339375 70686865.5983719
-0.233000000000001 0.000705398334449477 -0.00210740515373497 -5.01523630476184 359.837113461479 70685795.647698
-0.2331 -0.00101254841038059 -0.00203934685160945 -5.01780252046133 359.790198583583 70685259.9788925
-0.2332 -0.00129902747173722 0.000964625073713464 -5.01804463547109 359.743283705687 70685984.2173899
-0.2333 -0.00243109942358852 -0.000718368675570649 -5.02184739443337 359.696368827792 70684395.442132
-0.2334 0.0016387451803826 -0.000288269364113902 -5.02184967853612 359.649453949896 70685111.5119826
-0.2335 -0.0013707830136215 -0.00152188104173413 -5.02399883258398 359.602539072 70683888.0331956
-0.2336 -1.32681055947207e-05 7.92351257023963e-05 -5.0232885837745 359.555624194104 70684515.2081586
-0.2337 -0.000415459785751125 0.000379042181634314 -5.02568584460342 359.508709316208 70684369.9855549
-0.2338 -0.000799872944954829 -0.00151248916508608 -5.02750712531425 359.461794438312 70683987.2832595
-0.233900000000001 -0.000188544886343651 -0.000648842444414027 -5.02777006563236 359.414879560416 70684491.6176061
-0.234 -0.00134711656720375 -0.00306053285290876 -5.03219727231417 359.36796468252 70683014.617824
-0.234100000000001 -0.000215458423340915 0.00255881949779463 -5.03094888679241 359.321049804624 70684399.3452256
-0.2342 0.000165097777076882 -0.00290947533680035 -5.03544670201129 359.274134926728 70682729.9143603
-0.2343 -0.000869829576456842 -0.00251521440200728 -5.03618410987494 359.227220048833 70682404.1690617
-0.2344 -0.00237302003594733 0.00314410830266477 -5.03593506761958 359.180305170937 70682973.1039656
-0.2345 0.000785736371568919 -0.00320796816613181 -5.03952801580076 359.133390293041 70682002.2928128
-0.2346 0.00040908775125794 -0.000133188928400719 -5.03877422563005 359.086475415145 70682235.8161897
-0.2347 -0.00361169762415835 -0.000668679176168666 -5.03910615616465 359.039560537249 70681573.4107231
-0.234800000000001 -0.000125296912081717 -0.000595528948515124 -5.04077672197491 358.992645659353 70682462.6937854
-0.2349 -0.00212164736249915 -0.000996621576209637 -5.0416825417933 358.945730781457 70680974.3871232
-0.235 -0.00157002878294411 -0.000173123922428322 -5.04442054024318 358.898815903561 70681062.3176547
-0.2351 0.000942923370263818 -0.000501453959499684 -5.0457107327476 358.851901025665 70680969.9987279
-0.2352 -0.00191105214373596 -0.00136131604255833 -5.0451611420438 358.80498614777 70680527.8728846
-0.235300000000001 -0.00199443577401635 5.72785256277532e-05 -5.04640547457014 358.758071269874 70680814.5283695
-0.2354 0.00157744724027662 -0.00231388825020935 -5.04714041817344 358.711156391978 70680850.8417876
-0.2355 -0.00289894276788471 -0.000845091377788373 -5.05041862089001 358.664241514082 70679501.0157433
-0.2356 0.00114683755980547 -0.000944690538238686 -5.04789777626253 358.617326636186 70680499.3283474
-0.2357 -0.000535069756272243 -0.000669779533007875 -5.04830669632103 358.57041175829 70680387.2017379
-0.2358 -0.00216588218936343 -0.0004124327790737 -5.05127015667641 358.523496880394 70679299.7104528
-0.2359 -0.000187003922488023 0.000611657982564489 -5.04999955596628 358.476582002498 70680325.4454833
-0.236 -0.00105418058154884 -0.00194219191196115 -5.05270602211618 358.429667124602 70679069.5758495
-0.2361 0.00096178879568998 0.00223724352275935 -5.05306401848189 358.382752246707 70680591.9731732
-0.236200000000001 -0.00192351006383971 -0.00152113565799586 -5.05610080302571 358.335837368811 70678381.4213775
-0.2363 0.000605167241924309 0.000147710908056504 -5.05270781820363 358.288922490915 70680009.5204529
-0.2364 -0.00190702084723103 -0.00196535736250794 -5.05559004846585 358.242007613019 70678438.5479233
-0.2365 0.00107291313683828 -0.00219306359058716 -5.05484474672929 358.195092735123 70679726.4333254
-0.236600000000001 -0.00282080693821789 -0.000449914501054679 -5.05712753755444 358.148177857227 70678513.4602643
-0.2367 0.00227542387033703 -0.00227843095380452 -5.05794942178606 358.101262979331 70678517.1565626
-0.2368 -0.00356654580936094 0.00168206746661481 -5.06004255225049 358.054348101435 70677494.5710808
-0.2369 -0.000719273468365658 -0.000950722464785096 -5.05980317021522 358.007433223539 70678027.3281588
-0.237 0.00103325896551617 -0.0015702158961764 -5.06159023848723 357.960518345644 70678260.7233983
-0.237100000000001 -0.00245261301440023 -8.79299302760745e-05 -5.06266893964165 357.913603467748 70677707.628959
-0.2372 -0.00134266578664727 0.000286191712408885 -5.06119072410129 357.866688589852 70678289.5148351
-0.237300000000001 0.00123718661930496 -0.00224965018206813 -5.06237254625418 357.819773711956 70677811.9481268
-0.2374 -0.00212568403936212 0.00189993159896034 -5.06513275938748 357.77285883406 70677023.6514037
-0.2375 -0.000391535756024304 -0.00174308043495491 -5.0654771769186 357.725943956164 70676940.3257776
-0.2376 0.000711521679533145 -0.00167193352221212 -5.06868055300493 357.679029078268 70676588.604239
-0.2377 -0.000257427381782597 0.000625725777754114 -5.06935928967637 357.632114200372 70677281.2285563
-0.2378 -0.00200783579687012 -0.000158993199590613 -5.07269304748335 357.585199322476 70675964.2362611
-0.2379 0.00209322189840412 -0.000788251910082188 -5.07167855599766 357.538284444581 70676845.4823743
-0.238000000000001 -0.00108818985169862 -0.00063752439765601 -5.07413574637564 357.491369566685 70675666.4605679
-0.2381 -0.000900667129005339 -0.000571720431143546 -5.07420882155521 357.444454688789 70675805.1707646
-0.2382 8.61077049369122e-05 -0.00157125706246746 -5.074963708373 357.397539810893 70675889.7415462
-0.2383 -0.00145405668403636 3.11770390895762e-05 -5.07612450491012 357.350624932997 70675865.3258045
-0.2384 -0.00217962453324263 0.000211272544005358 -5.07717019749947 357.303710055101 70675802.8525499
-0.2385 -0.000770909847973497 -0.000749749988902866 -5.07960918567507 357.256795177205 70675170.4456634
-0.2386 0.000449311634314812 -0.00294731053413584 -5.07797316513776 357.209880299309 70674719.680956
-0.2387 -0.00229578916811634 0.000514126258408155 -5.07871407536005 357.162965421413 70675107.1729222
-0.2388 -0.000321608187858519 -0.000204127394495612 -5.08056895326979 357.116050543518 70675164.253095
-0.238900000000001 -0.00215253882259803 0.000591049089524937 -5.0825382461649 357.069135665622 70674616.6121476
-0.239 0.000256466274490286 0.000220363225705347 -5.08300619846248 357.022220787726 70675506.3834653
-0.2391 -0.00212893673514528 -0.00119657424355188 -5.08332218831336 356.97530590983 70674573.6033905
-0.2392 0.000655679173264696 0.00228804785280502 -5.0829792691609 356.928391031934 70675749.8140873
-0.2393 -0.00164829552959716 -0.00139007077578566 -5.0861543712302 356.881476154038 70673512.1494134
-0.239400000000001 -0.00236672158523187 -0.000703709334505968 -5.08647573821083 356.834561276142 70673786.0394968
-0.2395 0.00221087082132392 -0.00148049139533836 -5.08468711812778 356.787646398246 70674670.1716251
-0.2396 -0.00436835659958076 -0.0011944506683356 -5.08754868963837 356.74073152035 70673187.7793236
-0.2397 0.00237996016736419 -0.000631083169458787 -5.08733790938709 356.693816642455 70675425.3571805
-0.2398 -0.00328014234484552 -0.000785097517077347 -5.0892308676661 356.646901764559 70673305.1622136
-0.2399 0.00142134526536814 -0.000204145749391355 -5.0878150240076 356.599986886663 70674500.0575596
-0.24 -0.00157091184444691 -0.000251510810777857 -5.08809055886071 356.553072008767 70673847.5846227
-0.2401 -0.000136593443995239 -0.00125198827601193 -5.08870088139637 356.506157130871 70673938.5212598
-0.2402 -0.00260615712922279 4.45927234992406e-05 -5.091164567417 356.459242252975 70673283.9468144
-0.240300000000001 -0.0012204899281228 -0.00102520949085146 -5.09265334107766 356.412327375079 70673091.5405011
-0.2404 -0.00100031944850147 -0.00234221294030661 -5.0941941962006 356.365412497183 70672472.6736163
-0.2405 -0.000181751881383815 0.00132899208522998 -5.09166758791865 356.318497619287 70674240.9366887
-0.2406 -0.00216678343135214 -0.00312001848478509 -5.09581612684491 356.271582741392 70671816.9651422
-0.2407 -0.000946475352876071 -0.000178556488655653 -5.09431569911421 356.224667863496 70672794.2836726
-0.2408 -0.00147097589878934 -0.000450706902951678 -5.09650323569793 356.1777529856 70672104.1818656
-0.2409 -0.000605593541023737 -0.000708552898040068 -5.09541746303362 356.130838107704 70672823.3238583
-0.241 -0.000294919048403421 -0.000711951691335922 -5.09869271132509 356.083923229808 70671842.6484843
-0.2411 -0.000451064595971725 -0.00212135994484401 -5.1014406117385 356.037008351912 70671407.1233111
-0.2412 -0.00057407863048591 -0.00175353040846791 -5.10160420041811 355.990093474016 70671392.8653903
-0.2413 0.000646332071998697 0.00039333214220296 -5.10097911478806 355.94317859612 70672013.2370114
-0.2414 -0.00320028106186699 -0.000302135364872249 -5.10366198459955 355.896263718224 70670794.3479069
-0.2415 -0.000476540252720394 0.00143490694305206 -5.10434837029608 355.849348840329 70672003.3874068
-0.2416 -0.00302969841938361 -0.00225038492730372 -5.10685038332631 355.802433962433 70669745.7163802
-0.2417 0.0011410220363489 -0.00189388920892657 -5.10748352058072 355.755519084537 70670729.0360054
-0.2418 4.01198721517206e-05 -0.0013403460242684 -5.10739141375112 355.708604206641 70670733.0340718
-0.2419 -0.000392378527103821 0.000389006520232707 -5.10823475607253 355.661689328745 70670626.0509957
-0.242 0.000607837705442941 -0.0019909633219915 -5.11026645486222 355.614774450849 70670399.0449207
-0.2421 -0.000854667887917518 -0.000434633213571725 -5.10974565978687 355.567859572953 70670248.4932259
-0.2422 -0.00030316006835063 0.000464916494661861 -5.11045600018411 355.520944695057 70670290.4175381
-0.2423 -0.00158088377703558 -0.000832596834589886 -5.11125796656175 355.474029817161 70669580.0466366
-0.2424 0.00303100411055534 -0.00237140917797251 -5.10970548595019 355.427114939265 70670317.572405
-0.2425 -0.00362636042911064 0.000445400135659307 -5.111473832431 355.38020006137 70669303.0215625
-0.242600000000001 0.000452937981234046 -0.000210764769689345 -5.11229376193343 355.333285183474 70669963.5354626
-0.2427 -0.00126410218970202 -0.00358425765473752 -5.11465470046552 355.286370305578 70668338.6210932
-0.2428 -0.00133014324135943 0.000986566025984621 -5.1098827781292 355.239455427682 70670921.838511
-0.2429 -0.00084298595744875 -0.000221848529308277 -5.11370579444372 355.192540549786 70669523.497558
-0.243 2.38686704647273e-05 -0.00164528490969577 -5.11350751041222 355.14562567189 70669512.6728541
-0.2431 -0.000419193723790594 -0.00243047154451603 -5.11398716142804 355.098710793994 70669601.9996541
-0.2432 -0.00116354569744372 0.000646422017917031 -5.11468361124993 355.051795916098 70669631.740392
-0.2433 4.04664291962113e-06 -0.00155429363256322 -5.11652796048706 355.004881038202 70669185.91691
-0.2434 0.000679674538283554 -3.83897502044729e-05 -5.11560084374427 354.957966160307 70669252.1676964
-0.2435 -0.00066370227059823 -0.00327509982715394 -5.11894353732357 354.911051282411 70667811.4089639
-0.2436 -0.000127524442181788 0.0020087020054046 -5.11856704304298 354.864136404515 70669458.3515673
-0.2437 -0.00250292215916102 0.000359286139387511 -5.12033805151585 354.817221526619 70668310.8918598
-0.2438 0.000604392485950958 -0.00330454348264621 -5.1209425501587 354.770306648723 70668120.6205374
-0.2439 -0.000625843934574961 -0.000643060827303368 -5.12179093347179 354.723391770827 70668205.3863226
-0.244 -0.00306831560188029 0.00116232965995936 -5.11858800366369 354.676476892931 70668431.6496662
-0.2441 0.00108742934598338 -0.00322947471110472 -5.12207206508279 354.629562015035 70667860.8180711
-0.2442 -0.000647254381710463 0.0013351908616519 -5.11994361337887 354.582647137139 70669000.681197
-0.2443 0.000392711690411632 -0.00312462505714672 -5.12293728863592 354.535732259244 70667776.6276887
-0.244400000000001 -0.00115481922130616 0.000772029479475332 -5.12171355315534 354.488817381348 70668467.3530435
-0.2445 -0.000946654674775472 -0.00129306810652324 -5.1235994935591 354.441902503452 70667480.3765531
-0.2446 -0.000767989003566266 -0.00256439389123654 -5.12326888087544 354.394987625556 70667857.5179463
-0.2447 -0.00114891563936085 0.00103964068597964 -5.12261420797425 354.34807274766 70668310.1083724
-0.2448 -0.000554177714611844 -0.00104204801156097 -5.12545796362729 354.301157869764 70667300.0298454
-0.2449 -0.000768696739538017 -0.00104518962857077 -5.12529333926646 354.254242991868 70667362.0271655
-0.245 -0.000337925268808936 0.00164276070820764 -5.12412529585274 354.207328113972 70668002.2277912
-0.2451 0.000479675181563629 -0.0025665510873042 -5.12689908469048 354.160413236076 70666758.9516996
-0.2452 -0.000265089919798836 0.00139320156017995 -5.12606540143443 354.113498358181 70668034.7372293
-0.2453 -0.00323319989626769 -0.0031261095828766 -5.13238917964662 354.066583480285 70665294.82132
-0.245400000000001 0.00112628549173283 0.00256807850305764 -5.12892696445901 354.019668602389 70667946.2650623
-0.2455 -0.00100459980258829 -0.00259754888135184 -5.13475605763649 353.972753724493 70665130.4426046
-0.2456 0.00181095218944006 0.000173616798487246 -5.13475241142019 353.925838846597 70666397.6220814
-0.2457 -0.00305442690528019 0.00121840427246101 -5.13828156310812 353.878923968701 70664716.2769197
-0.245800000000001 -0.000333212360489727 0.000144388490523272 -5.13783891077047 353.832009090805 70665576.5360949
-0.2459 -0.000632845664972789 -0.00247515614159633 -5.14087974070794 353.785094212909 70664292.2022838
-0.246 -0.00137825883212067 0.00287120897583233 -5.13936221880662 353.738179335013 70665956.06298
-0.2461 0.00068108688266529 -0.00316103264465373 -5.1427652655235 353.691264457118 70664415.5979361
-0.2462 -0.00202597963955191 0.000169595659898752 -5.14531570416645 353.644349579222 70664085.0270993
-0.2463 0.00064970203046324 -0.00193959642177921 -5.14587753504833 353.597434701326 70664305.2540056
-0.2464 -0.0021676622962824 -0.00131992205214107 -5.14790553017306 353.55051982343 70663451.675153
-0.2465 -0.00135273876851756 0.00256643405751719 -5.14989601787054 353.503604945534 70664400.5133381
-0.2466 -0.000310518374573013 -0.00365523405989311 -5.15385708354855 353.456690067638 70662293.2242019
-0.246700000000001 -0.000161506824899154 -0.000276717855012226 -5.15470585655258 353.409775189742 70662984.5053815
-0.2468 -0.00253870587714863 0.000140428701551738 -5.154022058793 353.362860311846 70662648.9084921
-0.2469 0.000520682470065119 -0.000248581153996533 -5.15499880113695 353.31594543395 70662833.3403004
-0.247 -0.00073902372270338 -0.00296870913479436 -5.15880841368229 353.269030556055 70661471.6207054
-0.2471 -0.000506102921107301 0.00115975460404627 -5.15881514765646 353.222115678159 70661940.6584453
-0.2472 -0.00315441765158129 0.00092320453018926 -5.16140429377645 353.175200800263 70661098.0754776
-0.2473 -0.000101500445762241 -0.000968157768126032 -5.16310303591395 353.128285922367 70661219.0391781
-0.247400000000001 9.50548503506567e-05 -0.00311635049406618 -5.16448159229827 353.081371044471 70660697.1331441
-0.2475 -0.0022260379645617 0.00295773764642814 -5.16263879385862 353.034456166575 70662229.3363486
-0.2476 0.0005448410003837 -0.00190312901165505 -5.16645739050425 352.987541288679 70660938.7095631
-0.2477 -0.000802069093864244 -0.00164222333738546 -5.16727277183199 352.940626410783 70659965.3042429
-0.2478 0.000190950051446331 -0.00097186040604212 -5.16944866302947 352.893711532887 70659693.5995962
-0.2479 -0.00182461263852743 0.00073840143978 -5.1692057951242 352.846796654992 70660290.2209663
-0.248 -0.000433054296488278 -0.00033065142977341 -5.17012972438592 352.799881777096 70660084.0873163
-0.2481 -0.000450177275713048 0.000156494549043528 -5.1710058229551 352.7529668992 70660146.558586
-0.2482 -0.000217765430757043 -0.000809605257557347 -5.17137479451844 352.706052021304 70660363.2936744
-0.2483 0.00257767997933189 -0.00196797755746373 -5.17350169623447 352.659137143408 70660124.6122728
-0.2484 -0.00520644610253894 0.00395013724365208 -5.176677486854 352.612222265512 70658956.790351
-0.2485 0.00190253499107048 -0.00276717613923876 -5.17705527188319 352.565307387616 70658883.9636183
-0.248600000000001 -0.0011846341487789 -0.00212012766855817 -5.17730122468489 352.51839250972 70658551.8551783
-0.2487 -0.00350731477426701 0.00310432733460385 -5.17931446383873 352.471477631824 70658740.2987979
-0.2488 0.00237474506054464 -0.0015866213996026 -5.17955556388766 352.424562753929 70659553.8658883
-0.2489 0.000125077404851013 -0.0019120757647566 -5.18144953779965 352.377647876033 70658225.0726592
-0.249 -0.00112269550218022 0.000213505136006677 -5.18063707259427 352.330732998137 70658595.9728519
-0.2491 -0.00132755308473407 -0.00130485691940649 -5.1854523441441 352.283818120241 70656975.4888964
-0.2492 -0.000300014122558827 -0.00175556340119857 -5.18603527604755 352.236903242345 70656729.4350616
-0.2493 -0.00147240180778596 -0.000771027649968846 -5.18713996856003 352.189988364449 70656696.9970243
-0.2494 -0.00138727584143693 0.000829883908081452 -5.18947718110322 352.143073486553 70656816.1286987
-0.249500000000001 -0.000295805949595269 -0.00204461230441624 -5.18756075094326 352.096158608657 70657046.2699711
-0.2496 -0.00161544211812486 -0.000853012891009321 -5.18957575772627 352.049243730761 70656636.6782082
-0.2497 -0.000359009646108097 0.0013211640672681 -5.18760634373796 352.002328852866 70657389.5426169
-0.2498 -0.000876092876593246 -0.0018517145312416 -5.18885510265171 351.95541397497 70656530.8738484
-0.2499 -0.000715740489042903 -0.00158342751969047 -5.18921556460378 351.908499097074 70656732.5885617
-0.25 -0.00251279223635696 0.000476739665020413 -5.1912564398679 351.861584219178 70656385.7643779
-0.2501 0.00193688323771832 -0.00193005745133394 -5.19181193775341 351.814669341282 70656921.6835921
-0.2502 -0.00115795492734967 -0.00154637494774815 -5.19370385701518 351.767754463386 70656449.8935277
-0.2503 -0.00220943089989483 0.000488001037065154 -5.19502902761683 351.72083958549 70656125.2834105
-0.250400000000001 -0.000658459787936733 -0.00140457242064414 -5.19510926848472 351.673924707594 70655860.5949639
-0.2505 -0.00100975371173982 -0.000723873675302097 -5.19530987031422 351.627009829698 70656403.7115066
-0.2506 -0.00208688929036427 -8.11608819856948e-05 -5.19863721401362 351.580094951802 70655454.7476835
-0.2507 0.00290933689175419 -0.00209556360834648 -5.19907278298724 351.533180073907 70656106.8328829
-0.2508 -0.00409544782000021 -0.000827747546916782 -5.20030184380019 351.486265196011 70654510.8814217
-0.2509 -0.00163432404419716 0.00382087431555067 -5.20124387200312 351.439350318115 70655863.6037298
-0.251 0.000385516230310669 -0.00404917023257692 -5.20415343454739 351.392435440219 70654497.736952
-0.2511 0.0011797597703585 -0.000362638514849696 -5.20455159117978 351.345520562323 70655199.0264099
-0.2512 -0.00285646137184199 -0.0012019116865973 -5.20829834213805 351.298605684427 70653135.7088364
-0.251300000000001 -0.00158353856440886 0.000339657235448954 -5.20361734284309 351.251690806531 70655193.7258455
-0.2514 -0.00101414394492566 -0.00214056594903422 -5.2073391567091 351.204775928635 70653590.1949089
-0.251500000000001 -0.000869811764766253 0.00113658021201054 -5.20594310365037 351.157861050739 70654860.6986928
-0.2516 3.37721638724761e-06 -0.0012361336183061 -5.20712468016502 351.110946172844 70654622.8562597
-0.2517 -0.00270091733157579 -0.00105057239284454 -5.20738212653023 351.064031294948 70653490.4943453
-0.2518 0.000802850923963782 -0.000315383519167616 -5.20748891561049 351.017116417052 70654646.0991116
-0.2519 -0.00135793124001822 -0.00110297731410973 -5.20951998234069 350.970201539156 70653490.5611628
-0.252 -0.00158515849991786 -0.000698811581890837 -5.20761233950966 350.92328666126 70653853.3582845
-0.2521 -0.000822852943151552 -0.00126423053774401 -5.20836652771191 350.876371783364 70654456.7862584
-0.2522 -0.000522961084735648 0.000399568029937798 -5.20972178458333 350.829456905468 70654661.5771783
-0.2523 -0.000326567125442143 -0.00222712944022691 -5.21210945626022 350.782542027572 70653389.6601094
-0.2524 -0.000415275760210816 0.000355419866914498 -5.21212962956535 350.735627149676 70653559.7636933
-0.2525 -0.00169209143489069 -0.00033094387394523 -5.21634725878103 350.688712271781 70652433.4199003
-0.2526 0.000664969686117349 -0.00124786864573017 -5.21286656113543 350.641797393885 70653435.1263463
-0.252700000000001 -0.00362387906105283 2.00698858034349e-05 -5.21435236566706 350.594882515989 70653084.2562553
-0.2528 0.000979188728150273 0.000794104034687404 -5.2162352948888 350.547967638093 70653802.4722077
-0.2529 -0.00229373555579744 -0.00260707804657315 -5.21948827783883 350.501052760197 70651950.7930566
-0.253 0.00112100446232807 0.000185726995281335 -5.217935546095 350.454137882301 70653181.209174
-0.2531 -0.00140096185468009 -0.00255881844443507 -5.21985032124538 350.407223004405 70651562.8996202
-0.2532 -0.000318170455019813 0.000389140273524088 -5.21770609500079 350.360308126509 70652935.1674867
-0.2533 -0.00164909810376283 0.00118063364983693 -5.21862522554269 350.313393248613 70652396.3720818
-0.2534 -0.00151147818757221 -0.00127197195128827 -5.22142918632213 350.266478370718 70652185.8481591
-0.2535 -0.000131488776767424 -0.000590803887945879 -5.22063549734762 350.219563492822 70652986.1858439
-0.2536 -0.00186691806977323 -0.000471753567062929 -5.2188088688154 350.172648614926 70652869.8889305
-0.2537 0.000465972748789359 0.000864469898559386 -5.21675162262149 350.12573373703 70653755.3031998
-0.2538 -0.00163358443837425 -0.000250931259873596 -5.220578406756 350.078818859134 70652309.8616651
-0.2539 -0.000364767301819171 -0.000363871274693183 -5.2218731006459 350.031903981238 70652942.6847455
-0.254000000000001 -0.000991900201627783 -0.00461625353559861 -5.22345870020396 349.984989103342 70652128.410005
-0.2541 -0.000789158627263399 0.00167090867196976 -5.22289259226797 349.938074225446 70653778.3895601
-0.2542 -0.000825521126560876 -0.00329160331971567 -5.22249289345235 349.89115934755 70651944.9727385
-0.2543 -0.00197096826808027 0.00181727287305154 -5.22020840455714 349.844244469655 70653096.3027606
-0.2544 0.00146921260424071 -0.00181974568850755 -5.21999435608441 349.797329591759 70653032.1131841
-0.254500000000001 -0.00365298423908263 0.000364893650577899 -5.22318698910402 349.750414713863 70652080.6967382
-0.2546 0.00121229504615487 -0.00246440499637435 -5.22068738604019 349.703499835967 70653292.2152924
-0.2547 -0.00302061227964621 -0.00101888799394704 -5.22289037888442 349.656584958071 70652842.5325634
-0.2548 -0.000359696686930321 -0.00157156995172072 -5.22061491463983 349.609670080175 70653646.1230247
-0.2549 -0.00105093305236974 0.000460700764539891 -5.22009054218321 349.562755202279 70653399.9072066
-0.255 0.000717213552526905 -0.00134582173867699 -5.21988382669376 349.515840324383 70652999.2992757
-0.2551 -0.000525277037539868 -0.00138197628466131 -5.22212338041073 349.468925446487 70652765.1219775
-0.2552 -0.000993180067519223 0.000590486896641266 -5.22294535476111 349.422010568592 70652806.3854062
-0.2553 0.00101855712880561 -0.00103482972345111 -5.22446816263595 349.375095690696 70652955.7323477
-0.255400000000001 -0.00307939982583334 -0.000741983641686964 -5.2256301302697 349.3281808128 70652028.2765436
-0.2555 0.000258377676020566 0.000770565180475246 -5.22508645037888 349.281265934904 70653013.4860695
-0.2556 -6.74190612815868e-05 -0.00494308283493152 -5.22801837374879 349.234351057008 70650584.5537909
-0.2557 -0.00291847818776255 0.00398495144212166 -5.22569320303846 349.187436179112 70652043.8561375
-0.2558 -0.000861368950060373 -0.00263169529198902 -5.2281617797717 349.140521301216 70650387.2328066
-0.255900000000001 0.00180628232437565 0.0001629106233525 -5.22506877108955 349.09360642332 70653162.8829827
-0.256 -0.00311211644538647 -0.00190162941101219 -5.22991296926772 349.046691545424 70651285.3166445
-0.2561 -0.000253372893807548 0.000269589445564996 -5.22676330097703 348.999776667529 70653324.6681305
-0.2562 -2.9251193277746e-05 -0.00258496687124744 -5.22776429230017 348.952861789633 70651230.0654926
-0.2563 -0.00225976856206343 0.0012383697459514 -5.22752940347973 348.905946911737 70651550.7148745
-0.2564 0.00201781843923644 -0.00242905308126878 -5.22686303525768 348.859032033841 70651804.6164685
-0.2565 -0.00176498676636072 -0.00134502942600734 -5.23121002703597 348.812117155945 70651042.976525
-0.2566 0.000496689266538895 -0.000310472124844325 -5.22992281117964 348.765202278049 70652516.8709813
-0.2567 -0.000675592599929508 -0.00108157604381527 -5.23264796564233 348.718287400153 70651558.5356827
-0.256800000000001 0.00117421888454415 -0.00054831656033195 -5.23266972176877 348.671372522257 70651557.4360731
-0.2569 -0.00324234063532548 0.000679313281373497 -5.23427455669041 348.624457644361 70650147.3709208
-0.257 0.000164745072621377 -0.0015259654468423 -5.23480568634515 348.577542766466 70650335.0559862
-0.2571 0.000665737633544429 -0.00127757626074097 -5.23417619207132 348.53062788857 70651224.0582988
-0.2572 -0.00128036524911005 0.000238515266033586 -5.23449189709063 348.483713010674 70651738.2210897
-0.2573 0.000310628502534565 -0.00164493817035218 -5.23594302920135 348.436798132778 70651200.4660593
-0.2574 -0.000909660430943278 -0.00137887403949523 -5.23482681961873 348.389883254882 70651087.9049713
-0.2575 -0.000106462723920412 -0.00102485555990618 -5.23290881328026 348.342968376986 70651292.4390499
-0.2576 0.000479542502610302 -0.00196699353102642 -5.235527458233 348.29605349909 70650193.0480871
-0.2577 -0.00084996758531949 0.00106680634205982 -5.23675959613016 348.249138621194 70650934.9164852
-0.2578 -0.00144714577498289 -0.00190721666137488 -5.24130070667487 348.202223743298 70649331.1021706
-0.2579 0.000635350873478042 -0.000401256756658033 -5.23858419682513 348.155308865402 70651349.1575909
-0.258 -0.00132579490266272 -0.00181360342898691 -5.24250073824111 348.108393987507 70649311.9780317
-0.2581 -0.00115942474951372 0.000724460694874744 -5.24101400707558 348.061479109611 70649964.1084076
-0.2582 0.000439776563406963 -0.00365786048676229 -5.24228123899426 348.014564231715 70649223.2960199
-0.2583 -0.000656852708305126 0.000609023126691826 -5.24428416809913 347.967649353819 70649869.4971028
-0.2584 -0.0034263992017544 -0.000566346653391906 -5.24573984418621 347.920734475923 70648320.7281069
-0.2585 0.000471108805304187 0.000630747513467911 -5.24645330104163 347.873819598027 70649858.4710479
-0.2586 -0.00252338618852171 -0.00143947570203219 -5.24882814954762 347.826904720131 70648353.8256823
-0.2587 0.00118030988358128 0.000801325245888969 -5.24801389246537 347.779989842235 70649644.1511593
-0.2588 -0.00225328883439984 -0.00208874495968056 -5.25140500816991 347.733074964339 70647218.6445219
-0.2589 0.00124543865111853 0.00118278039497093 -5.25066498202896 347.686160086444 70648922.5504897
-0.259 -0.00256064839071771 -0.00145313788246708 -5.25478927915632 347.639245208548 70646759.1156261
-0.2591 0.000512852822160252 0.000550533711399176 -5.25327535840182 347.592330330652 70648024.5067957
-0.2592 0.000272229285214553 -0.00249233791736074 -5.25579860315021 347.545415452756 70647386.9469243
-0.2593 -0.000723264893252305 0.00139861131172714 -5.25479385555112 347.49850057486 70648215.1225212
-0.2594 -0.00171118534000253 -0.00186357518538782 -5.25542834699393 347.451585696964 70647032.0172291
-0.2595 0.00104044649064227 0.000649708395128029 -5.25539625186839 347.404670819068 70648239.6447836
-0.2596 -0.00158797656463168 -0.000949147501258272 -5.25804135751411 347.357755941172 70646999.5185833
-0.2597 0.00140961627312281 4.16712520462667e-05 -5.25819196846914 347.310841063276 70648344.7369718
-0.2598 -0.00263838888304744 -0.00231882326961103 -5.26323718928532 347.263926185381 70645543.8576588
-0.2599 0.000228706538260437 0.00277617051820711 -5.26360504858942 347.217011307485 70647853.3796984
-0.260000000000001 -0.00255106017169662 -0.00239867876016372 -5.26670607737969 347.170096429589 70645378.232131
-0.2601 0.000790404421262401 -0.000765112452632169 -5.26549050216138 347.123181551693 70646697.2191618
-0.2602 -0.00215545156725631 0.000237400517166829 -5.26413352167767 347.076266673797 70646764.6558483
-0.2603 -0.00116290248452169 -0.00134563276981174 -5.2677628312024 347.029351795901 70645816.7715773
-0.2604 0.000729069617871713 0.000826142727611514 -5.26570194405059 346.982436918005 70647182.8293037
-0.2605 -0.00456080476960303 -0.00107479649800875 -5.26798523624563 346.935522040109 70645254.0306803
-0.2606 0.0020049584608303 0.000803053057391304 -5.2643707549858 346.888607162213 70647688.9826237
-0.2607 -0.000473138739982539 -0.00344095395275684 -5.26898377093386 346.841692284318 70645596.0971415
-0.2608 -0.000597991595554039 -3.79488176475576e-05 -5.26745133960377 346.794777406422 70646034.0577192
-0.2609 -0.0026738697614882 0.000842871698000082 -5.26861450177545 346.747862528526 70645833.1048371
-0.261 0.00212962852890586 -0.000982735529060147 -5.2686630337648 346.70094765063 70646489.902617
-0.2611 -0.00198207438480472 -0.00134650553950153 -5.27168721996133 346.654032772734 70644895.6834408
-0.2612 -0.00215650463081974 0.00127603276188807 -5.2728435370375 346.607117894838 70645915.9814969
-0.2613 -0.00154489144061515 -0.00338823288663476 -5.27351467878342 346.560203016942 70644691.2598332
-0.2614 0.00157105701668279 0.00128355057519691 -5.27392453099944 346.513288139046 70646442.1679239
-0.2615 -0.00384089299800759 -0.00208499519482654 -5.27888759998985 346.46637326115 70643138.074475
-0.2616 0.00226898853247697 0.00163075305844408 -5.27522885407457 346.419458383255 70645939.4169232
-0.2617 -0.00165959799178275 -0.00254692052254746 -5.27871092174018 346.372543505359 70643818.2543601
-0.2618 -0.00108588522202401 0.000981529860539866 -5.27602273463149 346.325628627463 70645721.3408584
-0.2619 -0.0020788186554514 -0.00197512469166141 -5.27737438722098 346.278713749567 70644610.7615923
-0.262 0.00323608945144686 -0.00294449948029241 -5.27605712320621 346.231798871671 70645673.1596586
-0.2621 -0.00186184692596054 0.000678073273990467 -5.2781813590703 346.184883993775 70644642.6912829
-0.2622 -0.000747134428510915 -0.00282909016536726 -5.27809058418083 346.137969115879 70644298.4393812
-0.2623 0.000536427830274188 0.000366463719916397 -5.27849480944342 346.091054237983 70644957.8875298
-0.2624 -0.00280982089407957 -0.00151401224940026 -5.2799894512751 346.044139360087 70644146.411241
-0.2625 0.00230717418943966 0.000232095194515975 -5.2768439814411 345.997224482192 70646459.6584008
-0.2626 -0.00167064601778334 -0.00263346541618406 -5.28114897961188 345.950309604296 70643638.8199181
-0.2627 -0.00160416012033351 0.000745514472324575 -5.27936751367141 345.9033947264 70645089.1265382
-0.2628 -0.000488442389431115 -0.00101277349917318 -5.27989301028627 345.856479848504 70644995.9887542
-0.2629 0.000363779104077812 -0.00187928718777817 -5.28185884414088 345.809564970608 70644372.0690189
-0.263 -0.00308287045626111 0.00258502274461842 -5.28159874534263 345.762650092712 70645213.4154062
-0.2631 -0.000936562498249122 -0.00150428030349703 -5.2818155668841 345.715735214816 70644389.3435885
-0.2632 0.000524047856961065 -0.00320549487671285 -5.28476781575322 345.66882033692 70644176.5119254
-0.2633 -0.00216031450631012 0.000465004256930365 -5.28333187448499 345.621905459024 70644429.4902152
-0.2634 0.00112867563891522 -0.000757660243144736 -5.28349513515755 345.574990581129 70644669.2727588
-0.2635 -0.00182684015400467 -0.00149332085630508 -5.28685748466738 345.528075703233 70643544.213589
-0.2636 -0.00152289902285697 0.000960865116461977 -5.284668002281 345.481160825337 70644451.8901671
-0.2637 -0.00116911004750027 -0.00165003545440603 -5.28734345692283 345.434245947441 70643537.4548373
-0.2638 0.00106694474240659 -0.000764506611513515 -5.28653194396231 345.387331069545 70644393.8971066
-0.2639 -0.000892551592864245 -0.000849673400725993 -5.29002888327192 345.340416191649 70643230.6847277
-0.264 -0.00138431261237564 0.000416806201817721 -5.28957456406691 345.293501313753 70643695.3949601
-0.264100000000001 -0.00143922409067422 -0.0012729506800737 -5.28892061006282 345.246586435857 70643489.8632235
-0.2642 0.00139536926001194 -0.00136424102240176 -5.28926774541 345.199671557961 70644351.7200285
-0.2643 -0.00321993535955927 0.000467335657501871 -5.29155844744232 345.152756680066 70643204.7484743
-0.2644 0.00128966126866172 -0.000747400136852029 -5.28934832413265 345.10584180217 70644414.4820437
-0.2645 -0.000971037871700085 -0.00129596904957657 -5.29242710114557 345.058926924274 70643339.6933825
-0.2646 -0.000673100465298327 -0.000240479413571715 -5.29217175957947 345.012012046378 70643308.2074508
-0.2647 -0.00271550029948586 -0.000482287416385538 -5.29468186761036 344.965097168482 70642224.8374282
-0.2648 0.00144359183808512 0.000528080724469487 -5.2958617077098 344.918182290586 70642954.3579531
-0.2649 -0.000684914400217437 -0.00227280953588685 -5.29898979117245 344.87126741269 70641930.5394202
-0.265 -0.00164556849567131 0.000477261541974742 -5.29821969586783 344.824352534794 70642684.7450016
-0.2651 -0.00074317852581881 -0.0010845067984924 -5.29970375863983 344.777437656898 70642425.1413749
-0.2652 -0.00015800425234965 0.000207474055173867 -5.30000429187338 344.730522779002 70642980.6979065
-0.2653 -0.000703969150487114 -7.37032149377621e-05 -5.30080202379524 344.683607901107 70641964.6582201
-0.2654 -0.000729399241697591 -0.00302681000332198 -5.30325953802298 344.636693023211 70641325.4698009
-0.2655 -0.000492800619373503 -0.000866718779976044 -5.30271812973913 344.589778145315 70641613.4401711
-0.2656 -0.000150298682592763 0.000611581187322334 -5.30417777145722 344.542863267419 70641856.3891899
-0.2657 -0.00108254447444042 -0.00204503370872086 -5.30612008128238 344.495948389523 70641056.2152562
-0.2658 -0.00152265224724673 -5.13659224879951e-05 -5.30763958946245 344.449033511627 70641235.6770149
-0.2659 -0.000120708825991585 -0.000153258437629877 -5.30930652431542 344.402118633731 70641167.7099237
-0.266 -0.000808878792903078 -0.00281534990159915 -5.31354783901577 344.355203755835 70639166.1357091
-0.2661 0.000584628108148688 0.00205057143078976 -5.30952712672867 344.308288877939 70641383.7420015
-0.2662 -0.00206413729613355 -0.00132451194084816 -5.31073056935167 344.261374000044 70639882.3487848
-0.2663 0.000895744475832816 -0.0006068847566842 -5.31136954815269 344.214459122148 70640698.8540048
-0.2664 -0.00192979735925497 -0.000464111901119078 -5.31262252956109 344.167544244252 70639988.0765531
-0.2665 -0.0011189744645945 -0.00067858188072251 -5.31478227116674 344.120629366356 70639667.3126363
-0.2666 0.00137028417629511 -0.00227592246438923 -5.31534568984549 344.07371448846 70640145.2828007
-0.2667 -0.00322571337561991 0.00196673648979322 -5.31694550475979 344.026799610564 70639917.9003659
-0.2668 0.0010185688374967 -0.0018431139761504 -5.31996098023703 343.979884732668 70638785.0134979
-0.2669 -0.00247101918008756 0.000497377079563459 -5.31968144214386 343.932969854772 70639174.7206272
-0.267 -0.000868108901854608 9.52435538379342e-05 -5.31843487207624 343.886054976876 70639156.0006677
-0.2671 0.000400407894155688 0.000597009351288988 -5.32100250974196 343.839140098981 70638990.6277087
-0.2672 -0.00234093313748911 -0.00194022338909056 -5.32415056867404 343.792225221085 70637212.415937
-0.2673 0.00205548728372114 -0.000826226367181846 -5.32461878422022 343.745310343189 70638627.9908912
-0.2674 -0.00277344275151028 -0.000102876185291245 -5.32605196360094 343.698395465293 70637475.8513895
-0.2675 0.000428555105733171 -0.00217502124679155 -5.32789461039194 343.651480587397 70637382.9502541
-0.2676 -0.000482819810914182 1.06323166949892e-05 -5.32451199526717 343.604565709501 70638353.1678331
-0.2677 0.000161886987797372 -0.00101823447513807 -5.32512945000951 343.557650831605 70637890.9248488
-0.2678 -0.00056719734319682 0.000446723229948147 -5.32613388339742 343.510735953709 70637568.9423374
-0.2679 -0.000534988898419732 -0.00257040488387775 -5.3279585944933 343.463821075813 70636693.1030597
-0.268 -0.000638189873982729 0.0021155148390857 -5.32508931586869 343.416906197918 70638692.32834
-0.2681 -0.000214125963445671 -0.00428077513809673 -5.32734117644143 343.369991320022 70636894.7628158
-0.2682 7.10155190707018e-05 0.000625068745822508 -5.32853288662137 343.323076442126 70637812.2292319
-0.2683 -0.00162284726173744 -0.000417453296400874 -5.32997603481981 343.27616156423 70636456.748171
-0.2684 0.00167069667888122 -0.00195649884900687 -5.33164305605088 343.229246686334 70636521.0238817
-0.2685 -0.00310266835662598 0.00064687680108871 -5.3319386871707 343.182331808438 70636358.2740207
-0.2686 -4.88783145304975e-05 -0.00102597182338169 -5.32963976563282 343.135416930542 70637023.1319352
-0.2687 -0.000977725269324126 -0.00048411433841398 -5.33075731575592 343.088502052646 70636146.889201
-0.2688 0.000370994978580552 -0.000442109869431102 -5.33022543892795 343.04158717475 70636958.6533466
-0.2689 -0.0005417518188795 -0.000335491058598622 -5.3319860715623 342.994672296855 70635959.5577873
-0.269 -0.00240324405652944 0.000377094917098301 -5.3318404116943 342.947757418959 70636282.3637939
-0.2691 9.96106819713082e-05 -0.000969371458554681 -5.33450849527102 342.900842541063 70635768.0118624
-0.2692 0.00120259242783948 -0.00148478068810993 -5.3338938402439 342.853927663167 70636231.7749896
-0.2693 -0.00224968836312726 -4.30763121031986e-05 -5.33668223164453 342.807012785271 70635634.1709273
-0.2694 -0.0010966820865639 0.000350692511266902 -5.33651601291297 342.760097907375 70635846.038132
-0.2695 0.00103591027280679 -0.0038677403833685 -5.33666903832486 342.713183029479 70635333.5471266
-0.269600000000001 -0.000571942591771192 0.000552611714646079 -5.33840948051257 342.666268151583 70635375.2270521
-0.2697 -0.00151440897092811 -0.000972650297889455 -5.34075632744875 342.619353273687 70634451.5426069
-0.2698 -0.000195544156560213 0.00115793505185295 -5.33977242219584 342.572438395792 70635761.0615989
-0.2699 -0.000424118983096183 -0.0023317412870523 -5.34389218927993 342.525523517896 70633772.5864859
-0.27 0.00104702729562297 0.00103509888790756 -5.34271623853459 342.47860864 70635043.0535409
-0.270100000000001 -0.00247930855695834 -0.0014718866383776 -5.3456304790793 342.431693762104 70633014.7794314
-0.2702 0.00215768828335504 -0.000690914636804314 -5.34363105589644 342.384778884208 70635225.4477008
-0.2703 -0.00335378845674794 -0.000318872429409916 -5.34693525453344 342.337864006312 70632730.5157791
-0.2704 0.0027287053750638 -0.000722277159799287 -5.34612301400251 342.290949128416 70634067.6967045
-0.2705 -0.00110065470573524 -0.00240903500023458 -5.348761414603 342.24403425052 70632361.2846372
-0.2706 0.000729015145435117 -0.000528630141212431 -5.34771618667391 342.197119372624 70633679.6469373
-0.2707 -0.000319810424127562 -0.00218376578390923 -5.35076155931614 342.150204494729 70632651.0526923
-0.2708 -0.00254526919102891 0.00246785830877057 -5.35177146216686 342.103289616833 70633372.815409
-0.2709 0.00246977632871171 -0.00444449407924201 -5.35201116771078 342.056374738937 70632824.6053646
-0.271000000000001 -0.00222028869397627 -0.00016079770981911 -5.35346793134711 342.009459861041 70632120.8214789
-0.2711 -0.00374883589808819 -0.000438740369213102 -5.35304374872548 341.962544983145 70631840.0155415
-0.2712 0.00150515909039035 -0.000978856787509477 -5.35412834829088 341.915630105249 70632996.4074967
-0.2713 -0.00330531553427516 -0.000719832220826991 -5.35709806510861 341.868715227353 70631076.1080068
-0.2714 0.00108646011306389 0.000610211094295226 -5.35308728731266 341.821800349457 70633112.3935701
-0.2715 0.000374186645525093 -0.00328602358419436 -5.3585191638224 341.774885471561 70631503.2851145
-0.2716 -0.00149246629013826 0.0022169280122855 -5.35534733984515 341.727970593665 70632955.1011078
-0.2717 -0.00149137785246805 -0.001212492744148 -5.35849837464608 341.68105571577 70631391.0941284
-0.2718 -0.000523634527156763 0.00157281406459395 -5.35699567416485 341.634140837874 70632346.2524955
-0.2719 0.00116948659268999 -0.00379671735114036 -5.35960133816565 341.587225959978 70631376.3787889
-0.272 -0.00296303189967769 0.00239282803644195 -5.35966811211458 341.540311082082 70631777.9000013
-0.2721 0.00191630831570899 -0.00247225651623413 -5.36182680308851 341.493396204186 70631409.6100086
-0.2722 -0.00096664956940651 -0.000591903916604393 -5.3643865187346 341.44648132629 70630572.0000257
-0.2723 -0.000766039390352922 0.000211161091181332 -5.36550044967732 341.399566448394 70630773.6625918
-0.272400000000001 -0.00024169014341381 -0.000617542871366421 -5.36522366494925 341.352651570498 70630529.474183
-0.2725 -0.000829981328800555 -0.00324999061102674 -5.3658220901969 341.305736692602 70629747.474918
-0.2726 0.000693668934547135 0.000662712124924574 -5.36538023301239 341.258821814707 70631261.5511878
-0.2727 -0.00238582621845655 -0.00093109461863345 -5.3677566099797 341.211906936811 70629713.0266635
-0.2728 -0.000195018390364034 -0.000692136831097122 -5.36699376325453 341.164992058915 70630495.7505183
-0.2729 -0.00139628397902835 0.00124288279623932 -5.36738070698458 341.118077181019 70630565.597667
-0.273 0.000525696470840309 -0.00220952492014264 -5.36920777024997 341.071162303123 70630263.9355388
-0.2731 6.06084216208559e-05 -0.00131443955881957 -5.36940292021572 341.024247425227 70630252.526141
-0.2732 -0.00204681735206912 0.000131716949080727 -5.36975531131772 340.977332547331 70630469.1897572
-0.2733 -0.000797862903922296 -0.00131269921747936 -5.36862140665998 340.930417669435 70630650.7807514
-0.2734 0.000259066589223324 -0.0017096039464687 -5.37025875024703 340.883502791539 70630005.655556
-0.2735 -0.00088512324729746 0.000621739489069749 -5.37242363508777 340.836587913644 70629852.5684728
-0.2736 0.000590352517320465 -0.000712043662567637 -5.37135389561032 340.789673035748 70630020.3417619
-0.2737 -0.000453694173866605 0.000101714805435462 -5.37290065662068 340.742758157852 70630048.7348034
-0.2738 -0.000541391872249484 -0.00396950833136963 -5.37445557244856 340.695843279956 70628555.1630396
-0.2739 -0.00200245180565465 0.00286451658984712 -5.37224804031832 340.64892840206 70629971.9032391
-0.274 -0.00179486767945877 -0.0020326625370159 -5.37634525626788 340.602013524164 70628254.5693957
-0.2741 0.00219361342987304 -0.000857868133133467 -5.37337335404036 340.555098646268 70630144.2989002
-0.2742 -0.00334536921891243 -0.00220806125380195 -5.37585081309596 340.508183768372 70628322.3425813
-0.2743 0.00165747637123441 0.000748357535554171 -5.37545258777701 340.461268890476 70629871.9647345
-0.2744 -0.00225533787391116 -0.00233253734849037 -5.37899247090011 340.414354012581 70628159.4613861
-0.2745 -0.00221717668595876 0.00125394920649474 -5.37856577914588 340.367439134685 70629086.886835
-0.2746 0.00026006208080693 -0.00367871073501501 -5.37987670612086 340.320524256789 70628075.9751342
-0.2747 -7.96777678995946e-05 0.000226024826424385 -5.37944426311722 340.273609378893 70628666.9771815
-0.2748 -0.000480501261903044 -0.000847963787010729 -5.38132759805207 340.226694500997 70628436.2878584
-0.2749 -0.000321316658825289 -0.00109674661287279 -5.38452973004066 340.179779623101 70627873.5465883
-0.275 0.00121477593465617 -0.00063307000119389 -5.38474890437845 340.132864745205 70628686.7832052
-0.2751 -0.000400095310967742 -0.00233321259849177 -5.38651589878616 340.085949867309 70627608.376028
-0.2752 -0.000115452168005273 0.000875210804738821 -5.38491703384393 340.039034989413 70628832.9641253
-0.2753 -0.000944729528146907 -0.00167214175871108 -5.38804355580209 339.992120111518 70627732.0737929
-0.2754 -7.43984515377663e-05 -0.000160354305842724 -5.38740745901211 339.945205233622 70627350.0595989
-0.2755 -0.000293551181427736 7.1215614099379e-05 -5.39044432158626 339.898290355726 70626721.0587597
-0.2756 9.96920598542533e-05 -0.00129212244385351 -5.3903520511078 339.85137547783 70626853.4912874
-0.2757 -0.00078996175537545 -0.00147513965541208 -5.39022416073926 339.804460599934 70626899.3570044
-0.2758 -0.000442692724159295 0.00101529464805315 -5.38759827162166 339.757545722038 70627452.2468204
-0.2759 -0.00264078540111315 0.000791035754152305 -5.38706419349421 339.710630844142 70627656.1498414
-0.276 0.00111579387447084 -0.00184681653210284 -5.38826855736819 339.663715966246 70627077.4711298
-0.2761 4.89269829340051e-05 -0.00235468024856032 -5.38674135395483 339.61680108835 70627240.6558187
-0.2762 -0.00125891949807931 0.00165351644862392 -5.38815921868809 339.569886210455 70627684.0380713
-0.2763 -0.00122411891330172 -0.000521263877160735 -5.38917160516979 339.522971332559 70627108.4596538
-0.2764 0.0024951264298422 -0.00405204879946701 -5.38775366294452 339.476056454663 70627687.6601545
-0.276500000000001 -0.00202104014671057 0.00142238629255021 -5.3884820459939 339.429141576767 70626881.2749792
-0.2766 -0.0019449856011446 -0.000693481501433591 -5.38878158304794 339.382226698871 70626616.651764
-0.2767 0.000471577450695489 -0.00120162242710646 -5.39184713921472 339.335311820975 70626377.9130758
-0.2768 -0.000506972864856496 -0.000523608752362874 -5.39320991897125 339.288396943079 70626188.9214987
-0.2769 0.00106984471906586 -0.00101840653557632 -5.39161813131687 339.241482065183 70626900.7634498
-0.277 -0.0021871015663324 -0.00129401342075249 -5.39176480023851 339.194567187287 70625899.6736518
-0.2771 6.23765541517321e-05 0.00193581741798961 -5.3877342657643 339.147652309392 70628064.1395181
-0.2772 -0.0012875329035166 -0.00299332835022086 -5.39246875806283 339.100737431496 70625407.3435106
-0.2773 -0.000250913182955469 -0.00025226732874644 -5.39092765186688 339.0538225536 70626910.9718635
-0.2774 -0.00260396956054273 -0.00127706666531267 -5.39310060724843 339.006907675704 70625407.3065707
-0.2775 0.0012583616847024 4.67266090205243e-05 -5.38990007005021 338.959992797808 70627562.300984
-0.2776 0.000526591868312745 -0.00261751388336494 -5.39231810055137 338.913077919912 70626636.5958174
-0.2777 -0.000822847854831054 0.00129685561870816 -5.39242167906337 338.866163042016 70627419.4886167
-0.2778 -0.000961682343031541 -0.000685973250202727 -5.39252177410005 338.81924816412 70626783.456348
-0.2779 0.00154984380091773 4.2664005086462e-05 -5.39227838757508 338.772333286224 70627135.3425397
-0.278 -0.00391787851115378 -0.00210809202929634 -5.39440700336607 338.725418408329 70625581.5595297
-0.2781 0.0032015955492142 -0.00116856603550676 -5.39229008916086 338.678503530433 70627813.8721719
-0.2782 -0.00356445099672794 -0.00231858712055496 -5.39781261683066 338.631588652537 70624512.2659237
-0.2783 0.00140137383555049 0.00208493495976417 -5.39446644998173 338.584673774641 70627582.4382778
-0.2784 -0.00266605958015937 -0.00162266933487168 -5.39859089826227 338.537758896745 70624901.6837443
-0.2785 0.00107623709122383 0.000127985738637077 -5.39682067524665 338.490844018849 70626421.8194825
-0.2786 -0.00197246900451023 -0.00233335969612615 -5.40007649318771 338.443929140953 70624548.7788787
-0.2787 0.000833795136396974 0.000972093142232548 -5.39901205996761 338.397014263057 70625593.5368607
-0.2788 -0.00164618945702712 0.000507887278435267 -5.39932426102561 338.350099385161 70625140.6146899
-0.2789 0.000815301807889707 -0.00192294659711178 -5.39913866206945 338.303184507265 70625235.8993025
-0.279 -0.000718061898601442 0.000929519285151503 -5.39772551663429 338.25626962937 70625084.641525
-0.2791 -0.00305488839769588 -0.000620286465133404 -5.39869815043871 338.209354751474 70625051.8924349
-0.2792 0.0032186622629622 -0.00170385119316343 -5.39555584739472 338.162439873578 70626928.3659741
-0.279300000000001 -0.00392459437673977 0.000111478606930181 -5.39686801185368 338.115524995682 70625098.7516658
-0.2794 -0.00013991336434538 -0.000443121653874309 -5.39652492287334 338.068610117786 70625801.7787885
-0.2795 7.57632567688262e-05 -0.00166459513944601 -5.39849719768327 338.02169523989 70625124.888528
-0.2796 -0.00278102340986694 -0.00127767845860132 -5.39993429205395 337.974780361994 70624433.439158
-0.279700000000001 -9.86108669923921e-05 0.00159139645675076 -5.39842012085396 337.927865484098 70626095.0967844
-0.2798 0.00141487870784183 -0.00475848125922169 -5.39993066253235 337.880950606202 70624767.8261689
-0.2799 -0.000585977837659223 0.00172730142149173 -5.39807541913128 337.834035728307 70625889.0500759
-0.28 -0.00165157453686211 -0.0027617617309536 -5.39930166916816 337.787120850411 70624759.2717721
-0.2801 0.000736051895801306 0.00164383643105835 -5.39649708580642 337.740205972515 70626830.1712916
-0.280200000000001 -0.00104687283236144 -0.00227920995142824 -5.40061357085932 337.693291094619 70624780.9230717
-0.2803 -0.000192885386116213 -0.000464733661356874 -5.39722336436942 337.646376216723 70626500.7866864
-0.2804 -0.000961748691333845 -0.00223955076898074 -5.4008423402848 337.599461338827 70625451.6297821
-0.2805 -0.000411225854139471 0.00242599691587366 -5.39854288914169 337.552546460931 70626912.4691626
-0.2806 -0.00194368898932822 -0.00382483816962566 -5.40176750482225 337.505631583035 70624708.503976
-0.2807 0.000641495856739456 0.00137257758292261 -5.39860551644985 337.458716705139 70626826.4929284
-0.2808 -0.00193606020184551 -0.00233146131460173 -5.40387825231233 337.411801827244 70624593.2181235
-0.2809 0.00019096222955007 0.000494034420497406 -5.40177946430453 337.364886949348 70626120.9418639
-0.281 -0.000667970608790203 -0.00377432440510637 -5.40574191317509 337.317972071452 70624139.5558507
-0.281100000000001 -0.000239273492857533 0.00250674343932335 -5.4021335751068 337.271057193556 70626220.0723227
-0.2812 -0.0019769708076563 -0.00121005403607503 -5.40488866040576 337.22414231566 70624611.1493458
-0.2813 -0.00019759685939151 6.73594439275994e-05 -5.40457600405521 337.177227437764 70625735.3277524
-0.2814 0.00132232342948202 -0.00266937917883043 -5.40478178083244 337.130312559868 70625237.353616
-0.2815 -0.00230757957401153 0.00135819606453753 -5.40361956621176 337.083397681972 70625438.4221804
-0.2816 -0.00260710245836703 -0.000867115945957706 -5.40716589742404 337.036482804076 70624536.0605137
-0.2817 0.00127024408042625 -0.00272798682774964 -5.40390193527429 336.989567926181 70625485.7206872
-0.2818 -0.00131751663589428 0.000201375707491848 -5.40577629279529 336.942653048285 70625448.8418898
-0.2819 -0.000273014372364448 -9.34142439291968e-05 -5.40615270262467 336.895738170389 70625109.6691697
-0.282 0.000515864176499552 -0.00167381497386132 -5.40580608357814 336.848823292493 70625213.7210056
-0.2821 0.000145282647538008 0.000225028712165371 -5.4070757016969 336.801908414597 70625131.2782045
-0.2822 -0.000798912146137944 0.000216844496217903 -5.40905290261853 336.754993536701 70624452.2343342
-0.2823 0.000355333052210021 -0.00104628258297556 -5.40811367465803 336.708078658805 70624821.519945
-0.2824 -0.0020065218878499 -3.83867355605876e-05 -5.41050598733934 336.661163780909 70624611.1525972
-0.282500000000001 -0.000943243818259482 -0.000515744433584726 -5.41066492703376 336.614248903013 70624499.2685464
-0.2826 0.00160381982551836 -0.00283839815695058 -5.41192322807551 336.567334025118 70624585.6404688
-0.2827 -0.00157361938527836 0.00099624472680473 -5.41291278444709 336.520419147222 70624298.9162397
-0.2828 -0.00125984579293804 -0.000786374029488046 -5.41153705496915 336.473504269326 70624283.3359402
-0.2829 -0.000132884985793754 -0.00101253844081617 -5.41435818291238 336.42658939143 70624128.0734909
-0.283 0.000213384198473115 0.000158477337250276 -5.41522521620934 336.379674513534 70624415.527062
-0.2831 -0.00185527478455641 -0.00188878009913327 -5.41670473660036 336.332759635638 70623282.9436744
-0.2832 0.000763423832823653 0.0018457136746669 -5.41502615916773 336.285844757742 70624939.0778472
-0.2833 -0.0023161544842264 -0.00186653179407878 -5.41879235069761 336.238929879846 70622778.3817035
-0.2834 0.00214991020425027 0.00024248218593539 -5.41770949928888 336.19201500195 70624724.8637771
-0.2835 -0.00276627260324205 -0.00188731728239787 -5.41972761986772 336.145100124055 70622882.180293
-0.2836 0.00108965162297635 -0.000984727406981638 -5.41935092372313 336.098185246159 70623744.3999742
-0.2837 -0.00194220544720696 0.000384772350152176 -5.41870258503839 336.051270368263 70623952.9213895
-0.2838 -0.000721967488628369 -0.0010474498465474 -5.41796825694014 336.004355490367 70623717.8297773
-0.2839 -0.000288009893135585 0.000509095852845638 -5.41963061853709 335.957440612471 70623914.5642183
-0.284 -0.000218608210372926 -0.00244843353388975 -5.41859695227733 335.910525734575 70623536.2463098
-0.2841 4.55294051967016e-05 0.000211369376395461 -5.41917479016878 335.863610856679 70624424.0339379
-0.2842 -0.00207921276097402 -0.00082904903985411 -5.42185791989267 335.816695978783 70622999.8519109
-0.2843 0.000429271375937336 -0.00171843101904202 -5.42086197973967 335.769781100887 70623803.6938676
-0.2844 -0.00140624651783806 0.00112637317054176 -5.4211634506296 335.722866222992 70624158.7997865
-0.2845 0.000325862675450136 -0.00332225742497154 -5.42181856995576 335.675951345096 70623500.1726337
-0.2846 -0.00175139260752448 0.00226716000194957 -5.42024040826541 335.6290364672 70624527.6624177
-0.2847 -0.00157317319952387 -0.00101842216655223 -5.42166867087834 335.582121589304 70622959.6851805
-0.2848 0.00171840159359599 -0.00123738278121055 -5.42129904617609 335.535206711408 70623961.0966706
-0.2849 -0.00127076760568245 0.000777840695918034 -5.42134516005528 335.488291833512 70623876.6132805
-0.285 -0.00091923946530294 0.0011081771279165 -5.42372175023828 335.441376955616 70623750.6644048
-0.2851 0.000287621508451624 -0.00118195659939693 -5.42346297525742 335.39446207772 70623812.6366382
-0.285200000000001 -0.000945084814192014 -0.000714108994355259 -5.42476934422767 335.347547199824 70623252.5693948
-0.2853 0.000199609893074288 -0.000323947933383906 -5.42225793076116 335.300632321929 70624059.9025626
-0.2854 -0.00120768548119634 0.00143730617216134 -5.4229670985173 335.253717444033 70623449.4637682
-0.2855 0.000589325016582609 -0.00288296101213778 -5.42222816136241 335.206802566137 70624065.1890153
-0.2856 -0.0010458630098374 0.00116317992017898 -5.42145558396223 335.159887688241 70624637.392088
-0.285700000000001 -0.000491007084407609 -0.000793754750685077 -5.42310934742409 335.112972810345 70624192.3095516
-0.2858 -0.000399412033227124 -0.00143740788637481 -5.42216494687928 335.066057932449 70624123.9516473
-0.2859 -0.00138017652172576 0.000549204511113895 -5.42169134457349 335.019143054553 70623707.8283072
-0.286 -0.0011754854366013 0.000911919289856824 -5.421286994546 334.972228176657 70623712.3683029
-0.2861 0.00161891850545966 -0.00139060195767733 -5.42172708456941 334.925313298761 70623928.0313987
-0.2862 -0.00195463313852131 -0.00267200656935394 -5.42256755506475 334.878398420865 70623058.0216546
-0.2863 -0.00089295754126503 0.0024587304129966 -5.42184647424971 334.83148354297 70624254.5964132
-0.2864 -0.000944676642643224 -0.00202407318587611 -5.42400899018138 334.784568665074 70622944.0288565
-0.2865 0.000373034511470757 0.00120906265071062 -5.42264954711844 334.737653787178 70624262.8294729
-0.286600000000001 -0.00159063700096179 -0.00103390589861378 -5.42467935871785 334.690738909282 70622415.0457052
-0.2867 -0.000486557510396482 0.00165608925016518 -5.42468871730314 334.643824031386 70623337.7478947
-0.2868 -0.00038944083330107 -0.00463637865042692 -5.4272809237688 334.59690915349 70621718.83405
-0.2869 0.00120736784621968 0.00283366548764802 -5.42289856356506 334.549994275594 70624769.3298002
-0.287 -0.00319294610220257 -0.00234822084414503 -5.42583282047135 334.503079397698 70622329.3976746
-0.2871 0.00129750336666378 0.000794056929229408 -5.4222332121477 334.456164519802 70624935.0561127
-0.2872 -0.00443604732601144 -0.000442587338083859 -5.42726796254172 334.409249641907 70622186.365644
-0.2873 0.00314550246809225 -0.000849728337922194 -5.42572564484302 334.362334764011 70623889.5539735
-0.2874 -0.0016792382599292 -0.00224259951402887 -5.42825122389657 334.315419886115 70622347.5497659
-0.2875 -0.00151232104655098 0.000769821143003212 -5.42742924770927 334.268505008219 70623047.2159476
-0.2876 -0.0014725761157976 2.39013489822264e-05 -5.42751975604574 334.221590130323 70622725.3250252
-0.2877 1.68841453752352e-05 -0.00101955116206533 -5.42726205258419 334.174675252427 70623248.7043546
-0.2878 -0.00138016888507862 0.00120695029433498 -5.42968067185153 334.127760374531 70622246.556872
-0.2879 -0.000645105525239508 -0.00103931368187467 -5.43031524173816 334.080845496635 70622426.197328
-0.288 -0.000293909971371698 -0.00182343675741962 -5.43105305621048 334.033930618739 70621712.2233749
-0.2881 0.00257742392002788 0.000111716572320959 -5.43024340284343 333.987015740844 70623657.9328292
-0.2882 -0.00289974246145693 -0.00182623729185043 -5.43200412296998 333.940100862948 70621897.010621
-0.2883 0.000401364789478417 0.00249398409496273 -5.42985502791 333.893185985052 70623443.5516111
-0.2884 -0.00225613846337339 -0.0034803510726172 -5.43357748378137 333.846271107156 70620690.7357865
-0.2885 0.00174381073937011 0.00111365929796653 -5.42967389459914 333.79935622926 70623720.7297631
-0.2886 -0.00527582525084023 -0.00100344060645659 -5.43418437241804 333.752441351364 70621022.447675
-0.2887 0.00439067586047401 0.000681115923623998 -5.43081482577182 333.705526473468 70624334.995311
-0.2888 -0.00356033700699567 -0.00316702414915833 -5.43714423546057 333.658611595572 70619940.967389
-0.2889 0.000637288253224685 0.00213768122954588 -5.43258975436107 333.611696717676 70623031.1418302
-0.289 -0.000399521718513806 -0.00317504880482867 -5.4376230712547 333.564781839781 70620967.2826349
-0.2891 -0.00159651001045376 0.0020416513204086 -5.43810197868123 333.517866961885 70621760.4107921
-0.2892 0.000297066124278503 -0.00195744490114138 -5.43613064112787 333.470952083989 70621625.2469167
-0.289300000000001 -0.000156264115584978 -0.00142233911265347 -5.43577177387088 333.424037206093 70621325.6793474
-0.2894 0.00239042210902026 -0.00167191231538735 -5.4376319262971 333.377122328197 70621618.0458153
-0.2895 -0.00442164285866041 0.0020852818469539 -5.4384560354159 333.330207450301 70620914.288535
-0.2896 0.00021428286684732 -0.000879463238789965 -5.43849756615287 333.283292572405 70621523.3632729
-0.2897 0.000922857511118954 -0.00211069600125287 -5.43938576511168 333.236377694509 70620926.5222784
-0.289800000000001 -0.00142365082491768 0.000921802525003252 -5.43946183558985 333.189462816613 70621073.0010065
-0.2899 -0.00291281091847093 0.00122481965601864 -5.43981801151742 333.142547938718 70620569.1141309
-0.29 0.00132315886911802 -0.00141081551339219 -5.43967178063977 333.095633060822 70621119.5565319
-0.2901 0.000442335232596038 -0.00197024340160188 -5.44135827977668 333.048718182926 70620789.671397
-0.2902 -0.0027756642545812 0.000798101462915222 -5.44031766978917 333.00180330503 70620815.9182037
-0.2903 0.000625251290863347 -0.000463659166376076 -5.44460572134211 332.954888427134 70620613.7761854
-0.2904 -0.000549685549702112 -0.00266016582492839 -5.44538073639862 332.907973549238 70619307.9801264
-0.2905 0.00233805622076421 0.00177175552222885 -5.44369072085036 332.861058671342 70621408.4179729
-0.2906 -0.00390481903545095 -0.00308955152478053 -5.44596435603848 332.814143793446 70618558.7463051
-0.290700000000001 0.0019444579730895 0.00180017827049224 -5.44308888611662 332.76722891555 70621408.1370211
-0.2908 -0.00287007385675828 -0.000452318550056903 -5.44658625543443 332.720314037655 70619511.3939899
-0.2909 5.83261607945298e-05 -0.00214068696467974 -5.44628574952662 332.673399159759 70619965.996849
-0.291 0.00097012639711366 -0.000782995572619378 -5.44660646322365 332.626484281863 70620628.951742
-0.2911 -0.000687770978712663 -0.000342819285258021 -5.44716256255779 332.579569403967 70620167.7736994
-0.2912 -0.000561592858524675 0.000928106073430749 -5.44848399289467 332.532654526071 70620087.1470667
-0.2913 0.000217627303637115 -0.0023764175833166 -5.451213761598 332.485739648175 70619232.0332519
-0.2914 -0.000850853998983698 -0.000100356487178019 -5.4527923953864 332.438824770279 70619212.5587563
-0.2915 -0.00115281764602056 -0.00243692473934181 -5.45576751014247 332.391909892383 70618170.4090216
-0.2916 -0.000695475840652698 0.00117214079375887 -5.45825469085027 332.344995014487 70618376.5845582
-0.2917 -0.00164491370350708 -0.00115240472005372 -5.45775108742451 332.298080136592 70618222.753186
-0.2918 0.000243890279825197 -0.00054196018272749 -5.4574485113416 332.251165258696 70618385.7650853
-0.2919 -0.00267237520678348 0.00174822505235318 -5.45947324223857 332.2042503808 70617381.4479926
-0.292 0.000649136777496792 -0.00130873943523032 -5.46329113957504 332.157335502904 70617226.9524044
-0.2921 -0.000415483101534732 1.79545650422156e-05 -5.4619086897234 332.110420625008 70617214.4630858
-0.2922 -0.000971856861802011 -0.000465407200501924 -5.46123630743336 332.063505747112 70617578.9298026
-0.2923 0.00223280307837954 -0.00212101402912812 -5.4592727643052 332.016590869216 70618080.6727224
-0.2924 -0.00210268984636288 0.000678483420810797 -5.46183781960903 331.96967599132 70616962.798182
-0.2925 0.000255172070633459 -0.000255376478708283 -5.46155168222813 331.922761113424 70618126.9448437
-0.2926 -0.00279787895583923 0.000329213141707207 -5.4625916732376 331.875846235529 70616844.0173189
-0.2927 0.00223179081353711 0.00060170584657438 -5.4621153584692 331.828931357633 70618628.5875976
-0.2928 -0.00165280468608723 -0.00274517903802183 -5.46702754255527 331.782016479737 70616087.7834108
-0.2929 -0.000368973772707896 0.00374280744617337 -5.46132781493045 331.735101601841 70618823.8873158
-0.293 -0.000957544678535734 -0.00476760931214171 -5.46633819440596 331.688186723945 70615791.3714657
-0.2931 0.00215230562167148 0.000690364466053139 -5.46586498784868 331.641271846049 70617715.7695119
-0.2932 -0.00284947272804812 -0.000323314530271954 -5.46756012691742 331.594356968153 70616844.6337117
-0.2933 0.000169453859796299 -0.000859773205318907 -5.46675277287943 331.547442090257 70616977.1733702
-0.2934 0.0010420868676484 -0.000505382846454858 -5.4667162440378 331.500527212361 70617705.4438697
-0.2935 -0.00213586399748611 -6.45720232389408e-05 -5.47053777886224 331.453612334466 70616200.6009368
-0.2936 0.00106500576060667 -0.000204729307642709 -5.46946291775188 331.40669745657 70617121.0415019
-0.2937 -0.00145778060923867 -0.00165438734307672 -5.46999615127711 331.359782578674 70616511.2626687
-0.2938 -0.00168615692292408 0.00216885320685617 -5.47068177821878 331.312867700778 70617336.6014779
-0.2939 -0.000192386507508662 -0.00440426365647386 -5.47250385455288 331.265952822882 70616001.0436539
-0.294 0.000252924593302101 9.56288981438818e-05 -5.47185500141191 331.219037944986 70617220.9798369
-0.2941 -0.0026217017858661 0.000968076233524486 -5.47297743010889 331.17212306709 70616502.4534948
-0.2942 0.00101935440362067 -0.00238837848856213 -5.47101383460451 331.125208189194 70616846.3712271
-0.2943 -0.00071610282477019 -0.00116313477649858 -5.47347504839666 331.078293311298 70616526.5483707
-0.2944 -0.000766364216210245 0.00180215888418285 -5.47340863011238 331.031378433402 70617059.404548
-0.2945 -0.000126595211778962 -0.00137848615075294 -5.47356763414185 330.984463555507 70616637.7713587
-0.2946 0.000944393135615428 -0.000165669112638449 -5.4716840503891 330.937548677611 70617056.2925714
-0.2947 -0.00307537829477878 0.00110064329412997 -5.47347710172232 330.890633799715 70616139.7967507
-0.2948 0.000401996489740813 -0.00196056168672809 -5.47130529024518 330.843718921819 70617174.7576251
-0.2949 0.000932957287566394 0.000370519544106211 -5.46964810779097 330.796804043923 70618108.041851
-0.295 -0.0029968147899726 -0.000310497464866613 -5.47199117130977 330.749889166027 70616968.2657191
-0.2951 0.000230845504258825 2.17769294815044e-05 -5.46923041776664 330.702974288131 70618323.4123019
-0.2952 -2.2736760073456e-06 -0.00131577446303356 -5.47268480356454 330.656059410235 70617392.9393399
-0.2953 -0.000263833763218814 -0.000124268241925599 -5.47189522655032 330.609144532339 70617441.4486174
-0.2954 -0.00166497353511368 5.78889097818266e-05 -5.47181395604657 330.562229654444 70616940.6627656
-0.2955 0.0010680842614237 -0.00264449825385085 -5.47009073528532 330.515314776548 70617763.2250324
-0.2956 -0.000900744515465566 0.000171513372837248 -5.47094515588141 330.468399898652 70617253.4581713
-0.2957 5.29425368664037e-06 0.000815664567691517 -5.46751979602786 330.421485020756 70618573.7788325
-0.295800000000001 -0.00135171501542161 -0.00256352566160517 -5.46994116026316 330.37457014286 70617515.4551647
-0.2959 -0.00118025907807021 0.00210222316526542 -5.46742124285252 330.327655264964 70618145.3391971
-0.296 0.00186436851075011 -0.00227009789354355 -5.46685926621913 330.280740387068 70618262.9101221
-0.2961 -0.00156004588493942 -0.000604906654272847 -5.4673423069983 330.233825509172 70618321.1103374
-0.2962 -0.0011176936178078 -0.00057766593687646 -5.46587680790588 330.186910631276 70619101.2428884
-0.2963 3.15990879886639e-05 0.000957108593009572 -5.46352557423033 330.139995753381 70620143.4136657
-0.2964 -0.000708866260212416 -0.00381307864987758 -5.46923460154287 330.093080875485 70617596.8098705
-0.2965 -0.00171746847627033 0.00179618708660151 -5.46523068180637 330.046165997589 70619526.3827823
-0.2966 0.000282933867777375 -0.0017334752060337 -5.46498245939713 329.999251119693 70618974.9734664
-0.2967 0.000166870460423218 -0.000411454500226226 -5.46748473521419 329.952336241797 70618833.0736176
-0.2968 -0.00148524720715791 -0.00217898173107705 -5.4674547308452 329.905421363901 70618452.8204159
-0.2969 -0.00208363562107341 0.00256941228449895 -5.46783847802584 329.858506486005 70619635.7881383
-0.297 0.000551335612951241 -0.0024870534737863 -5.46908574350739 329.811591608109 70618920.1636452
-0.2971 0.000684293718941733 -3.76416230878348e-05 -5.46757387253879 329.764676730213 70619718.015022
-0.2972 -0.00199444363016982 -0.000380881508822552 -5.4687393282841 329.717761852318 70618393.928092
-0.2973 0.000296791264626857 0.0012506867766635 -5.46386623551292 329.670846974422 70620329.3473089
-0.2974 -0.00159745625931134 -0.00444152066396284 -5.46903367414541 329.623932096526 70617971.160667
-0.2975 0.00179616258022873 0.00278147905337088 -5.46605871306356 329.57701721863 70621169.0633069
-0.2976 -0.00371178246100691 -0.00324331758077106 -5.4692884087639 329.530102340734 70617902.0169945
-0.2977 0.0022409898917092 0.00121045966655987 -5.46593251672455 329.483187462838 70620766.4192597
-0.2978 -0.00347874531923667 -0.000795484310205054 -5.47109488410489 329.436272584942 70617911.9295261
-0.2979 -0.000462380407840277 0.00303793799848779 -5.46813840248952 329.389357707046 70620255.5086953
-0.298 0.0013569762442971 -0.00334244366100671 -5.47021035741876 329.34244282915 70618706.2722905
-0.2981 -0.000610124991161929 0.0013282521162976 -5.46843069314458 329.295527951255 70620069.7279953
-0.2982 -0.00251299769042504 -0.00100305132861311 -5.46953705903966 329.248613073359 70618576.8760396
-0.2983 -0.000475170652398707 0.000323878435990818 -5.46994306732029 329.201698195463 70619593.8539767
-0.2984 0.000325392774800196 -0.0024666696982853 -5.47233711403203 329.154783317567 70618458.4130398
-0.2985 -0.00129282658043767 0.000722545251131898 -5.46913506130395 329.107868439671 70619537.3568771
-0.2986 -0.000873170499654297 -0.000470774265426517 -5.47246221788918 329.060953561775 70618846.7818536
-0.2987 -0.000461204652582155 -0.000395212198154798 -5.47434287257931 329.014038683879 70618532.2129949
-0.2988 0.000635472472941332 -0.00173371148154921 -5.4729065454507 328.967123805983 70619256.408657
-0.2989 -0.0010963039140182 0.000945212955074188 -5.47487012249636 328.920208928087 70618693.4580756
-0.299 -0.000223954373967341 -0.00118211008969385 -5.47267433102163 328.873294050191 70619180.3502211
-0.2991 -0.00114336973311464 0.000974044751836592 -5.47612006709503 328.826379172296 70618508.0576548
-0.2992 -3.84624615678938e-05 -0.00138221234643991 -5.47667716024935 328.7794642944 70618302.9579062
-0.2993 -0.000207976247432945 0.000467763500245312 -5.47715744666253 328.732549416504 70618434.1365363
-0.2994 -0.000255194878990605 -0.000979193036692103 -5.47754238922127 328.685634538608 70617979.6863358
-0.2995 -0.00178425065827844 -0.000257082499635475 -5.47947116098916 328.638719660712 70617381.0352058
-0.2996 5.59991156857588e-05 -0.000285194089406543 -5.48000875031532 328.591804782816 70617493.6772634
-0.2997 -0.00228911140635407 -0.00125925601797801 -5.48132340741452 328.54488990492 70616844.8677187
-0.2998 0.0023446077788876 0.00122022515341746 -5.47873768033126 328.497975027024 70619338.1306475
-0.2999 -0.00281872458833219 -0.0020104987846646 -5.48017523278749 328.451060149128 70617179.8835847
-0.3 0.00311745651958874 -0.000732163542046216 -5.47826717393061 328.404145271233 70619280.3846574
-0.3001 -0.00300664519533266 -0.000451274111946689 -5.48332588169575 328.357230393337 70616437.1043557
-0.3002 0.000426563093799595 -0.000637528682307283 -5.47887611549111 328.310315515441 70618078.3368138
-0.3003 -0.00143843629692732 0.000217152494959786 -5.48004631542527 328.263400637545 70617920.5546875
-0.3004 0.000324224871593515 -0.00113741006416204 -5.48030032592714 328.216485759649 70617845.6950545
-0.3005 -0.000535614448868241 0.000225745670436507 -5.47924730775445 328.169570881753 70618371.6293383
-0.3006 -0.00115978449100684 0.000144360241442716 -5.4807008966418 328.122656003857 70618433.8793822
-0.3007 1.89813817244995e-05 -0.00168082581755741 -5.48055279148589 328.075741125961 70617649.3423615
-0.300800000000001 -0.00078426494166654 0.000801177910673718 -5.47767829790097 328.028826248065 70618401.2712561
-0.3009 -0.000134079634449193 -0.00219326459359351 -5.47558130993607 327.98191137017 70618130.8863119
-0.301 2.58433455409469e-05 -0.000290189426460265 -5.47451519773361 327.934996492274 70618616.7591903
-0.3011 -0.00303073614963279 0.000908825206212005 -5.47511670757218 327.888081614378 70618518.3977689
-0.3012 0.00100549555959673 -0.00116700768351573 -5.47274441795281 327.841166736482 70619014.0145217
-0.3013 -0.000401712819807417 -0.000681011841972625 -5.47518269757975 327.794251858586 70618417.1481836
-0.3014 0.000210650519211666 0.000749027113003618 -5.47401453006417 327.74733698069 70618973.2883452
-0.3015 -0.00158796327616127 -0.00190270368064909 -5.47669745297883 327.700422102794 70617806.8649749
-0.3016 0.00097580054191822 0.000540514046738466 -5.47419265127132 327.653507224898 70619227.9083332
-0.3017 -0.00135455041927655 -0.00285172127566211 -5.47741639591449 327.606592347002 70617848.4555093
-0.3018 -0.00074030216621173 0.000890974217533111 -5.47383780767275 327.559677469107 70619592.0712617
-0.3019 0.000685538466295239 -0.000388401007739416 -5.4758872745825 327.512762591211 70618892.0439208
-0.302 -0.000651065269514484 -0.0016766590349739 -5.47905037948412 327.465847713315 70617771.8003106
-0.3021 -0.0018826717051236 0.00190060981053736 -5.47717812254643 327.418932835419 70618179.1443811
-0.3022 -0.000899560103144748 0.00171737527965729 -5.47885716877918 327.372017957523 70618128.6108391
-0.3023 0.00099162992415291 -0.00378013877947507 -5.47847602560753 327.325103079627 70617803.0752319
-0.3024 0.00101407614606299 0.00163827012197458 -5.47735649074964 327.278188201731 70619056.4197431
-0.3025 -0.00410697387346548 -0.000818841696527995 -5.47928374353008 327.231273323835 70616881.4447845
-0.3026 0.00345861808387731 -0.000438341972352998 -5.47726167415173 327.184358445939 70619373.3963547
-0.3027 -0.00288282682027195 -0.00189737121893514 -5.48071560629361 327.137443568044 70617270.3430798
-0.3028 0.00203318974791672 -0.00080690573689337 -5.47884372215973 327.090528690148 70618519.5173618
-0.3029 -0.00179464123060034 -0.000613171146856355 -5.47971611334693 327.043613812252 70617779.3225229
-0.303 -0.00121535304629803 0.00122891455238671 -5.47871943257704 326.996698934356 70618679.915684
-0.3031 0.000500193547605868 -0.00224042621110693 -5.4771144805468 326.94978405646 70618598.2179465
-0.3032 -0.00283281311769508 0.00132729202974306 -5.47875716473508 326.902869178564 70618691.55591
-0.3033 0.000703838600558463 -0.00215149301843117 -5.47752208246487 326.855954300668 70618813.5655132
-0.3034 -0.00010208368963199 -0.000222654890422077 -5.47780463085495 326.809039422772 70619145.6233371
-0.3035 -0.00260507027936687 -0.000676561965267497 -5.47850374234645 326.762124544876 70617948.967234
-0.3036 0.000575334766453022 0.00131357127888642 -5.47576439254583 326.715209666981 70619560.1628364
-0.3037 -0.000944057677485358 -0.0012228388455808 -5.47676006258363 326.668294789085 70618452.0962695
-0.3038 0.000742800194456623 -0.000395638094742736 -5.47631555505817 326.621379911189 70619068.9977137
-0.3039 -0.00162392660252825 -0.00106076400097236 -5.47792484440992 326.574465033293 70618551.6078141
-0.304 -0.000805541435778721 0.00137234426350347 -5.47340879603981 326.527550155397 70619772.6995547
-0.3041 0.00119534367454729 -0.000482326398529826 -5.47521608307505 326.480635277501 70619208.0169443
-0.3042 -0.00160750736745937 -0.00101184124634669 -5.47711219566818 326.433720399605 70618072.3420068
-0.3043 -0.00070249130033497 0.0022937723310069 -5.47541270578298 326.386805521709 70619422.0273415
-0.3044 -0.00205312942682044 -0.00328934672428189 -5.47861325838262 326.339890643813 70617337.4188776
-0.3045 0.000868314413809249 0.00204531748554803 -5.47768956325656 326.292975765918 70619532.7866989
-0.3046 -0.000472089529065679 -0.00229058771503575 -5.47936682061182 326.246060888022 70617890.5034219
-0.3047 -0.000718522522656832 0.00241813912694458 -5.47751108900282 326.199146010126 70619125.0926918
-0.3048 -0.000648846585228121 -0.00290171067090941 -5.47927897982944 326.15223113223 70617389.581812
-0.304900000000001 -0.000745959793900804 0.0010850062303264 -5.47795973518937 326.105316254334 70618764.2664184
-0.305 -9.18267666987076e-05 -0.00157792035315173 -5.47871804888869 326.058401376438 70618253.3588906
-0.3051 -0.000158633697895589 0.00091609674086055 -5.47623961222202 326.011486498542 70619387.3412019
-0.3052 -0.00183972107672815 -0.00129529778468856 -5.47881425166393 325.964571620646 70618226.0125898
-0.3053 0.00168499030857262 -0.000323326959939686 -5.4774745136192 325.91765674275 70619690.7180811
-0.3054 -0.00253554358309771 -0.00080350589651959 -5.47769631223262 325.870741864855 70618148.3744485
-0.3055 -0.00164658818045277 0.00110332680768913 -5.47962027215025 325.823826986959 70618277.8851969
-0.3056 0.00255892780480481 -0.00262368125103413 -5.47855996344779 325.776912109063 70619202.794642
-0.3057 -0.00321320872112378 0.00115251990966129 -5.47894009146583 325.729997231167 70618904.1919604
-0.3058 -0.000563067495820415 0.000612589414863492 -5.47896580177608 325.683082353271 70619155.003814
-0.3059 0.000427183810933366 -0.00379057927716206 -5.48119945102448 325.636167475375 70617833.1501763
-0.306 0.000310568802542334 0.00263897633877981 -5.47958170940842 325.589252597479 70619673.099035
-0.3061 -0.00446363077864812 -0.00124805659950957 -5.48495032724602 325.542337719583 70616459.7709136
-0.3062 0.00320597435582224 -0.000200725061437005 -5.48206500902048 325.495422841687 70618917.463252
-0.306300000000001 -0.00442660511733816 -0.000990364414912627 -5.48436784112254 325.448507963791 70617219.1744063
-0.3064 0.000883378731043318 0.000366100485030167 -5.48380070543313 325.401593085896 70618938.526014
-0.3065 -0.0013592970936258 -0.000296397388743861 -5.48651885792224 325.354678208 70617977.9630734
-0.3066 -0.000931009468593783 -0.000687399341739906 -5.48800678794285 325.307763330104 70617699.7646922
-0.3067 0.000597413828079797 0.000979750542521783 -5.48708783717611 325.260848452208 70618063.0723661
-0.3068 -0.00122772714267708 -0.00173084530076161 -5.49113494418458 325.213933574312 70616399.1888744
-0.3069 -0.00030258345868653 4.25435134677956e-05 -5.4902861694846 325.167018696416 70617383.946839
-0.307 0.000831811420203272 -0.000517127422670947 -5.49253119284626 325.12010381852 70617020.7145652
-0.3071 -0.000632774653581302 -0.000290574583708154 -5.49488235870755 325.073188940624 70616242.7851884
-0.3072 -0.00153298686270802 0.00152112977198649 -5.4946114469847 325.026274062728 70616422.9828732
-0.3073 0.000109754065160055 0.00100086584463609 -5.49600423655526 324.979359184833 70616601.6864205
-0.3074 0.00110408956431553 -0.00553867086631898 -5.49849928264058 324.932444306937 70615081.3488806
-0.3075 0.000577709353798072 0.00218812810220576 -5.49571628686743 324.885529429041 70617088.9545883
-0.3076 -0.00108665401751208 -0.00187575667045296 -5.50012860719653 324.838614551145 70614655.4828191
-0.3077 0.000254022719604673 0.00158484843894746 -5.49841141858548 324.791699673249 70616290.1064414
-0.3078 -0.000764944207326884 -0.00271722308117308 -5.50368625555152 324.744784795353 70614399.8126123
-0.3079 0.0006454716408611 5.29446089281433e-05 -5.50395277110028 324.697869917457 70615679.2925539
-0.308 -0.00297842565651796 -0.00165074069229535 -5.50495995172283 324.650955039561 70614450.5173442
-0.3081 0.000707754292797537 0.00263517224626541 -5.50306005456872 324.604040161665 70616530.4111808
-0.3082 -0.000524174604887277 -0.00325556447498848 -5.50626738840615 324.55712528377 70614289.7386526
-0.3083 0.000625593773738264 -0.000337490250522843 -5.50628833324979 324.510210405874 70615393.8664389
-0.3084 -0.00319796919988983 -0.000343612518789738 -5.50849634412771 324.463295527978 70614025.3733618
-0.3085 0.000916275756157178 -0.00103869425471941 -5.51018765935761 324.416380650082 70614682.1859902
-0.3086 -0.00126735835629 -0.00110346110072465 -5.51424883138284 324.369465772186 70613657.5678557
-0.3087 -0.000563975978470134 -0.00144596914336068 -5.51341118322907 324.32255089429 70614117.2674208
-0.3088 -0.000903286862143554 -0.000537028770860197 -5.51394806013545 324.275636016394 70613894.2860423
-0.3089 -0.00290819595447756 0.000426330202192603 -5.51410583787127 324.228721138498 70613892.3873112
-0.309 -0.000270899963558611 -0.000108951610238301 -5.51635781306359 324.181806260602 70613795.3420945
-0.3091 0.000468718624667804 -0.000452916771806515 -5.51878217832256 324.134891382707 70613251.5805226
-0.3092 -0.000398690838993646 -0.00107788014821753 -5.51951340433567 324.087976504811 70612835.5792208
-0.3093 0.000902946623815559 0.000427363001572042 -5.51722095158012 324.041061626915 70614177.9280061
-0.3094 -0.00144566464868341 -0.00231028002418765 -5.52019287737797 323.994146749019 70612678.1121413
-0.3095 -0.000484711839422051 0.0011836201735845 -5.52021560291182 323.947231871123 70613676.6394701
-0.3096 -0.00117409364821316 -0.00115191147690542 -5.52196066835579 323.900316993227 70612859.9069287
-0.3097 -0.000570281391087631 -0.000814137116885786 -5.52152346814981 323.853402115331 70613213.3355483
-0.3098 0.000827865591817519 0.000269920072698245 -5.52129672386723 323.806487237435 70613966.7187397
-0.3099 -0.00180384299915587 0.000361450302811033 -5.52408952093767 323.759572359539 70612912.5564017
-0.31 0.00114534826575296 -0.00168458857964361 -5.52529281278523 323.712657481644 70612957.4029393
-0.3101 0.000363843487047686 0.000933446488590386 -5.52506540845684 323.665742603748 70613295.5913128
-0.3102 -0.00439022240015591 -0.000439487156756988 -5.52671224913552 323.618827725852 70612279.8352036
-0.3103 0.00216013672972588 -4.56145118940806e-05 -5.5244670716939 323.571912847956 70613764.1271554
-0.3104 -5.82524271613912e-05 -0.00249038181524827 -5.52540051167657 323.52499797006 70612529.1917169
-0.3105 -0.000710982700850146 0.00079677844948267 -5.52415007336413 323.478083092164 70613264.9351968
-0.3106 -0.00161007428511134 -0.00046141852745215 -5.52524286588004 323.431168214268 70612811.2091966
-0.3107 0.00182684296859621 -0.000200369945332345 -5.52227551146209 323.384253336372 70613865.1423594
-0.3108 -0.00152244135921916 0.000331121853595735 -5.52462784377071 323.337338458476 70613083.022519
-0.3109 -0.00252388027558672 0.000632404734347066 -5.52592153302779 323.290423580581 70612895.9676802
-0.311 0.000269627265772804 5.1740197801799e-05 -5.5261537250831 323.243508702685 70613263.5003981
-0.3111 0.000907554547848108 -0.00205301205409648 -5.52520582866889 323.196593824789 70613017.342176
-0.3112 -0.000226789624542352 -0.00142090304799355 -5.52813760705067 323.149678946893 70612682.4759516
-0.3113 -0.0024714878638416 0.00151446727692138 -5.52752744208685 323.102764068997 70612814.4474812
-0.3114 0.00122524537449306 -0.000612740002909227 -5.52767158595715 323.055849191101 70613090.2723388
-0.3115 -0.00154818190854027 -0.00123092117863433 -5.52798838541072 323.008934313205 70612877.0312252
-0.3116 0.00059726870022603 7.93159549590018e-05 -5.52693929884228 322.962019435309 70613721.5041876
-0.3117 -0.00154078705324682 0.000290921363735246 -5.52892897229323 322.915104557413 70612753.1031019
-0.3118 -0.00161931670034542 0.000307275205016463 -5.52743869452254 322.868189679518 70613536.154441
-0.3119 5.44610704029724e-05 -0.00228803354269551 -5.5260905650701 322.821274801622 70613173.6701844
-0.312 -0.00160792738587807 0.000285216313966687 -5.52860750330738 322.774359923726 70612924.1192299
-0.3121 -0.000169739107606452 -0.000982143086274765 -5.52750262878674 322.72744504583 70613434.5368439
-0.3122 -0.00098824011141846 0.000826844483916905 -5.52870154691356 322.680530167934 70613506.6078851
-0.3123 -0.000611128914056993 -0.00271862294532612 -5.53044128539293 322.633615290038 70612546.9618633
-0.3124 0.00081232819207453 0.000432343847414113 -5.52534563879055 322.586700412142 70614370.1109678
-0.3125 -0.00186782867864775 -0.00121286343448915 -5.52723388945925 322.539785534246 70612710.8417982
-0.3126 -0.00182897477028733 0.000376089638913169 -5.52461734929918 322.49287065635 70613610.4824404
-0.3127 0.00116801211855999 -0.0015772453596665 -5.52341054844995 322.445955778455 70614426.1576708
-0.3128 -0.0023437801478414 0.000879583082671751 -5.52301723006126 322.399040900559 70614243.1576216
-0.3129 -0.000130167307135356 -0.00110251672996488 -5.52353060709283 322.352126022663 70614343.4616292
-0.313 0.00153408186707587 -0.00194006038393259 -5.52343726639261 322.305211144767 70614339.2808817
-0.3131 -0.000251756241052315 0.000368554474059691 -5.52199844751471 322.258296266871 70614691.5533935
-0.3132 -0.000823959401342171 -2.40004208209233e-05 -5.52308354000509 322.211381388975 70614288.448883
-0.3133 -0.00155852694567468 -0.000930891503242968 -5.52282975881007 322.164466511079 70613680.4019773
-0.3134 0.00116388458810893 -0.00241676234494533 -5.52071835893999 322.117551633183 70614291.3573042
-0.3135 -0.00225975386735348 0.0023601589006928 -5.52035243646506 322.070636755287 70614776.2689122
-0.3136 0.00082257730980404 -0.00186850613739202 -5.5197307505722 322.023721877391 70614885.4346146
-0.3137 -0.000312126122774 -0.000272898274524314 -5.51863632349026 321.976806999496 70615136.2355128
-0.3138 -0.000143504631319805 -0.000351052879896454 -5.51786984149894 321.9298921216 70615734.2314154
-0.3139 -0.00219293194438342 0.00128135583547605 -5.51844843974331 321.882977243704 70615517.5280029
-0.314 0.00113538834050196 -0.00214276662375034 -5.51782364709123 321.836062365808 70615252.1077341
-0.3141 -0.00165707066279997 -0.000168660412108713 -5.51636399938434 321.789147487912 70615484.7500754
-0.3142 0.000492672701854966 -0.00014352663945349 -5.5170812826029 321.742232610016 70615891.4798898
-0.3143 -0.00138827592460366 -0.000857069340870817 -5.51860546333766 321.69531773212 70615147.5635552
-0.3144 0.000384391268450054 0.00227628641129894 -5.51624520221753 321.648402854224 70616390.3245271
-0.3145 -0.000637296169381972 -0.00391604773140511 -5.51717062693776 321.601487976328 70614494.3038882
-0.3146 0.000674136132784769 0.00113790523765282 -5.51702584501522 321.554573098433 70615740.2648824
-0.3147 -0.00321482471003389 -0.000566354872765612 -5.51802834088041 321.507658220537 70614372.7784746
-0.3148 0.00257470614238365 -0.00091646834430857 -5.51549424785829 321.460743342641 70616273.9990264
-0.3149 -0.000855471395909673 -0.000411238088160218 -5.51731578718656 321.413828464745 70615282.739249
-0.315 -0.00181367069667826 0.00145008765248203 -5.51636647658306 321.366913586849 70615938.8039843
-0.3151 0.000955850999987592 -0.00182110160468811 -5.51714757964803 321.319998708953 70616074.9486618
-0.3152 -0.00115008548499965 -0.000291033797068892 -5.5188747410919 321.273083831057 70615172.8560352
-0.3153 0.000110530786348668 0.000956123640164134 -5.51632731831119 321.226168953161 70615485.0144261
-0.3154 -0.00250239549060906 -0.0029774908220175 -5.51726287895759 321.179254075265 70614545.0613521
-0.3155 0.00192279031121507 0.00185726616347914 -5.51672885905779 321.13233919737 70616041.8404754
-0.3156 -0.00279261045777651 -0.00273726605303353 -5.5191276516316 321.085424319474 70613895.793685
-0.3157 0.000841616008205968 0.00235224670166102 -5.51364816980145 321.038509441578 70617086.2522893
-0.3158 -0.00220967647424033 -0.00232692927662587 -5.51788460643024 320.991594563682 70614073.4725353
-0.3159 0.00103246022149778 -0.00126806854319352 -5.5149621919278 320.944679685786 70615986.6727238
-0.316 -0.00209690612526439 0.000703709835350363 -5.51469041879721 320.89776480789 70615620.439945
-0.3161 0.000779139249531011 -0.00112708947094785 -5.51412588118785 320.850849929994 70615675.2687033
-0.3162 0.000431678600334341 -7.40249384393389e-05 -5.51193856084161 320.803935052098 70616617.5104431
-0.3163 -0.00329115849014955 0.000309457461848333 -5.51468898411566 320.757020174202 70615240.4114305
-0.316400000000001 0.000961778565029418 -0.000726791688031953 -5.51193864065889 320.710105296307 70616843.5088539
-0.3165 -0.00121933024573427 -0.000741849104783707 -5.51250356704357 320.663190418411 70616596.443283
-0.3166 -0.000731236397708004 -0.000959491396984641 -5.51293058063946 320.616275540515 70615850.4589727
-0.3167 0.00128559690954164 0.000399379160708209 -5.51221617533245 320.569360662619 70617063.5792925
-0.3168 -0.00096041499644887 -0.00102073560352568 -5.51450506655404 320.522445784723 70615316.9939505
-0.3169 0.000110553311762942 -0.000825034427215387 -5.51518247841795 320.475530906827 70615572.8678309
-0.317 -0.00166474133889763 0.00123218366969985 -5.51307923319726 320.428616028931 70616336.5809907
-0.3171 -0.00114490651966506 -0.000586479548342599 -5.51433352736391 320.381701151035 70616221.7112084
-0.3172 0.00221297684297973 -0.00165935216609128 -5.51293943519965 320.334786273139 70616553.7084117
-0.3173 -0.0017840898563611 -0.000273921023662589 -5.51525921732824 320.287871395244 70615743.3889904
-0.3174 -0.0015813717369291 -0.000605433327561233 -5.5127143448516 320.240956517348 70616311.8673231
-0.3175 0.00107446495274892 -0.00175733009023567 -5.51226841301628 320.194041639452 70616912.5660866
-0.3176 0.000446759326243731 -0.000152264250526748 -5.51091455897834 320.147126761556 70617361.0643728
-0.3177 -0.00412013607593992 0.000470670475512421 -5.5115678369476 320.10021188366 70616599.3766149
-0.3178 0.000526655726288383 0.00149325751978068 -5.51049591188773 320.053297005764 70617711.256523
-0.3179 0.000947148307244758 -0.00327232951900957 -5.511107501985 320.006382127868 70616634.1077183
-0.318 -0.000752403839132886 0.00167222988084371 -5.51123875286913 319.959467249972 70617388.8705835
-0.3181 -0.000647402748257651 -0.00146208754160031 -5.51219309761349 319.912552372076 70616846.0039428
-0.3182 0.000360482746580654 -0.000825360387104753 -5.51216158434994 319.865637494181 70616458.4544423
-0.3183 -0.00180071661872534 0.000719270001586823 -5.51356902975079 319.818722616285 70616477.9645815
-0.3184 7.81542148720103e-05 -0.0017634366790324 -5.51252091435386 319.771807738389 70615847.5250016
-0.3185 0.000144780368613837 0.000246260941665175 -5.51294728583086 319.724892860493 70616578.9666623
-0.3186 -0.00165039279540977 -0.00142206489118555 -5.51104240873589 319.677977982597 70616246.29568
-0.3187 0.000390549132960118 0.000225792778616911 -5.51105883682359 319.631063104701 70617273.369606
-0.3188 -0.00160805911541946 -0.00164519010501877 -5.5114766016686 319.584148226805 70616299.0033781
-0.3189 0.00128901006061947 0.00044000291647684 -5.51051338031412 319.537233348909 70617539.6477258
-0.319 -0.00364465350927603 -0.00180278237768932 -5.51211928095815 319.490318471013 70615151.7660727
-0.3191 -0.000429844368920955 0.00329075204107787 -5.50823003305924 319.443403593118 70617637.4585786
-0.3192 -0.00184959697902508 -0.00279205215275516 -5.51034566929203 319.396488715222 70615637.320786
-0.3193 0.00288837623757059 -0.0012803414608298 -5.51071856086331 319.349573837326 70617463.7307818
-0.3194 -0.00466507588131557 -0.000297619670415631 -5.51464637476244 319.30265895943 70615150.1079445
-0.3195 0.00346400259811116 -0.00028033547412363 -5.51043170595398 319.255744081534 70617358.0970609
-0.3196 -0.00295833240225276 0.00054991194241512 -5.5106807335513 319.208829203638 70616244.8452423
-0.3197 0.000771638178545066 -0.00212131200317019 -5.51303246736192 319.161914325742 70616449.4085588
-0.3198 0.0014621201480442 -0.000594312903214307 -5.51244352183446 319.114999447846 70616686.6642062
-0.3199 -0.00282548611899984 -0.000220857676738542 -5.51336340895283 319.06808456995 70615568.9283711
-0.32 -0.00151722531200963 0.00122101303834556 -5.51163466583374 319.021169692055 70616253.2282455
-0.3201 0.00138517804590317 -0.00293271262217199 -5.51346977000061 318.974254814159 70616040.5500927
-0.3202 -0.000615079489305104 0.00195107370004407 -5.5105371489023 318.927339936263 70617099.7371787
-0.3203 -0.00209575879526472 -0.000927416276204591 -5.51468241433692 318.880425058367 70615180.4501655
-0.3204 0.00190937514989584 -0.00106871422488585 -5.50985252596106 318.833510180471 70617217.3930176
-0.320500000000001 -0.00238543339350426 -0.000629222313727797 -5.51286288473445 318.786595302575 70615579.6611298
-0.3206 0.00145066354891785 8.1161349306029e-05 -5.50891953618983 318.739680424679 70617703.0834662
-0.3207 -0.00356741987959197 -0.00164653560113266 -5.51225952701486 318.692765546783 70615524.0783488
-0.3208 0.00113409749456382 0.00208104438332891 -5.5088565798024 318.645850668887 70618332.0457118
-0.3209 -0.0016486370370733 -0.00282499464603135 -5.51195456130515 318.598935790992 70615571.0428728
-0.321 0.00117890743515333 0.00106366419606621 -5.5077000024791 318.552020913096 70618057.2739886
-0.3211 -0.00221672949239057 -0.000279165088554733 -5.50922869464965 318.5051060352 70616892.1397662
-0.3212 8.15647427627011e-05 0.000264745474233213 -5.50879530951111 318.458191157304 70617811.3660697
-0.3213 0.0010761205493139 -0.00507167148921731 -5.50888915398019 318.411276279408 70616508.5820659
-0.3214 -0.00366811422218335 0.00336739665119262 -5.50929459833298 318.364361401512 70617309.0881681
-0.3215 4.30509987366685e-05 -0.000693394597937968 -5.51014478020927 318.317446523616 70616887.3027803
-0.3216 -0.000567000852234984 -0.000599139467564799 -5.50799122943008 318.27053164572 70616841.3467155
-0.3217 0.00147882426678838 -0.00237580635689604 -5.5059490421548 318.223616767824 70617345.3358389
-0.3218 -0.0022228940484518 0.000516630533770103 -5.50322705620996 318.176701889928 70617910.8217095
-0.3219 0.000429528280278413 -0.000608458022511189 -5.5027684810231 318.129787012033 70618141.3463325
-0.322 -0.0016588949080058 0.000857608312706526 -5.50108935012901 318.082872134137 70618711.2461444
-0.3221 0.000467756063900808 -0.00252474056511465 -5.50078937454611 318.035957256241 70618531.2125036
-0.3222 -0.00103775013278602 0.000645052695167623 -5.50004941352323 317.989042378345 70618596.9555838
-0.3223 0.000181257573668552 9.8729165401941e-05 -5.50104719391779 317.942127500449 70618261.1937859
-0.3224 0.000984291007635198 -0.00308076713507171 -5.49914793000472 317.895212622553 70618521.1840011
-0.3225 -0.00099601805777428 0.000498200042263078 -5.50007455970695 317.848297744657 70618460.6707009
-0.3226 0.000141835527509607 -0.000684346275356516 -5.49684287621519 317.801382866761 70618802.360563
-0.3227 -0.000980193033693677 0.000580019512553854 -5.49746011055114 317.754467988865 70618735.3624349
-0.3228 -0.000601019393601036 -0.00194522359870513 -5.49647322679707 317.70755311097 70618372.7569495
-0.3229 -0.00103534117824253 0.00103481338840476 -5.49775605578455 317.660638233074 70618757.6624729
-0.323 -0.000725026278986676 -0.000276539589452374 -5.4978485866615 317.613723355178 70618298.2738187
-0.3231 0.00129356055112766 -0.00204605871434534 -5.49710601216265 317.566808477282 70618712.8359872
-0.3232 -0.00180267907889119 0.000492082078305313 -5.49835563344046 317.519893599386 70618428.8732357
-0.3233 0.00138320194259632 -0.000779021768298377 -5.49638865611329 317.47297872149 70619113.0835621
-0.3234 -0.000364737408298225 -0.00139663493238356 -5.49520121832125 317.426063843594 70618698.5731245
-0.3235 -0.00147385721107809 0.0012920835465549 -5.49567795313056 317.379148965698 70618517.4434414
-0.3236 -0.000360028970495206 -0.00115534742605308 -5.4986212269375 317.332234087802 70617971.120815
-0.3237 0.000671014190195728 -2.10486861188196e-05 -5.4968777582069 317.285319209907 70618494.8438284
-0.3238 -0.000189287017192214 -0.000242152977393837 -5.49521837421977 317.238404332011 70618800.2640095
-0.3239 -0.0018962147150543 0.00102167650200897 -5.49579974812061 317.191489454115 70618602.2635828
-0.324 9.59263409986255e-05 -0.00208519461924513 -5.49618867830331 317.144574576219 70618739.795995
-0.3241 0.00205763940226995 -0.000169591390992093 -5.49580772878335 317.097659698323 70618948.8057707
-0.3242 -0.00193814193659152 -0.00143096612355742 -5.49606066289283 317.050744820427 70617603.2167445
-0.3243 0.0023975091075361 8.33770701898608e-05 -5.49434766025328 317.003829942531 70619496.2594294
-0.3244 -0.00377277175296933 0.000138797206340301 -5.49669894874585 316.956915064635 70617701.840535
-0.3245 0.00287338855944028 0.00153064595633827 -5.49330212269559 316.910000186739 70620325.429703
-0.3246 -0.00243025904540668 -0.00244874028855802 -5.49574959866666 316.863085308844 70617982.4607854
-0.3247 0.000890190157483934 0.000999122785485108 -5.49481477755508 316.816170430948 70619546.0100082
-0.3248 -3.21012811917043e-05 -0.00119743782469954 -5.49679263361242 316.769255553052 70618307.4604741
-0.3249 -0.00040413307516729 0.000893970921687807 -5.49533876502346 316.722340675156 70619295.9840921
-0.325 -0.000159024325123547 -0.000421953865364715 -5.4949145255626 316.67542579726 70619362.8351142
-0.3251 0.00128331964018089 -0.00323530761487078 -5.49502188208707 316.628510919364 70619014.6111239
-0.3252 -0.00260686107516904 0.0013505866293358 -5.49620633890519 316.581596041468 70619276.9129089
-0.3253 -0.000672814276839608 0.000276050157493472 -5.49687481996648 316.534681163572 70619235.887104
-0.3254 0.00020206999998837 0.000159646975146676 -5.49834120685607 316.487766285676 70619039.942953
-0.3255 0.00167009138846946 -0.00310252113228556 -5.499545121819 316.440851407781 70618516.3550531
-0.3256 -0.00318250334160988 0.00149341641457857 -5.49747582276574 316.393936529885 70618499.8968416
-0.3257 -0.00062754881993934 0.000454059095670983 -5.49760732665035 316.347021651989 70618961.1365383
-0.3258 0.00115383299862933 -0.00180136233892505 -5.50245015888561 316.300106774093 70618082.5049095
-0.3259 9.30773433266563e-06 -0.000279768631594808 -5.50078247264449 316.253191896197 70618359.4542008
-0.326 -0.00132143306817144 -0.000381506135732185 -5.50284661573351 316.206277018301 70618083.1707125
-0.3261 -0.000223241712679443 0.0004495530508096 -5.50376621238932 316.159362140405 70618382.1730563
-0.3262 0.00135807191271729 -0.00238481787415229 -5.50391365658536 316.112447262509 70618006.8105305
-0.3263 -0.00315165925362859 0.00277200645397222 -5.50313922021651 316.065532384613 70618222.2512558
-0.3264 0.00146956589949987 -0.00269193420019818 -5.50344311154691 316.018617506718 70617689.6763157
-0.3265 -0.0003996579988678 0.000643584801962028 -5.50252766062895 315.971702628822 70618811.0222953
-0.3266 -0.000326819856167401 -0.00118318141650671 -5.50221272251911 315.924787750926 70618212.3512095
-0.3267 0.000417174435691534 0.000563697374270634 -5.49953535024914 315.87787287303 70619343.8043271
-0.3268 -0.00171617244807539 -0.00148573154917137 -5.50201909814224 315.830957995134 70617520.7306973
-0.3269 -0.00233121902470416 0.000712506950963391 -5.49947961929548 315.784043117238 70618952.8208297
-0.327 0.000835517831418422 -0.00306298789467763 -5.50067575023224 315.737128239342 70618498.7243775
-0.3271 -0.000964159942227296 -0.000398018379001216 -5.50104003581504 315.690213361446 70618973.3182388
-0.3272 0.00100433235850212 -0.00192758339247394 -5.49947530899086 315.64329848355 70618992.6737195
-0.3273 -0.00247811948548111 0.00113319199523202 -5.49824501939255 315.596383605655 70619001.6517051
-0.3274 -0.00105324154685029 -0.00142652315341483 -5.50174020716236 315.549468727759 70617812.2108589
-0.3275 0.000827078379707287 -0.00261270222102397 -5.50121128182363 315.502553849863 70618156.9774549
-0.3276 -0.00229280533602312 -0.000167031122154297 -5.50575746335619 315.455638971967 70617412.0395706
-0.3277 -1.64189695498771e-05 -4.09280819802153e-05 -5.50399630618087 315.408724094071 70618117.552423
-0.3278 0.000840216041326095 -0.00360362712517131 -5.50722131338618 315.361809216175 70616730.4557952
-0.3279 -0.000911296921564342 0.00178581674935252 -5.50814472415618 315.314894338279 70617740.3834938
-0.328 0.000327725465923143 -0.00234166633785585 -5.50775327332534 315.267979460383 70617459.6190491
-0.3281 -0.00131859166805793 0.00100306773404739 -5.50811951189632 315.221064582487 70616995.8022865
-0.3282 -0.000427818444125049 -0.000595866395126484 -5.50982250138591 315.174149704592 70616669.0599922
-0.3283 -0.000823858157116626 -0.000958260857548054 -5.50992236206683 315.127234826696 70616736.075497
-0.3284 -0.000127639338702976 0.000365304315421133 -5.51114639611902 315.0803199488 70616938.2698432
-0.3285 -0.000310193062672783 -0.00138852996376596 -5.51265929899504 315.033405070904 70616449.068598
-0.3286 -0.00099890689659203 0.000843187756237473 -5.51019840574777 314.986490193008 70617036.3168107
-0.3287 -0.00221766721254092 -0.00020177647537887 -5.51278639134288 314.939575315112 70616209.4190411
-0.3288 0.0012743436657321 -0.00122922865168162 -5.51259872819544 314.892660437216 70616811.5909984
-0.3289 -0.000876987857046375 0.000580538117933496 -5.51442062928082 314.84574555932 70616001.3282744
-0.329 0.00193882610673003 -0.00011879280919901 -5.51263600568154 314.798830681424 70616751.4732025
-0.3291 -0.0018938930155958 -0.00164655618091403 -5.51595684116658 314.751915803529 70614800.7476119
-0.3292 -0.000250588275384544 0.000740447470524502 -5.51328387648947 314.705000925633 70616720.8051016
-0.3293 0.000398901132066106 -0.00155296566032238 -5.51294426216181 314.658086047737 70616064.7368512
-0.3294 -0.000778241744694432 0.000117571536335607 -5.51226605487714 314.611171169841 70616496.6366591
-0.3295 0.00148412176658749 -0.00201138323488594 -5.5120401524668 314.564256291945 70616653.365834
-0.3296 -0.00231628078644619 0.00204629158693102 -5.51196634165142 314.517341414049 70616406.1127439
-0.3297 0.00130154318020309 -0.00235872505202723 -5.51190461591847 314.470426536153 70615910.1056326
-0.3298 -0.00220303725793826 0.000832300838435106 -5.51035086895696 314.423511658257 70616771.7086171
-0.3299 0.000212008733240998 0.0015617472899161 -5.51003016292173 314.376596780361 70617172.4647343
-0.33 0.0011305136840572 -0.0041401369440524 -5.51250251376099 314.329681902465 70616326.7047115
-0.3301 -0.000716843279523667 0.00137281717183476 -5.50981695274915 314.28276702457 70617253.1577136
-0.3302 -0.00284114116799321 -0.00193219663631265 -5.50965977450177 314.235852146674 70616196.6260858
-0.3303 0.00148392463713749 0.00102964333963711 -5.50642336594275 314.188937268778 70618453.6795735
-0.3304 -0.00174704624889492 -0.002300497677255 -5.50905133383362 314.142022390882 70616728.1486625
-0.3305 -0.00142256993284103 0.0029442744718415 -5.50747270383668 314.095107512986 70617810.6560464
-0.3306 -0.000788040328614781 -0.00212211811362834 -5.50798611893391 314.04819263509 70617295.250691
-0.3307 0.000502904447238392 -0.00145386031114734 -5.50514613543465 314.001277757194 70617979.7454084
-0.3308 -0.00185642336383097 -0.000565132693925059 -5.50803463179057 313.954362879298 70617114.3981592
-0.3309 0.000574743229317224 -0.00062046495204019 -5.50500141690181 313.907448001402 70618399.2559374
-0.331 -0.0027747789736048 0.000120659172975324 -5.50735197533383 313.860533123507 70617116.2636981
-0.3311 0.0013228889271715 0.00027920197922305 -5.50635541079841 313.813618245611 70618401.3078956
-0.3312 -0.00140088765909858 -0.00236485769438305 -5.5071545160825 313.766703367715 70617171.0687762
-0.3313 0.000780094762222602 0.00120739255430254 -5.50791620432607 313.719788489819 70618609.2304043
-0.3314 -0.00268334554530826 -0.00225361712647402 -5.50894721936769 313.672873611923 70616855.3528976
-0.3315 0.000797806444270236 0.00200227000340412 -5.50603461701413 313.625958734027 70619038.4387553
-0.3316 -0.000116508095300273 -0.00285433653043595 -5.51079289130189 313.579043856131 70616446.329026
-0.3317 5.79958090699053e-05 0.00190535467203301 -5.50953776631361 313.532128978235 70617976.9738007
-0.3318 -0.00184323860103859 -0.00395793614351554 -5.51269594660512 313.485214100339 70615668.8803047
-0.3319 0.00251967212608778 0.00167989424509589 -5.51071384374952 313.438299222444 70618694.5004557
-0.332 -0.00425263385625897 -0.0026159164977551 -5.51541590393541 313.391384344548 70615073.1674108
-0.3321 0.00231222451779202 0.00222312203668659 -5.51078957247607 313.344469466652 70618259.9740908
-0.3322 -0.00289678650106696 -0.00128254402158146 -5.51437240462546 313.297554588756 70615867.9619851
-0.3323 0.00138011243803396 -0.0024083491503347 -5.51464749099296 313.25063971086 70616681.8711415
-0.3324 0.000221981743495173 0.00127962652476539 -5.51366433497003 313.203724832964 70617068.335517
-0.3325 -0.0027839588772083 -0.000386944365226795 -5.51584326785326 313.156809955068 70616582.9280524
-0.3326 0.0018169514372962 -8.55322444433776e-05 -5.51384560816693 313.109895077172 70617771.2007283
-0.3327 -0.00179914953571548 -0.002131259795066 -5.51650395983263 313.062980199276 70616089.1855804
-0.3328 -0.00120498329083389 0.000158494144396185 -5.51782125798034 313.016065321381 70616465.1291934
-0.3329 -0.000405063539113153 0.000891982099771889 -5.52037494554489 312.969150443485 70615823.9589308
-0.333 -0.000241275901383208 -0.00243405122944864 -5.51927494892235 312.922235565589 70614789.588126
-0.3331 -0.00165926935542549 0.00308781793412981 -5.51682174490593 312.875320687693 70617189.904759
-0.3332 -0.00298165289561192 -0.00189838251962657 -5.52099044031487 312.828405809797 70614792.8956507
-0.3333 0.00213753638779264 0.000853106012965291 -5.51902300969446 312.781490931901 70616712.6749819
-0.3334 -0.00350245324800319 -0.00102700258637267 -5.51983236332882 312.734576054005 70615295.2272371
-0.3335 0.00150299277843638 0.000648659969104488 -5.51806844854814 312.687661176109 70616854.6661664
-0.3336 -0.000290642982382306 -0.00165641940631728 -5.51964810665417 312.640746298213 70615501.6887096
-0.3337 -0.00130275886438508 -0.000127827775989528 -5.51971261667593 312.593831420318 70615602.2754215
-0.3338 -0.00178691777245978 -0.000668264078345458 -5.52020446254067 312.546916542422 70615723.846751
-0.3339 -6.64617653105704e-06 0.00072221848347257 -5.52028275540088 312.500001664526 70616534.0787983
-0.334 -0.000434344012257636 -0.00177669138061462 -5.5217641570763 312.45308678663 70614961.0390009
-0.3341 0.000918196968478672 0.000666271249984441 -5.52161566445336 312.406171908734 70616278.9439035
-0.3342 -0.00110925964802705 -0.000828549424734306 -5.52391492474212 312.359257030838 70615008.4102259
-0.3343 0.000625119957388443 -0.00152843648371563 -5.52294521997859 312.312342152942 70615623.9760199
-0.3344 0.0014612134735205 -0.002452102296516 -5.52621919136207 312.265427275046 70615131.6918671
-0.3345 -0.0035333881009013 0.0022426398671823 -5.52931302836804 312.21851239715 70614428.8780707
-0.3346 0.00149559271790547 -0.000208382308278555 -5.53085276657032 312.171597519255 70615107.8770652
-0.3347 -0.00010483170391763 -0.000868835158296225 -5.53172103913193 312.124682641359 70614426.6468194
-0.3348 -0.000105302739696371 -0.000806624453657921 -5.53266493102647 312.077767763463 70614107.7908946
-0.3349 0.000116936626766196 -0.00227334622535368 -5.5335566910797 312.030852885567 70614065.9145773
-0.335 -0.00140613355008166 0.00203318358380527 -5.53332044106628 311.983938007671 70614879.8402663
-0.3351 0.000429401903176875 -0.00241762764965626 -5.53734822337495 311.937023129775 70613570.9406093
-0.3352 0.000118449388024632 0.000302862241367692 -5.53720782602156 311.890108251879 70614158.7705854
-0.3353 -0.000924047222616681 -0.0014723631005719 -5.54037778280221 311.843193373983 70612705.3848877
-0.3354 0.000455643202959119 0.00177116382013621 -5.53575148593159 311.796278496087 70614849.1449866
-0.3355 -0.00101094376035671 -0.00179751885811395 -5.53773518337047 311.749363618192 70613552.2405056
-0.3356 -8.36746194371881e-05 0.0012402332934173 -5.53831122416247 311.702448740296 70614445.2910472
-0.3357 -0.0016330040638666 -0.00277855937710768 -5.54087622526575 311.6555338624 70612667.1201615
-0.3358 0.00245620911597535 6.29583497754236e-05 -5.53780811573064 311.608618984504 70615384.5416735
-0.3359 -0.00406984016046158 -0.00175124573294839 -5.54329247449604 311.561704106608 70611886.306517
-0.336 0.000703075205381121 0.00364848951558026 -5.53894908361893 311.514789228712 70615036.8175132
-0.336100000000001 0.0019188623606013 -0.00488080767422578 -5.54128511973075 311.467874350816 70612655.4854035
-0.3362 -5.50598299626893e-05 0.00271504961230672 -5.53847052812304 311.42095947292 70614692.1278328
-0.3363 -0.00371889363592711 0.000732174619752386 -5.54219138164449 311.374044595024 70612325.2238349
-0.3364 0.00195711821216098 -0.00145578334946925 -5.53943900148321 311.327129717129 70613913.9320393
-0.3365 -0.000356087928951561 -0.000801295220337275 -5.54181868645842 311.280214839233 70612842.2142071
-0.3366 -0.00187317616365304 -0.000403517001940846 -5.54035219278248 311.233299961337 70613337.1684858
-0.3367 0.000203535424656427 0.00217216761058142 -5.53986753517768 311.186385083441 70614814.8820533
-0.3368 -0.00177007351398529 -0.00331399997042202 -5.54163864637806 311.139470205545 70612994.6277796
-0.3369 0.000673178310917295 0.00114352272361948 -5.54020838167765 311.092555327649 70615150.7646339
-0.337 -0.00196487624007863 -0.000210016180166491 -5.54399855329893 311.045640449753 70613334.3585472
-0.3371 0.00114690574991529 -0.00120761701839779 -5.54447064629786 310.998725571857 70614003.9934476
-0.3372 -0.00157110012999744 0.00101071550526664 -5.54692550847102 310.951810693961 70613221.4303326
-0.3373 0.000304666764258869 -0.0014121982622228 -5.54645659102683 310.904895816066 70613714.5283099
-0.3374 0.000732557468804056 -0.00210176337436076 -5.54999370735304 310.85798093817 70612762.6350081
-0.3375 -0.00242579656609325 0.00243507844055676 -5.55027831817381 310.811066060274 70612907.8091638
-0.3376 0.00155027949670964 -0.0029334203355713 -5.55084925342967 310.764151182378 70612847.9042843
-0.3377 0.000411914412832124 -0.00193099038418604 -5.55342491425433 310.717236304482 70612366.4007563
-0.3378 -0.00150612462885831 0.0004522408459534 -5.55174989317726 310.670321426586 70613169.7345414
-0.3379 -0.000777124904791116 -0.0010109517360841 -5.55357004450989 310.62340654869 70612484.3445498
-0.338 -2.99633382116701e-05 0.000245008068227903 -5.55478649124373 310.576491670794 70612392.3340646
-0.3381 0.000169373317093481 -0.00242597910926344 -5.55677592504212 310.529576792898 70611606.7082944
-0.3382 -0.000720799056765947 0.000776333319495639 -5.55703628224634 310.482661915002 70612513.5914895
-0.3383 -4.00605381685067e-05 -0.00231098384418717 -5.56040975288129 310.435747037107 70611313.5136291
-0.3384 -0.0016490689541617 -0.000362056566218477 -5.56099186016302 310.388832159211 70611174.0595101
-0.3385 0.00141538977964605 -0.00284810328419207 -5.56019699837001 310.341917281315 70611551.9043878
-0.3386 -0.000936955398734614 -0.00047267070106608 -5.55754231375769 310.295002403419 70612300.8504936
-0.3387 -0.000901887380871864 -0.000966017077137377 -5.55836341178149 310.248087525523 70612018.3161685
-0.3388 -0.000366006027890663 -0.00263682177576318 -5.55903088624367 310.201172647627 70612210.5539318
-0.3389 -0.000164049854530279 -0.000130167963570524 -5.55831115916735 310.154257769731 70612388.1869332
-0.339 -0.00369474912112554 0.00077938668253152 -5.55989725470809 310.107342891835 70611762.7596175
-0.3391 0.0045648837408384 -0.00358603536528725 -5.56016578536998 310.060428013939 70612595.2458073
-0.3392 -0.00439015653678294 0.000745254459039314 -5.56292914008639 310.013513136044 70611616.4593991
-0.3393 0.000719194334749422 0.00215796094813029 -5.5625243261839 309.966598258148 70612780.028245
-0.3394 0.000343854507846615 -0.00366154929750844 -5.56404855827008 309.919683380252 70611265.4950483
-0.3395 -8.68419134561973e-05 0.00162390421635164 -5.56330705984468 309.872768502356 70612559.2840303
-0.3396 -0.00184389416314714 -0.000908394559386157 -5.56509668439767 309.82585362446 70611266.1621476
-0.3397 0.00125665635656196 -0.000731780078759533 -5.56354374957859 309.778938746564 70612456.3481478
-0.3398 -0.00187646646537955 -0.00287884747368663 -5.56737526930274 309.732023868668 70610588.0109585
-0.3399 0.0012977281394851 0.00329294324421183 -5.56404906903416 309.685108990772 70612917.0698813
-0.34 -0.0021976895960047 -0.00405296201016343 -5.56963869468569 309.638194112876 70609480.8107176
-0.3401 0.00184442083042681 0.000617403481999192 -5.56743129071586 309.591279234981 70612142.0413974
-0.340200000000001 -0.00416152234992921 -0.000192146552214099 -5.57135985753702 309.544364357085 70610326.9956052
-0.3403 0.00151079210843582 -0.0011034816327968 -5.56897171028139 309.497449479189 70611844.2963337
-0.3404 -0.00174125789196443 0.000372850500600665 -5.57328621216049 309.450534601293 70610440.3817283
-0.3405 0.00287596118765172 -0.00367847527111255 -5.57450224439835 309.403619723397 70610419.2098994
-0.3406 -0.00408872098329717 0.00286690334974009 -5.57552390355117 309.356704845501 70610404.2799336
-0.3407 -0.000201168426314326 -0.000668604683818276 -5.57725602927975 309.309789967605 70610182.3235179
-0.3408 0.000575280698551738 -0.00082559721553016 -5.57844359943484 309.262875089709 70610074.7968751
-0.3409 7.45365700838314e-06 -0.00239713048912401 -5.57840400037721 309.215960211813 70609950.096864
-0.341 -0.00262308295144041 0.00215220779524096 -5.57659961972485 309.169045333918 70610603.3026505
-0.3411 0.000320577039035862 -0.000431111224816154 -5.57479305705827 309.122130456022 70611151.843567
-0.3412 -0.00111467563050786 -0.00322253721207623 -5.57826592371078 309.075215578126 70609953.72935
-0.3413 0.000558849881552023 0.000711041667640845 -5.57700880738043 309.02830070023 70611417.0889711
-0.3414 -0.00176150841552438 -0.000360458878393079 -5.57804928880314 308.981385822334 70611111.1897197
-0.3415 0.000541440785904694 -0.00159351666209927 -5.58022000295757 308.934470944438 70610484.4216308
-0.3416 -0.000388645612462246 -0.000691797441543131 -5.5825135908276 308.887556066542 70610360.0990154
-0.3417 -0.00235036990445157 -0.000385275746323441 -5.58373608809517 308.840641188646 70610000.2237796
-0.3418 2.80755038514631e-05 -0.00143208265593103 -5.58473930278075 308.79372631075 70610155.1699369
-0.3419 0.000816674048731538 -0.00058940936762125 -5.58331926369238 308.746811432855 70610975.6037937
-0.342 -0.000657905371395211 0.00131532750230892 -5.58578270065149 308.699896554959 70610464.7473165
-0.3421 -0.00132444686276451 0.000566327384786131 -5.58612956814228 308.652981677063 70610450.9350638
-0.3422 -0.000184577265496754 0.000149582898703771 -5.58070468039947 308.606066799167 70611777.439409
-0.3423 -0.000902469941607881 -0.000339559552529826 -5.58427181325862 308.559151921271 70610764.8531532
-0.3424 -0.00109282292897262 -0.00103788172475277 -5.58516925223228 308.512237043375 70610701.832896
-0.3425 -0.000697085377830086 -9.26551737373633e-05 -5.58426712769978 308.465322165479 70612089.1101881
-0.3426 -0.000736684120791294 -0.000798900311709341 -5.58793717501253 308.418407287583 70610556.5152905
-0.3427 0.00279065941771485 -0.000268309737072809 -5.58400531106577 308.371492409687 70612119.3400399
-0.3428 -0.00166058816414087 -0.00100592334964622 -5.58703383426347 308.324577531792 70610501.7011126
-0.3429 -0.00248873762556931 0.00129558929373771 -5.58809590700206 308.277662653896 70610980.7142389
-0.343 0.000600510469648341 -0.00110159001839729 -5.58745810887846 308.230747776 70611183.9119274
-0.3431 -5.51202897863959e-05 -0.00266398183694563 -5.58918420979959 308.183832898104 70610389.485213
-0.3432 -0.000535189349093831 0.00186876972742148 -5.58795256125805 308.136918020208 70611838.9639474
-0.3433 -0.000807093786110958 -0.00269689027453038 -5.5894298743575 308.090003142312 70610325.1933956
-0.3434 0.00192072750168947 0.00188313155312824 -5.58610526051613 308.043088264416 70612370.8778499
-0.3435 -0.00232949673964199 -0.00303702776879956 -5.58965036676004 307.99617338652 70609995.3680378
-0.3436 -0.000695559511146506 0.00265526064851729 -5.58618881997451 307.949258508624 70612292.1299311
-0.3437 -0.000768469437855606 -0.00285556454306394 -5.58706827741959 307.902343630729 70610748.3764642
-0.3438 0.00136380653489429 -0.000782556097988311 -5.58469250001096 307.855428752833 70612133.7038708
-0.3439 -0.00266656264823249 0.0010944588651318 -5.58519613644178 307.808513874937 70611721.4524384
-0.344 0.000976434114146072 -0.00176375453712761 -5.58334253157215 307.761598997041 70612533.7396901
-0.3441 -0.00135276439682153 -0.00247166561245745 -5.58501196517627 307.714684119145 70611538.8787226
-0.3442 4.74034982296017e-05 0.00226500707279553 -5.5843525440982 307.667769241249 70612784.6042883
-0.3443 -0.00090394437986151 -0.00293546994111368 -5.58553908235784 307.620854363353 70611223.3908637
-0.3444 0.00105311843162247 -0.00117364034350012 -5.58255725908569 307.573939485457 70612518.4673895
-0.3445 -0.00242059731203085 0.000885074578679462 -5.58290023117266 307.527024607561 70612117.5080809
-0.3446 -0.00280393619648757 -0.00087026844573348 -5.58294234956587 307.480109729666 70611397.0438507
-0.3447 0.000618470111417452 0.000488601579431583 -5.58323195978542 307.43319485177 70612258.3106869
-0.3448 7.62648330843813e-05 -0.00456420797384423 -5.58424359716542 307.386279973874 70611413.6842227
-0.3449 -0.000875713836970193 0.00199199328210519 -5.58246436734043 307.339365095978 70612790.0333681
-0.345 -0.00119466744579901 -0.000591387026649443 -5.58203466132957 307.292450218082 70612721.3076111
-0.3451 0.000681358537041768 0.000234016423998374 -5.58308169458194 307.245535340186 70613068.1161554
-0.3452 -0.000973907201761273 -0.00417750913031675 -5.5874909981853 307.19862046229 70610741.5683177
-0.3453 -0.000726012083284177 0.00248182946451908 -5.58486070174095 307.151705584394 70612585.7786205
-0.3454 -0.00122850066413601 -0.00159240888059553 -5.58731547192517 307.104790706498 70610998.1354997
-0.3455 0.00189650729014742 -0.0010618349763696 -5.58586367255366 307.057875828603 70612015.1826795
-0.3456 -0.00166147758231597 -0.000418259206979457 -5.58676828352398 307.010960950707 70611574.7280306
-0.3457 -0.00171714154278467 6.26959152341885e-05 -5.58439554667888 306.964046072811 70612271.8648311
-0.3458 0.00122864877112097 -0.00197153209803964 -5.5824275265449 306.917131194915 70612717.1124056
-0.3459 -0.00313263879473869 0.000767353894025743 -5.58273456260224 306.870216317019 70612184.9564089
-0.346 0.00100144007040401 -0.00187672232074423 -5.58211989280746 306.823301439123 70613066.1443189
-0.3461 -0.000693093091263809 -0.00211001941861174 -5.58406631538739 306.776386561227 70612426.0314269
-0.3462 -0.00173443104813257 0.00201279748356893 -5.58123949368264 306.729471683331 70613304.6286889
-0.3463 -0.00117050112540337 -0.00203508888876092 -5.57871040877493 306.682556805435 70612935.6901554
-0.3464 -0.00023132326691328 -0.00226704930422256 -5.5771712670178 306.635641927539 70613872.747253
-0.3465 0.000180641914592701 -0.00170209377764293 -5.57772175431695 306.588727049644 70613899.0865045
-0.3466 -0.00211389481581246 0.00235809086227079 -5.57778560934505 306.541812171748 70613983.050911
-0.3467 0.000327310774585829 -0.00386562162735237 -5.57690020953711 306.494897293852 70613354.1023674
-0.3468 0.00234567775039783 -0.000452316443537168 -5.5768778423617 306.447982415956 70614299.6286009
-0.3469 -0.00329061100866293 0.000290808290561272 -5.57887023783397 306.40106753806 70612828.1305535
-0.347 0.000747482157365236 0.00163046191055168 -5.57582055959347 306.354152660164 70614838.792661
-0.3471 -0.000934926533625014 -0.00411528722460769 -5.57869306754359 306.307237782268 70612977.7768785
-0.3472 0.000220277912241515 0.00201851829151536 -5.57600937871343 306.260322904372 70615087.6272805
-0.3473 -0.00244162361034782 -0.000388567733500307 -5.57747856064821 306.213408026476 70613713.6659266
-0.3474 0.00137264634939072 -0.00154374935570983 -5.57871965046413 306.166493148581 70613854.3842002
-0.3475 -0.00111475054190412 -0.000941302030669296 -5.57920127754641 306.119578270685 70613488.9368741
-0.3476 -0.000872664314189623 0.000421096606371933 -5.57930484016935 306.072663392789 70614352.8846089
-0.3477 0.00117549275439005 -0.00141498682264743 -5.58077522270571 306.025748514893 70613927.5856024
-0.3478 -0.000541719215539319 -0.00189635131215452 -5.58211052161347 305.978833636997 70612998.528327
-0.3479 -0.000689915989084852 0.00153527204545792 -5.58319273483103 305.931918759101 70613587.6145567
-0.348 -0.00114947237596818 -0.00211984923732442 -5.58371155104391 305.885003881205 70612377.7599115
-0.3481 -0.000469838139657262 -0.000792352508954773 -5.5847000592359 305.838089003309 70612527.8491293
-0.3482 -0.00104286877191062 -0.000252834137756295 -5.58367969951042 305.791174125413 70613332.8661289
-0.3483 -0.000858144792075618 -0.00186827234771788 -5.58515962763819 305.744259247518 70612305.2989523
-0.3484 0.000563871651838403 -0.000396790253037429 -5.58556710585262 305.697344369622 70612534.0767873
-0.3485 -0.000429366372580334 -0.000581122770183537 -5.58920976212463 305.650429491726 70612225.467752
-0.3486 -0.00167462104002814 -0.000777807498672528 -5.58795342210889 305.60351461383 70612192.4806679
-0.3487 0.00126112841000679 -0.00113250694621209 -5.58651519309858 305.556599735934 70613208.9442846
-0.3488 -0.000207195525785385 -0.000174221714650067 -5.58842753362135 305.509684858038 70612069.9064009
-0.3489 -0.000820319083391225 0.000314307746474472 -5.58814921552723 305.462769980142 70612820.9408643
-0.349 -5.39404674742849e-05 -0.00144215800734086 -5.58787272274112 305.415855102246 70612536.2358488
-0.3491 -0.000600240171349469 -4.85400605554769e-05 -5.5895224243271 305.36894022435 70611899.7476036
-0.3492 -5.52323380173988e-05 -0.00229494079244011 -5.5888200500967 305.322025346455 70612067.286977
-0.3493 -0.00233494182982944 0.00085493006800085 -5.58885941192467 305.275110468559 70612152.1459366
-0.3494 -2.0676601397255e-05 -8.6847211438347e-05 -5.58999857042377 305.228195590663 70611883.8311752
-0.3495 -0.00146526834333248 -0.0010603051445518 -5.59023983512333 305.181280712767 70611531.5963107
-0.3496 0.000477589345782609 -0.000762509933130097 -5.5901952270632 305.134365834871 70611961.0052137
-0.3497 -0.000858257278245703 -0.000612329453750329 -5.58865561308164 305.087450956975 70612504.7619734
-0.3498 -0.000924815842136241 -0.00116208501022388 -5.58539471872534 305.040536079079 70613254.8621958
-0.3499 -0.000462628857109304 -0.00153210232232423 -5.5864265403332 304.993621201183 70613060.6506569
-0.35 -0.0013522045748656 0.00107656504907027 -5.58786478311599 304.946706323287 70613148.4108439
-0.3501 0.000663124428587824 -0.00180045709390965 -5.58757610983955 304.899791445392 70612825.7760882
-0.3502 -0.0015162018214836 -0.000521382948417859 -5.59072579406718 304.852876567496 70611982.7045394
-0.3503 0.00179019883015842 0.000587378569361852 -5.58632632326301 304.8059616896 70613847.0404787
-0.3504 -0.00183714227815486 -0.00158028797642824 -5.58686752361081 304.759046811704 70612627.2449146
-0.3505 -0.000409451709005162 -0.000378361828115575 -5.58771361872025 304.712131933808 70612904.6691478
-0.3506 0.000797793230770482 -0.00258105389447838 -5.58655593699625 304.665217055912 70613058.433834
-0.3507 -0.00231193266489678 0.00054906288154035 -5.58413500304176 304.618302178016 70613443.0091731
-0.3508 0.000335855453750368 -0.00249828144922423 -5.58548927540834 304.57138730012 70613535.9998744
-0.3509 -0.000272643881760456 -0.00114008461917359 -5.58347029616645 304.524472422224 70613933.5889929
-0.351 -0.000135142077299623 0.00133677809186137 -5.58193698829262 304.477557544329 70614800.4852465
-0.3511 -0.000891004720219076 -0.000696499789324224 -5.58338745032618 304.430642666433 70613939.1074618
-0.3512 0.000368915116101883 -0.00128442339056801 -5.58383498878098 304.383727788537 70614026.9003871
-0.3513 0.0017512915918521 -0.00117102832923449 -5.58025536509128 304.336812910641 70615025.4433142
-0.3514 -0.00358775860388628 0.000595781389944376 -5.57935931430114 304.289898032745 70614618.9791296
-0.3515 -9.81928930645663e-05 -0.00169484235463689 -5.57704959864234 304.242983154849 70614995.9290788
-0.3516 -0.000680272245321786 6.36867939800528e-05 -5.57607131771695 304.196068276953 70615677.3671632
-0.3517 -0.000996336960441228 -0.00211164676858383 -5.57871190136565 304.149153399057 70614459.9897386
-0.3518 -0.00269436115715777 -0.000650641348329126 -5.57813528658202 304.102238521161 70614002.6357165
-0.3519 0.00334538368328688 -0.00125929902019603 -5.57666414423085 304.055323643266 70615478.6164038
-0.352 -0.0068814884868205 0.000616354880640164 -5.5752517731558 304.00840876537 70613803.0012297
-0.3521 0.00370616672180838 -0.000564700642656149 -5.56921002183147 303.961493887474 70617239.3252662
-0.3522 -0.00498877675037106 -0.00296555092000337 -5.57206659359852 303.914579009578 70613857.619655
-0.3523 0.00104011422788046 0.00291954847630197 -5.56791608107399 303.867664131682 70617615.3517944
-0.3524 -0.000577459297687399 -0.00404358871280034 -5.56994879361975 303.820749253786 70615087.7118388
-0.3525 -0.000420880612620581 0.00169334692438327 -5.567063665113 303.77383437589 70617096.731337
-0.3526 -0.000978103065510291 -0.00280966325297704 -5.56745519876155 303.726919497994 70615869.3688468
-0.3527 -0.00110226202404299 0.000764018904519367 -5.56328107882821 303.680004620098 70617276.2266492
-0.3528 0.000685455094161587 -0.00217721072767252 -5.56298347045653 303.633089742203 70617191.592908
-0.3529 -0.000722928574218586 0.000700749963428363 -5.56145163800027 303.586174864307 70617378.9472984
-0.353 -0.00174794274618875 -0.000306258451846018 -5.56152048340081 303.539259986411 70617348.4719615
-0.3531 0.000199610225539763 -0.000931317415796143 -5.5593668592831 303.492345108515 70618036.3396201
-0.3532 0.00156546301360287 -0.000154905215522283 -5.55983405243656 303.445430230619 70618266.3863323
-0.3533 -0.00110889431329621 -0.00181599246083732 -5.56156408856226 303.398515352723 70616914.4654051
-0.3534 -0.00185605103854771 0.00150028836743927 -5.55849295937299 303.351600474827 70618069.7051927
-0.3535 5.35194453335276e-05 -0.00147885024010686 -5.5588446820925 303.304685596931 70617250.7907963
-0.3536 -0.000494195803890478 -0.00190135448284438 -5.55618477379406 303.257770719035 70618027.7371834
-0.3537 -0.000462585785467137 0.000243435516889321 -5.55503614326727 303.21085584114 70618634.4281597
-0.3538 0.000970476580468771 -0.00176299837072594 -5.55246898962715 303.163940963244 70619456.7702951
-0.3539 -0.0006616023548547 0.000904794637221606 -5.55187153224598 303.117026085348 70619872.5263713
-0.354 -0.00138069668042192 -0.00163398257104732 -5.55292223335242 303.070111207452 70618732.5968783
-0.3541 1.96885264875724e-06 -0.000564618681928472 -5.55024221453443 303.023196329556 70619504.3910133
-0.3542 -0.000232924362482477 -0.000952583298387275 -5.54977440990143 302.97628145166 70619608.4252937
-0.3543 -0.00161828321177858 -0.00136936366073006 -5.54806261980931 302.929366573764 70619559.9629871
-0.3544 -0.0011167336053229 0.00219021286100977 -5.54609268667997 302.882451695868 70620719.0215494
-0.3545 -0.000181058820704885 -0.00295631498592163 -5.5469860602009 302.835536817972 70619790.748817
-0.3546 -0.000303674472133703 0.000221389687238216 -5.54495037655326 302.788621940076 70620821.3646274
-0.3547 -0.00255096426505911 -0.000879214236026272 -5.54433993516769 302.741707062181 70620294.8835628
-0.3548 0.00216874460820814 4.87051187602977e-05 -5.54222339515409 302.694792184285 70621759.6796267
-0.3549 -0.00248901522814182 -0.00205186319912622 -5.54424556706255 302.647877306389 70619543.7094107
-0.355 0.000422063846498929 -0.000142155854524406 -5.54190724069245 302.600962428493 70621025.3278913
-0.3551 -0.00188862626871764 -0.000713020627595035 -5.54244157952788 302.554047550597 70620619.2895798
-0.3552 0.000513327936779425 -0.000386537336610994 -5.54280299389686 302.507132672701 70621398.396944
-0.3553 -0.00214960789918753 -0.000592774148116026 -5.54384620833341 302.460217794805 70620427.0787737
-0.3554 0.00159476586270099 3.35817554805483e-05 -5.54208121233745 302.413302916909 70621631.2741331
-0.3555 -0.00212795584450469 -0.0015482515666175 -5.54187126696138 302.366388039013 70620421.9733549
-0.3556 0.000589654352992731 -0.000254652535495168 -5.54134621731448 302.319473161118 70621472.2453193
-0.3557 -0.00295831607776487 -0.000648109847778554 -5.54181363075453 302.272558283222 70620581.7188347
-0.3558 0.000568300284758219 -0.000356855188851913 -5.53937543200077 302.225643405326 70622357.6207378
-0.3559 -0.00109455959393671 -0.000644245158064296 -5.54140041735097 302.17872852743 70621061.7384779
-0.356 -0.000593061569468813 -0.000530180221917428 -5.54020556147846 302.131813649534 70621825.0313299
-0.3561 0.000512287859557831 -0.00119574115475332 -5.5420648929266 302.084898771638 70621329.5438703
-0.3562 -0.00237940995488468 0.000866177745457375 -5.54036602886277 302.037983893742 70621158.5074453
-0.3563 0.00318480449586312 -0.0020801722397531 -5.53809292428498 301.991069015846 70622562.428362
-0.3564 -0.00404689275336098 -0.000115155993205784 -5.53928454372216 301.94415413795 70621014.8218157
-0.3565 0.00122724830725697 0.000134631385114176 -5.537369122977 301.897239260055 70622558.8663122
-0.3566 -0.000915179456592445 -0.00131136708866493 -5.5363135239835 301.850324382159 70621982.805842
-0.3567 -0.00125725744963948 0.00094788950878272 -5.53569167225708 301.803409504263 70622191.6046991
-0.3568 -0.00096071270445075 -0.00218384530411159 -5.53611010446467 301.756494626367 70621597.5730296
-0.3569 0.000962473428270485 0.000635551892605374 -5.53680522418385 301.709579748471 70623089.9738635
-0.357 -0.00215092666763601 -0.00160217456886051 -5.53895357685066 301.662664870575 70621721.4904111
-0.3571 0.00107913099628684 0.000138700348541608 -5.5351438926932 301.615749992679 70623292.14053
-0.3572 -0.00182887487590974 -0.000546009623455345 -5.53789700880229 301.568835114783 70621599.9975637
-0.3573 -0.000512941079874333 -0.000417399919244901 -5.5379550929654 301.521920236887 70621968.918418
-0.3574 -0.00116489726151567 -0.000528387243381964 -5.53631649325196 301.475005358992 70622013.7192801
-0.3575 0.000900456435040324 -0.00157211276296907 -5.53488021202732 301.428090481096 70622398.3358107
-0.3576 -2.71915259152405e-05 0.000574121382969892 -5.53374435396803 301.3811756032 70623047.6678644
-0.3577 -0.00180817833222679 -0.00174241644049628 -5.534704479231 301.334260725304 70622281.404513
-0.3578 -0.00154185860738093 7.95765159019308e-05 -5.53256063459224 301.287345847408 70623085.5124185
-0.3579 0.000154872978836889 -0.000655137543681772 -5.53486559283215 301.240430969512 70622537.6714439
-0.358 -0.00134418715966891 0.000495003456287099 -5.53440874568233 301.193516091616 70622962.4614197
-0.3581 0.000948673146710328 -0.00164665270169145 -5.53359117510819 301.14660121372 70622843.5084852
-0.3582 -0.0013597556556079 -0.000545857210853662 -5.53374060852288 301.099686335824 70622604.3174618
-0.3583 0.000827923763422181 0.00121728089423076 -5.53255939563014 301.052771457929 70624080.0598314
-0.3584 -0.00247244481908197 -0.00220820750757271 -5.53533138309463 301.005856580033 70622009.549171
-0.3585 0.001981085879243 -0.00187409840837066 -5.53375142039761 300.958941702137 70623584.3400879
-0.3586 -0.00192170026937497 -0.000759978525485746 -5.53524948558372 300.912026824241 70622492.2404564
-0.3587 -0.00106725593720234 -0.00101005976987409 -5.53629180403297 300.865111946345 70622393.4521463
-0.3588 0.00184990640507763 -0.00206368939364844 -5.53584004643559 300.818197068449 70623105.6587548
-0.3589 -0.0019580660934919 -0.00145478333501824 -5.53795954233472 300.771282190553 70621720.3502379
-0.359 -8.98206286887122e-05 0.00101463655399886 -5.5370614000844 300.724367312657 70623141.138496
-0.3591 -0.00199868339422929 -0.00066897868275939 -5.5357212117801 300.677452434761 70623200.9637788
-0.3592 0.000223855386850317 -0.00134365180256341 -5.53680992933795 300.630537556866 70622888.2482107
-0.3593 -0.00122288858838842 -0.00101041241183953 -5.53781027991214 300.58362267897 70622615.4273799
-0.3594 0.000501273193172905 -0.000463521032721423 -5.53622834310593 300.536707801074 70623390.0617065
-0.3595 -0.00258182279465259 -0.00144708518704882 -5.53785850047151 300.489792923178 70622271.4211958
-0.3596 -9.63813429047231e-05 -0.000248809959130694 -5.53671247272427 300.442878045282 70623011.8739563
-0.3597 -0.000453388501267889 -0.000555097620735992 -5.53932111177171 300.395963167386 70622170.4071647
-0.3598 0.000802055508656855 -0.000577256558367444 -5.53790619261273 300.34904828949 70622810.3570905
-0.3599 -0.00058810016064669 -0.000755249391081242 -5.5374965081247 300.302133411594 70622927.5288583
-0.36 -0.000432154380978231 -0.000274903420286361 -5.53969432331619 300.255218533698 70622270.9550409
-0.3601 -0.00116811164456499 0.000225170403313628 -5.5408190344484 300.208303655803 70621505.4001489
-0.3602 -0.000591933166374707 -0.00149778410935555 -5.53937235440335 300.161388777907 70621935.2341954
-0.3603 0.000196592055121038 0.000398240641500523 -5.54129386372781 300.114473900011 70621692.4559754
-0.3604 -0.000105414439365527 -0.00219043379614331 -5.5418883426699 300.067559022115 70621348.8598196
-0.3605 -0.00128187623127431 0.00183361431216019 -5.54074810859503 300.020644144219 70622321.5289548
-0.3606 -0.00145968387462821 -0.00256999721831291 -5.54362709034555 299.973729266323 70620240.2033117
-0.3607 -0.000308367435596254 -0.000326720207287901 -5.54109601380764 299.926814388427 70622014.1425238
-0.3608 -0.00122307304107179 -0.000214118215083496 -5.54043073619811 299.879899510531 70621962.7244955
-0.3609 0.000107450383055164 -0.00157707867323913 -5.54244702017139 299.832984632635 70621637.3235009
-0.361 -0.000137235016991306 -0.000160428963446983 -5.54351257837125 299.78606975474 70620894.4574861
-0.3611 -0.00177719223399804 -0.000204822160510643 -5.54514444323863 299.739154876844 70620419.9571415
-0.3612 0.00105698967535886 0.000250613390076032 -5.54328873177876 299.692239998948 70621850.4786731
-0.3613 -0.00219453812207887 -0.00181195051207745 -5.54474816893077 299.645325121052 70620658.5531584
-0.3614 0.000545760934639613 0.00141708654852093 -5.54445036601668 299.598410243156 70622071.7522876
-0.3615 -0.00195662597090782 -0.00246498769891568 -5.54823852711813 299.55149536526 70619732.4186431
-0.3616 0.00298071605320082 -0.000736447035636149 -5.54563343537585 299.504580487364 70622101.1149144
-0.3617 -0.00412875232907559 0.00157956528928858 -5.54792060291162 299.457665609468 70620803.9984335
-0.3618 0.000710253341442126 -0.00152060048969279 -5.54857091966176 299.410750731572 70620881.6220982
-0.3619 0.000441426680846755 -0.00352834718915902 -5.55381713990835 299.363835853677 70619073.2694173
-0.362 -0.000558822669186467 0.00108637007509258 -5.55098003085907 299.316920975781 70620358.4037471
-0.3621 -0.00222118571493152 -0.000111642671039751 -5.5560865828084 299.270006097885 70619264.3124152
-0.3622 0.00283780065187628 -0.00128567463225196 -5.5549247529907 299.223091219989 70619998.3464589
-0.3623 -0.00130911984958417 -0.00213117127636505 -5.55814691768855 299.176176342093 70618606.6430686
-0.3624 -0.000965832274217666 0.00164748259169381 -5.5557951269269 299.129261464197 70619427.4134681
-0.3625 -0.0013203299008033 -0.00144693470672401 -5.55772654455207 299.082346586301 70618477.0072571
-0.3626 -0.00061277199134758 -0.00227937322085157 -5.55775766981709 299.035431708405 70618824.0899953
-0.3627 -0.00141299008357389 0.00153896941149304 -5.55695487006544 298.988516830509 70619783.7654601
-0.3628 7.52749828235513e-05 -0.00282443430943053 -5.56046126527321 298.941601952613 70618433.2303647
-0.3629 -0.000805515076658621 -0.000426938426715814 -5.56194182344059 298.894687074718 70619007.1809374
-0.363 -0.000865626952709855 -0.000834951868063585 -5.56036577198243 298.847772196822 70618643.6829034
-0.3631 -0.00156467617768986 -7.98851788637242e-05 -5.56308361256282 298.800857318926 70618392.8144492
-0.3632 -0.00175157704774792 -0.00329495502518907 -5.56410984021804 298.75394244103 70617409.6243359
-0.3633 -4.2209138595507e-05 0.00220030300490261 -5.56208621271191 298.707027563134 70619685.3402618
-0.3634 -0.0013655555750309 -0.00337561258021536 -5.56463593858957 298.660112685238 70617568.3638953
-0.3635 0.000322425055982949 0.00189198336160222 -5.56297159571163 298.613197807342 70619126.3028939
-0.3636 -0.00126512689357217 -0.00224911512103939 -5.56456179762426 298.566282929446 70617855.0406052
-0.3637 0.00193216355667543 -0.000898419562190512 -5.56402996563271 298.51936805155 70619235.8176863
-0.3638 -0.00321817561103465 -0.000648429553949671 -5.56711067774267 298.472453173655 70617487.7179366
-0.3639 0.000397849266033539 -0.00126426633186863 -5.56919278408532 298.425538295759 70617735.8798255
-0.364 -0.00153348556629182 0.000590587468918471 -5.56765629345118 298.378623417863 70618049.4685444
-0.3641 0.00298552432896267 -0.00422884860347142 -5.56768448101473 298.331708539967 70618044.7613399
-0.3642 -0.00210983259917564 0.00116000717577268 -5.56658222176527 298.284793662071 70618550.6293947
-0.3643 -0.000614326837080524 -0.00150761891583154 -5.56860271592248 298.237878784175 70617670.7280083
-0.3644 -0.00154156396220436 -0.00017060868621474 -5.5698955630266 298.190963906279 70617306.2557835
-0.3645 -0.00142538153868171 -0.00068330765025584 -5.56815435918441 298.144049028383 70618097.4494148
-0.3646 0.000568467838349792 -0.00244310537393331 -5.56790434816495 298.097134150487 70618190.5312826
-0.3647 -0.00163981128385459 0.00112733772552249 -5.56853107430675 298.050219272592 70618313.9159546
-0.3648 0.000119738785453431 -0.00353921835639971 -5.57009242029584 298.003304394696 70617497.0168992
-0.3649 0.00114130360556015 0.000785683117539591 -5.56917511764685 297.9563895168 70618813.261324
-0.365 -0.00280346291616745 -0.00236105209654829 -5.57109032080041 297.909474638904 70617336.3225489
-0.3651 -0.000257694992416589 0.000215137104913873 -5.57020454732584 297.862559761008 70618590.4268187
-0.3652 -0.00120548041198385 -0.000104720322439027 -5.57040425343961 297.815644883112 70618434.9509416
-0.3653 0.00117870902416379 -0.00237326415469437 -5.57041542508525 297.768730005216 70618641.1504323
-0.3654 -0.000943064088029208 0.00143853028665671 -5.57091863366919 297.72181512732 70618662.1074585
-0.3655 0.000118518197651049 -0.00375653812573102 -5.57273377378648 297.674900249424 70617654.3266186
-0.3656 -0.00157521930991769 0.0019518648921252 -5.57197009785717 297.627985371529 70618608.0456046
-0.3657 -0.00185889013858523 0.000875158299264939 -5.57439560984082 297.581070493633 70618329.3857809
-0.3658 0.00176511402642372 -0.00235903533616978 -5.57083955645058 297.534155615737 70619083.4156951
-0.3659 0.000180565284509223 -0.00167595575190847 -5.57356677486041 297.487240737841 70618265.7946683
-0.366 -0.00252315975035618 0.00082065480042753 -5.57476803212823 297.440325859945 70617784.0759958
-0.3661 0.00130056797551357 0.000480126004563325 -5.57356797159246 297.393410982049 70618848.7420312
-0.3662 -0.00207294428925656 -0.00163097796828157 -5.57459223308348 297.346496104153 70617490.1157156
-0.3663 -0.0010275159016012 0.00178274124739719 -5.57669514907224 297.299581226257 70618333.6795363
-0.3664 -0.00306799324404939 -0.0022319862235101 -5.58035078861618 297.252666348361 70616011.9392168
-0.3665 0.00225024112946715 0.00118726326579519 -5.57726665531059 297.205751470466 70618568.4367021
-0.3666 -0.00294751766215522 -0.00313692539849686 -5.58198752374888 297.15883659257 70615571.5225074
-0.3667 0.00101008906595886 0.00275482125671747 -5.57951205328796 297.111921714674 70618309.5773606
-0.3668 -0.00322917394218684 -0.00244376446972836 -5.58243794443179 297.065006836778 70615628.2949046
-0.3669 0.00230310475102769 0.000274367577000708 -5.58251300929725 297.018091958882 70617936.9093332
-0.367 -0.00512445642552324 -0.00229810889147908 -5.58672187234983 296.971177080986 70614616.0328901
-0.3671 0.0022012929112048 0.00079042263151562 -5.58220896183895 296.92426220309 70618092.0243613
-0.3672 -0.00341158390518855 -0.00194451204895838 -5.58703371890004 296.877347325194 70615135.5577385
-0.3673 0.00278790151456644 0.00084438858695232 -5.58431697726978 296.830432447298 70617755.9367814
-0.3674 -0.00179004177868577 -0.00115068481126892 -5.58612510395548 296.783517569403 70615892.4865822
-0.3675 -0.000195000500650559 0.00100054498726542 -5.58448147595308 296.736602691507 70616994.626519
-0.3676 -0.000977912801301052 -0.00222308931101944 -5.58712204197914 296.689687813611 70615547.3653293
-0.3677 0.0012150358064396 0.000120519626552081 -5.58293900549691 296.642772935715 70617765.1513916
-0.3678 -0.00290523310363449 -0.000430587170382481 -5.58608131177657 296.595858057819 70615769.1301096
-0.3679 0.000977691436548868 0.000507035310172292 -5.58574147187274 296.548943179923 70616648.0824212
-0.368 -0.000678723665808847 -0.00171916600720757 -5.58650329732561 296.502028302027 70616156.8124569
-0.3681 5.67613794461709e-05 0.000720431091936219 -5.58591734674255 296.455113424131 70616812.7127455
-0.3682 -0.00190530395258341 0.000311870611692529 -5.58621198998198 296.408198546235 70616443.1979086
-0.3683 -0.000760273443061764 -0.00125629376975138 -5.58544271939731 296.36128366834 70616597.9869972
-0.3684 -0.00100674775043798 -0.00143716458664999 -5.58581738944754 296.314368790444 70616558.464969
-0.3685 1.0611817097749e-05 -0.000652610834545751 -5.5882976542825 296.267453912548 70616108.3242534
-0.3686 0.000636624662126904 2.02573895336965e-05 -5.58811578339238 296.220539034652 70616659.10944
-0.3687 -0.0031915266930557 0.000172970598657455 -5.59009491808197 296.173624156756 70615652.0453254
-0.3688 -0.000618033157725112 -0.000908377779596923 -5.59103463793991 296.12670927886 70615885.7306501
-0.3689 -0.000301036856080751 -0.000638240966550979 -5.58992468432509 296.079794400964 70616229.8491249
-0.369 0.000656032830123249 -0.00176495936992111 -5.58930053928897 296.032879523068 70616474.1155422
-0.3691 -0.00159792962800789 -0.000693509001114182 -5.59016162793325 295.985964645172 70616089.9894259
-0.3692 -0.00143078677628093 0.00092745067351979 -5.59100777164771 295.939049767277 70616256.4369985
-0.3693 -0.00048656866471736 -0.00229395894232815 -5.59220574200092 295.892134889381 70615906.4473073
-0.3694 0.0017032742393967 -0.000953911993129799 -5.59497367221292 295.845220011485 70616293.1049419
-0.3695 5.35305057730553e-05 -0.00146970322722527 -5.59446687671186 295.798305133589 70615178.8365896
-0.3696 -0.000200679887537094 0.00159416990206302 -5.59301765227007 295.751390255693 70616332.5031085
-0.3697 -0.00139141813551901 -0.000992985429400031 -5.59557151930415 295.704475377797 70615351.1321524
-0.3698 3.16412854019943e-06 -0.000699384329938056 -5.5956058810398 295.657560499901 70616039.0357933
-0.3699 -0.00176610841124828 5.74868041033781e-05 -5.59696882890746 295.610645622005 70615356.9438779
-0.37 -0.000286756983193038 0.000506667574949908 -5.59768902368738 295.563730744109 70615422.3404902
-0.3701 0.000803801407285907 -0.00279649978172673 -5.59928621504741 295.516815866214 70614658.6549069
-0.3702 -0.00176080287332923 0.00187745427956915 -5.59794598026354 295.469900988318 70615806.5025222
-0.3703 -0.0020110569753237 -0.000960135495679968 -5.59988783384464 295.422986110422 70614597.8832172
-0.3704 0.000714235709806999 -0.00127749170711544 -5.5989573606361 295.376071232526 70615160.756922
-0.3705 -7.3112964714385e-05 -0.00121415371849439 -5.60017254694989 295.32915635463 70615090.1560733
-0.3706 -0.00296673626332674 0.00129747833807613 -5.59818685806136 295.282241476734 70615696.7048161
-0.3707 0.00116575891380676 -0.00138049701070962 -5.59774727055167 295.235326598838 70616338.8477819
-0.3708 -0.000315534966735046 -0.00322894427728202 -5.6021945624865 295.188411720942 70614923.4007863
-0.3709 -0.000938722188296894 0.00112118767596675 -5.6031305886364 295.141496843046 70615388.3754411
-0.371 -0.00101633782442304 -0.000166851094397955 -5.60444088117818 295.09458196515 70614508.5095987
-0.3711 0.000801943857710704 -0.00193975585743929 -5.60397158969766 295.047667087255 70615328.0673331
-0.3712 -0.000693322039487317 -0.000323133689237346 -5.60399572836128 295.000752209359 70615167.1723837
-0.3713 -0.00151454275134678 -0.00104913877053236 -5.60514916151027 294.953837331463 70614843.3223607
-0.3714 -5.88468257926571e-05 -0.00027995986690405 -5.60519779300286 294.906922453567 70615346.9917901
-0.3715 -0.00095848295760776 0.00171212174008171 -5.60575263923664 294.860007575671 70615995.9000291
-0.3716 -0.00279787344772081 -0.00314474975117492 -5.60622898039728 294.813092697775 70613901.8806258
-0.3717 0.00241937718513205 0.00159500281540758 -5.6024440665614 294.766177819879 70617418.469056
-0.3718 -0.00305845383676618 -0.00401733750274486 -5.60671200956363 294.719262941983 70614119.7360348
-0.3719 0.00119098056529224 0.00335410469423716 -5.6020544858746 294.672348064087 70617289.3533025
-0.372 -0.00431316266104869 -0.00372594649595962 -5.60815242671954 294.625433186192 70613221.4837935
-0.3721 0.00175380026907864 0.00202583496305655 -5.6035862525032 294.578518308296 70616703.1438017
-0.3722 -0.00155763974499362 -0.00443612002245178 -5.60583337751609 294.5316034304 70614627.0821525
-0.3723 0.00106268755925029 0.000951036568614762 -5.60285892848152 294.484688552504 70616624.3758515
-0.3724 -0.00060464837873363 -0.00154247099866118 -5.6043589134305 294.437773674608 70615656.0754678
-0.3725 -0.00215386036834622 0.000505300207643709 -5.60210257634588 294.390858796712 70615882.9761641
-0.3726 0.000556041530555783 -0.00141268763914881 -5.60171783887063 294.343943918816 70616168.6581716
-0.3727 0.000220231884156285 -0.00296008555702806 -5.60393905203372 294.29702904092 70615672.5145363
-0.3728 -0.00343919273880728 0.002924878345699 -5.60304786108333 294.250114163024 70616101.5016829
-0.3729 -0.00147973728667302 -0.0016296106281078 -5.60275033683519 294.203199285129 70615351.4288293
-0.373 0.000892029658738955 -0.00294719860115683 -5.60229315848908 294.156284407233 70615523.3662746
-0.3731 -0.00155330185350593 0.00289334867065736 -5.60139612081621 294.109369529337 70616957.8314176
-0.3732 -0.00212959891730048 -0.00263537096455794 -5.60404445983616 294.062454651441 70615218.6810679
-0.3733 0.000662404876744996 0.0012295147246933 -5.60268750534526 294.015539773545 70616735.0390777
-0.3734 -0.00264241873903722 -0.00314235762975511 -5.60557529611882 293.968624895649 70614472.1101315
-0.3735 0.000402535965610012 0.00127616717221005 -5.60537559617881 293.921710017753 70615919.5228077
-0.3736 0.00122852338915733 -0.00500370307104467 -5.60878966077358 293.874795139857 70614710.8292305
-0.3737 -0.00223956193242672 0.00407766563088127 -5.60689292319995 293.827880261961 70615980.64147
-0.3738 -0.000125377649742794 -0.00389477150317845 -5.61016769765404 293.780965384066 70614007.462093
-0.3739 0.00119955720984472 0.000735869422545006 -5.60954958835626 293.73405050617 70615325.8358198
-0.374 -0.0032470109660756 -0.000202841353627803 -5.61193394126335 293.687135628274 70614916.0122324
-0.3741 0.00197394303966099 -0.000923281798419197 -5.61245567267738 293.640220750378 70615132.0752235
-0.3742 5.04788597839027e-05 -0.000683708529264985 -5.61367945015812 293.593305872482 70614707.0573587
-0.3743 -0.00317235621799758 -0.000692685445564595 -5.61588170749512 293.546390994586 70613887.4591153
-0.3744 0.0010701126462646 0.000239535215229225 -5.61436164664804 293.49947611669 70615027.0676043
-0.3745 -0.00220311153797328 -0.0014940661091883 -5.61670572429971 293.452561238794 70613675.680747
-0.3746 0.00375209845046278 -0.00194441246543516 -5.61758291094579 293.405646360898 70615098.0339772
-0.3747 -0.00405810649761446 0.000473153327989909 -5.6214038787802 293.358731483003 70612669.6986372
-0.3748 0.00147457826651032 0.00139713580882966 -5.61788730114905 293.311816605107 70615223.7647106
-0.3749 -0.0028445249371991 -0.00368062369311579 -5.62277894291587 293.264901727211 70611931.4248304
-0.375 0.00299458020321019 0.000694377530263648 -5.62103163136578 293.217986849315 70615044.9250957
-0.3751 -0.002058977826248 -0.00424083078623909 -5.62445974105667 293.171071971419 70612357.4194115
-0.3752 0.00127340913231652 0.00191730062838228 -5.62043201939942 293.124157093523 70615393.822381
-0.3753 -0.00150189766501189 -0.00109896168449336 -5.62316716086714 293.077242215627 70613486.83834
-0.3754 0.000443847262302503 -0.00265815228088233 -5.62312764246915 293.030327337731 70613516.9431393
-0.3755 0.000640129760322565 -0.000333739861315692 -5.62553955353434 292.983412459835 70613860.4392211
-0.3756 -0.00327770912255031 0.00185638977771437 -5.62298061387141 292.93649758194 70613816.1943547
-0.3757 0.000972424659117738 -0.000710485878175232 -5.62290012452588 292.889582704044 70613867.4976581
-0.3758 -0.00172178302081642 -0.00077919798724687 -5.62557116579698 292.842667826148 70613067.5785057
-0.3759 -0.000780072090759361 0.00120367277038045 -5.62475472190466 292.795752948252 70614167.4628247
-0.376 0.00135474921792549 -0.00301874358221193 -5.62469361829284 292.748838070356 70613986.2151486
-0.3761 -0.000955724722873217 0.000473480115624747 -5.62383085328469 292.70192319246 70614494.1342309
-0.3762 -0.000216908462502729 -0.0017106022436553 -5.62630355695079 292.655008314564 70613479.2189016
-0.3763 -0.00106429777208074 -0.00113948159184885 -5.62443073753752 292.608093436668 70614282.8212626
-0.3764 -0.000319176486180609 -0.000930539279143276 -5.62424563381674 292.561178558772 70614174.7032991
-0.3765 -0.00208347461638838 0.000849863454249191 -5.62503328923822 292.514263680877 70614560.4864782
-0.3766 0.00045859561671912 -0.0017467849044786 -5.62573838485803 292.467348802981 70614343.2636536
-0.3767 -0.000839716454980962 0.000485615921424603 -5.6270069696179 292.420433925085 70615012.851774
-0.3768 -0.00208982638733002 -0.00222462738963178 -5.62979562223321 292.373519047189 70612986.9409475
-0.3769 0.00190019510413638 0.00157438972415207 -5.62532889330853 292.326604169293 70615544.6436296
-0.377 -0.00380605568206623 -0.00281368488089839 -5.62834363749958 292.279689291397 70613330.9759052
-0.3771 -0.000487024708702644 0.00258119673462987 -5.62683348293752 292.232774413501 70615352.8613549
-0.3772 -0.000766009185218625 -0.0034404359521085 -5.62771606293169 292.185859535605 70613538.1651219
-0.3773 0.000652836957604442 2.27852094157048e-05 -5.62845560121049 292.138944657709 70615194.3397166
-0.3774 -0.00282311209705697 -0.0021523053751598 -5.62801792770213 292.092029779814 70614078.0656322
-0.3775 1.35208374162793e-05 0.000821742503923239 -5.62901536948806 292.045114901918 70615088.8170846
-0.3776 -0.00132826277355994 2.07917976973142e-05 -5.63081388765248 291.998200024022 70614081.7612187
-0.3777 0.000612945402506857 -0.00152951736337952 -5.62889166300259 291.951285146126 70614677.4925057
-0.3778 -0.00131114375971424 0.000975578269965259 -5.62881079510256 291.90437026823 70614372.2439492
-0.3779 -0.000874359549151338 -0.000693182752518589 -5.62980378023453 291.857455390334 70614241.3487254
-0.378 0.000484584231791619 -0.00129566337105828 -5.62846994816451 291.810540512438 70615178.2442837
-0.3781 -0.00253042097020857 0.000459380716814403 -5.62881417005637 291.763625634542 70615158.1150869
-0.3782 0.000625967846914634 -0.000434236962770868 -5.62891127111715 291.716710756646 70615089.7404397
-0.3783 0.000136618511458611 -0.00190799815500366 -5.62962378051967 291.669795878751 70614648.2868251
-0.3784 -0.00176254416247548 0.000274416400268828 -5.62826597300282 291.622881000855 70615023.88097
-0.3785 -0.000367938023373706 -0.000852439894008133 -5.62979652496319 291.575966122959 70614875.4995534
-0.3786 0.000118178193760256 0.000151567970708377 -5.62704145230585 291.529051245063 70616277.428898
-0.3787 -0.00191078277806915 -0.00274914266334063 -5.63163085662273 291.482136367167 70614218.6623439
-0.3788 0.00100460068874792 0.000856432197510994 -5.62796051689946 291.435221489271 70616286.4653366
-0.3789 -0.00147613049411587 -0.00483437998725302 -5.63238029732933 291.388306611375 70613877.9638909
-0.379 -0.00108242932424879 0.00314178277714592 -5.62952795561247 291.341391733479 70616255.851667
-0.3791 -0.00334130420789827 -0.00153782092231736 -5.63238593168751 291.294476855583 70614097.2538986
-0.3792 0.0014448478410288 -0.000106300917380106 -5.62783061749739 291.247561977687 70616877.123495
-0.3793 -0.000867597708921557 -0.00251642971519028 -5.62922914718797 291.200647099792 70615127.9959319
-0.3794 -0.00139600741607225 0.00276826587130272 -5.62829605324263 291.153732221896 70616507.2945414
-0.3795 -0.00133235691900008 -0.00290683451209837 -5.63230989412221 291.106817344 70614199.8590992
-0.3796 0.00151766305840925 -0.00305016964508269 -5.62878993261665 291.059902466104 70616207.8852015
-0.3797 -0.00361401049693914 0.00271856878867313 -5.62878480088651 291.012987588208 70616001.1264465
-0.3798 -0.00071279770573831 -0.00102229171154449 -5.62828722740666 290.966072710312 70616182.9935771
-0.3799 -0.000897847658652587 -0.00351964693719886 -5.62976302513999 290.919157832416 70615675.6937931
-0.38 -0.000584336615057695 0.00192032933794077 -5.6282070442159 290.87224295452 70616995.1430935
-0.3801 -0.00219005860355875 -0.00309120592472448 -5.63081973156793 290.825328076624 70615141.0482595
-0.3802 0.0003819466930375 0.00169803838077209 -5.62840547039924 290.778413198729 70617636.7605723
-0.3803 -0.000105093223373216 -0.00331914250298835 -5.62933313191295 290.731498320833 70616166.0688668
-0.3804 2.00120290976855e-05 0.000961064274138903 -5.62840964782324 290.684583442937 70617447.470951
-0.3805 -0.00129994140076944 -0.00107811694066373 -5.63103639878022 290.637668565041 70616310.5971663
-0.3806 -0.000951835520694488 -0.000177515190343863 -5.63046133756905 290.590753687145 70616742.0455531
-0.3807 -0.000740984096979695 -0.000947469600509431 -5.63297288980027 290.543838809249 70615928.493797
-0.3808 -0.00182676894310325 0.00163538301054113 -5.63323894411124 290.496923931353 70616162.3066967
-0.3809 -0.00084570557946184 -0.00142695539785813 -5.63350798401416 290.450009053457 70616260.9702346
-0.381 0.000695287304279018 -0.00169471148421577 -5.63406390774571 290.403094175561 70616277.8300696
-0.3811 -0.00212848209505693 0.000435345975059479 -5.63280534762681 290.356179297666 70616402.5386133
-0.3812 0.000988260938298107 -0.00190121343081861 -5.63525598892691 290.30926441977 70615957.2156539
-0.3813 -0.00302915628223053 -9.1998122847292e-05 -5.63569219238735 290.262349541874 70615688.0403477
-0.3814 0.000867914007714602 0.000464196632456637 -5.63450408434071 290.215434663978 70617127.0611872
-0.3815 -0.00282578030730758 -0.00212102075523271 -5.63625687357679 290.168519786082 70615238.7019701
-0.3816 0.000960033213711535 0.00128306402771044 -5.63478663549136 290.121604908186 70617324.9584549
-0.3817 -0.00215691176465198 -0.0014792400123114 -5.636115405156 290.07469003029 70615512.7849447
-0.3818 0.000848004184613516 -0.000451112441910829 -5.63415427721545 290.027775152394 70617223.6708255
-0.3819 -0.00360616475766157 -0.000178313526005172 -5.63455069231872 289.980860274498 70616113.9379845
-0.382 0.00103106447780046 -0.000984499072385957 -5.63494063820278 289.933945396603 70617062.1136595
-0.3821 -0.00368868390960608 -7.79048422891649e-05 -5.63716645927979 289.887030518707 70615471.9223395
-0.3822 0.00104598369135649 -0.000334869225407266 -5.63595466093511 289.840115640811 70616674.5758274
-0.3823 -0.00272636059818091 -0.00259846475409945 -5.6398528968796 289.793200762915 70615024.1199199
-0.3824 0.000119952016225601 0.00129914197969818 -5.6370445814911 289.746285885019 70617264.5160877
-0.3825 -0.0020130273004929 -0.00301629022769719 -5.64023008655563 289.699371007123 70615163.3185084
-0.3826 0.000351470241586489 0.000155580603906707 -5.63687692124818 289.652456129227 70617031.5971035
-0.3827 -0.00186610998352324 -0.00137621701132486 -5.64061698050258 289.605541251331 70615971.5033312
-0.3828 -0.00093577465259688 -0.00107425094611313 -5.64173675097151 289.558626373435 70615939.3706195
-0.3829 0.000551272810876031 7.34048537902855e-05 -5.64131119630074 289.51171149554 70616391.8031067
-0.383 -0.0003150874811027 -0.00267643110667611 -5.64233874796506 289.464796617644 70615683.5559126
-0.3831 -0.00222468595555703 0.000963202639657788 -5.64162964333875 289.417881739748 70616352.14873
-0.3832 -0.00286302989721023 -0.000134934960966386 -5.6453742143573 289.370966861852 70615233.687105
-0.3833 0.00193014017993227 -0.00093836776929742 -5.64394886186559 289.324051983956 70616502.8844147
-0.3834 -0.00109062725620657 -0.00245001889010689 -5.64432622316626 289.27713710606 70615943.4103553
-0.3835 -0.000849021665739701 0.00246731593297427 -5.64527284761653 289.230222228164 70616680.1642607
-0.3836 -0.000998144150173501 -0.0036290494370168 -5.64798379033474 289.183307350268 70614928.4124358
-0.3837 1.14353781401662e-05 -0.000704845639920308 -5.64671731794075 289.136392472372 70616226.3700515
-0.3838 -0.0012652997427504 -0.000747531593429521 -5.64852822129403 289.089477594477 70615093.4245526
-0.3839 0.00110518814262085 -3.83902243542156e-05 -5.64686489342987 289.042562716581 70616078.8096944
-0.384 -0.0010045896511126 -0.00244701104854751 -5.64906897208975 288.995647838685 70615344.2410273
-0.3841 0.000314267433107382 -0.000600562711327235 -5.65007248682678 288.948732960789 70616026.5473968
-0.3842 -0.00294440691916955 -0.00193268282634587 -5.65007610695735 288.901818082893 70614629.3801513
-0.3843 -0.000560531406222389 0.00156433130999023 -5.64750234862327 288.854903204997 70616875.8238057
-0.3844 -0.000835414512537993 -0.00253059760525036 -5.64864670060198 288.807988327101 70615984.0663169
-0.3845 0.000181848225029622 -0.000838280405049184 -5.64889526621768 288.761073449205 70616779.0625889
-0.3846 -0.00202495904845193 -0.00138954514523716 -5.65175081385919 288.714158571309 70615044.4213627
-0.3847 0.00128574839383724 0.00163118006970914 -5.64822665453708 288.667243693414 70617382.6373522
-0.3848 -0.00135355497060629 -0.00188952941442904 -5.64775623118437 288.620328815518 70616227.3248019
-0.3849 0.00132343149331975 0.00139249768289674 -5.64734982384707 288.573413937622 70618069.1522324
-0.385 -0.000747716511482834 -0.00250821076917444 -5.64947620664955 288.526499059726 70616202.5210522
-0.3851 -0.00187429999833257 0.0020565613577135 -5.64793165534758 288.47958418183 70617370.2537697
-0.3852 -0.00154641710670853 -0.00160553006443288 -5.64886753638781 288.432669303934 70616338.6154825
-0.3853 0.0017400735873764 -0.00159840915037377 -5.64685456503215 288.385754426038 70617543.515166
-0.3854 -0.000423051570673942 -0.00095970300333464 -5.64995623765148 288.338839548142 70616472.2631088
-0.3855 -0.000737024622445691 -0.000125613152906903 -5.64671958257726 288.291924670246 70617644.905584
-0.3856 -0.000294792780123607 -0.000348152479515534 -5.64805043556203 288.245009792351 70617720.7131853
-0.3857 -0.000829939328327749 -0.00216643249066384 -5.64742987491049 288.198094914455 70617195.9709536
-0.3858 0.0010112837787468 -0.000986808816173689 -5.64592928176333 288.151180036559 70618288.4481946
-0.3859 -0.00118024997795843 -0.000574199560958564 -5.64561834058462 288.104265158663 70618146.9419921
-0.386 -0.000670665209981939 0.000196963902817394 -5.64763036944631 288.057350280767 70617730.6313301
-0.3861 -0.000544600959864361 -0.000526091005557206 -5.647441400855 288.010435402871 70617775.8997412
-0.3862 0.00117390738549508 -0.0032395610156525 -5.64528886075933 287.963520524975 70617896.1974417
-0.3863 -0.00245168399575658 0.000828470742814197 -5.64708641306297 287.916605647079 70617609.7906939
-0.3864 -0.00109568976314613 0.000411999949522275 -5.64905026225048 287.869690769183 70617249.8165559
-0.3865 0.00218332395108289 -0.00219050054672431 -5.64990890449256 287.822775891287 70617400.9147523
-0.3866 -0.00223844012200741 -0.00228685700497663 -5.64924231374755 287.775861013392 70616805.2253404
-0.3867 -0.000136253078023465 -0.00108126068468186 -5.64868469268319 287.728946135496 70617898.4852279
-0.3868 -0.00192137729614272 -0.00201774351386605 -5.65136052592965 287.6820312576 70616975.4689849
-0.3869 -0.00125158593347034 -0.000561201377449949 -5.65191848124699 287.635116379704 70617427.0927417
-0.387 -0.000269013715559273 5.04794107454079e-05 -5.65144168162553 287.588201501808 70617955.4490129
-0.3871 -0.00109911437896744 0.000711428029160552 -5.64993008151639 287.541286623912 70617984.5333331
-0.3872 -0.000407227302400627 -0.00231258687013547 -5.65041705893024 287.494371746016 70617510.0781269
-0.3873 0.000911573776469219 -0.000786514343394835 -5.65095845641051 287.44745686812 70618140.443594
-0.3874 -0.00433547576035746 0.000419466781912548 -5.65396822070828 287.400541990224 70616880.612344
-0.3875 0.00109241602338971 -0.00135665156823585 -5.65540412676261 287.353627112329 70617335.8888628
-0.3876 0.000658817772631347 -0.00160873853229105 -5.65549440617413 287.306712234433 70617147.9850467
-0.3877 -0.00330531304229719 0.000619505598177523 -5.6578006872666 287.259797356537 70616734.8315121
-0.3878 0.000879188269042046 -0.00198121143213189 -5.65451026990071 287.212882478641 70617810.0376126
-0.3879 -0.00130742708567806 -5.23454344122996e-05 -5.65482792780896 287.165967600745 70617583.7765451
-0.388 5.70950859132007e-05 -0.00142245010271134 -5.6548206521014 287.119052722849 70617874.7067245
-0.3881 -0.000638185334422516 0.000307837600181732 -5.6534641315513 287.072137844953 70618265.693056
-0.3882 -0.0011654595993018 5.15383536201253e-05 -5.65327213506032 287.025222967057 70618111.2575928
-0.3883 0.000150051775540359 -0.000279539904204093 -5.6557271417491 286.978308089161 70618150.9377534
-0.3884 -0.000488559955005156 -0.00291162339535224 -5.6574488955737 286.931393211266 70616887.9353748
-0.3885 0.000610088650445193 0.00135498485270821 -5.65612724235599 286.88447833337 70618062.7260588
-0.3886 -0.00245508017497312 -0.00203257397790732 -5.65762113417908 286.837563455474 70616287.706808
-0.3887 0.000226215257184277 0.000728482354932976 -5.6560474917375 286.790648577578 70617777.3065689
-0.3888 -0.000706305452585625 -0.00244760037116334 -5.65787072882486 286.743733699682 70617077.5386922
-0.3889 -8.41316684761753e-05 0.000570461447000575 -5.65527479557951 286.696818821786 70618240.076613
-0.389 -0.00107001419834411 -0.000365330887483728 -5.65583497141806 286.64990394389 70617801.2288882
-0.3891 3.33378701901539e-05 0.0013431239115983 -5.65347252840905 286.602989065994 70618833.872334
-0.3892 -0.00357495420708633 -0.000768140694295712 -5.65648363217102 286.556074188098 70617402.606063
-0.3893 0.00355336143830217 -0.00373124740803632 -5.65496649827548 286.509159310203 70618334.3087882
-0.3894 -0.0021538344287179 0.000107920914248184 -5.65558479063307 286.462244432307 70617831.8627283
-0.3895 -0.00195973878448829 8.50810138825383e-05 -5.65534246749367 286.415329554411 70617993.1994736
-0.3896 0.000206506590185371 -0.00210823479924255 -5.65562765702266 286.368414676515 70618225.907006
-0.3897 0.000499979157536137 -5.82977429052957e-05 -5.65445515330785 286.321499798619 70618728.1805384
-0.3898 -0.0012456254804587 -0.00118454712591437 -5.65553844509755 286.274584920723 70618124.1354203
-0.3899 -0.00211643897851223 -8.04276350068779e-05 -5.65633391220217 286.227670042827 70618102.2812954
-0.39 -0.000340398618804793 -0.000799743061165537 -5.65688134058316 286.180755164931 70618205.7415002
-0.3901 -0.00144560796758765 -1.99328359431917e-05 -5.6563327456965 286.133840287035 70618308.6053848
-0.3902 -0.00033324597561913 -0.00213654608389692 -5.65541741990057 286.08692540914 70618722.2759269
-0.3903 -0.00150455129606509 0.000559854019727326 -5.6552677621481 286.040010531244 70618925.2058157
-0.3904 -0.00219539842722141 -0.000401878318072683 -5.65338976741578 285.993095653348 70619135.5971545
-0.3905 0.00298468007936859 -0.00149842963802187 -5.65391518358983 285.946180775452 70619298.47278
-0.3906 -0.00205721655497718 -0.00138969032030355 -5.65532664609055 285.899265897556 70618976.9366159
-0.3907 -0.00294933938198722 0.000299027048433045 -5.65536785271984 285.85235101966 70619092.3580747
-0.3908 0.000455683923069931 -0.0025334591997488 -5.65454616801919 285.805436141764 70619248.9648709
-0.3909 -0.00252530300341112 -0.000657870907144877 -5.65384200766509 285.758521263868 70619214.6142886
-0.391 -0.000646226030921448 0.000189532236986927 -5.65339524630317 285.711606385972 70620310.4865947
-0.3911 -0.00103585186952686 -0.0022097835584279 -5.65316450813643 285.664691508077 70619119.5588683
-0.3912 0.000447812325274526 0.000247545504477647 -5.65089710224785 285.617776630181 70620683.1260266
-0.3913 -0.0019473733922251 -0.00195867335129153 -5.65275049478187 285.570861752285 70619279.8310003
-0.3914 0.00147372396194852 -0.000531707090216247 -5.64924241341444 285.523946874389 70621336.3053411
-0.3915 -0.00306989393138836 -0.00176678335445423 -5.65067336029664 285.477031996493 70619965.3524553
-0.3916 -0.000441775603454438 0.00183903108420135 -5.6486476410966 285.430117118597 70621163.4063579
-0.3917 -0.00065367441439808 -0.00302901425575265 -5.64816984666749 285.383202240701 70620375.8845583
-0.3918 -0.00236292545490159 0.00118127911386802 -5.64804137047202 285.336287362805 70620676.1789797
-0.3919 0.00128144167511935 -0.00277833290387812 -5.64867615377401 285.289372484909 70620648.6321429
-0.392 -0.0019798387608379 0.000650193545297408 -5.6462863092425 285.242457607014 70621513.1339074
-0.3921 -0.00255220812247157 -0.00133880711493983 -5.64824301730541 285.195542729118 70620047.3905007
-0.3922 0.000511041621422422 0.000402707187418948 -5.64623367941188 285.148627851222 70621896.6156714
-0.3923 -0.000486728431918312 -0.00126463537934452 -5.64856051998907 285.101712973326 70620748.6244694
-0.3924 -0.00130318764514435 0.000176609636126434 -5.64917370274768 285.05479809543 70620692.2804897
-0.3925 0.000578300514098403 -0.00275700251564277 -5.64821797898696 285.007883217534 70621121.9304034
-0.3926 -0.00136027947209326 -0.00100043609479439 -5.64702522885612 284.960968339638 70621060.12281
-0.3927 0.000977942268537053 0.000495416103524074 -5.6479063233134 284.914053461742 70621702.184909
-0.3928 -0.00323499666783794 -0.00140994963003145 -5.64952757476034 284.867138583846 70619834.9159418
-0.3929 0.00112769843334317 0.000205628994023432 -5.64750836636164 284.820223705951 70622055.1584342
-0.393 -0.00128745475253536 -0.00194116601108586 -5.65024890645957 284.773308828055 70620626.9882058
-0.3931 0.000928274091291441 0.000521222570304378 -5.64965854231798 284.726393950159 70621712.1912139
-0.3932 -0.00392726298138656 -0.00097958274040229 -5.65093732503171 284.679479072263 70619717.3083155
-0.3933 0.00233986997278756 -0.000534900108536972 -5.6493443829746 284.632564194367 70621831.2662306
-0.3934 -0.00313478479019379 -0.00263427424758917 -5.65127138286489 284.585649316471 70619687.3976687
-0.3935 0.000352365249601477 0.00197650106393078 -5.6480034529089 284.538734438575 70622605.2343496
-0.3936 -0.00213506899004255 -0.00346606467994554 -5.6509191181656 284.491819560679 70620164.4232922
-0.3937 -0.000385556681850564 0.00300497800123028 -5.64768885057702 284.444904682783 70622662.9488452
-0.3938 -0.000322916518155921 -0.00619430298828769 -5.6489345737748 284.397989804887 70620688.7519186
-0.3939 -0.000567583699245168 0.00233315920500989 -5.64829817330453 284.351074926992 70622505.8000987
-0.394 -0.00211408334394564 -0.00205043169884724 -5.6496283430322 284.304160049096 70621294.6347843
-0.3941 0.000101725386630877 0.000969125306193692 -5.64817754656036 284.2572451712 70622973.0382074
-0.3942 -0.00146820129722106 -0.00279851191542035 -5.64913227754888 284.210330293304 70621460.1192574
-0.3943 -0.000511631429343716 8.29648902197702e-07 -5.64673779626818 284.163415415408 70622833.6639414
-0.3944 -0.00305706467037855 0.00140246771733897 -5.64583152089106 284.116500537512 70622737.3135221
-0.3945 -0.000831749183527807 -0.00275279590023121 -5.6452944553356 284.069585659616 70622721.6387677
-0.3946 0.00268473717131236 -0.00106282042135446 -5.64175413581291 284.02267078172 70624527.1252005
-0.3947 -0.00244824433624022 -0.000251666729555078 -5.6437221997341 283.975755903824 70623440.7593021
-0.3948 -0.00189118282281646 6.34098178978312e-05 -5.64019032406488 283.928841025929 70624265.3576176
-0.3949 0.000530069117593077 -0.000844980315777713 -5.63748386413656 283.881926148033 70625181.1163427
-0.395 -0.00151080590876181 -0.00221651160408656 -5.63535416026603 283.835011270137 70624666.8669841
-0.3951 -0.00161430595497361 0.00263801133655575 -5.63219963709994 283.788096392241 70626574.0877719
-0.3952 -0.000895577166594404 -0.00179746267665046 -5.63386977376952 283.741181514345 70625040.2573497
-0.3953 -0.00118841844177084 -0.00195288364045555 -5.63454478073984 283.694266636449 70625119.8047231
-0.3954 -0.00130151737283808 0.00128322272493536 -5.63024539298324 283.647351758553 70626389.062949
-0.3955 -0.00224456078150427 -0.000992984599638434 -5.62976260410231 283.600436880657 70625563.0426373
-0.3956 0.00318960530909715 -0.00192372687466835 -5.62618260884603 283.553522002761 70627052.0029296
-0.3957 -0.00295665011338015 -0.000218809602596452 -5.62651669364207 283.506607124866 70626327.5746655
-0.3958 -0.0011562309429237 0.00102431271307166 -5.62584992820211 283.45969224697 70627162.2033409
-0.3959 -0.000810732922650293 -0.00388638736349562 -5.6233550802718 283.412777369074 70626559.5245475
-0.396 0.00020496454122261 0.00130232367914206 -5.62140526934127 283.365862491178 70628388.5774852
-0.3961 -0.000774733772169823 -0.00283978459211651 -5.62463890909773 283.318947613282 70626488.9702605
-0.3962 -0.000370874662501812 0.00176643695478863 -5.62035131475008 283.272032735386 70628819.9473121
-0.3963 -0.00180217352520614 -0.00201592472554006 -5.62356533447912 283.22511785749 70626764.4466538
-0.3964 0.000564432050455912 0.0008845298810587 -5.61866405303315 283.178202979594 70629381.2009252
-0.3965 -0.00134668181068175 -0.000711486365357008 -5.62132716128667 283.131288101698 70628039.2214183
-0.3966 0.00166534808492042 -0.0017335067904886 -5.61905804748741 283.084373223803 70628397.4390776
-0.3967 -0.00172053268692496 9.97818660262921e-05 -5.61927694896452 283.037458345907 70628052.6958938
-0.3968 0.000632365889368802 -0.00109385511010673 -5.61463718336144 282.990543468011 70629209.5697782
-0.3969 -0.00145313046316616 -0.00176864978242487 -5.61601335914968 282.943628590115 70628350.2982733
-0.397 0.000663450419237352 0.00113903250123047 -5.61525814743314 282.896713712219 70629827.8228926
-0.3971 -0.00440726527905274 -0.00234778603383427 -5.61680333884374 282.849798834323 70627558.5961009
-0.3972 0.00239000357445946 0.00136860373496707 -5.61395761929811 282.802883956427 70630546.7998448
-0.3973 -0.00230817063726681 -0.00343548728579955 -5.61666894220515 282.755969078531 70628275.0284119
-0.3974 0.00251246369253335 0.000579658452730512 -5.61430408747696 282.709054200635 70630451.3446659
-0.3975 -0.00363216653387036 -0.00128220096681165 -5.61765128881554 282.66213932274 70628265.413538
-0.3976 0.00029374259417462 0.00211290139096473 -5.61341915190392 282.615224444844 70630325.0555183
-0.3977 -0.00296913036444126 -0.00198495051733314 -5.61767178168378 282.568309566948 70627945.7540217
-0.3978 0.00122365493286451 -0.00111989451948138 -5.61327803340762 282.521394689052 70630250.3225201
-0.3979 -0.00271030693441972 -0.00023554401560555 -5.61606580468311 282.474479811156 70628838.6331912
-0.398 0.000990091383478795 -0.00145050441823608 -5.61660309872532 282.42756493326 70629608.9548596
-0.3981 -0.00144008536432039 -0.00129091851164929 -5.61682774082978 282.380650055364 70628865.0386012
-0.3982 0.000264011579751159 0.000121967322852045 -5.61553373453672 282.333735177468 70630206.3818546
-0.3983 -0.00202741735135406 -0.000405870624676873 -5.61486987650425 282.286820299572 70629725.8279816
-0.3984 0.00041190030319087 -0.00116410305232881 -5.61418140992158 282.239905421677 70629975.2690642
-0.3985 -0.000774740750476575 -0.00151907677903685 -5.61399847077882 282.192990543781 70629675.4263814
-0.3986 -0.000934248451346943 0.00219692509422288 -5.61113819286656 282.146075665885 70630932.5465687
-0.3987 -0.00107998953123588 -0.00306985291889581 -5.61377930134132 282.099160787989 70629271.19439
-0.3988 -1.21668783685959e-05 0.00155593813657115 -5.61076028730167 282.052245910093 70631420.3766402
-0.3989 -0.00221232943598577 -0.00100286191447257 -5.61306619505942 282.005331032197 70629624.9090603
-0.399 -0.000782296278292424 -0.000562420194472657 -5.61149603649836 281.958416154301 70630405.8708766
-0.3991 -0.00108989659343309 -0.000573711152939792 -5.612490156089 281.911501276405 70629778.3060066
-0.3992 0.000203969952008606 -0.00156371226106896 -5.61216501594923 281.864586398509 70630307.2761083
-0.3993 -0.00228849959235847 0.00132029791834432 -5.60703138307259 281.817671520614 70631772.6498372
-0.3994 -0.000809485604636282 -0.00232609472340573 -5.60706043204246 281.770756642718 70630984.6086735
-0.3995 0.000231787628021672 -0.000321231953409592 -5.60732426611631 281.723841764822 70631994.1651177
-0.3996 -0.00185185208502881 -0.000977677803028454 -5.60868100945401 281.676926886926 70630926.5709816
-0.3997 -0.00171402133531482 0.00224094133631908 -5.60985816604753 281.63001200903 70631352.7843846
-0.3998 0.00130171482779946 -0.0051193308231311 -5.61089587904895 281.583097131134 70630881.980299
-0.3999 -0.000272816369040474 0.00125813986979622 -5.61024250134795 281.536182253238 70631629.7223034
-0.4 -0.00172337085267418 -0.000233742349721918 -5.61095712825015 281.489267375342 70631186.8138817
